latitude,longitude,bright_ti4,scan,track,acq_date,acq_time,satellite,instrument,confidence,version,bright_ti5,frp,daynight,type
30.00033,75.58577,347.45,0.6,0.7,2020-11-05,705,N,VIIRS,n,2,300.47,10.12,D,0
30.00318,75.44722,338.13,0.61,0.71,2020-11-05,705,N,VIIRS,n,2,299.67,5.07,D,0
30.00341,76.08834,347.7,0.56,0.69,2020-11-05,705,N,VIIRS,n,2,300.85,9.99,D,0
30.00345,75.77622,330.49,0.58,0.7,2020-11-05,705,N,VIIRS,l,2,300.83,5.23,D,0
30.00419,75.90521,338.91,0.57,0.69,2020-11-05,705,N,VIIRS,n,2,302.58,10.18,D,0
30.0047,75.73,341.62,0.58,0.7,2020-11-05,705,N,VIIRS,n,2,302.59,8.25,D,0
30.00519,75.10233,330.82,0.63,0.72,2020-11-05,705,N,VIIRS,n,2,299.69,7.14,D,0
30.00578,75.91107,345.78,0.57,0.69,2020-11-05,705,N,VIIRS,n,2,301.54,10.18,D,0
30.00631,76.08778,351.96,0.56,0.69,2020-11-05,705,N,VIIRS,n,2,301.32,7.09,D,0
30.00667,76.02441,337.81,0.56,0.69,2020-11-05,705,N,VIIRS,n,2,301.38,6.66,D,0
30.01058,75.12175,332.72,0.63,0.72,2020-11-05,705,N,VIIRS,n,2,300.15,5.14,D,0
30.01097,76.36782,367,0.54,0.68,2020-11-05,705,N,VIIRS,h,2,305.81,11.87,D,0
30.01124,75.27641,350.22,0.62,0.71,2020-11-05,705,N,VIIRS,n,2,300.68,5.36,D,0
30.01142,75.35254,343.06,0.61,0.71,2020-11-05,705,N,VIIRS,n,2,301.64,6.7,D,0
30.01164,75.10002,335.38,0.63,0.72,2020-11-05,705,N,VIIRS,n,2,297.82,7.14,D,0
30.01279,75.35468,343.76,0.61,0.71,2020-11-05,705,N,VIIRS,n,2,301.63,6.82,D,0
30.01299,75.27825,337.44,0.62,0.71,2020-11-05,705,N,VIIRS,n,2,299.11,7.19,D,0
30.01522,75.24012,336.21,0.62,0.71,2020-11-05,705,N,VIIRS,n,2,299.53,5.68,D,0
30.01589,75.26783,337.52,0.62,0.71,2020-11-05,705,N,VIIRS,n,2,300.14,5.36,D,0
30.01688,75.97724,331.8,0.56,0.69,2020-11-05,705,N,VIIRS,n,2,300.92,5.96,D,0
30.01699,75.24648,338.4,0.62,0.71,2020-11-05,705,N,VIIRS,n,2,300.84,5.68,D,0
30.01701,76.02773,330.22,0.56,0.69,2020-11-05,705,N,VIIRS,n,2,300.67,4.54,D,0
30.01715,75.24187,352.56,0.62,0.71,2020-11-05,705,N,VIIRS,n,2,300.71,8.57,D,0
30.01768,75.26965,332.78,0.62,0.71,2020-11-05,705,N,VIIRS,n,2,299.34,9.05,D,0
30.01856,76.03346,340.1,0.56,0.69,2020-11-05,705,N,VIIRS,n,2,301.27,4.54,D,0
30.02052,75.4342,333.51,0.61,0.71,2020-11-05,705,N,VIIRS,n,2,300.56,5.48,D,0
30.02152,76.1567,367,0.55,0.68,2020-11-05,705,N,VIIRS,h,2,305.18,14.47,D,0
30.02348,75.72337,335.9,0.58,0.7,2020-11-05,705,N,VIIRS,n,2,301.21,3.85,D,0
30.02453,75.72678,331.84,0.58,0.7,2020-11-05,705,N,VIIRS,n,2,301.04,5.39,D,0
30.02478,76.15585,357.55,0.55,0.68,2020-11-05,705,N,VIIRS,n,2,302.7,15.02,D,0
30.02606,75.93592,352.96,0.57,0.69,2020-11-05,705,N,VIIRS,n,2,302.08,9.26,D,0
30.02812,75.10831,333.45,0.63,0.72,2020-11-05,705,N,VIIRS,n,2,299.15,7.59,D,0
30.03016,75.54586,338.36,0.6,0.7,2020-11-05,705,N,VIIRS,n,2,299.67,8.34,D,0
30.0302,75.67225,349.29,0.59,0.7,2020-11-05,705,N,VIIRS,n,2,301.95,5.75,D,0
30.03102,75.67462,349.09,0.59,0.7,2020-11-05,705,N,VIIRS,n,2,302.65,6.75,D,0
30.03183,75.55198,350.33,0.6,0.7,2020-11-05,705,N,VIIRS,n,2,302.34,8.34,D,0
30.03532,75.91991,354.17,0.57,0.69,2020-11-05,705,N,VIIRS,n,2,302.74,12.97,D,0
30.0361,75.51683,348.95,0.6,0.7,2020-11-05,705,N,VIIRS,n,2,301.51,7.54,D,0
30.03647,75.67004,345.69,0.59,0.7,2020-11-05,705,N,VIIRS,n,2,300.92,5.41,D,0
30.03857,76.11974,344.53,0.55,0.68,2020-11-05,705,N,VIIRS,n,2,301.03,3.32,D,0
30.03948,75.78307,331.46,0.58,0.7,2020-11-05,705,N,VIIRS,n,2,301.21,2.23,D,0
30.04015,76.01338,330.09,0.56,0.69,2020-11-05,705,N,VIIRS,n,2,299.35,6.83,D,0
30.04085,75.23096,337.32,0.62,0.71,2020-11-05,705,N,VIIRS,n,2,299.74,4.07,D,0
30.04086,75.78633,331.99,0.58,0.7,2020-11-05,705,N,VIIRS,n,2,301.52,3.73,D,0
30.04169,76.11909,337.33,0.55,0.68,2020-11-05,705,N,VIIRS,n,2,298.94,5.87,D,0
30.04244,75.64145,340.43,0.59,0.7,2020-11-05,705,N,VIIRS,n,2,302.28,4.3,D,0
30.04611,75.5536,330.79,0.6,0.7,2020-11-05,705,N,VIIRS,n,2,301.37,3.4,D,0
30.0475,75.83857,342.65,0.57,0.69,2020-11-05,705,N,VIIRS,n,2,305.2,5.34,D,0
30.04838,75.20721,337.65,0.62,0.72,2020-11-05,705,N,VIIRS,n,2,299.05,7.65,D,0
30.04872,75.63923,335.63,0.59,0.7,2020-11-05,705,N,VIIRS,n,2,300.81,4.3,D,0
30.04917,75.84158,335.12,0.57,0.69,2020-11-05,705,N,VIIRS,n,2,304.68,6.13,D,0
30.04938,75.97225,333.07,0.56,0.69,2020-11-05,705,N,VIIRS,n,2,300.75,5.31,D,0
30.05014,75.21362,339.4,0.62,0.72,2020-11-05,705,N,VIIRS,n,2,299.84,10.63,D,0
30.0552,75.81373,337.51,0.58,0.69,2020-11-05,705,N,VIIRS,n,2,302.39,4.18,D,0
30.05703,76.12616,336.14,0.55,0.68,2020-11-05,705,N,VIIRS,n,2,301.77,3.62,D,0
30.05711,75.97586,331.13,0.56,0.69,2020-11-05,705,N,VIIRS,n,2,300.18,6.56,D,0
30.06297,75.20903,339.15,0.62,0.72,2020-11-05,705,N,VIIRS,n,2,299.84,4.86,D,0
30.06603,75.4994,334.94,0.6,0.71,2020-11-05,705,N,VIIRS,n,2,300.06,3.42,D,0
30.06723,75.50303,330.55,0.6,0.7,2020-11-05,705,N,VIIRS,l,2,300.72,7.2,D,0
30.07111,75.19607,330.37,0.62,0.72,2020-11-05,705,N,VIIRS,n,2,300.43,3.94,D,0
30.07329,75.95456,332.44,0.56,0.69,2020-11-05,705,N,VIIRS,n,2,300.56,6.75,D,0
30.07396,75.83568,335.25,0.57,0.69,2020-11-05,705,N,VIIRS,n,2,301.77,1.87,D,0
30.07558,75.0097,334.99,0.64,0.72,2020-11-05,705,N,VIIRS,n,2,300.17,4.95,D,0
30.07568,75.83876,330.27,0.57,0.69,2020-11-05,705,N,VIIRS,l,2,302.12,3.06,D,0
30.07971,75.75317,348.57,0.58,0.7,2020-11-05,705,N,VIIRS,n,2,302.39,13.28,D,0
30.08029,75.96142,367,0.56,0.69,2020-11-05,705,N,VIIRS,h,2,303.81,11.27,D,0
30.08106,75.95818,356.57,0.56,0.69,2020-11-05,705,N,VIIRS,n,2,302.29,16.45,D,0
30.08134,75.75914,367,0.58,0.7,2020-11-05,705,N,VIIRS,h,2,304.47,13.28,D,0
30.08263,75.96396,367,0.56,0.69,2020-11-05,705,N,VIIRS,h,2,302.65,16.45,D,0
30.08368,75.53746,334.4,0.6,0.7,2020-11-05,705,N,VIIRS,n,2,300.01,4.95,D,0
30.08395,75.54009,338.31,0.6,0.7,2020-11-05,705,N,VIIRS,n,2,300.59,6.15,D,0
30.0862,76.10983,333.83,0.55,0.68,2020-11-05,705,N,VIIRS,n,2,301.74,6.87,D,0
30.08647,75.95924,367,0.56,0.69,2020-11-05,705,N,VIIRS,h,2,303.76,23.51,D,0
30.08724,75.95603,336.33,0.56,0.69,2020-11-05,705,N,VIIRS,n,2,301.03,5.73,D,0
30.08771,76.1155,353.7,0.55,0.68,2020-11-05,705,N,VIIRS,n,2,301.9,12.11,D,0
30.09391,75.20193,334.08,0.62,0.71,2020-11-05,705,N,VIIRS,n,2,300.47,3.81,D,0
30.09519,76.01003,367,0.56,0.69,2020-11-05,705,N,VIIRS,h,2,303.75,14.34,D,0
30.09875,76.00545,340.36,0.56,0.69,2020-11-05,705,N,VIIRS,n,2,300.49,11.12,D,0
30.10028,76.01122,367,0.56,0.69,2020-11-05,705,N,VIIRS,h,2,301.58,19.04,D,0
30.10118,76.19106,340.1,0.55,0.68,2020-11-05,705,N,VIIRS,n,2,301.48,5.7,D,0
30.1036,75.81609,345.14,0.57,0.69,2020-11-05,705,N,VIIRS,n,2,303.67,12.25,D,0
30.10457,75.24006,333.29,0.62,0.71,2020-11-05,705,N,VIIRS,n,2,299.34,4.05,D,0
30.10478,75.31612,344.5,0.61,0.71,2020-11-05,705,N,VIIRS,n,2,300.51,9.74,D,0
30.10531,75.31219,345.39,0.61,0.71,2020-11-05,705,N,VIIRS,n,2,300.64,6.51,D,0
30.10752,75.34584,331.79,0.61,0.71,2020-11-05,705,N,VIIRS,n,2,299.22,8.25,D,0
30.11106,75.46053,330.6,0.6,0.71,2020-11-05,705,N,VIIRS,n,2,300.97,2.44,D,0
30.11153,75.61694,354.84,0.59,0.7,2020-11-05,705,N,VIIRS,n,2,302.72,7.93,D,0
30.11175,75.61417,343.47,0.59,0.7,2020-11-05,705,N,VIIRS,n,2,301.27,10.44,D,0
30.11466,75.32638,348.95,0.61,0.71,2020-11-05,705,N,VIIRS,n,2,300.52,11.43,D,0
30.11683,75.32874,346.94,0.61,0.71,2020-11-05,705,N,VIIRS,n,2,300.3,11.34,D,0
30.12399,75.38478,337.3,0.61,0.71,2020-11-05,705,N,VIIRS,n,2,300.99,4.96,D,0
30.1245,75.66524,352.53,0.58,0.7,2020-11-05,705,N,VIIRS,n,2,304.24,7.24,D,0
30.12499,75.66234,353.53,0.58,0.7,2020-11-05,705,N,VIIRS,n,2,302.97,7.37,D,0
30.12664,75.66834,330.25,0.58,0.7,2020-11-05,705,N,VIIRS,n,2,299.97,7.37,D,0
30.12695,76.21269,341.65,0.55,0.68,2020-11-05,705,N,VIIRS,n,2,303.18,7.8,D,0
30.13062,76.21432,345.61,0.54,0.68,2020-11-05,705,N,VIIRS,n,2,302.92,6.99,D,0
30.13076,75.663,342.06,0.58,0.7,2020-11-05,705,N,VIIRS,n,2,299.74,5.69,D,0
30.13093,75.00407,332.1,0.64,0.72,2020-11-05,705,N,VIIRS,n,2,298.11,4.4,D,0
30.13215,75.972,338.71,0.56,0.69,2020-11-05,705,N,VIIRS,n,2,300.04,8.14,D,0
30.13322,75.36784,338.84,0.61,0.71,2020-11-05,705,N,VIIRS,n,2,301.11,6.3,D,0
30.13371,75.97776,354.39,0.56,0.69,2020-11-05,705,N,VIIRS,n,2,302.46,14.71,D,0
30.13431,75.72736,344.4,0.58,0.7,2020-11-05,705,N,VIIRS,n,2,302.34,5.41,D,0
30.13453,75.54624,343.65,0.59,0.7,2020-11-05,705,N,VIIRS,n,2,301.5,6.77,D,0
30.13676,75.73019,332.34,0.58,0.7,2020-11-05,705,N,VIIRS,n,2,300.39,7.68,D,0
30.13838,76.1443,336.48,0.55,0.68,2020-11-05,705,N,VIIRS,n,2,303.44,2.95,D,0
30.13841,76.07001,367,0.55,0.68,2020-11-05,705,N,VIIRS,h,2,305.26,11.95,D,0
30.13854,75.61136,340.91,0.59,0.7,2020-11-05,705,N,VIIRS,n,2,301.2,5.44,D,0
30.13948,75.4403,367,0.6,0.71,2020-11-05,705,N,VIIRS,h,2,301.64,13.18,D,0
30.14019,75.61739,338.32,0.59,0.7,2020-11-05,705,N,VIIRS,n,2,300.58,8.89,D,0
30.14101,75.44303,367,0.6,0.71,2020-11-05,705,N,VIIRS,h,2,303.87,17.6,D,0
30.1412,75.44646,334.84,0.6,0.71,2020-11-05,705,N,VIIRS,n,2,300.05,13.57,D,0
30.14301,76.06219,333.13,0.55,0.68,2020-11-05,705,N,VIIRS,n,2,301.45,3.96,D,0
30.1452,75.71696,331.21,0.58,0.7,2020-11-05,705,N,VIIRS,n,2,299.97,3.45,D,0
30.14557,75.79483,337.29,0.57,0.69,2020-11-05,705,N,VIIRS,n,2,301,5.84,D,0
30.1468,75.72292,330.8,0.58,0.7,2020-11-05,705,N,VIIRS,n,2,300.93,3.45,D,0
30.14714,75.80072,338.42,0.57,0.69,2020-11-05,705,N,VIIRS,n,2,302.23,5.84,D,0
30.14763,75.71986,349.16,0.58,0.7,2020-11-05,705,N,VIIRS,n,2,301.89,7.61,D,0
30.14836,75.79736,354.54,0.57,0.69,2020-11-05,705,N,VIIRS,n,2,302.56,11.32,D,0
30.14998,75.73485,354.33,0.58,0.7,2020-11-05,705,N,VIIRS,n,2,303.93,8.96,D,0
30.15087,75.73172,336,0.58,0.7,2020-11-05,705,N,VIIRS,n,2,302.54,5.19,D,0
30.15249,75.73765,336.41,0.58,0.7,2020-11-05,705,N,VIIRS,n,2,300.32,5.19,D,0
30.15526,76.1076,333.06,0.55,0.68,2020-11-05,705,N,VIIRS,n,2,303.23,3.69,D,0
30.15995,76.00008,331.5,0.56,0.69,2020-11-05,705,N,VIIRS,n,2,300.32,3.99,D,0
30.16111,75.04437,336.58,0.63,0.72,2020-11-05,705,N,VIIRS,n,2,299.11,4.19,D,0
30.16301,76.03654,331.98,0.56,0.69,2020-11-05,705,N,VIIRS,l,2,302.48,2.04,D,0
30.16562,75.30829,345.67,0.61,0.71,2020-11-05,705,N,VIIRS,n,2,299.79,10.37,D,0
30.1661,75.94748,337.45,0.56,0.69,2020-11-05,705,N,VIIRS,n,2,301.17,5.97,D,0
30.16731,75.7742,339.88,0.58,0.69,2020-11-05,705,N,VIIRS,n,2,300.18,5.47,D,0
30.16945,75.42299,335.8,0.6,0.71,2020-11-05,705,N,VIIRS,n,2,299.76,5.07,D,0
30.17004,75.77686,333.24,0.57,0.69,2020-11-05,705,N,VIIRS,n,2,301.31,4.69,D,0
30.17099,75.42556,337.01,0.6,0.71,2020-11-05,705,N,VIIRS,n,2,299.93,4.32,D,0
30.17237,76.23347,344.27,0.54,0.68,2020-11-05,705,N,VIIRS,n,2,305.06,7.62,D,0
30.17464,76.25388,332.56,0.54,0.68,2020-11-05,705,N,VIIRS,n,2,302.65,1.85,D,0
30.17476,76.22959,335.38,0.54,0.68,2020-11-05,705,N,VIIRS,n,2,303.15,4.45,D,0
30.17535,75.98209,338.9,0.56,0.69,2020-11-05,705,N,VIIRS,n,2,301.45,7.82,D,0
30.17639,75.06622,331.32,0.63,0.72,2020-11-05,705,N,VIIRS,n,2,299.73,4.51,D,0
30.17756,75.97822,348.7,0.56,0.69,2020-11-05,705,N,VIIRS,n,2,302.33,7.26,D,0
30.18188,75.24021,338.9,0.61,0.71,2020-11-05,705,N,VIIRS,n,2,300.97,8.19,D,0
30.1843,75.17725,332.78,0.62,0.71,2020-11-05,705,N,VIIRS,n,2,298.91,6.58,D,0
30.18455,75.83898,341.97,0.57,0.69,2020-11-05,705,N,VIIRS,n,2,301.79,5.19,D,0
30.18461,75.94096,346.09,0.56,0.69,2020-11-05,705,N,VIIRS,n,2,301,8.1,D,0
30.18479,75.22524,341.59,0.62,0.71,2020-11-05,705,N,VIIRS,n,2,300.17,11.89,D,0
30.18599,75.45766,330.56,0.6,0.7,2020-11-05,705,N,VIIRS,l,2,300.58,4.69,D,0
30.18647,75.58445,330.09,0.59,0.7,2020-11-05,705,N,VIIRS,n,2,300.02,4.29,D,0
30.18662,75.9372,353.6,0.56,0.69,2020-11-05,705,N,VIIRS,n,2,302.3,8.28,D,0
30.18708,75.25912,336.55,0.61,0.71,2020-11-05,705,N,VIIRS,n,2,300.66,6.03,D,0
30.18712,75.58748,335.75,0.59,0.7,2020-11-05,705,N,VIIRS,n,2,301.07,9.07,D,0
30.18729,75.46027,338,0.6,0.7,2020-11-05,705,N,VIIRS,n,2,300.7,3.85,D,0
30.18766,75.84151,344.9,0.57,0.69,2020-11-05,705,N,VIIRS,n,2,302.66,6.98,D,0
30.18814,75.59046,335.45,0.59,0.7,2020-11-05,705,N,VIIRS,n,2,300.91,8.85,D,0
30.19003,76.21209,343.64,0.54,0.68,2020-11-05,705,N,VIIRS,n,2,302.56,5.45,D,0
30.19154,76.28125,332.73,0.54,0.68,2020-11-05,705,N,VIIRS,n,2,304.46,2.66,D,0
30.19695,75.93656,332.81,0.56,0.69,2020-11-05,705,N,VIIRS,n,2,301.19,2.25,D,0
30.19758,75.70222,352.18,0.58,0.7,2020-11-05,705,N,VIIRS,n,2,302.56,8.66,D,0
30.1977,75.39934,367,0.6,0.71,2020-11-05,705,N,VIIRS,h,2,304.69,24.54,D,0
30.1985,76.31796,333.44,0.54,0.67,2020-11-05,705,N,VIIRS,l,2,305.36,5.12,D,0
30.1995,75.50663,336.91,0.59,0.7,2020-11-05,705,N,VIIRS,n,2,300.86,6.34,D,0
30.20006,75.89741,330.82,0.57,0.69,2020-11-05,705,N,VIIRS,n,2,301.62,1.48,D,0
30.20022,76.31443,345.29,0.54,0.68,2020-11-05,705,N,VIIRS,n,2,305.56,4.07,D,0
30.20237,75.59209,342.23,0.59,0.7,2020-11-05,705,N,VIIRS,n,2,302.4,8.66,D,0
30.20294,75.59511,367,0.59,0.7,2020-11-05,705,N,VIIRS,h,2,303.98,11.72,D,0
30.20326,75.44479,339.4,0.6,0.7,2020-11-05,705,N,VIIRS,n,2,300.29,6.05,D,0
30.20403,75.59808,335.02,0.59,0.7,2020-11-05,705,N,VIIRS,n,2,301.33,9.91,D,0
30.20454,75.5249,334.8,0.59,0.7,2020-11-05,705,N,VIIRS,n,2,300.32,3.37,D,0
30.20543,75.52763,337.95,0.59,0.7,2020-11-05,705,N,VIIRS,n,2,300.81,4.07,D,0
30.20625,75.28053,334.47,0.61,0.71,2020-11-05,705,N,VIIRS,n,2,298.53,7.13,D,0
30.20654,76.24891,331.73,0.54,0.68,2020-11-05,705,N,VIIRS,n,2,302.37,13.57,D,0
30.20801,75.28682,338.94,0.61,0.71,2020-11-05,705,N,VIIRS,n,2,299.4,7.13,D,0
30.20802,76.25445,367,0.54,0.68,2020-11-05,705,N,VIIRS,h,2,308.83,13.57,D,0
30.20845,75.28599,352.24,0.61,0.71,2020-11-05,705,N,VIIRS,n,2,300.82,11.41,D,0
30.21171,75.17448,336.01,0.62,0.71,2020-11-05,705,N,VIIRS,n,2,299.89,7.05,D,0
30.21251,75.42796,332.51,0.6,0.71,2020-11-05,705,N,VIIRS,n,2,300.86,2.53,D,0
30.2127,75.17323,333.58,0.62,0.71,2020-11-05,705,N,VIIRS,n,2,299.63,4.57,D,0
30.21327,76.10892,334.94,0.55,0.68,2020-11-05,705,N,VIIRS,n,2,303.84,10.72,D,0
30.21348,75.18085,333.61,0.62,0.71,2020-11-05,705,N,VIIRS,n,2,300.23,6.68,D,0
30.21444,75.17961,340.46,0.62,0.71,2020-11-05,705,N,VIIRS,n,2,301.03,4.57,D,0
30.21493,76.10534,353.72,0.55,0.68,2020-11-05,705,N,VIIRS,n,2,304.26,7.52,D,0
30.21623,76.02114,336.44,0.56,0.68,2020-11-05,705,N,VIIRS,n,2,302.33,5.63,D,0
30.21648,75.72155,367,0.58,0.7,2020-11-05,705,N,VIIRS,h,2,305.18,17.32,D,0
30.21659,75.71816,344.49,0.58,0.69,2020-11-05,705,N,VIIRS,n,2,301.45,10,D,0
30.21734,75.62305,332.39,0.58,0.7,2020-11-05,705,N,VIIRS,n,2,299.73,4.73,D,0
30.21823,75.72409,340.24,0.58,0.69,2020-11-05,705,N,VIIRS,n,2,299.9,11.46,D,0
30.21858,75.62593,338.81,0.58,0.7,2020-11-05,705,N,VIIRS,n,2,300.47,5.68,D,0
30.21883,75.07337,339.04,0.63,0.72,2020-11-05,705,N,VIIRS,n,2,299.78,5.51,D,0
30.21985,76.02285,367,0.56,0.68,2020-11-05,705,N,VIIRS,h,2,302.09,9.39,D,0
30.22211,76.38141,345.69,0.53,0.67,2020-11-05,705,N,VIIRS,n,2,304.79,4.42,D,0
30.22213,76.18262,342.3,0.54,0.68,2020-11-05,705,N,VIIRS,n,2,303.98,13.63,D,0
30.22294,76.28546,331.6,0.54,0.68,2020-11-05,705,N,VIIRS,n,2,304.17,2.08,D,0
30.22361,76.1882,367,0.54,0.68,2020-11-05,705,N,VIIRS,h,2,307.16,13.63,D,0
30.22579,76.07056,339.52,0.55,0.68,2020-11-05,705,N,VIIRS,n,2,303.88,5.43,D,0
30.22703,76.15945,332.95,0.55,0.68,2020-11-05,705,N,VIIRS,n,2,303.45,3.5,D,0
30.2283,75.91634,367,0.56,0.69,2020-11-05,705,N,VIIRS,h,2,305.44,13.54,D,0
30.23011,76.07222,331.9,0.55,0.68,2020-11-05,705,N,VIIRS,l,2,303.5,3.2,D,0
30.23046,76.28886,332.22,0.54,0.68,2020-11-05,705,N,VIIRS,n,2,304.9,3.94,D,0
30.23079,75.59527,332.45,0.59,0.7,2020-11-05,705,N,VIIRS,n,2,300.24,5.54,D,0
30.23205,75.69977,338.08,0.58,0.7,2020-11-05,705,N,VIIRS,n,2,303.46,6.25,D,0
30.23297,75.93362,331.02,0.56,0.69,2020-11-05,705,N,VIIRS,n,2,303.2,2.69,D,0
30.23558,75.73745,334.09,0.57,0.69,2020-11-05,705,N,VIIRS,n,2,299.34,1.88,D,0
30.23987,75.35081,335.01,0.6,0.71,2020-11-05,705,N,VIIRS,n,2,300.09,7.6,D,0
30.24127,75.12879,333.55,0.62,0.72,2020-11-05,705,N,VIIRS,n,2,299.12,6.53,D,0
30.24128,75.68672,344.42,0.58,0.7,2020-11-05,705,N,VIIRS,n,2,300.8,9.02,D,0
30.24161,75.35638,339.29,0.6,0.71,2020-11-05,705,N,VIIRS,n,2,300.45,12.35,D,0
30.2429,75.68942,332.84,0.58,0.7,2020-11-05,705,N,VIIRS,n,2,299.99,7.58,D,0
30.24492,75.47039,349.02,0.6,0.7,2020-11-05,705,N,VIIRS,n,2,300.81,5.16,D,0
30.24622,75.34856,334.04,0.6,0.71,2020-11-05,705,N,VIIRS,n,2,300.43,7.6,D,0
30.24708,75.40202,336.32,0.6,0.71,2020-11-05,705,N,VIIRS,n,2,300.78,5.21,D,0
30.24733,75.40254,337.98,0.6,0.71,2020-11-05,705,N,VIIRS,n,2,301.47,5.77,D,0
30.24981,76.19422,347.13,0.54,0.68,2020-11-05,705,N,VIIRS,n,2,303.16,9.17,D,0
30.25132,76.19978,339.69,0.54,0.68,2020-11-05,705,N,VIIRS,n,2,303.42,10,D,0
30.25242,76.19643,367,0.54,0.68,2020-11-05,705,N,VIIRS,h,2,305.54,12.79,D,0
30.25255,76.34705,337.62,0.53,0.67,2020-11-05,705,N,VIIRS,n,2,302.8,8.95,D,0
30.25311,76.05805,337.13,0.55,0.68,2020-11-05,705,N,VIIRS,n,2,303.95,3.6,D,0
30.25341,75.39977,339.62,0.6,0.71,2020-11-05,705,N,VIIRS,n,2,301.12,6.34,D,0
30.25366,75.40031,348.72,0.6,0.71,2020-11-05,705,N,VIIRS,n,2,301.53,9.52,D,0
30.25952,75.02773,347.18,0.63,0.72,2020-11-05,705,N,VIIRS,n,2,301.8,6.13,D,0
30.26313,75.02893,341.95,0.63,0.72,2020-11-05,705,N,VIIRS,n,2,300.95,11.95,D,0
30.26595,75.02537,330.95,0.63,0.72,2020-11-05,705,N,VIIRS,n,2,299.64,6.13,D,0
30.27045,76.21442,332.01,0.54,0.68,2020-11-05,705,N,VIIRS,n,2,303.29,2.9,D,0
30.2714,75.56763,343.82,0.59,0.7,2020-11-05,705,N,VIIRS,n,2,300.19,4.23,D,0
30.27273,75.69844,330.91,0.58,0.69,2020-11-05,705,N,VIIRS,n,2,300.43,3.22,D,0
30.27298,75.83064,334.46,0.57,0.69,2020-11-05,705,N,VIIRS,n,2,301.34,5.21,D,0
30.27307,76.00748,341.86,0.55,0.68,2020-11-05,705,N,VIIRS,n,2,303.56,4.84,D,0
30.27321,75.0512,367,0.63,0.72,2020-11-05,705,N,VIIRS,h,2,301.49,14.69,D,0
30.27434,75.75938,331.58,0.57,0.69,2020-11-05,705,N,VIIRS,n,2,300.3,2.97,D,0
30.27462,75.93791,344.52,0.56,0.69,2020-11-05,705,N,VIIRS,n,2,303.77,7.93,D,0
30.27659,75.61199,335.78,0.58,0.7,2020-11-05,705,N,VIIRS,n,2,300.16,7.95,D,0
30.27668,75.05247,354.7,0.63,0.72,2020-11-05,705,N,VIIRS,n,2,299.72,12.74,D,0
30.28073,75.83427,336.95,0.57,0.69,2020-11-05,705,N,VIIRS,n,2,300.14,5.21,D,0
30.28156,75.83061,335.87,0.57,0.69,2020-11-05,705,N,VIIRS,n,2,300.31,9.1,D,0
30.28359,75.68811,347.82,0.58,0.7,2020-11-05,705,N,VIIRS,n,2,300.98,9.9,D,0
30.28371,75.40919,367,0.6,0.7,2020-11-05,705,N,VIIRS,h,2,301.5,12.63,D,0
30.28408,75.40981,367,0.6,0.7,2020-11-05,705,N,VIIRS,h,2,301.91,10.33,D,0
30.28422,75.58949,334.53,0.58,0.7,2020-11-05,705,N,VIIRS,n,2,299.15,2.14,D,0
30.28651,75.36829,339.91,0.6,0.71,2020-11-05,705,N,VIIRS,n,2,300.6,6.65,D,0
30.28809,75.00317,347.7,0.63,0.72,2020-11-05,705,N,VIIRS,n,2,298.63,8.14,D,0
30.28843,75.7059,346.71,0.58,0.69,2020-11-05,705,N,VIIRS,n,2,299.67,15,D,0
30.28881,76.28941,333.53,0.53,0.67,2020-11-05,705,N,VIIRS,l,2,303.68,4.5,D,0
30.29004,75.71181,367,0.58,0.69,2020-11-05,705,N,VIIRS,h,2,303.31,24.14,D,0
30.29082,76.29188,335.42,0.53,0.67,2020-11-05,705,N,VIIRS,n,2,302.63,3.79,D,0
30.29236,75.82045,340.57,0.57,0.69,2020-11-05,705,N,VIIRS,n,2,301.34,4.36,D,0
30.29485,75.72954,343.52,0.57,0.69,2020-11-05,705,N,VIIRS,n,2,300.29,5.15,D,0
30.29555,76.16617,331.71,0.54,0.68,2020-11-05,705,N,VIIRS,n,2,303.21,1.92,D,0
30.29594,75.90812,332.66,0.56,0.69,2020-11-05,705,N,VIIRS,l,2,303.48,4.66,D,0
30.29744,76.07345,367,0.55,0.68,2020-11-05,705,N,VIIRS,h,2,306.67,16.48,D,0
30.30082,75.90974,344.44,0.56,0.69,2020-11-05,705,N,VIIRS,n,2,302.84,5.95,D,0
30.30414,75.04958,330.56,0.63,0.72,2020-11-05,705,N,VIIRS,n,2,299.33,6.08,D,0
30.30458,75.01146,333,0.63,0.72,2020-11-05,705,N,VIIRS,n,2,300.24,5.65,D,0
30.30896,75.05253,343.86,0.63,0.72,2020-11-05,705,N,VIIRS,n,2,301.16,8.88,D,0
30.3094,75.14625,331.44,0.62,0.71,2020-11-05,705,N,VIIRS,n,2,299.53,3.62,D,0
30.31636,75.68297,355.73,0.58,0.69,2020-11-05,705,N,VIIRS,n,2,301.62,8.8,D,0
30.31813,75.68248,367,0.58,0.69,2020-11-05,705,N,VIIRS,h,2,302.4,12.34,D,0
30.32327,75.19702,334.59,0.61,0.71,2020-11-05,705,N,VIIRS,n,2,300.82,10,D,0
30.32393,75.13148,330.61,0.62,0.71,2020-11-05,705,N,VIIRS,n,2,300.06,2.52,D,0
30.32539,75.63435,331.87,0.58,0.7,2020-11-05,705,N,VIIRS,n,2,299.67,4.01,D,0
30.32553,76.22855,334.82,0.54,0.68,2020-11-05,705,N,VIIRS,n,2,304.23,3.3,D,0
30.32648,75.28561,337.11,0.61,0.71,2020-11-05,705,N,VIIRS,n,2,300.97,4.12,D,0
30.32684,75.13289,333.32,0.62,0.71,2020-11-05,705,N,VIIRS,n,2,300.41,3.17,D,0
30.32704,75.19305,367,0.61,0.71,2020-11-05,705,N,VIIRS,h,2,301.96,10.45,D,0
30.32722,75.67258,332.96,0.58,0.7,2020-11-05,705,N,VIIRS,n,2,300.95,3.41,D,0
30.3279,76.08741,367,0.55,0.68,2020-11-05,705,N,VIIRS,h,2,309.63,30.74,D,0
30.32821,75.04552,330.4,0.63,0.72,2020-11-05,705,N,VIIRS,n,2,299.06,8.68,D,0
30.32982,75.88354,336.25,0.56,0.69,2020-11-05,705,N,VIIRS,n,2,302.07,7.35,D,0
30.33014,76.08306,341.85,0.55,0.68,2020-11-05,705,N,VIIRS,n,2,304.04,15.12,D,0
30.33138,75.88933,350.07,0.56,0.69,2020-11-05,705,N,VIIRS,n,2,302.17,10.97,D,0
30.33167,76.08867,367,0.55,0.68,2020-11-05,705,N,VIIRS,h,2,307.01,26.95,D,0
30.33462,75.3917,334.82,0.6,0.7,2020-11-05,705,N,VIIRS,n,2,300.2,3.65,D,0
30.33772,75.96258,332.05,0.56,0.68,2020-11-05,705,N,VIIRS,l,2,303.27,5.09,D,0
30.3392,76.16547,340.44,0.54,0.68,2020-11-05,705,N,VIIRS,n,2,303.83,5.19,D,0
30.34133,75.31449,351.73,0.6,0.71,2020-11-05,705,N,VIIRS,n,2,301.61,9.77,D,0
30.34341,75.27687,335.42,0.61,0.71,2020-11-05,705,N,VIIRS,n,2,300.24,4.74,D,0
30.34483,75.55515,332.53,0.59,0.7,2020-11-05,705,N,VIIRS,n,2,298.72,7.23,D,0
30.3454,76.2035,367,0.54,0.68,2020-11-05,705,N,VIIRS,h,2,310.24,16.86,D,0
30.34573,75.31023,344.27,0.6,0.71,2020-11-05,705,N,VIIRS,n,2,299.39,7.3,D,0
30.34976,76.2043,352.6,0.54,0.68,2020-11-05,705,N,VIIRS,n,2,305.16,14.21,D,0
30.3515,75.28083,340.4,0.61,0.71,2020-11-05,705,N,VIIRS,n,2,302.05,4.74,D,0
30.35156,75.98891,332.29,0.55,0.68,2020-11-05,705,N,VIIRS,n,2,302.17,3,D,0
30.35172,75.60538,349.8,0.58,0.7,2020-11-05,705,N,VIIRS,n,2,301.92,11.23,D,0
30.35294,76.20692,351.54,0.54,0.68,2020-11-05,705,N,VIIRS,n,2,303.92,16.86,D,0
30.35357,75.28268,343.89,0.61,0.71,2020-11-05,705,N,VIIRS,n,2,302.35,5.93,D,0
30.35398,76.2608,352.3,0.53,0.67,2020-11-05,705,N,VIIRS,n,2,303.37,7.33,D,0
30.3634,75.09614,347.49,0.62,0.71,2020-11-05,705,N,VIIRS,n,2,301.22,5.27,D,0
30.36592,75.28252,330.14,0.61,0.71,2020-11-05,705,N,VIIRS,n,2,299.17,3.73,D,0
30.36855,75.07117,347.2,0.62,0.71,2020-11-05,705,N,VIIRS,n,2,300.34,9.78,D,0
30.37343,75.25925,351.05,0.61,0.71,2020-11-05,705,N,VIIRS,n,2,301.58,7.95,D,0
30.37453,76.02434,355,0.55,0.68,2020-11-05,705,N,VIIRS,n,2,301.95,9.47,D,0
30.37564,76.4665,346.51,0.52,0.67,2020-11-05,705,N,VIIRS,n,2,302.1,6.32,D,0
30.37605,76.02998,367,0.55,0.68,2020-11-05,705,N,VIIRS,h,2,304.22,9.47,D,0
30.37806,75.25071,335.76,0.61,0.71,2020-11-05,705,N,VIIRS,n,2,301.58,11.18,D,0
30.38046,75.66046,333.68,0.58,0.69,2020-11-05,705,N,VIIRS,n,2,300.82,3.5,D,0
30.3838,75.93378,334.42,0.56,0.69,2020-11-05,705,N,VIIRS,n,2,301.65,2.99,D,0
30.38441,75.24842,353.75,0.61,0.71,2020-11-05,705,N,VIIRS,n,2,300.76,11.18,D,0
30.38698,75.93257,332.21,0.56,0.69,2020-11-05,705,N,VIIRS,n,2,302.1,2.93,D,0
30.3877,75.78687,344.43,0.57,0.69,2020-11-05,705,N,VIIRS,n,2,302.87,11.03,D,0
30.38875,75.7159,331.69,0.57,0.69,2020-11-05,705,N,VIIRS,n,2,302.54,3.18,D,0
30.3899,75.36909,330.97,0.6,0.7,2020-11-05,705,N,VIIRS,n,2,299.44,2.94,D,0
30.39143,75.78532,343.2,0.57,0.69,2020-11-05,705,N,VIIRS,n,2,302.01,7.42,D,0
30.39353,75.30672,353.93,0.6,0.71,2020-11-05,705,N,VIIRS,n,2,302.58,9.77,D,0
30.39451,75.9738,340.25,0.55,0.68,2020-11-05,705,N,VIIRS,n,2,302.17,4.68,D,0
30.39692,75.77085,367,0.57,0.69,2020-11-05,705,N,VIIRS,h,2,305.3,18.14,D,0
30.39993,76.43464,338.59,0.52,0.67,2020-11-05,705,N,VIIRS,n,2,301.87,5.61,D,0
30.40009,75.78251,330.9,0.57,0.69,2020-11-05,705,N,VIIRS,n,2,300.83,3.61,D,0
30.40117,75.71149,330.4,0.57,0.69,2020-11-05,705,N,VIIRS,n,2,302.97,2.79,D,0
30.40176,75.16412,331.48,0.61,0.71,2020-11-05,705,N,VIIRS,n,2,300.49,3.31,D,0
30.40209,75.86443,344.01,0.56,0.69,2020-11-05,705,N,VIIRS,n,2,302.97,4.92,D,0
30.40277,75.71738,339.14,0.57,0.69,2020-11-05,705,N,VIIRS,n,2,302.4,5.26,D,0
30.40538,75.65161,331.76,0.58,0.69,2020-11-05,705,N,VIIRS,n,2,300.47,5.18,D,0
30.40539,75.8632,341.44,0.56,0.69,2020-11-05,705,N,VIIRS,n,2,302.67,4.28,D,0
30.40738,75.70929,334.89,0.57,0.69,2020-11-05,705,N,VIIRS,n,2,300.76,4.16,D,0
30.40787,75.78616,334.15,0.57,0.69,2020-11-05,705,N,VIIRS,n,2,301.2,3.61,D,0
30.40972,75.84277,330.88,0.56,0.69,2020-11-05,705,N,VIIRS,n,2,301.25,1.75,D,0
30.41021,75.6694,335.66,0.57,0.69,2020-11-05,705,N,VIIRS,n,2,301.38,3.56,D,0
30.41128,75.44479,338.85,0.59,0.7,2020-11-05,705,N,VIIRS,n,2,300.57,5.1,D,0
30.41168,76.23708,335.52,0.53,0.67,2020-11-05,705,N,VIIRS,n,2,303.23,4.38,D,0
30.41186,75.44862,342.86,0.59,0.7,2020-11-05,705,N,VIIRS,n,2,302.76,7.2,D,0
30.41392,75.20328,334.26,0.61,0.71,2020-11-05,705,N,VIIRS,n,2,299.22,3.42,D,0
30.41447,75.03353,335.77,0.62,0.72,2020-11-05,705,N,VIIRS,n,2,299.15,3.64,D,0
30.41519,75.71296,330.93,0.57,0.69,2020-11-05,705,N,VIIRS,n,2,301.71,5.4,D,0
30.4155,75.01193,330.33,0.62,0.72,2020-11-05,705,N,VIIRS,n,2,299.48,2.44,D,0
30.42235,75.41139,367,0.59,0.7,2020-11-05,705,N,VIIRS,h,2,305.69,13.7,D,0
30.42264,76.17897,341.67,0.54,0.68,2020-11-05,705,N,VIIRS,n,2,301.8,5.71,D,0
30.42603,76.11693,343.59,0.54,0.68,2020-11-05,705,N,VIIRS,n,2,303.11,4.11,D,0
30.42835,75.13368,354.11,0.61,0.71,2020-11-05,705,N,VIIRS,n,2,300.95,10.7,D,0
30.42902,75.15614,330.85,0.61,0.71,2020-11-05,705,N,VIIRS,n,2,298.72,3.87,D,0
30.4296,75.79128,332.29,0.57,0.69,2020-11-05,705,N,VIIRS,n,2,301.01,2.14,D,0
30.43022,75.13482,348.18,0.61,0.71,2020-11-05,705,N,VIIRS,n,2,300.67,10.14,D,0
30.43112,76.0106,333.21,0.55,0.68,2020-11-05,705,N,VIIRS,n,2,302.57,4.52,D,0
30.43113,75.46845,333.42,0.59,0.7,2020-11-05,705,N,VIIRS,n,2,301.04,8.58,D,0
30.43279,75.4745,367,0.59,0.7,2020-11-05,705,N,VIIRS,h,2,301.77,13.33,D,0
30.43405,75.10374,353.28,0.62,0.71,2020-11-05,705,N,VIIRS,n,2,304.36,35.28,D,0
30.43407,75.45406,340.06,0.59,0.7,2020-11-05,705,N,VIIRS,n,2,300.54,6.26,D,0
30.43455,75.58236,338.04,0.58,0.7,2020-11-05,705,N,VIIRS,n,2,300.35,4.08,D,0
30.43581,75.11008,342.26,0.62,0.71,2020-11-05,705,N,VIIRS,n,2,299.15,30.93,D,0
30.43585,75.58562,330.85,0.58,0.7,2020-11-05,705,N,VIIRS,n,2,299.89,6.8,D,0
30.43712,75.7438,353.4,0.57,0.69,2020-11-05,705,N,VIIRS,n,2,303.37,8.08,D,0
30.44035,75.45181,352.53,0.59,0.7,2020-11-05,705,N,VIIRS,n,2,299.95,6.26,D,0
30.44079,75.58012,337.47,0.58,0.7,2020-11-05,705,N,VIIRS,n,2,299.16,7.49,D,0
30.44257,75.61222,342.89,0.58,0.7,2020-11-05,705,N,VIIRS,n,2,300.76,6,D,0
30.44268,76.45102,339.7,0.52,0.67,2020-11-05,705,N,VIIRS,n,2,305.37,3.44,D,0
30.44292,76.44895,330.84,0.52,0.67,2020-11-05,705,N,VIIRS,l,2,303.58,2.66,D,0
30.44341,75.56324,344.27,0.58,0.7,2020-11-05,705,N,VIIRS,n,2,300.28,7.96,D,0
30.44382,75.56589,349.24,0.58,0.7,2020-11-05,705,N,VIIRS,n,2,301.29,7.09,D,0
30.44405,75.6154,354.07,0.58,0.7,2020-11-05,705,N,VIIRS,n,2,301.52,9.6,D,0
30.44418,75.61817,333.1,0.58,0.7,2020-11-05,705,N,VIIRS,n,2,299.68,6,D,0
30.44423,76.3094,350.12,0.53,0.67,2020-11-05,705,N,VIIRS,n,2,305.82,7.83,D,0
30.44567,76.31483,339.79,0.53,0.67,2020-11-05,705,N,VIIRS,n,2,304.91,10.26,D,0
30.44766,75.35287,342.98,0.6,0.7,2020-11-05,705,N,VIIRS,n,2,301.66,7.21,D,0
30.44785,75.67891,331.38,0.57,0.69,2020-11-05,705,N,VIIRS,n,2,300.68,2.67,D,0
30.4484,75.35483,336.72,0.6,0.7,2020-11-05,705,N,VIIRS,n,2,301.6,7.18,D,0
30.44991,75.86646,345.52,0.56,0.69,2020-11-05,705,N,VIIRS,n,2,301.87,6.24,D,0
30.4512,76.36022,337.13,0.52,0.67,2020-11-05,705,N,VIIRS,n,2,302.43,4.72,D,0
30.45295,75.01958,330.37,0.62,0.72,2020-11-05,705,N,VIIRS,n,2,299.29,2.82,D,0
30.45602,75.83903,367,0.56,0.69,2020-11-05,705,N,VIIRS,h,2,303.37,11.28,D,0
30.45757,75.8448,339.36,0.56,0.69,2020-11-05,705,N,VIIRS,n,2,299.87,11.28,D,0
30.4612,75.4776,335.54,0.59,0.7,2020-11-05,705,N,VIIRS,n,2,300.35,4.06,D,0
30.46385,75.91813,339.7,0.56,0.68,2020-11-05,705,N,VIIRS,n,2,302.25,4.32,D,0
30.47094,76.21606,336.33,0.53,0.67,2020-11-05,705,N,VIIRS,n,2,302.31,3.64,D,0
30.47221,76.21593,351.04,0.53,0.67,2020-11-05,705,N,VIIRS,n,2,304.15,8.49,D,0
30.47699,76.21396,334.45,0.53,0.67,2020-11-05,705,N,VIIRS,n,2,303.09,4.79,D,0
30.47764,75.53789,345.75,0.58,0.7,2020-11-05,705,N,VIIRS,n,2,302.89,9.76,D,0
30.48044,76.10384,351.47,0.54,0.68,2020-11-05,705,N,VIIRS,n,2,303.64,9.95,D,0
30.48502,76.0961,338.87,0.54,0.68,2020-11-05,705,N,VIIRS,n,2,301.17,13.08,D,0
30.48624,75.29168,333.84,0.6,0.71,2020-11-05,705,N,VIIRS,n,2,300.66,4.33,D,0
30.48653,76.1017,367,0.54,0.68,2020-11-05,705,N,VIIRS,h,2,304.1,26.29,D,0
30.49125,75.06669,330.67,0.62,0.71,2020-11-05,705,N,VIIRS,n,2,299.52,8.33,D,0
30.49205,75.56561,348.68,0.58,0.7,2020-11-05,705,N,VIIRS,n,2,301.4,5.94,D,0
30.49246,75.8167,330.72,0.56,0.69,2020-11-05,705,N,VIIRS,n,2,301.98,3.76,D,0
30.49325,75.39256,333.65,0.59,0.7,2020-11-05,705,N,VIIRS,n,2,300.28,4.05,D,0
30.49328,75.41718,344.36,0.59,0.7,2020-11-05,705,N,VIIRS,n,2,299.92,4.69,D,0
30.49358,75.41927,339.59,0.59,0.7,2020-11-05,705,N,VIIRS,n,2,300.08,6.69,D,0
30.49441,75.0678,342.41,0.62,0.71,2020-11-05,705,N,VIIRS,n,2,300.88,6.7,D,0
30.49496,75.42326,335.81,0.59,0.7,2020-11-05,705,N,VIIRS,n,2,300.65,4.69,D,0
30.49516,76.20765,331.36,0.53,0.67,2020-11-05,705,N,VIIRS,n,2,303.24,4.03,D,0
30.49523,75.42536,340.55,0.59,0.7,2020-11-05,705,N,VIIRS,n,2,301.61,7.09,D,0
30.49641,76.20743,331.71,0.53,0.67,2020-11-05,705,N,VIIRS,n,2,302.58,3.18,D,0
30.49815,75.73831,332.29,0.57,0.69,2020-11-05,705,N,VIIRS,n,2,302.94,4.09,D,0
30.49974,75.74414,333.49,0.57,0.69,2020-11-05,705,N,VIIRS,n,2,300.79,4.09,D,0
30.50187,76.05958,349.85,0.54,0.68,2020-11-05,705,N,VIIRS,n,2,304,7.39,D,0
30.5066,75.61921,367,0.58,0.69,2020-11-05,705,N,VIIRS,h,2,302.8,8.31,D,0
30.50662,76.00251,345.49,0.55,0.68,2020-11-05,705,N,VIIRS,n,2,303.58,9.64,D,0
30.50671,75.46567,332.18,0.59,0.7,2020-11-05,705,N,VIIRS,n,2,299.68,5.52,D,0
30.50672,75.46785,340.6,0.59,0.7,2020-11-05,705,N,VIIRS,n,2,300.13,3.54,D,0
30.50821,75.62514,332.48,0.57,0.69,2020-11-05,705,N,VIIRS,n,2,300.5,8.31,D,0
30.51236,76.09875,367,0.54,0.68,2020-11-05,705,N,VIIRS,h,2,305.69,11.78,D,0
30.51302,75.82503,337,0.56,0.69,2020-11-05,705,N,VIIRS,n,2,300.99,3.2,D,0
30.52239,75.57199,332.6,0.58,0.7,2020-11-05,705,N,VIIRS,n,2,301.27,2.01,D,0
30.52244,75.15273,351.82,0.61,0.71,2020-11-05,705,N,VIIRS,n,2,300.23,13.23,D,0
30.52509,75.15412,367,0.61,0.71,2020-11-05,705,N,VIIRS,h,2,300.98,10.15,D,0
30.52549,75.21352,337.68,0.6,0.71,2020-11-05,705,N,VIIRS,n,2,299.37,2.32,D,0
30.52782,75.2151,337.1,0.61,0.71,2020-11-05,705,N,VIIRS,n,2,298.92,4.26,D,0
30.53181,76.14664,331.94,0.54,0.68,2020-11-05,705,N,VIIRS,n,2,303.3,3.98,D,0
30.53424,75.95552,339.83,0.55,0.68,2020-11-05,705,N,VIIRS,n,2,300.89,5.22,D,0
30.53645,75.20279,367,0.61,0.71,2020-11-05,705,N,VIIRS,h,2,301.72,14.71,D,0
30.53756,75.95741,331.46,0.55,0.68,2020-11-05,705,N,VIIRS,n,2,299.12,6.99,D,0
30.5388,75.2043,352,0.61,0.71,2020-11-05,705,N,VIIRS,n,2,299.83,15.35,D,0
30.54021,75.09084,347.99,0.61,0.71,2020-11-05,705,N,VIIRS,n,2,300.12,8.99,D,0
30.54226,75.2485,367,0.6,0.71,2020-11-05,705,N,VIIRS,h,2,301.86,17.69,D,0
30.5425,75.62583,339.33,0.57,0.69,2020-11-05,705,N,VIIRS,n,2,302.76,4.53,D,0
30.54268,75.244,342.39,0.6,0.71,2020-11-05,705,N,VIIRS,n,2,300.42,10.94,D,0
30.54336,75.62313,330.7,0.57,0.69,2020-11-05,705,N,VIIRS,l,2,301.25,5.63,D,0
30.54419,76.29198,342.35,0.53,0.67,2020-11-05,705,N,VIIRS,n,2,303.11,4.15,D,0
30.54438,75.25021,336.62,0.6,0.71,2020-11-05,705,N,VIIRS,n,2,300.02,11.86,D,0
30.54514,75.23383,367,0.6,0.71,2020-11-05,705,N,VIIRS,h,2,301.88,10.59,D,0
30.54561,75.22923,338.09,0.6,0.71,2020-11-05,705,N,VIIRS,n,2,299.61,8.75,D,0
30.54599,75.45827,343.99,0.59,0.7,2020-11-05,705,N,VIIRS,n,2,301.77,9.08,D,0
30.54731,75.23548,353.13,0.6,0.71,2020-11-05,705,N,VIIRS,n,2,300.61,10.94,D,0
30.54765,75.4643,336.34,0.59,0.7,2020-11-05,705,N,VIIRS,n,2,302.97,8.41,D,0
30.54976,75.30016,347.1,0.6,0.7,2020-11-05,705,N,VIIRS,n,2,299.82,7.21,D,0
30.55068,75.70673,346.96,0.57,0.69,2020-11-05,705,N,VIIRS,n,2,301.54,7.71,D,0
30.55091,75.27941,348.66,0.6,0.7,2020-11-05,705,N,VIIRS,n,2,301.01,7.59,D,0
30.55147,75.23155,367,0.6,0.71,2020-11-05,705,N,VIIRS,h,2,302.68,21.61,D,0
30.55151,75.40297,342.5,0.59,0.7,2020-11-05,705,N,VIIRS,n,2,301.17,4.68,D,0
30.55158,75.30202,345.82,0.6,0.7,2020-11-05,705,N,VIIRS,n,2,300.02,7.72,D,0
30.55194,75.22692,343.25,0.6,0.71,2020-11-05,705,N,VIIRS,n,2,299.06,11.5,D,0
30.55196,75.70375,340.25,0.57,0.69,2020-11-05,705,N,VIIRS,n,2,301.82,5.04,D,0
30.55364,75.23316,348.68,0.6,0.71,2020-11-05,705,N,VIIRS,n,2,298.94,13.99,D,0
30.55679,75.72127,337.62,0.57,0.69,2020-11-05,705,N,VIIRS,n,2,300.93,3.95,D,0
30.55779,75.40071,331.51,0.59,0.7,2020-11-05,705,N,VIIRS,n,2,300.97,4.09,D,0
30.55879,75.81218,343.31,0.56,0.69,2020-11-05,705,N,VIIRS,n,2,302.81,4.1,D,0
30.56355,75.27488,351.43,0.6,0.7,2020-11-05,705,N,VIIRS,n,2,300.77,16.01,D,0
30.56379,75.27043,349.94,0.6,0.71,2020-11-05,705,N,VIIRS,n,2,301.04,9.28,D,0
30.56547,75.27661,347.02,0.6,0.71,2020-11-05,705,N,VIIRS,n,2,300.09,9.28,D,0
30.56707,76.25427,350.36,0.53,0.67,2020-11-05,705,N,VIIRS,n,2,305.25,7.07,D,0
30.56973,75.46962,349.66,0.58,0.7,2020-11-05,705,N,VIIRS,n,2,300.98,7.31,D,0
30.57065,75.54825,332.82,0.58,0.7,2020-11-05,705,N,VIIRS,n,2,300.8,6.36,D,0
30.57244,75.40618,347.7,0.59,0.7,2020-11-05,705,N,VIIRS,n,2,300.78,9.63,D,0
30.57367,75.40835,351.11,0.59,0.7,2020-11-05,705,N,VIIRS,n,2,301.15,8.03,D,0
30.57435,75.33859,344.6,0.59,0.7,2020-11-05,705,N,VIIRS,n,2,301.85,6.4,D,0
30.57624,75.19529,333.06,0.6,0.71,2020-11-05,705,N,VIIRS,n,2,300.56,7.84,D,0
30.57825,75.37743,342.82,0.59,0.7,2020-11-05,705,N,VIIRS,n,2,303.06,8.88,D,0
30.5796,75.37945,344.68,0.59,0.7,2020-11-05,705,N,VIIRS,n,2,303.37,4.94,D,0
30.58041,75.94234,336.45,0.55,0.68,2020-11-05,705,N,VIIRS,n,2,300.68,2.88,D,0
30.58411,75.64739,331.84,0.57,0.69,2020-11-05,705,N,VIIRS,n,2,300.72,3.35,D,0
30.58419,75.49745,333.62,0.58,0.7,2020-11-05,705,N,VIIRS,n,2,300.35,5.5,D,0
30.58477,75.70739,330.08,0.57,0.69,2020-11-05,705,N,VIIRS,l,2,301.63,5.88,D,0
30.58564,76.44755,339.59,0.52,0.66,2020-11-05,705,N,VIIRS,n,2,300.4,4.21,D,0
30.58655,75.43038,330.64,0.59,0.7,2020-11-05,705,N,VIIRS,l,2,301.74,3.19,D,0
30.58714,75.43417,349.31,0.59,0.7,2020-11-05,705,N,VIIRS,n,2,302.41,6.47,D,0
30.58774,75.71033,340.68,0.57,0.69,2020-11-05,705,N,VIIRS,n,2,302.59,4.95,D,0
30.5882,75.43643,333.25,0.59,0.7,2020-11-05,705,N,VIIRS,n,2,301.92,6.35,D,0
30.58919,75.38935,345.59,0.59,0.7,2020-11-05,705,N,VIIRS,n,2,302.59,8.86,D,0
30.5896,75.92667,332.96,0.55,0.68,2020-11-05,705,N,VIIRS,n,2,301.17,2.22,D,0
30.59281,75.4281,331.41,0.59,0.7,2020-11-05,705,N,VIIRS,n,2,300.79,3.95,D,0
30.59341,75.43192,330.27,0.59,0.7,2020-11-05,705,N,VIIRS,l,2,300.41,6.76,D,0
30.59401,76.38064,348.84,0.52,0.67,2020-11-05,705,N,VIIRS,n,2,301.51,6.3,D,0
30.59419,75.38504,340.56,0.59,0.7,2020-11-05,705,N,VIIRS,n,2,300.59,9.76,D,0
30.59461,75.23645,344.49,0.6,0.71,2020-11-05,705,N,VIIRS,n,2,299.07,14.61,D,0
30.59505,75.48694,332.42,0.58,0.7,2020-11-05,705,N,VIIRS,n,2,301.06,3.36,D,0
30.59546,75.38706,333.51,0.59,0.7,2020-11-05,705,N,VIIRS,n,2,300,3.92,D,0
30.59803,75.24883,367,0.6,0.71,2020-11-05,705,N,VIIRS,h,2,301.83,13.69,D,0
30.6002,75.53111,343.82,0.58,0.7,2020-11-05,705,N,VIIRS,n,2,300.76,7.66,D,0
30.60182,75.53706,342.72,0.58,0.7,2020-11-05,705,N,VIIRS,n,2,301.82,10.46,D,0
30.60236,75.43795,332.06,0.59,0.7,2020-11-05,705,N,VIIRS,n,2,299.7,12.46,D,0
30.60303,75.44174,367,0.58,0.7,2020-11-05,705,N,VIIRS,h,2,301.08,14.79,D,0
30.604,75.444,338.12,0.59,0.7,2020-11-05,705,N,VIIRS,n,2,299.36,12.39,D,0
30.61206,75.07165,345.39,0.61,0.71,2020-11-05,705,N,VIIRS,n,2,300.35,5.16,D,0
30.6123,76.01132,332.12,0.54,0.68,2020-11-05,705,N,VIIRS,l,2,304.96,5.49,D,0
30.61813,75.62229,330.96,0.57,0.69,2020-11-05,705,N,VIIRS,n,2,299.91,3.13,D,0
30.61889,75.4493,351.52,0.58,0.7,2020-11-05,705,N,VIIRS,n,2,302.32,6.46,D,0
30.61978,75.45155,345.35,0.58,0.7,2020-11-05,705,N,VIIRS,n,2,301.95,7.19,D,0
30.62349,75.34106,334.92,0.59,0.7,2020-11-05,705,N,VIIRS,n,2,301.29,4.76,D,0
30.62576,76.06164,367,0.54,0.68,2020-11-05,705,N,VIIRS,h,2,304.71,10.18,D,0
30.63273,75.7262,334.08,0.56,0.69,2020-11-05,705,N,VIIRS,n,2,301.31,4.5,D,0
30.63548,75.66122,335.74,0.57,0.69,2020-11-05,705,N,VIIRS,n,2,301.15,4.71,D,0
30.63621,75.15977,330.21,0.61,0.71,2020-11-05,705,N,VIIRS,n,2,298.54,4.38,D,0
30.64254,75.15745,338.71,0.61,0.71,2020-11-05,705,N,VIIRS,n,2,299,8.18,D,0
30.65462,76.48714,356.81,0.51,0.66,2020-11-05,705,N,VIIRS,n,2,303.44,7.08,D,0
30.65481,76.48913,367,0.51,0.66,2020-11-05,705,N,VIIRS,h,2,302.81,10.91,D,0
30.6557,75.38294,347.61,0.59,0.7,2020-11-05,705,N,VIIRS,n,2,302.43,8.89,D,0
30.65575,75.68602,345.33,0.57,0.69,2020-11-05,705,N,VIIRS,n,2,302.17,6.21,D,0
30.65614,75.68311,331.65,0.57,0.69,2020-11-05,705,N,VIIRS,n,2,301.48,3.82,D,0
30.65907,76.06198,339.35,0.54,0.68,2020-11-05,705,N,VIIRS,n,2,303.3,6.41,D,0
30.66198,75.38067,352.54,0.59,0.7,2020-11-05,705,N,VIIRS,n,2,301.56,7.51,D,0
30.66239,76.05804,353.7,0.54,0.68,2020-11-05,705,N,VIIRS,n,2,303.73,7.87,D,0
30.66363,75.38673,331.72,0.59,0.7,2020-11-05,705,N,VIIRS,n,2,300.33,9.34,D,0
30.66445,75.56668,331.94,0.57,0.69,2020-11-05,705,N,VIIRS,n,2,300.89,3.26,D,0
30.66604,75.57261,336.36,0.57,0.69,2020-11-05,705,N,VIIRS,n,2,298.64,3.26,D,0
30.66751,75.57602,338.76,0.57,0.69,2020-11-05,705,N,VIIRS,n,2,299.4,7.28,D,0
30.66788,75.35181,345.41,0.59,0.7,2020-11-05,705,N,VIIRS,n,2,301.44,7.32,D,0
30.66824,75.3784,333.72,0.59,0.7,2020-11-05,705,N,VIIRS,n,2,297.44,7.51,D,0
30.67419,75.4756,335.58,0.58,0.7,2020-11-05,705,N,VIIRS,n,2,300.96,4.24,D,0
30.67683,75.43505,339.32,0.58,0.7,2020-11-05,705,N,VIIRS,n,2,300.04,7.85,D,0
30.67782,75.38824,333.17,0.59,0.7,2020-11-05,705,N,VIIRS,n,2,301.77,5.35,D,0
30.68182,76.15405,367,0.53,0.67,2020-11-05,705,N,VIIRS,h,2,303.41,13.8,D,0
30.68254,76.15062,347.08,0.53,0.67,2020-11-05,705,N,VIIRS,n,2,301.58,9.09,D,0
30.684,76.15609,356.78,0.53,0.67,2020-11-05,705,N,VIIRS,n,2,301.57,13.21,D,0
30.69607,75.93591,344.99,0.55,0.68,2020-11-05,705,N,VIIRS,n,2,303.33,6.51,D,0
30.69646,76.25308,336,0.53,0.67,2020-11-05,705,N,VIIRS,n,2,299.74,2.65,D,0
30.69691,75.28073,352.63,0.59,0.7,2020-11-05,705,N,VIIRS,n,2,302.05,10.36,D,0
30.69723,75.43427,367,0.58,0.7,2020-11-05,705,N,VIIRS,h,2,301.81,10.72,D,0
30.69753,75.4606,342.6,0.58,0.7,2020-11-05,705,N,VIIRS,n,2,301.72,6.73,D,0
30.70341,76.03758,330.7,0.54,0.68,2020-11-05,705,N,VIIRS,l,2,303.33,3.5,D,0
30.70452,75.38519,333.29,0.59,0.7,2020-11-05,705,N,VIIRS,n,2,300.33,3.77,D,0
30.70472,76.18465,330.91,0.53,0.67,2020-11-05,705,N,VIIRS,n,2,299.14,1.84,D,0
30.70666,76.27013,344.87,0.52,0.67,2020-11-05,705,N,VIIRS,n,2,302.09,5.22,D,0
30.70877,76.18042,350.35,0.53,0.67,2020-11-05,705,N,VIIRS,n,2,300.69,5.89,D,0
30.71039,75.68299,331.09,0.56,0.69,2020-11-05,705,N,VIIRS,l,2,301.98,5.01,D,0
30.71075,76.18252,331.08,0.53,0.67,2020-11-05,705,N,VIIRS,n,2,298.55,3.04,D,0
30.71077,75.53448,333.87,0.57,0.69,2020-11-05,705,N,VIIRS,n,2,301.08,4.91,D,0
30.71238,75.54041,332.64,0.57,0.69,2020-11-05,705,N,VIIRS,n,2,301.87,7.08,D,0
30.71454,75.82976,367,0.55,0.68,2020-11-05,705,N,VIIRS,h,2,304.06,17.2,D,0
30.71582,75.82652,331.77,0.55,0.68,2020-11-05,705,N,VIIRS,n,2,301.65,8.29,D,0
30.71638,76.32852,331.41,0.52,0.67,2020-11-05,705,N,VIIRS,n,2,301.98,2.06,D,0
30.71737,75.83221,367,0.55,0.68,2020-11-05,705,N,VIIRS,h,2,303.76,14.56,D,0
30.72932,75.7525,347.68,0.56,0.69,2020-11-05,705,N,VIIRS,n,2,301.8,7.76,D,0
30.73089,75.75824,345.55,0.56,0.69,2020-11-05,705,N,VIIRS,n,2,301.73,7.76,D,0
30.73577,75.82568,333.71,0.55,0.68,2020-11-05,705,N,VIIRS,n,2,300.59,2.31,D,0
30.73793,76.28872,342.41,0.52,0.67,2020-11-05,705,N,VIIRS,n,2,302.39,3.87,D,0
30.73925,76.29111,330.93,0.52,0.67,2020-11-05,705,N,VIIRS,l,2,301.63,4.32,D,0
30.74217,75.97202,330.34,0.54,0.68,2020-11-05,705,N,VIIRS,n,2,300.82,2.62,D,0
30.74827,76.0188,367,0.54,0.68,2020-11-05,705,N,VIIRS,h,2,303.48,9.87,D,0
30.752,76.02045,333.61,0.54,0.68,2020-11-05,705,N,VIIRS,n,2,301.88,7.13,D,0
30.75857,75.91978,335.23,0.55,0.68,2020-11-05,705,N,VIIRS,n,2,301.55,3.3,D,0
30.76302,75.70237,341.86,0.56,0.69,2020-11-05,705,N,VIIRS,n,2,302.7,5.91,D,0
30.76337,75.82835,367,0.55,0.68,2020-11-05,705,N,VIIRS,h,2,302.35,11.94,D,0
30.7649,75.83401,335.28,0.55,0.68,2020-11-05,705,N,VIIRS,n,2,298.59,11.94,D,0
30.79092,75.83096,333.91,0.55,0.68,2020-11-05,705,N,VIIRS,n,2,301.05,4.88,D,0
30.79395,75.79228,341.36,0.55,0.68,2020-11-05,705,N,VIIRS,n,2,301.64,8.32,D,0
30.80922,76.31065,351.34,0.52,0.67,2020-11-05,705,N,VIIRS,n,2,301.79,6.84,D,0
30.83058,75.87901,367,0.55,0.68,2020-11-05,705,N,VIIRS,h,2,303.88,21.12,D,0
30.83221,75.80984,341.22,0.55,0.68,2020-11-05,705,N,VIIRS,n,2,302.61,4.65,D,0
30.83518,76.16865,348.51,0.53,0.67,2020-11-05,705,N,VIIRS,n,2,302.25,8.21,D,0
30.83584,76.26879,355.14,0.52,0.67,2020-11-05,705,N,VIIRS,n,2,302.68,7.3,D,0
30.83803,76.27116,348.12,0.52,0.67,2020-11-05,705,N,VIIRS,n,2,300.99,7.48,D,0
30.89585,76.34658,330.1,0.51,0.66,2020-11-05,705,N,VIIRS,n,2,300.71,3.07,D,0
30.92408,76.23144,335.18,0.52,0.67,2020-11-05,705,N,VIIRS,n,2,301.18,4.48,D,0
30.94371,76.40462,338.5,0.51,0.66,2020-11-05,705,N,VIIRS,n,2,300.3,6.24,D,0
30.94509,76.40987,339.72,0.51,0.66,2020-11-05,705,N,VIIRS,n,2,301.61,8.42,D,0
30.95749,76.45697,333.22,0.5,0.66,2020-11-05,705,N,VIIRS,n,2,301.98,2.36,D,0
30.96341,76.45489,345.94,0.5,0.66,2020-11-05,705,N,VIIRS,n,2,301.16,5.41,D,0
30.96485,76.28723,333,0.52,0.66,2020-11-05,705,N,VIIRS,n,2,303.01,3.11,D,0
30.61008,75.0702,333.02,0.61,0.71,2020-11-05,706,N,VIIRS,n,2,299.23,7.18,D,0
30.63647,75.16434,332.72,0.6,0.71,2020-11-05,706,N,VIIRS,n,2,299.85,4.79,D,0
30.64107,75.15579,347.83,0.61,0.71,2020-11-05,706,N,VIIRS,n,2,299.66,8.28,D,0
30.65533,75.08157,330.94,0.61,0.71,2020-11-05,706,N,VIIRS,n,2,300,5.52,D,0
30.66232,75.33119,333.3,0.59,0.7,2020-11-05,706,N,VIIRS,n,2,299.86,5.34,D,0
30.66743,75.34946,349,0.59,0.7,2020-11-05,706,N,VIIRS,n,2,301.6,9.24,D,0
30.66757,75.12556,333,0.61,0.71,2020-11-05,706,N,VIIRS,n,2,300.73,3.92,D,0
30.67105,75.13807,341.13,0.61,0.71,2020-11-05,706,N,VIIRS,n,2,300.86,8.49,D,0
30.67927,75.39185,331.02,0.59,0.7,2020-11-05,706,N,VIIRS,n,2,300.67,8.81,D,0
30.68603,75.1669,367,0.6,0.71,2020-11-05,706,N,VIIRS,h,2,300.77,15.53,D,0
30.68831,75.20025,340.08,0.6,0.71,2020-11-05,706,N,VIIRS,n,2,299.51,4.53,D,0
30.69618,75.27874,367,0.59,0.7,2020-11-05,706,N,VIIRS,h,2,302.9,10.26,D,0
30.69728,75.43176,331.6,0.58,0.7,2020-11-05,706,N,VIIRS,n,2,299.76,7.27,D,0
30.69771,75.45798,346.75,0.58,0.7,2020-11-05,706,N,VIIRS,n,2,301.46,7.48,D,0
30.69896,75.43777,350.09,0.58,0.7,2020-11-05,706,N,VIIRS,n,2,300.98,7.27,D,0
30.69986,75.14131,348.27,0.6,0.71,2020-11-05,706,N,VIIRS,n,2,301.77,10.69,D,0
30.70318,75.22885,352.81,0.6,0.7,2020-11-05,706,N,VIIRS,n,2,301,12.42,D,0
30.70437,75.20802,334.17,0.6,0.71,2020-11-05,706,N,VIIRS,n,2,300.55,4.75,D,0
30.70659,75.24119,354.14,0.6,0.7,2020-11-05,706,N,VIIRS,n,2,301.04,9.82,D,0
30.71604,75.07327,354.22,0.61,0.71,2020-11-05,706,N,VIIRS,n,2,302.63,9.16,D,0
30.72067,75.07259,367,0.61,0.71,2020-11-05,706,N,VIIRS,h,2,301.9,18.5,D,0
30.72239,75.07092,342.87,0.61,0.71,2020-11-05,706,N,VIIRS,n,2,299.02,9.16,D,0
30.73014,75.13123,356.45,0.6,0.71,2020-11-05,706,N,VIIRS,n,2,301.48,11.73,D,0
30.73107,75.37988,341.99,0.59,0.7,2020-11-05,706,N,VIIRS,n,2,301.98,6.45,D,0
30.73154,75.12975,351.62,0.6,0.71,2020-11-05,706,N,VIIRS,n,2,300.35,7.78,D,0
30.73663,75.20396,332.14,0.6,0.7,2020-11-05,706,N,VIIRS,n,2,300.42,4.79,D,0
30.73764,75.20272,334.42,0.6,0.7,2020-11-05,706,N,VIIRS,n,2,300.76,6.03,D,0
30.75245,75.06107,335,0.61,0.71,2020-11-05,706,N,VIIRS,n,2,300.43,8.26,D,0
30.76456,75.69902,330.56,0.56,0.69,2020-11-05,706,N,VIIRS,l,2,301.23,3.73,D,0
30.77546,75.54114,330.8,0.57,0.69,2020-11-05,706,N,VIIRS,n,2,300.62,1.76,D,0
30.78534,75.02825,367,0.61,0.71,2020-11-05,706,N,VIIRS,h,2,300.46,17.43,D,0
30.78993,75.79098,352.46,0.55,0.68,2020-11-05,706,N,VIIRS,n,2,302.41,7.78,D,0
30.79399,75.38361,331.12,0.58,0.7,2020-11-05,706,N,VIIRS,n,2,300.63,2.82,D,0
30.80025,75.38197,331.51,0.58,0.7,2020-11-05,706,N,VIIRS,n,2,298.77,3.79,D,0
30.81824,75.00011,341.13,0.61,0.71,2020-11-05,706,N,VIIRS,n,2,300.5,7.38,D,0
30.81995,75.0014,349.65,0.61,0.71,2020-11-05,706,N,VIIRS,n,2,301.68,10.39,D,0
30.82403,75.04173,335.12,0.61,0.71,2020-11-05,706,N,VIIRS,n,2,300.29,4.64,D,0
30.82709,75.87742,337.77,0.55,0.68,2020-11-05,706,N,VIIRS,n,2,300.28,11.75,D,0
30.82776,75.33226,343.34,0.59,0.7,2020-11-05,706,N,VIIRS,n,2,300.34,4.57,D,0
30.82837,75.80853,333.66,0.55,0.68,2020-11-05,706,N,VIIRS,n,2,301.78,3.99,D,0
30.82863,75.88306,367,0.55,0.68,2020-11-05,706,N,VIIRS,h,2,302.62,18.59,D,0
30.82886,75.0379,336.65,0.61,0.71,2020-11-05,706,N,VIIRS,n,2,299.64,5.47,D,0
30.84031,75.47865,330.95,0.57,0.69,2020-11-05,706,N,VIIRS,n,2,300.31,2.7,D,0
30.8409,75.479,333.09,0.57,0.69,2020-11-05,706,N,VIIRS,n,2,299.89,3.68,D,0
30.85292,75.82475,331.16,0.55,0.68,2020-11-05,706,N,VIIRS,n,2,299.57,2.59,D,0
30.85408,75.30273,331.58,0.59,0.7,2020-11-05,706,N,VIIRS,n,2,300.63,6.99,D,0
30.86765,75.27537,337.65,0.59,0.7,2020-11-05,706,N,VIIRS,n,2,299.87,6.25,D,0
30.86788,75.2776,331.21,0.59,0.7,2020-11-05,706,N,VIIRS,n,2,299.74,5.62,D,0
30.87418,75.52544,353.77,0.57,0.69,2020-11-05,706,N,VIIRS,n,2,301.89,7.95,D,0
30.87819,75.46551,337.54,0.57,0.69,2020-11-05,706,N,VIIRS,n,2,300.21,10.42,D,0
30.88038,75.52319,344.08,0.57,0.69,2020-11-05,706,N,VIIRS,n,2,300.19,6.07,D,0
30.88544,75.21528,353.01,0.59,0.7,2020-11-05,706,N,VIIRS,n,2,300.87,9.15,D,0
30.88592,75.21721,352.47,0.59,0.7,2020-11-05,706,N,VIIRS,n,2,301.13,7.13,D,0
30.8924,75.0904,340.17,0.6,0.71,2020-11-05,706,N,VIIRS,n,2,300.89,5.02,D,0
30.89564,75.25188,332.23,0.59,0.7,2020-11-05,706,N,VIIRS,n,2,299.69,4.33,D,0
30.90272,75.05219,338.43,0.6,0.71,2020-11-05,706,N,VIIRS,n,2,300.19,3.01,D,0
30.91137,75.36143,330.81,0.58,0.7,2020-11-05,706,N,VIIRS,n,2,300.08,2.43,D,0
30.91169,75.35909,335.81,0.58,0.7,2020-11-05,706,N,VIIRS,n,2,300.03,3.11,D,0
30.91638,75.55531,367,0.57,0.69,2020-11-05,706,N,VIIRS,h,2,304.94,16.13,D,0
30.92055,75.06628,332.91,0.6,0.71,2020-11-05,706,N,VIIRS,n,2,300.65,5.87,D,0
30.92271,76.22889,344.35,0.52,0.67,2020-11-05,706,N,VIIRS,n,2,301.68,3.82,D,0
30.92486,76.13954,334.22,0.53,0.67,2020-11-05,706,N,VIIRS,n,2,300.2,2.74,D,0
30.92658,75.06825,332.85,0.6,0.71,2020-11-05,706,N,VIIRS,n,2,301.1,6.59,D,0
30.92833,75.07446,337.5,0.6,0.71,2020-11-05,706,N,VIIRS,n,2,298.98,6.59,D,0
30.9286,75.07018,351.21,0.6,0.71,2020-11-05,706,N,VIIRS,n,2,301.75,5.87,D,0
30.92985,76.06007,350.39,0.53,0.67,2020-11-05,706,N,VIIRS,n,2,302.19,5.44,D,0
30.9451,75.46064,346.68,0.57,0.69,2020-11-05,706,N,VIIRS,n,2,300.67,8.79,D,0
30.94599,75.45798,355.42,0.57,0.69,2020-11-05,706,N,VIIRS,n,2,301.41,9.23,D,0
30.94951,75.3717,343,0.58,0.7,2020-11-05,706,N,VIIRS,n,2,301.54,4.98,D,0
30.95372,75.33722,345.21,0.58,0.7,2020-11-05,706,N,VIIRS,n,2,300.01,6.29,D,0
30.95625,75.19608,367,0.59,0.7,2020-11-05,706,N,VIIRS,h,2,302.3,18.17,D,0
30.95667,75.19993,367,0.59,0.7,2020-11-05,706,N,VIIRS,h,2,302.08,12.96,D,0
30.95793,75.20219,332.3,0.59,0.7,2020-11-05,706,N,VIIRS,n,2,299.26,12.29,D,0
30.9596,75.55639,348.44,0.56,0.69,2020-11-05,706,N,VIIRS,n,2,303.55,6.78,D,0
30.96168,75.06913,339.28,0.6,0.71,2020-11-05,706,N,VIIRS,n,2,299.77,12.65,D,0
30.9619,75.06472,341.72,0.6,0.71,2020-11-05,706,N,VIIRS,n,2,300.35,10.55,D,0
30.96296,75.19765,345.37,0.59,0.7,2020-11-05,706,N,VIIRS,n,2,301.31,12.96,D,0
30.96388,76.2846,329.28,0.51,0.66,2020-11-05,706,N,VIIRS,n,2,302.71,2.74,D,0
30.96421,75.19989,367,0.59,0.7,2020-11-05,706,N,VIIRS,h,2,303.04,12.29,D,0
30.96435,75.55706,367,0.57,0.69,2020-11-05,706,N,VIIRS,h,2,303.38,10.94,D,0
30.96544,75.27982,354.67,0.59,0.7,2020-11-05,706,N,VIIRS,n,2,301.81,9.2,D,0
30.96578,75.55415,337.46,0.56,0.69,2020-11-05,706,N,VIIRS,n,2,299.86,6.78,D,0
30.96627,75.06059,367,0.6,0.71,2020-11-05,706,N,VIIRS,h,2,302.41,21.51,D,0
30.96651,75.05614,367,0.6,0.71,2020-11-05,706,N,VIIRS,h,2,301.08,13.8,D,0
30.96821,75.06238,334.83,0.6,0.71,2020-11-05,706,N,VIIRS,n,2,299.32,10.55,D,0
30.96924,75.19537,330.46,0.59,0.7,2020-11-05,706,N,VIIRS,n,2,299.75,3.16,D,0
30.98003,75.03497,343.41,0.6,0.71,2020-11-05,706,N,VIIRS,n,2,300.04,11.45,D,0
30.98353,75.77782,336.64,0.55,0.68,2020-11-05,706,N,VIIRS,n,2,300.44,6.23,D,0
30.98635,75.03262,344.1,0.6,0.71,2020-11-05,706,N,VIIRS,n,2,299.67,11.45,D,0
30.98724,75.15762,336.91,0.59,0.7,2020-11-05,706,N,VIIRS,n,2,299.94,3.39,D,0
30.98809,75.03886,356.27,0.6,0.71,2020-11-05,706,N,VIIRS,n,2,301.13,11.45,D,0
30.99841,75.00065,350.12,0.61,0.71,2020-11-05,706,N,VIIRS,n,2,300.51,11.15,D,0
30.00027,75.57631,367,0.4,0.6,2020-11-05,846,N,VIIRS,h,2,305.23,7.07,D,0
30.00036,75.0459,345.51,0.37,0.58,2020-11-05,846,N,VIIRS,n,2,299.64,3.25,D,0
30.00161,76.08472,345.79,0.43,0.62,2020-11-05,846,N,VIIRS,n,2,297.44,6.67,D,0
30.00173,75.4583,331.33,0.39,0.59,2020-11-05,846,N,VIIRS,n,2,298.65,1.03,D,0
30.00191,76.08923,357.23,0.43,0.62,2020-11-05,846,N,VIIRS,l,2,299.1,12.92,D,0
30.00233,75.84342,340.73,0.41,0.61,2020-11-05,846,N,VIIRS,n,2,299.21,1.85,D,0
30.00332,75.24559,349.47,0.38,0.59,2020-11-05,846,N,VIIRS,n,2,301.01,4.67,D,0
30.00342,75.1644,367,0.37,0.58,2020-11-05,846,N,VIIRS,h,2,301.8,10.24,D,0
30.00361,75.24479,349.64,0.38,0.59,2020-11-05,846,N,VIIRS,n,2,300.15,5.63,D,0
30.00394,75.2536,367,0.38,0.59,2020-11-05,846,N,VIIRS,h,2,304.44,10.08,D,0
30.004,75.57563,367,0.4,0.6,2020-11-05,846,N,VIIRS,h,2,306.78,13.98,D,0
30.00417,75.25281,367,0.38,0.59,2020-11-05,846,N,VIIRS,h,2,306.1,14.24,D,0
30.00508,75.88283,367,0.41,0.61,2020-11-05,846,N,VIIRS,h,2,301.99,10.12,D,0
30.00585,75.57583,351.34,0.4,0.6,2020-11-05,846,N,VIIRS,n,2,300.92,7.07,D,0
30.00669,75.98949,342.18,0.42,0.61,2020-11-05,846,N,VIIRS,n,2,300.88,30.35,D,0
30.007,75.99397,357.17,0.42,0.61,2020-11-05,846,N,VIIRS,l,2,308.58,30.35,D,0
30.00718,75.06493,330.95,0.37,0.58,2020-11-05,846,N,VIIRS,n,2,299.49,1.73,D,0
30.00782,75.46609,335.57,0.39,0.59,2020-11-05,846,N,VIIRS,n,2,299.57,2.04,D,0
30.00861,75.85168,367,0.41,0.61,2020-11-05,846,N,VIIRS,h,2,301.73,9.38,D,0
30.00896,75.46648,333.78,0.39,0.59,2020-11-05,846,N,VIIRS,n,2,298.86,2.55,D,0
30.00947,75.70363,340.2,0.4,0.6,2020-11-05,846,N,VIIRS,n,2,299.53,4.05,D,0
30.00974,75.10023,367,0.37,0.58,2020-11-05,846,N,VIIRS,h,2,307,16.01,D,0
30.01039,75.71648,340.01,0.4,0.6,2020-11-05,846,N,VIIRS,n,2,299.03,2.81,D,0
30.01056,75.18779,337.2,0.38,0.58,2020-11-05,846,N,VIIRS,n,2,301.21,2.32,D,0
30.01254,75.74659,333.59,0.41,0.6,2020-11-05,846,N,VIIRS,n,2,299.73,1.54,D,0
30.01325,75.71603,338.97,0.4,0.6,2020-11-05,846,N,VIIRS,n,2,298.38,3.27,D,0
30.01332,76.00241,347.73,0.42,0.61,2020-11-05,846,N,VIIRS,n,2,298.45,25.25,D,0
30.0147,75.7768,338.41,0.41,0.6,2020-11-05,846,N,VIIRS,n,2,300.58,3.46,D,0
30.01521,75.74619,333.43,0.41,0.6,2020-11-05,846,N,VIIRS,n,2,299.95,1.65,D,0
30.01575,75.63451,332.45,0.4,0.6,2020-11-05,846,N,VIIRS,n,2,300.45,6.98,D,0
30.01597,75.26385,344.5,0.38,0.59,2020-11-05,846,N,VIIRS,n,2,300.64,3.82,D,0
30.01674,75.88627,337.71,0.41,0.61,2020-11-05,846,N,VIIRS,n,2,298.09,2.64,D,0
30.01717,75.12732,332.47,0.37,0.58,2020-11-05,846,N,VIIRS,n,2,302.05,3.94,D,0
30.01718,75.77644,336.92,0.41,0.6,2020-11-05,846,N,VIIRS,n,2,299.52,2.82,D,0
30.01731,75.3617,367,0.39,0.59,2020-11-05,846,N,VIIRS,h,2,306.49,16.29,D,0
30.01818,75.44075,337.65,0.39,0.59,2020-11-05,846,N,VIIRS,n,2,299.2,2.83,D,0
30.01853,75.67278,330.25,0.4,0.6,2020-11-05,846,N,VIIRS,n,2,299.39,2.06,D,0
30.01855,75.62537,367,0.4,0.6,2020-11-05,846,N,VIIRS,h,2,302.49,6.59,D,0
30.01891,75.4651,334.26,0.39,0.59,2020-11-05,846,N,VIIRS,n,2,301.19,1.39,D,0
30.01902,75.83761,341.43,0.41,0.61,2020-11-05,846,N,VIIRS,n,2,300.96,4.47,D,0
30.01912,75.63388,333.1,0.4,0.6,2020-11-05,846,N,VIIRS,n,2,300.37,9.75,D,0
30.01921,76.17476,347.55,0.43,0.62,2020-11-05,846,N,VIIRS,n,2,300.19,4.77,D,0
30.01932,75.84198,337.37,0.41,0.61,2020-11-05,846,N,VIIRS,n,2,299.54,4.47,D,0
30.0196,75.55736,333.44,0.4,0.6,2020-11-05,846,N,VIIRS,n,2,299.93,2.6,D,0
30.02004,75.46551,332.77,0.39,0.59,2020-11-05,846,N,VIIRS,n,2,300.89,1.32,D,0
30.02072,75.62556,355.31,0.4,0.6,2020-11-05,846,N,VIIRS,n,2,301.87,6.29,D,0
30.02112,75.83737,344.13,0.41,0.61,2020-11-05,846,N,VIIRS,n,2,300.99,3.6,D,0
30.02118,75.86824,346.09,0.41,0.61,2020-11-05,846,N,VIIRS,n,2,299.54,2.35,D,0
30.0214,75.84174,337.22,0.41,0.61,2020-11-05,846,N,VIIRS,n,2,299.31,3.6,D,0
30.02144,75.26334,349.45,0.38,0.59,2020-11-05,846,N,VIIRS,n,2,299.63,3.82,D,0
30.02166,75.67222,333.17,0.4,0.6,2020-11-05,846,N,VIIRS,n,2,299,1.91,D,0
30.02196,75.85049,349.08,0.41,0.61,2020-11-05,846,N,VIIRS,n,2,302,9.73,D,0
30.02224,75.85487,349.75,0.41,0.61,2020-11-05,846,N,VIIRS,n,2,299.77,15.39,D,0
30.02225,75.35305,336.48,0.38,0.59,2020-11-05,846,N,VIIRS,n,2,300.84,4.28,D,0
30.02274,75.43978,347.97,0.39,0.59,2020-11-05,846,N,VIIRS,n,2,299.54,5.46,D,0
30.02288,75.13077,367,0.37,0.58,2020-11-05,846,N,VIIRS,h,2,303.88,3.94,D,0
30.02288,75.73272,338.11,0.41,0.6,2020-11-05,846,N,VIIRS,n,2,298.05,2.5,D,0
30.02309,75.86801,339.65,0.41,0.61,2020-11-05,846,N,VIIRS,n,2,297.92,2.75,D,0
30.02331,75.44804,334.11,0.39,0.59,2020-11-05,846,N,VIIRS,n,2,300.01,4.46,D,0
30.02345,75.2916,336.35,0.38,0.59,2020-11-05,846,N,VIIRS,n,2,300.1,2,D,0
30.02406,75.82841,367,0.41,0.61,2020-11-05,846,N,VIIRS,h,2,301.84,7.62,D,0
30.02489,75.31187,334.96,0.38,0.59,2020-11-05,846,N,VIIRS,n,2,299.54,3.03,D,0
30.02499,75.63763,340.3,0.4,0.6,2020-11-05,846,N,VIIRS,n,2,299.36,16.45,D,0
30.02528,75.64188,367,0.4,0.6,2020-11-05,846,N,VIIRS,h,2,311.27,16.45,D,0
30.02556,75.64615,340.66,0.4,0.6,2020-11-05,846,N,VIIRS,n,2,298.89,8.61,D,0
30.02561,75.85026,367,0.41,0.61,2020-11-05,846,N,VIIRS,h,2,304.29,18.43,D,0
30.02583,75.9343,334.19,0.42,0.61,2020-11-05,846,N,VIIRS,n,2,300.45,4.55,D,0
30.02585,75.65041,331.11,0.4,0.6,2020-11-05,846,N,VIIRS,n,2,299.19,8.61,D,0
30.02592,75.85463,350.73,0.41,0.61,2020-11-05,846,N,VIIRS,n,2,299.39,15.46,D,0
30.02622,75.82816,367,0.41,0.61,2020-11-05,846,N,VIIRS,h,2,301.72,7.38,D,0
30.02676,75.92539,336.21,0.42,0.61,2020-11-05,846,N,VIIRS,n,2,300.26,4.47,D,0
30.02704,75.92982,330.16,0.42,0.61,2020-11-05,846,N,VIIRS,n,2,299.07,4.47,D,0
30.02725,75.63781,350.76,0.4,0.6,2020-11-05,846,N,VIIRS,n,2,299.5,21.44,D,0
30.02732,75.93425,353.28,0.42,0.61,2020-11-05,846,N,VIIRS,n,2,300.99,8.77,D,0
30.02757,75.64204,367,0.4,0.6,2020-11-05,846,N,VIIRS,h,2,313.21,21.44,D,0
30.02763,75.85,367,0.41,0.61,2020-11-05,846,N,VIIRS,h,2,300.48,9.73,D,0
30.02779,75.88093,339.87,0.41,0.61,2020-11-05,846,N,VIIRS,n,2,299.74,3.23,D,0
30.02787,75.6463,336.07,0.4,0.6,2020-11-05,846,N,VIIRS,n,2,298.77,21.94,D,0
30.02795,75.05116,330.68,0.37,0.58,2020-11-05,846,N,VIIRS,n,2,298.98,1.7,D,0
30.02826,75.43929,330.19,0.39,0.59,2020-11-05,846,N,VIIRS,l,2,300.78,2.74,D,0
30.02918,75.14212,353.32,0.37,0.58,2020-11-05,846,N,VIIRS,n,2,301.66,6.89,D,0
30.02933,75.87632,342.11,0.41,0.61,2020-11-05,846,N,VIIRS,n,2,299.09,7.42,D,0
30.02961,75.88073,367,0.41,0.61,2020-11-05,846,N,VIIRS,h,2,300.67,10.92,D,0
30.02975,75.67181,339.67,0.4,0.6,2020-11-05,846,N,VIIRS,n,2,299.81,3,D,0
30.03046,75.80589,367,0.41,0.61,2020-11-05,846,N,VIIRS,h,2,306.13,15.91,D,0
30.03066,75.31541,356.29,0.38,0.59,2020-11-05,846,N,VIIRS,l,2,305.71,15.34,D,0
30.03088,75.64139,367,0.4,0.6,2020-11-05,846,N,VIIRS,h,2,299.23,11.09,D,0
30.0309,75.92498,335.08,0.42,0.61,2020-11-05,846,N,VIIRS,n,2,299.21,8.03,D,0
30.03092,75.39756,351.26,0.39,0.59,2020-11-05,846,N,VIIRS,n,2,300.65,6.67,D,0
30.03124,75.24626,367,0.38,0.59,2020-11-05,846,N,VIIRS,h,2,301.79,7.84,D,0
30.03143,75.09823,367,0.37,0.58,2020-11-05,846,N,VIIRS,h,2,301.18,5.85,D,0
30.03152,75.93384,346.25,0.42,0.61,2020-11-05,846,N,VIIRS,n,2,299.12,4.55,D,0
30.0319,75.85854,330.9,0.41,0.61,2020-11-05,846,N,VIIRS,n,2,300.73,2.61,D,0
30.03228,75.49731,336.24,0.39,0.6,2020-11-05,846,N,VIIRS,n,2,300.3,1.93,D,0
30.03288,75.67122,341.56,0.4,0.6,2020-11-05,846,N,VIIRS,n,2,300.72,3.4,D,0
30.03308,75.95599,343.97,0.42,0.61,2020-11-05,846,N,VIIRS,n,2,300.41,3.74,D,0
30.03315,75.87606,332.13,0.41,0.61,2020-11-05,846,N,VIIRS,n,2,298.56,3.97,D,0
30.03336,75.05067,336.74,0.37,0.58,2020-11-05,846,N,VIIRS,n,2,299.53,2.5,D,0
30.03346,75.88044,349.83,0.41,0.61,2020-11-05,846,N,VIIRS,n,2,299.49,6.97,D,0
30.03352,75.20171,367,0.38,0.58,2020-11-05,846,N,VIIRS,h,2,303.6,8.25,D,0
30.03381,75.80573,356.71,0.41,0.61,2020-11-05,846,N,VIIRS,n,2,304.78,15.99,D,0
30.03387,75.85828,367,0.41,0.61,2020-11-05,846,N,VIIRS,h,2,302.65,4.53,D,0
30.03403,75.13372,330.45,0.37,0.58,2020-11-05,846,N,VIIRS,l,2,302,4.14,D,0
30.03413,75.81006,335.86,0.41,0.61,2020-11-05,846,N,VIIRS,n,2,300.85,14.09,D,0
30.03423,75.0624,352.8,0.37,0.58,2020-11-05,846,N,VIIRS,n,2,299.96,6.22,D,0
30.03444,75.95595,344.28,0.42,0.61,2020-11-05,846,N,VIIRS,n,2,299.75,4.17,D,0
30.03528,75.38064,343.73,0.39,0.59,2020-11-05,846,N,VIIRS,n,2,299.34,2.29,D,0
30.0363,75.68414,341.43,0.4,0.6,2020-11-05,846,N,VIIRS,n,2,299.51,1.78,D,0
30.03632,75.84058,330.62,0.41,0.61,2020-11-05,846,N,VIIRS,n,2,300.3,1.84,D,0
30.0366,75.56007,341.33,0.4,0.6,2020-11-05,846,N,VIIRS,n,2,300.22,5.32,D,0
30.03685,75.09773,336.57,0.37,0.58,2020-11-05,846,N,VIIRS,n,2,300.43,2.72,D,0
30.03689,75.56428,353.44,0.4,0.6,2020-11-05,846,N,VIIRS,n,2,300.59,5.32,D,0
30.03757,75.85808,349.37,0.41,0.61,2020-11-05,846,N,VIIRS,n,2,300.73,2.61,D,0
30.03758,75.77922,345.45,0.41,0.6,2020-11-05,846,N,VIIRS,n,2,299.86,10.37,D,0
30.0379,75.78355,367,0.41,0.6,2020-11-05,846,N,VIIRS,h,2,305.27,11,D,0
30.0384,75.84029,352.64,0.41,0.61,2020-11-05,846,N,VIIRS,n,2,301.19,3.74,D,0
30.03861,75.75716,367,0.41,0.6,2020-11-05,846,N,VIIRS,h,2,303.04,5.2,D,0
30.03872,75.93327,335.91,0.42,0.61,2020-11-05,846,N,VIIRS,n,2,300.11,4.55,D,0
30.03889,75.76149,334.18,0.41,0.6,2020-11-05,846,N,VIIRS,n,2,299.92,5.2,D,0
30.03934,75.35972,353.41,0.39,0.59,2020-11-05,846,N,VIIRS,n,2,301.89,5.49,D,0
30.03935,75.68359,335.58,0.4,0.6,2020-11-05,846,N,VIIRS,n,2,298.56,2.37,D,0
30.03995,76.05441,338.19,0.42,0.61,2020-11-05,846,N,VIIRS,n,2,298.34,3.97,D,0
30.04004,75.77881,348.83,0.41,0.6,2020-11-05,846,N,VIIRS,n,2,299.73,9.59,D,0
30.04033,75.78316,367,0.41,0.61,2020-11-05,846,N,VIIRS,h,2,306.49,17.07,D,0
30.04035,75.97776,335.15,0.42,0.61,2020-11-05,846,N,VIIRS,n,2,298.61,2.51,D,0
30.04057,76.06339,353.82,0.42,0.61,2020-11-05,846,N,VIIRS,n,2,300.72,10.13,D,0
30.04089,76.06789,348.19,0.42,0.61,2020-11-05,846,N,VIIRS,n,2,299.79,10.37,D,0
30.04097,76.05899,343.51,0.42,0.61,2020-11-05,846,N,VIIRS,n,2,298.1,7.17,D,0
30.04121,75.62766,340.08,0.4,0.6,2020-11-05,846,N,VIIRS,n,2,300.81,2.18,D,0
30.04125,76.06349,352.69,0.42,0.61,2020-11-05,846,N,VIIRS,n,2,299.61,7.17,D,0
30.04151,76.07691,339.38,0.42,0.61,2020-11-05,846,N,VIIRS,n,2,298.59,3.47,D,0
30.04154,76.06799,367,0.42,0.61,2020-11-05,846,N,VIIRS,h,2,301.14,14.56,D,0
30.04157,75.97771,336.17,0.42,0.61,2020-11-05,846,N,VIIRS,n,2,298.31,2.65,D,0
30.04165,75.75715,367,0.41,0.6,2020-11-05,846,N,VIIRS,h,2,302.44,9.92,D,0
30.04183,76.08144,330.64,0.43,0.62,2020-11-05,846,N,VIIRS,n,2,297.58,3.47,D,0
30.04197,75.76145,350.46,0.41,0.6,2020-11-05,846,N,VIIRS,n,2,300.12,9.92,D,0
30.04199,75.8401,342.92,0.41,0.61,2020-11-05,846,N,VIIRS,n,2,301.35,3.12,D,0
30.0421,76.07703,345.87,0.43,0.62,2020-11-05,846,N,VIIRS,n,2,299,7.4,D,0
30.04266,75.64894,367,0.4,0.6,2020-11-05,846,N,VIIRS,h,2,311.63,24.38,D,0
30.04291,75.93288,348,0.42,0.61,2020-11-05,846,N,VIIRS,n,2,299.73,9.84,D,0
30.04338,75.74371,342.25,0.41,0.6,2020-11-05,846,N,VIIRS,n,2,300.86,4.54,D,0
30.04348,76.02241,367,0.42,0.61,2020-11-05,846,N,VIIRS,h,2,301.27,9.17,D,0
30.04354,75.78309,341.97,0.41,0.6,2020-11-05,846,N,VIIRS,n,2,299.12,11,D,0
30.04354,76.45463,344.9,0.45,0.63,2020-11-05,846,N,VIIRS,n,2,302.96,4.85,D,0
30.04356,76.00897,351.81,0.42,0.61,2020-11-05,846,N,VIIRS,n,2,300.24,6.86,D,0
30.04386,75.78741,349.95,0.41,0.6,2020-11-05,846,N,VIIRS,n,2,298.78,11,D,0
30.04402,76.11313,346.47,0.43,0.62,2020-11-05,846,N,VIIRS,n,2,297.74,6.23,D,0
30.04411,76.03139,344.55,0.42,0.61,2020-11-05,846,N,VIIRS,n,2,298.06,3.79,D,0
30.04425,75.75668,349.28,0.41,0.6,2020-11-05,846,N,VIIRS,n,2,298.96,5.2,D,0
30.04439,76.11335,351.33,0.43,0.62,2020-11-05,846,N,VIIRS,n,2,297.87,6.68,D,0
30.04441,75.93279,340.02,0.42,0.61,2020-11-05,846,N,VIIRS,n,2,298.48,4.55,D,0
30.04442,76.02243,367,0.42,0.61,2020-11-05,846,N,VIIRS,h,2,300.16,9.9,D,0
30.04442,76.03587,332.21,0.42,0.61,2020-11-05,846,N,VIIRS,n,2,297.21,3.79,D,0
30.04453,75.76099,332.71,0.41,0.6,2020-11-05,846,N,VIIRS,n,2,298.09,5.2,D,0
30.04472,75.20472,334.51,0.38,0.59,2020-11-05,846,N,VIIRS,n,2,299.42,2.23,D,0
30.04499,76.03144,348.94,0.42,0.61,2020-11-05,846,N,VIIRS,n,2,299.01,7.61,D,0
30.0455,75.86169,341.24,0.41,0.61,2020-11-05,846,N,VIIRS,n,2,300.77,3.79,D,0
30.04627,75.787,348.14,0.41,0.61,2020-11-05,846,N,VIIRS,n,2,299.41,17.07,D,0
30.04638,75.82217,335.72,0.41,0.61,2020-11-05,846,N,VIIRS,n,2,300.38,2.61,D,0
30.04663,76.06742,336.24,0.42,0.61,2020-11-05,846,N,VIIRS,n,2,296.98,19.34,D,0
30.04726,76.07645,342.4,0.42,0.61,2020-11-05,846,N,VIIRS,n,2,298.94,13.61,D,0
30.04739,75.09279,352.44,0.37,0.58,2020-11-05,846,N,VIIRS,n,2,301.18,4.34,D,0
30.04785,76.07655,367,0.43,0.62,2020-11-05,846,N,VIIRS,h,2,302.53,12.68,D,0
30.04807,75.48337,336.6,0.39,0.59,2020-11-05,846,N,VIIRS,n,2,300.87,11.75,D,0
30.04823,75.25281,367,0.38,0.59,2020-11-05,846,N,VIIRS,h,2,306.91,15.28,D,0
30.04826,76.00852,345.65,0.42,0.61,2020-11-05,846,N,VIIRS,n,2,299.27,6.61,D,0
30.04832,75.5675,348.84,0.4,0.6,2020-11-05,846,N,VIIRS,n,2,298.8,6.86,D,0
30.04836,75.48752,356.89,0.39,0.59,2020-11-05,846,N,VIIRS,l,2,308.3,11.75,D,0
30.04858,75.82185,333.92,0.41,0.61,2020-11-05,846,N,VIIRS,n,2,300.12,2.56,D,0
30.04862,75.57172,355.2,0.4,0.6,2020-11-05,846,N,VIIRS,n,2,299.2,6.86,D,0
30.04902,75.74322,367,0.41,0.6,2020-11-05,846,N,VIIRS,h,2,299.72,7.56,D,0
30.04923,75.86152,341.9,0.41,0.61,2020-11-05,846,N,VIIRS,n,2,299.38,3.21,D,0
30.04948,75.34649,356.3,0.38,0.59,2020-11-05,846,N,VIIRS,n,2,307.8,18.76,D,0
30.04975,75.12434,367,0.37,0.58,2020-11-05,846,N,VIIRS,h,2,304.48,10.68,D,0
30.04977,75.35056,331.66,0.38,0.59,2020-11-05,846,N,VIIRS,n,2,299.31,15.15,D,0
30.04978,75.58858,335.98,0.4,0.6,2020-11-05,846,N,VIIRS,n,2,299.49,5.26,D,0
30.05058,75.28507,331.38,0.38,0.59,2020-11-05,846,N,VIIRS,n,2,298.87,2.32,D,0
30.05098,75.52504,330.6,0.39,0.6,2020-11-05,846,N,VIIRS,n,2,299.52,2.7,D,0
30.05173,75.00583,337.31,0.37,0.58,2020-11-05,846,N,VIIRS,n,2,300.1,3.87,D,0
30.05177,75.97682,367,0.42,0.61,2020-11-05,846,N,VIIRS,h,2,302.95,4.91,D,0
30.05206,76.06248,337.2,0.42,0.61,2020-11-05,846,N,VIIRS,n,2,298.09,6.23,D,0
30.05274,76.06256,340.42,0.42,0.61,2020-11-05,846,N,VIIRS,n,2,298.27,4.63,D,0
30.05292,75.31748,367,0.38,0.59,2020-11-05,846,N,VIIRS,h,2,301.36,9.15,D,0
30.05299,75.97674,367,0.42,0.61,2020-11-05,846,N,VIIRS,h,2,303.86,15.72,D,0
30.053,76.07599,367,0.42,0.61,2020-11-05,846,N,VIIRS,h,2,305.64,13.61,D,0
30.05332,76.08051,346.76,0.43,0.62,2020-11-05,846,N,VIIRS,n,2,298.62,13.61,D,0
30.0536,76.07607,367,0.43,0.62,2020-11-05,846,N,VIIRS,h,2,300.22,12.68,D,0
30.0537,75.25233,367,0.38,0.59,2020-11-05,846,N,VIIRS,h,2,300.26,15.28,D,0
30.05389,76.08061,340.13,0.43,0.62,2020-11-05,846,N,VIIRS,n,2,297.56,12.68,D,0
30.05391,75.48701,347.3,0.39,0.59,2020-11-05,846,N,VIIRS,n,2,297.39,5.41,D,0
30.05395,76.08956,334.98,0.43,0.62,2020-11-05,846,N,VIIRS,n,2,298.35,6.31,D,0
30.05439,75.04088,335.24,0.37,0.58,2020-11-05,846,N,VIIRS,n,2,299.19,3.56,D,0
30.05443,75.99907,332.46,0.42,0.61,2020-11-05,846,N,VIIRS,n,2,300.33,2.98,D,0
30.05446,76.08968,335.64,0.43,0.62,2020-11-05,846,N,VIIRS,n,2,298.22,6.72,D,0
30.05459,75.11594,351.59,0.37,0.58,2020-11-05,846,N,VIIRS,n,2,301.79,9.35,D,0
30.05566,75.51201,337.18,0.39,0.6,2020-11-05,846,N,VIIRS,n,2,299.89,3.88,D,0
30.05569,75.8432,332.01,0.41,0.61,2020-11-05,846,N,VIIRS,n,2,301.34,2.96,D,0
30.05593,75.20773,335.15,0.38,0.59,2020-11-05,846,N,VIIRS,n,2,301,3.63,D,0
30.0571,75.45334,331.89,0.39,0.59,2020-11-05,846,N,VIIRS,n,2,299.42,2.66,D,0
30.0574,75.45748,331.13,0.39,0.59,2020-11-05,846,N,VIIRS,n,2,299.18,4.04,D,0
30.05748,75.97636,344.7,0.42,0.61,2020-11-05,846,N,VIIRS,n,2,299.3,4.91,D,0
30.0578,75.9808,331.62,0.42,0.61,2020-11-05,846,N,VIIRS,n,2,299.7,4.91,D,0
30.05907,75.99866,346.42,0.42,0.61,2020-11-05,846,N,VIIRS,n,2,299.44,4.72,D,0
30.05917,75.64324,331.89,0.4,0.6,2020-11-05,846,N,VIIRS,n,2,299.43,4.46,D,0
30.05938,76.08458,367,0.43,0.62,2020-11-05,846,N,VIIRS,h,2,300.46,8.13,D,0
30.05979,75.04038,352.62,0.37,0.58,2020-11-05,846,N,VIIRS,n,2,298.82,3.56,D,0
30.05992,76.08466,367,0.43,0.62,2020-11-05,846,N,VIIRS,h,2,301.03,8.78,D,0
30.06005,75.49486,342.71,0.39,0.6,2020-11-05,846,N,VIIRS,n,2,298.77,6.23,D,0
30.06015,75.99859,346.35,0.42,0.61,2020-11-05,846,N,VIIRS,n,2,299.33,2.98,D,0
30.06034,75.49902,330.19,0.39,0.6,2020-11-05,846,N,VIIRS,n,2,298.58,4.76,D,0
30.06095,75.27601,331.64,0.38,0.59,2020-11-05,846,N,VIIRS,n,2,299.44,6.68,D,0
30.06209,75.1431,330.43,0.37,0.58,2020-11-05,846,N,VIIRS,n,2,298.42,3.43,D,0
30.06238,75.14706,335.29,0.37,0.58,2020-11-05,846,N,VIIRS,n,2,299.19,4.21,D,0
30.0631,75.86901,340.64,0.41,0.61,2020-11-05,846,N,VIIRS,n,2,298.74,3.98,D,0
30.06314,75.38228,340.48,0.39,0.59,2020-11-05,846,N,VIIRS,n,2,299.89,3.55,D,0
30.06357,75.70732,355.02,0.4,0.6,2020-11-05,846,N,VIIRS,n,2,300.9,6.04,D,0
30.06386,75.71162,334.3,0.4,0.6,2020-11-05,846,N,VIIRS,n,2,299.53,7.29,D,0
30.06506,75.18279,367,0.38,0.58,2020-11-05,846,N,VIIRS,h,2,303.86,11,D,0
30.06545,76.08864,343.57,0.43,0.62,2020-11-05,846,N,VIIRS,n,2,300.01,8.13,D,0
30.06596,76.08872,343.53,0.43,0.62,2020-11-05,846,N,VIIRS,n,2,299.57,8.78,D,0
30.06603,75.91312,332.28,0.42,0.61,2020-11-05,846,N,VIIRS,n,2,298.42,3.02,D,0
30.06643,75.27553,367,0.38,0.59,2020-11-05,846,N,VIIRS,h,2,301.04,6.68,D,0
30.06673,75.27956,341.88,0.38,0.59,2020-11-05,846,N,VIIRS,n,2,298.32,6.68,D,0
30.06691,75.92641,367,0.42,0.61,2020-11-05,846,N,VIIRS,h,2,299.67,10.05,D,0
30.06777,75.36951,334.78,0.39,0.59,2020-11-05,846,N,VIIRS,n,2,299.54,1.63,D,0
30.06779,75.93972,344.94,0.42,0.61,2020-11-05,846,N,VIIRS,n,2,301.13,4.17,D,0
30.0689,75.62099,341.04,0.4,0.6,2020-11-05,846,N,VIIRS,n,2,297.76,2.14,D,0
30.06937,75.46896,356.8,0.39,0.59,2020-11-05,846,N,VIIRS,n,2,301.34,4.74,D,0
30.06985,75.39824,338.26,0.39,0.59,2020-11-05,846,N,VIIRS,n,2,298.9,2.73,D,0
30.07091,76.35309,337.11,0.44,0.63,2020-11-05,846,N,VIIRS,n,2,301.49,3.82,D,0
30.07092,75.81556,332.68,0.41,0.61,2020-11-05,846,N,VIIRS,n,2,301.95,8.35,D,0
30.07096,75.65076,367,0.4,0.6,2020-11-05,846,N,VIIRS,h,2,301.8,8.58,D,0
30.07122,75.8199,367,0.41,0.61,2020-11-05,846,N,VIIRS,h,2,307.88,8.35,D,0
30.07156,75.65928,340.45,0.4,0.6,2020-11-05,846,N,VIIRS,n,2,300.62,3.32,D,0
30.072,76.09279,343.05,0.43,0.62,2020-11-05,846,N,VIIRS,n,2,298.68,3.26,D,0
30.07207,76.35254,333.78,0.44,0.62,2020-11-05,846,N,VIIRS,n,2,300.7,4.84,D,0
30.07236,76.18918,331.49,0.43,0.62,2020-11-05,846,N,VIIRS,n,2,297.77,2.64,D,0
30.07251,75.28312,367,0.38,0.59,2020-11-05,846,N,VIIRS,h,2,301.73,8.75,D,0
30.0729,75.93036,355.46,0.42,0.61,2020-11-05,846,N,VIIRS,n,2,300.29,12.59,D,0
30.07319,75.9348,367,0.42,0.61,2020-11-05,846,N,VIIRS,h,2,302.25,12.59,D,0
30.07323,75.52311,334.43,0.39,0.6,2020-11-05,846,N,VIIRS,n,2,296.79,3.47,D,0
30.0733,75.60356,357,0.4,0.6,2020-11-05,846,N,VIIRS,n,2,301.25,5.23,D,0
30.07349,75.93923,354.85,0.42,0.61,2020-11-05,846,N,VIIRS,n,2,299.16,11.46,D,0
30.07353,75.5273,340.77,0.39,0.6,2020-11-05,846,N,VIIRS,n,2,297.44,3.47,D,0
30.07387,75.85928,333.85,0.41,0.61,2020-11-05,846,N,VIIRS,n,2,299.16,2.99,D,0
30.07416,75.86367,339.38,0.41,0.61,2020-11-05,846,N,VIIRS,n,2,299.09,2.99,D,0
30.07496,75.96146,349.3,0.42,0.61,2020-11-05,846,N,VIIRS,n,2,301.18,8.46,D,0
30.07525,75.9659,331.21,0.42,0.61,2020-11-05,846,N,VIIRS,n,2,299.66,7.85,D,0
30.0763,75.72785,352.37,0.41,0.6,2020-11-05,846,N,VIIRS,n,2,302.44,5.64,D,0
30.07661,75.04673,367,0.37,0.58,2020-11-05,846,N,VIIRS,h,2,303.09,12.31,D,0
30.07691,75.05064,351.71,0.37,0.58,2020-11-05,846,N,VIIRS,n,2,300.71,13.07,D,0
30.07819,75.36038,348.76,0.39,0.59,2020-11-05,846,N,VIIRS,n,2,300.94,4.63,D,0
30.0782,76.0106,331.59,0.42,0.61,2020-11-05,846,N,VIIRS,n,2,298.38,2.82,D,0
30.07849,75.36446,332.67,0.39,0.59,2020-11-05,846,N,VIIRS,n,2,298.92,5.1,D,0
30.07864,75.04652,367,0.37,0.58,2020-11-05,846,N,VIIRS,h,2,303.87,12.35,D,0
30.07879,75.36855,336.01,0.39,0.59,2020-11-05,846,N,VIIRS,n,2,299.79,5.1,D,0
30.07892,75.05044,348.26,0.37,0.58,2020-11-05,846,N,VIIRS,n,2,299.48,12.19,D,0
30.07909,75.37265,356.5,0.39,0.59,2020-11-05,846,N,VIIRS,n,2,301.17,8.01,D,0
30.07948,75.94318,367,0.42,0.61,2020-11-05,846,N,VIIRS,h,2,303.43,11.46,D,0
30.07984,75.86319,339.1,0.41,0.61,2020-11-05,846,N,VIIRS,n,2,299.47,3.12,D,0
30.0801,75.31098,341.6,0.38,0.59,2020-11-05,846,N,VIIRS,n,2,300.44,3.75,D,0
30.08014,75.86758,338.69,0.41,0.61,2020-11-05,846,N,VIIRS,n,2,298.95,7.05,D,0
30.08037,75.95652,367,0.42,0.61,2020-11-05,846,N,VIIRS,h,2,301.68,8.46,D,0
30.08052,75.0977,338.36,0.37,0.58,2020-11-05,846,N,VIIRS,n,2,298.45,4.12,D,0
30.08223,75.09756,339.86,0.37,0.58,2020-11-05,846,N,VIIRS,n,2,298.65,4.23,D,0
30.08294,75.03034,330.26,0.37,0.58,2020-11-05,846,N,VIIRS,l,2,302.66,1.4,D,0
30.08382,75.06972,335.54,0.37,0.58,2020-11-05,846,N,VIIRS,n,2,301.06,2.95,D,0
30.08382,75.2133,334.89,0.38,0.59,2020-11-05,846,N,VIIRS,n,2,299.26,1.45,D,0
30.08418,75.59835,339.73,0.4,0.6,2020-11-05,846,N,VIIRS,n,2,299.5,2.75,D,0
30.08457,75.68397,349.02,0.4,0.6,2020-11-05,846,N,VIIRS,n,2,299.95,6.64,D,0
30.08465,75.52633,367,0.39,0.6,2020-11-05,846,N,VIIRS,h,2,304.76,17.74,D,0
30.0848,75.21339,367,0.38,0.59,2020-11-05,846,N,VIIRS,h,2,306.31,8.07,D,0
30.08489,75.93829,344.5,0.42,0.61,2020-11-05,846,N,VIIRS,n,2,299.3,6.15,D,0
30.0851,75.45504,346.89,0.39,0.59,2020-11-05,846,N,VIIRS,n,2,300.17,3.94,D,0
30.08522,75.85831,332.28,0.41,0.61,2020-11-05,846,N,VIIRS,n,2,300.12,3.12,D,0
30.08525,75.53472,335.96,0.39,0.6,2020-11-05,846,N,VIIRS,n,2,299.37,10.8,D,0
30.08551,75.86269,341.55,0.41,0.61,2020-11-05,846,N,VIIRS,n,2,299.34,3.12,D,0
30.08568,75.61954,345.88,0.4,0.6,2020-11-05,846,N,VIIRS,n,2,297.57,3.45,D,0
30.08571,75.06953,338.19,0.37,0.58,2020-11-05,846,N,VIIRS,n,2,302.32,3.21,D,0
30.08611,75.78798,354.66,0.41,0.61,2020-11-05,846,N,VIIRS,n,2,301.87,5.93,D,0
30.0862,75.03011,345,0.37,0.58,2020-11-05,846,N,VIIRS,n,2,302.59,2.99,D,0
30.08695,75.0103,338.6,0.37,0.58,2020-11-05,846,N,VIIRS,n,2,300.94,3.09,D,0
30.08696,75.71829,332.65,0.41,0.6,2020-11-05,846,N,VIIRS,n,2,299.3,4.35,D,0
30.08723,75.0142,335.57,0.37,0.58,2020-11-05,846,N,VIIRS,n,2,300.7,3.09,D,0
30.08834,75.02983,330.97,0.37,0.58,2020-11-05,846,N,VIIRS,n,2,299.08,1.4,D,0
30.08928,75.21281,367,0.38,0.59,2020-11-05,846,N,VIIRS,h,2,302.14,12.84,D,0
30.08982,75.3676,340.41,0.39,0.59,2020-11-05,846,N,VIIRS,n,2,298.76,6.72,D,0
30.09022,75.52586,347.53,0.39,0.6,2020-11-05,846,N,VIIRS,n,2,298.19,9.8,D,0
30.09026,75.21288,349.26,0.38,0.59,2020-11-05,846,N,VIIRS,n,2,297.7,8.07,D,0
30.09082,75.53423,348.72,0.39,0.6,2020-11-05,846,N,VIIRS,n,2,299.36,11.6,D,0
30.09197,75.10461,336.68,0.37,0.58,2020-11-05,846,N,VIIRS,n,2,299.21,4.25,D,0
30.09248,75.63606,339.05,0.4,0.6,2020-11-05,846,N,VIIRS,n,2,299.28,4.44,D,0
30.09364,75.10445,339.71,0.37,0.58,2020-11-05,846,N,VIIRS,n,2,299.23,4.1,D,0
30.09429,75.66162,346.15,0.4,0.6,2020-11-05,846,N,VIIRS,n,2,300.37,4.97,D,0
30.09459,75.66589,348.77,0.4,0.6,2020-11-05,846,N,VIIRS,n,2,300.25,7.96,D,0
30.09503,75.36337,337.86,0.39,0.59,2020-11-05,846,N,VIIRS,n,2,298.93,5.94,D,0
30.09531,75.36748,356.14,0.39,0.59,2020-11-05,846,N,VIIRS,n,2,300.42,5.94,D,0
30.09533,75.36711,356.89,0.39,0.59,2020-11-05,846,N,VIIRS,l,2,301.77,6.72,D,0
30.09559,75.37157,356.96,0.39,0.59,2020-11-05,846,N,VIIRS,l,2,301.36,26.74,D,0
30.09563,75.37121,353.72,0.39,0.59,2020-11-05,846,N,VIIRS,n,2,299.31,11.71,D,0
30.09578,75.52538,367,0.39,0.6,2020-11-05,846,N,VIIRS,h,2,302.39,9.8,D,0
30.09594,75.3753,356.89,0.39,0.59,2020-11-05,846,N,VIIRS,l,2,302.08,11.71,D,0
30.09609,75.52957,367,0.39,0.6,2020-11-05,846,N,VIIRS,h,2,301.22,11.6,D,0
30.09624,75.37939,332.55,0.39,0.59,2020-11-05,846,N,VIIRS,n,2,299.89,6.68,D,0
30.0964,76.20107,350.8,0.43,0.62,2020-11-05,846,N,VIIRS,n,2,300.39,5.26,D,0
30.09719,75.3177,367,0.38,0.59,2020-11-05,846,N,VIIRS,h,2,305.91,12.88,D,0
30.0973,75.54635,352.29,0.4,0.6,2020-11-05,846,N,VIIRS,n,2,299.48,8.43,D,0
30.0974,76.12728,331.18,0.43,0.62,2020-11-05,846,N,VIIRS,n,2,298.47,2.17,D,0
30.09748,75.31797,367,0.38,0.59,2020-11-05,846,N,VIIRS,h,2,304.86,12.95,D,0
30.09777,75.63132,343.47,0.4,0.6,2020-11-05,846,N,VIIRS,n,2,300.85,4.36,D,0
30.09779,75.32584,354.35,0.38,0.59,2020-11-05,846,N,VIIRS,n,2,300.82,22.76,D,0
30.09804,75.32611,351.46,0.38,0.59,2020-11-05,846,N,VIIRS,n,2,302.62,23.6,D,0
30.0981,75.32992,357.03,0.38,0.59,2020-11-05,846,N,VIIRS,l,2,305.88,28.25,D,0
30.09821,75.55894,336.52,0.4,0.6,2020-11-05,846,N,VIIRS,n,2,299.69,3.62,D,0
30.09831,75.33018,356.23,0.38,0.59,2020-11-05,846,N,VIIRS,l,2,303.02,25.8,D,0
30.09869,75.6441,338.89,0.4,0.6,2020-11-05,846,N,VIIRS,n,2,299.65,5.25,D,0
30.09899,75.64835,347.89,0.4,0.6,2020-11-05,846,N,VIIRS,n,2,300.94,7.86,D,0
30.09962,75.11183,333.13,0.37,0.58,2020-11-05,846,N,VIIRS,n,2,298.69,4.36,D,0
30.09975,75.43336,348,0.39,0.59,2020-11-05,846,N,VIIRS,n,2,301.44,4.53,D,0
30.10017,76.08133,367,0.43,0.62,2020-11-05,846,N,VIIRS,h,2,300.22,9.01,D,0
30.1002,75.43288,346.21,0.39,0.59,2020-11-05,846,N,VIIRS,n,2,300.99,3.56,D,0
30.10047,76.08585,331.65,0.43,0.62,2020-11-05,846,N,VIIRS,n,2,296.89,9.01,D,0
30.10056,75.0484,343.55,0.37,0.58,2020-11-05,846,N,VIIRS,n,2,299.44,4.54,D,0
30.10229,75.16747,333.09,0.38,0.58,2020-11-05,846,N,VIIRS,n,2,299.43,1.14,D,0
30.10327,75.25199,367,0.38,0.59,2020-11-05,846,N,VIIRS,h,2,301.93,4.15,D,0
30.10355,75.16745,340.81,0.38,0.58,2020-11-05,846,N,VIIRS,n,2,300.01,3.46,D,0
30.10398,75.25211,367,0.38,0.59,2020-11-05,846,N,VIIRS,h,2,302.99,6.19,D,0
30.10476,75.72977,367,0.41,0.6,2020-11-05,846,N,VIIRS,h,2,301.19,6.41,D,0
30.10557,75.90536,350.65,0.42,0.61,2020-11-05,846,N,VIIRS,n,2,298.97,3.65,D,0
30.10597,75.74704,333.96,0.41,0.6,2020-11-05,846,N,VIIRS,n,2,298.88,4.4,D,0
30.10628,75.75137,335.56,0.41,0.6,2020-11-05,846,N,VIIRS,n,2,298.93,5.99,D,0
30.10696,75.45773,332.34,0.39,0.59,2020-11-05,846,N,VIIRS,n,2,298.22,1.28,D,0
30.10718,75.37878,330.81,0.39,0.59,2020-11-05,846,N,VIIRS,n,2,298.57,2.77,D,0
30.10727,75.37843,336.29,0.39,0.59,2020-11-05,846,N,VIIRS,n,2,298.85,4.25,D,0
30.10798,76.20014,332.11,0.43,0.62,2020-11-05,846,N,VIIRS,n,2,298.84,4.59,D,0
30.10813,75.24345,335.63,0.38,0.59,2020-11-05,846,N,VIIRS,n,2,300.61,3.09,D,0
30.10864,75.48273,367,0.39,0.6,2020-11-05,846,N,VIIRS,h,2,300.86,6.2,D,0
30.10874,75.2515,336.98,0.38,0.59,2020-11-05,846,N,VIIRS,n,2,299.74,4.15,D,0
30.10889,75.24353,335.12,0.38,0.59,2020-11-05,846,N,VIIRS,n,2,300.78,4.65,D,0
30.1089,75.95413,341.7,0.42,0.61,2020-11-05,846,N,VIIRS,n,2,299.91,4.05,D,0
30.10917,75.24756,332.47,0.38,0.59,2020-11-05,846,N,VIIRS,n,2,300.98,7.39,D,0
30.10941,75.4822,367,0.39,0.59,2020-11-05,846,N,VIIRS,h,2,301.1,4.41,D,0
30.11075,76.15376,332.53,0.43,0.62,2020-11-05,846,N,VIIRS,n,2,297.44,22.25,D,0
30.11105,75.11874,367,0.37,0.58,2020-11-05,846,N,VIIRS,h,2,302.7,9.61,D,0
30.11105,76.15834,367,0.43,0.62,2020-11-05,846,N,VIIRS,h,2,312.56,22.25,D,0
30.1113,75.74224,351.96,0.41,0.6,2020-11-05,846,N,VIIRS,n,2,301.1,4.4,D,0
30.11135,76.16293,338.91,0.43,0.62,2020-11-05,846,N,VIIRS,n,2,298.2,23.97,D,0
30.11228,75.53715,336.39,0.4,0.6,2020-11-05,846,N,VIIRS,n,2,299.27,3.39,D,0
30.11264,75.68156,367,0.4,0.6,2020-11-05,846,N,VIIRS,h,2,303.86,14.44,D,0
30.1134,75.53651,341.11,0.4,0.6,2020-11-05,846,N,VIIRS,n,2,299.35,4.24,D,0
30.11371,75.54072,350.97,0.4,0.6,2020-11-05,846,N,VIIRS,n,2,300.97,4.24,D,0
30.11376,76.19968,351.1,0.43,0.62,2020-11-05,846,N,VIIRS,n,2,300.61,6.04,D,0
30.11391,75.47807,351.21,0.39,0.59,2020-11-05,846,N,VIIRS,n,2,302.95,7.45,D,0
30.11463,75.5533,342.22,0.4,0.6,2020-11-05,846,N,VIIRS,n,2,300.46,4.14,D,0
30.11465,75.47757,346.5,0.39,0.59,2020-11-05,846,N,VIIRS,n,2,301.59,4.41,D,0
30.11496,75.48173,332.02,0.39,0.59,2020-11-05,846,N,VIIRS,n,2,299.3,4.41,D,0
30.11583,75.34474,330.88,0.38,0.59,2020-11-05,846,N,VIIRS,n,2,298.52,1.58,D,0
30.11592,76.14417,334.01,0.43,0.62,2020-11-05,846,N,VIIRS,n,2,297.63,3.43,D,0
30.11595,75.34499,332.44,0.39,0.59,2020-11-05,846,N,VIIRS,n,2,298.85,1.72,D,0
30.11676,75.69056,367,0.4,0.6,2020-11-05,846,N,VIIRS,h,2,304.74,14,D,0
30.11694,75.74176,367,0.41,0.6,2020-11-05,846,N,VIIRS,h,2,301.36,8.46,D,0
30.11785,75.53664,367,0.4,0.6,2020-11-05,846,N,VIIRS,h,2,301.59,5.26,D,0
30.11786,75.75474,335.39,0.41,0.6,2020-11-05,846,N,VIIRS,n,2,298.58,4.5,D,0
30.11787,75.91768,338.03,0.42,0.61,2020-11-05,846,N,VIIRS,n,2,300,6.37,D,0
30.11813,75.54085,340.76,0.4,0.6,2020-11-05,846,N,VIIRS,n,2,299.37,5.26,D,0
30.11817,75.92211,350.05,0.42,0.61,2020-11-05,846,N,VIIRS,n,2,299.62,6.37,D,0
30.11888,75.68964,367,0.4,0.6,2020-11-05,846,N,VIIRS,h,2,304.74,14.98,D,0
30.11888,76.01624,367,0.42,0.61,2020-11-05,846,N,VIIRS,h,2,307.07,28.97,D,0
30.11894,75.61242,337.79,0.4,0.6,2020-11-05,846,N,VIIRS,n,2,299.54,4.24,D,0
30.11894,76.1026,339.08,0.43,0.62,2020-11-05,846,N,VIIRS,n,2,297.44,3.03,D,0
30.11897,75.53602,335.86,0.4,0.6,2020-11-05,846,N,VIIRS,n,2,298.99,4.24,D,0
30.11927,75.23447,343.91,0.38,0.59,2020-11-05,846,N,VIIRS,n,2,301.63,3.61,D,0
30.11927,75.54023,340.39,0.4,0.6,2020-11-05,846,N,VIIRS,n,2,299.22,4.24,D,0
30.12038,75.57458,355.15,0.4,0.6,2020-11-05,846,N,VIIRS,n,2,301.31,5.66,D,0
30.12059,75.49426,344.06,0.39,0.6,2020-11-05,846,N,VIIRS,n,2,299.94,8.47,D,0
30.12062,75.95761,356.73,0.42,0.61,2020-11-05,846,N,VIIRS,n,2,301.06,10.58,D,0
30.12066,75.57879,353.6,0.4,0.6,2020-11-05,846,N,VIIRS,n,2,300.51,6.18,D,0
30.12068,75.75098,351.8,0.41,0.6,2020-11-05,846,N,VIIRS,n,2,300.74,6.98,D,0
30.12087,75.49844,367,0.39,0.6,2020-11-05,846,N,VIIRS,h,2,303.85,8.47,D,0
30.12095,75.58303,336.56,0.4,0.6,2020-11-05,846,N,VIIRS,n,2,298.93,6.18,D,0
30.12096,75.75533,350.28,0.41,0.6,2020-11-05,846,N,VIIRS,n,2,300.63,6.98,D,0
30.12165,75.72833,344.11,0.41,0.6,2020-11-05,846,N,VIIRS,n,2,299.33,3.05,D,0
30.12175,75.49789,367,0.39,0.6,2020-11-05,846,N,VIIRS,h,2,305.36,14.58,D,0
30.12175,75.57388,353.87,0.4,0.6,2020-11-05,846,N,VIIRS,n,2,300.18,5.01,D,0
30.1219,75.04247,339.07,0.37,0.58,2020-11-05,846,N,VIIRS,n,2,299.9,5.43,D,0
30.12203,75.89508,340.64,0.42,0.61,2020-11-05,846,N,VIIRS,n,2,302.06,3.55,D,0
30.12206,75.57809,342.78,0.4,0.6,2020-11-05,846,N,VIIRS,n,2,298.86,6.48,D,0
30.12229,75.51937,367,0.39,0.6,2020-11-05,846,N,VIIRS,h,2,304.61,13.21,D,0
30.12237,75.58231,349.99,0.4,0.6,2020-11-05,846,N,VIIRS,n,2,299.57,6.48,D,0
30.12319,75.74993,333.92,0.41,0.6,2020-11-05,846,N,VIIRS,n,2,298.88,4.5,D,0
30.12326,75.91277,349.2,0.42,0.61,2020-11-05,846,N,VIIRS,n,2,298.99,7.84,D,0
30.12329,75.51878,367,0.39,0.6,2020-11-05,846,N,VIIRS,h,2,304.73,12.78,D,0
30.12341,75.53613,332.35,0.4,0.6,2020-11-05,846,N,VIIRS,n,2,299.39,5.26,D,0
30.12344,75.37316,339.89,0.39,0.59,2020-11-05,846,N,VIIRS,n,2,298.44,3.92,D,0
30.1235,75.75426,367,0.41,0.6,2020-11-05,846,N,VIIRS,h,2,301.84,4.5,D,0
30.12357,75.91721,340.15,0.42,0.61,2020-11-05,846,N,VIIRS,n,2,297.36,6.37,D,0
30.12373,75.37726,331.9,0.39,0.59,2020-11-05,846,N,VIIRS,n,2,298.55,5.39,D,0
30.12454,75.53555,338.19,0.4,0.6,2020-11-05,846,N,VIIRS,n,2,299.78,4.13,D,0
30.12463,75.72455,339.53,0.41,0.6,2020-11-05,846,N,VIIRS,n,2,299.6,6.97,D,0
30.12525,75.85934,340.65,0.41,0.61,2020-11-05,846,N,VIIRS,n,2,301.1,4.2,D,0
30.12555,75.86375,342.12,0.41,0.61,2020-11-05,846,N,VIIRS,n,2,299.15,5.72,D,0
30.12589,75.2501,367,0.38,0.59,2020-11-05,846,N,VIIRS,h,2,310.25,22.11,D,0
30.12609,75.55656,333.13,0.4,0.6,2020-11-05,846,N,VIIRS,n,2,299.73,1.78,D,0
30.1263,75.83817,331.1,0.41,0.61,2020-11-05,846,N,VIIRS,n,2,298.11,1.59,D,0
30.12666,75.71924,330.3,0.41,0.6,2020-11-05,846,N,VIIRS,n,2,298.34,3.99,D,0
30.12697,75.72355,332.54,0.41,0.6,2020-11-05,846,N,VIIRS,n,2,298.71,4.1,D,0
30.12741,75.89021,354.44,0.42,0.61,2020-11-05,846,N,VIIRS,n,2,308.56,14.02,D,0
30.1277,75.86014,342.49,0.41,0.61,2020-11-05,846,N,VIIRS,n,2,300.63,6.25,D,0
30.12772,75.89463,350.61,0.42,0.61,2020-11-05,846,N,VIIRS,n,2,301.62,14.02,D,0
30.12798,75.86454,338.42,0.41,0.61,2020-11-05,846,N,VIIRS,n,2,299.39,6.61,D,0
30.12885,75.45161,350.01,0.39,0.59,2020-11-05,846,N,VIIRS,n,2,301.59,4.06,D,0
30.12956,75.54406,342.69,0.4,0.6,2020-11-05,846,N,VIIRS,n,2,300.32,3.28,D,0
30.12966,75.89102,367,0.42,0.61,2020-11-05,846,N,VIIRS,h,2,303.47,16.73,D,0
30.1297,75.71542,331.7,0.41,0.6,2020-11-05,846,N,VIIRS,n,2,298.33,3.43,D,0
30.12976,75.76246,349.28,0.41,0.6,2020-11-05,846,N,VIIRS,n,2,301.48,2.78,D,0
30.13028,75.47241,332.8,0.39,0.59,2020-11-05,846,N,VIIRS,n,2,300.86,2.88,D,0
30.13041,75.55668,348.09,0.4,0.6,2020-11-05,846,N,VIIRS,n,2,299.77,3.58,D,0
30.13105,75.70156,355.15,0.4,0.6,2020-11-05,846,N,VIIRS,n,2,300.53,4.86,D,0
30.13127,75.02188,331.04,0.37,0.58,2020-11-05,846,N,VIIRS,n,2,301.09,3.82,D,0
30.13156,75.02578,367,0.37,0.58,2020-11-05,846,N,VIIRS,h,2,304,3.82,D,0
30.13157,76.0333,339.48,0.42,0.61,2020-11-05,846,N,VIIRS,n,2,298.1,4.37,D,0
30.13166,75.55607,331.16,0.4,0.6,2020-11-05,846,N,VIIRS,n,2,297.82,1.78,D,0
30.1321,75.41801,333.72,0.39,0.59,2020-11-05,846,N,VIIRS,n,2,298.52,2.82,D,0
30.13282,75.76302,354.95,0.41,0.6,2020-11-05,846,N,VIIRS,n,2,301.27,5.79,D,0
30.13284,75.50999,339.48,0.39,0.6,2020-11-05,846,N,VIIRS,n,2,299.13,5.17,D,0
30.1337,75.52256,332.08,0.39,0.6,2020-11-05,846,N,VIIRS,n,2,297.88,1.94,D,0
30.13382,75.44284,349.13,0.39,0.59,2020-11-05,846,N,VIIRS,n,2,299.83,6.8,D,0
30.13384,76.15192,351.89,0.43,0.62,2020-11-05,846,N,VIIRS,n,2,300.25,6,D,0
30.1344,75.45113,332.54,0.39,0.59,2020-11-05,846,N,VIIRS,n,2,299.11,2.96,D,0
30.13448,75.70199,367,0.4,0.6,2020-11-05,846,N,VIIRS,h,2,301.73,8.52,D,0
30.13453,75.21693,345.27,0.38,0.59,2020-11-05,846,N,VIIRS,n,2,301.06,6.18,D,0
30.13476,75.37627,351.28,0.39,0.59,2020-11-05,846,N,VIIRS,n,2,302.95,8.06,D,0
30.13476,75.70628,340.94,0.41,0.6,2020-11-05,846,N,VIIRS,n,2,299.3,6.65,D,0
30.13505,75.38039,367,0.39,0.59,2020-11-05,846,N,VIIRS,h,2,303.39,8.06,D,0
30.13541,75.76199,332.72,0.41,0.6,2020-11-05,846,N,VIIRS,n,2,298.66,2.78,D,0
30.13545,76.00587,354.27,0.42,0.61,2020-11-05,846,N,VIIRS,n,2,299.96,7.58,D,0
30.13559,76.0921,355.26,0.43,0.62,2020-11-05,846,N,VIIRS,n,2,304.85,22.43,D,0
30.13567,75.15647,344.81,0.38,0.58,2020-11-05,846,N,VIIRS,n,2,299.19,5.5,D,0
30.13582,75.47191,340.58,0.39,0.59,2020-11-05,846,N,VIIRS,n,2,300.04,2.98,D,0
30.1359,76.09666,367,0.43,0.62,2020-11-05,846,N,VIIRS,h,2,305.23,26.5,D,0
30.1367,76.00241,347.05,0.42,0.61,2020-11-05,846,N,VIIRS,n,2,298.04,5.34,D,0
30.13698,75.70538,338.52,0.4,0.6,2020-11-05,846,N,VIIRS,n,2,300.51,5.58,D,0
30.13698,76.0069,331.49,0.42,0.61,2020-11-05,846,N,VIIRS,n,2,297.33,5.85,D,0
30.13707,75.82843,332.01,0.41,0.61,2020-11-05,846,N,VIIRS,n,2,298.48,2.58,D,0
30.13713,75.94732,353.36,0.42,0.61,2020-11-05,846,N,VIIRS,n,2,299.39,14.49,D,0
30.13735,75.8328,336.51,0.41,0.61,2020-11-05,846,N,VIIRS,n,2,299.04,2.58,D,0
30.13744,75.95177,367,0.42,0.61,2020-11-05,846,N,VIIRS,h,2,302.12,23.42,D,0
30.13799,75.26527,350.54,0.38,0.59,2020-11-05,846,N,VIIRS,n,2,301.47,5.28,D,0
30.13816,76.21631,333.57,0.43,0.62,2020-11-05,846,N,VIIRS,n,2,298.42,2.88,D,0
30.13828,75.26931,331.91,0.38,0.59,2020-11-05,846,N,VIIRS,n,2,300.36,5.74,D,0
30.13868,75.96959,337.71,0.42,0.61,2020-11-05,846,N,VIIRS,n,2,297.95,9.63,D,0
30.13899,75.97406,367,0.42,0.61,2020-11-05,846,N,VIIRS,h,2,304.52,9.63,D,0
30.13903,75.94821,353.24,0.42,0.61,2020-11-05,846,N,VIIRS,n,2,305.06,20.15,D,0
30.13931,75.95267,341.82,0.42,0.61,2020-11-05,846,N,VIIRS,n,2,297.32,18.63,D,0
30.14007,76.33341,345.42,0.44,0.62,2020-11-05,846,N,VIIRS,n,2,302.97,2.67,D,0
30.1401,75.7015,347.14,0.4,0.6,2020-11-05,846,N,VIIRS,n,2,300.61,2.67,D,0
30.14029,75.22047,336.41,0.38,0.59,2020-11-05,846,N,VIIRS,n,2,299.34,3.05,D,0
30.1404,75.83165,347.74,0.41,0.61,2020-11-05,846,N,VIIRS,n,2,299.54,4.51,D,0
30.14044,75.97054,367,0.42,0.61,2020-11-05,846,N,VIIRS,h,2,300.35,11.21,D,0
30.14073,75.97501,367,0.42,0.61,2020-11-05,846,N,VIIRS,h,2,300.74,11.21,D,0
30.14091,75.00527,340.71,0.37,0.58,2020-11-05,846,N,VIIRS,n,2,302.49,2.65,D,0
30.14165,76.0962,335.75,0.43,0.62,2020-11-05,846,N,VIIRS,n,2,298.68,3.59,D,0
30.14229,75.70062,343.29,0.4,0.6,2020-11-05,846,N,VIIRS,n,2,299.68,4.4,D,0
30.14388,75.93437,340.34,0.42,0.61,2020-11-05,846,N,VIIRS,n,2,298.54,5.57,D,0
30.14417,75.93883,347.12,0.42,0.61,2020-11-05,846,N,VIIRS,n,2,301.17,5.57,D,0
30.14464,75.35887,337.78,0.39,0.59,2020-11-05,846,N,VIIRS,n,2,301.42,6.36,D,0
30.14522,75.36707,340.37,0.39,0.59,2020-11-05,846,N,VIIRS,n,2,301.19,5.07,D,0
30.14576,75.21997,330.61,0.38,0.59,2020-11-05,846,N,VIIRS,n,2,299.59,3.05,D,0
30.14602,76.16018,353.75,0.43,0.62,2020-11-05,846,N,VIIRS,n,2,301.8,9.18,D,0
30.14635,75.46263,338.69,0.39,0.59,2020-11-05,846,N,VIIRS,n,2,300.26,4.62,D,0
30.14658,76.16148,367,0.43,0.62,2020-11-05,846,N,VIIRS,h,2,301.53,7.97,D,0
30.14664,75.46679,344.1,0.39,0.59,2020-11-05,846,N,VIIRS,n,2,301.34,7.05,D,0
30.14685,75.55099,340.25,0.4,0.6,2020-11-05,846,N,VIIRS,n,2,298.58,2.95,D,0
30.14701,75.76537,349.63,0.41,0.6,2020-11-05,846,N,VIIRS,n,2,302.33,4.2,D,0
30.1475,75.47926,339.01,0.39,0.6,2020-11-05,846,N,VIIRS,n,2,299.63,5.7,D,0
30.14791,75.93751,367,0.42,0.61,2020-11-05,846,N,VIIRS,h,2,302.43,15.44,D,0
30.14823,75.94195,330.7,0.42,0.61,2020-11-05,846,N,VIIRS,n,2,298.17,11.06,D,0
30.14922,75.79582,353.1,0.41,0.61,2020-11-05,846,N,VIIRS,n,2,301.55,5.99,D,0
30.14975,75.76155,349.37,0.41,0.6,2020-11-05,846,N,VIIRS,n,2,300.32,5.7,D,0
30.14976,75.19939,367,0.38,0.59,2020-11-05,846,N,VIIRS,h,2,301.56,8.99,D,0
30.14987,75.93835,367,0.42,0.61,2020-11-05,846,N,VIIRS,h,2,298.56,5.57,D,0
30.14992,76.13221,349.44,0.43,0.62,2020-11-05,846,N,VIIRS,n,2,302.56,5.88,D,0
30.15004,75.76589,348.53,0.41,0.61,2020-11-05,846,N,VIIRS,n,2,301.32,8.36,D,0
30.15005,75.2034,337.32,0.38,0.59,2020-11-05,846,N,VIIRS,n,2,299.01,6.51,D,0
30.15037,76.12887,367,0.43,0.62,2020-11-05,846,N,VIIRS,h,2,303.6,8.66,D,0
30.15106,75.69624,334.84,0.4,0.6,2020-11-05,846,N,VIIRS,n,2,299.36,4.12,D,0
30.15141,75.90598,348.66,0.42,0.61,2020-11-05,846,N,VIIRS,n,2,300.66,5.15,D,0
30.15173,75.91042,331.5,0.42,0.61,2020-11-05,846,N,VIIRS,n,2,299.1,5.15,D,0
30.15176,75.79199,346.5,0.41,0.61,2020-11-05,846,N,VIIRS,n,2,299.74,12.82,D,0
30.15187,75.30484,340.21,0.38,0.59,2020-11-05,846,N,VIIRS,n,2,299.2,2.54,D,0
30.15205,75.79636,367,0.41,0.61,2020-11-05,846,N,VIIRS,h,2,307.75,12.82,D,0
30.15299,76.3513,367,0.44,0.63,2020-11-05,846,N,VIIRS,h,2,302.82,10.09,D,0
30.15304,75.09499,341.45,0.37,0.58,2020-11-05,846,N,VIIRS,n,2,299.79,3.47,D,0
30.15338,75.73074,351.52,0.41,0.6,2020-11-05,846,N,VIIRS,n,2,300.57,4.76,D,0
30.15356,75.90673,367,0.42,0.61,2020-11-05,846,N,VIIRS,h,2,301.88,7.98,D,0
30.15537,76.12717,339.8,0.43,0.62,2020-11-05,846,N,VIIRS,n,2,299.66,6.07,D,0
30.15568,76.13174,351.24,0.43,0.62,2020-11-05,846,N,VIIRS,n,2,300.44,10.04,D,0
30.15581,75.20692,337.8,0.38,0.59,2020-11-05,846,N,VIIRS,n,2,298.82,6.51,D,0
30.15611,75.21095,336.07,0.38,0.59,2020-11-05,846,N,VIIRS,n,2,299.02,4.69,D,0
30.15614,76.12839,337.69,0.43,0.62,2020-11-05,846,N,VIIRS,n,2,299.5,3.36,D,0
30.15672,75.95567,344.53,0.42,0.61,2020-11-05,846,N,VIIRS,n,2,300.28,6.91,D,0
30.15684,75.37431,331.02,0.39,0.59,2020-11-05,846,N,VIIRS,n,2,298.82,2.12,D,0
30.15686,75.14651,336.39,0.37,0.58,2020-11-05,846,N,VIIRS,n,2,298.73,4.04,D,0
30.15728,75.22702,348.12,0.38,0.59,2020-11-05,846,N,VIIRS,n,2,301.37,3.55,D,0
30.15757,75.23104,333.75,0.38,0.59,2020-11-05,846,N,VIIRS,n,2,300.16,3.55,D,0
30.15869,75.92767,350.17,0.42,0.61,2020-11-05,846,N,VIIRS,n,2,299.78,5.53,D,0
30.15875,76.07777,343.34,0.43,0.62,2020-11-05,846,N,VIIRS,n,2,298.84,3.85,D,0
30.1593,75.73457,339.32,0.41,0.6,2020-11-05,846,N,VIIRS,n,2,301.24,4.76,D,0
30.15955,75.91071,367,0.42,0.61,2020-11-05,846,N,VIIRS,h,2,302.39,7.98,D,0
30.16017,75.74757,367,0.41,0.6,2020-11-05,846,N,VIIRS,h,2,304.77,9.35,D,0
30.16059,75.95435,353.49,0.42,0.61,2020-11-05,846,N,VIIRS,n,2,298.59,5.96,D,0
30.1607,75.92845,341.08,0.42,0.61,2020-11-05,846,N,VIIRS,n,2,298.27,6.42,D,0
30.1609,75.84403,355.92,0.41,0.61,2020-11-05,846,N,VIIRS,n,2,300.38,5.94,D,0
30.16208,76.14046,340.53,0.43,0.62,2020-11-05,846,N,VIIRS,n,2,300.72,4.24,D,0
30.16214,76.05803,331.96,0.42,0.61,2020-11-05,846,N,VIIRS,n,2,299.57,4.17,D,0
30.1624,76.14505,340.51,0.43,0.62,2020-11-05,846,N,VIIRS,n,2,300.77,4.24,D,0
30.16277,76.14168,367,0.43,0.62,2020-11-05,846,N,VIIRS,h,2,302.87,8.36,D,0
30.16306,76.05458,334.24,0.43,0.62,2020-11-05,846,N,VIIRS,n,2,299.74,4.75,D,0
30.16465,75.72976,335.77,0.41,0.6,2020-11-05,846,N,VIIRS,n,2,299.26,4.44,D,0
30.16468,76.09432,344.18,0.43,0.62,2020-11-05,846,N,VIIRS,n,2,299.94,5.74,D,0
30.16472,75.64762,332.18,0.4,0.6,2020-11-05,846,N,VIIRS,n,2,298.44,1.71,D,0
30.16566,76.09549,355.55,0.43,0.62,2020-11-05,846,N,VIIRS,n,2,301.88,6.13,D,0
30.16581,75.74708,330.19,0.41,0.6,2020-11-05,846,N,VIIRS,n,2,299.9,4.45,D,0
30.16757,76.05304,333.84,0.42,0.61,2020-11-05,846,N,VIIRS,n,2,299.25,7.18,D,0
30.16789,76.05756,332.92,0.42,0.61,2020-11-05,846,N,VIIRS,n,2,298.9,4.17,D,0
30.16794,75.45236,331.86,0.39,0.59,2020-11-05,846,N,VIIRS,n,2,300.18,3.26,D,0
30.16821,76.0621,345.1,0.43,0.62,2020-11-05,846,N,VIIRS,n,2,300.3,4.17,D,0
30.16823,75.69909,330.14,0.4,0.6,2020-11-05,846,N,VIIRS,n,2,298.25,1.56,D,0
30.16824,75.45651,344.27,0.39,0.59,2020-11-05,846,N,VIIRS,n,2,302.86,6.37,D,0
30.16827,75.6173,367,0.4,0.6,2020-11-05,846,N,VIIRS,h,2,302.49,10.79,D,0
30.1685,75.01059,340.09,0.37,0.58,2020-11-05,846,N,VIIRS,n,2,302.05,3.96,D,0
30.16852,76.04958,342.42,0.42,0.61,2020-11-05,846,N,VIIRS,n,2,298.82,4.75,D,0
30.16902,75.96812,341.52,0.42,0.61,2020-11-05,846,N,VIIRS,n,2,300.58,3.8,D,0
30.1691,76.05865,344.12,0.43,0.62,2020-11-05,846,N,VIIRS,n,2,299.61,12.28,D,0
30.16931,75.97258,334.33,0.42,0.61,2020-11-05,846,N,VIIRS,n,2,300.01,3.8,D,0
30.16939,75.0223,343.54,0.37,0.58,2020-11-05,846,N,VIIRS,n,2,302.06,3.11,D,0
30.16945,75.63434,331.32,0.4,0.6,2020-11-05,846,N,VIIRS,n,2,298.87,3.66,D,0
30.17019,75.81238,367,0.41,0.61,2020-11-05,846,N,VIIRS,h,2,303.13,6.84,D,0
30.17033,75.64713,350.19,0.4,0.6,2020-11-05,846,N,VIIRS,n,2,300.94,7.79,D,0
30.1704,76.17669,351.04,0.43,0.62,2020-11-05,846,N,VIIRS,n,2,299.58,5.65,D,0
30.17062,75.65141,339.3,0.4,0.6,2020-11-05,846,N,VIIRS,n,2,299.4,5.15,D,0
30.17085,76.17797,338.51,0.43,0.62,2020-11-05,846,N,VIIRS,n,2,298.44,3.84,D,0
30.17087,75.73792,333.06,0.41,0.6,2020-11-05,846,N,VIIRS,n,2,301.16,3.51,D,0
30.17116,75.74225,330.73,0.41,0.6,2020-11-05,846,N,VIIRS,n,2,300.02,3.51,D,0
30.17283,75.85188,341.01,0.41,0.61,2020-11-05,846,N,VIIRS,n,2,299.32,4.94,D,0
30.17298,75.68569,333.65,0.4,0.6,2020-11-05,846,N,VIIRS,n,2,299.79,3.97,D,0
30.17312,75.85628,344.75,0.41,0.61,2020-11-05,846,N,VIIRS,n,2,299.94,4.94,D,0
30.17356,75.6943,330.54,0.4,0.6,2020-11-05,846,N,VIIRS,n,2,298.58,2.24,D,0
30.17488,75.88274,337.31,0.42,0.61,2020-11-05,846,N,VIIRS,n,2,300.13,3.83,D,0
30.17504,75.71584,331.05,0.41,0.6,2020-11-05,846,N,VIIRS,n,2,300.22,3.66,D,0
30.17539,75.02964,337.64,0.37,0.58,2020-11-05,846,N,VIIRS,n,2,300.77,4.71,D,0
30.17546,75.40168,355.75,0.39,0.59,2020-11-05,846,N,VIIRS,n,2,299.8,6.59,D,0
30.17621,75.73312,337.44,0.41,0.6,2020-11-05,846,N,VIIRS,n,2,302.13,7.02,D,0
30.1765,75.73743,332.71,0.41,0.6,2020-11-05,846,N,VIIRS,n,2,299.4,8.87,D,0
30.17709,75.7461,336.16,0.41,0.6,2020-11-05,846,N,VIIRS,n,2,298.1,3.36,D,0
30.17719,75.05318,353.71,0.37,0.58,2020-11-05,846,N,VIIRS,n,2,304.09,4.98,D,0
30.17785,75.28207,352.26,0.38,0.59,2020-11-05,846,N,VIIRS,n,2,299.81,6.64,D,0
30.1785,75.05226,330.45,0.37,0.58,2020-11-05,846,N,VIIRS,n,2,301.56,2.72,D,0
30.17878,75.0562,330.6,0.37,0.58,2020-11-05,846,N,VIIRS,n,2,301.53,3,D,0
30.17886,75.77215,367,0.41,0.61,2020-11-05,846,N,VIIRS,h,2,298.97,8.83,D,0
30.17993,75.46386,336.09,0.39,0.59,2020-11-05,846,N,VIIRS,n,2,300.69,3.93,D,0
30.18037,75.71105,347.84,0.41,0.6,2020-11-05,846,N,VIIRS,n,2,300.48,3.66,D,0
30.18126,75.72399,332.96,0.41,0.6,2020-11-05,846,N,VIIRS,n,2,299.86,5.02,D,0
30.18155,76.16318,348.21,0.43,0.62,2020-11-05,846,N,VIIRS,n,2,300.6,5.14,D,0
30.18184,76.16777,334.2,0.43,0.62,2020-11-05,846,N,VIIRS,n,2,298.4,4.07,D,0
30.18193,75.18844,367,0.38,0.59,2020-11-05,846,N,VIIRS,h,2,305.05,7.72,D,0
30.18204,75.9044,367,0.42,0.61,2020-11-05,846,N,VIIRS,h,2,301.58,10.71,D,0
30.18213,76.17238,334.35,0.43,0.62,2020-11-05,846,N,VIIRS,n,2,299.78,4.07,D,0
30.18252,75.19643,348.4,0.38,0.59,2020-11-05,846,N,VIIRS,n,2,300.9,13.76,D,0
30.18274,75.74562,338.04,0.41,0.6,2020-11-05,846,N,VIIRS,n,2,298.05,3.36,D,0
30.18292,75.91769,334.42,0.42,0.61,2020-11-05,846,N,VIIRS,n,2,299.33,3.08,D,0
30.18308,75.43013,339.5,0.39,0.59,2020-11-05,846,N,VIIRS,n,2,301.4,5.33,D,0
30.1832,75.5098,335.53,0.39,0.6,2020-11-05,846,N,VIIRS,n,2,300.63,10.43,D,0
30.18338,75.43427,354.2,0.39,0.59,2020-11-05,846,N,VIIRS,n,2,303.09,5.33,D,0
30.18426,75.13529,331.2,0.37,0.58,2020-11-05,846,N,VIIRS,n,2,301.83,2.23,D,0
30.18468,75.15201,350.3,0.38,0.58,2020-11-05,846,N,VIIRS,n,2,301.13,13.28,D,0
30.18498,75.15599,367,0.38,0.58,2020-11-05,846,N,VIIRS,h,2,307.08,13.28,D,0
30.18536,75.15122,335.74,0.38,0.58,2020-11-05,846,N,VIIRS,n,2,300.72,12.05,D,0
30.18541,75.70194,367,0.41,0.6,2020-11-05,846,N,VIIRS,h,2,304.9,15.89,D,0
30.18547,75.46336,344.56,0.39,0.59,2020-11-05,846,N,VIIRS,n,2,299.08,3.93,D,0
30.18563,75.1552,367,0.38,0.58,2020-11-05,846,N,VIIRS,h,2,305.16,12.05,D,0
30.18613,75.24468,342.93,0.38,0.59,2020-11-05,846,N,VIIRS,n,2,300.1,6.68,D,0
30.18739,75.18794,356.1,0.38,0.59,2020-11-05,846,N,VIIRS,n,2,298.53,7.72,D,0
30.18763,75.2649,367,0.38,0.59,2020-11-05,846,N,VIIRS,h,2,304.62,5.36,D,0
30.18808,75.74081,341.62,0.41,0.6,2020-11-05,846,N,VIIRS,n,2,299.49,8.03,D,0
30.18823,75.99805,332.69,0.42,0.61,2020-11-05,846,N,VIIRS,n,2,300.26,3.5,D,0
30.18864,75.66706,332.1,0.4,0.6,2020-11-05,846,N,VIIRS,n,2,298.48,2.33,D,0
30.18876,75.50932,367,0.39,0.6,2020-11-05,846,N,VIIRS,h,2,305.89,10.43,D,0
30.18904,75.35909,337.99,0.39,0.59,2020-11-05,846,N,VIIRS,n,2,298.6,3.5,D,0
30.18934,75.36319,334.39,0.39,0.59,2020-11-05,846,N,VIIRS,n,2,299.17,4.68,D,0
30.18952,75.44207,333.62,0.39,0.59,2020-11-05,846,N,VIIRS,n,2,300.3,3.19,D,0
30.18986,75.85042,340.11,0.41,0.61,2020-11-05,846,N,VIIRS,n,2,299.76,4.48,D,0
30.1901,75.22404,338.81,0.38,0.59,2020-11-05,846,N,VIIRS,n,2,299.99,3.93,D,0
30.19031,75.22338,342.25,0.38,0.59,2020-11-05,846,N,VIIRS,n,2,299.79,3.27,D,0
30.19311,75.26442,333.28,0.38,0.59,2020-11-05,846,N,VIIRS,n,2,297.91,5.36,D,0
30.19335,75.26785,344.67,0.38,0.59,2020-11-05,846,N,VIIRS,n,2,300.41,6.28,D,0
30.19342,75.26848,341.21,0.38,0.59,2020-11-05,846,N,VIIRS,n,2,299.94,5.36,D,0
30.19386,76.08401,345.21,0.43,0.62,2020-11-05,846,N,VIIRS,n,2,301.27,4.17,D,0
30.19446,75.58939,334.77,0.4,0.6,2020-11-05,846,N,VIIRS,n,2,300.38,4.58,D,0
30.19456,75.35862,335.6,0.39,0.59,2020-11-05,846,N,VIIRS,n,2,299.92,5.36,D,0
30.19526,75.14704,333.5,0.38,0.58,2020-11-05,846,N,VIIRS,n,2,299.35,2.77,D,0
30.19583,75.52978,340.43,0.4,0.6,2020-11-05,846,N,VIIRS,n,2,299.53,3.96,D,0
30.19598,75.14621,330.23,0.38,0.58,2020-11-05,846,N,VIIRS,n,2,299.07,3.21,D,0
30.19646,75.09106,345.79,0.37,0.58,2020-11-05,846,N,VIIRS,n,2,302.24,4.61,D,0
30.19737,75.10291,331.26,0.37,0.58,2020-11-05,846,N,VIIRS,n,2,300.66,2.47,D,0
30.19747,75.63194,357.18,0.4,0.6,2020-11-05,846,N,VIIRS,l,2,299.53,5.17,D,0
30.19753,75.09016,344.7,0.37,0.58,2020-11-05,846,N,VIIRS,n,2,301.65,4.21,D,0
30.19758,75.39975,367,0.39,0.59,2020-11-05,846,N,VIIRS,h,2,303.74,7.13,D,0
30.19777,75.63621,335.73,0.4,0.6,2020-11-05,846,N,VIIRS,n,2,297.71,5.17,D,0
30.19781,75.09411,331.12,0.37,0.58,2020-11-05,846,N,VIIRS,n,2,298.51,4.43,D,0
30.19808,75.48323,344.41,0.39,0.6,2020-11-05,846,N,VIIRS,n,2,299.54,4.27,D,0
30.19919,76.16638,348.25,0.43,0.62,2020-11-05,846,N,VIIRS,n,2,299.83,5.32,D,0
30.20005,75.58889,337.78,0.4,0.6,2020-11-05,846,N,VIIRS,n,2,301.34,6.4,D,0
30.2003,75.43696,334.87,0.39,0.59,2020-11-05,846,N,VIIRS,n,2,300.44,11.15,D,0
30.20065,75.5974,350.64,0.4,0.6,2020-11-05,846,N,VIIRS,n,2,300.06,6.56,D,0
30.20096,75.60165,356.89,0.4,0.6,2020-11-05,846,N,VIIRS,n,2,300.74,6.56,D,0
30.20176,76.3919,333.56,0.45,0.63,2020-11-05,846,N,VIIRS,n,2,303.56,9.89,D,0
30.20205,76.39665,367,0.45,0.63,2020-11-05,846,N,VIIRS,h,2,307.43,9.89,D,0
30.20302,75.41125,336.72,0.39,0.59,2020-11-05,846,N,VIIRS,n,2,300.87,2.47,D,0
30.20402,75.41165,335.89,0.39,0.59,2020-11-05,846,N,VIIRS,n,2,300.75,2.64,D,0
30.20441,75.43198,341,0.39,0.59,2020-11-05,846,N,VIIRS,n,2,301.05,11.23,D,0
30.20469,75.43613,367,0.39,0.59,2020-11-05,846,N,VIIRS,h,2,305.6,23.89,D,0
30.20531,75.74372,332.46,0.41,0.6,2020-11-05,846,N,VIIRS,n,2,300.39,1.98,D,0
30.20538,75.82702,367,0.41,0.61,2020-11-05,846,N,VIIRS,h,2,300.99,7.45,D,0
30.20554,75.43233,340.98,0.39,0.59,2020-11-05,846,N,VIIRS,n,2,300.48,10.88,D,0
30.20564,75.5884,355.48,0.4,0.6,2020-11-05,846,N,VIIRS,n,2,300.74,6.4,D,0
30.20584,75.43648,367,0.39,0.59,2020-11-05,846,N,VIIRS,h,2,303.18,11.15,D,0
30.20712,75.23065,338.67,0.38,0.59,2020-11-05,846,N,VIIRS,n,2,298.72,3.14,D,0
30.20729,75.22997,338.53,0.38,0.59,2020-11-05,846,N,VIIRS,n,2,299.04,2.22,D,0
30.20746,75.61394,333.9,0.4,0.6,2020-11-05,846,N,VIIRS,n,2,299.09,2.03,D,0
30.20782,76.30121,343.83,0.44,0.62,2020-11-05,846,N,VIIRS,n,2,301.56,3.11,D,0
30.20838,75.62671,341.85,0.4,0.6,2020-11-05,846,N,VIIRS,n,2,299.95,4.98,D,0
30.2084,75.87105,335,0.41,0.61,2020-11-05,846,N,VIIRS,n,2,299.62,3.26,D,0
30.20868,75.63097,340.6,0.4,0.6,2020-11-05,846,N,VIIRS,n,2,298.73,7.37,D,0
30.21,76.42957,347.37,0.45,0.63,2020-11-05,846,N,VIIRS,n,2,300.51,8.32,D,0
30.21045,75.20201,331.97,0.38,0.59,2020-11-05,846,N,VIIRS,n,2,298.28,2.43,D,0
30.21075,75.20602,336.79,0.38,0.59,2020-11-05,846,N,VIIRS,n,2,298.5,4.15,D,0
30.21092,75.12483,334.02,0.37,0.58,2020-11-05,846,N,VIIRS,n,2,300.1,2.02,D,0
30.21095,75.74324,333.36,0.41,0.6,2020-11-05,846,N,VIIRS,n,2,298.19,2.89,D,0
30.21108,75.20527,341.93,0.38,0.59,2020-11-05,846,N,VIIRS,n,2,298.92,4.94,D,0
30.21111,75.91085,335.74,0.42,0.61,2020-11-05,846,N,VIIRS,n,2,300.28,2.94,D,0
30.21123,75.58792,345.96,0.4,0.6,2020-11-05,846,N,VIIRS,n,2,298.41,3.84,D,0
30.21133,75.51157,352.6,0.39,0.6,2020-11-05,846,N,VIIRS,n,2,300.36,5.61,D,0
30.21136,75.21405,330.68,0.38,0.59,2020-11-05,846,N,VIIRS,n,2,298.72,1.73,D,0
30.21155,76.26793,332.21,0.44,0.62,2020-11-05,846,N,VIIRS,n,2,301.19,4.03,D,0
30.21156,75.75191,330.61,0.41,0.6,2020-11-05,846,N,VIIRS,n,2,298.24,2.58,D,0
30.21185,76.27262,336.7,0.44,0.62,2020-11-05,846,N,VIIRS,n,2,300.58,4.03,D,0
30.21212,75.06497,331.94,0.37,0.58,2020-11-05,846,N,VIIRS,n,2,300.68,6.58,D,0
30.21232,75.14472,334.2,0.38,0.58,2020-11-05,846,N,VIIRS,n,2,297.88,3.78,D,0
30.2124,75.06891,345.63,0.37,0.58,2020-11-05,846,N,VIIRS,n,2,303.8,7.22,D,0
30.21288,75.15271,355.28,0.38,0.58,2020-11-05,846,N,VIIRS,n,2,304.32,18.73,D,0
30.21293,75.69093,340.96,0.4,0.6,2020-11-05,846,N,VIIRS,n,2,297.96,3.47,D,0
30.21316,75.15669,338.47,0.38,0.58,2020-11-05,846,N,VIIRS,n,2,299.11,15.36,D,0
30.21325,75.08074,344.06,0.37,0.58,2020-11-05,846,N,VIIRS,n,2,303.61,6.17,D,0
30.21346,75.54095,336.7,0.4,0.6,2020-11-05,846,N,VIIRS,n,2,299.43,3.97,D,0
30.21401,75.16868,340.77,0.38,0.58,2020-11-05,846,N,VIIRS,n,2,299.58,3.31,D,0
30.21401,75.32747,345.78,0.39,0.59,2020-11-05,846,N,VIIRS,n,2,299.84,4.07,D,0
30.21447,75.328,347.2,0.38,0.59,2020-11-05,846,N,VIIRS,n,2,300.08,4.92,D,0
30.21515,76.32428,337.25,0.44,0.62,2020-11-05,846,N,VIIRS,n,2,301.77,3.78,D,0
30.21525,75.51086,367,0.4,0.6,2020-11-05,846,N,VIIRS,h,2,300.27,10.42,D,0
30.21544,76.32899,350.87,0.44,0.62,2020-11-05,846,N,VIIRS,n,2,303.52,3.78,D,0
30.21551,75.11243,351.84,0.37,0.58,2020-11-05,846,N,VIIRS,n,2,301.94,8.34,D,0
30.21579,75.11641,367,0.37,0.58,2020-11-05,846,N,VIIRS,h,2,303.43,13.21,D,0
30.21605,75.4393,340.23,0.39,0.59,2020-11-05,846,N,VIIRS,n,2,299.33,7.12,D,0
30.21614,75.27803,339.19,0.38,0.59,2020-11-05,846,N,VIIRS,n,2,299.9,3.55,D,0
30.21628,75.27871,335.39,0.38,0.59,2020-11-05,846,N,VIIRS,n,2,299.51,3.69,D,0
30.21633,75.44347,357.18,0.39,0.59,2020-11-05,846,N,VIIRS,l,2,300.83,11.54,D,0
30.21681,75.91038,335.95,0.42,0.61,2020-11-05,846,N,VIIRS,n,2,301.51,2.94,D,0
30.21687,75.9957,367,0.42,0.61,2020-11-05,846,N,VIIRS,h,2,303.96,7.35,D,0
30.21689,75.51109,341.17,0.39,0.6,2020-11-05,846,N,VIIRS,n,2,297.39,4.47,D,0
30.2172,75.54029,333.8,0.4,0.6,2020-11-05,846,N,VIIRS,n,2,298.61,4.55,D,0
30.21723,75.43967,340.9,0.39,0.59,2020-11-05,846,N,VIIRS,n,2,298.62,7.24,D,0
30.21739,75.21685,339.04,0.38,0.59,2020-11-05,846,N,VIIRS,n,2,299.25,6.77,D,0
30.21754,75.44381,356.72,0.39,0.59,2020-11-05,846,N,VIIRS,l,2,300.36,12.47,D,0
30.21767,75.22088,340.06,0.38,0.59,2020-11-05,846,N,VIIRS,n,2,299.63,6.66,D,0
30.21782,75.06841,367,0.37,0.58,2020-11-05,846,N,VIIRS,h,2,303.96,7.22,D,0
30.21794,75.38499,367,0.39,0.59,2020-11-05,846,N,VIIRS,h,2,303.85,7.12,D,0
30.21804,75.55296,367,0.4,0.6,2020-11-05,846,N,VIIRS,h,2,301.75,10.56,D,0
30.21877,75.38544,367,0.39,0.59,2020-11-05,846,N,VIIRS,h,2,303.95,11.29,D,0
30.2193,76.11858,367,0.43,0.62,2020-11-05,846,N,VIIRS,h,2,301.36,7.06,D,0
30.2196,76.12317,339.59,0.43,0.62,2020-11-05,846,N,VIIRS,n,2,299.83,7.06,D,0
30.21978,76.30503,335.86,0.44,0.62,2020-11-05,846,N,VIIRS,n,2,300.78,2.95,D,0
30.2199,76.0408,340.87,0.42,0.61,2020-11-05,846,N,VIIRS,n,2,298.94,4.1,D,0
30.21995,75.55311,367,0.4,0.6,2020-11-05,846,N,VIIRS,h,2,301.21,9.14,D,0
30.22059,75.18419,367,0.38,0.59,2020-11-05,846,N,VIIRS,h,2,300.49,7.16,D,0
30.22087,75.1882,334.74,0.38,0.59,2020-11-05,846,N,VIIRS,n,2,298.85,7.14,D,0
30.22098,76.32382,330.65,0.44,0.62,2020-11-05,846,N,VIIRS,n,2,302.63,3.78,D,0
30.22106,75.26943,331.93,0.38,0.59,2020-11-05,846,N,VIIRS,n,2,299.82,4.14,D,0
30.22128,76.32853,331.35,0.44,0.62,2020-11-05,846,N,VIIRS,n,2,301.92,3.78,D,0
30.22137,76.239,330.29,0.44,0.62,2020-11-05,846,N,VIIRS,l,2,301.23,1.73,D,0
30.22219,76.34269,338.14,0.44,0.63,2020-11-05,846,N,VIIRS,n,2,300.28,2.28,D,0
30.22242,75.58698,341.81,0.4,0.6,2020-11-05,846,N,VIIRS,n,2,300.07,4.07,D,0
30.2225,75.53559,346.26,0.4,0.6,2020-11-05,846,N,VIIRS,n,2,302.21,7.93,D,0
30.22385,76.09985,367,0.43,0.62,2020-11-05,846,N,VIIRS,h,2,304.29,15.4,D,0
30.22398,75.38084,354.82,0.39,0.59,2020-11-05,846,N,VIIRS,n,2,303.44,7.66,D,0
30.22428,75.23653,330.55,0.38,0.59,2020-11-05,846,N,VIIRS,n,2,299.97,4.7,D,0
30.2243,75.53577,367,0.4,0.6,2020-11-05,846,N,VIIRS,h,2,305.08,18.67,D,0
30.22465,75.94108,334.88,0.42,0.61,2020-11-05,846,N,VIIRS,n,2,298.88,4.56,D,0
30.22496,75.94553,335.55,0.42,0.61,2020-11-05,846,N,VIIRS,n,2,299.01,8.93,D,0
30.22587,75.58638,341.85,0.4,0.6,2020-11-05,846,N,VIIRS,n,2,299.14,3.89,D,0
30.22655,75.26891,350.02,0.38,0.59,2020-11-05,846,N,VIIRS,n,2,300.17,4.78,D,0
30.22668,75.77238,367,0.41,0.61,2020-11-05,846,N,VIIRS,h,2,309.79,15.89,D,0
30.22682,76.32337,335.87,0.44,0.62,2020-11-05,846,N,VIIRS,n,2,301.83,3.14,D,0
30.22684,75.27298,341.78,0.38,0.59,2020-11-05,846,N,VIIRS,n,2,298.24,4.78,D,0
30.22771,75.50593,341.29,0.39,0.6,2020-11-05,846,N,VIIRS,n,2,300.15,2.21,D,0
30.22786,75.36752,367,0.39,0.59,2020-11-05,846,N,VIIRS,h,2,302.71,8.51,D,0
30.22807,75.53507,367,0.4,0.6,2020-11-05,846,N,VIIRS,h,2,301.15,7.93,D,0
30.22836,75.53929,353.47,0.4,0.6,2020-11-05,846,N,VIIRS,n,2,300.89,7.93,D,0
30.22871,75.37988,367,0.39,0.59,2020-11-05,846,N,VIIRS,h,2,301.36,8.07,D,0
30.23003,75.77221,353.79,0.41,0.61,2020-11-05,846,N,VIIRS,n,2,308.11,24.69,D,0
30.23018,75.5395,348.9,0.4,0.6,2020-11-05,846,N,VIIRS,n,2,300.87,6.64,D,0
30.23025,76.19637,354.5,0.43,0.62,2020-11-05,846,N,VIIRS,n,2,303.59,7.1,D,0
30.23034,75.77657,336.29,0.41,0.61,2020-11-05,846,N,VIIRS,n,2,298.64,20.21,D,0
30.23055,76.201,367,0.43,0.62,2020-11-05,846,N,VIIRS,h,2,303.59,22.49,D,0
30.23093,75.75014,355.57,0.41,0.61,2020-11-05,846,N,VIIRS,n,2,300.14,10.78,D,0
30.23121,75.75449,367,0.41,0.61,2020-11-05,846,N,VIIRS,h,2,299.97,10.78,D,0
30.23123,75.17918,336.51,0.38,0.59,2020-11-05,846,N,VIIRS,n,2,300.3,6.61,D,0
30.23166,75.50517,351.33,0.39,0.6,2020-11-05,846,N,VIIRS,n,2,301,4.14,D,0
30.23224,75.35059,333.94,0.39,0.59,2020-11-05,846,N,VIIRS,n,2,300.41,3.18,D,0
30.23228,75.72403,332.24,0.41,0.6,2020-11-05,846,N,VIIRS,n,2,298.05,4.15,D,0
30.23233,75.7719,367,0.41,0.61,2020-11-05,846,N,VIIRS,h,2,298.57,15.89,D,0
30.23259,75.72835,338.34,0.41,0.6,2020-11-05,846,N,VIIRS,n,2,298.54,4.15,D,0
30.23261,75.77626,367,0.41,0.61,2020-11-05,846,N,VIIRS,h,2,301.02,25.6,D,0
30.23294,75.20328,349.89,0.38,0.59,2020-11-05,846,N,VIIRS,n,2,301.13,6.1,D,0
30.23311,75.81587,333.56,0.41,0.61,2020-11-05,846,N,VIIRS,n,2,299.04,4.03,D,0
30.23313,75.98086,367,0.42,0.61,2020-11-05,846,N,VIIRS,h,2,301.46,6.47,D,0
30.23328,75.50545,331.71,0.39,0.6,2020-11-05,846,N,VIIRS,n,2,297.98,2.21,D,0
30.23343,75.82025,351,0.41,0.61,2020-11-05,846,N,VIIRS,n,2,301.16,7.26,D,0
30.23343,75.98534,340.12,0.42,0.61,2020-11-05,846,N,VIIRS,n,2,300.23,6.47,D,0
30.23414,75.75003,356.01,0.41,0.6,2020-11-05,846,N,VIIRS,n,2,299.16,9.56,D,0
30.23421,75.54303,352.13,0.4,0.6,2020-11-05,846,N,VIIRS,n,2,301.42,5.02,D,0
30.23445,75.75436,367,0.41,0.6,2020-11-05,846,N,VIIRS,h,2,300.57,9.56,D,0
30.23451,76.17278,367,0.43,0.62,2020-11-05,846,N,VIIRS,h,2,303.19,12.41,D,0
30.23515,75.81567,342.14,0.41,0.61,2020-11-05,846,N,VIIRS,n,2,299.32,5.61,D,0
30.23516,75.72794,345.17,0.41,0.6,2020-11-05,846,N,VIIRS,n,2,298.24,7.49,D,0
30.23543,75.82006,346.69,0.41,0.61,2020-11-05,846,N,VIIRS,n,2,300.42,8.66,D,0
30.23581,75.09058,367,0.37,0.58,2020-11-05,846,N,VIIRS,h,2,301.67,5.45,D,0
30.23589,76.02128,345.39,0.42,0.61,2020-11-05,846,N,VIIRS,n,2,300.14,2.6,D,0
30.23599,75.77609,367,0.41,0.61,2020-11-05,846,N,VIIRS,h,2,303.33,11.99,D,0
30.23604,76.1959,347.71,0.43,0.62,2020-11-05,846,N,VIIRS,n,2,302.29,7.1,D,0
30.23607,75.54324,348.3,0.4,0.6,2020-11-05,846,N,VIIRS,n,2,300.47,6.14,D,0
30.2364,75.17467,356.13,0.38,0.59,2020-11-05,846,N,VIIRS,n,2,302.53,10.65,D,0
30.23651,75.41244,339.26,0.39,0.59,2020-11-05,846,N,VIIRS,n,2,299.43,1.76,D,0
30.23725,75.1104,332.78,0.37,0.58,2020-11-05,846,N,VIIRS,n,2,299.69,2.16,D,0
30.23754,75.11439,333.3,0.37,0.58,2020-11-05,846,N,VIIRS,n,2,300.67,3.51,D,0
30.23827,75.77578,336.7,0.41,0.61,2020-11-05,846,N,VIIRS,n,2,299.65,3.34,D,0
30.23854,75.73221,351.56,0.41,0.6,2020-11-05,846,N,VIIRS,n,2,300.07,6.41,D,0
30.23961,75.6237,330.69,0.4,0.6,2020-11-05,846,N,VIIRS,n,2,299.34,2.2,D,0
30.24039,76.00283,331.09,0.42,0.61,2020-11-05,846,N,VIIRS,n,2,299.37,4.71,D,0
30.24043,75.60253,342.88,0.4,0.6,2020-11-05,846,N,VIIRS,n,2,299.65,3.07,D,0
30.24052,75.72312,367,0.41,0.6,2020-11-05,846,N,VIIRS,h,2,300.09,7.49,D,0
30.2407,76.00731,349.91,0.42,0.61,2020-11-05,846,N,VIIRS,n,2,301.44,7.85,D,0
30.24109,75.73179,367,0.41,0.6,2020-11-05,846,N,VIIRS,h,2,300.33,9.19,D,0
30.24125,76.00291,342.27,0.42,0.61,2020-11-05,846,N,VIIRS,n,2,300.54,5.89,D,0
30.24153,76.0074,341.88,0.42,0.61,2020-11-05,846,N,VIIRS,n,2,300.17,7.62,D,0
30.2424,75.33727,367,0.39,0.59,2020-11-05,846,N,VIIRS,h,2,301.31,15.42,D,0
30.2433,75.19424,339.5,0.38,0.59,2020-11-05,846,N,VIIRS,n,2,299.32,5.58,D,0
30.24356,75.72307,367,0.41,0.6,2020-11-05,846,N,VIIRS,h,2,299.51,10.16,D,0
30.24379,75.6019,339.42,0.4,0.6,2020-11-05,846,N,VIIRS,n,2,298.89,3.92,D,0
30.24384,75.35782,353.75,0.39,0.59,2020-11-05,846,N,VIIRS,n,2,301.23,16.13,D,0
30.24413,75.36192,367,0.39,0.59,2020-11-05,846,N,VIIRS,h,2,306.88,16.13,D,0
30.24418,75.73173,331.71,0.41,0.6,2020-11-05,846,N,VIIRS,n,2,297.27,2.13,D,0
30.24492,75.45351,355.29,0.39,0.59,2020-11-05,846,N,VIIRS,n,2,300.94,4.45,D,0
30.24499,75.37427,345.74,0.39,0.59,2020-11-05,846,N,VIIRS,n,2,301.13,5.44,D,0
30.24528,75.37839,367,0.39,0.59,2020-11-05,846,N,VIIRS,h,2,301.07,5.44,D,0
30.24615,76.26049,367,0.44,0.62,2020-11-05,846,N,VIIRS,h,2,302.75,7.12,D,0
30.247,75.69236,342.28,0.4,0.6,2020-11-05,846,N,VIIRS,n,2,299.04,2.51,D,0
30.24734,75.32858,349.39,0.39,0.59,2020-11-05,846,N,VIIRS,n,2,300.56,7.5,D,0
30.24936,75.96603,349.78,0.42,0.61,2020-11-05,846,N,VIIRS,n,2,299.85,3,D,0
30.24938,75.6014,336.54,0.4,0.6,2020-11-05,846,N,VIIRS,n,2,299.01,4.61,D,0
30.24967,75.60566,346.94,0.4,0.6,2020-11-05,846,N,VIIRS,n,2,300.17,4.61,D,0
30.24979,75.69189,367,0.41,0.6,2020-11-05,846,N,VIIRS,h,2,302.07,10.11,D,0
30.25044,75.96599,367,0.42,0.61,2020-11-05,846,N,VIIRS,h,2,300,6.23,D,0
30.25181,75.08513,348.34,0.37,0.58,2020-11-05,846,N,VIIRS,n,2,302.54,3.49,D,0
30.25264,76.35925,333.02,0.44,0.63,2020-11-05,846,N,VIIRS,n,2,301.08,2.04,D,0
30.25301,75.82738,331.71,0.41,0.61,2020-11-05,846,N,VIIRS,n,2,298.6,3.38,D,0
30.25382,75.94767,367,0.42,0.61,2020-11-05,846,N,VIIRS,h,2,301.88,9.97,D,0
30.25414,75.95213,353.28,0.42,0.61,2020-11-05,846,N,VIIRS,n,2,302.05,12.05,D,0
30.25437,75.76122,352.89,0.41,0.61,2020-11-05,846,N,VIIRS,n,2,301.75,4.14,D,0
30.25502,75.94759,352.61,0.42,0.61,2020-11-05,846,N,VIIRS,n,2,306.92,23.77,D,0
30.25508,75.96556,333.85,0.42,0.61,2020-11-05,846,N,VIIRS,n,2,298.47,3,D,0
30.25527,75.60516,346.12,0.4,0.6,2020-11-05,846,N,VIIRS,n,2,300.86,4.61,D,0
30.25531,75.95206,367,0.42,0.61,2020-11-05,846,N,VIIRS,h,2,303.11,27.67,D,0
30.25572,75.44835,367,0.39,0.59,2020-11-05,846,N,VIIRS,h,2,305.08,15.13,D,0
30.25673,75.82716,344.91,0.41,0.61,2020-11-05,846,N,VIIRS,n,2,299.22,4.23,D,0
30.25691,75.38564,343.12,0.39,0.59,2020-11-05,846,N,VIIRS,n,2,303.11,3.48,D,0
30.25841,75.10047,349.56,0.37,0.58,2020-11-05,846,N,VIIRS,n,2,302.08,3.8,D,0
30.25868,75.82692,340.87,0.41,0.61,2020-11-05,846,N,VIIRS,n,2,299.23,3.38,D,0
30.25887,75.74333,350.77,0.41,0.6,2020-11-05,846,N,VIIRS,n,2,300.17,5.23,D,0
30.259,75.10841,367,0.37,0.58,2020-11-05,846,N,VIIRS,h,2,304.94,8.63,D,0
30.25954,75.9472,367,0.42,0.61,2020-11-05,846,N,VIIRS,h,2,300.48,15.82,D,0
30.25985,75.95168,367,0.42,0.61,2020-11-05,846,N,VIIRS,h,2,300.74,19.72,D,0
30.26003,75.76073,341.75,0.41,0.61,2020-11-05,846,N,VIIRS,n,2,299.98,10.57,D,0
30.26032,75.76511,367,0.41,0.61,2020-11-05,846,N,VIIRS,h,2,308.76,26.9,D,0
30.26046,75.12827,345.23,0.37,0.58,2020-11-05,846,N,VIIRS,n,2,301.23,3.59,D,0
30.26127,75.36868,341.23,0.39,0.59,2020-11-05,846,N,VIIRS,n,2,300.05,3,D,0
30.2622,75.70818,331.35,0.41,0.6,2020-11-05,846,N,VIIRS,n,2,299.13,4.35,D,0
30.2625,75.00891,333.23,0.37,0.58,2020-11-05,846,N,VIIRS,n,2,299.73,3.11,D,0
30.26377,75.64744,330.01,0.4,0.6,2020-11-05,846,N,VIIRS,n,2,298.97,2.61,D,0
30.26378,75.81766,342.12,0.41,0.61,2020-11-05,846,N,VIIRS,n,2,300,5.91,D,0
30.26436,75.82644,336.56,0.41,0.61,2020-11-05,846,N,VIIRS,n,2,297.69,3.07,D,0
30.26437,76.38278,330.16,0.45,0.63,2020-11-05,846,N,VIIRS,l,2,301.09,3.76,D,0
30.26477,75.49804,334.12,0.39,0.6,2020-11-05,846,N,VIIRS,n,2,300.92,2.99,D,0
30.26526,75.26951,340.56,0.38,0.59,2020-11-05,846,N,VIIRS,n,2,299.75,4.3,D,0
30.26568,75.76025,367,0.41,0.61,2020-11-05,846,N,VIIRS,h,2,303.46,10.57,D,0
30.2661,75.68183,367,0.4,0.6,2020-11-05,846,N,VIIRS,h,2,300.3,8.77,D,0
30.26638,75.68614,339.52,0.41,0.6,2020-11-05,846,N,VIIRS,n,2,299.49,9.07,D,0
30.26647,75.60419,332.37,0.4,0.6,2020-11-05,846,N,VIIRS,n,2,298.28,3.28,D,0
30.26676,75.60846,337.05,0.4,0.6,2020-11-05,846,N,VIIRS,n,2,298.93,4.74,D,0
30.26678,76.05063,334.37,0.43,0.62,2020-11-05,846,N,VIIRS,n,2,300.11,2.76,D,0
30.26681,75.52745,332.62,0.4,0.6,2020-11-05,846,N,VIIRS,n,2,299.13,1.75,D,0
30.26719,76.43055,367,0.45,0.63,2020-11-05,846,N,VIIRS,h,2,302.6,9.42,D,0
30.26722,75.07181,367,0.37,0.58,2020-11-05,846,N,VIIRS,h,2,305.24,9.42,D,0
30.26733,76.05074,337.22,0.43,0.62,2020-11-05,846,N,VIIRS,n,2,300.47,2.5,D,0
30.26742,75.78647,354.83,0.41,0.61,2020-11-05,846,N,VIIRS,n,2,301.27,12.49,D,0
30.26748,76.43532,332.6,0.45,0.63,2020-11-05,846,N,VIIRS,n,2,300.58,9.29,D,0
30.26771,75.79085,367,0.41,0.61,2020-11-05,846,N,VIIRS,h,2,301.54,18.38,D,0
30.26796,75.38466,344.79,0.39,0.59,2020-11-05,846,N,VIIRS,n,2,302.69,4.94,D,0
30.26839,75.08759,334.82,0.37,0.58,2020-11-05,846,N,VIIRS,n,2,301.22,5.98,D,0
30.26869,75.09156,330.28,0.37,0.58,2020-11-05,846,N,VIIRS,n,2,300.37,5.98,D,0
30.26879,76.24934,337.26,0.44,0.62,2020-11-05,846,N,VIIRS,n,2,299.95,7.22,D,0
30.26887,75.80839,367,0.41,0.61,2020-11-05,846,N,VIIRS,h,2,305.54,19.47,D,0
30.26904,76.42977,341.64,0.45,0.63,2020-11-05,846,N,VIIRS,n,2,301.04,6.88,D,0
30.26915,75.56126,338.74,0.4,0.6,2020-11-05,846,N,VIIRS,n,2,300.83,3.63,D,0
30.26935,76.43454,353.64,0.45,0.63,2020-11-05,846,N,VIIRS,n,2,302.43,10.38,D,0
30.26938,75.64695,333.87,0.4,0.6,2020-11-05,846,N,VIIRS,n,2,297.81,2.61,D,0
30.26967,75.33073,330.49,0.39,0.59,2020-11-05,846,N,VIIRS,n,2,299.98,1.59,D,0
30.26968,75.03194,342.91,0.37,0.58,2020-11-05,846,N,VIIRS,n,2,302.11,5.25,D,0
30.27161,76.21204,345.76,0.44,0.62,2020-11-05,846,N,VIIRS,n,2,301.02,7.89,D,0
30.27172,75.35946,331.82,0.39,0.59,2020-11-05,846,N,VIIRS,n,2,300.26,1.46,D,0
30.27208,76.21168,351.95,0.44,0.62,2020-11-05,846,N,VIIRS,n,2,301.85,8.21,D,0
30.27269,75.21999,357.25,0.38,0.59,2020-11-05,846,N,VIIRS,l,2,301.8,6.7,D,0
30.27274,75.95511,335.75,0.42,0.61,2020-11-05,846,N,VIIRS,n,2,299.01,2.3,D,0
30.27289,75.69859,367,0.41,0.6,2020-11-05,846,N,VIIRS,h,2,300.58,6.2,D,0
30.27295,75.45523,355.69,0.39,0.59,2020-11-05,846,N,VIIRS,n,2,302.12,8.7,D,0
30.27295,75.6165,340.79,0.4,0.6,2020-11-05,846,N,VIIRS,n,2,298.85,4.73,D,0
30.27308,75.78597,367,0.41,0.61,2020-11-05,846,N,VIIRS,h,2,298.18,10.02,D,0
30.27324,75.62077,350,0.4,0.6,2020-11-05,846,N,VIIRS,n,2,299.72,4.73,D,0
30.27337,75.79036,355.18,0.41,0.61,2020-11-05,846,N,VIIRS,n,2,298.76,14.57,D,0
30.27349,75.38417,367,0.39,0.59,2020-11-05,846,N,VIIRS,h,2,300.31,4.94,D,0
30.27382,75.0871,367,0.37,0.58,2020-11-05,846,N,VIIRS,h,2,305.81,5.98,D,0
30.27454,75.80789,344.95,0.41,0.61,2020-11-05,846,N,VIIRS,n,2,298.11,5.79,D,0
30.27466,76.35809,367,0.44,0.63,2020-11-05,846,N,VIIRS,h,2,309.11,24.19,D,0
30.27605,76.35747,367,0.44,0.63,2020-11-05,846,N,VIIRS,h,2,308.78,25.96,D,0
30.27606,75.34254,367,0.39,0.59,2020-11-05,846,N,VIIRS,h,2,304.96,8.97,D,0
30.27649,75.12283,351.12,0.37,0.58,2020-11-05,846,N,VIIRS,n,2,300.08,3.57,D,0
30.27654,76.1976,367,0.43,0.62,2020-11-05,846,N,VIIRS,h,2,302.32,6.38,D,0
30.2768,76.01809,340.37,0.42,0.61,2020-11-05,846,N,VIIRS,n,2,301.06,3.06,D,0
30.27692,76.19732,356.54,0.43,0.62,2020-11-05,846,N,VIIRS,n,2,302.09,6.44,D,0
30.27698,75.75928,345.58,0.41,0.61,2020-11-05,846,N,VIIRS,n,2,299.14,3.96,D,0
30.27724,75.35896,338.37,0.39,0.59,2020-11-05,846,N,VIIRS,n,2,299.8,2.67,D,0
30.27727,75.20737,343.67,0.38,0.59,2020-11-05,846,N,VIIRS,n,2,298,8.92,D,0
30.27757,75.2114,357.42,0.38,0.59,2020-11-05,846,N,VIIRS,l,2,303.41,8.92,D,0
30.27796,75.52649,356.22,0.4,0.6,2020-11-05,846,N,VIIRS,n,2,298.72,14.1,D,0
30.27797,75.6075,339.08,0.4,0.6,2020-11-05,846,N,VIIRS,n,2,298.19,5.57,D,0
30.27816,75.21948,343,0.38,0.59,2020-11-05,846,N,VIIRS,n,2,299.6,9.03,D,0
30.27825,75.5307,367,0.4,0.6,2020-11-05,846,N,VIIRS,h,2,304.6,26.61,D,0
30.27855,75.61601,342.94,0.4,0.6,2020-11-05,846,N,VIIRS,n,2,299.49,4.73,D,0
30.28087,75.4882,336.44,0.39,0.6,2020-11-05,846,N,VIIRS,n,2,298.54,2.25,D,0
30.28138,75.41679,354.67,0.39,0.59,2020-11-05,846,N,VIIRS,n,2,300.88,4.55,D,0
30.28158,75.34207,347.37,0.39,0.59,2020-11-05,846,N,VIIRS,n,2,300.2,8.97,D,0
30.28193,75.12234,357.01,0.37,0.58,2020-11-05,846,N,VIIRS,l,2,299.71,4.63,D,0
30.28287,75.43758,334.58,0.39,0.59,2020-11-05,846,N,VIIRS,n,2,300.42,2.07,D,0
30.28319,75.06635,337.25,0.37,0.58,2020-11-05,846,N,VIIRS,n,2,300.44,2.66,D,0
30.28373,75.14625,341.38,0.38,0.58,2020-11-05,846,N,VIIRS,n,2,301.03,4.24,D,0
30.28441,75.30471,334.98,0.38,0.59,2020-11-05,846,N,VIIRS,n,2,298.73,3.21,D,0
30.28472,75.54288,333.21,0.4,0.6,2020-11-05,846,N,VIIRS,n,2,300.73,3.16,D,0
30.28503,75.71059,331.73,0.41,0.6,2020-11-05,846,N,VIIRS,n,2,297.73,1.79,D,0
30.28525,76.24373,336.14,0.44,0.62,2020-11-05,846,N,VIIRS,n,2,299.44,4.41,D,0
30.28528,75.09403,347.38,0.37,0.58,2020-11-05,846,N,VIIRS,n,2,299.76,8.7,D,0
30.28554,75.47517,367,0.39,0.6,2020-11-05,846,N,VIIRS,h,2,301.52,6.72,D,0
30.28558,75.098,367,0.37,0.58,2020-11-05,846,N,VIIRS,h,2,301.15,8.7,D,0
30.28562,75.02653,349.98,0.37,0.58,2020-11-05,846,N,VIIRS,n,2,299.84,3.96,D,0
30.28588,75.10197,367,0.37,0.58,2020-11-05,846,N,VIIRS,h,2,304.9,18.13,D,0
30.28614,75.48354,331.8,0.39,0.6,2020-11-05,846,N,VIIRS,n,2,299.42,7.08,D,0
30.28617,75.81132,341.35,0.41,0.61,2020-11-05,846,N,VIIRS,n,2,299.39,2.81,D,0
30.28623,75.64551,339.55,0.4,0.6,2020-11-05,846,N,VIIRS,n,2,299.33,2.59,D,0
30.28721,76.09034,343.04,0.43,0.62,2020-11-05,846,N,VIIRS,n,2,300.2,4.99,D,0
30.28728,75.0999,367,0.37,0.58,2020-11-05,846,N,VIIRS,h,2,300.92,9.26,D,0
30.28738,75.12185,339.66,0.37,0.58,2020-11-05,846,N,VIIRS,n,2,299.12,4.63,D,0
30.28756,75.10387,344.87,0.37,0.58,2020-11-05,846,N,VIIRS,n,2,299.3,9.17,D,0
30.28762,75.50449,340.19,0.4,0.6,2020-11-05,846,N,VIIRS,n,2,298.02,4.73,D,0
30.28777,75.02824,343.61,0.37,0.58,2020-11-05,846,N,VIIRS,n,2,298.98,5.18,D,0
30.28792,75.50869,354.64,0.4,0.6,2020-11-05,846,N,VIIRS,n,2,300.59,4.73,D,0
30.28861,75.06586,336.28,0.37,0.58,2020-11-05,846,N,VIIRS,n,2,300.35,2.84,D,0
30.28865,75.1198,342.81,0.37,0.58,2020-11-05,846,N,VIIRS,n,2,298.81,3.55,D,0
30.28891,75.06979,353.85,0.37,0.58,2020-11-05,846,N,VIIRS,n,2,303.77,7.89,D,0
30.28893,75.12379,332.59,0.38,0.58,2020-11-05,846,N,VIIRS,n,2,298.42,3.55,D,0
30.28901,75.94023,332.41,0.42,0.61,2020-11-05,846,N,VIIRS,n,2,300.07,3.61,D,0
30.29019,75.95815,341.74,0.42,0.61,2020-11-05,846,N,VIIRS,n,2,300.63,6.97,D,0
30.29052,75.0677,337.37,0.37,0.58,2020-11-05,846,N,VIIRS,n,2,301.55,7.32,D,0
30.29079,75.07165,346.22,0.37,0.58,2020-11-05,846,N,VIIRS,n,2,300.96,7.39,D,0
30.29112,75.15577,345.61,0.38,0.58,2020-11-05,846,N,VIIRS,n,2,298.97,3.61,D,0
30.29133,75.02997,342.88,0.37,0.58,2020-11-05,846,N,VIIRS,n,2,298.52,16.19,D,0
30.29156,75.72308,367,0.41,0.6,2020-11-05,846,N,VIIRS,h,2,300.13,7.57,D,0
30.29163,75.03388,367,0.37,0.58,2020-11-05,846,N,VIIRS,h,2,308.55,16.19,D,0
30.29243,75.81961,338.22,0.41,0.61,2020-11-05,846,N,VIIRS,n,2,298.23,4.61,D,0
30.29282,75.12136,344.34,0.37,0.58,2020-11-05,846,N,VIIRS,n,2,297.75,2.39,D,0
30.29346,75.03168,352.58,0.37,0.58,2020-11-05,846,N,VIIRS,n,2,308.39,16.6,D,0
30.29361,75.83721,336.82,0.41,0.61,2020-11-05,846,N,VIIRS,n,2,300.44,1.34,D,0
30.29373,75.03561,341.37,0.37,0.58,2020-11-05,846,N,VIIRS,n,2,298.23,16.6,D,0
30.29396,76.38519,347.71,0.45,0.63,2020-11-05,846,N,VIIRS,n,2,300.76,7.32,D,0
30.29552,75.22015,355.56,0.38,0.59,2020-11-05,846,N,VIIRS,n,2,300.44,5.61,D,0
30.29553,75.15724,349.92,0.38,0.58,2020-11-05,846,N,VIIRS,n,2,299.37,5.48,D,0
30.29553,76.38456,348.02,0.45,0.63,2020-11-05,846,N,VIIRS,n,2,300.29,7.65,D,0
30.29576,75.46165,330.68,0.39,0.6,2020-11-05,846,N,VIIRS,n,2,298.94,1.18,D,0
30.29614,75.16527,338.08,0.38,0.59,2020-11-05,846,N,VIIRS,n,2,297.93,3,D,0
30.29656,75.6317,367,0.4,0.6,2020-11-05,846,N,VIIRS,h,2,300.33,11.79,D,0
30.29721,75.00758,356.83,0.37,0.58,2020-11-05,846,N,VIIRS,n,2,304.08,9.42,D,0
30.29729,75.25442,354.73,0.38,0.59,2020-11-05,846,N,VIIRS,n,2,303.1,13.36,D,0
30.29749,75.01151,350.32,0.37,0.58,2020-11-05,846,N,VIIRS,n,2,299.89,9.42,D,0
30.2976,75.25846,367,0.38,0.59,2020-11-05,846,N,VIIRS,h,2,301.85,13.36,D,0
30.29772,75.25258,367,0.38,0.59,2020-11-05,846,N,VIIRS,h,2,301.7,14.66,D,0
30.29776,75.64883,367,0.4,0.6,2020-11-05,846,N,VIIRS,h,2,300.43,6.17,D,0
30.29799,75.25665,367,0.38,0.59,2020-11-05,846,N,VIIRS,h,2,307.45,26.18,D,0
30.2981,75.73563,345.58,0.41,0.6,2020-11-05,846,N,VIIRS,n,2,301.2,3.86,D,0
30.29887,75.5843,353.66,0.4,0.6,2020-11-05,846,N,VIIRS,n,2,299.99,4.8,D,0
30.2991,75.27876,342.91,0.38,0.59,2020-11-05,846,N,VIIRS,n,2,299.82,3.45,D,0
30.29933,75.35707,334.43,0.39,0.59,2020-11-05,846,N,VIIRS,n,2,299.1,2.75,D,0
30.29937,75.27697,335.63,0.38,0.59,2020-11-05,846,N,VIIRS,n,2,298.53,2.05,D,0
30.2997,75.2869,340.39,0.38,0.59,2020-11-05,846,N,VIIRS,n,2,299.29,3.57,D,0
30.29992,75.28513,332.62,0.38,0.59,2020-11-05,846,N,VIIRS,n,2,298.97,5.21,D,0
30.30019,75.28921,333.45,0.38,0.59,2020-11-05,846,N,VIIRS,n,2,298.37,3.82,D,0
30.30064,75.00938,367,0.37,0.58,2020-11-05,846,N,VIIRS,h,2,305.85,16.9,D,0
30.30067,75.08067,342.58,0.37,0.58,2020-11-05,846,N,VIIRS,n,2,299.06,6.98,D,0
30.30098,75.08463,367,0.37,0.58,2020-11-05,846,N,VIIRS,h,2,304.03,15.23,D,0
30.30182,75.31551,353.47,0.38,0.59,2020-11-05,846,N,VIIRS,n,2,302.11,6.54,D,0
30.30185,75.31372,367,0.39,0.59,2020-11-05,846,N,VIIRS,h,2,307.04,14.4,D,0
30.30187,75.62694,335.51,0.4,0.6,2020-11-05,846,N,VIIRS,n,2,299.81,3.32,D,0
30.30195,75.70914,338.4,0.41,0.6,2020-11-05,846,N,VIIRS,n,2,299.01,2.49,D,0
30.30248,75.08252,367,0.37,0.58,2020-11-05,846,N,VIIRS,h,2,305.99,14.2,D,0
30.30252,75.47791,332.57,0.39,0.6,2020-11-05,846,N,VIIRS,n,2,300.81,3.25,D,0
30.30361,76.07524,355.91,0.43,0.62,2020-11-05,846,N,VIIRS,n,2,304.63,11.02,D,0
30.30391,76.0798,337.53,0.43,0.62,2020-11-05,846,N,VIIRS,n,2,300.03,11.02,D,0
30.30428,75.66124,336.79,0.4,0.6,2020-11-05,846,N,VIIRS,n,2,299.32,5.5,D,0
30.30567,75.60084,367,0.4,0.6,2020-11-05,846,N,VIIRS,h,2,310.51,26.74,D,0
30.30583,75.52407,336,0.4,0.6,2020-11-05,846,N,VIIRS,n,2,299.16,2.26,D,0
30.30702,75.31092,349.15,0.38,0.59,2020-11-05,846,N,VIIRS,n,2,298.91,10.26,D,0
30.30704,75.95222,341.12,0.42,0.61,2020-11-05,846,N,VIIRS,n,2,300.15,2.87,D,0
30.30732,75.09606,331.24,0.37,0.58,2020-11-05,846,N,VIIRS,n,2,298.62,2.35,D,0
30.30733,75.31502,367,0.38,0.59,2020-11-05,846,N,VIIRS,h,2,303.1,10.26,D,0
30.30736,75.31322,367,0.39,0.59,2020-11-05,846,N,VIIRS,h,2,300.61,14.4,D,0
30.30763,75.10004,340.94,0.37,0.58,2020-11-05,846,N,VIIRS,n,2,299.56,2.7,D,0
30.30793,75.10401,335.13,0.37,0.58,2020-11-05,846,N,VIIRS,n,2,299.37,2.7,D,0
30.30806,76.14393,336.83,0.43,0.62,2020-11-05,846,N,VIIRS,n,2,300.32,2.06,D,0
30.30875,75.09393,333.74,0.37,0.58,2020-11-05,846,N,VIIRS,n,2,298.29,4.63,D,0
30.30898,75.49,367,0.39,0.6,2020-11-05,846,N,VIIRS,h,2,302.31,9.44,D,0
30.30929,75.49419,347.6,0.39,0.6,2020-11-05,846,N,VIIRS,n,2,301.02,12.81,D,0
30.30931,75.10187,367,0.37,0.58,2020-11-05,846,N,VIIRS,h,2,302.89,7.26,D,0
30.31014,75.43781,332.84,0.39,0.59,2020-11-05,846,N,VIIRS,n,2,301.2,1.4,D,0
30.31166,75.05776,349.5,0.37,0.58,2020-11-05,846,N,VIIRS,n,2,301.03,4.53,D,0
30.31194,75.06171,333.06,0.37,0.58,2020-11-05,846,N,VIIRS,n,2,299.81,5.07,D,0
30.3122,75.15981,351.98,0.38,0.58,2020-11-05,846,N,VIIRS,n,2,299.51,3.24,D,0
30.31273,76.0379,342.83,0.43,0.62,2020-11-05,846,N,VIIRS,n,2,300.72,7.5,D,0
30.31322,75.15778,330.09,0.38,0.59,2020-11-05,846,N,VIIRS,n,2,297.9,3.15,D,0
30.31336,75.87553,346.82,0.42,0.61,2020-11-05,846,N,VIIRS,n,2,300.78,5.76,D,0
30.31374,75.49221,343.07,0.39,0.6,2020-11-05,846,N,VIIRS,n,2,299.38,5.72,D,0
30.31474,75.57011,367,0.4,0.6,2020-11-05,846,N,VIIRS,h,2,302.74,6.57,D,0
30.3165,75.28954,340.19,0.38,0.59,2020-11-05,846,N,VIIRS,n,2,299.61,3.45,D,0
30.31669,75.28772,351.06,0.38,0.59,2020-11-05,846,N,VIIRS,n,2,299.83,5.69,D,0
30.31873,75.56825,367,0.4,0.6,2020-11-05,846,N,VIIRS,h,2,298.94,7.59,D,0
30.319,75.5725,342.5,0.4,0.6,2020-11-05,846,N,VIIRS,n,2,298.04,8.7,D,0
30.31981,75.17336,367,0.38,0.59,2020-11-05,846,N,VIIRS,h,2,301.16,7.68,D,0
30.32009,75.17737,367,0.38,0.59,2020-11-05,846,N,VIIRS,h,2,301.59,7.68,D,0
30.32016,75.26463,336.47,0.38,0.59,2020-11-05,846,N,VIIRS,n,2,299.55,2.22,D,0
30.32034,75.56963,330.58,0.4,0.6,2020-11-05,846,N,VIIRS,n,2,297.46,6.57,D,0
30.32047,75.26871,345.54,0.38,0.59,2020-11-05,846,N,VIIRS,n,2,300.09,3.18,D,0
30.32068,75.73373,349.37,0.41,0.6,2020-11-05,846,N,VIIRS,n,2,303.07,4.25,D,0
30.32077,75.27277,340.98,0.38,0.59,2020-11-05,846,N,VIIRS,n,2,299.38,3.18,D,0
30.32079,75.26684,367,0.38,0.59,2020-11-05,846,N,VIIRS,h,2,303.24,14.59,D,0
30.32107,75.27092,344.52,0.38,0.59,2020-11-05,846,N,VIIRS,n,2,300.35,12.2,D,0
30.32124,75.43684,354.51,0.39,0.59,2020-11-05,846,N,VIIRS,n,2,301.21,6.39,D,0
30.32139,75.28091,340.74,0.38,0.59,2020-11-05,846,N,VIIRS,n,2,299.16,2.91,D,0
30.32163,75.27907,345.38,0.38,0.59,2020-11-05,846,N,VIIRS,n,2,299.96,9.08,D,0
30.322,75.28907,340.67,0.38,0.59,2020-11-05,846,N,VIIRS,n,2,297.97,3.45,D,0
30.322,75.43842,367,0.39,0.59,2020-11-05,846,N,VIIRS,h,2,301.94,5.43,D,0
30.322,75.83481,353.68,0.41,0.61,2020-11-05,846,N,VIIRS,n,2,299.68,15.66,D,0
30.32231,75.83921,367,0.41,0.61,2020-11-05,846,N,VIIRS,h,2,305.55,28.06,D,0
30.32263,75.45766,356.9,0.39,0.6,2020-11-05,846,N,VIIRS,n,2,300.93,5.78,D,0
30.3229,75.21764,343.73,0.38,0.59,2020-11-05,846,N,VIIRS,n,2,297.26,5.92,D,0
30.32353,75.45924,344.74,0.39,0.6,2020-11-05,846,N,VIIRS,n,2,299.95,5.7,D,0
30.32357,75.14876,367,0.38,0.58,2020-11-05,846,N,VIIRS,h,2,302.24,5.68,D,0
30.32413,75.15678,331.94,0.38,0.59,2020-11-05,846,N,VIIRS,n,2,299.6,8.43,D,0
30.32419,75.70292,338.4,0.41,0.6,2020-11-05,846,N,VIIRS,n,2,298.88,1.94,D,0
30.32442,75.1608,367,0.38,0.59,2020-11-05,846,N,VIIRS,h,2,303.03,8.43,D,0
30.32454,75.40303,336.59,0.39,0.59,2020-11-05,846,N,VIIRS,n,2,300.21,2.98,D,0
30.3247,75.16482,337.52,0.38,0.59,2020-11-05,846,N,VIIRS,n,2,299.79,12.2,D,0
30.3248,75.95977,346.54,0.42,0.61,2020-11-05,846,N,VIIRS,n,2,298.29,5.14,D,0
30.325,75.32814,336.23,0.39,0.59,2020-11-05,846,N,VIIRS,n,2,298.99,3.7,D,0
30.32505,75.87906,332.54,0.42,0.61,2020-11-05,846,N,VIIRS,n,2,299.49,2.76,D,0
30.32509,75.40466,344,0.39,0.59,2020-11-05,846,N,VIIRS,n,2,300.85,3.57,D,0
30.3251,75.7159,330.33,0.41,0.6,2020-11-05,846,N,VIIRS,n,2,300.65,2.02,D,0
30.32511,75.96427,342.3,0.42,0.61,2020-11-05,846,N,VIIRS,n,2,298.49,7.96,D,0
30.32628,75.26635,367,0.38,0.59,2020-11-05,846,N,VIIRS,h,2,304.36,14.59,D,0
30.32632,75.73325,334.33,0.41,0.6,2020-11-05,846,N,VIIRS,n,2,299.71,2.34,D,0
30.32656,75.27042,344.17,0.38,0.59,2020-11-05,846,N,VIIRS,n,2,299.02,12.2,D,0
30.32662,75.35052,330.22,0.39,0.59,2020-11-05,846,N,VIIRS,n,2,299.22,2.67,D,0
30.32669,75.35285,332.37,0.39,0.59,2020-11-05,846,N,VIIRS,n,2,300.26,3.23,D,0
30.32677,75.82117,339.32,0.41,0.61,2020-11-05,846,N,VIIRS,n,2,299.97,2.51,D,0
30.32713,75.27856,367,0.38,0.59,2020-11-05,846,N,VIIRS,h,2,299.68,9.08,D,0
30.32817,75.13626,331.72,0.38,0.58,2020-11-05,846,N,VIIRS,n,2,300.81,1.79,D,0
30.32818,75.71428,332.25,0.41,0.6,2020-11-05,846,N,VIIRS,n,2,300.41,2.26,D,0
30.32851,75.06422,345.24,0.37,0.58,2020-11-05,846,N,VIIRS,n,2,300.01,4.4,D,0
30.32926,76.29199,344.56,0.44,0.62,2020-11-05,846,N,VIIRS,n,2,301.7,3.09,D,0
30.32931,75.15228,342.46,0.38,0.58,2020-11-05,846,N,VIIRS,n,2,298.91,5.68,D,0
30.32937,75.00063,367,0.37,0.58,2020-11-05,846,N,VIIRS,h,2,299.39,8.9,D,0
30.32965,75.00456,367,0.37,0.58,2020-11-05,846,N,VIIRS,h,2,300.7,13.82,D,0
30.32988,75.1603,355.41,0.38,0.59,2020-11-05,846,N,VIIRS,n,2,302.02,8.43,D,0
30.33016,75.16432,367,0.38,0.59,2020-11-05,846,N,VIIRS,h,2,299.67,12.2,D,0
30.33102,75.67054,339.36,0.4,0.6,2020-11-05,846,N,VIIRS,n,2,298.45,3.07,D,0
30.33135,75.88746,367,0.42,0.61,2020-11-05,846,N,VIIRS,h,2,300.07,9.52,D,0
30.333,75.20454,334.24,0.38,0.59,2020-11-05,846,N,VIIRS,n,2,299.9,2.73,D,0
30.33318,75.44833,334.08,0.39,0.6,2020-11-05,846,N,VIIRS,n,2,299.33,1.4,D,0
30.33393,75.06372,347.8,0.37,0.58,2020-11-05,846,N,VIIRS,n,2,298.27,4.4,D,0
30.33402,75.44994,332.57,0.39,0.59,2020-11-05,846,N,VIIRS,n,2,298.7,1.5,D,0
30.33459,75.81478,332.94,0.41,0.61,2020-11-05,846,N,VIIRS,n,2,299.23,2.75,D,0
30.33491,75.61552,331.29,0.4,0.6,2020-11-05,846,N,VIIRS,n,2,297.55,2.11,D,0
30.33515,75.69765,338.43,0.41,0.6,2020-11-05,846,N,VIIRS,n,2,299.11,4.05,D,0
30.33522,75.73551,331.17,0.41,0.61,2020-11-05,846,N,VIIRS,n,2,297.79,2.9,D,0
30.33536,75.08353,355.91,0.37,0.58,2020-11-05,846,N,VIIRS,n,2,303.26,6.2,D,0
30.33636,76.22084,367,0.44,0.62,2020-11-05,846,N,VIIRS,h,2,302.77,9.55,D,0
30.33666,76.2255,367,0.44,0.62,2020-11-05,846,N,VIIRS,h,2,303.29,9.55,D,0
30.33703,75.42282,367,0.39,0.59,2020-11-05,846,N,VIIRS,h,2,303.65,9.49,D,0
30.33761,75.73229,334.04,0.41,0.6,2020-11-05,846,N,VIIRS,n,2,299.3,4.22,D,0
30.33773,75.50017,367,0.4,0.6,2020-11-05,846,N,VIIRS,h,2,301.06,6.89,D,0
30.33781,75.81582,331.57,0.41,0.61,2020-11-05,846,N,VIIRS,n,2,299.06,2.72,D,0
30.33819,75.20001,367,0.38,0.59,2020-11-05,846,N,VIIRS,h,2,300.06,6.22,D,0
30.34079,75.08303,356.55,0.37,0.58,2020-11-05,846,N,VIIRS,n,2,300.48,7.1,D,0
30.34123,76.11823,347.82,0.43,0.62,2020-11-05,846,N,VIIRS,n,2,299.2,4.82,D,0
30.34153,76.12281,332.02,0.43,0.62,2020-11-05,846,N,VIIRS,n,2,299.16,4.82,D,0
30.34208,75.55926,339.42,0.4,0.6,2020-11-05,846,N,VIIRS,n,2,299.93,2.33,D,0
30.34213,75.49814,367,0.4,0.6,2020-11-05,846,N,VIIRS,h,2,304.46,17.51,D,0
30.34242,75.50235,357.02,0.4,0.6,2020-11-05,846,N,VIIRS,l,2,300.3,19.18,D,0
30.34257,75.42233,354.44,0.39,0.59,2020-11-05,846,N,VIIRS,n,2,301.03,18.34,D,0
30.34286,75.4265,338.41,0.39,0.59,2020-11-05,846,N,VIIRS,n,2,298.73,18.02,D,0
30.34383,75.35961,367,0.39,0.59,2020-11-05,846,N,VIIRS,h,2,300.95,8.58,D,0
30.34387,75.74052,340.18,0.41,0.61,2020-11-05,846,N,VIIRS,n,2,299.22,3.52,D,0
30.34392,75.05087,341.26,0.37,0.58,2020-11-05,846,N,VIIRS,n,2,298.54,2.99,D,0
30.34481,75.21566,367,0.38,0.59,2020-11-05,846,N,VIIRS,h,2,323.95,106.3,D,0
30.34481,75.79623,340.39,0.41,0.61,2020-11-05,846,N,VIIRS,n,2,299.16,5.17,D,0
30.34509,75.2197,354.29,0.38,0.59,2020-11-05,846,N,VIIRS,n,2,300.34,20.08,D,0
30.34538,75.22375,342.17,0.38,0.59,2020-11-05,846,N,VIIRS,n,2,299.58,20.08,D,0
30.34611,75.5573,342.58,0.4,0.6,2020-11-05,846,N,VIIRS,n,2,299.62,3.22,D,0
30.3464,75.3969,331.3,0.39,0.59,2020-11-05,846,N,VIIRS,n,2,298.6,2.33,D,0
30.34648,75.64753,331.04,0.4,0.6,2020-11-05,846,N,VIIRS,n,2,299.29,1.55,D,0
30.34653,75.23996,348.12,0.38,0.59,2020-11-05,846,N,VIIRS,n,2,300.18,4.72,D,0
30.34681,75.24403,331.43,0.38,0.59,2020-11-05,846,N,VIIRS,n,2,299.92,5.28,D,0
30.34768,75.25623,343.71,0.38,0.59,2020-11-05,846,N,VIIRS,n,2,300.55,3.16,D,0
30.34791,75.79732,345.54,0.41,0.61,2020-11-05,846,N,VIIRS,n,2,297.82,3.41,D,0
30.3486,76.22925,335.63,0.44,0.62,2020-11-05,846,N,VIIRS,n,2,302.97,5.07,D,0
30.34875,75.68201,338.97,0.41,0.6,2020-11-05,846,N,VIIRS,n,2,298.07,5.35,D,0
30.34885,75.5145,344.87,0.4,0.6,2020-11-05,846,N,VIIRS,n,2,298.35,4.12,D,0
30.3489,76.23392,333.94,0.44,0.62,2020-11-05,846,N,VIIRS,n,2,301.66,5.07,D,0
30.34897,75.43434,350.39,0.39,0.59,2020-11-05,846,N,VIIRS,n,2,301.17,4.91,D,0
30.34916,76.14991,337.29,0.43,0.62,2020-11-05,846,N,VIIRS,n,2,299.99,4.13,D,0
30.34947,76.15452,330.79,0.43,0.62,2020-11-05,846,N,VIIRS,n,2,300.12,4.88,D,0
30.35009,75.82809,348.76,0.41,0.61,2020-11-05,846,N,VIIRS,n,2,299.53,4.56,D,0
30.35026,75.13828,354.94,0.38,0.58,2020-11-05,846,N,VIIRS,n,2,303.31,4.57,D,0
30.35055,75.14229,335.02,0.38,0.58,2020-11-05,846,N,VIIRS,n,2,299.27,4.57,D,0
30.35079,76.00298,344.14,0.42,0.61,2020-11-05,846,N,VIIRS,n,2,300.04,6.51,D,0
30.3508,75.67899,334.29,0.41,0.6,2020-11-05,846,N,VIIRS,n,2,297.68,2.63,D,0
30.35111,75.6833,337.53,0.41,0.6,2020-11-05,846,N,VIIRS,n,2,297.94,2.63,D,0
30.3517,75.31335,330.78,0.39,0.59,2020-11-05,846,N,VIIRS,n,2,298.61,2.83,D,0
30.35172,75.23539,334.32,0.38,0.59,2020-11-05,846,N,VIIRS,n,2,298.66,3.91,D,0
30.35208,76.00179,342.83,0.42,0.61,2020-11-05,846,N,VIIRS,n,2,299.94,5.7,D,0
30.35246,75.82655,336.36,0.41,0.61,2020-11-05,846,N,VIIRS,n,2,297.73,3.45,D,0
30.3527,75.48877,356.8,0.39,0.6,2020-11-05,846,N,VIIRS,l,2,301.05,10.08,D,0
30.35389,76.04829,367,0.43,0.62,2020-11-05,846,N,VIIRS,h,2,303.4,8.74,D,0
30.35421,75.80563,330.61,0.41,0.61,2020-11-05,846,N,VIIRS,n,2,297.79,2.73,D,0
30.35485,75.6037,335.17,0.4,0.6,2020-11-05,846,N,VIIRS,n,2,298.84,2.48,D,0
30.35489,76.04714,367,0.43,0.62,2020-11-05,846,N,VIIRS,h,2,304.04,13.18,D,0
30.3549,75.28017,330.74,0.38,0.59,2020-11-05,846,N,VIIRS,n,2,300.97,8.76,D,0
30.35516,75.36277,367,0.39,0.59,2020-11-05,846,N,VIIRS,h,2,303.43,13.97,D,0
30.35519,75.28424,343.47,0.38,0.59,2020-11-05,846,N,VIIRS,n,2,301.06,12.74,D,0
30.35545,75.36691,330.83,0.39,0.59,2020-11-05,846,N,VIIRS,n,2,298.15,11.57,D,0
30.35547,75.21063,331.84,0.38,0.59,2020-11-05,846,N,VIIRS,n,2,300.93,4.51,D,0
30.35576,76.07568,367,0.43,0.62,2020-11-05,846,N,VIIRS,h,2,303.36,8.15,D,0
30.35659,76.07457,367,0.43,0.62,2020-11-05,846,N,VIIRS,h,2,303.55,10.13,D,0
30.35672,75.80403,338.63,0.41,0.61,2020-11-05,846,N,VIIRS,n,2,298.52,3.65,D,0
30.35711,76.18179,367,0.43,0.62,2020-11-05,846,N,VIIRS,h,2,304.2,8.52,D,0
30.35719,76.27092,339.05,0.44,0.62,2020-11-05,846,N,VIIRS,n,2,302.74,2.31,D,0
30.35728,76.18091,367,0.43,0.62,2020-11-05,846,N,VIIRS,h,2,304.46,8.27,D,0
30.35788,75.93904,332.14,0.42,0.61,2020-11-05,846,N,VIIRS,n,2,298.97,1.61,D,0
30.35826,75.48828,332.09,0.39,0.6,2020-11-05,846,N,VIIRS,n,2,297.31,2.21,D,0
30.35838,76.01035,332.34,0.42,0.61,2020-11-05,846,N,VIIRS,n,2,299.91,2.08,D,0
30.35886,75.66376,342.57,0.4,0.6,2020-11-05,846,N,VIIRS,n,2,298.06,6.08,D,0
30.35915,75.66808,355.12,0.4,0.6,2020-11-05,846,N,VIIRS,n,2,299.63,6.08,D,0
30.35931,75.58613,356.12,0.4,0.6,2020-11-05,846,N,VIIRS,n,2,309.48,15.03,D,0
30.35956,75.93774,350.45,0.42,0.61,2020-11-05,846,N,VIIRS,n,2,300.14,4.39,D,0
30.3596,75.59041,330.93,0.4,0.6,2020-11-05,846,N,VIIRS,n,2,297.83,15.03,D,0
30.35971,75.50933,336.01,0.4,0.6,2020-11-05,846,N,VIIRS,n,2,297.95,2.82,D,0
30.3604,75.27966,355.79,0.38,0.59,2020-11-05,846,N,VIIRS,n,2,302.31,8.76,D,0
30.36069,75.28374,367,0.38,0.59,2020-11-05,846,N,VIIRS,h,2,301.25,12.74,D,0
30.36127,75.96469,330.08,0.42,0.61,2020-11-05,846,N,VIIRS,n,2,298.13,2.73,D,0
30.36234,75.9207,332.1,0.42,0.61,2020-11-05,846,N,VIIRS,n,2,299.73,2.88,D,0
30.36326,75.99631,332.88,0.42,0.61,2020-11-05,846,N,VIIRS,n,2,300.57,1.6,D,0
30.36357,75.02126,332.24,0.37,0.58,2020-11-05,846,N,VIIRS,n,2,300.01,1.24,D,0
30.36359,75.9386,336.76,0.42,0.61,2020-11-05,846,N,VIIRS,n,2,299.32,4.39,D,0
30.36471,75.92828,343.19,0.42,0.61,2020-11-05,846,N,VIIRS,n,2,299.5,3.96,D,0
30.36589,75.27917,342.87,0.38,0.59,2020-11-05,846,N,VIIRS,n,2,298.93,4.59,D,0
30.36768,75.99708,349.21,0.42,0.61,2020-11-05,846,N,VIIRS,n,2,301.9,4.76,D,0
30.36804,76.43709,344.13,0.45,0.63,2020-11-05,846,N,VIIRS,n,2,300.13,8.23,D,0
30.36957,75.02863,330.49,0.37,0.58,2020-11-05,846,N,VIIRS,n,2,297.61,2.74,D,0
30.36986,75.03257,345.78,0.37,0.58,2020-11-05,846,N,VIIRS,n,2,298.75,5.34,D,0
30.37133,75.05234,334.39,0.37,0.58,2020-11-05,846,N,VIIRS,n,2,298.44,1.73,D,0
30.37256,75.295,338.54,0.38,0.59,2020-11-05,846,N,VIIRS,n,2,298.98,2.74,D,0
30.37321,75.46161,355.76,0.39,0.6,2020-11-05,846,N,VIIRS,n,2,302.36,12.44,D,0
30.3735,75.4658,367,0.39,0.6,2020-11-05,846,N,VIIRS,h,2,300.17,20.2,D,0
30.3737,75.63225,367,0.4,0.6,2020-11-05,846,N,VIIRS,h,2,300.89,5.78,D,0
30.37382,75.89158,340.04,0.42,0.61,2020-11-05,846,N,VIIRS,n,2,300.55,4.67,D,0
30.37409,75.47419,355.94,0.39,0.6,2020-11-05,846,N,VIIRS,n,2,301.3,7.52,D,0
30.37433,75.3196,339.71,0.39,0.59,2020-11-05,846,N,VIIRS,n,2,300.68,2.79,D,0
30.37669,75.59322,367,0.4,0.6,2020-11-05,846,N,VIIRS,h,2,301.97,7.51,D,0
30.37714,76.13383,330.03,0.43,0.62,2020-11-05,846,N,VIIRS,n,2,299.37,4.81,D,0
30.3772,75.6839,348.36,0.41,0.6,2020-11-05,846,N,VIIRS,n,2,300.8,5.04,D,0
30.3776,76.13278,339.82,0.43,0.62,2020-11-05,846,N,VIIRS,n,2,300.63,5.83,D,0
30.37826,75.2208,337.49,0.38,0.59,2020-11-05,846,N,VIIRS,n,2,298.76,2.68,D,0
30.37855,75.22484,330.44,0.38,0.59,2020-11-05,846,N,VIIRS,n,2,298.24,3.14,D,0
30.37932,75.63177,332.09,0.4,0.6,2020-11-05,846,N,VIIRS,n,2,297.74,2.29,D,0
30.37982,75.72292,335.78,0.41,0.6,2020-11-05,846,N,VIIRS,n,2,299.99,3.15,D,0
30.38001,75.09546,337.95,0.37,0.58,2020-11-05,846,N,VIIRS,n,2,299.09,3.81,D,0
30.38068,75.90897,334.63,0.42,0.61,2020-11-05,846,N,VIIRS,n,2,299.51,4.82,D,0
30.38102,75.33556,367,0.39,0.59,2020-11-05,846,N,VIIRS,h,2,306.14,12.19,D,0
30.38209,75.12332,345.42,0.38,0.58,2020-11-05,846,N,VIIRS,n,2,298.92,3.25,D,0
30.38229,75.59274,333.2,0.4,0.6,2020-11-05,846,N,VIIRS,n,2,297.02,7.51,D,0
30.38238,75.12733,340.73,0.38,0.58,2020-11-05,846,N,VIIRS,n,2,299.99,4.02,D,0
30.38244,75.76218,339.33,0.41,0.61,2020-11-05,846,N,VIIRS,n,2,298.81,2.18,D,0
30.38255,75.20413,333.59,0.38,0.59,2020-11-05,846,N,VIIRS,n,2,300.75,2.06,D,0
30.38282,75.68342,354.04,0.41,0.6,2020-11-05,846,N,VIIRS,n,2,303.59,22.91,D,0
30.38312,75.68775,342.28,0.41,0.6,2020-11-05,846,N,VIIRS,n,2,298.39,18.42,D,0
30.38315,76.22182,330.45,0.44,0.62,2020-11-05,846,N,VIIRS,n,2,301.02,1.88,D,0
30.38566,75.81042,333.09,0.41,0.61,2020-11-05,846,N,VIIRS,n,2,297.13,3.27,D,0
30.38671,75.03901,367,0.37,0.58,2020-11-05,846,N,VIIRS,h,2,303.78,8.17,D,0
30.38684,75.18752,354.6,0.38,0.59,2020-11-05,846,N,VIIRS,n,2,299.37,9.13,D,0
30.38701,75.04295,344.3,0.37,0.58,2020-11-05,846,N,VIIRS,n,2,299.55,8.17,D,0
30.38713,75.19156,367,0.38,0.59,2020-11-05,846,N,VIIRS,h,2,302.37,15.57,D,0
30.38737,76.01248,331.54,0.42,0.61,2020-11-05,846,N,VIIRS,n,2,299.26,2.55,D,0
30.38754,75.12284,340.48,0.38,0.58,2020-11-05,846,N,VIIRS,n,2,297.65,2.39,D,0
30.38758,75.66998,354.63,0.41,0.6,2020-11-05,846,N,VIIRS,n,2,300.86,6.57,D,0
30.38803,75.20366,331.61,0.38,0.59,2020-11-05,846,N,VIIRS,n,2,298.7,2.06,D,0
30.38819,75.03835,367,0.37,0.58,2020-11-05,846,N,VIIRS,h,2,302.03,8.42,D,0
30.38846,75.04229,367,0.37,0.58,2020-11-05,846,N,VIIRS,h,2,300.35,8.42,D,0
30.3885,75.06274,342.12,0.37,0.58,2020-11-05,846,N,VIIRS,n,2,299.21,4.02,D,0
30.38983,75.06213,333.57,0.37,0.58,2020-11-05,846,N,VIIRS,n,2,298.13,3.69,D,0
30.39022,75.15888,349.58,0.38,0.59,2020-11-05,846,N,VIIRS,n,2,301.16,6.51,D,0
30.39074,75.80115,333.75,0.41,0.61,2020-11-05,846,N,VIIRS,n,2,297.81,3.14,D,0
30.39115,75.00235,367,0.37,0.58,2020-11-05,846,N,VIIRS,h,2,302.78,8.3,D,0
30.3921,75.908,338.77,0.42,0.61,2020-11-05,846,N,VIIRS,n,2,299.06,4.28,D,0
30.39249,75.26451,338.97,0.38,0.59,2020-11-05,846,N,VIIRS,n,2,299.77,2.84,D,0
30.3926,75.19106,340.56,0.38,0.59,2020-11-05,846,N,VIIRS,n,2,301.49,3.13,D,0
30.39279,76.27757,336.47,0.44,0.62,2020-11-05,846,N,VIIRS,n,2,301.6,3.43,D,0
30.3929,75.19509,332.98,0.38,0.59,2020-11-05,846,N,VIIRS,n,2,300.5,3.13,D,0
30.3932,75.66949,339.07,0.41,0.6,2020-11-05,846,N,VIIRS,n,2,298.05,5.02,D,0
30.39466,76.12675,367,0.43,0.62,2020-11-05,846,N,VIIRS,h,2,303.66,11.32,D,0
30.39485,75.00257,332.61,0.37,0.58,2020-11-05,846,N,VIIRS,n,2,299.01,4.41,D,0
30.39493,75.53175,348.29,0.4,0.6,2020-11-05,846,N,VIIRS,n,2,299.72,6.22,D,0
30.39499,75.22337,331.14,0.38,0.59,2020-11-05,846,N,VIIRS,n,2,298.92,5.15,D,0
30.39559,75.23148,353.03,0.38,0.59,2020-11-05,846,N,VIIRS,n,2,305.06,13.77,D,0
30.39589,75.23553,347.84,0.38,0.59,2020-11-05,846,N,VIIRS,n,2,298.57,13.77,D,0
30.39775,76.4632,339.4,0.45,0.63,2020-11-05,846,N,VIIRS,n,2,302.76,4.32,D,0
30.39903,75.03735,332.59,0.37,0.58,2020-11-05,846,N,VIIRS,n,2,300.92,2.17,D,0
30.39938,76.46376,337.08,0.45,0.63,2020-11-05,846,N,VIIRS,n,2,302.9,3.72,D,0
30.39939,75.59554,340.47,0.4,0.6,2020-11-05,846,N,VIIRS,n,2,299.18,4.11,D,0
30.39996,75.36712,342.25,0.39,0.59,2020-11-05,846,N,VIIRS,n,2,303.11,2.29,D,0
30.40044,76.1263,334.35,0.43,0.62,2020-11-05,846,N,VIIRS,n,2,300.52,2.79,D,0
30.40054,75.14989,330.72,0.38,0.59,2020-11-05,846,N,VIIRS,n,2,299.86,3.81,D,0
30.40073,76.1309,330.89,0.43,0.62,2020-11-05,846,N,VIIRS,n,2,301.26,2.79,D,0
30.40105,75.95688,335.78,0.42,0.61,2020-11-05,846,N,VIIRS,n,2,300.66,3.57,D,0
30.4013,75.14941,338.69,0.38,0.59,2020-11-05,846,N,VIIRS,n,2,299.6,4.64,D,0
30.40206,75.39617,330.4,0.39,0.59,2020-11-05,846,N,VIIRS,n,2,300.53,2.36,D,0
30.40266,75.40447,331.43,0.39,0.59,2020-11-05,846,N,VIIRS,n,2,299.69,1.91,D,0
30.40268,75.80899,332.17,0.41,0.61,2020-11-05,846,N,VIIRS,n,2,299.16,2.98,D,0
30.4031,75.48858,367,0.4,0.6,2020-11-05,846,N,VIIRS,h,2,303.55,11.33,D,0
30.40355,75.19009,333.01,0.38,0.59,2020-11-05,846,N,VIIRS,n,2,298.9,2.31,D,0
30.40406,75.18969,332.99,0.38,0.59,2020-11-05,846,N,VIIRS,n,2,298.53,2.8,D,0
30.40418,75.05335,355.73,0.37,0.58,2020-11-05,846,N,VIIRS,n,2,302.38,7.51,D,0
30.40435,75.27552,338.06,0.38,0.59,2020-11-05,846,N,VIIRS,n,2,302.98,4.08,D,0
30.40439,75.27576,336.39,0.38,0.59,2020-11-05,846,N,VIIRS,n,2,302.4,3.74,D,0
30.40549,75.36665,336.53,0.39,0.59,2020-11-05,846,N,VIIRS,n,2,302,2.25,D,0
30.40556,75.05268,353.44,0.37,0.58,2020-11-05,846,N,VIIRS,n,2,301.41,7.23,D,0
30.40572,76.2097,348.19,0.44,0.62,2020-11-05,846,N,VIIRS,n,2,302.6,6.33,D,0
30.4066,75.08503,330.21,0.37,0.58,2020-11-05,846,N,VIIRS,n,2,298.42,4.08,D,0
30.40667,75.06854,333.98,0.37,0.58,2020-11-05,846,N,VIIRS,n,2,298.65,4.36,D,0
30.40767,75.96993,367,0.42,0.61,2020-11-05,846,N,VIIRS,h,2,301.87,10.31,D,0
30.40778,75.08444,346.4,0.37,0.58,2020-11-05,846,N,VIIRS,n,2,298.84,4.12,D,0
30.40828,76.15812,367,0.43,0.62,2020-11-05,846,N,VIIRS,h,2,306.49,12.72,D,0
30.4085,75.56473,351.12,0.4,0.6,2020-11-05,846,N,VIIRS,n,2,299.06,6.49,D,0
30.4088,75.56898,349.45,0.4,0.6,2020-11-05,846,N,VIIRS,n,2,298.99,6.49,D,0
30.4096,75.03237,350.95,0.37,0.58,2020-11-05,846,N,VIIRS,n,2,303.47,6.42,D,0
30.40963,76.08861,337.82,0.43,0.62,2020-11-05,846,N,VIIRS,n,2,299.32,8.24,D,0
30.40985,75.27502,338.93,0.38,0.59,2020-11-05,846,N,VIIRS,n,2,299.72,4.08,D,0
30.40988,75.03632,347.01,0.37,0.58,2020-11-05,846,N,VIIRS,n,2,300.52,8.12,D,0
30.40989,75.27529,336.35,0.38,0.59,2020-11-05,846,N,VIIRS,n,2,300.37,5.66,D,0
30.40993,76.09322,367,0.43,0.62,2020-11-05,846,N,VIIRS,h,2,304.72,8.24,D,0
30.41022,76.0978,354.88,0.43,0.62,2020-11-05,846,N,VIIRS,n,2,301.19,8.47,D,0
30.41052,75.06474,343.03,0.37,0.58,2020-11-05,846,N,VIIRS,n,2,298.6,5.62,D,0
30.41082,75.06868,334.73,0.37,0.58,2020-11-05,846,N,VIIRS,n,2,296.93,6.54,D,0
30.41242,76.04244,335.92,0.43,0.62,2020-11-05,846,N,VIIRS,n,2,300.74,3.73,D,0
30.41272,76.047,346.94,0.43,0.62,2020-11-05,846,N,VIIRS,n,2,302.56,3.73,D,0
30.41283,75.79046,340.87,0.41,0.61,2020-11-05,846,N,VIIRS,n,2,299.43,3.92,D,0
30.41369,75.72007,339.36,0.41,0.6,2020-11-05,846,N,VIIRS,n,2,299.52,4.17,D,0
30.41493,75.82127,330.81,0.41,0.61,2020-11-05,846,N,VIIRS,n,2,298.95,1.69,D,0
30.41519,75.74187,334.58,0.41,0.61,2020-11-05,846,N,VIIRS,n,2,300.08,1.86,D,0
30.41544,76.46182,349.64,0.45,0.63,2020-11-05,846,N,VIIRS,n,2,303.67,5.78,D,0
30.41563,75.27861,353.37,0.38,0.59,2020-11-05,846,N,VIIRS,n,2,301.28,8.75,D,0
30.41566,75.3614,344.18,0.39,0.59,2020-11-05,846,N,VIIRS,n,2,304.82,4.34,D,0
30.41569,75.27888,354.14,0.38,0.59,2020-11-05,846,N,VIIRS,n,2,301.49,7.85,D,0
30.4157,76.09274,339.98,0.43,0.62,2020-11-05,846,N,VIIRS,n,2,300.03,8.24,D,0
30.41573,76.46664,336.08,0.45,0.63,2020-11-05,846,N,VIIRS,n,2,301.48,6.63,D,0
30.41599,76.09733,336.19,0.43,0.62,2020-11-05,846,N,VIIRS,n,2,299.41,8.47,D,0
30.41625,75.36153,343.98,0.39,0.59,2020-11-05,846,N,VIIRS,n,2,305.07,4.12,D,0
30.41632,75.67621,367,0.41,0.6,2020-11-05,846,N,VIIRS,h,2,303.42,15.45,D,0
30.41698,75.05959,367,0.37,0.58,2020-11-05,846,N,VIIRS,h,2,301.91,11.37,D,0
30.41772,75.6155,335.29,0.4,0.6,2020-11-05,846,N,VIIRS,n,2,298.39,3.53,D,0
30.41832,75.62409,330.49,0.4,0.6,2020-11-05,846,N,VIIRS,n,2,297.94,2.99,D,0
30.41848,76.04652,341.04,0.43,0.62,2020-11-05,846,N,VIIRS,n,2,299.26,3.35,D,0
30.41986,76.43723,330.78,0.45,0.63,2020-11-05,846,N,VIIRS,n,2,303.23,2.85,D,0
30.42026,75.19267,367,0.38,0.59,2020-11-05,846,N,VIIRS,h,2,300.25,4.78,D,0
30.42027,76.07394,336.07,0.43,0.62,2020-11-05,846,N,VIIRS,n,2,300.01,3.59,D,0
30.42075,75.19224,356.63,0.38,0.59,2020-11-05,846,N,VIIRS,n,2,299.94,5.5,D,0
30.42145,75.53378,335.74,0.4,0.6,2020-11-05,846,N,VIIRS,n,2,298.16,12.57,D,0
30.42172,75.53801,357,0.4,0.6,2020-11-05,846,N,VIIRS,l,2,302.54,10.46,D,0
30.422,75.54224,334.06,0.4,0.6,2020-11-05,846,N,VIIRS,n,2,297.71,10.46,D,0
30.42315,75.53361,349.25,0.4,0.6,2020-11-05,846,N,VIIRS,n,2,298.38,11.95,D,0
30.42346,75.53784,356.78,0.4,0.6,2020-11-05,846,N,VIIRS,l,2,305.25,28.03,D,0
30.42387,75.78512,334.61,0.41,0.61,2020-11-05,846,N,VIIRS,n,2,298.27,1.23,D,0
30.42407,75.70609,335.69,0.41,0.6,2020-11-05,846,N,VIIRS,n,2,298.55,1.62,D,0
30.42424,75.6279,335.96,0.4,0.6,2020-11-05,846,N,VIIRS,n,2,297.91,5.21,D,0
30.42425,75.40662,336.7,0.39,0.59,2020-11-05,846,N,VIIRS,n,2,299.44,1.67,D,0
30.42454,75.63219,337.68,0.4,0.6,2020-11-05,846,N,VIIRS,n,2,298.07,5.24,D,0
30.42464,76.23163,335.54,0.44,0.62,2020-11-05,846,N,VIIRS,n,2,300.5,3.28,D,0
30.42494,75.09488,337.93,0.37,0.58,2020-11-05,846,N,VIIRS,n,2,299.82,2.54,D,0
30.42513,76.05975,339.48,0.43,0.62,2020-11-05,846,N,VIIRS,n,2,300.41,3.1,D,0
30.42514,75.40672,334.81,0.39,0.59,2020-11-05,846,N,VIIRS,n,2,299.41,2.11,D,0
30.42566,76.34056,344.85,0.44,0.63,2020-11-05,846,N,VIIRS,n,2,303.79,4.59,D,0
30.42592,75.43167,367,0.39,0.6,2020-11-05,846,N,VIIRS,h,2,301.73,6.32,D,0
30.42644,75.3563,331.79,0.39,0.59,2020-11-05,846,N,VIIRS,n,2,300.74,2.81,D,0
30.42691,75.12284,344.58,0.38,0.58,2020-11-05,846,N,VIIRS,n,2,300.06,8.79,D,0
30.42697,75.43171,367,0.39,0.59,2020-11-05,846,N,VIIRS,h,2,301.48,6.76,D,0
30.42723,76.46089,341.26,0.45,0.63,2020-11-05,846,N,VIIRS,n,2,303.83,3.05,D,0
30.42726,75.62341,330.16,0.4,0.6,2020-11-05,846,N,VIIRS,n,2,297.61,2.94,D,0
30.42727,75.3687,347.98,0.39,0.59,2020-11-05,846,N,VIIRS,n,2,300.87,3.77,D,0
30.42727,76.00467,367,0.42,0.61,2020-11-05,846,N,VIIRS,h,2,302.57,6.67,D,0
30.42731,75.53753,367,0.4,0.6,2020-11-05,846,N,VIIRS,h,2,299.76,10.46,D,0
30.42792,75.36887,345.05,0.39,0.59,2020-11-05,846,N,VIIRS,n,2,301.32,3.12,D,0
30.42804,75.13889,337.95,0.38,0.59,2020-11-05,846,N,VIIRS,n,2,298.14,5.72,D,0
30.42832,75.1429,351.91,0.38,0.59,2020-11-05,846,N,VIIRS,n,2,299.63,5.72,D,0
30.42945,75.15898,334,0.38,0.59,2020-11-05,846,N,VIIRS,n,2,298.79,3.85,D,0
30.42973,75.16301,345.5,0.38,0.59,2020-11-05,846,N,VIIRS,n,2,299.86,6.48,D,0
30.43075,75.80222,367,0.41,0.61,2020-11-05,846,N,VIIRS,h,2,302.52,4.43,D,0
30.43087,75.56282,345.77,0.4,0.6,2020-11-05,846,N,VIIRS,n,2,299.97,6.12,D,0
30.43092,76.33062,335.45,0.44,0.63,2020-11-05,846,N,VIIRS,n,2,301.25,6.04,D,0
30.43129,75.03036,339.3,0.37,0.58,2020-11-05,846,N,VIIRS,n,2,300.91,2.72,D,0
30.43133,76.43153,342.46,0.45,0.63,2020-11-05,846,N,VIIRS,n,2,301.73,2.39,D,0
30.43147,75.43118,367,0.39,0.6,2020-11-05,846,N,VIIRS,h,2,301.21,6.32,D,0
30.43208,75.11834,367,0.38,0.58,2020-11-05,846,N,VIIRS,h,2,300.73,11.9,D,0
30.43213,75.04221,350.7,0.37,0.58,2020-11-05,846,N,VIIRS,n,2,304.76,15.09,D,0
30.43242,75.04618,367,0.37,0.58,2020-11-05,846,N,VIIRS,h,2,301.2,15.09,D,0
30.43252,75.43123,367,0.39,0.59,2020-11-05,846,N,VIIRS,h,2,302.14,11.07,D,0
30.43283,75.43541,332.37,0.39,0.59,2020-11-05,846,N,VIIRS,n,2,299.93,12.42,D,0
30.4329,75.53703,342.6,0.4,0.6,2020-11-05,846,N,VIIRS,n,2,299.71,3.7,D,0
30.43301,76.0042,340.04,0.42,0.61,2020-11-05,846,N,VIIRS,n,2,299.13,6.67,D,0
30.43327,75.05808,335.23,0.37,0.58,2020-11-05,846,N,VIIRS,n,2,298.92,2.94,D,0
30.43355,75.06206,345.48,0.37,0.58,2020-11-05,846,N,VIIRS,n,2,301.1,2.94,D,0
30.43412,75.07001,367,0.37,0.58,2020-11-05,846,N,VIIRS,h,2,303.76,12.85,D,0
30.43457,75.56255,344.43,0.4,0.6,2020-11-05,846,N,VIIRS,n,2,298.71,3.39,D,0
30.43463,75.53687,342.25,0.4,0.6,2020-11-05,846,N,VIIRS,n,2,299.86,5.46,D,0
30.43469,75.07796,356.22,0.37,0.58,2020-11-05,846,N,VIIRS,n,2,303.09,12.44,D,0
30.43617,76.32068,367,0.44,0.63,2020-11-05,846,N,VIIRS,h,2,307.76,6.24,D,0
30.43643,75.80175,367,0.41,0.61,2020-11-05,846,N,VIIRS,h,2,301.13,6.67,D,0
30.43689,75.7269,367,0.41,0.61,2020-11-05,846,N,VIIRS,h,2,301.39,9.4,D,0
30.43702,75.43069,356.31,0.39,0.6,2020-11-05,846,N,VIIRS,n,2,300.89,15.38,D,0
30.43731,75.43488,367,0.39,0.6,2020-11-05,846,N,VIIRS,h,2,304.9,22.92,D,0
30.43777,75.35944,342.25,0.39,0.59,2020-11-05,846,N,VIIRS,n,2,301.05,3.09,D,0
30.43806,75.36358,342.7,0.39,0.59,2020-11-05,846,N,VIIRS,n,2,301.74,3.09,D,0
30.43807,75.43075,356.91,0.39,0.59,2020-11-05,846,N,VIIRS,n,2,300.82,11.07,D,0
30.43831,75.58794,335.65,0.4,0.6,2020-11-05,846,N,VIIRS,n,2,299.25,3.37,D,0
30.43838,75.43493,367,0.39,0.59,2020-11-05,846,N,VIIRS,h,2,302.77,12.42,D,0
30.43877,75.62674,367,0.4,0.6,2020-11-05,846,N,VIIRS,h,2,299.7,10.19,D,0
30.43898,75.06157,335.92,0.37,0.58,2020-11-05,846,N,VIIRS,n,2,298.94,2.94,D,0
30.43958,75.72686,367,0.41,0.61,2020-11-05,846,N,VIIRS,h,2,300.51,9.73,D,0
30.4401,75.85482,343.21,0.42,0.61,2020-11-05,846,N,VIIRS,n,2,300.2,4.62,D,0
30.44013,75.00177,337.31,0.37,0.58,2020-11-05,846,N,VIIRS,n,2,300.08,3.05,D,0
30.44041,75.73995,339.39,0.41,0.61,2020-11-05,846,N,VIIRS,n,2,299.05,6.25,D,0
30.44047,75.31769,332.21,0.39,0.59,2020-11-05,846,N,VIIRS,n,2,300.89,3.87,D,0
30.44058,75.23941,367,0.38,0.59,2020-11-05,846,N,VIIRS,h,2,302.31,15.11,D,0
30.4407,75.08543,345.45,0.37,0.58,2020-11-05,846,N,VIIRS,n,2,300.57,6.87,D,0
30.44132,75.33006,367,0.39,0.59,2020-11-05,846,N,VIIRS,h,2,305.49,16.41,D,0
30.44148,76.2209,337.3,0.44,0.62,2020-11-05,846,N,VIIRS,n,2,301.35,2.85,D,0
30.44186,75.58768,351.09,0.4,0.6,2020-11-05,846,N,VIIRS,n,2,300.27,6.69,D,0
30.442,75.85505,344.81,0.42,0.61,2020-11-05,846,N,VIIRS,n,2,300.1,4.61,D,0
30.44202,76.32022,337.48,0.44,0.63,2020-11-05,846,N,VIIRS,n,2,301.75,6.24,D,0
30.44232,76.32496,342.4,0.44,0.63,2020-11-05,846,N,VIIRS,n,2,302.08,6.24,D,0
30.4425,76.42095,367,0.45,0.63,2020-11-05,846,N,VIIRS,h,2,307.24,12.78,D,0
30.44255,75.86395,352.77,0.42,0.61,2020-11-05,846,N,VIIRS,n,2,300.98,10.28,D,0
30.44266,75.97615,333.1,0.42,0.61,2020-11-05,846,N,VIIRS,n,2,299.88,2.25,D,0
30.44379,75.20647,352.41,0.38,0.59,2020-11-05,846,N,VIIRS,n,2,299.79,4.85,D,0
30.44383,75.12935,330.51,0.38,0.58,2020-11-05,846,N,VIIRS,n,2,299.17,5.62,D,0
30.44392,75.58746,339.26,0.4,0.6,2020-11-05,846,N,VIIRS,n,2,298.85,3.66,D,0
30.44394,75.82776,344.94,0.41,0.61,2020-11-05,846,N,VIIRS,n,2,299.5,2.59,D,0
30.44412,75.13336,356.7,0.38,0.58,2020-11-05,846,N,VIIRS,l,2,302.31,5.62,D,0
30.44582,75.00519,340.43,0.37,0.58,2020-11-05,846,N,VIIRS,n,2,299.67,3.05,D,0
30.446,75.82791,347.66,0.41,0.61,2020-11-05,846,N,VIIRS,n,2,299.28,3.47,D,0
30.44611,75.00912,341.36,0.37,0.58,2020-11-05,846,N,VIIRS,n,2,299.92,5.08,D,0
30.44641,75.86324,353.41,0.42,0.61,2020-11-05,846,N,VIIRS,n,2,300.03,10.04,D,0
30.44777,75.80083,335.16,0.41,0.61,2020-11-05,846,N,VIIRS,n,2,301.84,2.5,D,0
30.44803,75.59575,345.18,0.4,0.6,2020-11-05,846,N,VIIRS,n,2,299.08,3.91,D,0
30.44838,76.42049,367,0.45,0.63,2020-11-05,846,N,VIIRS,h,2,302.13,12.78,D,0
30.44839,75.97569,333.54,0.42,0.61,2020-11-05,846,N,VIIRS,n,2,300.03,2.34,D,0
30.44871,75.12084,334.15,0.38,0.58,2020-11-05,846,N,VIIRS,n,2,299.74,4.6,D,0
30.449,75.12486,336.72,0.38,0.58,2020-11-05,846,N,VIIRS,n,2,299.66,4.6,D,0
30.4494,75.36676,347.22,0.39,0.59,2020-11-05,846,N,VIIRS,n,2,301.98,3.89,D,0
30.44944,75.61717,354.26,0.4,0.6,2020-11-05,846,N,VIIRS,n,2,299.23,16.06,D,0
30.44957,75.13287,341.14,0.38,0.58,2020-11-05,846,N,VIIRS,n,2,297.71,6.61,D,0
30.44973,75.62148,356.87,0.4,0.6,2020-11-05,846,N,VIIRS,l,2,302.29,26.43,D,0
30.45,75.80096,347.16,0.41,0.61,2020-11-05,846,N,VIIRS,n,2,301.65,4.97,D,0
30.45001,76.08533,339.69,0.43,0.62,2020-11-05,846,N,VIIRS,n,2,301.93,4.68,D,0
30.45014,75.59554,348.1,0.4,0.6,2020-11-05,846,N,VIIRS,n,2,299.07,3.31,D,0
30.45045,75.59982,334.01,0.4,0.6,2020-11-05,846,N,VIIRS,n,2,298.31,3.31,D,0
30.45071,75.07252,345.86,0.37,0.58,2020-11-05,846,N,VIIRS,n,2,299.55,4.39,D,0
30.45124,75.00469,333.95,0.37,0.58,2020-11-05,846,N,VIIRS,n,2,300.08,4.81,D,0
30.4517,75.61697,354.75,0.4,0.6,2020-11-05,846,N,VIIRS,n,2,299.45,15.27,D,0
30.45178,75.32082,331.17,0.39,0.59,2020-11-05,846,N,VIIRS,n,2,299.74,8.17,D,0
30.45193,75.5696,367,0.4,0.6,2020-11-05,846,N,VIIRS,h,2,303.78,10.12,D,0
30.45201,75.62126,356.97,0.4,0.6,2020-11-05,846,N,VIIRS,l,2,301.67,25.69,D,0
30.45207,75.32494,367,0.39,0.59,2020-11-05,846,N,VIIRS,h,2,308.27,24.33,D,0
30.45263,75.62985,356.97,0.4,0.6,2020-11-05,846,N,VIIRS,l,2,298.58,7.17,D,0
30.45294,75.63413,348,0.4,0.6,2020-11-05,846,N,VIIRS,n,2,297.83,7.17,D,0
30.45325,75.63842,334.65,0.4,0.6,2020-11-05,846,N,VIIRS,n,2,297.57,6.13,D,0
30.45345,75.80035,331.08,0.41,0.61,2020-11-05,846,N,VIIRS,n,2,299.6,2.5,D,0
30.45392,75.59955,332.73,0.4,0.6,2020-11-05,846,N,VIIRS,n,2,298.2,3.91,D,0
30.45414,75.27515,339.88,0.38,0.59,2020-11-05,846,N,VIIRS,n,2,298.37,2.97,D,0
30.45416,75.12037,355.36,0.38,0.58,2020-11-05,846,N,VIIRS,n,2,299,4.6,D,0
30.45445,75.12437,348.09,0.38,0.58,2020-11-05,846,N,VIIRS,n,2,297.97,4.6,D,0
30.45477,75.73854,352.9,0.41,0.61,2020-11-05,846,N,VIIRS,n,2,301.3,2.89,D,0
30.45494,75.36626,334.73,0.39,0.59,2020-11-05,846,N,VIIRS,n,2,300.07,2.66,D,0
30.45496,75.53078,334.11,0.4,0.6,2020-11-05,846,N,VIIRS,n,2,297.57,3.24,D,0
30.45531,75.82685,351.27,0.41,0.61,2020-11-05,846,N,VIIRS,n,2,301.32,3.92,D,0
30.45582,75.91628,340.14,0.42,0.61,2020-11-05,846,N,VIIRS,n,2,298.68,3.66,D,0
30.45591,75.62959,357,0.4,0.6,2020-11-05,846,N,VIIRS,l,2,299.42,8.98,D,0
30.45615,75.07202,339.25,0.37,0.58,2020-11-05,846,N,VIIRS,n,2,296.49,4.32,D,0
30.4562,75.63391,352.83,0.4,0.6,2020-11-05,846,N,VIIRS,n,2,299.1,8.98,D,0
30.45636,75.00026,367,0.37,0.58,2020-11-05,846,N,VIIRS,h,2,304.42,4.81,D,0
30.45648,75.63821,339.7,0.4,0.6,2020-11-05,846,N,VIIRS,n,2,298.19,7.45,D,0
30.45667,75.5563,367,0.4,0.6,2020-11-05,846,N,VIIRS,h,2,306.02,9.27,D,0
30.45677,76.36688,335.06,0.45,0.63,2020-11-05,846,N,VIIRS,n,2,300.58,5.92,D,0
30.45705,75.23794,348.3,0.38,0.59,2020-11-05,846,N,VIIRS,n,2,300.68,3.62,D,0
30.45723,75.01206,350.05,0.37,0.58,2020-11-05,846,N,VIIRS,n,2,299.94,8.18,D,0
30.45724,75.56482,351.85,0.4,0.6,2020-11-05,846,N,VIIRS,n,2,300.58,16.39,D,0
30.45733,75.9166,336.51,0.42,0.61,2020-11-05,846,N,VIIRS,n,2,297.85,3.14,D,0
30.45737,75.82697,367,0.41,0.61,2020-11-05,846,N,VIIRS,h,2,303.11,7.53,D,0
30.45738,75.73849,367,0.41,0.61,2020-11-05,846,N,VIIRS,h,2,302.5,6.54,D,0
30.45753,75.56909,367,0.4,0.6,2020-11-05,846,N,VIIRS,h,2,304.72,36.32,D,0
30.45781,75.01997,367,0.37,0.58,2020-11-05,846,N,VIIRS,h,2,303.59,19.12,D,0
30.45794,76.11707,367,0.43,0.62,2020-11-05,846,N,VIIRS,h,2,303.97,6.11,D,0
30.45797,75.49223,338.44,0.4,0.6,2020-11-05,846,N,VIIRS,n,2,299.4,3.29,D,0
30.4581,75.02391,356.51,0.37,0.58,2020-11-05,846,N,VIIRS,n,2,299.06,14.88,D,0
30.4582,76.11772,367,0.43,0.62,2020-11-05,846,N,VIIRS,h,2,303.88,7.87,D,0
30.45955,75.0437,354.16,0.37,0.58,2020-11-05,846,N,VIIRS,n,2,298.64,4.16,D,0
30.45969,76.05693,337.95,0.43,0.62,2020-11-05,846,N,VIIRS,n,2,300.48,4.17,D,0
30.45993,75.27876,367,0.38,0.59,2020-11-05,846,N,VIIRS,h,2,301.26,4.64,D,0
30.45997,75.5218,336.79,0.4,0.6,2020-11-05,846,N,VIIRS,n,2,298.05,4.15,D,0
30.46,76.06151,350.08,0.43,0.62,2020-11-05,846,N,VIIRS,n,2,300.52,4.17,D,0
30.4602,75.12788,338.62,0.38,0.58,2020-11-05,846,N,VIIRS,n,2,298.72,3.92,D,0
30.46026,75.52605,333.48,0.4,0.6,2020-11-05,846,N,VIIRS,n,2,298.25,3.24,D,0
30.46032,76.05746,335.09,0.43,0.62,2020-11-05,846,N,VIIRS,n,2,299.32,4.57,D,0
30.46042,75.73808,335.32,0.41,0.61,2020-11-05,846,N,VIIRS,n,2,298.62,2.89,D,0
30.4606,76.06204,346.1,0.43,0.62,2020-11-05,846,N,VIIRS,n,2,300.45,4.57,D,0
30.46099,75.82639,348.95,0.41,0.61,2020-11-05,846,N,VIIRS,n,2,299.27,4.83,D,0
30.46109,75.21714,331.65,0.38,0.59,2020-11-05,846,N,VIIRS,n,2,298.59,2.36,D,0
30.46162,75.83524,352.11,0.41,0.61,2020-11-05,846,N,VIIRS,n,2,300.18,11.03,D,0
30.46165,75.14796,331.6,0.38,0.59,2020-11-05,846,N,VIIRS,n,2,299.34,1.8,D,0
30.46193,75.83967,345.61,0.42,0.61,2020-11-05,846,N,VIIRS,n,2,300.53,6.93,D,0
30.46227,75.55582,356.5,0.4,0.6,2020-11-05,846,N,VIIRS,n,2,298.97,9.27,D,0
30.46254,75.23744,342.11,0.38,0.59,2020-11-05,846,N,VIIRS,n,2,298.25,3.62,D,0
30.46255,75.56007,331.69,0.4,0.6,2020-11-05,846,N,VIIRS,n,2,298.99,16.39,D,0
30.46363,75.83536,367,0.42,0.61,2020-11-05,846,N,VIIRS,h,2,300.71,8.74,D,0
30.46372,76.1166,345.68,0.43,0.62,2020-11-05,846,N,VIIRS,n,2,300.87,6.11,D,0
30.46391,75.83979,344.25,0.42,0.61,2020-11-05,846,N,VIIRS,n,2,300.22,6.58,D,0
30.46398,76.11724,330.45,0.43,0.62,2020-11-05,846,N,VIIRS,n,2,300.41,7.87,D,0
30.46439,75.03527,354.11,0.37,0.58,2020-11-05,846,N,VIIRS,n,2,300.68,5.12,D,0
30.46485,75.59428,351.6,0.4,0.6,2020-11-05,846,N,VIIRS,n,2,298.67,5.92,D,0
30.46542,75.20043,347,0.38,0.59,2020-11-05,846,N,VIIRS,n,2,299.13,4.45,D,0
30.46572,76.32314,334.1,0.44,0.63,2020-11-05,846,N,VIIRS,n,2,302.28,6.99,D,0
30.46603,76.32791,367,0.44,0.63,2020-11-05,846,N,VIIRS,h,2,306.39,14.71,D,0
30.46623,75.44921,335.28,0.39,0.6,2020-11-05,846,N,VIIRS,n,2,298.85,2.77,D,0
30.46659,75.2947,331.44,0.39,0.59,2020-11-05,846,N,VIIRS,n,2,297.74,1.58,D,0
30.46715,75.38188,352.2,0.39,0.59,2020-11-05,846,N,VIIRS,n,2,302.01,7.29,D,0
30.46732,76.08396,354.34,0.43,0.62,2020-11-05,846,N,VIIRS,n,2,304.4,6.52,D,0
30.46744,75.63294,367,0.4,0.6,2020-11-05,846,N,VIIRS,h,2,301.97,10.38,D,0
30.46758,75.55107,350.26,0.4,0.6,2020-11-05,846,N,VIIRS,n,2,300.32,5.28,D,0
30.46778,76.08451,354.05,0.43,0.62,2020-11-05,846,N,VIIRS,n,2,304.57,6.05,D,0
30.46786,75.55533,367,0.4,0.6,2020-11-05,846,N,VIIRS,h,2,301.03,5.28,D,0
30.46796,75.4744,347.56,0.4,0.6,2020-11-05,846,N,VIIRS,n,2,299.27,4.22,D,0
30.46815,75.5596,330.63,0.4,0.6,2020-11-05,846,N,VIIRS,n,2,299.29,7.13,D,0
30.46861,75.24509,334.32,0.38,0.59,2020-11-05,846,N,VIIRS,n,2,298.53,5.98,D,0
30.46888,75.65453,356.41,0.41,0.6,2020-11-05,846,N,VIIRS,n,2,301.82,11.65,D,0
30.4689,75.24916,353.87,0.38,0.59,2020-11-05,846,N,VIIRS,n,2,299.68,9.92,D,0
30.46916,75.65884,338.52,0.41,0.6,2020-11-05,846,N,VIIRS,n,2,299.16,11.65,D,0
30.46948,75.25732,352.81,0.38,0.59,2020-11-05,846,N,VIIRS,n,2,302.25,15.24,D,0
30.46964,75.10689,337.6,0.38,0.58,2020-11-05,846,N,VIIRS,n,2,300.29,2.34,D,0
30.46977,75.26141,367,0.38,0.59,2020-11-05,846,N,VIIRS,h,2,299.04,15.24,D,0
30.46978,75.33997,344.44,0.39,0.59,2020-11-05,846,N,VIIRS,n,2,299.52,4.98,D,0
30.47018,75.93812,331.68,0.42,0.61,2020-11-05,846,N,VIIRS,n,2,299,2.8,D,0
30.47053,76.32372,352.15,0.44,0.63,2020-11-05,846,N,VIIRS,n,2,302.98,9.19,D,0
30.4707,75.04666,350.18,0.37,0.58,2020-11-05,846,N,VIIRS,n,2,299.77,3.98,D,0
30.47081,76.32849,355.94,0.44,0.63,2020-11-05,846,N,VIIRS,n,2,301.56,17.07,D,0
30.47152,75.286,348.63,0.38,0.59,2020-11-05,846,N,VIIRS,n,2,299.5,2.55,D,0
30.47156,75.78142,352.94,0.41,0.61,2020-11-05,846,N,VIIRS,n,2,301.32,4.88,D,0
30.47182,75.36893,333.17,0.39,0.59,2020-11-05,846,N,VIIRS,n,2,299.23,1.98,D,0
30.47188,76.32746,337.31,0.44,0.63,2020-11-05,846,N,VIIRS,n,2,301.02,7.73,D,0
30.47327,75.3897,342.35,0.39,0.59,2020-11-05,846,N,VIIRS,n,2,299.43,4.2,D,0
30.47346,75.55486,331.46,0.4,0.6,2020-11-05,846,N,VIIRS,n,2,298.96,5.28,D,0
30.47703,75.28551,334.46,0.38,0.59,2020-11-05,846,N,VIIRS,n,2,298.84,2.55,D,0
30.47797,75.70602,336.33,0.41,0.6,2020-11-05,846,N,VIIRS,n,2,301.1,3.41,D,0
30.47803,75.14647,335.92,0.38,0.59,2020-11-05,846,N,VIIRS,n,2,297.97,5.34,D,0
30.47925,75.81181,334.94,0.41,0.61,2020-11-05,846,N,VIIRS,n,2,298.96,2.63,D,0
30.4795,75.16661,339.57,0.38,0.59,2020-11-05,846,N,VIIRS,n,2,298.19,3.16,D,0
30.47979,75.17065,335.41,0.38,0.59,2020-11-05,846,N,VIIRS,n,2,297.38,3.16,D,0
30.48152,76.21383,348.5,0.44,0.62,2020-11-05,846,N,VIIRS,n,2,300.68,7.94,D,0
30.48185,75.04967,340.61,0.37,0.58,2020-11-05,846,N,VIIRS,n,2,298.44,3.09,D,0
30.48187,76.21305,339.14,0.44,0.62,2020-11-05,846,N,VIIRS,n,2,300.02,8.46,D,0
30.48348,75.78928,332.69,0.41,0.61,2020-11-05,846,N,VIIRS,n,2,298.97,2.31,D,0
30.4848,75.98681,342.33,0.42,0.61,2020-11-05,846,N,VIIRS,n,2,299.52,3.41,D,0
30.48523,76.27493,351.04,0.44,0.62,2020-11-05,846,N,VIIRS,n,2,303.03,5.56,D,0
30.48551,75.8202,343.15,0.41,0.61,2020-11-05,846,N,VIIRS,n,2,300.77,5.89,D,0
30.48577,75.33027,342.46,0.39,0.59,2020-11-05,846,N,VIIRS,n,2,301.21,4.17,D,0
30.48597,76.27401,341.4,0.44,0.62,2020-11-05,846,N,VIIRS,n,2,302.45,5.27,D,0
30.48628,76.27872,343.78,0.44,0.62,2020-11-05,846,N,VIIRS,n,2,301.79,7.2,D,0
30.4864,75.57952,340.07,0.4,0.6,2020-11-05,846,N,VIIRS,n,2,299.69,2.76,D,0
30.48729,75.4305,342.29,0.39,0.6,2020-11-05,846,N,VIIRS,n,2,299.55,2.86,D,0
30.48735,75.9367,339.81,0.42,0.61,2020-11-05,846,N,VIIRS,n,2,299.79,4.38,D,0
30.48759,75.4347,333.22,0.39,0.6,2020-11-05,846,N,VIIRS,n,2,298.38,2.86,D,0
30.48877,76.43291,339.55,0.45,0.63,2020-11-05,846,N,VIIRS,n,2,300.89,5.01,D,0
30.49024,75.55341,351.8,0.4,0.6,2020-11-05,846,N,VIIRS,n,2,300.96,16.1,D,0
30.49054,75.55768,367,0.4,0.6,2020-11-05,846,N,VIIRS,h,2,312.46,38.99,D,0
30.49081,76.43658,333.43,0.45,0.63,2020-11-05,846,N,VIIRS,n,2,301.27,4.84,D,0
30.49084,75.09695,339.9,0.38,0.58,2020-11-05,846,N,VIIRS,n,2,300.46,2.93,D,0
30.49152,75.03282,341.57,0.37,0.58,2020-11-05,846,N,VIIRS,n,2,299.83,1.74,D,0
30.49256,75.66987,344.15,0.41,0.6,2020-11-05,846,N,VIIRS,n,2,299.72,6.42,D,0
30.49323,76.40836,342.36,0.45,0.63,2020-11-05,846,N,VIIRS,n,2,301.99,3.93,D,0
30.49351,75.0329,346.6,0.37,0.58,2020-11-05,846,N,VIIRS,n,2,300.38,2.52,D,0
30.49382,75.13699,333.04,0.38,0.59,2020-11-05,846,N,VIIRS,n,2,298.22,3.89,D,0
30.4948,76.40723,337.22,0.45,0.63,2020-11-05,846,N,VIIRS,n,2,301.04,4.33,D,0
30.49575,75.01652,344,0.37,0.58,2020-11-05,846,N,VIIRS,n,2,301.88,3.08,D,0
30.4962,75.1692,330.51,0.38,0.59,2020-11-05,846,N,VIIRS,n,2,297.26,4.13,D,0
30.49642,75.64346,351.6,0.4,0.6,2020-11-05,846,N,VIIRS,n,2,309.01,19.31,D,0
30.4965,75.17325,348.06,0.38,0.59,2020-11-05,846,N,VIIRS,n,2,299.4,7.19,D,0
30.49672,75.64778,348.78,0.4,0.6,2020-11-05,846,N,VIIRS,n,2,300.26,19.31,D,0
30.49701,75.65208,334.61,0.41,0.6,2020-11-05,846,N,VIIRS,n,2,299.55,5.91,D,0
30.49784,75.01656,343.22,0.37,0.58,2020-11-05,846,N,VIIRS,n,2,300.57,3.04,D,0
30.4979,75.66506,336.33,0.41,0.6,2020-11-05,846,N,VIIRS,n,2,297.99,6.56,D,0
30.49795,76.27784,344.28,0.44,0.62,2020-11-05,846,N,VIIRS,n,2,300.96,3.17,D,0
30.4982,75.66939,352.84,0.41,0.6,2020-11-05,846,N,VIIRS,n,2,298.24,8.62,D,0
30.49867,75.02844,336.4,0.37,0.58,2020-11-05,846,N,VIIRS,n,2,299.16,2.52,D,0
30.49874,75.05613,331.33,0.37,0.58,2020-11-05,846,N,VIIRS,n,2,300.19,2.71,D,0
30.49949,76.0359,343.78,0.43,0.62,2020-11-05,846,N,VIIRS,n,2,301.7,5.27,D,0
30.49997,75.00027,339.63,0.37,0.58,2020-11-05,846,N,VIIRS,n,2,300.25,2.35,D,0
30.50113,75.08799,350.79,0.37,0.58,2020-11-05,846,N,VIIRS,n,2,300.65,4.27,D,0
30.50141,76.4465,350.74,0.45,0.63,2020-11-05,846,N,VIIRS,n,2,303.2,5.84,D,0
30.50157,75.39559,336.89,0.39,0.59,2020-11-05,846,N,VIIRS,n,2,299.67,3.54,D,0
30.50175,75.63866,332.63,0.4,0.6,2020-11-05,846,N,VIIRS,n,2,298.76,5.87,D,0
30.50207,75.0279,335.48,0.37,0.58,2020-11-05,846,N,VIIRS,n,2,299.39,3.45,D,0
30.50216,75.00024,367,0.37,0.58,2020-11-05,846,N,VIIRS,h,2,302.51,4.01,D,0
30.50275,75.90834,330.56,0.42,0.61,2020-11-05,846,N,VIIRS,n,2,299.73,2.44,D,0
30.50278,75.0881,354.05,0.38,0.58,2020-11-05,846,N,VIIRS,n,2,300.89,5.14,D,0
30.50303,76.27828,354.9,0.44,0.62,2020-11-05,846,N,VIIRS,n,2,300.98,13.35,D,0
30.50323,76.44534,354.13,0.45,0.63,2020-11-05,846,N,VIIRS,n,2,303.82,4.24,D,0
30.50492,75.03983,334.55,0.37,0.58,2020-11-05,846,N,VIIRS,n,2,299.86,1.72,D,0
30.50529,75.60807,330.68,0.4,0.6,2020-11-05,846,N,VIIRS,n,2,296.99,3.47,D,0
30.50537,75.07156,354.76,0.37,0.58,2020-11-05,846,N,VIIRS,n,2,301.97,5.32,D,0
30.5062,75.70367,348.07,0.41,0.6,2020-11-05,846,N,VIIRS,n,2,302.6,24.9,D,0
30.5065,75.70802,367,0.41,0.6,2020-11-05,846,N,VIIRS,h,2,304.74,24.9,D,0
30.50678,75.62956,355.14,0.4,0.6,2020-11-05,846,N,VIIRS,n,2,300.17,6.42,D,0
30.50684,75.06763,334.68,0.37,0.58,2020-11-05,846,N,VIIRS,n,2,298.55,5.65,D,0
30.50711,75.07162,357.06,0.37,0.58,2020-11-05,846,N,VIIRS,l,2,302.76,5.65,D,0
30.50799,76.26366,345.99,0.44,0.62,2020-11-05,846,N,VIIRS,n,2,300.1,4.01,D,0
30.50886,75.65977,334.79,0.41,0.6,2020-11-05,846,N,VIIRS,n,2,297.74,2.97,D,0
30.50945,76.28728,367,0.44,0.63,2020-11-05,846,N,VIIRS,h,2,305.49,15.81,D,0
30.51055,75.36552,331.16,0.39,0.59,2020-11-05,846,N,VIIRS,n,2,301.6,8.87,D,0
30.51081,75.07106,350.27,0.37,0.58,2020-11-05,846,N,VIIRS,n,2,297.75,5.39,D,0
30.51095,75.69012,341.71,0.41,0.6,2020-11-05,846,N,VIIRS,n,2,298.94,4.44,D,0
30.51117,75.05122,340.77,0.37,0.58,2020-11-05,846,N,VIIRS,n,2,298.83,3.57,D,0
30.51202,75.54298,340.22,0.4,0.6,2020-11-05,846,N,VIIRS,n,2,299.5,2.63,D,0
30.5129,75.9754,330.33,0.42,0.61,2020-11-05,846,N,VIIRS,n,2,301.08,1.58,D,0
30.51327,75.0032,352.75,0.37,0.58,2020-11-05,846,N,VIIRS,n,2,299.8,7.67,D,0
30.51376,75.33252,335.68,0.39,0.59,2020-11-05,846,N,VIIRS,n,2,300.2,1.78,D,0
30.5145,75.0991,334.28,0.38,0.58,2020-11-05,846,N,VIIRS,n,2,298.51,2.81,D,0
30.51473,75.0507,347.42,0.37,0.58,2020-11-05,846,N,VIIRS,n,2,300.04,5.13,D,0
30.51476,75.4239,337.72,0.39,0.6,2020-11-05,846,N,VIIRS,n,2,297.37,7.32,D,0
30.51494,75.02692,331.42,0.37,0.58,2020-11-05,846,N,VIIRS,n,2,298.87,3.54,D,0
30.51507,75.42809,367,0.39,0.6,2020-11-05,846,N,VIIRS,h,2,302.32,16.15,D,0
30.51569,75.36152,333.01,0.39,0.59,2020-11-05,846,N,VIIRS,n,2,300.16,9.41,D,0
30.51596,75.36568,367,0.39,0.59,2020-11-05,846,N,VIIRS,h,2,307.27,9.41,D,0
30.51609,75.36504,367,0.39,0.59,2020-11-05,846,N,VIIRS,h,2,308.03,8.87,D,0
30.51616,76.02536,338.68,0.43,0.62,2020-11-05,846,N,VIIRS,n,2,300.24,3.69,D,0
30.51659,75.68965,353.67,0.41,0.6,2020-11-05,846,N,VIIRS,n,2,298.68,4.44,D,0
30.51715,75.95234,346.34,0.42,0.61,2020-11-05,846,N,VIIRS,n,2,301.84,6.53,D,0
30.51727,75.13923,330.95,0.38,0.59,2020-11-05,846,N,VIIRS,n,2,298.09,1.9,D,0
30.51838,75.09848,344.6,0.38,0.58,2020-11-05,846,N,VIIRS,n,2,298.5,5.47,D,0
30.51892,75.64155,353.62,0.4,0.6,2020-11-05,846,N,VIIRS,n,2,299.59,6.75,D,0
30.51994,75.09859,335.79,0.38,0.58,2020-11-05,846,N,VIIRS,n,2,298.14,2.71,D,0
30.52116,76.38206,340.5,0.45,0.63,2020-11-05,846,N,VIIRS,n,2,300.84,3.65,D,0
30.52244,75.6109,336.71,0.4,0.6,2020-11-05,846,N,VIIRS,n,2,296.47,4.01,D,0
30.52274,75.6152,331.73,0.4,0.6,2020-11-05,846,N,VIIRS,n,2,296.54,4.46,D,0
30.52351,75.31452,367,0.39,0.59,2020-11-05,846,N,VIIRS,h,2,304.61,10,D,0
30.5237,75.31499,367,0.39,0.59,2020-11-05,846,N,VIIRS,h,2,305.7,9.71,D,0
30.52408,75.96993,348.88,0.42,0.61,2020-11-05,846,N,VIIRS,n,2,301.7,5.71,D,0
30.52427,75.0821,367,0.37,0.58,2020-11-05,846,N,VIIRS,h,2,301.4,9.69,D,0
30.5247,75.80805,339.56,0.41,0.61,2020-11-05,846,N,VIIRS,n,2,300.08,2.85,D,0
30.52537,75.26475,344.63,0.38,0.59,2020-11-05,846,N,VIIRS,n,2,299.37,6.56,D,0
30.5256,75.26102,339.51,0.38,0.59,2020-11-05,846,N,VIIRS,n,2,298.65,2.87,D,0
30.52588,75.26512,334.05,0.38,0.59,2020-11-05,846,N,VIIRS,n,2,297.36,2.87,D,0
30.5262,75.35223,367,0.39,0.59,2020-11-05,846,N,VIIRS,h,2,302.16,6.75,D,0
30.52623,75.1101,331.55,0.38,0.58,2020-11-05,846,N,VIIRS,n,2,297.6,1.82,D,0
30.52625,75.35165,349.8,0.39,0.59,2020-11-05,846,N,VIIRS,n,2,300.67,7.42,D,0
30.52651,75.11411,333.17,0.38,0.58,2020-11-05,846,N,VIIRS,n,2,297.52,3.11,D,0
30.52663,75.03783,367,0.37,0.58,2020-11-05,846,N,VIIRS,h,2,303.32,11.5,D,0
30.52671,75.52969,332.18,0.4,0.6,2020-11-05,846,N,VIIRS,n,2,299.49,2.97,D,0
30.52715,76.19607,349.39,0.44,0.62,2020-11-05,846,N,VIIRS,n,2,300.82,5.42,D,0
30.52786,76.3001,367,0.44,0.63,2020-11-05,846,N,VIIRS,h,2,304.29,8.11,D,0
30.52789,75.52881,339.08,0.4,0.6,2020-11-05,846,N,VIIRS,n,2,300.56,3.05,D,0
30.52888,75.06962,348.29,0.37,0.58,2020-11-05,846,N,VIIRS,n,2,299.97,4.7,D,0
30.52916,75.07362,336.24,0.37,0.58,2020-11-05,846,N,VIIRS,n,2,297.99,5.53,D,0
30.52953,75.00167,342.38,0.37,0.58,2020-11-05,846,N,VIIRS,n,2,300.65,3.46,D,0
30.52994,76.33331,367,0.45,0.63,2020-11-05,846,N,VIIRS,h,2,307.22,18.65,D,0
30.53066,76.07014,340.25,0.43,0.62,2020-11-05,846,N,VIIRS,n,2,301.15,3.67,D,0
30.53113,75.5981,336.83,0.4,0.6,2020-11-05,846,N,VIIRS,n,2,297.37,2.23,D,0
30.53139,75.65787,367,0.41,0.6,2020-11-05,846,N,VIIRS,h,2,300.13,6.47,D,0
30.5314,75.10558,350.85,0.38,0.58,2020-11-05,846,N,VIIRS,n,2,300.76,7.19,D,0
30.53162,76.26656,348.9,0.44,0.62,2020-11-05,846,N,VIIRS,n,2,302.35,5.69,D,0
30.53211,75.19481,344.35,0.38,0.59,2020-11-05,846,N,VIIRS,n,2,299.22,11.75,D,0
30.53239,75.19887,367,0.38,0.59,2020-11-05,846,N,VIIRS,h,2,304.86,11.75,D,0
30.53242,75.75426,340.88,0.41,0.61,2020-11-05,846,N,VIIRS,n,2,299.63,5,D,0
30.53275,75.59708,339.84,0.4,0.6,2020-11-05,846,N,VIIRS,n,2,297.58,3.15,D,0
30.53285,75.36835,335.57,0.39,0.59,2020-11-05,846,N,VIIRS,n,2,297.86,2.21,D,0
30.53291,76.38114,353,0.45,0.63,2020-11-05,846,N,VIIRS,n,2,302.81,5.68,D,0
30.53334,75.29338,331.49,0.39,0.59,2020-11-05,846,N,VIIRS,n,2,300.93,2.16,D,0
30.53356,75.45181,333.35,0.39,0.6,2020-11-05,846,N,VIIRS,n,2,298,3.99,D,0
30.53427,75.47362,339.05,0.4,0.6,2020-11-05,846,N,VIIRS,n,2,298.98,1.67,D,0
30.53494,75.00117,343.47,0.37,0.58,2020-11-05,846,N,VIIRS,n,2,298.44,4.04,D,0
30.53509,75.47285,332.77,0.4,0.6,2020-11-05,846,N,VIIRS,n,2,299.36,1.51,D,0
30.53558,75.32638,335.48,0.39,0.59,2020-11-05,846,N,VIIRS,n,2,300.78,4.15,D,0
30.53592,75.5624,330.8,0.4,0.6,2020-11-05,846,N,VIIRS,n,2,298.82,2.05,D,0
30.53639,76.34238,337.15,0.45,0.63,2020-11-05,846,N,VIIRS,n,2,302.08,2.98,D,0
30.53647,75.17809,336.16,0.38,0.59,2020-11-05,846,N,VIIRS,n,2,299.22,2.39,D,0
30.53825,75.92348,338.34,0.42,0.61,2020-11-05,846,N,VIIRS,n,2,301.65,3.92,D,0
30.53844,75.2065,345.72,0.38,0.59,2020-11-05,846,N,VIIRS,n,2,300.26,6.55,D,0
30.53856,75.92796,338.29,0.42,0.61,2020-11-05,846,N,VIIRS,n,2,301.01,3.92,D,0
30.539,75.46047,330.21,0.4,0.6,2020-11-05,846,N,VIIRS,n,2,298.38,1.42,D,0
30.53946,75.69212,335.48,0.41,0.6,2020-11-05,846,N,VIIRS,n,2,299.68,2.61,D,0
30.53947,75.06464,330.37,0.37,0.58,2020-11-05,846,N,VIIRS,n,2,298.1,1.79,D,0
30.54007,75.39285,353.67,0.39,0.59,2020-11-05,846,N,VIIRS,n,2,300.35,6.06,D,0
30.54038,75.39226,367,0.39,0.59,2020-11-05,846,N,VIIRS,h,2,302.49,9.37,D,0
30.54098,75.24319,333.94,0.38,0.59,2020-11-05,846,N,VIIRS,n,2,298.44,2.56,D,0
30.54117,76.41912,331.54,0.45,0.63,2020-11-05,846,N,VIIRS,n,2,300.68,2.8,D,0
30.54119,75.40955,338.99,0.39,0.59,2020-11-05,846,N,VIIRS,n,2,299.23,4.34,D,0
30.54124,75.49426,346.67,0.4,0.6,2020-11-05,846,N,VIIRS,n,2,300.11,5.79,D,0
30.54192,75.41315,331.22,0.39,0.59,2020-11-05,846,N,VIIRS,n,2,297.95,4.75,D,0
30.54225,76.34192,336.24,0.45,0.63,2020-11-05,846,N,VIIRS,n,2,300.62,3.86,D,0
30.5428,75.35076,338.94,0.39,0.59,2020-11-05,846,N,VIIRS,n,2,299.83,2.29,D,0
30.54287,75.69282,367,0.41,0.6,2020-11-05,846,N,VIIRS,h,2,302.76,10.21,D,0
30.54296,75.6613,338.97,0.41,0.6,2020-11-05,846,N,VIIRS,n,2,297.7,1.98,D,0
30.54416,75.80309,343.77,0.41,0.61,2020-11-05,846,N,VIIRS,n,2,300.7,6.63,D,0
30.5451,75.69166,344.8,0.41,0.6,2020-11-05,846,N,VIIRS,n,2,299.89,4.33,D,0
30.54541,75.69601,338.42,0.41,0.6,2020-11-05,846,N,VIIRS,n,2,300.63,4.33,D,0
30.54562,75.39235,335.75,0.39,0.59,2020-11-05,846,N,VIIRS,n,2,298.19,6.06,D,0
30.54606,75.00412,341.75,0.37,0.58,2020-11-05,846,N,VIIRS,n,2,298.77,1.85,D,0
30.5462,75.54869,332.07,0.4,0.6,2020-11-05,846,N,VIIRS,n,2,298.6,2.56,D,0
30.54712,75.80177,338.6,0.41,0.61,2020-11-05,846,N,VIIRS,n,2,299.64,7.37,D,0
30.54742,75.80618,367,0.41,0.61,2020-11-05,846,N,VIIRS,h,2,302.63,15.11,D,0
30.54776,75.34196,352.89,0.39,0.59,2020-11-05,846,N,VIIRS,n,2,299.57,5.57,D,0
30.54825,75.60093,355.02,0.4,0.6,2020-11-05,846,N,VIIRS,n,2,299.38,6.01,D,0
30.54832,75.11211,349.63,0.38,0.58,2020-11-05,846,N,VIIRS,n,2,299.17,4.8,D,0
30.54846,75.27133,367,0.38,0.59,2020-11-05,846,N,VIIRS,h,2,302.51,6.82,D,0
30.54861,75.11613,344.16,0.38,0.58,2020-11-05,846,N,VIIRS,n,2,298.4,4.8,D,0
30.54928,75.44685,341.68,0.39,0.6,2020-11-05,846,N,VIIRS,n,2,298.55,8.92,D,0
30.54957,75.45105,367,0.39,0.6,2020-11-05,846,N,VIIRS,h,2,303.65,17.56,D,0
30.54969,75.92255,340.16,0.42,0.61,2020-11-05,846,N,VIIRS,n,2,301.6,3.92,D,0
30.54984,75.80261,367,0.41,0.61,2020-11-05,846,N,VIIRS,h,2,300.37,6.63,D,0
30.5499,75.59995,367,0.4,0.6,2020-11-05,846,N,VIIRS,h,2,299.75,6.82,D,0
30.55012,75.80704,338.17,0.41,0.61,2020-11-05,846,N,VIIRS,n,2,298.11,14.25,D,0
30.55048,75.54904,330.16,0.4,0.6,2020-11-05,846,N,VIIRS,n,2,298.22,4.03,D,0
30.55073,75.30425,367,0.39,0.59,2020-11-05,846,N,VIIRS,h,2,303.48,8.6,D,0
30.55102,75.30839,345.47,0.39,0.59,2020-11-05,846,N,VIIRS,n,2,300.3,11.28,D,0
30.55159,75.31665,353.54,0.39,0.59,2020-11-05,846,N,VIIRS,n,2,302.54,6.73,D,0
30.55167,75.92365,339.61,0.42,0.61,2020-11-05,846,N,VIIRS,n,2,301.82,3.73,D,0
30.55407,75.11564,343.21,0.38,0.58,2020-11-05,846,N,VIIRS,n,2,300.42,3.98,D,0
30.55527,76.26942,334.37,0.44,0.62,2020-11-05,846,N,VIIRS,n,2,302.63,7.64,D,0
30.55539,75.2914,330.97,0.39,0.59,2020-11-05,846,N,VIIRS,n,2,299.39,6.28,D,0
30.55543,75.8917,339.58,0.42,0.61,2020-11-05,846,N,VIIRS,n,2,300.55,2.09,D,0
30.55557,76.27415,367,0.44,0.62,2020-11-05,846,N,VIIRS,h,2,306.48,15.19,D,0
30.55568,75.29552,367,0.39,0.59,2020-11-05,846,N,VIIRS,h,2,301.99,6.28,D,0
30.55578,75.13973,334.41,0.38,0.59,2020-11-05,846,N,VIIRS,n,2,297.36,3.13,D,0
30.55607,75.14377,339.94,0.38,0.59,2020-11-05,846,N,VIIRS,n,2,297.89,6.47,D,0
30.55674,76.02666,336.03,0.43,0.62,2020-11-05,846,N,VIIRS,n,2,300.27,4.56,D,0
30.55807,76.02795,345.73,0.43,0.62,2020-11-05,846,N,VIIRS,n,2,301,4.81,D,0
30.55863,76.03706,340.16,0.43,0.62,2020-11-05,846,N,VIIRS,n,2,301.39,4.49,D,0
30.55883,75.5055,348.98,0.4,0.6,2020-11-05,846,N,VIIRS,n,2,309.87,27.14,D,0
30.55911,75.50974,345.01,0.4,0.6,2020-11-05,846,N,VIIRS,n,2,298.55,24.12,D,0
30.55924,75.65123,351.27,0.41,0.6,2020-11-05,846,N,VIIRS,n,2,301.8,3.52,D,0
30.55979,75.77954,336.69,0.41,0.61,2020-11-05,846,N,VIIRS,n,2,299.98,4.03,D,0
30.56012,75.74315,331.81,0.41,0.61,2020-11-05,846,N,VIIRS,n,2,298.41,2.39,D,0
30.56025,75.36173,337.15,0.39,0.59,2020-11-05,846,N,VIIRS,n,2,299.07,2.3,D,0
30.56082,75.53527,338.5,0.4,0.6,2020-11-05,846,N,VIIRS,n,2,298.5,4.51,D,0
30.56119,75.29503,367,0.39,0.59,2020-11-05,846,N,VIIRS,h,2,300.49,6.28,D,0
30.5624,75.15539,339.59,0.38,0.59,2020-11-05,846,N,VIIRS,n,2,297.89,4.79,D,0
30.5626,75.77834,337.68,0.41,0.61,2020-11-05,846,N,VIIRS,n,2,300.1,2.43,D,0
30.56269,75.15942,339.54,0.38,0.59,2020-11-05,846,N,VIIRS,n,2,298.37,5.57,D,0
30.56289,75.65176,367,0.41,0.6,2020-11-05,846,N,VIIRS,h,2,302.4,9.4,D,0
30.5632,75.74385,331.48,0.41,0.61,2020-11-05,846,N,VIIRS,n,2,298.41,2.05,D,0
30.5632,76.39325,341.62,0.45,0.63,2020-11-05,846,N,VIIRS,n,2,300.6,2.73,D,0
30.56354,75.0946,337.51,0.38,0.58,2020-11-05,846,N,VIIRS,n,2,298.7,6.9,D,0
30.56382,75.09861,357.32,0.38,0.58,2020-11-05,846,N,VIIRS,l,2,301.3,6.9,D,0
30.56555,75.52199,367,0.4,0.6,2020-11-05,846,N,VIIRS,h,2,300.86,5.28,D,0
30.56641,75.53477,335.92,0.4,0.6,2020-11-05,846,N,VIIRS,n,2,297.79,4.51,D,0
30.56722,75.38204,352.64,0.39,0.59,2020-11-05,846,N,VIIRS,n,2,301.63,8.31,D,0
30.56751,75.38622,367,0.39,0.59,2020-11-05,846,N,VIIRS,h,2,303.64,8.31,D,0
30.56774,75.81446,353.21,0.42,0.61,2020-11-05,846,N,VIIRS,n,2,299.88,8.36,D,0
30.56814,76.19756,338.8,0.44,0.62,2020-11-05,846,N,VIIRS,n,2,300.91,4.07,D,0
30.5684,76.19917,342.05,0.44,0.62,2020-11-05,846,N,VIIRS,n,2,302.07,4.48,D,0
30.56898,75.09412,356.8,0.38,0.58,2020-11-05,846,N,VIIRS,n,2,299.56,6.9,D,0
30.56927,75.09813,353.8,0.38,0.58,2020-11-05,846,N,VIIRS,n,2,297.56,6.9,D,0
30.56961,75.17918,341.34,0.38,0.59,2020-11-05,846,N,VIIRS,n,2,300.01,4.88,D,0
30.57049,75.26939,334.97,0.38,0.59,2020-11-05,846,N,VIIRS,n,2,299.64,2.23,D,0
30.57077,75.81316,367,0.41,0.61,2020-11-05,846,N,VIIRS,h,2,300.47,8.53,D,0
30.57193,75.21169,336.15,0.38,0.59,2020-11-05,846,N,VIIRS,n,2,299.12,2.84,D,0
30.57281,75.71662,347.66,0.41,0.61,2020-11-05,846,N,VIIRS,n,2,300.89,4.77,D,0
30.57334,75.15438,334.15,0.38,0.59,2020-11-05,846,N,VIIRS,n,2,298.3,3.23,D,0
30.57363,75.15842,332.63,0.38,0.59,2020-11-05,846,N,VIIRS,n,2,297.79,4.46,D,0
30.57363,75.39407,335.06,0.39,0.59,2020-11-05,846,N,VIIRS,n,2,298.79,2.7,D,0
30.57414,75.48286,341.06,0.4,0.6,2020-11-05,846,N,VIIRS,n,2,297.49,4.17,D,0
30.57595,75.42758,347.09,0.39,0.6,2020-11-05,846,N,VIIRS,n,2,299.37,4.35,D,0
30.57663,75.97935,336.94,0.42,0.61,2020-11-05,846,N,VIIRS,n,2,298.85,2.68,D,0
30.57685,75.86739,347.37,0.42,0.61,2020-11-05,846,N,VIIRS,n,2,301.48,5.24,D,0
30.57802,75.37691,336.94,0.39,0.59,2020-11-05,846,N,VIIRS,n,2,300.87,2.42,D,0
30.57855,75.4655,333.53,0.4,0.6,2020-11-05,846,N,VIIRS,n,2,296.83,15.28,D,0
30.57884,75.46972,367,0.4,0.6,2020-11-05,846,N,VIIRS,h,2,308.49,15.28,D,0
30.57946,75.23975,341.98,0.38,0.59,2020-11-05,846,N,VIIRS,n,2,299.06,4.19,D,0
30.58005,75.40614,337.92,0.39,0.59,2020-11-05,846,N,VIIRS,n,2,299.21,3.06,D,0
30.58029,75.49084,337.18,0.4,0.6,2020-11-05,846,N,VIIRS,n,2,300.18,4.63,D,0
30.58071,76.40833,341.5,0.45,0.63,2020-11-05,846,N,VIIRS,n,2,301.7,3.93,D,0
30.58105,75.10917,340.67,0.38,0.58,2020-11-05,846,N,VIIRS,n,2,297.97,3.14,D,0
30.58151,75.04079,367,0.37,0.58,2020-11-05,846,N,VIIRS,h,2,301.15,6.6,D,0
30.58173,75.19443,330.15,0.38,0.59,2020-11-05,846,N,VIIRS,n,2,298.91,1.89,D,0
30.58176,76.40631,333.69,0.45,0.63,2020-11-05,846,N,VIIRS,n,2,301.2,3.68,D,0
30.58327,75.37226,341.59,0.39,0.59,2020-11-05,846,N,VIIRS,n,2,299.96,2.87,D,0
30.58363,75.99705,367,0.43,0.62,2020-11-05,846,N,VIIRS,h,2,303.06,8.72,D,0
30.58415,75.07664,357.32,0.37,0.58,2020-11-05,846,N,VIIRS,l,2,299.76,7.01,D,0
30.58415,75.38477,356.69,0.39,0.59,2020-11-05,846,N,VIIRS,n,2,300.22,4.02,D,0
30.58445,75.08063,333.67,0.38,0.58,2020-11-05,846,N,VIIRS,n,2,297.68,7.01,D,0
30.58485,75.99362,367,0.43,0.62,2020-11-05,846,N,VIIRS,h,2,301.39,6.13,D,0
30.58514,75.99817,339.93,0.43,0.62,2020-11-05,846,N,VIIRS,n,2,300.21,6.13,D,0
30.58592,75.10065,355.63,0.38,0.58,2020-11-05,846,N,VIIRS,n,2,299.38,7.2,D,0
30.58619,75.41402,352.57,0.39,0.6,2020-11-05,846,N,VIIRS,n,2,299.41,6.21,D,0
30.58704,75.50731,334.74,0.4,0.6,2020-11-05,846,N,VIIRS,n,2,299.13,2.44,D,0
30.58751,75.198,340.09,0.38,0.59,2020-11-05,846,N,VIIRS,n,2,298.74,6.74,D,0
30.58827,75.13277,332.35,0.38,0.59,2020-11-05,846,N,VIIRS,n,2,297.31,2.46,D,0
30.58928,75.22244,367,0.38,0.59,2020-11-05,846,N,VIIRS,h,2,301.91,5.27,D,0
30.58957,75.22653,334.36,0.38,0.59,2020-11-05,846,N,VIIRS,n,2,298.42,5.27,D,0
30.59082,75.32149,331.02,0.39,0.59,2020-11-05,846,N,VIIRS,n,2,298.59,2.42,D,0
30.59083,75.56275,367,0.4,0.6,2020-11-05,846,N,VIIRS,h,2,300.7,10.25,D,0
30.59262,75.50683,339.68,0.4,0.6,2020-11-05,846,N,VIIRS,n,2,299.07,5.35,D,0
30.59723,75.33344,335,0.39,0.59,2020-11-05,846,N,VIIRS,n,2,298.24,3.16,D,0
30.59753,75.33758,336.69,0.39,0.59,2020-11-05,846,N,VIIRS,n,2,299.33,4.77,D,0
30.59869,75.03445,331.46,0.37,0.58,2020-11-05,846,N,VIIRS,n,2,298.1,2.66,D,0
30.60078,75.38332,348.28,0.39,0.59,2020-11-05,846,N,VIIRS,n,2,299.73,35.74,D,0
30.60107,75.3875,367,0.39,0.59,2020-11-05,846,N,VIIRS,h,2,328.35,55.34,D,0
30.60137,75.39167,340.08,0.39,0.59,2020-11-05,846,N,VIIRS,n,2,297.88,55.34,D,0
30.60158,75.31639,345.86,0.39,0.59,2020-11-05,846,N,VIIRS,n,2,301.2,4.18,D,0
30.60167,75.39584,367,0.39,0.59,2020-11-05,846,N,VIIRS,h,2,301.52,11.52,D,0
30.60196,75.40002,347.18,0.39,0.59,2020-11-05,846,N,VIIRS,n,2,298.42,11.52,D,0
30.60205,75.02294,331.44,0.37,0.58,2020-11-05,846,N,VIIRS,n,2,298.68,3.16,D,0
30.60235,75.0269,340.74,0.37,0.58,2020-11-05,846,N,VIIRS,n,2,298.77,5.43,D,0
30.60297,76.00587,343.83,0.43,0.62,2020-11-05,846,N,VIIRS,n,2,303.03,3.91,D,0
30.60357,75.026,355.91,0.37,0.58,2020-11-05,846,N,VIIRS,n,2,300.19,7.91,D,0
30.60381,75.58756,335.96,0.4,0.6,2020-11-05,846,N,VIIRS,n,2,297.76,7.92,D,0
30.60411,75.59187,348.72,0.4,0.6,2020-11-05,846,N,VIIRS,n,2,299.68,6.95,D,0
30.60456,75.20468,340.95,0.38,0.59,2020-11-05,846,N,VIIRS,n,2,298.97,4.91,D,0
30.60485,75.20875,345.12,0.38,0.59,2020-11-05,846,N,VIIRS,n,2,299.46,4.91,D,0
30.60515,75.21283,367,0.38,0.59,2020-11-05,846,N,VIIRS,h,2,302.24,6.62,D,0
30.60527,75.52715,334.54,0.4,0.6,2020-11-05,846,N,VIIRS,n,2,298.97,2.23,D,0
30.60586,75.14744,351.5,0.38,0.59,2020-11-05,846,N,VIIRS,n,2,300.49,5.16,D,0
30.60615,75.15147,338.19,0.38,0.59,2020-11-05,846,N,VIIRS,n,2,298.93,5.16,D,0
30.60628,75.00661,367,0.37,0.58,2020-11-05,846,N,VIIRS,h,2,301.62,6.85,D,0
30.60631,75.14677,348.3,0.38,0.59,2020-11-05,846,N,VIIRS,n,2,300.27,4.81,D,0
30.60659,75.1508,343.01,0.38,0.59,2020-11-05,846,N,VIIRS,n,2,299.57,4.81,D,0
30.60676,75.63061,367,0.4,0.6,2020-11-05,846,N,VIIRS,h,2,302.45,10.04,D,0
30.60743,75.09468,330.69,0.38,0.58,2020-11-05,846,N,VIIRS,n,2,297.06,2.01,D,0
30.60763,75.00565,367,0.37,0.58,2020-11-05,846,N,VIIRS,h,2,302.27,6.65,D,0
30.60765,75.17171,346.33,0.38,0.59,2020-11-05,846,N,VIIRS,n,2,299.04,3.41,D,0
30.60795,75.17107,349.88,0.38,0.59,2020-11-05,846,N,VIIRS,n,2,299.34,5.77,D,0
30.60822,75.09387,344.86,0.38,0.58,2020-11-05,846,N,VIIRS,n,2,297.75,2.97,D,0
30.60911,76.19585,342.81,0.44,0.62,2020-11-05,846,N,VIIRS,n,2,300.28,4.36,D,0
30.61064,75.21233,338.84,0.38,0.59,2020-11-05,846,N,VIIRS,n,2,298.24,6.62,D,0
30.61068,75.21172,335.42,0.38,0.59,2020-11-05,846,N,VIIRS,n,2,298.06,3,D,0
30.61193,76.05572,335.73,0.43,0.62,2020-11-05,846,N,VIIRS,n,2,299.67,3.42,D,0
30.61288,75.09419,335.95,0.38,0.58,2020-11-05,846,N,VIIRS,n,2,296.88,2.01,D,0
30.61403,75.18339,340.31,0.38,0.59,2020-11-05,846,N,VIIRS,n,2,299.01,3.98,D,0
30.61411,75.03784,337.85,0.37,0.58,2020-11-05,846,N,VIIRS,n,2,298.71,6.67,D,0
30.61425,75.18275,332.39,0.38,0.59,2020-11-05,846,N,VIIRS,n,2,298.42,4.12,D,0
30.61441,75.04181,367,0.37,0.58,2020-11-05,846,N,VIIRS,h,2,304.59,18.21,D,0
30.61453,75.18681,333.85,0.38,0.59,2020-11-05,846,N,VIIRS,n,2,297.81,5.49,D,0
30.61553,75.04091,367,0.37,0.58,2020-11-05,846,N,VIIRS,h,2,304.03,17.66,D,0
30.61579,75.93643,349.69,0.42,0.61,2020-11-05,846,N,VIIRS,n,2,301.65,5.17,D,0
30.61645,75.21529,331.2,0.38,0.59,2020-11-05,846,N,VIIRS,n,2,298.23,3,D,0
30.61765,75.54326,346.1,0.4,0.6,2020-11-05,846,N,VIIRS,n,2,299.83,3.98,D,0
30.61862,75.39858,355.79,0.39,0.59,2020-11-05,846,N,VIIRS,n,2,301.29,4.16,D,0
30.61933,75.99078,342.6,0.43,0.62,2020-11-05,846,N,VIIRS,n,2,300.56,3.38,D,0
30.62045,75.04927,331.1,0.37,0.58,2020-11-05,846,N,VIIRS,n,2,296.98,2.96,D,0
30.62045,75.12182,342.03,0.38,0.59,2020-11-05,846,N,VIIRS,n,2,300.07,4.72,D,0
30.62106,75.12104,349.1,0.38,0.59,2020-11-05,846,N,VIIRS,n,2,299.7,3.99,D,0
30.62162,75.21136,356.71,0.38,0.59,2020-11-05,846,N,VIIRS,l,2,304.81,12.25,D,0
30.62166,75.21071,357.14,0.38,0.59,2020-11-05,846,N,VIIRS,l,2,305.39,10.68,D,0
30.62192,75.21545,333.46,0.38,0.59,2020-11-05,846,N,VIIRS,n,2,297.33,12.25,D,0
30.62194,75.2148,334.88,0.38,0.59,2020-11-05,846,N,VIIRS,n,2,297.23,10.68,D,0
30.6222,75.69049,337.67,0.41,0.6,2020-11-05,846,N,VIIRS,n,2,299.51,2.02,D,0
30.62221,75.21888,331.66,0.38,0.59,2020-11-05,846,N,VIIRS,n,2,296.42,3.63,D,0
30.62277,75.22705,337.62,0.38,0.59,2020-11-05,846,N,VIIRS,n,2,296.88,2.69,D,0
30.62283,75.22767,338.04,0.38,0.59,2020-11-05,846,N,VIIRS,n,2,297.06,2.75,D,0
30.62525,75.3472,355.14,0.39,0.59,2020-11-05,846,N,VIIRS,n,2,298.89,6.61,D,0
30.62553,75.35136,354.72,0.39,0.59,2020-11-05,846,N,VIIRS,n,2,298.2,9.16,D,0
30.62608,75.34762,367,0.39,0.59,2020-11-05,846,N,VIIRS,h,2,299.53,9.41,D,0
30.62639,75.35178,352.13,0.39,0.59,2020-11-05,846,N,VIIRS,n,2,297.71,12,D,0
30.6265,75.20274,344.15,0.38,0.59,2020-11-05,846,N,VIIRS,n,2,298.99,5.74,D,0
30.6266,75.20206,351.5,0.38,0.59,2020-11-05,846,N,VIIRS,n,2,299.1,10.62,D,0
30.62664,75.28459,333.26,0.39,0.59,2020-11-05,846,N,VIIRS,n,2,298.85,6.06,D,0
30.62707,75.28509,342.47,0.39,0.59,2020-11-05,846,N,VIIRS,n,2,299.22,3.75,D,0
30.62716,75.59856,353.04,0.4,0.6,2020-11-05,846,N,VIIRS,n,2,300.09,5.8,D,0
30.6278,76.40465,350.46,0.45,0.63,2020-11-05,846,N,VIIRS,n,2,301.47,8.13,D,0
30.62857,75.39732,344.41,0.39,0.6,2020-11-05,846,N,VIIRS,n,2,297.81,5.88,D,0
30.62875,75.70313,344.92,0.41,0.61,2020-11-05,846,N,VIIRS,n,2,300.98,5.92,D,0
30.62891,75.07587,367,0.38,0.58,2020-11-05,846,N,VIIRS,h,2,302.82,9.48,D,0
30.62894,75.16164,342.66,0.38,0.59,2020-11-05,846,N,VIIRS,n,2,298.62,2.76,D,0
30.6293,75.16094,343.37,0.38,0.59,2020-11-05,846,N,VIIRS,n,2,298.5,4.32,D,0
30.62942,75.39345,335.11,0.39,0.59,2020-11-05,846,N,VIIRS,n,2,297.06,3.38,D,0
30.62972,75.39762,343.17,0.39,0.59,2020-11-05,846,N,VIIRS,n,2,297.86,3.38,D,0
30.6305,75.42672,342.1,0.39,0.6,2020-11-05,846,N,VIIRS,n,2,299.47,7.19,D,0
30.63078,75.43093,367,0.39,0.6,2020-11-05,846,N,VIIRS,h,2,302.49,7.19,D,0
30.63133,75.43935,333.38,0.39,0.6,2020-11-05,846,N,VIIRS,n,2,299.27,6.09,D,0
30.6317,75.116,331.76,0.38,0.59,2020-11-05,846,N,VIIRS,n,2,297.74,1.41,D,0
30.63172,76.00352,336.67,0.43,0.62,2020-11-05,846,N,VIIRS,n,2,301.06,4.33,D,0
30.63184,75.03941,332.25,0.37,0.58,2020-11-05,846,N,VIIRS,n,2,298.28,7.13,D,0
30.63184,75.42699,348.32,0.39,0.6,2020-11-05,846,N,VIIRS,n,2,299.93,8.03,D,0
30.63202,76.00807,351.07,0.43,0.62,2020-11-05,846,N,VIIRS,n,2,301.26,7.97,D,0
30.63209,75.83589,343.19,0.42,0.61,2020-11-05,846,N,VIIRS,n,2,300.91,5.33,D,0
30.63212,75.04338,367,0.37,0.58,2020-11-05,846,N,VIIRS,h,2,304.28,7.13,D,0
30.63214,75.43121,367,0.39,0.6,2020-11-05,846,N,VIIRS,h,2,302.22,8.03,D,0
30.63215,75.2841,367,0.39,0.59,2020-11-05,846,N,VIIRS,h,2,300.55,6.06,D,0
30.63239,75.84034,356.49,0.42,0.61,2020-11-05,846,N,VIIRS,n,2,302.97,5.33,D,0
30.63258,75.28461,367,0.39,0.59,2020-11-05,846,N,VIIRS,h,2,300.66,7.97,D,0
30.63275,75.43961,331.78,0.39,0.6,2020-11-05,846,N,VIIRS,n,2,299.49,6.46,D,0
30.63291,75.21448,342.89,0.38,0.59,2020-11-05,846,N,VIIRS,n,2,297.71,2.74,D,0
30.63292,75.2138,337.95,0.38,0.59,2020-11-05,846,N,VIIRS,n,2,297.67,2.39,D,0
30.63356,76.21273,338.47,0.44,0.62,2020-11-05,846,N,VIIRS,n,2,299.61,2.54,D,0
30.63521,75.32959,335.17,0.39,0.59,2020-11-05,846,N,VIIRS,n,2,298.26,1.85,D,0
30.63594,75.33008,333.48,0.39,0.59,2020-11-05,846,N,VIIRS,n,2,298.59,2.31,D,0
30.63641,75.64991,335.37,0.41,0.6,2020-11-05,846,N,VIIRS,n,2,299.65,4.29,D,0
30.63649,75.41391,342.15,0.39,0.6,2020-11-05,846,N,VIIRS,n,2,300.99,3.31,D,0
30.6366,75.10745,330.81,0.38,0.59,2020-11-05,846,N,VIIRS,n,2,297.79,1.65,D,0
30.63671,75.03093,331.18,0.37,0.58,2020-11-05,846,N,VIIRS,n,2,299.33,3.14,D,0
30.6371,75.42232,332.92,0.39,0.6,2020-11-05,846,N,VIIRS,n,2,298.48,4.07,D,0
30.63716,75.11549,355.31,0.38,0.59,2020-11-05,846,N,VIIRS,n,2,299.91,6.02,D,0
30.63745,75.11954,354.91,0.38,0.59,2020-11-05,846,N,VIIRS,n,2,300.19,7.79,D,0
30.63761,75.62353,333.9,0.41,0.6,2020-11-05,846,N,VIIRS,n,2,298.42,2.31,D,0
30.64079,75.41312,339.86,0.39,0.6,2020-11-05,846,N,VIIRS,n,2,299.58,3.04,D,0
30.64096,75.5542,339.11,0.4,0.6,2020-11-05,846,N,VIIRS,n,2,300.07,3.87,D,0
30.6413,75.33741,367,0.39,0.59,2020-11-05,846,N,VIIRS,h,2,302.72,8.01,D,0
30.64134,75.50663,367,0.4,0.6,2020-11-05,846,N,VIIRS,h,2,302.19,6.97,D,0
30.64208,75.3379,367,0.39,0.59,2020-11-05,846,N,VIIRS,h,2,302.72,9.17,D,0
30.64263,75.11499,334.37,0.38,0.59,2020-11-05,846,N,VIIRS,n,2,297.85,6.02,D,0
30.64291,75.11902,337.49,0.38,0.59,2020-11-05,846,N,VIIRS,n,2,297.34,7.79,D,0
30.6432,75.5068,353.53,0.4,0.6,2020-11-05,846,N,VIIRS,n,2,300.78,7.29,D,0
30.64363,75.20872,336.13,0.38,0.59,2020-11-05,846,N,VIIRS,n,2,298.09,2.63,D,0
30.6444,75.55358,350.11,0.4,0.6,2020-11-05,846,N,VIIRS,n,2,300.55,6.82,D,0
30.64559,75.00211,332.54,0.37,0.58,2020-11-05,846,N,VIIRS,n,2,301.1,2.13,D,0
30.64565,76.03921,331.37,0.43,0.62,2020-11-05,846,N,VIIRS,n,2,298.63,4.44,D,0
30.64594,76.04382,367,0.43,0.62,2020-11-05,846,N,VIIRS,h,2,303.87,10.16,D,0
30.64625,75.96122,343.22,0.42,0.61,2020-11-05,846,N,VIIRS,n,2,299.7,7.71,D,0
30.64657,75.55372,335.84,0.4,0.6,2020-11-05,846,N,VIIRS,n,2,299.49,3.87,D,0
30.6467,76.23536,346.34,0.44,0.62,2020-11-05,846,N,VIIRS,n,2,300.97,4.37,D,0
30.64673,75.01801,367,0.37,0.58,2020-11-05,846,N,VIIRS,h,2,302.16,6.84,D,0
30.64777,75.51892,337.79,0.4,0.6,2020-11-05,846,N,VIIRS,n,2,298.64,3.16,D,0
30.64839,75.79436,352.97,0.41,0.61,2020-11-05,846,N,VIIRS,n,2,303.3,5.21,D,0
30.649,75.0499,330.5,0.37,0.58,2020-11-05,846,N,VIIRS,n,2,299.99,3.49,D,0
30.65067,75.31155,338.23,0.39,0.59,2020-11-05,846,N,VIIRS,n,2,298.74,9.48,D,0
30.65096,75.31569,367,0.39,0.59,2020-11-05,846,N,VIIRS,h,2,305.67,18.44,D,0
30.6518,75.32814,344.13,0.39,0.59,2020-11-05,846,N,VIIRS,n,2,299.08,3.36,D,0
30.65184,75.0899,367,0.38,0.58,2020-11-05,846,N,VIIRS,h,2,301.66,5.55,D,0
30.65212,75.79406,352.45,0.41,0.61,2020-11-05,846,N,VIIRS,n,2,301.37,4.87,D,0
30.65253,76.23491,367,0.44,0.62,2020-11-05,846,N,VIIRS,h,2,301.97,11.3,D,0
30.65284,75.88811,340.98,0.42,0.61,2020-11-05,846,N,VIIRS,n,2,299.89,3.2,D,0
30.65358,75.03743,351.93,0.37,0.58,2020-11-05,846,N,VIIRS,n,2,306.75,12.49,D,0
30.65365,75.27387,340.22,0.39,0.59,2020-11-05,846,N,VIIRS,n,2,298.97,2.67,D,0
30.65387,75.04141,348.39,0.37,0.58,2020-11-05,846,N,VIIRS,n,2,300.34,12.49,D,0
30.65421,75.88812,342.93,0.42,0.61,2020-11-05,846,N,VIIRS,n,2,299.96,3.2,D,0
30.6544,75.12612,367,0.38,0.59,2020-11-05,846,N,VIIRS,h,2,303.32,12.57,D,0
30.65444,75.04939,342.08,0.37,0.58,2020-11-05,846,N,VIIRS,n,2,299.66,6.48,D,0
30.65513,76.36863,352.07,0.45,0.63,2020-11-05,846,N,VIIRS,n,2,299.6,9.27,D,0
30.65519,75.37811,344.68,0.39,0.59,2020-11-05,846,N,VIIRS,n,2,302.44,4.74,D,0
30.65543,76.37344,357.52,0.45,0.63,2020-11-05,846,N,VIIRS,n,2,300.08,13.35,D,0
30.65546,75.21997,332.69,0.38,0.59,2020-11-05,846,N,VIIRS,n,2,297.39,1.68,D,0
30.65668,75.15846,342.56,0.38,0.59,2020-11-05,846,N,VIIRS,n,2,298.84,3.47,D,0
30.65701,75.0854,334,0.38,0.58,2020-11-05,846,N,VIIRS,n,2,298.83,4.05,D,0
30.65754,75.49664,351.98,0.4,0.6,2020-11-05,846,N,VIIRS,n,2,302.16,7.81,D,0
30.66059,75.29402,353.05,0.39,0.59,2020-11-05,846,N,VIIRS,n,2,300.56,8.12,D,0
30.66116,75.3023,345.15,0.39,0.59,2020-11-05,846,N,VIIRS,n,2,298.54,10.47,D,0
30.6614,76.01495,334.91,0.43,0.62,2020-11-05,846,N,VIIRS,n,2,300.41,3.32,D,0
30.66144,75.30643,367,0.39,0.59,2020-11-05,846,N,VIIRS,h,2,304.49,20.8,D,0
30.66175,76.10736,353.13,0.43,0.62,2020-11-05,846,N,VIIRS,n,2,301.88,6.52,D,0
30.66228,75.48341,335.93,0.4,0.6,2020-11-05,846,N,VIIRS,n,2,299.57,3.82,D,0
30.66267,76.48974,335.29,0.46,0.63,2020-11-05,846,N,VIIRS,n,2,301,5.26,D,0
30.66297,76.49462,338.19,0.46,0.63,2020-11-05,846,N,VIIRS,n,2,300.25,5.26,D,0
30.66372,75.33961,335.91,0.39,0.59,2020-11-05,846,N,VIIRS,n,2,298.4,2.73,D,0
30.66401,75.34377,336.64,0.39,0.59,2020-11-05,846,N,VIIRS,n,2,299.18,2.73,D,0
30.66514,75.73536,367,0.41,0.61,2020-11-05,846,N,VIIRS,h,2,303.39,8.7,D,0
30.66581,75.90966,367,0.42,0.61,2020-11-05,846,N,VIIRS,h,2,302.96,9.26,D,0
30.66611,75.29353,356.82,0.39,0.59,2020-11-05,846,N,VIIRS,l,2,297.66,8.12,D,0
30.66611,75.91417,355.51,0.42,0.61,2020-11-05,846,N,VIIRS,n,2,302.53,11.78,D,0
30.66639,75.29767,332.82,0.39,0.59,2020-11-05,846,N,VIIRS,n,2,296.71,10.47,D,0
30.66668,75.3018,339.19,0.39,0.59,2020-11-05,846,N,VIIRS,n,2,297.24,10.47,D,0
30.66697,75.30595,367,0.39,0.59,2020-11-05,846,N,VIIRS,h,2,302.05,20.8,D,0
30.66704,75.90965,353.58,0.42,0.61,2020-11-05,846,N,VIIRS,n,2,306.27,19.53,D,0
30.66732,75.91416,354.85,0.42,0.61,2020-11-05,846,N,VIIRS,n,2,301.55,21.44,D,0
30.66745,75.73503,367,0.41,0.61,2020-11-05,846,N,VIIRS,h,2,303.24,9.26,D,0
30.66932,75.26005,347.27,0.39,0.59,2020-11-05,846,N,VIIRS,n,2,308.22,30.57,D,0
30.66961,75.26416,367,0.39,0.59,2020-11-05,846,N,VIIRS,h,2,300.43,30.49,D,0
30.67153,75.9092,353.3,0.42,0.61,2020-11-05,846,N,VIIRS,n,2,300.58,9.26,D,0
30.67175,76.44501,341.86,0.45,0.63,2020-11-05,846,N,VIIRS,n,2,300.26,3.85,D,0
30.67184,75.91371,335.2,0.42,0.61,2020-11-05,846,N,VIIRS,n,2,299.98,11.78,D,0
30.67224,75.14484,353.34,0.38,0.59,2020-11-05,846,N,VIIRS,n,2,300.21,4.93,D,0
30.67253,75.22671,335.81,0.38,0.59,2020-11-05,846,N,VIIRS,n,2,298.36,3.48,D,0
30.67281,75.2308,345.41,0.38,0.59,2020-11-05,846,N,VIIRS,n,2,298.7,10.23,D,0
30.67289,75.84595,350.5,0.42,0.61,2020-11-05,846,N,VIIRS,n,2,301.01,4.4,D,0
30.6731,75.23489,367,0.38,0.59,2020-11-05,846,N,VIIRS,h,2,306.54,10.23,D,0
30.67358,75.01157,346.81,0.37,0.58,2020-11-05,846,N,VIIRS,n,2,299.81,5.96,D,0
30.67365,75.08792,339.03,0.38,0.58,2020-11-05,846,N,VIIRS,n,2,302.43,3.43,D,0
30.67387,75.01555,367,0.37,0.58,2020-11-05,846,N,VIIRS,h,2,300.93,5.96,D,0
30.67421,75.33033,341.49,0.39,0.59,2020-11-05,846,N,VIIRS,n,2,299.76,3.05,D,0
30.67452,75.84583,340.98,0.42,0.61,2020-11-05,846,N,VIIRS,n,2,298.84,3.92,D,0
30.67586,75.43544,334.3,0.39,0.6,2020-11-05,846,N,VIIRS,n,2,298.56,1.56,D,0
30.67602,75.52074,339.81,0.4,0.6,2020-11-05,846,N,VIIRS,n,2,298.94,5.09,D,0
30.67624,75.7831,341.93,0.41,0.61,2020-11-05,846,N,VIIRS,n,2,300.08,2.96,D,0
30.67631,75.52502,331.56,0.4,0.6,2020-11-05,846,N,VIIRS,n,2,298.8,4.54,D,0
30.67831,75.2303,355.44,0.38,0.59,2020-11-05,846,N,VIIRS,n,2,300.57,6.16,D,0
30.67975,75.32984,334.15,0.39,0.59,2020-11-05,846,N,VIIRS,n,2,297.3,3.05,D,0
30.6809,75.18898,354.87,0.38,0.59,2020-11-05,846,N,VIIRS,n,2,299.84,5.61,D,0
30.6812,75.35064,331.63,0.39,0.59,2020-11-05,846,N,VIIRS,n,2,299.93,2.17,D,0
30.68206,75.20527,350.54,0.38,0.59,2020-11-05,846,N,VIIRS,n,2,300.26,5.2,D,0
30.68368,75.07489,333.75,0.38,0.58,2020-11-05,846,N,VIIRS,n,2,299.05,1.76,D,0
30.68419,76.19034,353.51,0.44,0.62,2020-11-05,846,N,VIIRS,n,2,300.53,6.22,D,0
30.68428,76.09627,340.8,0.43,0.62,2020-11-05,846,N,VIIRS,n,2,300.81,3.65,D,0
30.68435,76.0966,338.03,0.43,0.62,2020-11-05,846,N,VIIRS,n,2,300.45,2.94,D,0
30.68471,76.18989,355.62,0.44,0.62,2020-11-05,846,N,VIIRS,n,2,300.74,6.86,D,0
30.6858,75.94896,332.1,0.42,0.61,2020-11-05,846,N,VIIRS,n,2,300.31,3.37,D,0
30.68634,75.507,335.15,0.4,0.6,2020-11-05,846,N,VIIRS,n,2,298.94,2.98,D,0
30.68644,75.34599,339.79,0.39,0.59,2020-11-05,846,N,VIIRS,n,2,299.98,3.98,D,0
30.68931,75.22934,353.41,0.38,0.59,2020-11-05,846,N,VIIRS,n,2,298.94,20.41,D,0
30.6896,75.23345,357.22,0.38,0.59,2020-11-05,846,N,VIIRS,l,2,311.98,20.41,D,0
30.68983,75.15958,349.55,0.38,0.59,2020-11-05,846,N,VIIRS,n,2,300.6,9.58,D,0
30.69012,75.16364,367,0.38,0.59,2020-11-05,846,N,VIIRS,h,2,300.85,14.77,D,0
30.69019,75.82209,355.87,0.42,0.61,2020-11-05,846,N,VIIRS,n,2,301.19,7.84,D,0
30.69212,76.12861,345.62,0.43,0.62,2020-11-05,846,N,VIIRS,n,2,300.58,5.11,D,0
30.69226,76.12828,346.52,0.43,0.62,2020-11-05,846,N,VIIRS,n,2,300.84,4.9,D,0
30.69256,75.35383,350.61,0.39,0.59,2020-11-05,846,N,VIIRS,n,2,300.03,5.79,D,0
30.69383,75.13885,367,0.38,0.59,2020-11-05,846,N,VIIRS,h,2,300.8,8.09,D,0
30.69399,75.0659,330.6,0.38,0.58,2020-11-05,846,N,VIIRS,n,2,299.56,1.42,D,0
30.69694,75.75026,338.28,0.41,0.61,2020-11-05,846,N,VIIRS,n,2,300.03,2.85,D,0
30.69747,75.58795,340.71,0.4,0.6,2020-11-05,846,N,VIIRS,n,2,299.9,4.98,D,0
30.69752,75.75909,332.58,0.41,0.61,2020-11-05,846,N,VIIRS,n,2,299.85,2.79,D,0
30.69776,75.59227,354.27,0.4,0.6,2020-11-05,846,N,VIIRS,n,2,300.1,7.83,D,0
30.69781,75.7635,336.26,0.41,0.61,2020-11-05,846,N,VIIRS,n,2,299.23,2.79,D,0
30.69783,75.42931,332.64,0.39,0.6,2020-11-05,846,N,VIIRS,n,2,299.29,4.44,D,0
30.69964,75.87978,334.04,0.42,0.61,2020-11-05,846,N,VIIRS,n,2,299.95,1.7,D,0
30.69972,75.22017,356.95,0.38,0.59,2020-11-05,846,N,VIIRS,n,2,302.04,10.95,D,0
30.70134,75.39939,367,0.39,0.6,2020-11-05,846,N,VIIRS,h,2,301.34,5.57,D,0
30.70149,75.24479,335.02,0.38,0.59,2020-11-05,846,N,VIIRS,n,2,298.64,2.2,D,0
30.70353,76.31734,330.09,0.45,0.63,2020-11-05,846,N,VIIRS,n,2,298.77,1.73,D,0
30.7037,75.51412,344.58,0.4,0.6,2020-11-05,846,N,VIIRS,n,2,300.41,4.19,D,0
30.70388,75.12574,339.66,0.38,0.59,2020-11-05,846,N,VIIRS,n,2,299.17,5.25,D,0
30.70425,75.60476,333.92,0.4,0.6,2020-11-05,846,N,VIIRS,n,2,299.84,2.22,D,0
30.70516,75.45415,342.86,0.4,0.6,2020-11-05,846,N,VIIRS,n,2,301.2,3.67,D,0
30.70545,76.15569,352.82,0.44,0.62,2020-11-05,846,N,VIIRS,n,2,300.59,10.78,D,0
30.70574,76.16037,367,0.44,0.62,2020-11-05,846,N,VIIRS,h,2,301.49,20.15,D,0
30.70689,75.39891,352.99,0.39,0.6,2020-11-05,846,N,VIIRS,n,2,298.09,5.57,D,0
30.70768,75.91537,342.68,0.42,0.61,2020-11-05,846,N,VIIRS,n,2,300.45,11.98,D,0
30.70819,75.09505,367,0.38,0.59,2020-11-05,846,N,VIIRS,h,2,301.34,5.48,D,0
30.70846,75.11314,367,0.38,0.59,2020-11-05,846,N,VIIRS,h,2,301.06,8.42,D,0
30.70885,75.93346,340.25,0.42,0.61,2020-11-05,846,N,VIIRS,n,2,300.41,3.2,D,0
30.70927,75.1112,347.39,0.38,0.59,2020-11-05,846,N,VIIRS,n,2,299.93,3.05,D,0
30.70979,76.03889,344.53,0.43,0.62,2020-11-05,846,N,VIIRS,n,2,302.19,3.96,D,0
30.70994,75.13334,354.72,0.38,0.59,2020-11-05,846,N,VIIRS,n,2,304.4,17.12,D,0
30.70997,75.28549,367,0.39,0.59,2020-11-05,846,N,VIIRS,h,2,304.39,8.07,D,0
30.71024,75.13739,367,0.38,0.59,2020-11-05,846,N,VIIRS,h,2,300.7,16.33,D,0
30.71027,75.28963,332.09,0.39,0.59,2020-11-05,846,N,VIIRS,n,2,297.61,8.07,D,0
30.71063,75.13142,356.25,0.38,0.59,2020-11-05,846,N,VIIRS,n,2,300.38,14.96,D,0
30.71091,75.13547,367,0.38,0.59,2020-11-05,846,N,VIIRS,h,2,306.69,14.96,D,0
30.71101,75.2233,346.72,0.38,0.59,2020-11-05,846,N,VIIRS,n,2,300.59,3.69,D,0
30.71242,75.09251,335.99,0.38,0.58,2020-11-05,846,N,VIIRS,n,2,297.52,5.15,D,0
30.71272,75.09652,367,0.38,0.59,2020-11-05,846,N,VIIRS,h,2,299.95,10.16,D,0
30.71364,75.09456,367,0.38,0.59,2020-11-05,846,N,VIIRS,h,2,298.39,5.48,D,0
30.71542,75.13284,338.35,0.38,0.59,2020-11-05,846,N,VIIRS,n,2,299.02,6.02,D,0
30.71556,76.0384,339.58,0.43,0.62,2020-11-05,846,N,VIIRS,n,2,299.67,3.96,D,0
30.71576,75.95116,344.02,0.42,0.61,2020-11-05,846,N,VIIRS,n,2,301.1,3.52,D,0
30.71631,75.145,343.66,0.38,0.59,2020-11-05,846,N,VIIRS,n,2,300.59,7.5,D,0
30.71693,75.14307,346.33,0.38,0.59,2020-11-05,846,N,VIIRS,n,2,300.42,14.77,D,0
30.71734,76.25408,330.76,0.44,0.63,2020-11-05,846,N,VIIRS,n,2,298.37,2.13,D,0
30.71787,75.31813,335.26,0.39,0.59,2020-11-05,846,N,VIIRS,n,2,296.88,4.28,D,0
30.71815,75.56021,357.04,0.4,0.6,2020-11-05,846,N,VIIRS,n,2,302.26,11.15,D,0
30.71817,75.32227,339.22,0.39,0.59,2020-11-05,846,N,VIIRS,n,2,297.54,4.28,D,0
30.71845,75.56451,341.66,0.4,0.6,2020-11-05,846,N,VIIRS,n,2,299.66,12.11,D,0
30.71873,75.73512,367,0.41,0.61,2020-11-05,846,N,VIIRS,h,2,301.82,7.04,D,0
30.71942,75.03952,332.56,0.37,0.58,2020-11-05,846,N,VIIRS,n,2,298.99,3.4,D,0
30.71965,75.10213,345.77,0.38,0.59,2020-11-05,846,N,VIIRS,n,2,301.42,6.26,D,0
30.71972,75.04353,343.74,0.37,0.58,2020-11-05,846,N,VIIRS,n,2,299.62,3.4,D,0
30.72003,75.04752,330.93,0.37,0.58,2020-11-05,846,N,VIIRS,n,2,298.99,4.36,D,0
30.7207,75.03738,342.7,0.37,0.58,2020-11-05,846,N,VIIRS,n,2,299.81,3.35,D,0
30.72118,75.13641,367,0.38,0.59,2020-11-05,846,N,VIIRS,h,2,303.59,23.05,D,0
30.72125,75.0454,346.43,0.37,0.58,2020-11-05,846,N,VIIRS,n,2,299.34,7.19,D,0
30.7214,76.32074,337.51,0.45,0.63,2020-11-05,846,N,VIIRS,n,2,299.48,4.3,D,0
30.72185,75.13447,344.15,0.38,0.59,2020-11-05,846,N,VIIRS,n,2,299.5,5.11,D,0
30.72213,75.13851,367,0.38,0.59,2020-11-05,846,N,VIIRS,h,2,300.3,8.73,D,0
30.72264,75.31184,367,0.39,0.59,2020-11-05,846,N,VIIRS,h,2,300.44,9.31,D,0
30.72281,75.30936,353.65,0.39,0.59,2020-11-05,846,N,VIIRS,n,2,298.45,5.51,D,0
30.72305,75.01515,337.28,0.37,0.58,2020-11-05,846,N,VIIRS,n,2,299.89,3.83,D,0
30.72311,75.3135,344.15,0.39,0.59,2020-11-05,846,N,VIIRS,n,2,297.53,5.51,D,0
30.72394,75.09959,367,0.38,0.59,2020-11-05,846,N,VIIRS,h,2,302.65,11.33,D,0
30.72424,75.10361,367,0.38,0.59,2020-11-05,846,N,VIIRS,h,2,304.94,19.43,D,0
30.72449,75.013,351.03,0.37,0.58,2020-11-05,846,N,VIIRS,n,2,300.76,3.91,D,0
30.72483,75.0976,345,0.38,0.59,2020-11-05,846,N,VIIRS,n,2,299.81,6.26,D,0
30.72511,75.10163,367,0.38,0.59,2020-11-05,846,N,VIIRS,h,2,301.42,6.26,D,0
30.72656,75.43955,330.19,0.4,0.6,2020-11-05,846,N,VIIRS,n,2,298.17,1.78,D,0
30.72726,75.14404,353.21,0.38,0.59,2020-11-05,846,N,VIIRS,n,2,301.8,6.98,D,0
30.72787,75.14207,367,0.38,0.59,2020-11-05,846,N,VIIRS,h,2,302.51,8.73,D,0
30.72839,75.39963,346.6,0.39,0.6,2020-11-05,846,N,VIIRS,n,2,300.19,6.47,D,0
30.72912,75.397,343.29,0.39,0.6,2020-11-05,846,N,VIIRS,n,2,299.45,3.91,D,0
30.72942,75.40119,334.8,0.39,0.6,2020-11-05,846,N,VIIRS,n,2,298.5,4.49,D,0
30.73168,75.45031,332.03,0.4,0.6,2020-11-05,846,N,VIIRS,n,2,299.85,1.2,D,0
30.7318,75.20501,336.63,0.38,0.59,2020-11-05,846,N,VIIRS,n,2,299.03,12.66,D,0
30.73186,75.76067,340.75,0.41,0.61,2020-11-05,846,N,VIIRS,n,2,301.25,2.83,D,0
30.73202,75.36972,352.96,0.39,0.59,2020-11-05,846,N,VIIRS,n,2,300.79,7.43,D,0
30.73256,75.36717,339.44,0.39,0.59,2020-11-05,846,N,VIIRS,n,2,300.51,3.1,D,0
30.73286,75.37135,343.47,0.39,0.59,2020-11-05,846,N,VIIRS,n,2,300.05,3.1,D,0
30.73304,75.45177,331.86,0.4,0.6,2020-11-05,846,N,VIIRS,n,2,299.7,2.01,D,0
30.73386,75.96336,347.37,0.42,0.61,2020-11-05,846,N,VIIRS,n,2,301.31,5.48,D,0
30.73618,75.02392,341.55,0.37,0.58,2020-11-05,846,N,VIIRS,n,2,300.13,4.12,D,0
30.73646,75.35251,367,0.39,0.59,2020-11-05,846,N,VIIRS,h,2,302.81,11.32,D,0
30.73662,75.52701,351.72,0.4,0.6,2020-11-05,846,N,VIIRS,n,2,299.46,6.26,D,0
30.73668,75.19637,367,0.38,0.59,2020-11-05,846,N,VIIRS,h,2,304.27,13.53,D,0
30.73696,75.19451,367,0.38,0.59,2020-11-05,846,N,VIIRS,h,2,301.23,7.24,D,0
30.73719,75.35416,367,0.39,0.59,2020-11-05,846,N,VIIRS,h,2,303.42,8.76,D,0
30.73724,75.19859,367,0.38,0.59,2020-11-05,846,N,VIIRS,h,2,301.4,7.24,D,0
30.73799,75.12894,354.44,0.38,0.59,2020-11-05,846,N,VIIRS,n,2,303.78,4.13,D,0
30.73817,75.52406,330.59,0.4,0.6,2020-11-05,846,N,VIIRS,n,2,298.3,2.83,D,0
30.73827,75.13299,333.81,0.38,0.59,2020-11-05,846,N,VIIRS,n,2,301.52,4.13,D,0
30.73842,76.4065,343.44,0.45,0.63,2020-11-05,846,N,VIIRS,n,2,302.1,5.26,D,0
30.73847,75.52835,342.39,0.4,0.6,2020-11-05,846,N,VIIRS,n,2,299.62,5.03,D,0
30.73855,75.13705,336.65,0.38,0.59,2020-11-05,846,N,VIIRS,n,2,302.14,3.92,D,0
30.73954,75.07198,339.1,0.38,0.58,2020-11-05,846,N,VIIRS,n,2,300.47,2.45,D,0
30.73982,75.46824,354.1,0.4,0.6,2020-11-05,846,N,VIIRS,n,2,303.19,6.7,D,0
30.7399,75.71127,335.61,0.41,0.61,2020-11-05,846,N,VIIRS,n,2,299.1,3.53,D,0
30.74134,75.17767,343.48,0.38,0.59,2020-11-05,846,N,VIIRS,n,2,300.53,6.35,D,0
30.74162,75.02342,334.07,0.37,0.58,2020-11-05,846,N,VIIRS,n,2,298.67,4.12,D,0
30.74185,75.60886,339.3,0.41,0.6,2020-11-05,846,N,VIIRS,n,2,299.08,2.71,D,0
30.74206,75.10825,341.8,0.38,0.59,2020-11-05,846,N,VIIRS,n,2,300.84,3.13,D,0
30.74273,75.19809,348.7,0.38,0.59,2020-11-05,846,N,VIIRS,n,2,301.15,7.24,D,0
30.74346,75.12843,339.93,0.38,0.59,2020-11-05,846,N,VIIRS,n,2,299.55,4.04,D,0
30.74367,76.29977,340.32,0.45,0.63,2020-11-05,846,N,VIIRS,n,2,300.78,5.19,D,0
30.74386,75.0554,333.21,0.38,0.58,2020-11-05,846,N,VIIRS,n,2,299.22,4.61,D,0
30.74394,75.46629,339.26,0.4,0.6,2020-11-05,846,N,VIIRS,n,2,300.4,2.2,D,0
30.74448,75.30573,342.44,0.39,0.59,2020-11-05,846,N,VIIRS,n,2,300.24,5.01,D,0
30.74451,75.38975,357.48,0.39,0.6,2020-11-05,846,N,VIIRS,n,2,300.24,4.55,D,0
30.74492,75.30746,350.01,0.39,0.59,2020-11-05,846,N,VIIRS,n,2,300.69,4.93,D,0
30.74532,75.3182,344.31,0.39,0.59,2020-11-05,846,N,VIIRS,n,2,299.79,9.8,D,0
30.74549,75.39139,340.37,0.39,0.6,2020-11-05,846,N,VIIRS,n,2,298.87,5.05,D,0
30.7456,75.32236,367,0.39,0.59,2020-11-05,846,N,VIIRS,h,2,304.56,9.8,D,0
30.74583,75.31992,347.89,0.39,0.59,2020-11-05,846,N,VIIRS,n,2,299.64,9.31,D,0
30.74586,75.71519,354.6,0.41,0.61,2020-11-05,846,N,VIIRS,n,2,301.23,3.87,D,0
30.74588,75.32652,331.35,0.39,0.59,2020-11-05,846,N,VIIRS,n,2,297.98,12.3,D,0
30.74614,75.32407,367,0.39,0.59,2020-11-05,846,N,VIIRS,h,2,306.64,19,D,0
30.74621,75.01096,340.51,0.37,0.58,2020-11-05,846,N,VIIRS,n,2,298.68,8.22,D,0
30.74627,75.88963,338.57,0.42,0.61,2020-11-05,846,N,VIIRS,n,2,299.73,4.7,D,0
30.74665,75.25556,333.78,0.39,0.59,2020-11-05,846,N,VIIRS,n,2,298.87,12.57,D,0
30.74693,75.2597,367,0.39,0.59,2020-11-05,846,N,VIIRS,h,2,309.52,30.55,D,0
30.74762,75.0309,330.54,0.37,0.58,2020-11-05,846,N,VIIRS,n,2,300.24,3.28,D,0
30.74774,76.27077,335.65,0.44,0.63,2020-11-05,846,N,VIIRS,n,2,300.57,3.66,D,0
30.74794,75.1935,331.1,0.38,0.59,2020-11-05,846,N,VIIRS,n,2,298.19,3.57,D,0
30.74846,75.71363,344.59,0.41,0.61,2020-11-05,846,N,VIIRS,n,2,299.53,6.16,D,0
30.74873,75.71803,347.66,0.41,0.61,2020-11-05,846,N,VIIRS,n,2,299.96,6.16,D,0
30.74915,75.44189,336.94,0.4,0.6,2020-11-05,846,N,VIIRS,n,2,299.51,2.56,D,0
30.75011,75.74007,331.39,0.41,0.61,2020-11-05,846,N,VIIRS,n,2,301.08,2.47,D,0
30.75152,75.71473,334.25,0.41,0.61,2020-11-05,846,N,VIIRS,n,2,299.64,3.87,D,0
30.75163,75.67369,335.58,0.41,0.61,2020-11-05,846,N,VIIRS,n,2,298.83,2.14,D,0
30.75193,75.01445,367,0.37,0.58,2020-11-05,846,N,VIIRS,h,2,303.12,9.59,D,0
30.75306,75.0304,351.59,0.37,0.58,2020-11-05,846,N,VIIRS,n,2,300.79,3.28,D,0
30.75413,75.284,336.09,0.39,0.59,2020-11-05,846,N,VIIRS,n,2,300,2.16,D,0
30.75426,75.59187,331.14,0.4,0.6,2020-11-05,846,N,VIIRS,n,2,300.78,2.53,D,0
30.75553,75.14366,351.51,0.38,0.59,2020-11-05,846,N,VIIRS,n,2,300.98,5.57,D,0
30.75626,75.23398,336.83,0.38,0.59,2020-11-05,846,N,VIIRS,n,2,299.77,2.1,D,0
30.75646,75.40141,367,0.39,0.6,2020-11-05,846,N,VIIRS,h,2,303.34,12.72,D,0
30.75873,75.11079,331.57,0.38,0.59,2020-11-05,846,N,VIIRS,n,2,297.99,2.36,D,0
30.75945,75.82987,338.69,0.42,0.61,2020-11-05,846,N,VIIRS,n,2,301.06,1.96,D,0
30.75992,75.0499,348.17,0.38,0.58,2020-11-05,846,N,VIIRS,n,2,299.97,3.5,D,0
30.76134,75.82845,333.29,0.42,0.61,2020-11-05,846,N,VIIRS,n,2,300.95,3.73,D,0
30.76174,75.39671,367,0.39,0.6,2020-11-05,846,N,VIIRS,h,2,302.49,10.72,D,0
30.76372,75.42625,339.58,0.4,0.6,2020-11-05,846,N,VIIRS,n,2,299.71,4.68,D,0
30.76512,75.66517,331.02,0.41,0.6,2020-11-05,846,N,VIIRS,n,2,299.43,1.49,D,0
30.76616,75.37938,335.1,0.39,0.6,2020-11-05,846,N,VIIRS,n,2,301.76,2.12,D,0
30.76632,75.55033,336.76,0.4,0.6,2020-11-05,846,N,VIIRS,n,2,298.6,2.01,D,0
30.76683,75.47284,332.25,0.4,0.6,2020-11-05,846,N,VIIRS,n,2,297.33,3.1,D,0
30.76708,75.0735,331.61,0.38,0.58,2020-11-05,846,N,VIIRS,n,2,298,3.75,D,0
30.76966,75.0329,367,0.37,0.58,2020-11-05,846,N,VIIRS,h,2,303,14.47,D,0
30.76986,75.4342,346.77,0.4,0.6,2020-11-05,846,N,VIIRS,n,2,299.14,5.52,D,0
30.77014,75.43842,349.99,0.4,0.6,2020-11-05,846,N,VIIRS,n,2,300.19,5.52,D,0
30.77143,75.37469,367,0.39,0.59,2020-11-05,846,N,VIIRS,h,2,301.66,11.15,D,0
30.77172,75.3789,367,0.39,0.6,2020-11-05,846,N,VIIRS,h,2,302.97,11.15,D,0
30.772,75.38309,337.28,0.39,0.6,2020-11-05,846,N,VIIRS,n,2,301.08,6.62,D,0
30.7722,75.2243,354.19,0.38,0.59,2020-11-05,846,N,VIIRS,n,2,300.72,13.47,D,0
30.77229,75.38731,345.77,0.39,0.6,2020-11-05,846,N,VIIRS,n,2,299.54,6.62,D,0
30.77249,75.22839,367,0.38,0.59,2020-11-05,846,N,VIIRS,h,2,306.78,13.47,D,0
30.77298,75.48087,367,0.4,0.6,2020-11-05,846,N,VIIRS,h,2,300.86,6.59,D,0
30.77398,75.09318,367,0.38,0.59,2020-11-05,846,N,VIIRS,h,2,302.43,9.16,D,0
30.7754,75.19105,332.45,0.38,0.59,2020-11-05,846,N,VIIRS,n,2,299.21,2.17,D,0
30.77629,75.44643,367,0.4,0.6,2020-11-05,846,N,VIIRS,h,2,307.12,27.46,D,0
30.77842,75.39524,336.3,0.39,0.6,2020-11-05,846,N,VIIRS,n,2,299.98,5.83,D,0
30.77871,75.39945,345.85,0.39,0.6,2020-11-05,846,N,VIIRS,n,2,300.25,6.21,D,0
30.78098,76.23956,330.7,0.44,0.62,2020-11-05,846,N,VIIRS,n,2,299.65,2.16,D,0
30.78143,75.52312,347.07,0.4,0.6,2020-11-05,846,N,VIIRS,n,2,302.6,5.04,D,0
30.78176,75.20284,340.67,0.38,0.59,2020-11-05,846,N,VIIRS,n,2,299.36,4.71,D,0
30.78282,75.37793,335,0.39,0.6,2020-11-05,846,N,VIIRS,n,2,300.8,2.25,D,0
30.78461,75.08813,355.48,0.38,0.59,2020-11-05,846,N,VIIRS,n,2,299.83,3.79,D,0
30.78577,75.10429,349.15,0.38,0.59,2020-11-05,846,N,VIIRS,n,2,299.54,3.18,D,0
30.78726,75.28108,356.2,0.39,0.59,2020-11-05,846,N,VIIRS,n,2,301.51,7.17,D,0
30.78781,76.26678,337.58,0.44,0.63,2020-11-05,846,N,VIIRS,n,2,300.28,3.32,D,0
30.78832,75.06351,347.45,0.38,0.58,2020-11-05,846,N,VIIRS,n,2,299.86,4.48,D,0
30.78867,76.26759,334.27,0.44,0.63,2020-11-05,846,N,VIIRS,n,2,299.74,2.91,D,0
30.78917,76.19054,339.57,0.44,0.62,2020-11-05,846,N,VIIRS,n,2,299.83,3.13,D,0
30.78955,76.19149,335,0.44,0.62,2020-11-05,846,N,VIIRS,n,2,299.58,3.08,D,0
30.79123,75.1038,336.44,0.38,0.59,2020-11-05,846,N,VIIRS,n,2,297.93,3.18,D,0
30.79152,75.10783,354.17,0.38,0.59,2020-11-05,846,N,VIIRS,n,2,299.88,12.21,D,0
30.79211,75.11591,335.41,0.38,0.59,2020-11-05,846,N,VIIRS,n,2,298.07,6.42,D,0
30.79276,75.2019,367,0.38,0.59,2020-11-05,846,N,VIIRS,h,2,303.5,13.94,D,0
30.79305,75.206,342.93,0.38,0.59,2020-11-05,846,N,VIIRS,n,2,299.81,8.89,D,0
30.7935,75.53503,339.25,0.4,0.6,2020-11-05,846,N,VIIRS,n,2,299.96,2.81,D,0
30.79394,75.37698,346.53,0.39,0.6,2020-11-05,846,N,VIIRS,n,2,300.61,3.46,D,0
30.79465,75.07507,341.3,0.38,0.58,2020-11-05,846,N,VIIRS,n,2,299.55,4.27,D,0
30.79482,75.30961,346.91,0.39,0.59,2020-11-05,846,N,VIIRS,n,2,299.34,3.21,D,0
30.79494,75.07909,334.85,0.38,0.58,2020-11-05,846,N,VIIRS,n,2,298.8,4.27,D,0
30.79699,75.10734,357.49,0.38,0.59,2020-11-05,846,N,VIIRS,l,2,300.03,10.72,D,0
30.79729,75.11138,357.36,0.38,0.59,2020-11-05,846,N,VIIRS,l,2,300.91,10.72,D,0
30.79855,75.20553,346.32,0.38,0.59,2020-11-05,846,N,VIIRS,n,2,297.99,8.89,D,0
30.80071,75.90658,352.97,0.42,0.61,2020-11-05,846,N,VIIRS,n,2,300.52,6.09,D,0
30.80104,76.10139,348.27,0.43,0.62,2020-11-05,846,N,VIIRS,n,2,300.98,5.74,D,0
30.80122,76.10025,355.44,0.43,0.62,2020-11-05,846,N,VIIRS,n,2,301.45,6.32,D,0
30.80132,75.65191,340.06,0.41,0.6,2020-11-05,846,N,VIIRS,n,2,299.51,2.84,D,0
30.80482,75.13924,352.78,0.38,0.59,2020-11-05,846,N,VIIRS,n,2,298.59,10.09,D,0
30.805,75.29619,367,0.39,0.59,2020-11-05,846,N,VIIRS,h,2,301.09,6.96,D,0
30.80541,75.14737,340.99,0.38,0.59,2020-11-05,846,N,VIIRS,n,2,299.4,4.35,D,0
30.80706,75.32537,367,0.39,0.59,2020-11-05,846,N,VIIRS,h,2,302.52,8.24,D,0
30.80804,75.03348,341.22,0.37,0.58,2020-11-05,846,N,VIIRS,n,2,299.15,3.42,D,0
30.8081,75.02467,331.45,0.37,0.58,2020-11-05,846,N,VIIRS,n,2,299.18,1.75,D,0
30.80822,75.1104,330.28,0.38,0.59,2020-11-05,846,N,VIIRS,n,2,297.99,0.87,D,0
30.80853,75.34621,339.29,0.39,0.59,2020-11-05,846,N,VIIRS,n,2,299.21,2.8,D,0
30.81178,76.27448,332.37,0.44,0.63,2020-11-05,846,N,VIIRS,n,2,301.19,2.98,D,0
30.81207,76.27924,333.68,0.44,0.63,2020-11-05,846,N,VIIRS,n,2,300.29,5.36,D,0
30.81219,75.00426,337.18,0.37,0.58,2020-11-05,846,N,VIIRS,n,2,300.57,3.32,D,0
30.8127,76.27537,342.95,0.44,0.63,2020-11-05,846,N,VIIRS,n,2,301.77,6.25,D,0
30.81472,75.59829,336.36,0.4,0.6,2020-11-05,846,N,VIIRS,n,2,298.99,2.76,D,0
30.81488,75.12611,344.48,0.38,0.59,2020-11-05,846,N,VIIRS,n,2,297.98,4.5,D,0
30.81515,75.12948,367,0.38,0.59,2020-11-05,846,N,VIIRS,h,2,300.02,9.9,D,0
30.81517,75.13016,353.67,0.38,0.59,2020-11-05,846,N,VIIRS,n,2,298.75,8.29,D,0
30.8157,75.1376,334.96,0.38,0.59,2020-11-05,846,N,VIIRS,n,2,299.29,2.84,D,0
30.81577,75.13826,331.06,0.38,0.59,2020-11-05,846,N,VIIRS,n,2,298.75,2.08,D,0
30.81944,76.2071,345.95,0.44,0.62,2020-11-05,846,N,VIIRS,n,2,304.62,4.2,D,0
30.82153,75.61515,349.59,0.41,0.6,2020-11-05,846,N,VIIRS,n,2,301.41,3.91,D,0
30.82222,75.23591,335.92,0.39,0.59,2020-11-05,846,N,VIIRS,n,2,299.68,4.24,D,0
30.82236,76.06593,333.73,0.43,0.62,2020-11-05,846,N,VIIRS,n,2,300.7,5.72,D,0
30.82263,75.23227,337.46,0.38,0.59,2020-11-05,846,N,VIIRS,n,2,299.84,3.19,D,0
30.82469,76.19719,367,0.44,0.62,2020-11-05,846,N,VIIRS,h,2,302.91,6.56,D,0
30.82492,76.01469,349.91,0.43,0.62,2020-11-05,846,N,VIIRS,n,2,301.32,8.52,D,0
30.82498,75.42095,350.31,0.4,0.6,2020-11-05,846,N,VIIRS,n,2,298.46,7.51,D,0
30.82982,75.03163,346.5,0.37,0.58,2020-11-05,846,N,VIIRS,n,2,302.09,7.56,D,0
30.83042,75.0396,348.72,0.37,0.58,2020-11-05,846,N,VIIRS,n,2,301.58,7.56,D,0
30.83043,75.03078,337.24,0.37,0.58,2020-11-05,846,N,VIIRS,n,2,301.31,4.56,D,0
30.83098,75.03877,342.03,0.38,0.58,2020-11-05,846,N,VIIRS,n,2,301.41,2.84,D,0
30.83125,75.04276,330.17,0.38,0.58,2020-11-05,846,N,VIIRS,n,2,300.07,2.84,D,0
30.83295,75.29802,338.6,0.39,0.59,2020-11-05,846,N,VIIRS,n,2,298.81,2.23,D,0
30.8345,75.424,332.57,0.4,0.6,2020-11-05,846,N,VIIRS,n,2,298.33,5.3,D,0
30.83485,75.3435,333.83,0.39,0.59,2020-11-05,846,N,VIIRS,n,2,297.6,1.7,D,0
30.83517,75.2639,339.78,0.39,0.59,2020-11-05,846,N,VIIRS,n,2,299.11,5.34,D,0
30.83545,75.26803,343.32,0.39,0.59,2020-11-05,846,N,VIIRS,n,2,299.39,9.57,D,0
30.83599,75.1933,355.04,0.38,0.59,2020-11-05,846,N,VIIRS,n,2,301.93,5.45,D,0
30.83606,75.26437,335.81,0.39,0.59,2020-11-05,846,N,VIIRS,n,2,299.02,4.33,D,0
30.83612,75.41998,333.67,0.4,0.6,2020-11-05,846,N,VIIRS,n,2,298.81,2.19,D,0
30.83636,75.2685,354.94,0.39,0.59,2020-11-05,846,N,VIIRS,n,2,300.66,7.94,D,0
30.83642,75.42422,332.62,0.4,0.6,2020-11-05,846,N,VIIRS,n,2,299.32,2.19,D,0
30.83643,75.19394,367,0.38,0.59,2020-11-05,846,N,VIIRS,h,2,302.22,8.59,D,0
30.83733,75.13156,351.62,0.38,0.59,2020-11-05,846,N,VIIRS,n,2,301.69,5.94,D,0
30.83737,75.13229,350.2,0.38,0.59,2020-11-05,846,N,VIIRS,n,2,301.29,5.04,D,0
30.83864,75.07037,344.35,0.38,0.59,2020-11-05,846,N,VIIRS,n,2,300.24,6.84,D,0
30.83957,75.33044,345.56,0.39,0.59,2020-11-05,846,N,VIIRS,n,2,299.71,5.41,D,0
30.84029,75.32249,330.13,0.39,0.59,2020-11-05,846,N,VIIRS,n,2,297.62,2.02,D,0
30.84048,75.01775,332.77,0.37,0.58,2020-11-05,846,N,VIIRS,n,2,302.77,2.47,D,0
30.84089,75.33083,338.37,0.39,0.59,2020-11-05,846,N,VIIRS,n,2,298.98,4.78,D,0
30.84097,75.26754,367,0.39,0.59,2020-11-05,846,N,VIIRS,h,2,302.48,9.57,D,0
30.84149,75.19282,367,0.38,0.59,2020-11-05,846,N,VIIRS,h,2,302.09,13.53,D,0
30.84162,75.18937,342.37,0.38,0.59,2020-11-05,846,N,VIIRS,n,2,299.87,9.51,D,0
30.84188,75.26802,367,0.39,0.59,2020-11-05,846,N,VIIRS,h,2,302.09,10.48,D,0
30.84192,75.19347,355.56,0.38,0.59,2020-11-05,846,N,VIIRS,n,2,300.64,8.59,D,0
30.84373,75.30908,357.25,0.39,0.59,2020-11-05,846,N,VIIRS,n,2,304.17,11.9,D,0
30.84401,75.31326,330.55,0.39,0.59,2020-11-05,846,N,VIIRS,n,2,297.57,11.9,D,0
30.84456,75.3216,332.26,0.39,0.59,2020-11-05,846,N,VIIRS,n,2,298.09,4.81,D,0
30.84492,75.30952,367,0.39,0.59,2020-11-05,846,N,VIIRS,h,2,304.16,13.75,D,0
30.84508,75.00526,367,0.37,0.58,2020-11-05,846,N,VIIRS,h,2,306.91,16.51,D,0
30.84549,75.09005,367,0.38,0.59,2020-11-05,846,N,VIIRS,h,2,308.31,10.68,D,0
30.84583,75.32201,333.33,0.39,0.59,2020-11-05,846,N,VIIRS,n,2,298.74,4.77,D,0
30.84593,75.25878,334.85,0.39,0.59,2020-11-05,846,N,VIIRS,n,2,298.58,2.29,D,0
30.84605,76.3537,341.52,0.45,0.63,2020-11-05,846,N,VIIRS,n,2,301.62,5.75,D,0
30.84679,75.25928,336.36,0.39,0.59,2020-11-05,846,N,VIIRS,n,2,298.51,4.81,D,0
30.84838,75.21284,335.05,0.38,0.59,2020-11-05,846,N,VIIRS,n,2,300.48,2.21,D,0
30.84955,75.31276,367,0.39,0.59,2020-11-05,846,N,VIIRS,h,2,302.03,7.07,D,0
30.85024,75.1591,367,0.38,0.59,2020-11-05,846,N,VIIRS,h,2,302.03,7.62,D,0
30.85076,75.31321,345.95,0.39,0.59,2020-11-05,846,N,VIIRS,n,2,300.44,13.75,D,0
30.85079,75.00877,343.05,0.37,0.58,2020-11-05,846,N,VIIRS,n,2,300.75,3.01,D,0
30.85096,75.08958,354.35,0.38,0.59,2020-11-05,846,N,VIIRS,n,2,300.2,10.68,D,0
30.85101,75.71394,335.2,0.41,0.61,2020-11-05,846,N,VIIRS,n,2,299.41,3.49,D,0
30.85233,75.43951,330.05,0.4,0.6,2020-11-05,846,N,VIIRS,n,2,298.9,2.18,D,0
30.85369,75.29146,343.95,0.39,0.59,2020-11-05,846,N,VIIRS,n,2,298.13,3.09,D,0
30.85573,76.31912,339.94,0.45,0.63,2020-11-05,846,N,VIIRS,n,2,302.61,5.22,D,0
30.85685,75.17493,367,0.38,0.59,2020-11-05,846,N,VIIRS,h,2,303.18,6.36,D,0
30.85725,75.26194,342.73,0.39,0.59,2020-11-05,846,N,VIIRS,n,2,298.95,2.96,D,0
30.85753,75.26608,342.03,0.39,0.59,2020-11-05,846,N,VIIRS,n,2,299.57,5.63,D,0
30.85995,75.22012,331.14,0.38,0.59,2020-11-05,846,N,VIIRS,n,2,298.79,2.45,D,0
30.8616,76.31867,347.69,0.45,0.63,2020-11-05,846,N,VIIRS,n,2,301.81,5.22,D,0
30.86399,75.36202,367,0.39,0.6,2020-11-05,846,N,VIIRS,h,2,302.07,5.65,D,0
30.86402,75.62016,332.4,0.41,0.6,2020-11-05,846,N,VIIRS,n,2,299.51,1.45,D,0
30.86518,75.21552,349.52,0.38,0.59,2020-11-05,846,N,VIIRS,n,2,299.44,4.87,D,0
30.86546,75.21965,345.37,0.38,0.59,2020-11-05,846,N,VIIRS,n,2,299.53,4.87,D,0
30.86722,75.62013,331.78,0.41,0.6,2020-11-05,846,N,VIIRS,n,2,299.48,1.81,D,0
30.86755,75.16988,356.61,0.38,0.59,2020-11-05,846,N,VIIRS,n,2,302.31,6.2,D,0
30.86783,75.17397,338.53,0.38,0.59,2020-11-05,846,N,VIIRS,n,2,300.01,12.9,D,0
30.86954,75.36156,340.35,0.39,0.6,2020-11-05,846,N,VIIRS,n,2,298.29,5.65,D,0
30.87294,75.41214,354.23,0.4,0.6,2020-11-05,846,N,VIIRS,n,2,306.95,20.47,D,0
30.87438,75.26876,355.82,0.39,0.59,2020-11-05,846,N,VIIRS,n,2,300.1,9.32,D,0
30.87539,75.36528,330.66,0.39,0.6,2020-11-05,846,N,VIIRS,n,2,298.4,4.09,D,0
30.87719,75.68089,335.41,0.41,0.61,2020-11-05,846,N,VIIRS,n,2,299.98,1.94,D,0
30.87854,75.1689,337.87,0.38,0.59,2020-11-05,846,N,VIIRS,n,2,300.36,6.69,D,0
30.87882,75.173,367,0.38,0.59,2020-11-05,846,N,VIIRS,h,2,302.72,12.64,D,0
30.87924,75.68054,332.99,0.41,0.61,2020-11-05,846,N,VIIRS,n,2,299.81,2,D,0
30.88305,75.31401,338.91,0.39,0.59,2020-11-05,846,N,VIIRS,n,2,299.11,7,D,0
30.88863,75.07812,335.9,0.38,0.59,2020-11-05,846,N,VIIRS,n,2,299.02,1.72,D,0
30.88893,75.23832,332.73,0.39,0.59,2020-11-05,846,N,VIIRS,n,2,297.81,2.4,D,0
30.89008,75.09833,346.09,0.38,0.59,2020-11-05,846,N,VIIRS,n,2,300.73,4.89,D,0
30.89148,75.04142,353.38,0.38,0.58,2020-11-05,846,N,VIIRS,n,2,301.98,15.08,D,0
30.89177,75.04543,367,0.38,0.58,2020-11-05,846,N,VIIRS,h,2,304.24,15.08,D,0
30.893,75.9911,330.36,0.43,0.62,2020-11-05,846,N,VIIRS,n,2,299.9,2.53,D,0
30.89698,75.60426,335.98,0.41,0.6,2020-11-05,846,N,VIIRS,n,2,301.23,2.62,D,0
30.8978,76.06966,341.22,0.43,0.62,2020-11-05,846,N,VIIRS,n,2,300.31,2.78,D,0
30.89783,75.44844,334.26,0.4,0.6,2020-11-05,846,N,VIIRS,n,2,299.67,2.9,D,0
30.89817,76.06937,338.34,0.43,0.62,2020-11-05,846,N,VIIRS,n,2,299.86,2.33,D,0
30.89829,75.53886,340.71,0.4,0.6,2020-11-05,846,N,VIIRS,n,2,299.7,2.44,D,0
30.89869,75.4612,339.22,0.4,0.6,2020-11-05,846,N,VIIRS,n,2,299.68,3.26,D,0
30.90129,75.4997,334.68,0.4,0.6,2020-11-05,846,N,VIIRS,n,2,299.35,3.05,D,0
30.90489,75.22862,357.23,0.39,0.59,2020-11-05,846,N,VIIRS,l,2,300.11,5.87,D,0
30.90551,76.35929,354.92,0.45,0.63,2020-11-05,846,N,VIIRS,n,2,304.55,9.46,D,0
30.90796,75.11716,351.47,0.38,0.59,2020-11-05,846,N,VIIRS,n,2,302.57,5.43,D,0
30.90828,76.49615,331.82,0.46,0.63,2020-11-05,846,N,VIIRS,n,2,300.71,3.78,D,0
30.90919,76.3596,345.31,0.45,0.63,2020-11-05,846,N,VIIRS,n,2,301.15,8.66,D,0
30.9104,75.22816,347.78,0.39,0.59,2020-11-05,846,N,VIIRS,n,2,297.83,5.64,D,0
30.91061,75.00339,336.24,0.37,0.58,2020-11-05,846,N,VIIRS,n,2,300.47,3.9,D,0
30.91446,75.05557,339.37,0.38,0.58,2020-11-05,846,N,VIIRS,n,2,302.13,2.12,D,0
30.91457,75.36618,353.42,0.39,0.6,2020-11-05,846,N,VIIRS,n,2,300.77,6.36,D,0
30.9151,75.29447,342.14,0.39,0.59,2020-11-05,846,N,VIIRS,n,2,299.29,3.05,D,0
30.91533,75.05546,337.97,0.38,0.59,2020-11-05,846,N,VIIRS,n,2,301.54,2.58,D,0
30.91599,75.30698,341.49,0.39,0.59,2020-11-05,846,N,VIIRS,n,2,299.21,3.79,D,0
30.91635,75.0069,367,0.37,0.58,2020-11-05,846,N,VIIRS,h,2,305,9.6,D,0
30.91753,75.00668,367,0.37,0.58,2020-11-05,846,N,VIIRS,h,2,304.42,11.17,D,0
30.91865,75.34468,337.85,0.39,0.59,2020-11-05,846,N,VIIRS,n,2,299.78,4.35,D,0
30.9202,75.12843,331.68,0.38,0.59,2020-11-05,846,N,VIIRS,n,2,301.55,5.56,D,0
30.92094,75.29817,335.77,0.39,0.59,2020-11-05,846,N,VIIRS,n,2,297.91,3.05,D,0
30.92153,76.36837,343.31,0.45,0.63,2020-11-05,846,N,VIIRS,n,2,301.56,4.52,D,0
30.9216,75.06708,330.23,0.38,0.59,2020-11-05,846,N,VIIRS,l,2,300.52,2.79,D,0
30.9231,75.57156,336.56,0.4,0.6,2020-11-05,846,N,VIIRS,n,2,300.22,2.99,D,0
30.9238,76.36764,344.79,0.45,0.63,2020-11-05,846,N,VIIRS,n,2,301.85,4.81,D,0
30.92499,75.27691,367,0.39,0.59,2020-11-05,846,N,VIIRS,h,2,304.03,9.18,D,0
30.92537,75.0546,347.78,0.38,0.58,2020-11-05,846,N,VIIRS,n,2,302.26,3.17,D,0
30.92557,75.132,367,0.38,0.59,2020-11-05,846,N,VIIRS,h,2,301.81,8.73,D,0
30.92596,75.132,367,0.38,0.59,2020-11-05,846,N,VIIRS,h,2,301.11,5.56,D,0
30.92624,75.05446,367,0.38,0.59,2020-11-05,846,N,VIIRS,h,2,302.7,6.52,D,0
30.92647,75.14423,367,0.38,0.59,2020-11-05,846,N,VIIRS,h,2,300,10.38,D,0
30.92677,75.14426,367,0.38,0.59,2020-11-05,846,N,VIIRS,h,2,300.12,10.24,D,0
30.92766,75.16055,367,0.38,0.59,2020-11-05,846,N,VIIRS,h,2,300.09,9.89,D,0
30.92786,75.16064,367,0.38,0.59,2020-11-05,846,N,VIIRS,h,2,299.56,8.77,D,0
30.9284,75.64997,339.66,0.41,0.61,2020-11-05,846,N,VIIRS,n,2,304.28,3.07,D,0
30.9287,75.65434,338.47,0.41,0.61,2020-11-05,846,N,VIIRS,n,2,301.29,5.96,D,0
30.92872,75.57111,332.17,0.4,0.6,2020-11-05,846,N,VIIRS,n,2,297.94,2.99,D,0
30.92956,75.11119,335.76,0.38,0.59,2020-11-05,846,N,VIIRS,n,2,300.67,3.57,D,0
30.92997,75.27673,367,0.39,0.59,2020-11-05,846,N,VIIRS,h,2,302.37,11.25,D,0
30.93007,75.11116,337.5,0.38,0.59,2020-11-05,846,N,VIIRS,n,2,301.14,3.79,D,0
30.93052,75.27644,367,0.39,0.59,2020-11-05,846,N,VIIRS,h,2,300.83,9.18,D,0
30.93083,75.05413,339.46,0.38,0.58,2020-11-05,846,N,VIIRS,n,2,300.21,2.94,D,0
30.93106,75.29341,335.42,0.39,0.59,2020-11-05,846,N,VIIRS,n,2,299.72,2.79,D,0
30.93139,75.61027,345.63,0.41,0.6,2020-11-05,846,N,VIIRS,n,2,301.61,3.96,D,0
30.93171,75.29308,337.98,0.39,0.59,2020-11-05,846,N,VIIRS,n,2,299.85,3.63,D,0
30.93285,75.15598,333.24,0.38,0.59,2020-11-05,846,N,VIIRS,n,2,298.41,5.42,D,0
30.93308,75.15604,331.33,0.38,0.59,2020-11-05,846,N,VIIRS,n,2,298.51,1.49,D,0
30.93405,75.64951,336.57,0.41,0.61,2020-11-05,846,N,VIIRS,n,2,302.47,3.07,D,0
30.93413,75.09854,367,0.38,0.59,2020-11-05,846,N,VIIRS,h,2,307.67,14.19,D,0
30.93445,75.09442,331.11,0.38,0.59,2020-11-05,846,N,VIIRS,n,2,299.85,6.76,D,0
30.93472,75.09847,367,0.38,0.59,2020-11-05,846,N,VIIRS,h,2,306.53,6.76,D,0
30.93512,75.41966,346.77,0.4,0.6,2020-11-05,846,N,VIIRS,n,2,299.71,6.4,D,0
30.93593,75.12292,331.54,0.38,0.59,2020-11-05,846,N,VIIRS,n,2,299.42,3.89,D,0
30.93637,75.12288,330.3,0.38,0.59,2020-11-05,846,N,VIIRS,n,2,298.92,2,D,0
30.93664,76.22734,337.53,0.44,0.63,2020-11-05,846,N,VIIRS,n,2,300.52,4.96,D,0
30.93689,75.0617,335.31,0.38,0.59,2020-11-05,846,N,VIIRS,n,2,299.7,5.2,D,0
30.93703,75.60979,367,0.41,0.6,2020-11-05,846,N,VIIRS,h,2,301.41,11.66,D,0
30.93719,75.06573,367,0.38,0.59,2020-11-05,846,N,VIIRS,h,2,302.52,5.2,D,0
30.93771,75.06154,342.71,0.38,0.59,2020-11-05,846,N,VIIRS,n,2,300.83,6.18,D,0
30.93781,75.45794,367,0.4,0.6,2020-11-05,846,N,VIIRS,h,2,301.56,8.66,D,0
30.93798,75.06558,367,0.38,0.59,2020-11-05,846,N,VIIRS,h,2,301.65,6.18,D,0
30.93985,76.18422,336.56,0.44,0.62,2020-11-05,846,N,VIIRS,n,2,300.31,4.46,D,0
30.94081,75.11431,335.53,0.38,0.59,2020-11-05,846,N,VIIRS,n,2,299.01,1.8,D,0
30.9413,75.11425,343.05,0.38,0.59,2020-11-05,846,N,VIIRS,n,2,300.1,4.89,D,0
30.94206,76.03366,337.65,0.43,0.62,2020-11-05,846,N,VIIRS,n,2,300.5,3.67,D,0
30.94279,75.44896,346.39,0.4,0.6,2020-11-05,846,N,VIIRS,n,2,299.21,2.89,D,0
30.94386,75.62678,367,0.41,0.6,2020-11-05,846,N,VIIRS,h,2,303.74,8.87,D,0
30.94416,75.63113,351.63,0.41,0.6,2020-11-05,846,N,VIIRS,n,2,302.16,8.87,D,0
30.9456,75.56978,340.32,0.4,0.6,2020-11-05,846,N,VIIRS,n,2,300.2,2.98,D,0
30.94673,75.44907,345.49,0.4,0.6,2020-11-05,846,N,VIIRS,n,2,297.42,4.12,D,0
30.94739,75.28778,342.4,0.39,0.59,2020-11-05,846,N,VIIRS,n,2,300.69,3.39,D,0
30.94801,75.28751,339.66,0.39,0.59,2020-11-05,846,N,VIIRS,n,2,300.39,4.08,D,0
30.94872,75.14228,356.84,0.38,0.59,2020-11-05,846,N,VIIRS,n,2,301.69,4.81,D,0
30.94879,75.57011,344.15,0.4,0.6,2020-11-05,846,N,VIIRS,n,2,299.2,3.2,D,0
30.94892,75.48331,334.08,0.4,0.6,2020-11-05,846,N,VIIRS,n,2,298.97,15.1,D,0
30.9492,75.48761,367,0.4,0.6,2020-11-05,846,N,VIIRS,h,2,313.27,42.65,D,0
30.9511,75.48699,367,0.4,0.6,2020-11-05,846,N,VIIRS,h,2,313.79,43.95,D,0
30.95177,75.18739,337.57,0.38,0.59,2020-11-05,846,N,VIIRS,n,2,298.11,3.01,D,0
30.95185,75.02781,335.97,0.38,0.58,2020-11-05,846,N,VIIRS,n,2,300.22,3.74,D,0
30.95259,75.45286,338.57,0.4,0.6,2020-11-05,846,N,VIIRS,n,2,299.23,3.59,D,0
30.95293,75.27872,330.19,0.39,0.59,2020-11-05,846,N,VIIRS,l,2,300.72,2.09,D,0
30.95331,75.55228,367,0.4,0.6,2020-11-05,846,N,VIIRS,h,2,302.27,6.37,D,0
30.95334,76.30776,339.02,0.45,0.63,2020-11-05,846,N,VIIRS,n,2,300.31,8.23,D,0
30.95427,75.4523,338.45,0.4,0.6,2020-11-05,846,N,VIIRS,n,2,299.07,5.26,D,0
30.95564,75.55152,367,0.4,0.6,2020-11-05,846,N,VIIRS,h,2,301.15,6.57,D,0
30.95666,75.64772,348.76,0.41,0.61,2020-11-05,846,N,VIIRS,n,2,299.97,8.41,D,0
30.95684,76.26889,336.8,0.45,0.63,2020-11-05,846,N,VIIRS,n,2,301.41,5.31,D,0
30.95696,75.65209,367,0.41,0.61,2020-11-05,846,N,VIIRS,h,2,302.29,13.65,D,0
30.95762,75.27429,344.38,0.39,0.59,2020-11-05,846,N,VIIRS,n,2,299.93,5.91,D,0
30.95845,75.45665,339.06,0.4,0.6,2020-11-05,846,N,VIIRS,n,2,298.94,3.59,D,0
30.95937,75.6482,367,0.41,0.61,2020-11-05,846,N,VIIRS,h,2,301.64,11.8,D,0
30.95957,75.30351,333.98,0.39,0.59,2020-11-05,846,N,VIIRS,n,2,297.55,2.33,D,0
30.95964,75.65259,346.81,0.41,0.61,2020-11-05,846,N,VIIRS,n,2,300.14,12.83,D,0
30.95994,75.37507,367,0.39,0.6,2020-11-05,846,N,VIIRS,h,2,302.23,8.34,D,0
30.96004,75.53379,367,0.4,0.6,2020-11-05,846,N,VIIRS,h,2,306.27,20.17,D,0
30.96007,75.22814,339.89,0.39,0.59,2020-11-05,846,N,VIIRS,n,2,299.54,4.07,D,0
30.96017,75.45611,337.55,0.4,0.6,2020-11-05,846,N,VIIRS,n,2,298.75,2.3,D,0
30.96025,75.14948,367,0.38,0.59,2020-11-05,846,N,VIIRS,h,2,301.75,12.52,D,0
30.96096,75.0798,331.97,0.38,0.59,2020-11-05,846,N,VIIRS,n,2,299.16,1.36,D,0
30.96109,75.16177,330.16,0.38,0.59,2020-11-05,846,N,VIIRS,n,2,297.89,3.93,D,0
30.96261,75.49036,330.23,0.4,0.6,2020-11-05,846,N,VIIRS,n,2,298.66,2.52,D,0
30.96317,75.52972,352.89,0.4,0.6,2020-11-05,846,N,VIIRS,n,2,300.24,11.02,D,0
30.96345,75.53403,367,0.4,0.6,2020-11-05,846,N,VIIRS,h,2,301.48,11.02,D,0
30.96432,75.37496,367,0.39,0.6,2020-11-05,846,N,VIIRS,h,2,303.66,22.15,D,0
30.96461,75.13265,355.93,0.38,0.59,2020-11-05,846,N,VIIRS,n,2,311.32,13.35,D,0
30.96483,75.29884,334.93,0.39,0.59,2020-11-05,846,N,VIIRS,n,2,298.62,4.32,D,0
30.9649,75.13675,330.98,0.38,0.59,2020-11-05,846,N,VIIRS,n,2,297.63,13.35,D,0
30.96539,75.3072,340.6,0.39,0.59,2020-11-05,846,N,VIIRS,n,2,298.52,2.69,D,0
30.96627,75.49048,332.38,0.4,0.6,2020-11-05,846,N,VIIRS,n,2,296.76,1.54,D,0
30.96627,75.54196,336.56,0.4,0.6,2020-11-05,846,N,VIIRS,n,2,300.49,4.93,D,0
30.96658,75.54628,334.63,0.4,0.6,2020-11-05,846,N,VIIRS,n,2,300.09,5.19,D,0
30.9672,76.15366,343.73,0.44,0.62,2020-11-05,846,N,VIIRS,n,2,300.02,3.97,D,0
30.96739,75.50768,367,0.4,0.6,2020-11-05,846,N,VIIRS,h,2,302.2,6.55,D,0
30.96783,75.26084,348.49,0.39,0.59,2020-11-05,846,N,VIIRS,n,2,302.41,2.76,D,0
30.96792,75.02231,367,0.38,0.58,2020-11-05,846,N,VIIRS,h,2,304.88,12.13,D,0
30.968,75.18182,347.03,0.38,0.59,2020-11-05,846,N,VIIRS,n,2,298.77,5.07,D,0
30.96828,75.18594,351.79,0.38,0.59,2020-11-05,846,N,VIIRS,n,2,299.7,5.07,D,0
30.96876,75.3576,346.26,0.39,0.6,2020-11-05,846,N,VIIRS,n,2,299.36,6.3,D,0
30.96943,75.50706,353.57,0.4,0.6,2020-11-05,846,N,VIIRS,n,2,300.91,5.2,D,0
30.96963,75.54221,338.9,0.4,0.6,2020-11-05,846,N,VIIRS,n,2,300.7,4.62,D,0
30.9699,75.54654,330.77,0.4,0.6,2020-11-05,846,N,VIIRS,n,2,299.49,3.88,D,0
30.9701,75.13216,367,0.38,0.59,2020-11-05,846,N,VIIRS,h,2,299.03,13.35,D,0
30.97123,75.14851,334.36,0.38,0.59,2020-11-05,846,N,VIIRS,n,2,296.72,5.57,D,0
30.97151,75.1526,367,0.38,0.59,2020-11-05,846,N,VIIRS,h,2,299.76,5.57,D,0
30.97236,75.16489,356.6,0.38,0.59,2020-11-05,846,N,VIIRS,n,2,299.21,7.94,D,0
30.97262,75.33186,367,0.39,0.59,2020-11-05,846,N,VIIRS,h,2,301.18,13.42,D,0
30.97313,76.43787,344.06,0.46,0.63,2020-11-05,846,N,VIIRS,n,2,302.97,4.55,D,0
30.97565,75.05406,367,0.38,0.59,2020-11-05,846,N,VIIRS,h,2,302.29,7.82,D,0
30.97577,75.21429,331.53,0.39,0.59,2020-11-05,846,N,VIIRS,n,2,297.62,2.24,D,0
30.97704,75.31459,339.17,0.39,0.59,2020-11-05,846,N,VIIRS,n,2,297.04,4.37,D,0
30.97732,75.31879,344.52,0.39,0.59,2020-11-05,846,N,VIIRS,n,2,297.98,4.37,D,0
30.97735,75.07833,335.54,0.38,0.59,2020-11-05,846,N,VIIRS,n,2,297.13,1.65,D,0
30.97821,75.09049,334.95,0.38,0.59,2020-11-05,846,N,VIIRS,n,2,297.12,3.85,D,0
30.97849,75.09454,346.82,0.38,0.59,2020-11-05,846,N,VIIRS,n,2,298.11,3.85,D,0
30.98031,75.2807,354.57,0.39,0.59,2020-11-05,846,N,VIIRS,n,2,300.56,6.37,D,0
30.98499,75.26772,331.7,0.39,0.59,2020-11-05,846,N,VIIRS,n,2,298.28,2.69,D,0
30.98561,75.81941,357.45,0.42,0.61,2020-11-05,846,N,VIIRS,n,2,302.49,7.93,D,0
30.98565,75.6151,335.14,0.41,0.6,2020-11-05,846,N,VIIRS,n,2,300.67,3.36,D,0
30.98656,75.05309,331.97,0.38,0.59,2020-11-05,846,N,VIIRS,n,2,299.65,2.46,D,0
30.98697,75.81566,335.78,0.42,0.61,2020-11-05,846,N,VIIRS,n,2,298.95,5.07,D,0
30.98725,75.82016,339.48,0.42,0.61,2020-11-05,846,N,VIIRS,n,2,300.77,6.5,D,0
30.98918,76.31472,342.76,0.45,0.63,2020-11-05,846,N,VIIRS,n,2,297.11,5.7,D,0
30.99001,75.10169,338.42,0.38,0.59,2020-11-05,846,N,VIIRS,n,2,299.42,4.96,D,0
30.9901,75.51006,335.47,0.4,0.6,2020-11-05,846,N,VIIRS,n,2,300.68,3.86,D,0
30.99043,75.60142,350.11,0.41,0.6,2020-11-05,846,N,VIIRS,n,2,301.48,6.69,D,0
30.99129,75.61462,339.62,0.41,0.6,2020-11-05,846,N,VIIRS,n,2,299.74,3.36,D,0
30.99145,75.12206,330.85,0.38,0.59,2020-11-05,846,N,VIIRS,n,2,298.34,2.56,D,0
30.99215,75.62778,343.75,0.41,0.6,2020-11-05,846,N,VIIRS,n,2,301.71,3.17,D,0
30.99431,75.24181,350.35,0.39,0.59,2020-11-05,846,N,VIIRS,n,2,302.36,6.27,D,0
30.99558,76.24825,348.76,0.44,0.63,2020-11-05,846,N,VIIRS,n,2,300.67,5.55,D,0
30.99558,76.41658,347.05,0.45,0.63,2020-11-05,846,N,VIIRS,n,2,303.64,4.36,D,0
30.99662,76.24671,367,0.44,0.63,2020-11-05,846,N,VIIRS,h,2,301.88,10.16,D,0
30.99691,75.27924,335.3,0.39,0.59,2020-11-05,846,N,VIIRS,n,2,298.38,2.35,D,0
30.99723,75.20413,350.85,0.39,0.59,2020-11-05,846,N,VIIRS,n,2,299.32,4.54,D,0
30.99897,75.2289,335.62,0.39,0.59,2020-11-05,846,N,VIIRS,n,2,299,2.15,D,0
30.99922,75.64924,343.64,0.41,0.61,2020-11-05,846,N,VIIRS,n,2,299.91,5.8,D,0
30.99951,75.08043,367,0.38,0.59,2020-11-05,846,N,VIIRS,h,2,301.65,10.76,D,0
30.99983,75.24133,351.51,0.39,0.59,2020-11-05,846,N,VIIRS,n,2,299.74,6.27,D,0
30.00064,75.53938,342.24,0.41,0.45,2020-11-06,827,N,VIIRS,n,2,302.43,6.4,D,0
30.00104,75.44855,343.39,0.41,0.45,2020-11-06,827,N,VIIRS,n,2,305.22,6.79,D,0
30.00135,75.78413,341.64,0.43,0.46,2020-11-06,827,N,VIIRS,n,2,301.44,3.56,D,0
30.00158,75.54801,344.92,0.41,0.45,2020-11-06,827,N,VIIRS,n,2,305.88,12.27,D,0
30.00159,75.53568,336.48,0.41,0.45,2020-11-06,827,N,VIIRS,n,2,299.58,3.7,D,0
30.00162,75.10076,341.62,0.39,0.44,2020-11-06,827,N,VIIRS,n,2,302.58,4.51,D,0
30.00203,75.54001,332.19,0.41,0.45,2020-11-06,827,N,VIIRS,n,2,300.61,3.7,D,0
30.0023,75.83395,341.9,0.43,0.46,2020-11-06,827,N,VIIRS,n,2,303.74,13.12,D,0
30.00279,75.18819,349.86,0.4,0.44,2020-11-06,827,N,VIIRS,n,2,303.7,5.76,D,0
30.00287,75.15051,332.73,0.39,0.44,2020-11-06,827,N,VIIRS,n,2,303.67,13.33,D,0
30.00292,75.54868,353.84,0.41,0.45,2020-11-06,827,N,VIIRS,n,2,303.28,14.87,D,0
30.00332,75.15462,342.21,0.39,0.44,2020-11-06,827,N,VIIRS,n,2,306.5,13.33,D,0
30.00393,75.27661,340.41,0.4,0.44,2020-11-06,827,N,VIIRS,n,2,304.29,7.99,D,0
30.0046,75.7341,347.7,0.42,0.45,2020-11-06,827,N,VIIRS,n,2,304.13,5.98,D,0
30.00481,75.28498,336.8,0.4,0.44,2020-11-06,827,N,VIIRS,n,2,303.27,2.77,D,0
30.00495,75.61015,333.38,0.42,0.45,2020-11-06,827,N,VIIRS,n,2,301.91,2.13,D,0
30.00588,75.62679,345.69,0.42,0.45,2020-11-06,827,N,VIIRS,n,2,304.61,4.43,D,0
30.00606,75.14171,352.91,0.39,0.44,2020-11-06,827,N,VIIRS,n,2,304.4,12.51,D,0
30.00606,75.95275,330.96,0.44,0.46,2020-11-06,827,N,VIIRS,n,2,300.94,3.96,D,0
30.00673,75.62765,347.17,0.42,0.45,2020-11-06,827,N,VIIRS,n,2,305.79,7.7,D,0
30.00732,76.13519,340.96,0.45,0.47,2020-11-06,827,N,VIIRS,n,2,300.54,6.6,D,0
30.00742,76.05035,340.8,0.44,0.46,2020-11-06,827,N,VIIRS,n,2,298.31,4.22,D,0
30.00745,76.00828,334.59,0.44,0.46,2020-11-06,827,N,VIIRS,n,2,301.04,2.5,D,0
30.00748,75.92487,341.51,0.43,0.46,2020-11-06,827,N,VIIRS,n,2,303.32,4.67,D,0
30.00777,75.64431,340.84,0.42,0.45,2020-11-06,827,N,VIIRS,n,2,302.93,4.28,D,0
30.0085,75.6452,367,0.42,0.45,2020-11-06,827,N,VIIRS,h,2,306.27,11.15,D,0
30.00872,75.16639,343.73,0.39,0.44,2020-11-06,827,N,VIIRS,n,2,303.61,5.8,D,0
30.00885,75.77409,335.15,0.43,0.46,2020-11-06,827,N,VIIRS,n,2,300.68,2.09,D,0
30.00936,75.81935,350.68,0.43,0.46,2020-11-06,827,N,VIIRS,n,2,305.38,9.97,D,0
30.00937,75.86037,341.18,0.43,0.46,2020-11-06,827,N,VIIRS,n,2,303.42,3.95,D,0
30.00984,75.86488,331.54,0.43,0.46,2020-11-06,827,N,VIIRS,l,2,301.67,10.84,D,0
30.01025,75.29696,337.94,0.4,0.44,2020-11-06,827,N,VIIRS,n,2,301.31,3.27,D,0
30.01108,75.11191,340.86,0.39,0.44,2020-11-06,827,N,VIIRS,n,2,302.68,2.53,D,0
30.01125,76.00313,330.56,0.44,0.46,2020-11-06,827,N,VIIRS,n,2,302.27,2.5,D,0
30.01157,76.17741,338.15,0.45,0.47,2020-11-06,827,N,VIIRS,n,2,301.89,2.89,D,0
30.01196,75.64375,342.27,0.42,0.45,2020-11-06,827,N,VIIRS,n,2,301.85,3.31,D,0
30.0121,76.1393,334.14,0.45,0.47,2020-11-06,827,N,VIIRS,n,2,301.12,5.9,D,0
30.01216,75.80534,334.09,0.43,0.46,2020-11-06,827,N,VIIRS,n,2,301.04,1.11,D,0
30.01279,75.16582,340.99,0.39,0.44,2020-11-06,827,N,VIIRS,n,2,303.25,5.8,D,0
30.01289,75.48169,350.29,0.41,0.45,2020-11-06,827,N,VIIRS,n,2,304.97,6.71,D,0
30.01324,75.16994,341.4,0.39,0.44,2020-11-06,827,N,VIIRS,n,2,302.63,5.8,D,0
30.01359,75.81879,343.47,0.43,0.46,2020-11-06,827,N,VIIRS,n,2,301.72,3.99,D,0
30.01362,75.85979,335.21,0.43,0.46,2020-11-06,827,N,VIIRS,n,2,301.44,3.95,D,0
30.01383,75.06177,339.93,0.39,0.44,2020-11-06,827,N,VIIRS,n,2,301.19,2.98,D,0
30.01399,75.25401,332.65,0.4,0.44,2020-11-06,827,N,VIIRS,n,2,303.68,1.33,D,0
30.01406,75.21603,340.72,0.4,0.44,2020-11-06,827,N,VIIRS,n,2,302.17,3.24,D,0
30.01422,75.49458,332.75,0.41,0.45,2020-11-06,827,N,VIIRS,n,2,301.65,2.47,D,0
30.01428,75.06583,334.5,0.39,0.44,2020-11-06,827,N,VIIRS,n,2,301.57,5.62,D,0
30.01521,75.03686,348.97,0.39,0.44,2020-11-06,827,N,VIIRS,n,2,303.33,9.18,D,0
30.01558,75.11542,343.09,0.39,0.44,2020-11-06,827,N,VIIRS,n,2,304.14,5.99,D,0
30.0156,76.35046,340.67,0.46,0.47,2020-11-06,827,N,VIIRS,n,2,302.78,7.83,D,0
30.01627,75.43346,348.1,0.41,0.45,2020-11-06,827,N,VIIRS,n,2,306.49,13.06,D,0
30.01671,75.43772,340.81,0.41,0.45,2020-11-06,827,N,VIIRS,n,2,300.87,10.14,D,0
30.01703,75.48112,342.74,0.41,0.45,2020-11-06,827,N,VIIRS,n,2,303.08,5.04,D,0
30.01785,75.09847,345.27,0.39,0.44,2020-11-06,827,N,VIIRS,n,2,305.14,8.2,D,0
30.01793,75.48971,333.31,0.41,0.45,2020-11-06,827,N,VIIRS,n,2,303.88,5.58,D,0
30.01808,75.25343,340.85,0.4,0.44,2020-11-06,827,N,VIIRS,n,2,303.2,3.67,D,0
30.01837,75.494,341.3,0.41,0.45,2020-11-06,827,N,VIIRS,n,2,305.75,5.58,D,0
30.01846,76.37943,339.51,0.46,0.47,2020-11-06,827,N,VIIRS,n,2,301.83,4,D,0
30.01893,76.38426,341.28,0.46,0.47,2020-11-06,827,N,VIIRS,n,2,304.54,5.77,D,0
30.01914,75.75014,330.55,0.42,0.46,2020-11-06,827,N,VIIRS,n,2,301.11,1.82,D,0
30.01917,75.38126,330.37,0.41,0.45,2020-11-06,827,N,VIIRS,n,2,301.9,1.82,D,0
30.01961,75.3855,347.71,0.41,0.45,2020-11-06,827,N,VIIRS,n,2,304.75,13.11,D,0
30.01973,75.63031,343.36,0.42,0.45,2020-11-06,827,N,VIIRS,n,2,304.79,5.93,D,0
30.0204,75.43288,340.3,0.41,0.45,2020-11-06,827,N,VIIRS,n,2,301.48,4.52,D,0
30.02077,76.05331,356.57,0.44,0.46,2020-11-06,827,N,VIIRS,n,2,302.06,9.46,D,0
30.0211,75.80869,333.15,0.43,0.46,2020-11-06,827,N,VIIRS,n,2,302.6,3.5,D,0
30.0224,75.37222,346.39,0.4,0.45,2020-11-06,827,N,VIIRS,n,2,305.54,14.9,D,0
30.02267,76.02959,340.98,0.44,0.46,2020-11-06,827,N,VIIRS,n,2,302.54,6.77,D,0
30.02302,75.62099,330.19,0.42,0.45,2020-11-06,827,N,VIIRS,n,2,302.14,1.9,D,0
30.02307,75.2612,341.8,0.4,0.44,2020-11-06,827,N,VIIRS,n,2,302.72,6.26,D,0
30.02357,75.91352,342.68,0.43,0.46,2020-11-06,827,N,VIIRS,n,2,302.63,3.69,D,0
30.02374,75.38493,343.4,0.41,0.45,2020-11-06,827,N,VIIRS,n,2,303.52,6.52,D,0
30.02387,75.50635,351.55,0.41,0.45,2020-11-06,827,N,VIIRS,n,2,306.23,18.72,D,0
30.02419,75.55013,367,0.41,0.45,2020-11-06,827,N,VIIRS,h,2,308.01,13.46,D,0
30.02454,75.43231,343.27,0.41,0.45,2020-11-06,827,N,VIIRS,n,2,302.35,4.52,D,0
30.02456,75.80488,331.18,0.43,0.46,2020-11-06,827,N,VIIRS,n,2,303.52,2.2,D,0
30.02464,75.55447,341.53,0.41,0.45,2020-11-06,827,N,VIIRS,n,2,301.85,13.46,D,0
30.02485,75.80365,332.23,0.43,0.46,2020-11-06,827,N,VIIRS,n,2,303.95,1.74,D,0
30.02491,75.8446,335.19,0.43,0.46,2020-11-06,827,N,VIIRS,n,2,302.34,19.69,D,0
30.02542,75.206,341.72,0.4,0.44,2020-11-06,827,N,VIIRS,n,2,303.71,3.29,D,0
30.02597,75.09732,337.26,0.39,0.44,2020-11-06,827,N,VIIRS,n,2,302.79,2.81,D,0
30.02634,75.44939,340.74,0.41,0.45,2020-11-06,827,N,VIIRS,n,2,303.09,2.67,D,0
30.02649,76.10902,345.91,0.45,0.47,2020-11-06,827,N,VIIRS,n,2,301.79,5.97,D,0
30.02696,76.02904,342.61,0.44,0.46,2020-11-06,827,N,VIIRS,n,2,302.33,15.34,D,0
30.02697,75.37587,341.3,0.41,0.45,2020-11-06,827,N,VIIRS,n,2,302.61,4.95,D,0
30.02823,75.04324,339.69,0.39,0.44,2020-11-06,827,N,VIIRS,n,2,301.79,2.52,D,0
30.02831,75.91751,342.65,0.43,0.46,2020-11-06,827,N,VIIRS,n,2,302.95,5.51,D,0
30.02926,75.55824,345.61,0.41,0.45,2020-11-06,827,N,VIIRS,n,2,307.64,7.38,D,0
30.02994,75.85886,343.97,0.43,0.46,2020-11-06,827,N,VIIRS,n,2,308.67,16.62,D,0
30.02995,75.20958,342.45,0.4,0.44,2020-11-06,827,N,VIIRS,n,2,302.67,3.44,D,0
30.03004,75.73175,334.83,0.42,0.46,2020-11-06,827,N,VIIRS,n,2,301.44,3.3,D,0
30.03059,75.85755,356.07,0.43,0.46,2020-11-06,827,N,VIIRS,n,2,307.52,12.98,D,0
30.03137,75.03455,337.57,0.39,0.44,2020-11-06,827,N,VIIRS,n,2,302.65,2.36,D,0
30.03161,75.34093,332.6,0.4,0.44,2020-11-06,827,N,VIIRS,n,2,301.84,3.82,D,0
30.03238,75.84026,343.46,0.43,0.46,2020-11-06,827,N,VIIRS,n,2,305.74,5.11,D,0
30.03271,76.08463,352.18,0.44,0.46,2020-11-06,827,N,VIIRS,n,2,304.62,11.16,D,0
30.03291,75.83898,335.92,0.43,0.46,2020-11-06,827,N,VIIRS,n,2,304.14,2.46,D,0
30.03304,75.92149,342.56,0.43,0.46,2020-11-06,827,N,VIIRS,n,2,305.76,7.87,D,0
30.03339,75.84348,334.15,0.43,0.46,2020-11-06,827,N,VIIRS,n,2,303.08,3.67,D,0
30.03343,75.55768,347.14,0.41,0.45,2020-11-06,827,N,VIIRS,n,2,304.55,17.99,D,0
30.03363,75.09209,344.23,0.39,0.44,2020-11-06,827,N,VIIRS,n,2,305.78,6.94,D,0
30.0338,75.72675,341.3,0.42,0.45,2020-11-06,827,N,VIIRS,n,2,304.45,8.01,D,0
30.03397,75.28515,353.84,0.4,0.44,2020-11-06,827,N,VIIRS,n,2,308.21,18.21,D,0
30.03478,75.57071,342.63,0.42,0.45,2020-11-06,827,N,VIIRS,n,2,304.18,6.46,D,0
30.03498,75.10436,354.94,0.39,0.44,2020-11-06,827,N,VIIRS,n,2,305.65,9.71,D,0
30.03573,75.34037,345.35,0.4,0.44,2020-11-06,827,N,VIIRS,n,2,309.65,12.63,D,0
30.0358,75.91782,338.57,0.43,0.46,2020-11-06,827,N,VIIRS,n,2,305.34,8.19,D,0
30.03618,75.34458,341.6,0.4,0.44,2020-11-06,827,N,VIIRS,n,2,301.77,12.63,D,0
30.03625,75.92238,333.62,0.43,0.46,2020-11-06,827,N,VIIRS,n,2,302.76,8.19,D,0
30.03669,75.54842,345.18,0.41,0.45,2020-11-06,827,N,VIIRS,n,2,301.55,9.05,D,0
30.03692,75.63242,349.28,0.42,0.45,2020-11-06,827,N,VIIRS,n,2,304.19,4.85,D,0
30.03717,75.27621,340.88,0.4,0.44,2020-11-06,827,N,VIIRS,n,2,302.25,4.69,D,0
30.03731,75.92093,342.28,0.43,0.46,2020-11-06,827,N,VIIRS,n,2,303.37,7.87,D,0
30.03737,75.96252,341.47,0.44,0.46,2020-11-06,827,N,VIIRS,n,2,302.83,6.03,D,0
30.0377,75.68135,334.62,0.42,0.45,2020-11-06,827,N,VIIRS,n,2,301.95,3.91,D,0
30.03783,75.64118,352.42,0.42,0.45,2020-11-06,827,N,VIIRS,n,2,306.98,9.78,D,0
30.03785,75.96709,337.29,0.44,0.46,2020-11-06,827,N,VIIRS,n,2,301.77,6.03,D,0
30.03807,75.28458,345.23,0.4,0.44,2020-11-06,827,N,VIIRS,n,2,300.34,5.86,D,0
30.03843,76.05568,340.47,0.44,0.46,2020-11-06,827,N,VIIRS,n,2,299.55,4.32,D,0
30.03904,75.1038,346.45,0.39,0.44,2020-11-06,827,N,VIIRS,n,2,301.11,9.71,D,0
30.03971,75.94369,341.8,0.44,0.46,2020-11-06,827,N,VIIRS,n,2,304.3,7.45,D,0
30.04031,75.9635,347.11,0.44,0.46,2020-11-06,827,N,VIIRS,n,2,304.25,11.16,D,0
30.04035,76.0742,350.11,0.44,0.46,2020-11-06,827,N,VIIRS,n,2,302.64,7.85,D,0
30.04157,75.63622,341.7,0.42,0.45,2020-11-06,827,N,VIIRS,n,2,304.88,4.92,D,0
30.04231,75.94006,336.42,0.44,0.46,2020-11-06,827,N,VIIRS,n,2,304.08,11.68,D,0
30.04277,75.94463,333.34,0.44,0.46,2020-11-06,827,N,VIIRS,n,2,300.4,10.13,D,0
30.0428,76.14003,341.64,0.45,0.47,2020-11-06,827,N,VIIRS,n,2,304.98,7.48,D,0
30.04301,75.36935,342.15,0.4,0.45,2020-11-06,827,N,VIIRS,n,2,305.26,4.94,D,0
30.04328,76.14471,331.52,0.45,0.47,2020-11-06,827,N,VIIRS,l,2,301.68,7.48,D,0
30.04344,75.77962,333.62,0.43,0.46,2020-11-06,827,N,VIIRS,n,2,301.94,3.71,D,0
30.04383,75.65818,341.19,0.42,0.45,2020-11-06,827,N,VIIRS,n,2,303.48,4.48,D,0
30.04398,75.94312,341.61,0.44,0.46,2020-11-06,827,N,VIIRS,n,2,300.47,5.26,D,0
30.04486,75.91071,343.6,0.43,0.46,2020-11-06,827,N,VIIRS,n,2,302.33,4.58,D,0
30.04576,75.63565,342.77,0.42,0.45,2020-11-06,827,N,VIIRS,n,2,301.52,4.92,D,0
30.04585,75.59571,344.39,0.42,0.45,2020-11-06,827,N,VIIRS,n,2,306.34,13.52,D,0
30.04594,75.97668,330.86,0.44,0.46,2020-11-06,827,N,VIIRS,n,2,300.4,4.9,D,0
30.04598,75.7206,340.31,0.42,0.45,2020-11-06,827,N,VIIRS,n,2,302.26,3.15,D,0
30.04601,75.51643,336.26,0.41,0.45,2020-11-06,827,N,VIIRS,n,2,301.77,5.56,D,0
30.04619,75.39906,354.05,0.41,0.45,2020-11-06,827,N,VIIRS,n,2,304.83,8.8,D,0
30.04628,75.28344,332.29,0.4,0.44,2020-11-06,827,N,VIIRS,n,2,301.03,1.52,D,0
30.04639,75.98128,343.1,0.44,0.46,2020-11-06,827,N,VIIRS,n,2,302.71,6.17,D,0
30.04659,76.09223,339.63,0.44,0.46,2020-11-06,827,N,VIIRS,n,2,301.4,3.65,D,0
30.04673,75.28763,344.22,0.4,0.44,2020-11-06,827,N,VIIRS,n,2,302.39,6.14,D,0
30.04701,75.68903,341.04,0.42,0.45,2020-11-06,827,N,VIIRS,n,2,302.25,6.8,D,0
30.04707,76.09689,335.51,0.44,0.46,2020-11-06,827,N,VIIRS,n,2,299.77,3.65,D,0
30.04712,76.13947,346.88,0.45,0.47,2020-11-06,827,N,VIIRS,n,2,304.33,17.63,D,0
30.04736,75.97511,331.01,0.44,0.46,2020-11-06,827,N,VIIRS,l,2,301.11,1.95,D,0
30.04766,75.907,339.76,0.43,0.46,2020-11-06,827,N,VIIRS,n,2,301.82,11.55,D,0
30.04784,75.9797,353.68,0.44,0.46,2020-11-06,827,N,VIIRS,n,2,308.72,33.37,D,0
30.04807,75.33865,330.93,0.4,0.44,2020-11-06,827,N,VIIRS,l,2,301.35,2.35,D,0
30.04812,75.91155,341.67,0.43,0.46,2020-11-06,827,N,VIIRS,n,2,305.78,11.55,D,0
30.04855,75.30439,332.92,0.4,0.44,2020-11-06,827,N,VIIRS,n,2,300.93,4.02,D,0
30.04895,76.07308,334.04,0.44,0.46,2020-11-06,827,N,VIIRS,n,2,299.8,4.11,D,0
30.049,75.30859,341.22,0.4,0.44,2020-11-06,827,N,VIIRS,n,2,301.83,4.02,D,0
30.04944,76.07772,330.79,0.44,0.46,2020-11-06,827,N,VIIRS,n,2,299.94,4.11,D,0
30.04946,75.3128,335.26,0.4,0.44,2020-11-06,827,N,VIIRS,n,2,300.32,4.94,D,0
30.04986,75.39424,346.63,0.41,0.45,2020-11-06,827,N,VIIRS,n,2,302.96,5.37,D,0
30.05049,75.59951,337.1,0.42,0.45,2020-11-06,827,N,VIIRS,n,2,302.45,8.07,D,0
30.05067,75.9807,345.11,0.44,0.46,2020-11-06,827,N,VIIRS,n,2,302.81,20.27,D,0
30.05119,76.0743,345.42,0.44,0.46,2020-11-06,827,N,VIIRS,n,2,300.77,7.84,D,0
30.05131,76.05399,339.38,0.44,0.46,2020-11-06,827,N,VIIRS,n,2,300.14,2.7,D,0
30.05201,75.73779,339.58,0.42,0.46,2020-11-06,827,N,VIIRS,n,2,301.35,2.95,D,0
30.05212,75.69731,342.37,0.42,0.45,2020-11-06,827,N,VIIRS,n,2,303.64,5.7,D,0
30.05258,75.70174,341.14,0.42,0.45,2020-11-06,827,N,VIIRS,n,2,301.96,5.7,D,0
30.05268,75.82839,346.42,0.43,0.46,2020-11-06,827,N,VIIRS,n,2,303.19,9.37,D,0
30.05313,75.83289,343.22,0.43,0.46,2020-11-06,827,N,VIIRS,n,2,306.28,10.47,D,0
30.05348,76.41914,337.61,0.46,0.47,2020-11-06,827,N,VIIRS,n,2,303.3,3.18,D,0
30.05356,75.23579,330.47,0.4,0.44,2020-11-06,827,N,VIIRS,n,2,300.9,1.73,D,0
30.05367,76.05515,347.26,0.44,0.46,2020-11-06,827,N,VIIRS,n,2,302.67,9.65,D,0
30.05484,75.48026,336.86,0.41,0.45,2020-11-06,827,N,VIIRS,n,2,300.4,2.59,D,0
30.05486,75.13486,335.84,0.39,0.44,2020-11-06,827,N,VIIRS,n,2,302.64,7.65,D,0
30.05531,75.72832,346.79,0.42,0.46,2020-11-06,827,N,VIIRS,n,2,302.63,5.62,D,0
30.05561,76.05341,343.58,0.44,0.46,2020-11-06,827,N,VIIRS,n,2,301.3,10.44,D,0
30.05577,75.73277,335.16,0.42,0.46,2020-11-06,827,N,VIIRS,n,2,300.9,2.95,D,0
30.05579,75.44967,344.88,0.41,0.45,2020-11-06,827,N,VIIRS,n,2,305.95,7.74,D,0
30.05587,75.69232,337.76,0.42,0.45,2020-11-06,827,N,VIIRS,n,2,300.49,3.49,D,0
30.05633,75.69674,339.5,0.42,0.45,2020-11-06,827,N,VIIRS,n,2,302.46,17.93,D,0
30.05679,75.70116,341.58,0.42,0.45,2020-11-06,827,N,VIIRS,n,2,304.63,17.93,D,0
30.05765,75.23521,346.3,0.4,0.44,2020-11-06,827,N,VIIRS,n,2,300.29,4.75,D,0
30.0577,75.87807,330.58,0.43,0.46,2020-11-06,827,N,VIIRS,l,2,301.48,4.66,D,0
30.05779,75.66969,334.17,0.42,0.45,2020-11-06,827,N,VIIRS,n,2,301.59,2.49,D,0
30.0587,75.6785,331.17,0.42,0.45,2020-11-06,827,N,VIIRS,n,2,299.67,2.17,D,0
30.05897,75.76394,342.99,0.43,0.46,2020-11-06,827,N,VIIRS,n,2,305.38,9.78,D,0
30.05901,75.44054,342.18,0.41,0.45,2020-11-06,827,N,VIIRS,n,2,304.35,11.94,D,0
30.05907,75.89167,347.85,0.43,0.46,2020-11-06,827,N,VIIRS,n,2,302.87,5.49,D,0
30.05943,75.7684,341.84,0.43,0.46,2020-11-06,827,N,VIIRS,n,2,305.56,12.42,D,0
30.05993,75.4491,344.97,0.41,0.45,2020-11-06,827,N,VIIRS,n,2,301.31,7.74,D,0
30.05999,76.09521,335.53,0.44,0.46,2020-11-06,827,N,VIIRS,n,2,301.79,3.17,D,0
30.0608,75.78181,343.87,0.43,0.46,2020-11-06,827,N,VIIRS,n,2,306.76,12.75,D,0
30.06131,75.46194,330.36,0.41,0.45,2020-11-06,827,N,VIIRS,n,2,299.9,3.35,D,0
30.06145,76.10919,341.86,0.45,0.47,2020-11-06,827,N,VIIRS,n,2,303.9,12.83,D,0
30.06205,75.62901,339.67,0.42,0.45,2020-11-06,827,N,VIIRS,n,2,302.84,2.8,D,0
30.06209,76.19948,342.53,0.45,0.47,2020-11-06,827,N,VIIRS,n,2,301.07,4.58,D,0
30.06224,75.31528,334.26,0.4,0.44,2020-11-06,827,N,VIIRS,n,2,301.34,4.15,D,0
30.06227,75.75445,330.35,0.43,0.46,2020-11-06,827,N,VIIRS,n,2,301.12,2.18,D,0
30.06251,75.63338,333.67,0.42,0.45,2020-11-06,827,N,VIIRS,n,2,302.75,3.6,D,0
30.0629,75.67793,343.55,0.42,0.45,2020-11-06,827,N,VIIRS,n,2,300.69,5.04,D,0
30.06346,76.11047,352.79,0.45,0.47,2020-11-06,827,N,VIIRS,n,2,307.33,22.44,D,0
30.06351,76.20097,335.06,0.45,0.47,2020-11-06,827,N,VIIRS,n,2,302.43,5.59,D,0
30.06399,75.56673,336.44,0.42,0.45,2020-11-06,827,N,VIIRS,n,2,301.85,6.37,D,0
30.065,75.3406,340.46,0.4,0.44,2020-11-06,827,N,VIIRS,n,2,301.52,6.17,D,0
30.06545,75.34481,341.56,0.4,0.45,2020-11-06,827,N,VIIRS,n,2,303.14,9.55,D,0
30.06577,76.10863,343.91,0.45,0.47,2020-11-06,827,N,VIIRS,n,2,305.6,12.83,D,0
30.06585,76.15129,337.5,0.45,0.47,2020-11-06,827,N,VIIRS,n,2,301.35,2.7,D,0
30.06717,75.14161,334.89,0.39,0.44,2020-11-06,827,N,VIIRS,n,2,301.81,2.29,D,0
30.06742,75.76281,345.52,0.43,0.46,2020-11-06,827,N,VIIRS,n,2,307.98,15.13,D,0
30.06758,76.15267,335.56,0.45,0.47,2020-11-06,827,N,VIIRS,n,2,301.49,3.73,D,0
30.06778,75.97843,337.45,0.44,0.46,2020-11-06,827,N,VIIRS,n,2,300.38,2.79,D,0
30.06833,75.77173,341.97,0.43,0.46,2020-11-06,827,N,VIIRS,n,2,302.86,3.95,D,0
30.069,75.65476,339.78,0.42,0.45,2020-11-06,827,N,VIIRS,n,2,300.13,4.67,D,0
30.07146,76.01525,339.94,0.44,0.46,2020-11-06,827,N,VIIRS,n,2,300.72,3.77,D,0
30.07164,75.76224,330.84,0.43,0.46,2020-11-06,827,N,VIIRS,l,2,303.37,2.7,D,0
30.07185,75.60104,336.19,0.42,0.45,2020-11-06,827,N,VIIRS,n,2,302.31,1.93,D,0
30.07227,75.29259,346.33,0.4,0.44,2020-11-06,827,N,VIIRS,n,2,311.88,16.34,D,0
30.07256,75.77116,331.28,0.43,0.46,2020-11-06,827,N,VIIRS,l,2,301.59,4.17,D,0
30.07279,75.37383,341.78,0.41,0.45,2020-11-06,827,N,VIIRS,n,2,304.98,6.02,D,0
30.07282,75.49089,344.21,0.41,0.45,2020-11-06,827,N,VIIRS,n,2,303.05,3.98,D,0
30.07285,75.07833,338.48,0.39,0.44,2020-11-06,827,N,VIIRS,n,2,306.14,9.25,D,0
30.07316,76.07611,341.05,0.44,0.46,2020-11-06,827,N,VIIRS,n,2,301.32,5.45,D,0
30.07328,75.08241,341.95,0.39,0.44,2020-11-06,827,N,VIIRS,n,2,304.63,11.32,D,0
30.07416,75.6229,333.97,0.42,0.45,2020-11-06,827,N,VIIRS,n,2,301.7,2.17,D,0
30.07524,75.2584,337.71,0.4,0.44,2020-11-06,827,N,VIIRS,n,2,302.46,2.53,D,0
30.07572,75.02827,336.79,0.39,0.44,2020-11-06,827,N,VIIRS,n,2,300.88,1.63,D,0
30.07638,75.29202,342.84,0.4,0.44,2020-11-06,827,N,VIIRS,n,2,300.13,16.34,D,0
30.07669,76.15624,346.78,0.45,0.47,2020-11-06,827,N,VIIRS,n,2,302.23,13.35,D,0
30.07679,75.25796,337.08,0.4,0.44,2020-11-06,827,N,VIIRS,n,2,301.93,8.7,D,0
30.07693,75.64923,340.53,0.42,0.45,2020-11-06,827,N,VIIRS,n,2,304.15,6.4,D,0
30.07705,75.15696,341.35,0.39,0.44,2020-11-06,827,N,VIIRS,n,2,306.17,11.98,D,0
30.07715,76.16094,342.96,0.45,0.47,2020-11-06,827,N,VIIRS,n,2,308.51,13.35,D,0
30.07739,75.65363,339.84,0.42,0.45,2020-11-06,827,N,VIIRS,n,2,302.7,6.4,D,0
30.07787,75.42062,331.01,0.41,0.45,2020-11-06,827,N,VIIRS,l,2,301.84,2.26,D,0
30.07818,75.99567,339.79,0.44,0.46,2020-11-06,827,N,VIIRS,n,2,301.46,3.89,D,0
30.07835,75.62234,332.23,0.42,0.45,2020-11-06,827,N,VIIRS,n,2,301.37,2.17,D,0
30.0787,75.74772,347.58,0.43,0.46,2020-11-06,827,N,VIIRS,n,2,305.01,6.12,D,0
30.07895,75.87521,335.1,0.43,0.46,2020-11-06,827,N,VIIRS,n,2,301.1,1.68,D,0
30.07923,75.17764,335.28,0.4,0.44,2020-11-06,827,N,VIIRS,n,2,301.99,2.9,D,0
30.08015,75.97213,356.1,0.44,0.46,2020-11-06,827,N,VIIRS,n,2,302.07,8.61,D,0
30.08016,75.40301,341.75,0.41,0.45,2020-11-06,827,N,VIIRS,n,2,303.39,4.19,D,0
30.08042,75.25321,347.08,0.4,0.44,2020-11-06,827,N,VIIRS,n,2,310.74,14.34,D,0
30.08063,75.68449,330.82,0.42,0.45,2020-11-06,827,N,VIIRS,l,2,301.61,2.4,D,0
30.08064,75.27039,346.42,0.4,0.44,2020-11-06,827,N,VIIRS,n,2,302.7,7.96,D,0
30.08068,75.52484,348.77,0.41,0.45,2020-11-06,827,N,VIIRS,n,2,302.78,3.38,D,0
30.08108,75.27459,343.91,0.4,0.44,2020-11-06,827,N,VIIRS,n,2,303.71,8.19,D,0
30.08114,75.52917,332.05,0.41,0.45,2020-11-06,827,N,VIIRS,n,2,302.74,3.38,D,0
30.08114,75.60863,348.59,0.42,0.45,2020-11-06,827,N,VIIRS,n,2,300.43,4.16,D,0
30.08188,75.81991,341.56,0.43,0.46,2020-11-06,827,N,VIIRS,n,2,302.58,3.49,D,0
30.08206,75.49837,339.62,0.41,0.45,2020-11-06,827,N,VIIRS,n,2,306.23,20.08,D,0
30.08227,75.26994,342.79,0.4,0.44,2020-11-06,827,N,VIIRS,n,2,303.19,7.25,D,0
30.08274,75.27412,349.73,0.4,0.44,2020-11-06,827,N,VIIRS,n,2,303.74,9.02,D,0
30.08274,75.87012,336.04,0.43,0.46,2020-11-06,827,N,VIIRS,n,2,302.49,5.92,D,0
30.08299,75.25307,350.23,0.4,0.44,2020-11-06,827,N,VIIRS,n,2,317,43,D,0
30.0832,75.87465,333.45,0.43,0.46,2020-11-06,827,N,VIIRS,n,2,301.41,4.58,D,0
30.08346,75.63054,335.19,0.42,0.45,2020-11-06,827,N,VIIRS,n,2,303.29,3.87,D,0
30.08418,75.18536,335.01,0.4,0.44,2020-11-06,827,N,VIIRS,n,2,301.46,2.46,D,0
30.08424,75.36368,343.06,0.4,0.45,2020-11-06,827,N,VIIRS,n,2,309.9,9.25,D,0
30.08447,75.22747,339.91,0.4,0.44,2020-11-06,827,N,VIIRS,n,2,302.13,3.11,D,0
30.08506,75.19363,340.86,0.4,0.44,2020-11-06,827,N,VIIRS,n,2,303.2,3.99,D,0
30.08525,76.02279,335.96,0.44,0.46,2020-11-06,827,N,VIIRS,n,2,299.57,4.03,D,0
30.0853,75.68834,334.7,0.42,0.45,2020-11-06,827,N,VIIRS,n,2,301.81,2.4,D,0
30.08531,75.52861,334.37,0.41,0.45,2020-11-06,827,N,VIIRS,n,2,303.28,3.38,D,0
30.08607,76.0744,367,0.44,0.46,2020-11-06,827,N,VIIRS,h,2,305,9.58,D,0
30.08614,75.36377,351.55,0.41,0.45,2020-11-06,827,N,VIIRS,n,2,308.37,13.54,D,0
30.08641,76.12166,334.62,0.45,0.47,2020-11-06,827,N,VIIRS,n,2,300.69,2.95,D,0
30.0867,75.54161,332.98,0.41,0.45,2020-11-06,827,N,VIIRS,n,2,302.86,2.32,D,0
30.08758,75.47142,343,0.41,0.45,2020-11-06,827,N,VIIRS,n,2,307.39,32.27,D,0
30.08805,76.05059,341.5,0.44,0.46,2020-11-06,827,N,VIIRS,n,2,302.69,6.78,D,0
30.08857,75.67892,342.5,0.42,0.45,2020-11-06,827,N,VIIRS,n,2,303.39,5.97,D,0
30.08863,75.07194,351.16,0.39,0.44,2020-11-06,827,N,VIIRS,n,2,307.08,10.8,D,0
30.08889,75.40612,331.48,0.41,0.45,2020-11-06,827,N,VIIRS,n,2,300.9,1.33,D,0
30.08917,75.03875,333.89,0.39,0.44,2020-11-06,827,N,VIIRS,n,2,303.05,1.96,D,0
30.08949,75.72822,341.82,0.42,0.46,2020-11-06,827,N,VIIRS,n,2,304.58,11.02,D,0
30.08993,75.77337,339.4,0.43,0.46,2020-11-06,827,N,VIIRS,n,2,303.27,2.43,D,0
30.08996,75.57201,343.63,0.42,0.45,2020-11-06,827,N,VIIRS,n,2,304.64,3.7,D,0
30.09014,75.00974,344.36,0.39,0.44,2020-11-06,827,N,VIIRS,n,2,313.26,68.92,D,0
30.09037,75.49725,342.81,0.41,0.45,2020-11-06,827,N,VIIRS,n,2,304.81,7.28,D,0
30.09135,75.58508,343.49,0.42,0.45,2020-11-06,827,N,VIIRS,n,2,314.67,25.75,D,0
30.09147,75.17593,341.97,0.4,0.44,2020-11-06,827,N,VIIRS,n,2,302.09,3.53,D,0
30.09163,75.25611,348.53,0.4,0.44,2020-11-06,827,N,VIIRS,n,2,302.68,4.83,D,0
30.09182,75.58945,331.39,0.42,0.45,2020-11-06,827,N,VIIRS,n,2,300.01,25.75,D,0
30.09302,75.40556,344.6,0.41,0.45,2020-11-06,827,N,VIIRS,n,2,311.77,15.03,D,0
30.09336,76.01703,337.13,0.44,0.46,2020-11-06,827,N,VIIRS,n,2,300.52,3.91,D,0
30.09422,75.40147,334.32,0.41,0.45,2020-11-06,827,N,VIIRS,n,2,304.54,15.3,D,0
30.09453,75.49667,342.02,0.41,0.45,2020-11-06,827,N,VIIRS,n,2,302.7,4.87,D,0
30.09457,75.53614,343.5,0.41,0.45,2020-11-06,827,N,VIIRS,n,2,306.82,10.44,D,0
30.09466,75.40572,343.63,0.41,0.45,2020-11-06,827,N,VIIRS,n,2,308.61,15.3,D,0
30.09571,75.37535,334.03,0.41,0.45,2020-11-06,827,N,VIIRS,n,2,301.65,3.85,D,0
30.09715,75.40499,342.8,0.41,0.45,2020-11-06,827,N,VIIRS,n,2,301.69,15.03,D,0
30.10007,75.99744,354.1,0.44,0.46,2020-11-06,827,N,VIIRS,n,2,302.11,6.17,D,0
30.10038,76.08667,337.49,0.44,0.46,2020-11-06,827,N,VIIRS,n,2,302.07,9.05,D,0
30.10072,75.38328,343.92,0.41,0.45,2020-11-06,827,N,VIIRS,n,2,303.26,4.84,D,0
30.10085,76.09133,342.48,0.45,0.47,2020-11-06,827,N,VIIRS,n,2,303.02,9.05,D,0
30.10126,75.47001,330.39,0.41,0.45,2020-11-06,827,N,VIIRS,n,2,302.49,3.89,D,0
30.1017,75.47431,345.79,0.41,0.45,2020-11-06,827,N,VIIRS,n,2,305.95,3.89,D,0
30.10276,75.44364,337.86,0.41,0.45,2020-11-06,827,N,VIIRS,n,2,303.56,3.48,D,0
30.10328,76.07213,347.05,0.44,0.46,2020-11-06,827,N,VIIRS,n,2,304.27,10.07,D,0
30.10336,75.28854,344.18,0.4,0.44,2020-11-06,827,N,VIIRS,n,2,303.05,5.53,D,0
30.10337,75.40884,333.31,0.41,0.45,2020-11-06,827,N,VIIRS,n,2,303.13,3.04,D,0
30.1035,75.65902,340.22,0.42,0.45,2020-11-06,827,N,VIIRS,n,2,302.3,3.43,D,0
30.10378,75.50416,342.31,0.41,0.45,2020-11-06,827,N,VIIRS,n,2,305.12,3.59,D,0
30.10425,75.41738,340.64,0.41,0.45,2020-11-06,827,N,VIIRS,n,2,303.22,5.2,D,0
30.10465,75.47346,342.68,0.41,0.45,2020-11-06,827,N,VIIRS,n,2,310.2,16.69,D,0
30.10469,75.30116,336.51,0.4,0.44,2020-11-06,827,N,VIIRS,n,2,302.43,9.07,D,0
30.10469,75.42165,340.83,0.41,0.45,2020-11-06,827,N,VIIRS,n,2,303.98,5.2,D,0
30.1048,75.50451,336.98,0.41,0.45,2020-11-06,827,N,VIIRS,n,2,304.19,3.11,D,0
30.10483,75.59212,336.57,0.42,0.45,2020-11-06,827,N,VIIRS,n,2,300.18,5.69,D,0
30.10485,75.38271,343.77,0.41,0.45,2020-11-06,827,N,VIIRS,n,2,302.15,7.4,D,0
30.10513,75.30537,341.12,0.4,0.44,2020-11-06,827,N,VIIRS,n,2,302.05,6.41,D,0
30.10544,75.34818,337.65,0.4,0.45,2020-11-06,827,N,VIIRS,n,2,300.6,2.9,D,0
30.10558,75.43021,332.71,0.41,0.45,2020-11-06,827,N,VIIRS,n,2,302.64,2.72,D,0
30.10586,75.47374,350.91,0.41,0.45,2020-11-06,827,N,VIIRS,n,2,303.94,13.82,D,0
30.10634,75.88995,350.48,0.43,0.46,2020-11-06,827,N,VIIRS,n,2,304.68,5.69,D,0
30.10646,75.31802,340.44,0.4,0.44,2020-11-06,827,N,VIIRS,n,2,300.71,3.44,D,0
30.10682,75.56587,340.91,0.42,0.45,2020-11-06,827,N,VIIRS,n,2,303.6,5.6,D,0
30.1075,75.40828,353.4,0.41,0.45,2020-11-06,827,N,VIIRS,n,2,303.5,11.4,D,0
30.1076,75.57845,341.13,0.42,0.45,2020-11-06,827,N,VIIRS,n,2,304.37,2.68,D,0
30.10795,75.0983,353.82,0.39,0.44,2020-11-06,827,N,VIIRS,n,2,303.72,10.55,D,0
30.10813,75.62275,345.7,0.42,0.45,2020-11-06,827,N,VIIRS,n,2,306.02,4.73,D,0
30.10815,75.57896,343.99,0.42,0.45,2020-11-06,827,N,VIIRS,n,2,304.7,4.06,D,0
30.1082,75.70319,343.38,0.42,0.45,2020-11-06,827,N,VIIRS,n,2,308.34,18.81,D,0
30.10883,75.42108,334.42,0.41,0.45,2020-11-06,827,N,VIIRS,n,2,302.25,6.35,D,0
30.10924,75.3048,341.33,0.4,0.44,2020-11-06,827,N,VIIRS,n,2,301.06,6.41,D,0
30.10935,75.51656,346.95,0.41,0.45,2020-11-06,827,N,VIIRS,n,2,302.92,5.25,D,0
30.11029,75.51693,341.17,0.41,0.45,2020-11-06,827,N,VIIRS,n,2,303.89,6.3,D,0
30.11153,75.94011,337.19,0.44,0.46,2020-11-06,827,N,VIIRS,n,2,299.53,2.6,D,0
30.11155,75.85709,335.54,0.43,0.46,2020-11-06,827,N,VIIRS,n,2,302.47,2.37,D,0
30.11202,75.86161,333.85,0.43,0.46,2020-11-06,827,N,VIIRS,n,2,302.73,3.35,D,0
30.11222,75.49473,344.2,0.41,0.45,2020-11-06,827,N,VIIRS,n,2,307.07,11.38,D,0
30.11231,75.62218,336.22,0.42,0.45,2020-11-06,827,N,VIIRS,n,2,303.96,4.73,D,0
30.11244,75.99114,336.27,0.44,0.46,2020-11-06,827,N,VIIRS,n,2,302.05,4.48,D,0
30.11272,75.58662,340.35,0.42,0.45,2020-11-06,827,N,VIIRS,n,2,301.36,4.77,D,0
30.11292,75.99575,351.05,0.44,0.46,2020-11-06,827,N,VIIRS,n,2,301.53,4.48,D,0
30.11321,75.58711,341.54,0.42,0.45,2020-11-06,827,N,VIIRS,n,2,301.1,7.88,D,0
30.11327,75.46399,342.37,0.41,0.45,2020-11-06,827,N,VIIRS,n,2,301.53,4.14,D,0
30.11346,75.26582,333.87,0.4,0.44,2020-11-06,827,N,VIIRS,n,2,301.88,2.18,D,0
30.11382,75.71593,330.73,0.42,0.45,2020-11-06,827,N,VIIRS,n,2,299.9,3.83,D,0
30.11444,75.23596,331.88,0.4,0.44,2020-11-06,827,N,VIIRS,n,2,300.15,2.59,D,0
30.11467,76.14174,341.39,0.45,0.47,2020-11-06,827,N,VIIRS,n,2,301.31,4.57,D,0
30.11513,75.32109,340.25,0.4,0.44,2020-11-06,827,N,VIIRS,n,2,301.73,10.37,D,0
30.11557,75.32531,341.75,0.4,0.44,2020-11-06,827,N,VIIRS,n,2,304.93,10.37,D,0
30.11578,75.2485,330.6,0.4,0.44,2020-11-06,827,N,VIIRS,n,2,299.86,1.99,D,0
30.11638,75.49416,330.85,0.41,0.45,2020-11-06,827,N,VIIRS,l,2,304.57,3.09,D,0
30.11653,75.45481,345.21,0.41,0.45,2020-11-06,827,N,VIIRS,n,2,305.79,13.09,D,0
30.11728,75.18491,338.64,0.4,0.44,2020-11-06,827,N,VIIRS,n,2,303.45,3.82,D,0
30.11787,75.46772,342.32,0.41,0.45,2020-11-06,827,N,VIIRS,n,2,304.1,10.04,D,0
30.11852,76.13648,367,0.45,0.47,2020-11-06,827,N,VIIRS,h,2,303.46,11.15,D,0
30.11903,75.76493,345.95,0.43,0.46,2020-11-06,827,N,VIIRS,n,2,307.77,13.12,D,0
30.11934,75.64795,341.21,0.42,0.45,2020-11-06,827,N,VIIRS,n,2,301.55,4.35,D,0
30.11992,75.40656,334.75,0.41,0.45,2020-11-06,827,N,VIIRS,n,2,301.25,2.47,D,0
30.12148,75.911,350.01,0.43,0.46,2020-11-06,827,N,VIIRS,n,2,305.12,22.01,D,0
30.12243,75.96186,354.89,0.44,0.46,2020-11-06,827,N,VIIRS,n,2,306.46,17.41,D,0
30.12271,75.1968,338.24,0.4,0.44,2020-11-06,827,N,VIIRS,n,2,303.19,3.13,D,0
30.12278,75.7599,338.73,0.43,0.46,2020-11-06,827,N,VIIRS,n,2,302.55,2.54,D,0
30.12405,75.40599,332.9,0.41,0.45,2020-11-06,827,N,VIIRS,n,2,301.35,2.75,D,0
30.12433,75.9384,334.97,0.44,0.46,2020-11-06,827,N,VIIRS,n,2,301.84,1.72,D,0
30.12469,76.19778,347,0.45,0.47,2020-11-06,827,N,VIIRS,n,2,302.17,9.15,D,0
30.1247,75.61664,337.86,0.42,0.45,2020-11-06,827,N,VIIRS,n,2,303.82,9.64,D,0
30.125,75.17961,347.99,0.4,0.44,2020-11-06,827,N,VIIRS,n,2,303.96,5.77,D,0
30.12515,75.62102,341.27,0.42,0.45,2020-11-06,827,N,VIIRS,n,2,300.84,9.64,D,0
30.12517,76.20252,341.81,0.45,0.47,2020-11-06,827,N,VIIRS,n,2,304.43,9.15,D,0
30.12573,76.12126,342.17,0.45,0.47,2020-11-06,827,N,VIIRS,n,2,302.59,7.46,D,0
30.12574,75.91044,349.31,0.43,0.46,2020-11-06,827,N,VIIRS,n,2,307,22.01,D,0
30.12576,75.26411,340.9,0.4,0.44,2020-11-06,827,N,VIIRS,n,2,301.57,5.31,D,0
30.12615,75.83225,343.57,0.43,0.46,2020-11-06,827,N,VIIRS,n,2,305.66,15.69,D,0
30.12635,75.54993,332.04,0.42,0.45,2020-11-06,827,N,VIIRS,n,2,300.29,2.45,D,0
30.12666,75.2725,341.18,0.4,0.44,2020-11-06,827,N,VIIRS,n,2,300.72,5.38,D,0
30.12684,75.39261,339.06,0.41,0.45,2020-11-06,827,N,VIIRS,n,2,303.52,8.16,D,0
30.12751,75.47949,332.68,0.41,0.45,2020-11-06,827,N,VIIRS,n,2,301.49,1.86,D,0
30.12811,76.14475,339.78,0.45,0.47,2020-11-06,827,N,VIIRS,n,2,302.87,2.99,D,0
30.12853,75.4488,333.82,0.41,0.45,2020-11-06,827,N,VIIRS,n,2,301.83,2.74,D,0
30.13021,75.5054,335.85,0.41,0.45,2020-11-06,827,N,VIIRS,n,2,302.91,3.46,D,0
30.13076,75.27192,340.63,0.4,0.44,2020-11-06,827,N,VIIRS,n,2,299.37,5.38,D,0
30.13106,75.3532,338.94,0.41,0.45,2020-11-06,827,N,VIIRS,n,2,302.35,4.01,D,0
30.1311,75.51406,336.49,0.41,0.45,2020-11-06,827,N,VIIRS,n,2,302.13,2.98,D,0
30.13184,75.12831,341.89,0.39,0.44,2020-11-06,827,N,VIIRS,n,2,305.52,6.57,D,0
30.13475,75.91386,338.12,0.44,0.46,2020-11-06,827,N,VIIRS,n,2,300.17,2.45,D,0
30.13526,75.96016,341.72,0.44,0.46,2020-11-06,827,N,VIIRS,n,2,305.46,16.28,D,0
30.13527,75.51349,355.79,0.41,0.45,2020-11-06,827,N,VIIRS,n,2,302.07,5.61,D,0
30.13532,76.12952,341.88,0.45,0.47,2020-11-06,827,N,VIIRS,n,2,301.92,6.41,D,0
30.13537,75.23729,335.44,0.4,0.44,2020-11-06,827,N,VIIRS,n,2,302.9,1.56,D,0
30.13628,76.13892,331.66,0.45,0.47,2020-11-06,827,N,VIIRS,l,2,302.44,3.25,D,0
30.13646,75.40427,341.57,0.41,0.45,2020-11-06,827,N,VIIRS,n,2,301.9,5.14,D,0
30.13662,75.5265,336.3,0.41,0.45,2020-11-06,827,N,VIIRS,n,2,301.98,3.04,D,0
30.1367,75.97395,338.64,0.44,0.46,2020-11-06,827,N,VIIRS,n,2,303.83,4.04,D,0
30.13714,75.93672,330.8,0.44,0.46,2020-11-06,827,N,VIIRS,l,2,302.21,1.76,D,0
30.13722,76.19137,355.28,0.45,0.47,2020-11-06,827,N,VIIRS,n,2,305.6,14.02,D,0
30.13751,75.33512,341.55,0.4,0.45,2020-11-06,827,N,VIIRS,n,2,303.51,4.24,D,0
30.13772,76.11018,336.19,0.45,0.47,2020-11-06,827,N,VIIRS,n,2,300.39,1.7,D,0
30.13852,75.26658,342.29,0.4,0.44,2020-11-06,827,N,VIIRS,n,2,301.96,9.37,D,0
30.13858,75.95045,343.96,0.44,0.46,2020-11-06,827,N,VIIRS,n,2,304.26,7.28,D,0
30.13862,75.62811,341.21,0.42,0.45,2020-11-06,827,N,VIIRS,n,2,303.22,8.44,D,0
30.13892,75.30921,340.93,0.4,0.44,2020-11-06,827,N,VIIRS,n,2,301.65,27.32,D,0
30.13898,75.50859,330.32,0.41,0.45,2020-11-06,827,N,VIIRS,l,2,301.36,5.61,D,0
30.1392,75.59244,344.61,0.42,0.45,2020-11-06,827,N,VIIRS,n,2,300.58,4.42,D,0
30.13923,75.7177,331.95,0.42,0.46,2020-11-06,827,N,VIIRS,l,2,302.18,5.26,D,0
30.13954,75.0855,354.16,0.39,0.44,2020-11-06,827,N,VIIRS,n,2,309.29,17.16,D,0
30.13999,75.08961,340.63,0.39,0.44,2020-11-06,827,N,VIIRS,n,2,302.38,7.07,D,0
30.14051,75.85869,342.09,0.43,0.46,2020-11-06,827,N,VIIRS,n,2,305.84,8.34,D,0
30.14176,75.85766,340.29,0.43,0.46,2020-11-06,827,N,VIIRS,n,2,303.21,4.35,D,0
30.1418,75.06857,335.22,0.39,0.44,2020-11-06,827,N,VIIRS,n,2,300.81,3.78,D,0
30.14224,75.86219,335.43,0.43,0.46,2020-11-06,827,N,VIIRS,n,2,301.02,4.35,D,0
30.14233,75.45999,348.65,0.41,0.45,2020-11-06,827,N,VIIRS,n,2,303.35,6.12,D,0
30.14262,75.26601,342.21,0.4,0.44,2020-11-06,827,N,VIIRS,n,2,300.94,11.39,D,0
30.14285,75.94988,341.86,0.44,0.46,2020-11-06,827,N,VIIRS,n,2,301.27,5.15,D,0
30.14338,75.39032,340.04,0.41,0.45,2020-11-06,827,N,VIIRS,n,2,301.91,1.77,D,0
30.14344,75.71714,355.32,0.42,0.46,2020-11-06,827,N,VIIRS,n,2,303.67,5.26,D,0
30.14349,75.31286,342.84,0.4,0.44,2020-11-06,827,N,VIIRS,n,2,301.01,27.32,D,0
30.14358,75.80335,345.11,0.43,0.46,2020-11-06,827,N,VIIRS,n,2,301.67,4.85,D,0
30.1436,75.08493,356.56,0.39,0.44,2020-11-06,827,N,VIIRS,n,2,302.53,17.16,D,0
30.14387,76.00101,340.87,0.44,0.46,2020-11-06,827,N,VIIRS,n,2,301.54,4.05,D,0
30.1442,75.76685,331.38,0.43,0.46,2020-11-06,827,N,VIIRS,n,2,302.66,2.63,D,0
30.14429,75.96362,341.81,0.44,0.46,2020-11-06,827,N,VIIRS,n,2,301.89,3.58,D,0
30.14434,75.35998,335.87,0.41,0.45,2020-11-06,827,N,VIIRS,n,2,302.72,7.78,D,0
30.1445,75.52101,334.01,0.41,0.45,2020-11-06,827,N,VIIRS,n,2,301.33,2.02,D,0
30.14465,75.77133,333.56,0.43,0.46,2020-11-06,827,N,VIIRS,n,2,303.29,2.63,D,0
30.14504,75.48583,341.69,0.41,0.45,2020-11-06,827,N,VIIRS,n,2,304.2,3.97,D,0
30.14537,75.02665,345.18,0.39,0.44,2020-11-06,827,N,VIIRS,n,2,306.48,8.12,D,0
30.1454,75.69436,333.52,0.42,0.45,2020-11-06,827,N,VIIRS,n,2,298.35,4.95,D,0
30.14586,75.53403,346.44,0.41,0.45,2020-11-06,827,N,VIIRS,n,2,301.72,5.95,D,0
30.14662,75.9643,330.86,0.44,0.46,2020-11-06,827,N,VIIRS,l,2,301.05,3.55,D,0
30.14721,75.54708,355.98,0.42,0.45,2020-11-06,827,N,VIIRS,n,2,302.29,6.72,D,0
30.14728,75.927,342.27,0.44,0.46,2020-11-06,827,N,VIIRS,n,2,302.01,6.26,D,0
30.14891,75.8843,342.26,0.43,0.46,2020-11-06,827,N,VIIRS,n,2,300.96,5.2,D,0
30.14898,75.92586,349.14,0.44,0.46,2020-11-06,827,N,VIIRS,n,2,301.21,4.8,D,0
30.14917,76.05196,338.68,0.44,0.46,2020-11-06,827,N,VIIRS,n,2,300.13,2.82,D,0
30.14937,75.3679,342.19,0.41,0.45,2020-11-06,827,N,VIIRS,n,2,302.33,7.8,D,0
30.14994,75.21834,331,0.4,0.44,2020-11-06,827,N,VIIRS,n,2,302.25,1.68,D,0
30.15018,76.10382,339.02,0.45,0.47,2020-11-06,827,N,VIIRS,n,2,301.97,4.65,D,0
30.15173,75.88482,340.82,0.43,0.46,2020-11-06,827,N,VIIRS,n,2,303.26,7.17,D,0
30.15217,75.31593,331.26,0.4,0.44,2020-11-06,827,N,VIIRS,l,2,301.42,2.65,D,0
30.15265,75.76572,348.39,0.43,0.46,2020-11-06,827,N,VIIRS,n,2,303.46,11.94,D,0
30.15275,75.55957,332.82,0.42,0.45,2020-11-06,827,N,VIIRS,n,2,300.72,2.45,D,0
30.15308,76.13195,341.43,0.45,0.47,2020-11-06,827,N,VIIRS,n,2,302.51,3.5,D,0
30.1531,75.28586,341.87,0.4,0.44,2020-11-06,827,N,VIIRS,n,2,303.92,9.24,D,0
30.15311,75.13369,343.94,0.39,0.44,2020-11-06,827,N,VIIRS,n,2,306.52,6.16,D,0
30.15347,75.02551,340.8,0.39,0.44,2020-11-06,827,N,VIIRS,n,2,302.37,5.92,D,0
30.15347,76.0514,332.9,0.44,0.46,2020-11-06,827,N,VIIRS,n,2,300.57,3.2,D,0
30.15392,75.02958,341.78,0.39,0.44,2020-11-06,827,N,VIIRS,n,2,305.14,10.28,D,0
30.15449,75.22193,337.08,0.4,0.44,2020-11-06,827,N,VIIRS,n,2,303.85,9.4,D,0
30.15494,75.2261,341.97,0.4,0.44,2020-11-06,827,N,VIIRS,n,2,305.12,9.4,D,0
30.15556,75.54594,341.3,0.42,0.45,2020-11-06,827,N,VIIRS,n,2,303.47,5.91,D,0
30.15672,75.99931,342.05,0.44,0.46,2020-11-06,827,N,VIIRS,n,2,304.81,9.62,D,0
30.15688,75.76515,356.73,0.43,0.46,2020-11-06,827,N,VIIRS,n,2,304.01,11.94,D,0
30.15792,75.02637,340.73,0.39,0.44,2020-11-06,827,N,VIIRS,n,2,303.17,2.08,D,0
30.15797,75.02901,341.42,0.39,0.44,2020-11-06,827,N,VIIRS,n,2,302.45,2.85,D,0
30.15812,75.29371,348.79,0.4,0.44,2020-11-06,827,N,VIIRS,n,2,303.82,7.73,D,0
30.15825,75.77859,343.51,0.43,0.46,2020-11-06,827,N,VIIRS,n,2,303.83,17.73,D,0
30.15826,76.05547,342.57,0.44,0.46,2020-11-06,827,N,VIIRS,n,2,302.64,3.2,D,0
30.15837,75.99544,340.37,0.44,0.46,2020-11-06,827,N,VIIRS,n,2,300.63,8.43,D,0
30.15857,75.33651,342.37,0.4,0.45,2020-11-06,827,N,VIIRS,n,2,303.65,2.94,D,0
30.15858,75.22137,341.52,0.4,0.44,2020-11-06,827,N,VIIRS,n,2,303.91,9.4,D,0
30.15888,75.03714,336.23,0.39,0.44,2020-11-06,827,N,VIIRS,n,2,299.97,2.41,D,0
30.15903,75.22553,339.9,0.4,0.44,2020-11-06,827,N,VIIRS,n,2,300.38,9.4,D,0
30.1592,75.03861,337.04,0.39,0.44,2020-11-06,827,N,VIIRS,n,2,300.15,1.41,D,0
30.16,76.05633,346.32,0.44,0.46,2020-11-06,827,N,VIIRS,n,2,302.58,5.72,D,0
30.16121,75.47926,333.6,0.41,0.45,2020-11-06,827,N,VIIRS,n,2,300.98,2.39,D,0
30.1622,75.99025,331.88,0.44,0.46,2020-11-06,827,N,VIIRS,l,2,302.05,1.45,D,0
30.16223,75.29314,339.66,0.4,0.44,2020-11-06,827,N,VIIRS,n,2,300.91,3.49,D,0
30.16294,75.78252,346.06,0.43,0.46,2020-11-06,827,N,VIIRS,n,2,302.99,5.55,D,0
30.16319,76.14497,337.74,0.45,0.47,2020-11-06,827,N,VIIRS,n,2,302.74,8.64,D,0
30.1635,75.74609,339.03,0.43,0.46,2020-11-06,827,N,VIIRS,n,2,301.91,9.21,D,0
30.16359,75.38322,338.44,0.41,0.45,2020-11-06,827,N,VIIRS,n,2,301.45,3.39,D,0
30.16368,76.14967,342.03,0.45,0.47,2020-11-06,827,N,VIIRS,n,2,305.49,8.64,D,0
30.1639,75.08208,332.12,0.39,0.44,2020-11-06,827,N,VIIRS,n,2,302.32,1.31,D,0
30.16394,75.08366,334.27,0.39,0.44,2020-11-06,827,N,VIIRS,n,2,302.01,1.88,D,0
30.16396,75.75056,341.61,0.43,0.46,2020-11-06,827,N,VIIRS,n,2,305.39,9.21,D,0
30.16415,75.66936,341.22,0.42,0.45,2020-11-06,827,N,VIIRS,n,2,301.23,6.62,D,0
30.16436,76.146,343,0.45,0.47,2020-11-06,827,N,VIIRS,n,2,307.22,18.56,D,0
30.16527,75.93391,330.84,0.44,0.46,2020-11-06,827,N,VIIRS,l,2,301.06,2.02,D,0
30.16588,75.40455,330.14,0.41,0.45,2020-11-06,827,N,VIIRS,l,2,300.93,2.34,D,0
30.16589,75.36562,334.78,0.41,0.45,2020-11-06,827,N,VIIRS,n,2,300.77,7.03,D,0
30.16625,75.77296,342.74,0.43,0.46,2020-11-06,827,N,VIIRS,n,2,301.29,4.07,D,0
30.16635,75.36987,343.18,0.41,0.45,2020-11-06,827,N,VIIRS,n,2,303.69,7.03,D,0
30.16647,75.85983,331.74,0.43,0.46,2020-11-06,827,N,VIIRS,n,2,299.9,2.06,D,0
30.16686,76.05434,341.43,0.44,0.46,2020-11-06,827,N,VIIRS,n,2,304.08,7.47,D,0
30.16697,75.11243,342.07,0.39,0.44,2020-11-06,827,N,VIIRS,n,2,303.32,4.13,D,0
30.1671,75.11081,341.12,0.39,0.44,2020-11-06,827,N,VIIRS,n,2,302.68,5.45,D,0
30.16726,75.33959,348.17,0.4,0.45,2020-11-06,827,N,VIIRS,n,2,304.18,7.34,D,0
30.16772,75.30521,353.91,0.4,0.44,2020-11-06,827,N,VIIRS,n,2,304.39,15.78,D,0
30.16796,76.09313,340.62,0.45,0.47,2020-11-06,827,N,VIIRS,n,2,300.74,2.47,D,0
30.16803,75.58407,342.46,0.42,0.45,2020-11-06,827,N,VIIRS,n,2,307.31,11.56,D,0
30.16807,76.19217,345.63,0.45,0.47,2020-11-06,827,N,VIIRS,n,2,304.8,6.52,D,0
30.16815,76.05053,340.21,0.44,0.46,2020-11-06,827,N,VIIRS,n,2,300.78,7.84,D,0
30.16832,75.00836,334.84,0.39,0.44,2020-11-06,827,N,VIIRS,n,2,302.87,2.34,D,0
30.16893,76.19329,340.27,0.45,0.47,2020-11-06,827,N,VIIRS,n,2,303.65,4.1,D,0
30.16934,75.63731,339.09,0.42,0.45,2020-11-06,827,N,VIIRS,n,2,300.63,3.77,D,0
30.17034,75.06609,341.22,0.39,0.44,2020-11-06,827,N,VIIRS,n,2,304.31,6.2,D,0
30.17041,75.52628,340.77,0.41,0.45,2020-11-06,827,N,VIIRS,n,2,300.91,3.68,D,0
30.17061,76.03136,338.53,0.44,0.46,2020-11-06,827,N,VIIRS,n,2,300.39,6.93,D,0
30.17077,75.0702,335.39,0.39,0.44,2020-11-06,827,N,VIIRS,n,2,301.33,4.44,D,0
30.17107,76.036,341.16,0.44,0.46,2020-11-06,827,N,VIIRS,n,2,301.91,6.93,D,0
30.17139,75.37781,349.89,0.41,0.45,2020-11-06,827,N,VIIRS,n,2,305.27,9.92,D,0
30.17169,75.99834,333.77,0.44,0.46,2020-11-06,827,N,VIIRS,n,2,302.61,3.13,D,0
30.17221,75.5835,343.51,0.42,0.45,2020-11-06,827,N,VIIRS,n,2,303.07,11.56,D,0
30.17256,75.66822,346.77,0.42,0.45,2020-11-06,827,N,VIIRS,n,2,307.94,37.02,D,0
30.17277,75.3906,331.41,0.41,0.45,2020-11-06,827,N,VIIRS,n,2,302.17,1.9,D,0
30.17352,75.05733,348.54,0.39,0.44,2020-11-06,827,N,VIIRS,n,2,304.39,6.84,D,0
30.1741,75.28722,356.44,0.4,0.44,2020-11-06,827,N,VIIRS,n,2,305.51,11.03,D,0
30.17454,75.02814,343.76,0.39,0.44,2020-11-06,827,N,VIIRS,n,2,306.3,14.15,D,0
30.17473,75.94195,331.62,0.44,0.46,2020-11-06,827,N,VIIRS,n,2,300.51,1.49,D,0
30.17537,75.15319,340.84,0.4,0.44,2020-11-06,827,N,VIIRS,n,2,301.7,5.95,D,0
30.17551,75.33847,342.6,0.4,0.45,2020-11-06,827,N,VIIRS,n,2,300.03,8.24,D,0
30.17589,75.61858,341.7,0.42,0.45,2020-11-06,827,N,VIIRS,n,2,301.36,3.95,D,0
30.17622,75.15562,343.44,0.4,0.44,2020-11-06,827,N,VIIRS,n,2,301.93,5.32,D,0
30.17643,75.34695,343.17,0.41,0.45,2020-11-06,827,N,VIIRS,n,2,305.8,12.53,D,0
30.17692,75.42908,337.85,0.41,0.45,2020-11-06,827,N,VIIRS,n,2,302.86,6.89,D,0
30.17738,75.43337,341.7,0.41,0.45,2020-11-06,827,N,VIIRS,n,2,304.51,10.03,D,0
30.17758,75.05675,355.99,0.39,0.44,2020-11-06,827,N,VIIRS,n,2,302.99,12.16,D,0
30.1778,75.21617,337.85,0.4,0.44,2020-11-06,827,N,VIIRS,n,2,301.24,2.06,D,0
30.17784,75.47698,341.18,0.41,0.45,2020-11-06,827,N,VIIRS,n,2,302.79,6,D,0
30.17886,75.81231,338.51,0.43,0.46,2020-11-06,827,N,VIIRS,n,2,302.15,4.29,D,0
30.1792,76.03021,347.53,0.44,0.46,2020-11-06,827,N,VIIRS,n,2,302.3,5.94,D,0
30.17975,75.07726,367,0.39,0.44,2020-11-06,827,N,VIIRS,h,2,308.77,8.63,D,0
30.18013,75.53818,341.71,0.42,0.45,2020-11-06,827,N,VIIRS,n,2,306.24,9.61,D,0
30.1804,75.74381,339.47,0.43,0.46,2020-11-06,827,N,VIIRS,n,2,302.16,4.51,D,0
30.18079,75.78923,343.11,0.43,0.46,2020-11-06,827,N,VIIRS,n,2,302.74,5.64,D,0
30.18089,75.0107,335.44,0.39,0.44,2020-11-06,827,N,VIIRS,n,2,303.96,2.12,D,0
30.18106,75.42851,339.26,0.41,0.45,2020-11-06,827,N,VIIRS,n,2,301.83,6.89,D,0
30.18147,75.63121,332.46,0.42,0.45,2020-11-06,827,N,VIIRS,n,2,298.64,2.08,D,0
30.18152,75.43281,341.25,0.41,0.45,2020-11-06,827,N,VIIRS,n,2,300.92,10.03,D,0
30.18194,75.35911,330.82,0.41,0.45,2020-11-06,827,N,VIIRS,l,2,303.64,20.4,D,0
30.18199,75.5159,336.31,0.41,0.45,2020-11-06,827,N,VIIRS,n,2,301.92,2.35,D,0
30.1824,75.36337,347.37,0.41,0.45,2020-11-06,827,N,VIIRS,n,2,321.91,59.2,D,0
30.18246,75.48073,341.4,0.41,0.45,2020-11-06,827,N,VIIRS,n,2,299.9,4.09,D,0
30.18321,76.11488,333.66,0.45,0.47,2020-11-06,827,N,VIIRS,n,2,300.7,5.36,D,0
30.18382,75.07668,345.19,0.39,0.44,2020-11-06,827,N,VIIRS,n,2,302.32,8.63,D,0
30.18385,76.38966,347.78,0.46,0.47,2020-11-06,827,N,VIIRS,n,2,307.82,10.69,D,0
30.18406,75.22627,334.55,0.4,0.44,2020-11-06,827,N,VIIRS,n,2,302.11,2.24,D,0
30.18414,76.12428,341.95,0.45,0.47,2020-11-06,827,N,VIIRS,n,2,303.8,5.98,D,0
30.18426,75.38038,336.01,0.41,0.45,2020-11-06,827,N,VIIRS,n,2,301.74,1.56,D,0
30.18431,75.90822,334.52,0.44,0.46,2020-11-06,827,N,VIIRS,n,2,300.59,3.07,D,0
30.18432,75.27908,355.41,0.4,0.44,2020-11-06,827,N,VIIRS,n,2,305.44,15.04,D,0
30.18511,75.20667,338.15,0.4,0.44,2020-11-06,827,N,VIIRS,n,2,300.96,7.64,D,0
30.18551,75.27711,347.57,0.4,0.44,2020-11-06,827,N,VIIRS,n,2,302.47,8.01,D,0
30.18554,75.75219,333.19,0.43,0.46,2020-11-06,827,N,VIIRS,n,2,300.25,4.72,D,0
30.18555,75.21082,340.72,0.4,0.44,2020-11-06,827,N,VIIRS,n,2,301.91,9.44,D,0
30.18569,75.0556,341.44,0.39,0.44,2020-11-06,827,N,VIIRS,n,2,304.99,5.64,D,0
30.18597,75.28131,341.18,0.4,0.44,2020-11-06,827,N,VIIRS,n,2,301.75,8.01,D,0
30.18616,75.51533,341.23,0.41,0.45,2020-11-06,827,N,VIIRS,n,2,303.05,4.34,D,0
30.18709,75.524,337.53,0.41,0.45,2020-11-06,827,N,VIIRS,n,2,304.06,2.72,D,0
30.18782,76.39065,339.71,0.46,0.47,2020-11-06,827,N,VIIRS,n,2,304.67,3.76,D,0
30.18827,75.82019,337.7,0.43,0.46,2020-11-06,827,N,VIIRS,n,2,300.37,2.42,D,0
30.18839,75.37982,344.49,0.41,0.45,2020-11-06,827,N,VIIRS,n,2,303.34,6.8,D,0
30.18974,75.29115,335.74,0.4,0.44,2020-11-06,827,N,VIIRS,n,2,301.25,3.06,D,0
30.18979,75.17222,336.74,0.4,0.44,2020-11-06,827,N,VIIRS,n,2,302.08,4.4,D,0
30.19047,76.28109,339.83,0.46,0.47,2020-11-06,827,N,VIIRS,n,2,303.59,3.38,D,0
30.19075,76.28239,341.15,0.46,0.47,2020-11-06,827,N,VIIRS,n,2,304.32,5.36,D,0
30.19101,75.28915,335.69,0.4,0.44,2020-11-06,827,N,VIIRS,n,2,302.74,1.84,D,0
30.19218,75.35529,341.38,0.41,0.45,2020-11-06,827,N,VIIRS,n,2,302.32,4.43,D,0
30.19311,75.54082,347.22,0.42,0.45,2020-11-06,827,N,VIIRS,n,2,302.57,8.46,D,0
30.19357,76.17567,330.91,0.45,0.47,2020-11-06,827,N,VIIRS,l,2,302.45,3.77,D,0
30.19386,75.35316,344.63,0.41,0.45,2020-11-06,827,N,VIIRS,n,2,304.12,5.79,D,0
30.19388,75.17164,341.35,0.4,0.44,2020-11-06,827,N,VIIRS,n,2,302.69,4.4,D,0
30.19391,75.39204,339.27,0.41,0.45,2020-11-06,827,N,VIIRS,n,2,302.09,3.99,D,0
30.19404,76.1804,336.78,0.45,0.47,2020-11-06,827,N,VIIRS,n,2,301.69,5.19,D,0
30.19406,76.00476,334.81,0.44,0.46,2020-11-06,827,N,VIIRS,n,2,299.86,1.41,D,0
30.19432,75.1758,338.76,0.4,0.44,2020-11-06,827,N,VIIRS,n,2,300.01,9.13,D,0
30.19435,76.22855,334.57,0.45,0.47,2020-11-06,827,N,VIIRS,n,2,299.92,2.14,D,0
30.19438,75.39631,354.52,0.41,0.45,2020-11-06,827,N,VIIRS,n,2,306.12,15.98,D,0
30.19532,75.14616,352.12,0.4,0.44,2020-11-06,827,N,VIIRS,n,2,303.22,8.8,D,0
30.19535,75.44398,341.55,0.41,0.45,2020-11-06,827,N,VIIRS,n,2,302.38,6.02,D,0
30.19569,75.3894,334.66,0.41,0.45,2020-11-06,827,N,VIIRS,n,2,301.21,6.77,D,0
30.1961,75.03751,333.02,0.39,0.44,2020-11-06,827,N,VIIRS,n,2,302.05,2.56,D,0
30.19613,75.39368,348.32,0.41,0.45,2020-11-06,827,N,VIIRS,n,2,303.39,6.77,D,0
30.19657,75.39796,338.79,0.41,0.45,2020-11-06,827,N,VIIRS,n,2,301.89,8.05,D,0
30.19665,75.37868,343.2,0.41,0.45,2020-11-06,827,N,VIIRS,n,2,300.54,8.8,D,0
30.19675,75.45688,344.44,0.41,0.45,2020-11-06,827,N,VIIRS,n,2,300.28,3.7,D,0
30.19719,75.36322,347.11,0.41,0.45,2020-11-06,827,N,VIIRS,n,2,301.58,4.71,D,0
30.19815,75.4698,332.38,0.41,0.45,2020-11-06,827,N,VIIRS,n,2,299.88,2.62,D,0
30.19852,75.13731,341.65,0.4,0.44,2020-11-06,827,N,VIIRS,n,2,307.6,13.61,D,0
30.19871,75.7142,341.33,0.42,0.46,2020-11-06,827,N,VIIRS,n,2,302.42,9.53,D,0
30.19872,75.63335,340.47,0.42,0.45,2020-11-06,827,N,VIIRS,n,2,299.58,5.02,D,0
30.19884,75.29844,346.02,0.4,0.44,2020-11-06,827,N,VIIRS,n,2,306.12,7.71,D,0
30.19892,75.36108,340.55,0.41,0.45,2020-11-06,827,N,VIIRS,n,2,300.72,3.68,D,0
30.19895,75.38028,353.45,0.41,0.45,2020-11-06,827,N,VIIRS,n,2,303.28,7.36,D,0
30.19896,75.14145,341.59,0.4,0.44,2020-11-06,827,N,VIIRS,n,2,301.98,8.8,D,0
30.19938,75.36534,333.72,0.41,0.45,2020-11-06,827,N,VIIRS,n,2,300.37,3.68,D,0
30.19945,75.92938,332.66,0.44,0.46,2020-11-06,827,N,VIIRS,n,2,301.5,4.99,D,0
30.19991,75.93397,341.47,0.44,0.46,2020-11-06,827,N,VIIRS,n,2,304.4,9.41,D,0
30.2,75.34988,340.36,0.41,0.45,2020-11-06,827,N,VIIRS,n,2,301.35,5.35,D,0
30.20006,75.80947,339.01,0.43,0.46,2020-11-06,827,N,VIIRS,n,2,300.69,3.33,D,0
30.20015,75.03693,347.9,0.39,0.44,2020-11-06,827,N,VIIRS,n,2,302.64,8.18,D,0
30.20055,75.57076,335.27,0.42,0.45,2020-11-06,827,N,VIIRS,n,2,302.67,4.34,D,0
30.20091,75.45631,339.41,0.41,0.45,2020-11-06,827,N,VIIRS,n,2,300.08,3.7,D,0
30.20151,75.61958,332.55,0.42,0.45,2020-11-06,827,N,VIIRS,n,2,299.84,1.46,D,0
30.20244,75.62837,338.74,0.42,0.45,2020-11-06,827,N,VIIRS,n,2,300.1,4.13,D,0
30.20258,76.22266,343.3,0.45,0.47,2020-11-06,827,N,VIIRS,n,2,304.05,3.83,D,0
30.20259,75.13673,341.98,0.4,0.44,2020-11-06,827,N,VIIRS,n,2,307.03,11.26,D,0
30.20265,75.39517,336.73,0.41,0.45,2020-11-06,827,N,VIIRS,n,2,302.63,3.26,D,0
30.20324,75.0656,345.44,0.39,0.44,2020-11-06,827,N,VIIRS,n,2,312.31,20.04,D,0
30.20411,76.19352,332.7,0.45,0.47,2020-11-06,827,N,VIIRS,n,2,301.84,3.9,D,0
30.20462,76.33436,354.98,0.46,0.47,2020-11-06,827,N,VIIRS,n,2,308.02,19.12,D,0
30.20465,75.93799,357.03,0.44,0.46,2020-11-06,827,N,VIIRS,n,2,303.44,6.78,D,0
30.2049,76.06932,332.69,0.45,0.47,2020-11-06,827,N,VIIRS,n,2,301.67,5.28,D,0
30.20491,75.11964,356.03,0.39,0.44,2020-11-06,827,N,VIIRS,n,2,305.07,9.77,D,0
30.20537,76.07399,345.35,0.45,0.47,2020-11-06,827,N,VIIRS,n,2,305.32,14.3,D,0
30.20605,75.50383,337.12,0.41,0.45,2020-11-06,827,N,VIIRS,n,2,301.04,2.74,D,0
30.20658,75.91451,342.9,0.44,0.46,2020-11-06,827,N,VIIRS,n,2,303.32,6.54,D,0
30.20667,75.70862,351.6,0.42,0.46,2020-11-06,827,N,VIIRS,n,2,305.97,22.63,D,0
30.20716,76.13559,333.1,0.45,0.47,2020-11-06,827,N,VIIRS,n,2,301.86,7.08,D,0
30.2073,75.06503,343.12,0.39,0.44,2020-11-06,827,N,VIIRS,n,2,301.16,20.04,D,0
30.20757,75.50569,340.17,0.41,0.45,2020-11-06,827,N,VIIRS,n,2,301.5,10.26,D,0
30.2078,75.44228,342.04,0.41,0.45,2020-11-06,827,N,VIIRS,n,2,303.09,8.53,D,0
30.20799,76.1882,333.96,0.45,0.47,2020-11-06,827,N,VIIRS,n,2,300.83,3.9,D,0
30.20834,76.2364,367,0.46,0.47,2020-11-06,827,N,VIIRS,h,2,304.35,7.36,D,0
30.20893,75.93742,333.91,0.44,0.46,2020-11-06,827,N,VIIRS,n,2,302.6,6.78,D,0
30.20913,76.11148,333,0.45,0.47,2020-11-06,827,N,VIIRS,n,2,301.31,3.93,D,0
30.20914,75.35723,342.77,0.41,0.45,2020-11-06,827,N,VIIRS,n,2,301.17,9.55,D,0
30.20926,75.43972,341.4,0.41,0.45,2020-11-06,827,N,VIIRS,n,2,301.97,7.59,D,0
30.20939,75.942,332.12,0.44,0.46,2020-11-06,827,N,VIIRS,n,2,302.6,5.62,D,0
30.20958,75.36149,342.22,0.41,0.45,2020-11-06,827,N,VIIRS,n,2,304.25,13.18,D,0
30.21022,75.50325,346.6,0.41,0.45,2020-11-06,827,N,VIIRS,n,2,301.09,6.57,D,0
30.21269,76.23584,339.86,0.46,0.47,2020-11-06,827,N,VIIRS,n,2,300.52,7.36,D,0
30.21289,76.14917,341.34,0.45,0.47,2020-11-06,827,N,VIIRS,n,2,302.5,2.9,D,0
30.21296,75.31364,343.49,0.4,0.45,2020-11-06,827,N,VIIRS,n,2,302.09,5.22,D,0
30.21352,76.06819,342.12,0.45,0.47,2020-11-06,827,N,VIIRS,n,2,305.51,8.92,D,0
30.21409,75.24509,332.72,0.4,0.44,2020-11-06,827,N,VIIRS,n,2,301.54,2.38,D,0
30.21429,75.32635,343.17,0.4,0.45,2020-11-06,827,N,VIIRS,n,2,303.56,4.26,D,0
30.21445,75.54234,332.98,0.42,0.45,2020-11-06,827,N,VIIRS,n,2,301.41,3.83,D,0
30.2146,75.36945,344.4,0.41,0.45,2020-11-06,827,N,VIIRS,n,2,303.33,7.39,D,0
30.21486,76.12502,338.16,0.45,0.47,2020-11-06,827,N,VIIRS,n,2,301.35,5.37,D,0
30.21527,75.13915,334.06,0.4,0.44,2020-11-06,827,N,VIIRS,n,2,302.75,3.27,D,0
30.21528,75.53992,335.83,0.42,0.45,2020-11-06,827,N,VIIRS,n,2,301.64,3.59,D,0
30.21553,75.58427,336.9,0.42,0.45,2020-11-06,827,N,VIIRS,n,2,299.25,2.77,D,0
30.21571,75.1433,334.59,0.4,0.44,2020-11-06,827,N,VIIRS,n,2,301.98,3.27,D,0
30.2161,76.22573,348.76,0.45,0.47,2020-11-06,827,N,VIIRS,n,2,302.68,7.83,D,0
30.21676,75.27029,332.22,0.4,0.44,2020-11-06,827,N,VIIRS,n,2,300.83,1.98,D,0
30.21682,75.39082,344.2,0.41,0.45,2020-11-06,827,N,VIIRS,n,2,301.3,2.93,D,0
30.218,75.44287,341.54,0.41,0.45,2020-11-06,827,N,VIIRS,n,2,302.63,8.78,D,0
30.21808,76.20133,330.17,0.45,0.47,2020-11-06,827,N,VIIRS,n,2,302.77,2.09,D,0
30.21828,75.4866,343.44,0.41,0.45,2020-11-06,827,N,VIIRS,n,2,304.11,7.67,D,0
30.21901,75.53499,344.6,0.42,0.45,2020-11-06,827,N,VIIRS,n,2,303.3,7.18,D,0
30.21935,75.74766,352.33,0.43,0.46,2020-11-06,827,N,VIIRS,n,2,307.18,14.33,D,0
30.22019,76.09101,332.04,0.45,0.47,2020-11-06,827,N,VIIRS,l,2,302.43,2.45,D,0
30.22033,75.83884,341.72,0.43,0.46,2020-11-06,827,N,VIIRS,n,2,303.58,4.87,D,0
30.22053,76.18176,341.08,0.45,0.47,2020-11-06,827,N,VIIRS,n,2,303.14,2.82,D,0
30.22059,76.36177,336.82,0.46,0.47,2020-11-06,827,N,VIIRS,n,2,304.97,2.94,D,0
30.22265,76.02921,340.94,0.44,0.46,2020-11-06,827,N,VIIRS,n,2,302.76,4.71,D,0
30.22291,75.17178,341.02,0.4,0.44,2020-11-06,827,N,VIIRS,n,2,303.85,7.25,D,0
30.22338,76.2103,333.75,0.45,0.47,2020-11-06,827,N,VIIRS,n,2,302.77,3.77,D,0
30.22358,75.7471,344.48,0.43,0.46,2020-11-06,827,N,VIIRS,n,2,303.21,14.33,D,0
30.22364,75.95411,331.25,0.44,0.46,2020-11-06,827,N,VIIRS,n,2,299.83,2.09,D,0
30.22496,75.55188,333.88,0.42,0.45,2020-11-06,827,N,VIIRS,n,2,300.1,7.13,D,0
30.22507,75.96792,342.17,0.44,0.46,2020-11-06,827,N,VIIRS,n,2,303.74,7.56,D,0
30.22541,75.55624,340.97,0.42,0.45,2020-11-06,827,N,VIIRS,n,2,302.14,7.13,D,0
30.22593,76.37092,330.43,0.46,0.47,2020-11-06,827,N,VIIRS,l,2,304.87,1.73,D,0
30.22599,75.39822,330.98,0.41,0.45,2020-11-06,827,N,VIIRS,l,2,302.77,2.35,D,0
30.22621,75.32038,338.51,0.4,0.45,2020-11-06,827,N,VIIRS,n,2,301.36,6.39,D,0
30.22643,75.40251,330.01,0.41,0.45,2020-11-06,827,N,VIIRS,l,2,301.27,2.62,D,0
30.22666,75.32462,341.83,0.4,0.45,2020-11-06,827,N,VIIRS,n,2,303.78,10.31,D,0
30.22669,76.24371,340.43,0.46,0.47,2020-11-06,827,N,VIIRS,n,2,301.31,6.1,D,0
30.2273,76.16165,344.4,0.45,0.47,2020-11-06,827,N,VIIRS,n,2,303.74,7.63,D,0
30.22743,75.86552,338.62,0.43,0.46,2020-11-06,827,N,VIIRS,n,2,301.82,3.51,D,0
30.2275,75.13743,335.18,0.4,0.44,2020-11-06,827,N,VIIRS,n,2,301.23,9.51,D,0
30.22772,76.20972,344.39,0.45,0.47,2020-11-06,827,N,VIIRS,n,2,302.51,3.77,D,0
30.22795,75.14157,342.02,0.4,0.44,2020-11-06,827,N,VIIRS,n,2,306.44,9.51,D,0
30.22826,76.17113,330.49,0.45,0.47,2020-11-06,827,N,VIIRS,l,2,302.15,3.51,D,0
30.2287,75.54694,342.44,0.42,0.45,2020-11-06,827,N,VIIRS,n,2,301.57,5.77,D,0
30.22961,75.23439,333.05,0.4,0.44,2020-11-06,827,N,VIIRS,l,2,303.07,5.52,D,0
30.22979,75.35438,345.88,0.41,0.45,2020-11-06,827,N,VIIRS,n,2,305.08,10.32,D,0
30.22997,75.68529,341.58,0.42,0.45,2020-11-06,827,N,VIIRS,n,2,302.15,5.56,D,0
30.23006,75.68745,343.02,0.42,0.45,2020-11-06,827,N,VIIRS,n,2,301.78,5.67,D,0
30.23018,75.16231,342.22,0.4,0.44,2020-11-06,827,N,VIIRS,n,2,306.77,14.23,D,0
30.23018,75.76895,354.15,0.43,0.46,2020-11-06,827,N,VIIRS,n,2,302.53,8.09,D,0
30.23058,75.40195,341.5,0.41,0.45,2020-11-06,827,N,VIIRS,n,2,302.21,18.07,D,0
30.23124,76.02807,341.51,0.44,0.46,2020-11-06,827,N,VIIRS,n,2,303.33,5.71,D,0
30.23127,76.3801,332.42,0.46,0.47,2020-11-06,827,N,VIIRS,l,2,306.5,3.82,D,0
30.23169,75.86494,341.22,0.43,0.46,2020-11-06,827,N,VIIRS,n,2,300.75,7.55,D,0
30.23281,75.42338,340.57,0.41,0.45,2020-11-06,827,N,VIIRS,n,2,300.41,4.35,D,0
30.23304,75.79593,342.42,0.43,0.46,2020-11-06,827,N,VIIRS,n,2,301.65,5.59,D,0
30.23314,75.46703,340.38,0.41,0.45,2020-11-06,827,N,VIIRS,n,2,300.26,4.53,D,0
30.23363,75.27221,344.38,0.4,0.44,2020-11-06,827,N,VIIRS,n,2,301.1,4.67,D,0
30.23371,75.23383,335.25,0.4,0.44,2020-11-06,827,N,VIIRS,n,2,300.67,5.52,D,0
30.23371,75.43198,335.32,0.41,0.45,2020-11-06,827,N,VIIRS,n,2,300.65,3.14,D,0
30.23375,76.36007,352.84,0.46,0.47,2020-11-06,827,N,VIIRS,n,2,305.7,15.43,D,0
30.23382,75.3928,354.57,0.41,0.45,2020-11-06,827,N,VIIRS,n,2,306.8,27.87,D,0
30.23415,75.23801,340.77,0.4,0.44,2020-11-06,827,N,VIIRS,n,2,300.13,12.98,D,0
30.23445,76.23302,333.45,0.46,0.47,2020-11-06,827,N,VIIRS,n,2,301.61,1.75,D,0
30.23514,75.77985,355.18,0.43,0.46,2020-11-06,827,N,VIIRS,n,2,305.47,13.58,D,0
30.23535,75.32772,353.78,0.4,0.45,2020-11-06,827,N,VIIRS,n,2,305.21,13.84,D,0
30.23584,75.78187,342.57,0.43,0.46,2020-11-06,827,N,VIIRS,n,2,305.7,12.95,D,0
30.23648,76.12221,347.29,0.45,0.47,2020-11-06,827,N,VIIRS,n,2,304.83,5.42,D,0
30.23649,75.79338,340.87,0.43,0.46,2020-11-06,827,N,VIIRS,n,2,302.35,11.7,D,0
30.23691,75.5858,332.91,0.42,0.45,2020-11-06,827,N,VIIRS,n,2,301.54,3.11,D,0
30.237,75.14871,341.71,0.4,0.44,2020-11-06,827,N,VIIRS,n,2,302.61,3.56,D,0
30.23713,75.71356,341.79,0.43,0.46,2020-11-06,827,N,VIIRS,n,2,304.61,8.8,D,0
30.23727,75.79536,347.14,0.43,0.46,2020-11-06,827,N,VIIRS,n,2,300.63,5.59,D,0
30.23732,75.7159,341.87,0.43,0.46,2020-11-06,827,N,VIIRS,n,2,305.33,14.3,D,0
30.23749,75.67522,333.4,0.42,0.45,2020-11-06,827,N,VIIRS,n,2,301.61,3.12,D,0
30.23789,76.1795,334.58,0.45,0.47,2020-11-06,827,N,VIIRS,n,2,303.77,3.09,D,0
30.23853,75.51907,342.53,0.42,0.45,2020-11-06,827,N,VIIRS,n,2,311.2,40.3,D,0
30.23881,75.89172,340.16,0.44,0.46,2020-11-06,827,N,VIIRS,n,2,302.25,3.35,D,0
30.23884,75.68859,345.89,0.42,0.46,2020-11-06,827,N,VIIRS,n,2,302.29,5.02,D,0
30.23932,76.19376,336.14,0.45,0.47,2020-11-06,827,N,VIIRS,n,2,303.39,2.77,D,0
30.2394,75.36602,342.46,0.41,0.45,2020-11-06,827,N,VIIRS,n,2,303.66,3.96,D,0
30.23962,75.82503,338.16,0.43,0.46,2020-11-06,827,N,VIIRS,n,2,302.01,4.07,D,0
30.24006,76.37897,341.85,0.46,0.47,2020-11-06,827,N,VIIRS,n,2,306.03,4.3,D,0
30.24019,75.70193,338.3,0.42,0.46,2020-11-06,827,N,VIIRS,n,2,299.65,2.74,D,0
30.24062,75.82695,338.44,0.43,0.46,2020-11-06,827,N,VIIRS,n,2,300.85,2.84,D,0
30.2408,76.12164,339.81,0.45,0.47,2020-11-06,827,N,VIIRS,n,2,302.35,5.49,D,0
30.2411,75.58521,354.08,0.42,0.45,2020-11-06,827,N,VIIRS,n,2,301.54,10.27,D,0
30.2417,75.67464,340.63,0.42,0.45,2020-11-06,827,N,VIIRS,n,2,300.36,4.69,D,0
30.24174,76.0032,333.07,0.44,0.46,2020-11-06,827,N,VIIRS,n,2,301.7,2.42,D,0
30.24213,75.55398,347.79,0.42,0.45,2020-11-06,827,N,VIIRS,n,2,302.33,6.56,D,0
30.24215,75.67911,330.83,0.42,0.45,2020-11-06,827,N,VIIRS,n,2,299.53,4.69,D,0
30.24223,76.17894,341.72,0.45,0.47,2020-11-06,827,N,VIIRS,n,2,302.49,3.09,D,0
30.24225,75.51414,330.95,0.41,0.45,2020-11-06,827,N,VIIRS,n,2,299.45,3.69,D,0
30.24315,75.52284,338.39,0.42,0.45,2020-11-06,827,N,VIIRS,n,2,301.18,8.72,D,0
30.24353,75.36544,333.47,0.41,0.45,2020-11-06,827,N,VIIRS,n,2,301.91,2.96,D,0
30.2436,75.5272,340.81,0.42,0.45,2020-11-06,827,N,VIIRS,n,2,304.48,8.72,D,0
30.24424,75.74219,333.46,0.43,0.46,2020-11-06,827,N,VIIRS,n,2,299.29,4.03,D,0
30.24451,75.78772,343.69,0.43,0.46,2020-11-06,827,N,VIIRS,n,2,301.99,3.13,D,0
30.24455,75.66074,346.02,0.42,0.45,2020-11-06,827,N,VIIRS,n,2,310.63,25.53,D,0
30.24527,75.78973,339.01,0.43,0.46,2020-11-06,827,N,VIIRS,n,2,301.13,2.49,D,0
30.24546,75.66962,331.21,0.42,0.45,2020-11-06,827,N,VIIRS,n,2,300.73,1.86,D,0
30.24561,75.15172,336.91,0.4,0.44,2020-11-06,827,N,VIIRS,n,2,303.29,8.82,D,0
30.24604,76.26064,343.3,0.46,0.47,2020-11-06,827,N,VIIRS,n,2,304.81,9.46,D,0
30.24607,75.15587,341.45,0.4,0.44,2020-11-06,827,N,VIIRS,n,2,303.61,8.82,D,0
30.24652,75.47396,332.2,0.41,0.45,2020-11-06,827,N,VIIRS,n,2,302.29,2.76,D,0
30.24687,75.27892,331.98,0.4,0.44,2020-11-06,827,N,VIIRS,l,2,302.16,2.68,D,0
30.24691,75.92773,331.43,0.44,0.46,2020-11-06,827,N,VIIRS,n,2,299.64,1.86,D,0
30.24697,75.47828,331.02,0.41,0.45,2020-11-06,827,N,VIIRS,n,2,300.81,2.31,D,0
30.24711,75.72816,340.69,0.43,0.46,2020-11-06,827,N,VIIRS,n,2,300.76,3.27,D,0
30.24754,75.60662,344.46,0.42,0.45,2020-11-06,827,N,VIIRS,n,2,304.72,11.7,D,0
30.24841,75.4518,332.19,0.41,0.45,2020-11-06,827,N,VIIRS,n,2,299.63,1.93,D,0
30.24966,75.66906,331.7,0.42,0.45,2020-11-06,827,N,VIIRS,n,2,299.86,1.68,D,0
30.2497,75.11333,341.18,0.39,0.44,2020-11-06,827,N,VIIRS,n,2,303.24,5.26,D,0
30.25056,75.80521,338.54,0.43,0.46,2020-11-06,827,N,VIIRS,n,2,301.71,2.29,D,0
30.25073,75.76406,354.27,0.43,0.46,2020-11-06,827,N,VIIRS,n,2,303.66,16.31,D,0
30.25089,75.93922,334.01,0.44,0.46,2020-11-06,827,N,VIIRS,n,2,300.7,2.55,D,0
30.25151,75.12984,337.9,0.4,0.44,2020-11-06,827,N,VIIRS,n,2,300.85,3.91,D,0
30.25173,75.60605,343.92,0.42,0.45,2020-11-06,827,N,VIIRS,n,2,300.56,9.39,D,0
30.25219,75.61046,334.11,0.42,0.45,2020-11-06,827,N,VIIRS,n,2,301.04,4.13,D,0
30.2524,75.53041,332.97,0.42,0.45,2020-11-06,827,N,VIIRS,n,2,300.66,2.12,D,0
30.25286,75.10449,331.32,0.39,0.44,2020-11-06,827,N,VIIRS,n,2,301.66,1.18,D,0
30.25311,76.46673,338.25,0.47,0.48,2020-11-06,827,N,VIIRS,n,2,302.35,3.76,D,0
30.254,75.42482,340.46,0.41,0.45,2020-11-06,827,N,VIIRS,n,2,301.81,4.61,D,0
30.25405,75.75451,338.54,0.43,0.46,2020-11-06,827,N,VIIRS,n,2,299.44,4.92,D,0
30.25445,75.63249,351.09,0.42,0.45,2020-11-06,827,N,VIIRS,n,2,302.32,7.21,D,0
30.25446,75.42913,336.87,0.41,0.45,2020-11-06,827,N,VIIRS,n,2,301.04,4.61,D,0
30.25475,75.51242,349.98,0.41,0.45,2020-11-06,827,N,VIIRS,n,2,301.55,6.2,D,0
30.25564,76.0532,367,0.44,0.46,2020-11-06,827,N,VIIRS,h,2,304.28,9.29,D,0
30.25573,76.26913,343.41,0.46,0.47,2020-11-06,827,N,VIIRS,n,2,306.02,6.12,D,0
30.25581,75.44203,337.07,0.41,0.45,2020-11-06,827,N,VIIRS,n,2,300.33,2.64,D,0
30.25604,75.13342,350.14,0.4,0.44,2020-11-06,827,N,VIIRS,n,2,302.43,6.08,D,0
30.25622,76.23022,334.38,0.46,0.47,2020-11-06,827,N,VIIRS,l,2,304.41,3.83,D,0
30.25638,75.60989,340.9,0.42,0.45,2020-11-06,827,N,VIIRS,n,2,300.84,4.13,D,0
30.25688,75.02888,344.22,0.39,0.44,2020-11-06,827,N,VIIRS,n,2,304.21,5.53,D,0
30.25734,75.03297,355.02,0.39,0.44,2020-11-06,827,N,VIIRS,n,2,305.6,16.51,D,0
30.2574,75.14586,344.7,0.4,0.44,2020-11-06,827,N,VIIRS,n,2,303.41,6.64,D,0
30.25769,75.41995,334.96,0.41,0.45,2020-11-06,827,N,VIIRS,n,2,300.91,2.61,D,0
30.25788,75.94961,330.52,0.44,0.46,2020-11-06,827,N,VIIRS,l,2,300.9,2.29,D,0
30.25827,75.88247,333.77,0.44,0.46,2020-11-06,827,N,VIIRS,n,2,301.71,2.71,D,0
30.25872,75.31158,347.97,0.4,0.45,2020-11-06,827,N,VIIRS,n,2,306.81,10.31,D,0
30.25884,75.55168,352.53,0.42,0.45,2020-11-06,827,N,VIIRS,n,2,305.49,21.48,D,0
30.25899,75.93347,331.16,0.44,0.46,2020-11-06,827,N,VIIRS,n,2,300.76,1.15,D,0
30.25918,75.31581,343.23,0.4,0.45,2020-11-06,827,N,VIIRS,n,2,302.09,10.31,D,0
30.25956,75.64076,354.24,0.42,0.45,2020-11-06,827,N,VIIRS,n,2,305.32,15.84,D,0
30.25957,75.01607,339.83,0.39,0.44,2020-11-06,827,N,VIIRS,n,2,301.65,6.07,D,0
30.26003,75.02016,341.26,0.39,0.44,2020-11-06,827,N,VIIRS,n,2,303.71,6.07,D,0
30.26029,75.52491,336.33,0.42,0.45,2020-11-06,827,N,VIIRS,n,2,300.55,3.13,D,0
30.26081,75.95191,337.28,0.44,0.46,2020-11-06,827,N,VIIRS,n,2,301.05,3.61,D,0
30.26127,75.69908,367,0.42,0.46,2020-11-06,827,N,VIIRS,h,2,306.2,7.74,D,0
30.26182,76.02879,342.83,0.44,0.46,2020-11-06,827,N,VIIRS,n,2,301.89,4.99,D,0
30.26188,75.07397,333.11,0.39,0.44,2020-11-06,827,N,VIIRS,n,2,301.85,4.04,D,0
30.26201,76.37617,334.04,0.46,0.47,2020-11-06,827,N,VIIRS,n,2,302.33,2.06,D,0
30.2624,75.19158,343.36,0.4,0.44,2020-11-06,827,N,VIIRS,n,2,301.66,3.73,D,0
30.26285,75.311,355.91,0.4,0.45,2020-11-06,827,N,VIIRS,n,2,305.59,40.69,D,0
30.26355,75.51563,335.2,0.42,0.45,2020-11-06,827,N,VIIRS,n,2,302.21,2.87,D,0
30.26367,75.05287,343.55,0.39,0.44,2020-11-06,827,N,VIIRS,n,2,309.73,26.25,D,0
30.2638,76.0266,331.2,0.44,0.46,2020-11-06,827,N,VIIRS,n,2,300.79,4.4,D,0
30.26419,75.13226,344.1,0.4,0.44,2020-11-06,827,N,VIIRS,n,2,305.83,9.33,D,0
30.26425,76.03127,332.39,0.44,0.46,2020-11-06,827,N,VIIRS,n,2,300.13,2.95,D,0
30.26446,75.52433,331.27,0.42,0.45,2020-11-06,827,N,VIIRS,n,2,298.88,3.13,D,0
30.26498,75.48899,338.95,0.41,0.45,2020-11-06,827,N,VIIRS,n,2,300.42,3.88,D,0
30.26549,75.69852,340.04,0.42,0.46,2020-11-06,827,N,VIIRS,n,2,300.62,7.74,D,0
30.26641,76.37561,333.24,0.46,0.47,2020-11-06,827,N,VIIRS,n,2,302.04,2.93,D,0
30.26649,75.34496,341.67,0.41,0.45,2020-11-06,827,N,VIIRS,n,2,305.01,14.28,D,0
30.26731,75.47111,333.89,0.41,0.45,2020-11-06,827,N,VIIRS,n,2,300.23,7.44,D,0
30.26743,75.27605,330.25,0.4,0.44,2020-11-06,827,N,VIIRS,n,2,300.68,1.38,D,0
30.26751,75.63521,341.55,0.42,0.45,2020-11-06,827,N,VIIRS,n,2,305.41,5.78,D,0
30.2681,76.02605,331.53,0.44,0.46,2020-11-06,827,N,VIIRS,n,2,303.19,9.21,D,0
30.26834,75.32315,332.18,0.4,0.45,2020-11-06,827,N,VIIRS,n,2,303.91,3.93,D,0
30.26844,75.81198,337.33,0.43,0.46,2020-11-06,827,N,VIIRS,n,2,302.57,3.2,D,0
30.26876,75.40536,355.28,0.41,0.45,2020-11-06,827,N,VIIRS,n,2,302.57,7.77,D,0
30.26879,75.3274,341.24,0.41,0.45,2020-11-06,827,N,VIIRS,n,2,304.63,5.03,D,0
30.26879,76.22377,339.55,0.45,0.47,2020-11-06,827,N,VIIRS,n,2,304.01,3.83,D,0
30.26925,75.33164,333.4,0.41,0.45,2020-11-06,827,N,VIIRS,n,2,301.7,5.03,D,0
30.26968,75.41396,367,0.41,0.45,2020-11-06,827,N,VIIRS,h,2,302.4,9.51,D,0
30.27016,75.70242,339.93,0.43,0.46,2020-11-06,827,N,VIIRS,n,2,300.38,4.42,D,0
30.27042,76.02766,342.58,0.44,0.46,2020-11-06,827,N,VIIRS,n,2,307.27,15.81,D,0
30.27062,75.70688,334.98,0.43,0.46,2020-11-06,827,N,VIIRS,n,2,299.37,5.09,D,0
30.27108,75.27126,331.03,0.4,0.44,2020-11-06,827,N,VIIRS,n,2,300.24,2.92,D,0
30.27171,75.63464,342.95,0.42,0.45,2020-11-06,827,N,VIIRS,n,2,302.44,4.98,D,0
30.2724,76.02547,353.79,0.44,0.46,2020-11-06,827,N,VIIRS,n,2,302.89,9.21,D,0
30.27269,75.81141,350.81,0.43,0.46,2020-11-06,827,N,VIIRS,n,2,309.84,18.88,D,0
30.27273,76.30598,332.67,0.46,0.47,2020-11-06,827,N,VIIRS,n,2,301.89,3.09,D,0
30.27315,75.81593,331.84,0.43,0.46,2020-11-06,827,N,VIIRS,n,2,301.96,11.68,D,0
30.27336,75.25387,356.26,0.4,0.44,2020-11-06,827,N,VIIRS,n,2,306.39,7.39,D,0
30.27349,75.07249,335.09,0.39,0.44,2020-11-06,827,N,VIIRS,n,2,301.18,3.04,D,0
30.27382,75.41338,342.64,0.41,0.45,2020-11-06,827,N,VIIRS,n,2,299.6,4.63,D,0
30.27407,75.61641,330.51,0.42,0.45,2020-11-06,827,N,VIIRS,l,2,302.44,2.46,D,0
30.27471,76.41416,342.9,0.47,0.47,2020-11-06,827,N,VIIRS,n,2,302.78,4.52,D,0
30.2751,75.54502,354.76,0.42,0.45,2020-11-06,827,N,VIIRS,n,2,304.27,20.43,D,0
30.27584,75.67454,345.01,0.42,0.45,2020-11-06,827,N,VIIRS,n,2,303.14,6.71,D,0
30.27606,75.5139,341.37,0.42,0.45,2020-11-06,827,N,VIIRS,n,2,300.29,4.14,D,0
30.27612,75.43486,350.46,0.41,0.45,2020-11-06,827,N,VIIRS,n,2,312.01,20.83,D,0
30.27647,75.16849,339.24,0.4,0.44,2020-11-06,827,N,VIIRS,n,2,303.85,2.57,D,0
30.27659,75.39993,352.65,0.41,0.45,2020-11-06,827,N,VIIRS,n,2,301.97,7.68,D,0
30.27698,75.21078,348.78,0.4,0.44,2020-11-06,827,N,VIIRS,n,2,313.23,39.84,D,0
30.27701,75.24909,335.61,0.4,0.44,2020-11-06,827,N,VIIRS,n,2,303.14,7.39,D,0
30.27751,75.36939,343.22,0.41,0.45,2020-11-06,827,N,VIIRS,n,2,301.79,4.73,D,0
30.27833,76.14545,337.67,0.45,0.47,2020-11-06,827,N,VIIRS,n,2,302.67,23.13,D,0
30.27868,75.12206,341.5,0.4,0.44,2020-11-06,827,N,VIIRS,n,2,302.2,4.96,D,0
30.27958,75.1217,340.99,0.39,0.44,2020-11-06,827,N,VIIRS,n,2,302.49,7.07,D,0
30.27979,75.4694,342.41,0.41,0.45,2020-11-06,827,N,VIIRS,n,2,303.91,6.61,D,0
30.28001,76.14822,345.19,0.45,0.47,2020-11-06,827,N,VIIRS,n,2,304.75,24.91,D,0
30.28027,75.39507,334.15,0.41,0.45,2020-11-06,827,N,VIIRS,n,2,302.02,2.88,D,0
30.28062,75.59766,342.42,0.42,0.45,2020-11-06,827,N,VIIRS,n,2,301.55,6.59,D,0
30.28119,75.40366,337.24,0.41,0.45,2020-11-06,827,N,VIIRS,n,2,301.79,2.82,D,0
30.28189,75.11319,340.83,0.39,0.44,2020-11-06,827,N,VIIRS,n,2,302.76,5.56,D,0
30.28234,75.00051,343.28,0.39,0.44,2020-11-06,827,N,VIIRS,n,2,306.85,11.37,D,0
30.28256,75.37737,339.38,0.41,0.45,2020-11-06,827,N,VIIRS,n,2,301.93,10.27,D,0
30.28266,76.14489,346.86,0.45,0.47,2020-11-06,827,N,VIIRS,n,2,309.75,23.13,D,0
30.28276,75.12148,339.68,0.4,0.44,2020-11-06,827,N,VIIRS,n,2,300.84,8.14,D,0
30.28292,75.61967,333.35,0.42,0.45,2020-11-06,827,N,VIIRS,n,2,302.67,3.66,D,0
30.28303,75.38165,341.66,0.41,0.45,2020-11-06,827,N,VIIRS,n,2,306.62,10.27,D,0
30.28315,76.14962,343.75,0.45,0.47,2020-11-06,827,N,VIIRS,n,2,302.55,10,D,0
30.28333,75.66451,344.94,0.42,0.45,2020-11-06,827,N,VIIRS,n,2,312.94,27.06,D,0
30.28363,75.12977,346.33,0.4,0.44,2020-11-06,827,N,VIIRS,n,2,306.14,12.37,D,0
30.28365,76.15436,332.96,0.45,0.47,2020-11-06,827,N,VIIRS,n,2,301.37,10,D,0
30.28366,75.7505,334.87,0.43,0.46,2020-11-06,827,N,VIIRS,n,2,301.98,3.84,D,0
30.28389,76.1429,341.3,0.45,0.47,2020-11-06,827,N,VIIRS,n,2,302.23,24.91,D,0
30.28406,75.96754,341.06,0.44,0.46,2020-11-06,827,N,VIIRS,n,2,302.17,4.23,D,0
30.28426,75.6734,341.62,0.42,0.45,2020-11-06,827,N,VIIRS,n,2,303.87,12.05,D,0
30.28435,76.14764,340.6,0.45,0.47,2020-11-06,827,N,VIIRS,n,2,300.87,24.91,D,0
30.28481,75.06252,356.68,0.39,0.44,2020-11-06,827,N,VIIRS,n,2,303.37,9.9,D,0
30.28481,76.1524,334.93,0.45,0.47,2020-11-06,827,N,VIIRS,n,2,300.5,3.75,D,0
30.28548,76.43268,351.19,0.47,0.48,2020-11-06,827,N,VIIRS,n,2,304.98,15.79,D,0
30.28562,76.0711,332.4,0.45,0.47,2020-11-06,827,N,VIIRS,n,2,301.98,1.84,D,0
30.2858,75.48615,335.83,0.41,0.45,2020-11-06,827,N,VIIRS,n,2,301.54,4.56,D,0
30.28585,76.30431,330.42,0.46,0.47,2020-11-06,827,N,VIIRS,l,2,302.13,3.37,D,0
30.28647,76.21488,337.53,0.45,0.47,2020-11-06,827,N,VIIRS,n,2,304.99,3.27,D,0
30.28671,75.53457,338.93,0.42,0.45,2020-11-06,827,N,VIIRS,n,2,298.99,7.79,D,0
30.28672,75.86478,342.85,0.43,0.46,2020-11-06,827,N,VIIRS,n,2,302.5,4.55,D,0
30.28694,75.20119,349.68,0.4,0.44,2020-11-06,827,N,VIIRS,n,2,303.08,7.45,D,0
30.28717,75.53894,341.22,0.42,0.45,2020-11-06,827,N,VIIRS,n,2,300.56,7.79,D,0
30.28725,75.00809,337.29,0.39,0.44,2020-11-06,827,N,VIIRS,n,2,299.77,5.23,D,0
30.28769,75.01218,340.62,0.39,0.44,2020-11-06,827,N,VIIRS,n,2,302.04,7.27,D,0
30.28771,75.12919,346.8,0.4,0.44,2020-11-06,827,N,VIIRS,n,2,303.65,12.37,D,0
30.288,75.05372,343.48,0.39,0.44,2020-11-06,827,N,VIIRS,n,2,302.99,5.69,D,0
30.28834,75.20071,342.93,0.4,0.44,2020-11-06,827,N,VIIRS,n,2,302.03,6.26,D,0
30.289,76.06113,349.64,0.45,0.47,2020-11-06,827,N,VIIRS,n,2,305.58,12.31,D,0
30.28904,75.47692,341.12,0.41,0.45,2020-11-06,827,N,VIIRS,n,2,302.12,6.24,D,0
30.28938,75.28586,335.48,0.4,0.44,2020-11-06,827,N,VIIRS,n,2,301.45,2.01,D,0
30.28948,75.40251,344.47,0.41,0.45,2020-11-06,827,N,VIIRS,n,2,301.23,4.96,D,0
30.28985,75.93871,338.53,0.44,0.46,2020-11-06,827,N,VIIRS,n,2,302.59,4.05,D,0
30.2904,75.60973,330.06,0.42,0.45,2020-11-06,827,N,VIIRS,l,2,303.32,4.06,D,0
30.29075,75.04082,348.03,0.39,0.44,2020-11-06,827,N,VIIRS,n,2,305.03,7.64,D,0
30.29129,75.65894,337.3,0.42,0.45,2020-11-06,827,N,VIIRS,n,2,301.69,8.31,D,0
30.29175,75.66338,342.03,0.42,0.45,2020-11-06,827,N,VIIRS,n,2,305.08,8.31,D,0
30.29177,75.38479,341.74,0.41,0.45,2020-11-06,827,N,VIIRS,n,2,306.71,9.98,D,0
30.29181,75.91512,338.28,0.44,0.46,2020-11-06,827,N,VIIRS,n,2,302.32,3.81,D,0
30.29207,75.1708,343.24,0.4,0.44,2020-11-06,827,N,VIIRS,n,2,302.66,3.94,D,0
30.29321,75.55587,342.5,0.42,0.45,2020-11-06,827,N,VIIRS,n,2,302.84,3.7,D,0
30.29332,76.19465,346.38,0.45,0.47,2020-11-06,827,N,VIIRS,n,2,304.54,4.69,D,0
30.29362,75.40195,342.54,0.41,0.45,2020-11-06,827,N,VIIRS,n,2,298.45,4.96,D,0
30.29395,76.15601,339.72,0.45,0.47,2020-11-06,827,N,VIIRS,n,2,303.83,3.07,D,0
30.29437,75.03615,342.14,0.39,0.44,2020-11-06,827,N,VIIRS,n,2,302.8,7.64,D,0
30.29455,75.11561,343.24,0.4,0.44,2020-11-06,827,N,VIIRS,n,2,305.85,12.15,D,0
30.29459,75.60917,345.95,0.42,0.45,2020-11-06,827,N,VIIRS,n,2,302.58,4.81,D,0
30.2948,75.27692,341.46,0.4,0.44,2020-11-06,827,N,VIIRS,n,2,301.61,4.66,D,0
30.29481,75.04025,348.82,0.39,0.44,2020-11-06,827,N,VIIRS,n,2,302.85,7.64,D,0
30.29492,75.00285,341.89,0.39,0.44,2020-11-06,827,N,VIIRS,n,2,304,15.86,D,0
30.29591,75.38423,343.61,0.41,0.45,2020-11-06,827,N,VIIRS,n,2,303.23,11.34,D,0
30.2963,75.78989,332.35,0.43,0.46,2020-11-06,827,N,VIIRS,n,2,304.02,14.67,D,0
30.29667,75.27628,345.07,0.4,0.44,2020-11-06,827,N,VIIRS,n,2,301.69,3.65,D,0
30.29672,75.25523,341.37,0.4,0.44,2020-11-06,827,N,VIIRS,n,2,304.18,4.7,D,0
30.29677,75.79441,343.65,0.43,0.46,2020-11-06,827,N,VIIRS,n,2,307.65,35.91,D,0
30.297,75.06078,344.79,0.39,0.44,2020-11-06,827,N,VIIRS,n,2,302.44,6.36,D,0
30.29809,76.0647,345.28,0.45,0.47,2020-11-06,827,N,VIIRS,n,2,303.3,5.37,D,0
30.29897,75.00228,342.42,0.39,0.44,2020-11-06,827,N,VIIRS,n,2,301.47,15.86,D,0
30.29925,75.61301,331.4,0.42,0.45,2020-11-06,827,N,VIIRS,n,2,298.5,9.98,D,0
30.29989,75.90941,340.06,0.44,0.46,2020-11-06,827,N,VIIRS,n,2,301.9,5.7,D,0
30.30007,76.04072,333.67,0.44,0.46,2020-11-06,827,N,VIIRS,n,2,301.58,3.99,D,0
30.30072,75.01863,341.99,0.39,0.44,2020-11-06,827,N,VIIRS,n,2,303.19,18.37,D,0
30.30176,75.92779,340.78,0.44,0.46,2020-11-06,827,N,VIIRS,n,2,301.94,4.96,D,0
30.30204,75.03091,331.63,0.39,0.44,2020-11-06,827,N,VIIRS,n,2,300.93,1.23,D,0
30.30204,75.55912,340.94,0.42,0.45,2020-11-06,827,N,VIIRS,n,2,301.77,6.06,D,0
30.30344,75.57227,341.9,0.42,0.45,2020-11-06,827,N,VIIRS,n,2,303.4,3.05,D,0
30.30345,75.65279,338.38,0.42,0.45,2020-11-06,827,N,VIIRS,n,2,299.44,2.43,D,0
30.3039,75.69785,342.63,0.43,0.46,2020-11-06,827,N,VIIRS,n,2,299.71,13.09,D,0
30.30433,75.01397,354.39,0.39,0.44,2020-11-06,827,N,VIIRS,n,2,306.09,11.26,D,0
30.30514,75.41833,340.65,0.41,0.45,2020-11-06,827,N,VIIRS,n,2,301.64,2.64,D,0
30.30567,75.30119,353.3,0.4,0.45,2020-11-06,827,N,VIIRS,n,2,314.61,43.47,D,0
30.30582,75.26253,336.85,0.4,0.44,2020-11-06,827,N,VIIRS,n,2,302.91,3.45,D,0
30.3064,75.22824,345.22,0.4,0.44,2020-11-06,827,N,VIIRS,n,2,307.92,19.45,D,0
30.30658,75.44382,337.67,0.41,0.45,2020-11-06,827,N,VIIRS,n,2,307.58,13.72,D,0
30.30704,75.44815,345.02,0.41,0.45,2020-11-06,827,N,VIIRS,n,2,305.49,13.72,D,0
30.30762,75.57171,343.91,0.42,0.45,2020-11-06,827,N,VIIRS,n,2,301.73,8.1,D,0
30.30765,75.69282,351.64,0.42,0.46,2020-11-06,827,N,VIIRS,n,2,303.07,13.09,D,0
30.30765,76.07295,344.95,0.45,0.47,2020-11-06,827,N,VIIRS,n,2,303.28,9.64,D,0
30.30772,75.24085,344.26,0.4,0.44,2020-11-06,827,N,VIIRS,n,2,303.36,5.27,D,0
30.30778,75.44424,345.52,0.41,0.45,2020-11-06,827,N,VIIRS,n,2,310.46,17.89,D,0
30.30816,75.24506,334.29,0.4,0.44,2020-11-06,827,N,VIIRS,n,2,302.19,5.32,D,0
30.30822,75.44856,341.93,0.41,0.45,2020-11-06,827,N,VIIRS,n,2,304.64,17.89,D,0
30.30839,75.01339,353.14,0.39,0.44,2020-11-06,827,N,VIIRS,n,2,304.31,11.26,D,0
30.30859,76.08234,341.2,0.45,0.47,2020-11-06,827,N,VIIRS,n,2,302.52,4.66,D,0
30.30884,75.95488,341.4,0.44,0.46,2020-11-06,827,N,VIIRS,n,2,303.22,4.79,D,0
30.30887,75.17267,341.79,0.4,0.44,2020-11-06,827,N,VIIRS,n,2,301.03,6.1,D,0
30.30902,76.44464,332.48,0.47,0.48,2020-11-06,827,N,VIIRS,n,2,302.82,4.88,D,0
30.30931,75.17685,345,0.4,0.44,2020-11-06,827,N,VIIRS,n,2,303.36,6.42,D,0
30.30931,75.9595,338.65,0.44,0.46,2020-11-06,827,N,VIIRS,n,2,302.91,6.32,D,0
30.30942,76.13477,353.87,0.45,0.47,2020-11-06,827,N,VIIRS,n,2,303.09,6.51,D,0
30.30971,76.00642,336.45,0.44,0.46,2020-11-06,827,N,VIIRS,n,2,302.84,4.72,D,0
30.30997,75.59369,341.85,0.42,0.45,2020-11-06,827,N,VIIRS,n,2,306.2,10.02,D,0
30.31017,76.01105,341.18,0.44,0.46,2020-11-06,827,N,VIIRS,n,2,302.42,4.72,D,0
30.31051,75.22768,335.57,0.4,0.44,2020-11-06,827,N,VIIRS,n,2,302.96,2.73,D,0
30.31073,75.44326,341.17,0.41,0.45,2020-11-06,827,N,VIIRS,n,2,301.44,5.14,D,0
30.3109,75.80627,341.01,0.43,0.46,2020-11-06,827,N,VIIRS,n,2,302.08,2.18,D,0
30.3112,75.44757,334.81,0.41,0.45,2020-11-06,827,N,VIIRS,n,2,299.55,5.14,D,0
30.31172,75.94046,333.93,0.44,0.46,2020-11-06,827,N,VIIRS,n,2,302.59,2.51,D,0
30.31197,76.07239,349.66,0.45,0.47,2020-11-06,827,N,VIIRS,n,2,302.04,9.64,D,0
30.31219,75.49576,340.68,0.41,0.45,2020-11-06,827,N,VIIRS,n,2,301.21,3.69,D,0
30.31234,75.69672,333.28,0.43,0.46,2020-11-06,827,N,VIIRS,n,2,299.81,2.4,D,0
30.31278,75.62012,331.46,0.42,0.45,2020-11-06,827,N,VIIRS,l,2,303.03,4.33,D,0
30.31296,75.17209,341.18,0.4,0.44,2020-11-06,827,N,VIIRS,n,2,302.13,2.53,D,0
30.31307,75.49628,342.44,0.41,0.45,2020-11-06,827,N,VIIRS,n,2,302.18,4.14,D,0
30.31369,75.58872,330.87,0.42,0.45,2020-11-06,827,N,VIIRS,l,2,303.46,7.32,D,0
30.31404,75.26138,336.5,0.4,0.44,2020-11-06,827,N,VIIRS,n,2,305.84,10.48,D,0
30.31435,75.30428,348.93,0.4,0.45,2020-11-06,827,N,VIIRS,n,2,304.66,6.19,D,0
30.31449,75.26559,332.13,0.4,0.44,2020-11-06,827,N,VIIRS,n,2,299.74,10.48,D,0
30.31458,75.46965,333.67,0.41,0.45,2020-11-06,827,N,VIIRS,n,2,300.28,2.08,D,0
30.31479,75.30853,340.31,0.4,0.45,2020-11-06,827,N,VIIRS,n,2,303.86,6.19,D,0
30.31493,75.26983,340.57,0.4,0.44,2020-11-06,827,N,VIIRS,n,2,303.35,5.48,D,0
30.3152,75.43446,340.51,0.41,0.45,2020-11-06,827,N,VIIRS,n,2,301.87,4.34,D,0
30.3154,76.24023,355.42,0.46,0.47,2020-11-06,827,N,VIIRS,n,2,304.99,6.22,D,0
30.31682,75.24813,334.95,0.4,0.44,2020-11-06,827,N,VIIRS,n,2,303.14,2.59,D,0
30.31775,75.37738,336.49,0.41,0.45,2020-11-06,827,N,VIIRS,n,2,302.09,3.6,D,0
30.31788,75.58815,341.67,0.42,0.45,2020-11-06,827,N,VIIRS,n,2,302.19,3.22,D,0
30.31812,75.10387,338.98,0.39,0.44,2020-11-06,827,N,VIIRS,n,2,302.06,2.92,D,0
30.31845,76.18172,330.08,0.45,0.47,2020-11-06,827,N,VIIRS,l,2,303.85,4.99,D,0
30.31863,76.09532,341.56,0.45,0.47,2020-11-06,827,N,VIIRS,n,2,303.68,4.31,D,0
30.31874,75.46907,335,0.41,0.45,2020-11-06,827,N,VIIRS,n,2,300.53,2.18,D,0
30.31891,75.30795,330.15,0.4,0.45,2020-11-06,827,N,VIIRS,l,2,302.78,2.24,D,0
30.3193,75.97224,357.05,0.44,0.46,2020-11-06,827,N,VIIRS,n,2,303.59,13.29,D,0
30.31936,75.15427,343.95,0.4,0.44,2020-11-06,827,N,VIIRS,n,2,302.66,6.06,D,0
30.31936,75.43388,338.84,0.41,0.45,2020-11-06,827,N,VIIRS,n,2,299.82,4.34,D,0
30.31976,76.23967,342.79,0.46,0.47,2020-11-06,827,N,VIIRS,n,2,303.8,6.22,D,0
30.32004,75.04501,340.59,0.39,0.44,2020-11-06,827,N,VIIRS,n,2,301.46,3.23,D,0
30.3204,75.40314,343.22,0.41,0.45,2020-11-06,827,N,VIIRS,n,2,309.23,8.77,D,0
30.32048,75.04912,340.88,0.39,0.44,2020-11-06,827,N,VIIRS,n,2,301.1,6.27,D,0
30.32055,75.36396,342.66,0.41,0.45,2020-11-06,827,N,VIIRS,n,2,302.1,5.16,D,0
30.32081,75.81873,341.21,0.43,0.46,2020-11-06,827,N,VIIRS,n,2,301.43,3.53,D,0
30.32129,75.41175,332.54,0.41,0.45,2020-11-06,827,N,VIIRS,n,2,301.56,12.22,D,0
30.32137,75.05733,347.24,0.39,0.44,2020-11-06,827,N,VIIRS,n,2,304.4,7.55,D,0
30.32173,75.41605,342.61,0.41,0.45,2020-11-06,827,N,VIIRS,n,2,302.44,4.96,D,0
30.32182,75.06146,335.2,0.39,0.44,2020-11-06,827,N,VIIRS,n,2,298.92,7.55,D,0
30.32188,75.3768,343.96,0.41,0.45,2020-11-06,827,N,VIIRS,n,2,299.44,3.6,D,0
30.32201,75.54752,341.16,0.42,0.45,2020-11-06,827,N,VIIRS,n,2,302.39,6.96,D,0
30.32207,75.58759,335.81,0.42,0.45,2020-11-06,827,N,VIIRS,n,2,302.36,3.22,D,0
30.32226,75.06559,343.18,0.39,0.44,2020-11-06,827,N,VIIRS,n,2,304.26,9.61,D,0
30.32236,75.58827,341.1,0.42,0.45,2020-11-06,827,N,VIIRS,n,2,303.4,4.24,D,0
30.32248,75.5519,341.92,0.42,0.45,2020-11-06,827,N,VIIRS,n,2,302.39,6.96,D,0
30.32254,75.59199,331.37,0.42,0.45,2020-11-06,827,N,VIIRS,n,2,300.96,3.05,D,0
30.32255,75.54813,345.92,0.42,0.45,2020-11-06,827,N,VIIRS,n,2,303.52,6.18,D,0
30.323,75.55251,341.01,0.42,0.45,2020-11-06,827,N,VIIRS,n,2,299.95,6.18,D,0
30.3241,75.39825,342.64,0.41,0.45,2020-11-06,827,N,VIIRS,n,2,302.24,8.77,D,0
30.32424,75.3591,331.38,0.41,0.45,2020-11-06,827,N,VIIRS,n,2,301.06,1.48,D,0
30.32457,75.7724,332.22,0.43,0.46,2020-11-06,827,N,VIIRS,n,2,301.66,1.9,D,0
30.32495,75.6544,344.13,0.42,0.45,2020-11-06,827,N,VIIRS,n,2,300.01,4.19,D,0
30.32504,75.01517,346.29,0.39,0.44,2020-11-06,827,N,VIIRS,n,2,304.13,5.13,D,0
30.32526,75.32864,337,0.41,0.45,2020-11-06,827,N,VIIRS,n,2,301.78,2.05,D,0
30.3257,75.33291,331.84,0.41,0.45,2020-11-06,827,N,VIIRS,n,2,301.78,2.05,D,0
30.32575,75.13648,333.68,0.4,0.44,2020-11-06,827,N,VIIRS,n,2,300.74,26.62,D,0
30.32633,75.06502,347.48,0.39,0.44,2020-11-06,827,N,VIIRS,n,2,302.33,5.57,D,0
30.32677,75.06914,343.61,0.39,0.44,2020-11-06,827,N,VIIRS,n,2,305.02,5.57,D,0
30.32689,75.71288,341.06,0.43,0.46,2020-11-06,827,N,VIIRS,n,2,302.11,5.38,D,0
30.32767,75.43273,339.56,0.41,0.45,2020-11-06,827,N,VIIRS,n,2,300.19,2.96,D,0
30.32781,75.23379,341.28,0.4,0.44,2020-11-06,827,N,VIIRS,n,2,306.06,10.09,D,0
30.32788,75.80399,335.15,0.43,0.46,2020-11-06,827,N,VIIRS,n,2,300.58,3.7,D,0
30.3286,75.28079,347.53,0.4,0.44,2020-11-06,827,N,VIIRS,n,2,307.29,9.66,D,0
30.3287,75.40199,298.27,0.41,0.45,2020-11-06,827,N,VIIRS,l,2,307.7,19.58,D,0
30.32883,75.81307,347.22,0.43,0.46,2020-11-06,827,N,VIIRS,n,2,301.57,7.94,D,0
30.32914,75.40629,346.07,0.41,0.45,2020-11-06,827,N,VIIRS,n,2,314.43,28.37,D,0
30.32939,75.32807,341.19,0.41,0.45,2020-11-06,827,N,VIIRS,n,2,303.46,6.11,D,0
30.32947,75.6591,331.9,0.42,0.45,2020-11-06,827,N,VIIRS,n,2,298.98,3.3,D,0
30.3295,75.28927,344.74,0.4,0.45,2020-11-06,827,N,VIIRS,n,2,304.44,8.93,D,0
30.3296,75.25063,345.46,0.4,0.44,2020-11-06,827,N,VIIRS,n,2,312.82,42.59,D,0
30.32963,75.65827,337.8,0.42,0.45,2020-11-06,827,N,VIIRS,n,2,299.37,4.19,D,0
30.32969,75.2122,341.31,0.4,0.44,2020-11-06,827,N,VIIRS,n,2,303.07,6.31,D,0
30.3297,76.07482,342.53,0.45,0.47,2020-11-06,827,N,VIIRS,n,2,305.28,4.57,D,0
30.32979,75.94742,348.37,0.44,0.46,2020-11-06,827,N,VIIRS,n,2,303.06,4.05,D,0
30.32983,75.1359,345.59,0.4,0.44,2020-11-06,827,N,VIIRS,n,2,312.1,26.62,D,0
30.32994,75.29351,333.14,0.4,0.45,2020-11-06,827,N,VIIRS,n,2,301,4.58,D,0
30.33027,75.95204,337.94,0.44,0.46,2020-11-06,827,N,VIIRS,n,2,301.81,4.05,D,0
30.33047,75.54259,330.05,0.42,0.45,2020-11-06,827,N,VIIRS,n,2,298.81,1.8,D,0
30.33048,75.4192,340.67,0.41,0.45,2020-11-06,827,N,VIIRS,n,2,300.77,5.25,D,0
30.33052,75.62669,356.03,0.42,0.45,2020-11-06,827,N,VIIRS,n,2,303.06,9.03,D,0
30.33056,75.62745,343.55,0.42,0.45,2020-11-06,827,N,VIIRS,n,2,303.85,7.25,D,0
30.33073,75.83122,345.99,0.43,0.46,2020-11-06,827,N,VIIRS,n,2,301.66,5.5,D,0
30.33092,75.54697,340.09,0.42,0.45,2020-11-06,827,N,VIIRS,n,2,299.78,6.11,D,0
30.33253,75.72574,336.7,0.43,0.46,2020-11-06,827,N,VIIRS,n,2,299.48,2.4,D,0
30.33272,75.28022,354.34,0.4,0.44,2020-11-06,827,N,VIIRS,n,2,304.57,19.51,D,0
30.33284,75.40141,335.29,0.41,0.45,2020-11-06,827,N,VIIRS,n,2,301.14,19.58,D,0
30.33317,75.28445,340.89,0.4,0.45,2020-11-06,827,N,VIIRS,n,2,303.58,9.51,D,0
30.33329,75.40571,339.64,0.41,0.45,2020-11-06,827,N,VIIRS,n,2,300.13,28.37,D,0
30.33387,75.61802,340.76,0.42,0.45,2020-11-06,827,N,VIIRS,n,2,301.36,3.92,D,0
30.33407,75.94685,334.39,0.44,0.46,2020-11-06,827,N,VIIRS,n,2,301.13,4.05,D,0
30.33437,75.13949,330.16,0.4,0.44,2020-11-06,827,N,VIIRS,l,2,300.32,3.51,D,0
30.33491,75.74819,332.29,0.43,0.46,2020-11-06,827,N,VIIRS,n,2,301.05,3.72,D,0
30.33498,75.83066,347.82,0.43,0.46,2020-11-06,827,N,VIIRS,n,2,303.27,18.87,D,0
30.33505,75.26273,345.27,0.4,0.44,2020-11-06,827,N,VIIRS,n,2,301.94,3.41,D,0
30.33512,76.30605,356.67,0.46,0.47,2020-11-06,827,N,VIIRS,n,2,305.72,8.43,D,0
30.33513,75.22424,350.78,0.4,0.44,2020-11-06,827,N,VIIRS,n,2,306.52,17.54,D,0
30.3352,75.18593,343.06,0.4,0.44,2020-11-06,827,N,VIIRS,n,2,302.46,4.89,D,0
30.33665,75.35739,341.61,0.41,0.45,2020-11-06,827,N,VIIRS,n,2,300.42,3.44,D,0
30.33675,75.31841,340.23,0.41,0.45,2020-11-06,827,N,VIIRS,n,2,301.57,2.26,D,0
30.33855,75.02574,339.19,0.39,0.44,2020-11-06,827,N,VIIRS,n,2,302.44,2.58,D,0
30.33878,75.21946,344.64,0.4,0.44,2020-11-06,827,N,VIIRS,n,2,306.03,96.75,D,0
30.33929,75.18536,343.87,0.4,0.44,2020-11-06,827,N,VIIRS,n,2,302.43,11.81,D,0
30.33934,75.14723,346.5,0.4,0.44,2020-11-06,827,N,VIIRS,n,2,303.83,5.25,D,0
30.34102,75.24048,334.55,0.4,0.44,2020-11-06,827,N,VIIRS,n,2,301.25,1.96,D,0
30.34114,75.8483,331.22,0.43,0.46,2020-11-06,827,N,VIIRS,n,2,300.85,2.24,D,0
30.34122,76.01643,330.54,0.44,0.46,2020-11-06,827,N,VIIRS,l,2,303.22,2.9,D,0
30.34152,75.56779,342.25,0.42,0.45,2020-11-06,827,N,VIIRS,n,2,300.1,3.95,D,0
30.34213,75.36965,343.72,0.41,0.45,2020-11-06,827,N,VIIRS,n,2,304.81,12.6,D,0
30.34214,75.05862,338.47,0.39,0.44,2020-11-06,827,N,VIIRS,n,2,302.91,3.07,D,0
30.34372,75.26582,338.09,0.4,0.44,2020-11-06,827,N,VIIRS,n,2,304.23,3.69,D,0
30.34384,75.18896,342.46,0.4,0.44,2020-11-06,827,N,VIIRS,n,2,305.29,3.69,D,0
30.34404,75.5097,356.28,0.42,0.45,2020-11-06,827,N,VIIRS,n,2,303.16,12.93,D,0
30.34417,75.46998,349.64,0.41,0.45,2020-11-06,827,N,VIIRS,n,2,308.19,11.75,D,0
30.34523,75.16333,341.59,0.4,0.44,2020-11-06,827,N,VIIRS,n,2,303.84,7.1,D,0
30.34647,75.61631,335.9,0.42,0.45,2020-11-06,827,N,VIIRS,n,2,303.48,9.78,D,0
30.34661,75.57602,331.6,0.42,0.45,2020-11-06,827,N,VIIRS,n,2,299.47,1.6,D,0
30.34692,75.62074,341.52,0.42,0.45,2020-11-06,827,N,VIIRS,n,2,299.83,9.78,D,0
30.34721,75.66571,339.44,0.42,0.46,2020-11-06,827,N,VIIRS,n,2,304.09,3.06,D,0
30.34783,75.84382,332.78,0.43,0.46,2020-11-06,827,N,VIIRS,n,2,300.54,3.17,D,0
30.34827,75.63403,353.27,0.42,0.45,2020-11-06,827,N,VIIRS,n,2,300.39,7.42,D,0
30.34832,75.91696,346.23,0.44,0.46,2020-11-06,827,N,VIIRS,n,2,304.69,10.87,D,0
30.34856,75.75548,340.38,0.43,0.46,2020-11-06,827,N,VIIRS,n,2,301.13,2.34,D,0
30.34878,75.47374,338.97,0.41,0.45,2020-11-06,827,N,VIIRS,n,2,300.07,8.04,D,0
30.34879,75.23512,335.45,0.4,0.44,2020-11-06,827,N,VIIRS,n,2,300.81,3.23,D,0
30.34918,75.84263,338.14,0.43,0.46,2020-11-06,827,N,VIIRS,n,2,301.1,4.99,D,0
30.34924,75.23933,342.4,0.4,0.44,2020-11-06,827,N,VIIRS,n,2,303.83,7.43,D,0
30.34932,75.16277,344.09,0.4,0.44,2020-11-06,827,N,VIIRS,n,2,307.17,7.1,D,0
30.34938,75.8159,347.13,0.43,0.46,2020-11-06,827,N,VIIRS,n,2,305.67,6.95,D,0
30.34977,75.16693,340.94,0.4,0.44,2020-11-06,827,N,VIIRS,n,2,302.88,7.1,D,0
30.35007,75.65179,347.76,0.42,0.45,2020-11-06,827,N,VIIRS,n,2,302.9,11.03,D,0
30.35028,75.97754,347.63,0.44,0.46,2020-11-06,827,N,VIIRS,n,2,303.76,9.29,D,0
30.35055,75.81478,354.41,0.43,0.46,2020-11-06,827,N,VIIRS,n,2,307.14,17.96,D,0
30.35059,75.49113,339.79,0.41,0.45,2020-11-06,827,N,VIIRS,n,2,300.48,6.27,D,0
30.35071,76.28444,339.36,0.46,0.47,2020-11-06,827,N,VIIRS,n,2,303.61,5.63,D,0
30.35073,75.82956,330.62,0.43,0.46,2020-11-06,827,N,VIIRS,n,2,300.44,1.96,D,0
30.35078,75.41203,349.08,0.41,0.45,2020-11-06,827,N,VIIRS,n,2,303.17,6.88,D,0
30.35093,75.33374,336.73,0.41,0.45,2020-11-06,827,N,VIIRS,n,2,300.4,2.92,D,0
30.35104,75.49548,339.75,0.42,0.45,2020-11-06,827,N,VIIRS,n,2,300.34,6.27,D,0
30.35123,75.41634,343.44,0.41,0.45,2020-11-06,827,N,VIIRS,n,2,301.86,6.88,D,0
30.35143,75.66515,342.67,0.42,0.46,2020-11-06,827,N,VIIRS,n,2,301.95,3.06,D,0
30.3515,75.26044,342.9,0.4,0.44,2020-11-06,827,N,VIIRS,n,2,308.27,4.7,D,0
30.352,75.82841,330.43,0.43,0.46,2020-11-06,827,N,VIIRS,n,2,301.11,2.24,D,0
30.35201,75.75591,334.05,0.43,0.46,2020-11-06,827,N,VIIRS,n,2,299.61,4.63,D,0
30.35267,75.38995,340.35,0.41,0.45,2020-11-06,827,N,VIIRS,n,2,299.75,5.19,D,0
30.35336,75.80061,344.82,0.43,0.46,2020-11-06,827,N,VIIRS,n,2,300.71,4.46,D,0
30.35363,75.81532,344.34,0.43,0.46,2020-11-06,827,N,VIIRS,n,2,301.66,3.65,D,0
30.35363,76.26939,342.97,0.46,0.47,2020-11-06,827,N,VIIRS,n,2,303.81,38.19,D,0
30.35371,75.32037,333.52,0.41,0.45,2020-11-06,827,N,VIIRS,n,2,300.78,6.69,D,0
30.35408,75.81987,330.77,0.43,0.46,2020-11-06,827,N,VIIRS,l,2,303.09,3.65,D,0
30.35416,75.32465,344.53,0.41,0.45,2020-11-06,827,N,VIIRS,n,2,303.94,13.09,D,0
30.35417,76.10026,341.26,0.45,0.47,2020-11-06,827,N,VIIRS,n,2,303.85,3.98,D,0
30.35487,75.61516,345.98,0.42,0.45,2020-11-06,827,N,VIIRS,n,2,301.11,8.01,D,0
30.35495,75.89746,338.12,0.44,0.46,2020-11-06,827,N,VIIRS,n,2,301.36,2.86,D,0
30.35522,75.17888,367,0.4,0.44,2020-11-06,827,N,VIIRS,h,2,317.31,41.02,D,0
30.35562,75.79208,344.26,0.43,0.46,2020-11-06,827,N,VIIRS,n,2,308.1,39.92,D,0
30.35566,75.49928,334.7,0.42,0.45,2020-11-06,827,N,VIIRS,n,2,301.64,4.56,D,0
30.35577,75.8233,335.46,0.43,0.46,2020-11-06,827,N,VIIRS,n,2,302.61,2.24,D,0
30.35612,75.18725,341.12,0.4,0.44,2020-11-06,827,N,VIIRS,n,2,301.47,3.86,D,0
30.3562,75.46393,338.86,0.41,0.45,2020-11-06,827,N,VIIRS,n,2,302.82,7.45,D,0
30.35652,75.80113,334.93,0.43,0.46,2020-11-06,827,N,VIIRS,n,2,299.38,10.12,D,0
30.35658,75.19143,335.24,0.4,0.44,2020-11-06,827,N,VIIRS,n,2,300.81,3.86,D,0
30.35666,75.46826,341.21,0.41,0.45,2020-11-06,827,N,VIIRS,n,2,303,7.45,D,0
30.35673,75.8324,341.87,0.43,0.46,2020-11-06,827,N,VIIRS,n,2,302.57,4.61,D,0
30.35742,75.27679,341.57,0.4,0.44,2020-11-06,827,N,VIIRS,n,2,303.52,5.36,D,0
30.35751,75.89817,341.69,0.44,0.46,2020-11-06,827,N,VIIRS,n,2,301.66,2.98,D,0
30.35795,75.12775,340.87,0.4,0.44,2020-11-06,827,N,VIIRS,n,2,302.62,5.15,D,0
30.35805,75.7734,334.72,0.43,0.46,2020-11-06,827,N,VIIRS,n,2,300.46,1.93,D,0
30.35929,75.21659,342.31,0.4,0.44,2020-11-06,827,N,VIIRS,n,2,303.16,4.46,D,0
30.35938,75.49435,341.13,0.42,0.45,2020-11-06,827,N,VIIRS,n,2,300.82,4.35,D,0
30.3597,75.83298,341.53,0.43,0.46,2020-11-06,827,N,VIIRS,n,2,302.58,5.86,D,0
30.35986,75.7915,333.19,0.43,0.46,2020-11-06,827,N,VIIRS,n,2,299.43,3.04,D,0
30.36109,75.27198,341.45,0.4,0.44,2020-11-06,827,N,VIIRS,n,2,304.53,5.36,D,0
30.36134,75.63676,349.91,0.42,0.45,2020-11-06,827,N,VIIRS,n,2,302.02,11.79,D,0
30.36141,75.39312,340.75,0.41,0.45,2020-11-06,827,N,VIIRS,n,2,301.91,5.89,D,0
30.36151,75.31498,330.15,0.41,0.45,2020-11-06,827,N,VIIRS,l,2,300.27,2.03,D,0
30.36154,75.27621,340.38,0.4,0.44,2020-11-06,827,N,VIIRS,n,2,300.02,5.36,D,0
30.36187,75.39742,331.18,0.41,0.45,2020-11-06,827,N,VIIRS,l,2,302.4,5.89,D,0
30.36204,75.12717,338.8,0.4,0.44,2020-11-06,827,N,VIIRS,n,2,300.1,5.15,D,0
30.3623,76.05156,341.22,0.45,0.47,2020-11-06,827,N,VIIRS,n,2,303.74,3.39,D,0
30.36338,75.25449,341.86,0.4,0.44,2020-11-06,827,N,VIIRS,n,2,305.19,3.21,D,0
30.36384,75.25872,331.13,0.4,0.44,2020-11-06,827,N,VIIRS,n,2,302.84,3.21,D,0
30.36386,75.14379,347.81,0.4,0.44,2020-11-06,827,N,VIIRS,n,2,303.3,5.12,D,0
30.36414,75.41895,338.86,0.41,0.45,2020-11-06,827,N,VIIRS,n,2,301.33,3.05,D,0
30.36473,75.07636,340.76,0.39,0.44,2020-11-06,827,N,VIIRS,n,2,302.84,6.19,D,0
30.36475,76.118,348.21,0.45,0.47,2020-11-06,827,N,VIIRS,n,2,302.53,9.1,D,0
30.3648,76.24844,344.21,0.46,0.47,2020-11-06,827,N,VIIRS,n,2,309.06,21.35,D,0
30.36491,75.50686,337.27,0.42,0.45,2020-11-06,827,N,VIIRS,n,2,300.72,3.99,D,0
30.3652,75.27141,341.86,0.4,0.44,2020-11-06,827,N,VIIRS,n,2,300.58,9.6,D,0
30.36563,75.31441,332.21,0.41,0.45,2020-11-06,827,N,VIIRS,n,2,299.8,2.03,D,0
30.36567,75.12245,333.75,0.4,0.44,2020-11-06,827,N,VIIRS,n,2,301.49,2.52,D,0
30.36591,75.9193,349.71,0.44,0.46,2020-11-06,827,N,VIIRS,n,2,303.16,5.51,D,0
30.36661,76.051,334.15,0.45,0.47,2020-11-06,827,N,VIIRS,n,2,303.76,2.97,D,0
30.36684,75.81818,344.62,0.43,0.46,2020-11-06,827,N,VIIRS,n,2,304.04,9.29,D,0
30.36778,75.45351,331.05,0.41,0.45,2020-11-06,827,N,VIIRS,l,2,302.26,3.09,D,0
30.36821,75.83184,333.57,0.43,0.46,2020-11-06,827,N,VIIRS,n,2,300.86,2.13,D,0
30.36833,75.92004,342.35,0.44,0.46,2020-11-06,827,N,VIIRS,n,2,303.98,8.89,D,0
30.36966,75.43132,339.42,0.41,0.45,2020-11-06,827,N,VIIRS,n,2,303.76,7.11,D,0
30.36975,75.12189,340.68,0.4,0.44,2020-11-06,827,N,VIIRS,n,2,300.21,2.52,D,0
30.37011,75.68071,335.06,0.43,0.46,2020-11-06,827,N,VIIRS,n,2,301.7,1.89,D,0
30.37012,75.43564,341.29,0.41,0.45,2020-11-06,827,N,VIIRS,n,2,302.28,9.03,D,0
30.37061,75.40057,342.22,0.41,0.45,2020-11-06,827,N,VIIRS,n,2,306.98,8.11,D,0
30.37113,75.17242,346.65,0.4,0.44,2020-11-06,827,N,VIIRS,n,2,305.19,5.77,D,0
30.37114,76.03739,330.61,0.45,0.47,2020-11-06,827,N,VIIRS,l,2,303.65,1.63,D,0
30.37123,75.77621,341.86,0.43,0.46,2020-11-06,827,N,VIIRS,n,2,299.97,16.51,D,0
30.37123,75.90565,341.61,0.44,0.46,2020-11-06,827,N,VIIRS,n,2,304.4,6.66,D,0
30.372,75.10474,332.49,0.4,0.44,2020-11-06,827,N,VIIRS,n,2,302.41,1.99,D,0
30.37273,75.74857,336.09,0.43,0.46,2020-11-06,827,N,VIIRS,n,2,300.98,2.62,D,0
30.37352,75.92871,339.06,0.44,0.46,2020-11-06,827,N,VIIRS,n,2,299.88,5.4,D,0
30.37368,75.99332,353.66,0.44,0.46,2020-11-06,827,N,VIIRS,n,2,301.83,7.34,D,0
30.37377,76.03584,338.25,0.44,0.46,2020-11-06,827,N,VIIRS,n,2,304.28,4.12,D,0
30.37428,75.43507,339.48,0.41,0.45,2020-11-06,827,N,VIIRS,n,2,304.56,11.2,D,0
30.37473,75.4394,345.48,0.41,0.45,2020-11-06,827,N,VIIRS,n,2,304.85,11.2,D,0
30.37499,76.43966,338.63,0.47,0.48,2020-11-06,827,N,VIIRS,n,2,303.9,3.56,D,0
30.37502,75.77113,340.54,0.43,0.46,2020-11-06,827,N,VIIRS,n,2,301.74,3.76,D,0
30.37563,75.99422,341.59,0.44,0.46,2020-11-06,827,N,VIIRS,n,2,301.96,10.78,D,0
30.37687,76.19344,340.75,0.45,0.47,2020-11-06,827,N,VIIRS,n,2,302.57,2.9,D,0
30.37836,75.51388,334.36,0.42,0.45,2020-11-06,827,N,VIIRS,n,2,299.78,1.35,D,0
30.37939,75.32547,340.79,0.41,0.45,2020-11-06,827,N,VIIRS,n,2,301.44,7.09,D,0
30.37947,75.98898,339.44,0.44,0.46,2020-11-06,827,N,VIIRS,n,2,301.5,3.91,D,0
30.37981,75.44749,352.57,0.41,0.45,2020-11-06,827,N,VIIRS,n,2,307.83,19.69,D,0
30.37983,75.25222,353.73,0.4,0.44,2020-11-06,827,N,VIIRS,n,2,305.51,16.28,D,0
30.38118,75.46048,341.77,0.41,0.45,2020-11-06,827,N,VIIRS,n,2,303.16,3.77,D,0
30.38213,75.42961,341.63,0.41,0.45,2020-11-06,827,N,VIIRS,n,2,303.22,8.89,D,0
30.38253,75.51331,338.12,0.42,0.45,2020-11-06,827,N,VIIRS,n,2,299.55,2.16,D,0
30.38295,75.16653,340.25,0.4,0.44,2020-11-06,827,N,VIIRS,n,2,300.78,3.84,D,0
30.38329,75.64278,340.4,0.42,0.45,2020-11-06,827,N,VIIRS,n,2,299.6,3.29,D,0
30.38341,75.17071,332.75,0.4,0.44,2020-11-06,827,N,VIIRS,n,2,301.56,3.84,D,0
30.38368,75.68794,347.19,0.43,0.46,2020-11-06,827,N,VIIRS,n,2,303.05,7.04,D,0
30.38372,76.26064,344.72,0.46,0.47,2020-11-06,827,N,VIIRS,n,2,314.39,45.44,D,0
30.38394,75.48656,342.75,0.41,0.45,2020-11-06,827,N,VIIRS,n,2,305.11,3.5,D,0
30.38397,75.44691,333.97,0.41,0.45,2020-11-06,827,N,VIIRS,n,2,301.58,4.97,D,0
30.38402,75.14584,341.18,0.4,0.44,2020-11-06,827,N,VIIRS,n,2,304.02,7.51,D,0
30.38444,75.37251,350.86,0.41,0.45,2020-11-06,827,N,VIIRS,n,2,301.9,5.81,D,0
30.38474,75.14511,342.54,0.4,0.44,2020-11-06,827,N,VIIRS,n,2,304.45,7.2,D,0
30.38566,75.62447,342.14,0.42,0.45,2020-11-06,827,N,VIIRS,n,2,303.72,5.32,D,0
30.38626,75.31155,340.8,0.41,0.45,2020-11-06,827,N,VIIRS,n,2,302.27,5.28,D,0
30.38628,75.35052,344.23,0.41,0.45,2020-11-06,827,N,VIIRS,n,2,309.09,30.37,D,0
30.38672,75.80168,341.57,0.43,0.46,2020-11-06,827,N,VIIRS,n,2,301.9,12.13,D,0
30.38736,75.72377,341.23,0.43,0.46,2020-11-06,827,N,VIIRS,n,2,303.84,5.72,D,0
30.38744,75.68289,350.59,0.43,0.46,2020-11-06,827,N,VIIRS,n,2,303.39,7.04,D,0
30.3881,76.26008,334.14,0.46,0.47,2020-11-06,827,N,VIIRS,n,2,301.17,4.53,D,0
30.38811,75.48598,330.92,0.41,0.45,2020-11-06,827,N,VIIRS,n,2,302.34,1.94,D,0
30.38813,75.4069,343.87,0.41,0.45,2020-11-06,827,N,VIIRS,n,2,301.91,4.25,D,0
30.38897,75.15361,342.1,0.4,0.44,2020-11-06,827,N,VIIRS,n,2,303,4.31,D,0
30.38912,75.78301,330.38,0.43,0.46,2020-11-06,827,N,VIIRS,l,2,300.61,3.16,D,0
30.38975,75.15287,340.73,0.4,0.44,2020-11-06,827,N,VIIRS,n,2,302.23,3.29,D,0
30.38986,75.62389,337.67,0.42,0.45,2020-11-06,827,N,VIIRS,n,2,300.89,5.32,D,0
30.38989,75.04403,341.23,0.39,0.44,2020-11-06,827,N,VIIRS,n,2,302.07,2.7,D,0
30.39021,75.15704,337.8,0.4,0.44,2020-11-06,827,N,VIIRS,n,2,300.75,3.93,D,0
30.39229,75.44577,337.95,0.41,0.45,2020-11-06,827,N,VIIRS,n,2,301.21,4.74,D,0
30.39279,75.1108,348.35,0.4,0.44,2020-11-06,827,N,VIIRS,n,2,311.27,30.41,D,0
30.39332,75.1955,340.1,0.4,0.44,2020-11-06,827,N,VIIRS,n,2,304.45,2.41,D,0
30.39367,75.41927,347.41,0.41,0.45,2020-11-06,827,N,VIIRS,n,2,301.51,5.09,D,0
30.39402,75.24242,340.44,0.4,0.44,2020-11-06,827,N,VIIRS,n,2,302.1,5.5,D,0
30.39437,75.19467,335.93,0.4,0.44,2020-11-06,827,N,VIIRS,n,2,304.66,2.21,D,0
30.39445,75.24665,341.01,0.4,0.44,2020-11-06,827,N,VIIRS,n,2,303.6,5.5,D,0
30.39475,75.79601,339.63,0.43,0.46,2020-11-06,827,N,VIIRS,n,2,300.07,4.79,D,0
30.39535,75.24149,333.32,0.4,0.44,2020-11-06,827,N,VIIRS,n,2,302.01,7.71,D,0
30.39581,75.2457,344.55,0.4,0.44,2020-11-06,827,N,VIIRS,n,2,305.78,7.71,D,0
30.39645,75.4452,342.47,0.41,0.45,2020-11-06,827,N,VIIRS,n,2,303.71,4.74,D,0
30.3966,76.47704,341.27,0.47,0.48,2020-11-06,827,N,VIIRS,n,2,302.99,7.93,D,0
30.39699,76.034,343.89,0.45,0.47,2020-11-06,827,N,VIIRS,n,2,306.42,11.32,D,0
30.39709,76.48201,338.68,0.47,0.48,2020-11-06,827,N,VIIRS,n,2,302.05,3.52,D,0
30.39725,75.23338,334.46,0.4,0.44,2020-11-06,827,N,VIIRS,n,2,300.8,2.7,D,0
30.39813,75.24184,331.38,0.4,0.44,2020-11-06,827,N,VIIRS,n,2,301.35,5.5,D,0
30.39827,75.62276,353.24,0.42,0.45,2020-11-06,827,N,VIIRS,n,2,301.51,7.29,D,0
30.39872,75.38798,343.76,0.41,0.45,2020-11-06,827,N,VIIRS,n,2,302.62,6.35,D,0
30.39968,75.43598,344.86,0.41,0.45,2020-11-06,827,N,VIIRS,n,2,302.68,3.45,D,0
30.39988,75.25877,341.35,0.4,0.44,2020-11-06,827,N,VIIRS,n,2,304.5,9.83,D,0
30.40005,75.72208,342.72,0.43,0.46,2020-11-06,827,N,VIIRS,n,2,301.26,6.96,D,0
30.40024,76.06686,367,0.45,0.47,2020-11-06,827,N,VIIRS,h,2,306.87,9.42,D,0
30.40049,75.22438,343.02,0.4,0.44,2020-11-06,827,N,VIIRS,n,2,301.48,4.73,D,0
30.4007,76.25357,334.31,0.46,0.47,2020-11-06,827,N,VIIRS,n,2,303.31,2.54,D,0
30.40097,76.255,333.87,0.46,0.47,2020-11-06,827,N,VIIRS,n,2,305.2,2.68,D,0
30.40132,75.25782,340.43,0.4,0.44,2020-11-06,827,N,VIIRS,n,2,302.33,9.37,D,0
30.40168,75.15605,337.33,0.4,0.44,2020-11-06,827,N,VIIRS,n,2,305.85,9.23,D,0
30.40178,75.26205,342.03,0.4,0.44,2020-11-06,827,N,VIIRS,n,2,305.99,9.37,D,0
30.40212,75.16022,341.23,0.4,0.44,2020-11-06,827,N,VIIRS,n,2,303.19,9.23,D,0
30.40237,75.74458,332.43,0.43,0.46,2020-11-06,827,N,VIIRS,n,2,300.67,2.22,D,0
30.40239,75.08418,339.59,0.39,0.44,2020-11-06,827,N,VIIRS,n,2,298.52,30.05,D,0
30.40241,75.70356,331.62,0.43,0.46,2020-11-06,827,N,VIIRS,l,2,301.74,3.65,D,0
30.40291,75.42677,334.6,0.41,0.45,2020-11-06,827,N,VIIRS,n,2,300.71,2.66,D,0
30.40331,75.7536,339.57,0.43,0.46,2020-11-06,827,N,VIIRS,n,2,301.22,3.57,D,0
30.40371,75.31779,342.47,0.41,0.45,2020-11-06,827,N,VIIRS,n,2,306.39,8.7,D,0
30.40399,75.2582,341.25,0.4,0.44,2020-11-06,827,N,VIIRS,n,2,301.29,8.6,D,0
30.40427,75.40031,337.41,0.41,0.45,2020-11-06,827,N,VIIRS,n,2,302.96,16.41,D,0
30.40456,76.06628,336.35,0.45,0.47,2020-11-06,827,N,VIIRS,n,2,303.94,2.62,D,0
30.40476,75.44407,330.38,0.41,0.45,2020-11-06,827,N,VIIRS,n,2,301.6,2.68,D,0
30.40504,75.29171,345.56,0.4,0.45,2020-11-06,827,N,VIIRS,n,2,303.05,5.94,D,0
30.40526,75.48806,341.06,0.42,0.45,2020-11-06,827,N,VIIRS,n,2,301.52,3.83,D,0
30.40528,75.52796,367,0.42,0.45,2020-11-06,827,N,VIIRS,l,2,326.73,79.18,D,0
30.40534,76.25443,347.62,0.46,0.47,2020-11-06,827,N,VIIRS,n,2,306.7,14.35,D,0
30.40557,75.31402,342.28,0.41,0.45,2020-11-06,827,N,VIIRS,n,2,305.18,5.86,D,0
30.40598,75.86382,336.8,0.44,0.46,2020-11-06,827,N,VIIRS,n,2,301.88,5.56,D,0
30.40598,76.21532,336.69,0.46,0.47,2020-11-06,827,N,VIIRS,n,2,303.16,2.66,D,0
30.40601,75.31828,337.55,0.41,0.45,2020-11-06,827,N,VIIRS,n,2,301.73,5.62,D,0
30.40689,76.08986,334.35,0.45,0.47,2020-11-06,827,N,VIIRS,n,2,301,2.57,D,0
30.40713,75.01238,342.49,0.39,0.44,2020-11-06,827,N,VIIRS,n,2,305.86,5.89,D,0
30.4075,75.29214,340.73,0.41,0.45,2020-11-06,827,N,VIIRS,n,2,301.58,5.01,D,0
30.40795,75.39544,346.25,0.41,0.45,2020-11-06,827,N,VIIRS,n,2,307.39,16.41,D,0
30.40804,75.71645,342.77,0.43,0.46,2020-11-06,827,N,VIIRS,n,2,305.68,9.5,D,0
30.40841,75.39974,343.87,0.41,0.45,2020-11-06,827,N,VIIRS,n,2,310.9,16.41,D,0
30.4085,75.72094,336.53,0.43,0.46,2020-11-06,827,N,VIIRS,n,2,300.59,9.5,D,0
30.40899,75.52301,341.33,0.42,0.45,2020-11-06,827,N,VIIRS,n,2,299.7,9.73,D,0
30.40901,75.64382,341.39,0.42,0.45,2020-11-06,827,N,VIIRS,n,2,304.75,7.38,D,0
30.40945,75.52739,344.9,0.42,0.45,2020-11-06,827,N,VIIRS,n,2,299.47,16.3,D,0
30.40947,75.64826,341.07,0.42,0.45,2020-11-06,827,N,VIIRS,n,2,302.29,7.38,D,0
30.40958,75.23167,338.21,0.4,0.44,2020-11-06,827,N,VIIRS,n,2,304.48,4.09,D,0
30.40977,75.39608,351.32,0.41,0.45,2020-11-06,827,N,VIIRS,n,2,311.86,17.77,D,0
30.40993,75.69347,338.8,0.43,0.46,2020-11-06,827,N,VIIRS,n,2,300.99,2.01,D,0
30.41021,75.40039,341.9,0.41,0.45,2020-11-06,827,N,VIIRS,n,2,303.17,17.77,D,0
30.41129,75.50495,341.57,0.42,0.45,2020-11-06,827,N,VIIRS,n,2,301.35,3.66,D,0
30.41204,76.27802,342.1,0.46,0.47,2020-11-06,827,N,VIIRS,n,2,304.52,3.94,D,0
30.41215,75.43428,340.44,0.41,0.45,2020-11-06,827,N,VIIRS,n,2,303.48,5.68,D,0
30.41234,76.32721,346.68,0.46,0.47,2020-11-06,827,N,VIIRS,n,2,305.53,4.81,D,0
30.41241,75.06178,331.09,0.39,0.44,2020-11-06,827,N,VIIRS,n,2,299.89,3.73,D,0
30.41258,75.88618,339.33,0.44,0.46,2020-11-06,827,N,VIIRS,n,2,305.47,8.42,D,0
30.41305,75.89078,331.31,0.44,0.46,2020-11-06,827,N,VIIRS,n,2,300.13,7.78,D,0
30.41329,75.43066,342.2,0.41,0.45,2020-11-06,827,N,VIIRS,n,2,302.35,4.42,D,0
30.41373,75.43498,339.09,0.41,0.45,2020-11-06,827,N,VIIRS,n,2,302.64,4.42,D,0
30.41575,75.291,332.8,0.41,0.45,2020-11-06,827,N,VIIRS,n,2,301.65,2.93,D,0
30.41603,75.33423,344.33,0.41,0.45,2020-11-06,827,N,VIIRS,n,2,302.65,9.37,D,0
30.41631,75.43371,332.83,0.41,0.45,2020-11-06,827,N,VIIRS,n,2,301.93,2.28,D,0
30.4165,75.71532,330.47,0.43,0.46,2020-11-06,827,N,VIIRS,n,2,301.55,2.17,D,0
30.41672,75.14124,346.03,0.4,0.44,2020-11-06,827,N,VIIRS,n,2,304.4,5.76,D,0
30.41692,75.34279,341.03,0.41,0.45,2020-11-06,827,N,VIIRS,n,2,303.59,5.56,D,0
30.4178,75.07359,338.19,0.39,0.44,2020-11-06,827,N,VIIRS,n,2,301.17,3.77,D,0
30.41791,75.72879,331.59,0.43,0.46,2020-11-06,827,N,VIIRS,n,2,300.76,4.64,D,0
30.41838,75.7333,341.49,0.43,0.46,2020-11-06,827,N,VIIRS,n,2,302.34,8.95,D,0
30.41893,75.16212,332.83,0.4,0.44,2020-11-06,827,N,VIIRS,n,2,302.52,1.82,D,0
30.41959,75.46406,331.85,0.41,0.45,2020-11-06,827,N,VIIRS,n,2,301.85,2.17,D,0
30.41966,75.45179,330.32,0.41,0.45,2020-11-06,827,N,VIIRS,n,2,299.74,1.6,D,0
30.41986,76.08816,353.77,0.45,0.47,2020-11-06,827,N,VIIRS,n,2,305.42,6.59,D,0
30.41987,75.29043,341.89,0.41,0.45,2020-11-06,827,N,VIIRS,n,2,300.57,2.93,D,0
30.42017,75.33365,331.79,0.41,0.45,2020-11-06,827,N,VIIRS,l,2,303.87,2.98,D,0
30.42118,75.67834,333.62,0.43,0.46,2020-11-06,827,N,VIIRS,n,2,299.7,2.61,D,0
30.4243,75.33308,340.64,0.41,0.45,2020-11-06,827,N,VIIRS,n,2,303.42,2.98,D,0
30.42433,76.00196,341.35,0.44,0.46,2020-11-06,827,N,VIIRS,n,2,302.4,5.82,D,0
30.42446,75.66885,331.34,0.42,0.46,2020-11-06,827,N,VIIRS,n,2,298.93,4.64,D,0
30.42488,75.42026,351.29,0.41,0.45,2020-11-06,827,N,VIIRS,n,2,305.84,13.35,D,0
30.42494,76.18375,340.34,0.45,0.47,2020-11-06,827,N,VIIRS,n,2,303.03,4.75,D,0
30.4259,75.76431,333.66,0.43,0.46,2020-11-06,827,N,VIIRS,n,2,301.24,1.4,D,0
30.42655,76.11124,340.82,0.45,0.47,2020-11-06,827,N,VIIRS,n,2,302.04,2.16,D,0
30.42679,75.27654,336.35,0.4,0.45,2020-11-06,827,N,VIIRS,n,2,301.89,4.93,D,0
30.42721,75.12283,341.08,0.4,0.44,2020-11-06,827,N,VIIRS,n,2,303.73,5.74,D,0
30.42791,75.20772,349.87,0.4,0.44,2020-11-06,827,N,VIIRS,n,2,303.53,5.2,D,0
30.42799,75.50266,339.34,0.42,0.45,2020-11-06,827,N,VIIRS,n,2,299.66,8.87,D,0
30.42817,75.09315,353.31,0.4,0.44,2020-11-06,827,N,VIIRS,n,2,305.37,9.43,D,0
30.42821,75.66382,339.94,0.42,0.46,2020-11-06,827,N,VIIRS,n,2,300.17,7.17,D,0
30.42847,75.50703,351.38,0.42,0.45,2020-11-06,827,N,VIIRS,n,2,312.83,40.66,D,0
30.42856,75.29353,341.54,0.41,0.45,2020-11-06,827,N,VIIRS,n,2,305.96,7.27,D,0
30.42861,75.09731,340.74,0.4,0.44,2020-11-06,827,N,VIIRS,n,2,301.19,9.43,D,0
30.42868,75.66828,340.46,0.42,0.46,2020-11-06,827,N,VIIRS,n,2,298.61,4.64,D,0
30.42869,75.05946,341.3,0.39,0.44,2020-11-06,827,N,VIIRS,n,2,301.17,4.05,D,0
30.42914,75.50351,311.45,0.42,0.45,2020-11-06,827,N,VIIRS,l,2,314.43,51.6,D,0
30.42959,75.50788,345.74,0.42,0.45,2020-11-06,827,N,VIIRS,n,2,310.86,57.82,D,0
30.43246,75.21135,342.74,0.4,0.44,2020-11-06,827,N,VIIRS,n,2,302.66,3.39,D,0
30.43246,75.70409,338.64,0.43,0.46,2020-11-06,827,N,VIIRS,n,2,299.61,4.32,D,0
30.43249,75.74512,346.22,0.43,0.46,2020-11-06,827,N,VIIRS,n,2,303.42,11.66,D,0
30.433,75.87418,348.39,0.44,0.46,2020-11-06,827,N,VIIRS,n,2,303.87,11.17,D,0
30.43302,75.3362,333.18,0.41,0.45,2020-11-06,827,N,VIIRS,n,2,301.07,1.91,D,0
30.4332,75.55087,354.25,0.42,0.45,2020-11-06,827,N,VIIRS,n,2,307.16,24.23,D,0
30.4336,75.54742,330.25,0.42,0.45,2020-11-06,827,N,VIIRS,n,2,298.41,5.77,D,0
30.43364,75.42345,342.29,0.41,0.45,2020-11-06,827,N,VIIRS,n,2,301.08,4.71,D,0
30.4337,75.02946,331.5,0.39,0.44,2020-11-06,827,N,VIIRS,n,2,300.28,1.29,D,0
30.43404,75.55183,347.14,0.42,0.45,2020-11-06,827,N,VIIRS,n,2,307.94,20.72,D,0
30.43441,75.15146,345.57,0.4,0.44,2020-11-06,827,N,VIIRS,n,2,309.65,10.76,D,0
30.43474,75.60099,345.8,0.42,0.45,2020-11-06,827,N,VIIRS,n,2,303.85,4.58,D,0
30.43548,75.04593,335.84,0.39,0.44,2020-11-06,827,N,VIIRS,n,2,300.74,2.84,D,0
30.43578,76.02887,333.16,0.45,0.47,2020-11-06,827,N,VIIRS,l,2,303.86,4.46,D,0
30.43629,76.29945,339.16,0.46,0.47,2020-11-06,827,N,VIIRS,n,2,305.25,2.54,D,0
30.43705,75.49799,356.99,0.42,0.45,2020-11-06,827,N,VIIRS,n,2,304.5,8.81,D,0
30.43727,75.9156,349.59,0.44,0.46,2020-11-06,827,N,VIIRS,n,2,302.83,7.11,D,0
30.4375,75.50236,342.83,0.42,0.45,2020-11-06,827,N,VIIRS,n,2,300.93,8.81,D,0
30.43816,75.7581,354.86,0.43,0.46,2020-11-06,827,N,VIIRS,n,2,301.67,7.91,D,0
30.43837,75.38776,356.42,0.41,0.45,2020-11-06,827,N,VIIRS,n,2,305.31,13.16,D,0
30.43841,75.59937,339.16,0.42,0.45,2020-11-06,827,N,VIIRS,n,2,307.98,17,D,0
30.4385,75.15089,330.47,0.4,0.44,2020-11-06,827,N,VIIRS,l,2,301.36,10.76,D,0
30.43861,75.07486,343.31,0.39,0.44,2020-11-06,827,N,VIIRS,n,2,304.8,5.6,D,0
30.43869,75.88741,335.93,0.44,0.46,2020-11-06,827,N,VIIRS,n,2,301.43,2.17,D,0
30.43888,75.60379,341.94,0.42,0.45,2020-11-06,827,N,VIIRS,n,2,300.95,16.03,D,0
30.43895,75.60041,356.46,0.42,0.45,2020-11-06,827,N,VIIRS,n,2,306.66,11.34,D,0
30.43912,75.56005,331.23,0.42,0.45,2020-11-06,827,N,VIIRS,n,2,298.61,1.59,D,0
30.43954,76.10954,339.71,0.45,0.47,2020-11-06,827,N,VIIRS,n,2,302.24,2.73,D,0
30.43955,75.04536,344.24,0.39,0.44,2020-11-06,827,N,VIIRS,n,2,307.57,7.27,D,0
30.44005,75.28331,343.01,0.4,0.45,2020-11-06,827,N,VIIRS,n,2,303.33,7.3,D,0
30.44011,75.98573,341,0.44,0.46,2020-11-06,827,N,VIIRS,n,2,303.26,5.79,D,0
30.44093,75.0201,348.08,0.39,0.44,2020-11-06,827,N,VIIRS,n,2,306.83,17.44,D,0
30.44094,75.29181,335.14,0.41,0.45,2020-11-06,827,N,VIIRS,n,2,300.23,4.11,D,0
30.44099,75.66329,336.43,0.43,0.46,2020-11-06,827,N,VIIRS,n,2,299.38,10.22,D,0
30.44118,75.62261,340.78,0.42,0.45,2020-11-06,827,N,VIIRS,n,2,300.7,5.89,D,0
30.44126,75.62595,342.47,0.42,0.45,2020-11-06,827,N,VIIRS,n,2,299.45,5.47,D,0
30.44133,75.66659,350.11,0.42,0.46,2020-11-06,827,N,VIIRS,n,2,304.93,25.44,D,0
30.44144,75.66776,342.72,0.43,0.46,2020-11-06,827,N,VIIRS,n,2,305.53,18.39,D,0
30.44144,75.7485,343.07,0.43,0.46,2020-11-06,827,N,VIIRS,n,2,302.32,4.61,D,0
30.44148,75.25727,336.86,0.4,0.44,2020-11-06,827,N,VIIRS,n,2,300.71,2.37,D,0
30.44163,75.37857,340.42,0.41,0.45,2020-11-06,827,N,VIIRS,n,2,303.81,11.67,D,0
30.4424,75.42664,333.5,0.41,0.45,2020-11-06,827,N,VIIRS,n,2,299.88,4.34,D,0
30.44297,75.88684,338.06,0.44,0.46,2020-11-06,827,N,VIIRS,n,2,300.33,2.17,D,0
30.44315,75.59984,338.52,0.42,0.45,2020-11-06,827,N,VIIRS,n,2,300.72,11.34,D,0
30.44329,75.4353,341.12,0.41,0.45,2020-11-06,827,N,VIIRS,n,2,301.72,4.08,D,0
30.44339,76.10425,346.93,0.45,0.47,2020-11-06,827,N,VIIRS,n,2,304.61,5.72,D,0
30.44361,75.04478,350.87,0.39,0.44,2020-11-06,827,N,VIIRS,n,2,301.24,7.27,D,0
30.44393,75.93816,341.14,0.44,0.46,2020-11-06,827,N,VIIRS,n,2,303.28,2.95,D,0
30.44405,75.60871,341.17,0.42,0.45,2020-11-06,827,N,VIIRS,n,2,303.87,18.06,D,0
30.44443,75.3651,336.09,0.41,0.45,2020-11-06,827,N,VIIRS,n,2,302.27,3.98,D,0
30.4453,75.82617,350.36,0.43,0.46,2020-11-06,827,N,VIIRS,n,2,304.2,15.78,D,0
30.44536,75.99448,346.89,0.44,0.46,2020-11-06,827,N,VIIRS,n,2,302.71,5.34,D,0
30.4456,75.25671,330.83,0.4,0.44,2020-11-06,827,N,VIIRS,n,2,300.3,2.85,D,0
30.44592,75.71264,345.49,0.43,0.46,2020-11-06,827,N,VIIRS,n,2,301.94,4.48,D,0
30.4461,75.71136,341.06,0.43,0.46,2020-11-06,827,N,VIIRS,n,2,303.3,7.86,D,0
30.4465,75.67496,330.56,0.43,0.46,2020-11-06,827,N,VIIRS,n,2,299.5,2.03,D,0
30.44656,75.67616,333.81,0.43,0.46,2020-11-06,827,N,VIIRS,n,2,299.54,4.14,D,0
30.44672,75.11165,333.71,0.4,0.44,2020-11-06,827,N,VIIRS,n,2,301.85,5.03,D,0
30.44679,76.05122,330.94,0.45,0.47,2020-11-06,827,N,VIIRS,n,2,301.81,2.73,D,0
30.44816,75.85359,340.83,0.44,0.46,2020-11-06,827,N,VIIRS,n,2,300.14,2.26,D,0
30.44822,75.93758,332.57,0.44,0.46,2020-11-06,827,N,VIIRS,n,2,301.38,2.95,D,0
30.44835,75.44341,340.68,0.41,0.45,2020-11-06,827,N,VIIRS,n,2,301.83,3.25,D,0
30.44855,75.52752,353.85,0.42,0.45,2020-11-06,827,N,VIIRS,n,2,304.93,20.22,D,0
30.44978,75.21748,347.24,0.4,0.44,2020-11-06,827,N,VIIRS,n,2,311.53,22.01,D,0
30.45095,76.49715,340.39,0.47,0.48,2020-11-06,827,N,VIIRS,n,2,304.19,3.67,D,0
30.4511,76.05064,342.23,0.45,0.47,2020-11-06,827,N,VIIRS,n,2,302.1,2.73,D,0
30.45126,75.11523,339.31,0.4,0.44,2020-11-06,827,N,VIIRS,n,2,303.38,8.97,D,0
30.45131,75.76681,343.2,0.43,0.46,2020-11-06,827,N,VIIRS,n,2,303.72,8.78,D,0
30.45171,75.11939,341.38,0.4,0.44,2020-11-06,827,N,VIIRS,n,2,301.51,8.97,D,0
30.45173,75.08142,330.54,0.39,0.44,2020-11-06,827,N,VIIRS,l,2,301.18,4.15,D,0
30.45183,75.76543,338.49,0.43,0.46,2020-11-06,827,N,VIIRS,n,2,301.1,4.91,D,0
30.45203,75.93239,332.42,0.44,0.46,2020-11-06,827,N,VIIRS,n,2,299.41,1.91,D,0
30.45205,76.10312,337.58,0.45,0.47,2020-11-06,827,N,VIIRS,n,2,304.2,7.66,D,0
30.45231,75.76997,341.49,0.43,0.46,2020-11-06,827,N,VIIRS,n,2,301.6,4.91,D,0
30.45253,75.20428,342.49,0.4,0.44,2020-11-06,827,N,VIIRS,n,2,302.06,4.55,D,0
30.45275,75.65264,346.06,0.42,0.46,2020-11-06,827,N,VIIRS,n,2,307.33,10.52,D,0
30.45298,75.20849,343.11,0.4,0.44,2020-11-06,827,N,VIIRS,n,2,304.41,12.65,D,0
30.45301,76.11259,341.97,0.45,0.47,2020-11-06,827,N,VIIRS,n,2,306.22,8.49,D,0
30.45387,76.25303,341.85,0.46,0.47,2020-11-06,827,N,VIIRS,n,2,304.45,3.98,D,0
30.45388,75.21692,334.86,0.4,0.44,2020-11-06,827,N,VIIRS,n,2,299.61,22.01,D,0
30.45393,75.707,345.51,0.43,0.46,2020-11-06,827,N,VIIRS,n,2,301.27,4.12,D,0
30.45464,75.75132,341.32,0.43,0.46,2020-11-06,827,N,VIIRS,n,2,301.05,4.95,D,0
30.45477,75.4646,333.74,0.41,0.45,2020-11-06,827,N,VIIRS,n,2,299.23,2.56,D,0
30.45491,76.17503,340.64,0.45,0.47,2020-11-06,827,N,VIIRS,n,2,301.59,5.35,D,0
30.45512,75.75583,333.25,0.43,0.46,2020-11-06,827,N,VIIRS,n,2,300.41,4.15,D,0
30.45524,75.22959,332.59,0.4,0.44,2020-11-06,827,N,VIIRS,n,2,300.98,1.89,D,0
30.4553,75.59369,346.52,0.42,0.45,2020-11-06,827,N,VIIRS,n,2,300.83,4.32,D,0
30.45531,75.15277,342.48,0.4,0.44,2020-11-06,827,N,VIIRS,n,2,300.37,4.1,D,0
30.45575,75.59812,340.96,0.42,0.45,2020-11-06,827,N,VIIRS,n,2,301.4,4.32,D,0
30.45605,75.85862,342.51,0.44,0.46,2020-11-06,827,N,VIIRS,n,2,302.38,6.31,D,0
30.45627,76.27722,343.93,0.46,0.47,2020-11-06,827,N,VIIRS,n,2,306.66,6.97,D,0
30.45646,75.52199,340.77,0.42,0.45,2020-11-06,827,N,VIIRS,n,2,300.83,3.52,D,0
30.45696,75.65208,342.4,0.42,0.46,2020-11-06,827,N,VIIRS,n,2,299.67,10.52,D,0
30.45716,75.09329,346.32,0.4,0.44,2020-11-06,827,N,VIIRS,n,2,303.5,7.41,D,0
30.45717,75.85704,342.46,0.44,0.46,2020-11-06,827,N,VIIRS,n,2,302.76,7.42,D,0
30.45735,75.7844,332.5,0.43,0.46,2020-11-06,827,N,VIIRS,n,2,300.03,2.25,D,0
30.45779,75.98812,354.35,0.44,0.46,2020-11-06,827,N,VIIRS,n,2,307.22,17.33,D,0
30.45829,76.03544,342.6,0.45,0.47,2020-11-06,827,N,VIIRS,n,2,305.11,7.44,D,0
30.45844,75.75208,353.99,0.43,0.46,2020-11-06,827,N,VIIRS,n,2,304.94,22.77,D,0
30.45943,75.07613,354.75,0.39,0.44,2020-11-06,827,N,VIIRS,n,2,306.46,15,D,0
30.45976,75.27194,341.43,0.4,0.45,2020-11-06,827,N,VIIRS,n,2,300.8,8.5,D,0
30.45979,75.76567,346.5,0.43,0.46,2020-11-06,827,N,VIIRS,n,2,303.08,6.16,D,0
30.45988,75.04249,344.86,0.39,0.44,2020-11-06,827,N,VIIRS,n,2,304.06,8.42,D,0
30.46009,75.35421,342.46,0.41,0.45,2020-11-06,827,N,VIIRS,n,2,306.12,9.24,D,0
30.46077,75.16475,341.13,0.4,0.44,2020-11-06,827,N,VIIRS,n,2,301.65,6.24,D,0
30.46078,75.01311,343.16,0.39,0.44,2020-11-06,827,N,VIIRS,n,2,307.6,31.76,D,0
30.46115,75.7793,340.77,0.43,0.46,2020-11-06,827,N,VIIRS,n,2,301.55,5.75,D,0
30.4613,75.44605,342.58,0.41,0.45,2020-11-06,827,N,VIIRS,n,2,301.04,4.79,D,0
30.46187,75.82999,342.02,0.43,0.46,2020-11-06,827,N,VIIRS,n,2,301.28,3.5,D,0
30.46233,75.83456,330.07,0.43,0.46,2020-11-06,827,N,VIIRS,n,2,299.99,3.5,D,0
30.46325,75.58811,340.64,0.42,0.45,2020-11-06,827,N,VIIRS,n,2,302.55,10.75,D,0
30.46329,75.83305,338.73,0.43,0.46,2020-11-06,827,N,VIIRS,n,2,300.71,6.18,D,0
30.46347,75.00022,338.9,0.39,0.44,2020-11-06,827,N,VIIRS,n,2,301.19,2.67,D,0
30.46348,75.18993,330.19,0.4,0.44,2020-11-06,827,N,VIIRS,n,2,299.62,2,D,0
30.46404,75.7651,349.13,0.43,0.46,2020-11-06,827,N,VIIRS,n,2,300.12,6.77,D,0
30.4642,75.72385,342.25,0.43,0.46,2020-11-06,827,N,VIIRS,n,2,303.63,4.85,D,0
30.46424,75.35364,347.96,0.41,0.45,2020-11-06,827,N,VIIRS,n,2,304.52,13.15,D,0
30.46469,75.35793,342.21,0.41,0.45,2020-11-06,827,N,VIIRS,n,2,302.7,13.15,D,0
30.46486,75.088,331.52,0.4,0.44,2020-11-06,827,N,VIIRS,n,2,299.98,2.78,D,0
30.46514,75.36224,341.41,0.41,0.45,2020-11-06,827,N,VIIRS,n,2,301.63,4.19,D,0
30.46538,75.48526,330.11,0.42,0.45,2020-11-06,827,N,VIIRS,l,2,300.59,1.79,D,0
30.46644,76.33511,343.31,0.46,0.47,2020-11-06,827,N,VIIRS,n,2,306.82,7.02,D,0
30.46709,75.26231,333.3,0.4,0.45,2020-11-06,827,N,VIIRS,n,2,301.69,5.13,D,0
30.46735,75.42319,341.1,0.41,0.45,2020-11-06,827,N,VIIRS,n,2,301.78,5.66,D,0
30.46857,75.81058,343.8,0.43,0.46,2020-11-06,827,N,VIIRS,n,2,302.12,3.38,D,0
30.4691,75.48032,352.88,0.42,0.45,2020-11-06,827,N,VIIRS,n,2,306.58,18.61,D,0
30.46974,75.36596,342.31,0.41,0.45,2020-11-06,827,N,VIIRS,n,2,304.47,4.19,D,0
30.47024,75.33105,330.17,0.41,0.45,2020-11-06,827,N,VIIRS,n,2,302.19,1.6,D,0
30.4703,76.06722,331.1,0.45,0.47,2020-11-06,827,N,VIIRS,l,2,303.13,1.79,D,0
30.47032,75.17619,337.79,0.4,0.44,2020-11-06,827,N,VIIRS,n,2,299.63,2.9,D,0
30.4713,75.83801,334.64,0.44,0.46,2020-11-06,827,N,VIIRS,n,2,301.3,2.64,D,0
30.47151,75.42263,334.19,0.41,0.45,2020-11-06,827,N,VIIRS,n,2,299.33,4.22,D,0
30.47183,75.50655,334.46,0.42,0.45,2020-11-06,827,N,VIIRS,n,2,299.5,2.61,D,0
30.4721,75.5914,337.56,0.42,0.45,2020-11-06,827,N,VIIRS,n,2,300.15,3.43,D,0
30.47228,76.12932,347.6,0.45,0.47,2020-11-06,827,N,VIIRS,n,2,304.25,8.97,D,0
30.47253,75.04489,343.17,0.39,0.44,2020-11-06,827,N,VIIRS,n,2,308.81,29.93,D,0
30.47358,75.73172,341.1,0.43,0.46,2020-11-06,827,N,VIIRS,n,2,302.19,4.43,D,0
30.47389,75.77758,342.07,0.43,0.46,2020-11-06,827,N,VIIRS,n,2,303.59,5.43,D,0
30.47435,75.78213,337.25,0.43,0.46,2020-11-06,827,N,VIIRS,n,2,301.89,6.09,D,0
30.47438,75.09931,336.03,0.4,0.44,2020-11-06,827,N,VIIRS,n,2,301.33,1.76,D,0
30.47463,76.06667,337.18,0.45,0.47,2020-11-06,827,N,VIIRS,n,2,304.28,4.52,D,0
30.47473,75.65874,341.5,0.43,0.46,2020-11-06,827,N,VIIRS,n,2,304.18,4.99,D,0
30.47516,76.11452,354.94,0.45,0.47,2020-11-06,827,N,VIIRS,n,2,304.14,5.95,D,0
30.47533,75.26116,341.03,0.4,0.45,2020-11-06,827,N,VIIRS,n,2,300.95,4.25,D,0
30.47579,75.26541,342.18,0.4,0.45,2020-11-06,827,N,VIIRS,n,2,302.35,7.6,D,0
30.47623,75.15409,338.26,0.4,0.44,2020-11-06,827,N,VIIRS,n,2,300.55,2.96,D,0
30.47624,75.26965,353.41,0.4,0.45,2020-11-06,827,N,VIIRS,n,2,302.43,7.6,D,0
30.47676,75.59526,339.8,0.42,0.45,2020-11-06,827,N,VIIRS,n,2,300.96,3.43,D,0
30.47713,75.12429,332.4,0.4,0.44,2020-11-06,827,N,VIIRS,n,2,299.88,2.18,D,0
30.47839,75.69456,338.89,0.43,0.46,2020-11-06,827,N,VIIRS,n,2,301.8,3.23,D,0
30.4786,75.78156,348.69,0.43,0.46,2020-11-06,827,N,VIIRS,n,2,302.87,6.09,D,0
30.47885,75.69907,334.84,0.43,0.46,2020-11-06,827,N,VIIRS,n,2,299.97,4.32,D,0
30.4791,76.41811,339.76,0.47,0.48,2020-11-06,827,N,VIIRS,n,2,304.75,2.61,D,0
30.47936,75.41715,342.6,0.41,0.45,2020-11-06,827,N,VIIRS,n,2,301.87,3.44,D,0
30.4794,75.37773,333.86,0.41,0.45,2020-11-06,827,N,VIIRS,n,2,301.3,3.11,D,0
30.47945,75.2606,336.13,0.4,0.45,2020-11-06,827,N,VIIRS,n,2,307.41,28.94,D,0
30.47991,75.26484,341.59,0.4,0.45,2020-11-06,827,N,VIIRS,n,2,300.52,16.94,D,0
30.48028,75.42581,330.78,0.41,0.45,2020-11-06,827,N,VIIRS,n,2,300.14,4.66,D,0
30.48076,75.11954,336.39,0.4,0.44,2020-11-06,827,N,VIIRS,n,2,300.48,3.67,D,0
30.48195,75.56314,342.35,0.42,0.45,2020-11-06,827,N,VIIRS,n,2,305.62,15.4,D,0
30.48279,75.61246,341.2,0.42,0.45,2020-11-06,827,N,VIIRS,n,2,302.49,7.9,D,0
30.48352,75.41658,340.75,0.41,0.45,2020-11-06,827,N,VIIRS,n,2,300.12,3.44,D,0
30.48431,75.54494,335.79,0.42,0.45,2020-11-06,827,N,VIIRS,n,2,300.23,3.05,D,0
30.48516,75.59413,352.78,0.42,0.45,2020-11-06,827,N,VIIRS,n,2,302.63,7.23,D,0
30.48685,75.11047,336.44,0.4,0.44,2020-11-06,827,N,VIIRS,n,2,300.59,3.77,D,0
30.48724,75.37227,348.03,0.41,0.45,2020-11-06,827,N,VIIRS,n,2,302.96,8.16,D,0
30.48792,75.62077,334.22,0.42,0.45,2020-11-06,827,N,VIIRS,n,2,301.56,7.29,D,0
30.48877,75.08907,335.09,0.4,0.44,2020-11-06,827,N,VIIRS,n,2,304.46,3.03,D,0
30.4892,75.09324,340.99,0.4,0.44,2020-11-06,827,N,VIIRS,n,2,303,4.39,D,0
30.4896,76.02349,340.21,0.45,0.47,2020-11-06,827,N,VIIRS,n,2,303.91,4.74,D,0
30.49006,76.02819,341.53,0.45,0.47,2020-11-06,827,N,VIIRS,n,2,304.01,4.74,D,0
30.4902,75.85409,337.71,0.44,0.46,2020-11-06,827,N,VIIRS,n,2,301.67,3.21,D,0
30.49025,75.09286,341.53,0.4,0.44,2020-11-06,827,N,VIIRS,n,2,304.06,5.45,D,0
30.49088,75.77531,333.27,0.43,0.46,2020-11-06,827,N,VIIRS,n,2,302.84,3.15,D,0
30.49158,75.86787,337.95,0.44,0.46,2020-11-06,827,N,VIIRS,n,2,303.04,4.02,D,0
30.49186,75.00049,336.33,0.39,0.44,2020-11-06,827,N,VIIRS,n,2,301.82,2.73,D,0
30.4919,75.743,330.82,0.43,0.46,2020-11-06,827,N,VIIRS,l,2,301.15,3.06,D,0
30.49282,76.05643,339.6,0.45,0.47,2020-11-06,827,N,VIIRS,n,2,305.15,2.97,D,0
30.49321,75.31052,353.25,0.41,0.45,2020-11-06,827,N,VIIRS,n,2,305.49,15.55,D,0
30.49344,75.05471,351.02,0.39,0.44,2020-11-06,827,N,VIIRS,n,2,303.83,10.6,D,0
30.49374,76.06586,334.41,0.45,0.47,2020-11-06,827,N,VIIRS,n,2,303.63,3.97,D,0
30.49503,75.52565,342.4,0.42,0.45,2020-11-06,827,N,VIIRS,n,2,303.84,11.49,D,0
30.49642,75.53883,336.12,0.42,0.45,2020-11-06,827,N,VIIRS,n,2,300.48,1.96,D,0
30.4968,75.62408,356.89,0.42,0.45,2020-11-06,827,N,VIIRS,n,2,305.46,14.14,D,0
30.49738,75.42787,353.92,0.41,0.45,2020-11-06,827,N,VIIRS,n,2,304.24,17.14,D,0
30.49807,76.06529,341.69,0.45,0.47,2020-11-06,827,N,VIIRS,n,2,303.11,3.97,D,0
30.49922,75.36626,344.69,0.41,0.45,2020-11-06,827,N,VIIRS,n,2,307.58,14.19,D,0
30.49973,76.44559,342.06,0.47,0.48,2020-11-06,827,N,VIIRS,n,2,307.74,18.33,D,0
30.50012,75.33563,330.15,0.41,0.45,2020-11-06,827,N,VIIRS,n,2,299.29,2.18,D,0
30.50022,75.82487,330.37,0.43,0.46,2020-11-06,827,N,VIIRS,n,2,300.57,2.67,D,0
30.50068,76.41036,332.51,0.47,0.48,2020-11-06,827,N,VIIRS,l,2,305.55,3.21,D,0
30.50101,75.6235,345.72,0.42,0.45,2020-11-06,827,N,VIIRS,n,2,302.07,6.46,D,0
30.50104,75.58299,333.07,0.42,0.45,2020-11-06,827,N,VIIRS,n,2,300.35,2.89,D,0
30.50105,75.34422,339.56,0.41,0.45,2020-11-06,827,N,VIIRS,n,2,300.83,5.43,D,0
30.50105,75.87594,330.35,0.44,0.46,2020-11-06,827,N,VIIRS,n,2,301.27,1.95,D,0
30.50128,75.96507,332.85,0.44,0.46,2020-11-06,827,N,VIIRS,n,2,301.25,3.58,D,0
30.50144,75.27048,332.3,0.4,0.45,2020-11-06,827,N,VIIRS,n,2,299.44,2.25,D,0
30.50172,75.0158,341.05,0.39,0.44,2020-11-06,827,N,VIIRS,n,2,302.39,18.89,D,0
30.50173,75.1338,340.04,0.4,0.44,2020-11-06,827,N,VIIRS,n,2,301.5,4.05,D,0
30.50174,75.96973,337.11,0.44,0.46,2020-11-06,827,N,VIIRS,n,2,300.24,3.58,D,0
30.50224,75.75999,343.73,0.43,0.46,2020-11-06,827,N,VIIRS,n,2,302.15,4.84,D,0
30.50303,75.02819,347.02,0.39,0.44,2020-11-06,827,N,VIIRS,n,2,314.55,49.9,D,0
30.50345,76.16573,330.59,0.45,0.47,2020-11-06,827,N,VIIRS,n,2,304.02,2.33,D,0
30.50383,75.6096,339.11,0.42,0.45,2020-11-06,827,N,VIIRS,n,2,299.59,6.48,D,0
30.50421,75.69566,344.48,0.43,0.46,2020-11-06,827,N,VIIRS,n,2,300.41,5.73,D,0
30.50522,75.04884,355,0.39,0.44,2020-11-06,827,N,VIIRS,n,2,303.58,11.55,D,0
30.50524,75.58243,355.82,0.42,0.45,2020-11-06,827,N,VIIRS,n,2,305.51,19.14,D,0
30.50538,75.12904,341.96,0.4,0.44,2020-11-06,827,N,VIIRS,n,2,301.49,6.89,D,0
30.50566,75.05298,341.73,0.39,0.44,2020-11-06,827,N,VIIRS,n,2,303.86,11.55,D,0
30.50568,75.38722,335.65,0.41,0.45,2020-11-06,827,N,VIIRS,n,2,300.84,3.43,D,0
30.50578,75.01522,353.3,0.39,0.44,2020-11-06,827,N,VIIRS,n,2,308.04,18.89,D,0
30.50594,76.14603,331.32,0.45,0.47,2020-11-06,827,N,VIIRS,l,2,302.57,3.58,D,0
30.50615,75.92675,352.29,0.44,0.46,2020-11-06,827,N,VIIRS,n,2,304.17,11.22,D,0
30.50648,75.75943,336.52,0.43,0.46,2020-11-06,827,N,VIIRS,n,2,300.39,4.85,D,0
30.50659,76.42463,330.28,0.47,0.48,2020-11-06,827,N,VIIRS,n,2,303.79,1.87,D,0
30.50661,75.63629,332.11,0.42,0.46,2020-11-06,827,N,VIIRS,n,2,301.41,3.29,D,0
30.50695,75.28266,341.84,0.41,0.45,2020-11-06,827,N,VIIRS,n,2,303.18,4.17,D,0
30.50695,75.76397,342.05,0.43,0.46,2020-11-06,827,N,VIIRS,n,2,305.69,4.85,D,0
30.50708,75.64076,331.32,0.42,0.46,2020-11-06,827,N,VIIRS,n,2,300.35,2.12,D,0
30.50778,76.03061,331.47,0.45,0.47,2020-11-06,827,N,VIIRS,l,2,303.14,21.36,D,0
30.50807,76.43951,351.27,0.47,0.48,2020-11-06,827,N,VIIRS,n,2,308.73,26.45,D,0
30.50824,76.03531,352.03,0.45,0.47,2020-11-06,827,N,VIIRS,n,2,310.57,21.36,D,0
30.50841,75.03999,355.83,0.39,0.44,2020-11-06,827,N,VIIRS,n,2,308.57,11.03,D,0
30.50871,76.04002,340.85,0.45,0.47,2020-11-06,827,N,VIIRS,n,2,303.71,12.49,D,0
30.50883,75.28281,345.75,0.41,0.45,2020-11-06,827,N,VIIRS,n,2,301.08,5.12,D,0
30.50885,75.04412,335.28,0.39,0.44,2020-11-06,827,N,VIIRS,n,2,301.93,11.03,D,0
30.50984,75.01465,339.49,0.39,0.44,2020-11-06,827,N,VIIRS,n,2,301.54,5.05,D,0
30.50984,75.7086,330.56,0.43,0.46,2020-11-06,827,N,VIIRS,n,2,302.97,14.31,D,0
30.51031,75.7131,342.84,0.43,0.46,2020-11-06,827,N,VIIRS,n,2,307.89,23.08,D,0
30.51036,75.63127,340.56,0.42,0.45,2020-11-06,827,N,VIIRS,n,2,300.41,6.22,D,0
30.51045,76.3742,333.18,0.47,0.48,2020-11-06,827,N,VIIRS,n,2,304.19,2.53,D,0
30.51061,75.06069,346.43,0.39,0.44,2020-11-06,827,N,VIIRS,n,2,301.61,4.58,D,0
30.51064,75.17939,352.64,0.4,0.44,2020-11-06,827,N,VIIRS,n,2,301.59,9.17,D,0
30.51082,75.63573,341.56,0.42,0.46,2020-11-06,827,N,VIIRS,n,2,300.79,6.22,D,0
30.5112,75.76341,343.08,0.43,0.46,2020-11-06,827,N,VIIRS,n,2,301.1,4.85,D,0
30.51152,75.18781,341.3,0.4,0.44,2020-11-06,827,N,VIIRS,n,2,300.66,5.9,D,0
30.5118,75.23064,339.35,0.4,0.44,2020-11-06,827,N,VIIRS,n,2,300.92,5.48,D,0
30.51468,75.06012,342.71,0.39,0.44,2020-11-06,827,N,VIIRS,n,2,305.17,6.55,D,0
30.51479,75.02232,334.7,0.39,0.44,2020-11-06,827,N,VIIRS,n,2,301.16,1.84,D,0
30.51489,76.05831,338.88,0.45,0.47,2020-11-06,827,N,VIIRS,n,2,301.07,6.72,D,0
30.515,76.01538,332.34,0.45,0.47,2020-11-06,827,N,VIIRS,n,2,303.71,2.13,D,0
30.51504,75.55418,331.61,0.42,0.45,2020-11-06,827,N,VIIRS,n,2,300.09,1.83,D,0
30.51536,76.06303,341.38,0.45,0.47,2020-11-06,827,N,VIIRS,n,2,303.41,6.72,D,0
30.51583,76.06775,340.93,0.45,0.47,2020-11-06,827,N,VIIRS,n,2,301.51,2.11,D,0
30.51865,75.42936,333.11,0.41,0.45,2020-11-06,827,N,VIIRS,n,2,299.53,2.97,D,0
30.51918,75.42547,339.99,0.41,0.45,2020-11-06,827,N,VIIRS,n,2,302.37,10.89,D,0
30.51921,75.51345,334.02,0.42,0.45,2020-11-06,827,N,VIIRS,n,2,299.48,8.15,D,0
30.52003,75.22948,345.42,0.4,0.44,2020-11-06,827,N,VIIRS,n,2,300.89,4.87,D,0
30.52074,75.15664,335.89,0.4,0.44,2020-11-06,827,N,VIIRS,n,2,300.05,3.22,D,0
30.52159,75.0088,341.32,0.39,0.44,2020-11-06,827,N,VIIRS,n,2,305.2,4.55,D,0
30.52204,75.58014,336.31,0.42,0.45,2020-11-06,827,N,VIIRS,n,2,300.72,3,D,0
30.52281,75.3373,340.24,0.41,0.45,2020-11-06,827,N,VIIRS,n,2,303.63,8.75,D,0
30.52281,75.42879,340.67,0.41,0.45,2020-11-06,827,N,VIIRS,n,2,300.18,7.52,D,0
30.52341,75.84035,349.53,0.44,0.46,2020-11-06,827,N,VIIRS,n,2,303.93,13.9,D,0
30.5244,75.76624,341.02,0.43,0.46,2020-11-06,827,N,VIIRS,n,2,302.2,8.59,D,0
30.5245,75.11362,335.95,0.4,0.44,2020-11-06,827,N,VIIRS,n,2,300.72,2.76,D,0
30.52489,75.27625,347.22,0.41,0.45,2020-11-06,827,N,VIIRS,n,2,304.24,14.34,D,0
30.52637,75.09219,344.7,0.4,0.44,2020-11-06,827,N,VIIRS,n,2,305.01,8.15,D,0
30.52654,75.01646,337.6,0.39,0.44,2020-11-06,827,N,VIIRS,n,2,300.85,1.45,D,0
30.5268,75.25437,350.56,0.4,0.45,2020-11-06,827,N,VIIRS,n,2,300.44,8.4,D,0
30.52804,75.51671,340.99,0.42,0.45,2020-11-06,827,N,VIIRS,n,2,298.89,5.55,D,0
30.52845,75.5173,333.15,0.42,0.45,2020-11-06,827,N,VIIRS,n,2,298.68,3.35,D,0
30.52856,75.39337,341.53,0.41,0.45,2020-11-06,827,N,VIIRS,n,2,302.47,3.67,D,0
30.52865,75.76567,341.44,0.43,0.46,2020-11-06,827,N,VIIRS,n,2,302.59,8.59,D,0
30.52946,75.27994,344.27,0.41,0.45,2020-11-06,827,N,VIIRS,n,2,305.61,8.89,D,0
30.53094,75.91409,335.06,0.44,0.46,2020-11-06,827,N,VIIRS,n,2,301.75,3.3,D,0
30.53116,76.08971,340.4,0.45,0.47,2020-11-06,827,N,VIIRS,n,2,302.61,3.71,D,0
30.53187,75.06612,336.92,0.4,0.44,2020-11-06,827,N,VIIRS,n,2,301.33,4.94,D,0
30.53223,75.10829,332.61,0.4,0.44,2020-11-06,827,N,VIIRS,n,2,300.56,2.32,D,0
30.53231,75.07026,346.19,0.4,0.44,2020-11-06,827,N,VIIRS,n,2,307.34,31.09,D,0
30.53248,76.1474,338.24,0.45,0.47,2020-11-06,827,N,VIIRS,n,2,302.49,3.27,D,0
30.53257,75.30985,354.22,0.41,0.45,2020-11-06,827,N,VIIRS,n,2,303.13,9,D,0
30.53316,75.39713,341.93,0.41,0.45,2020-11-06,827,N,VIIRS,n,2,301.6,4.13,D,0
30.53327,75.60561,341.28,0.42,0.45,2020-11-06,827,N,VIIRS,n,2,300.15,4.43,D,0
30.53346,75.31841,340.88,0.41,0.45,2020-11-06,827,N,VIIRS,n,2,302.22,9.94,D,0
30.53358,75.48924,337.62,0.42,0.45,2020-11-06,827,N,VIIRS,n,2,299.01,2.86,D,0
30.53375,75.61005,331.26,0.42,0.45,2020-11-06,827,N,VIIRS,n,2,299.34,4.22,D,0
30.53425,75.65522,341.99,0.43,0.46,2020-11-06,827,N,VIIRS,n,2,314.18,27.48,D,0
30.53473,75.6597,332.04,0.43,0.46,2020-11-06,827,N,VIIRS,n,2,299.4,27.48,D,0
30.5352,75.66418,344.04,0.43,0.46,2020-11-06,827,N,VIIRS,n,2,300.21,4.73,D,0
30.53522,75.91352,338.06,0.44,0.46,2020-11-06,827,N,VIIRS,n,2,303.22,3.3,D,0
30.53549,75.06138,332,0.39,0.44,2020-11-06,827,N,VIIRS,l,2,302.73,4.94,D,0
30.53553,75.54694,342.02,0.42,0.45,2020-11-06,827,N,VIIRS,n,2,300.6,3.39,D,0
30.53575,75.54759,335.92,0.42,0.45,2020-11-06,827,N,VIIRS,n,2,299.93,2.96,D,0
30.53579,75.14175,347.44,0.4,0.44,2020-11-06,827,N,VIIRS,n,2,302.88,5.56,D,0
30.53624,75.14594,340.13,0.4,0.44,2020-11-06,827,N,VIIRS,n,2,299.59,3.67,D,0
30.53641,75.51558,331.76,0.42,0.45,2020-11-06,827,N,VIIRS,n,2,300.26,1.37,D,0
30.53683,75.51616,331.35,0.42,0.45,2020-11-06,827,N,VIIRS,n,2,300.09,19.77,D,0
30.53705,75.64125,347.72,0.42,0.46,2020-11-06,827,N,VIIRS,n,2,301.94,6.24,D,0
30.53868,75.05251,332.76,0.39,0.44,2020-11-06,827,N,VIIRS,n,2,300.65,1.37,D,0
30.53901,75.74131,345.6,0.43,0.46,2020-11-06,827,N,VIIRS,n,2,303.46,12.88,D,0
30.53931,75.58302,330.58,0.42,0.45,2020-11-06,827,N,VIIRS,n,2,300.31,2.12,D,0
30.53942,75.66361,348.87,0.43,0.46,2020-11-06,827,N,VIIRS,n,2,308.3,41.42,D,0
30.54047,75.8381,342.91,0.44,0.46,2020-11-06,827,N,VIIRS,n,2,302.36,3.76,D,0
30.54051,75.03125,344.51,0.39,0.44,2020-11-06,827,N,VIIRS,n,2,303.3,5.69,D,0
30.54096,75.03539,341.04,0.39,0.44,2020-11-06,827,N,VIIRS,n,2,301.36,4.22,D,0
30.54146,75.51999,343.01,0.42,0.45,2020-11-06,827,N,VIIRS,n,2,305.6,38.01,D,0
30.54159,75.19643,341.42,0.4,0.44,2020-11-06,827,N,VIIRS,n,2,301.39,6.41,D,0
30.54184,75.27821,340.68,0.41,0.45,2020-11-06,827,N,VIIRS,n,2,302.12,5.13,D,0
30.54252,75.48866,349.3,0.42,0.45,2020-11-06,827,N,VIIRS,n,2,304.69,18.61,D,0
30.54287,76.43729,343.09,0.47,0.48,2020-11-06,827,N,VIIRS,n,2,305.87,7.34,D,0
30.54314,76.12183,345.31,0.45,0.47,2020-11-06,827,N,VIIRS,n,2,307.97,12.66,D,0
30.54417,75.70856,340.12,0.43,0.46,2020-11-06,827,N,VIIRS,n,2,303.75,4,D,0
30.54429,75.38243,339.65,0.41,0.45,2020-11-06,827,N,VIIRS,n,2,300.81,3.13,D,0
30.5444,75.59133,337.7,0.42,0.45,2020-11-06,827,N,VIIRS,n,2,302.31,3.29,D,0
30.54447,75.59059,332.36,0.42,0.45,2020-11-06,827,N,VIIRS,n,2,302.09,3.71,D,0
30.54486,75.34734,341.61,0.41,0.45,2020-11-06,827,N,VIIRS,n,2,301.9,5.06,D,0
30.54817,75.0638,348,0.4,0.44,2020-11-06,827,N,VIIRS,n,2,308.07,22.46,D,0
30.54877,75.4258,338.26,0.41,0.45,2020-11-06,827,N,VIIRS,n,2,300.62,4.73,D,0
30.54908,76.31664,330.84,0.46,0.47,2020-11-06,827,N,VIIRS,n,2,303.27,2.65,D,0
30.54922,75.43015,341.5,0.41,0.45,2020-11-06,827,N,VIIRS,n,2,302.59,7.66,D,0
30.54958,75.00066,341.94,0.39,0.44,2020-11-06,827,N,VIIRS,n,2,303.47,8.89,D,0
30.55011,75.43886,341.83,0.41,0.45,2020-11-06,827,N,VIIRS,n,2,301.41,5.33,D,0
30.55324,75.30698,336.2,0.41,0.45,2020-11-06,827,N,VIIRS,n,2,301.26,4.65,D,0
30.55359,75.0757,333.8,0.4,0.44,2020-11-06,827,N,VIIRS,n,2,301.59,2.32,D,0
30.55369,75.31127,340.54,0.41,0.45,2020-11-06,827,N,VIIRS,n,2,301.49,4.65,D,0
30.55404,75.07985,331,0.4,0.44,2020-11-06,827,N,VIIRS,n,2,300.8,2.32,D,0
30.55428,75.43829,338.83,0.41,0.45,2020-11-06,827,N,VIIRS,n,2,299.79,3.78,D,0
30.55572,75.98629,340.48,0.44,0.46,2020-11-06,827,N,VIIRS,n,2,303.74,4.65,D,0
30.55641,75.5001,343.89,0.42,0.45,2020-11-06,827,N,VIIRS,n,2,305.93,14.12,D,0
30.55667,75.18148,341.4,0.4,0.44,2020-11-06,827,N,VIIRS,n,2,299.64,3.25,D,0
30.55674,75.10485,347.22,0.4,0.44,2020-11-06,827,N,VIIRS,n,2,307.49,36.3,D,0
30.55761,75.15147,344.67,0.4,0.44,2020-11-06,827,N,VIIRS,n,2,316.81,38.78,D,0
30.55828,75.31499,343.72,0.41,0.45,2020-11-06,827,N,VIIRS,n,2,302.9,7.39,D,0
30.55882,75.60741,333.2,0.42,0.45,2020-11-06,827,N,VIIRS,n,2,298.97,3.62,D,0
30.55927,75.61188,342.81,0.42,0.45,2020-11-06,827,N,VIIRS,n,2,299.3,3.62,D,0
30.55994,75.05793,330.58,0.39,0.44,2020-11-06,827,N,VIIRS,n,2,301.82,1.69,D,0
30.56036,75.41538,340.54,0.41,0.45,2020-11-06,827,N,VIIRS,n,2,302.39,5.97,D,0
30.5607,75.45952,344.8,0.42,0.45,2020-11-06,827,N,VIIRS,n,2,302.35,3.21,D,0
30.56077,75.18091,340.69,0.4,0.44,2020-11-06,827,N,VIIRS,n,2,298.73,5.19,D,0
30.56081,75.41973,340.96,0.41,0.45,2020-11-06,827,N,VIIRS,n,2,302.25,6.61,D,0
30.56126,75.42409,341.81,0.41,0.45,2020-11-06,827,N,VIIRS,n,2,300.9,6.61,D,0
30.5613,75.0704,336.55,0.4,0.44,2020-11-06,827,N,VIIRS,n,2,300.24,1.69,D,0
30.56131,75.03252,337.86,0.39,0.44,2020-11-06,827,N,VIIRS,n,2,302.77,7.63,D,0
30.56171,75.15089,351.14,0.4,0.44,2020-11-06,827,N,VIIRS,n,2,304.56,38.78,D,0
30.56176,75.03665,340.58,0.39,0.44,2020-11-06,827,N,VIIRS,n,2,300.74,7.63,D,0
30.56195,76.04734,341.91,0.45,0.47,2020-11-06,827,N,VIIRS,n,2,303.28,3.68,D,0
30.56264,75.12099,338.8,0.4,0.44,2020-11-06,827,N,VIIRS,n,2,299.24,2.18,D,0
30.56288,76.18717,341.1,0.46,0.47,2020-11-06,827,N,VIIRS,n,2,303.8,2.54,D,0
30.56375,75.53034,343.89,0.42,0.45,2020-11-06,827,N,VIIRS,n,2,310.45,25.5,D,0
30.56385,75.9805,346.37,0.44,0.46,2020-11-06,827,N,VIIRS,n,2,304.84,10.75,D,0
30.56529,75.99454,335.11,0.44,0.46,2020-11-06,827,N,VIIRS,n,2,302.76,2.52,D,0
30.56535,75.14612,349.35,0.4,0.44,2020-11-06,827,N,VIIRS,n,2,310.67,19.01,D,0
30.56553,75.80331,332.52,0.43,0.46,2020-11-06,827,N,VIIRS,n,2,302.23,2.97,D,0
30.56587,75.42786,335.51,0.41,0.45,2020-11-06,827,N,VIIRS,n,2,300.9,10.45,D,0
30.56627,75.00249,343.45,0.39,0.44,2020-11-06,827,N,VIIRS,n,2,310.43,66.6,D,0
30.56633,75.43222,341.81,0.41,0.45,2020-11-06,827,N,VIIRS,n,2,299.84,10.45,D,0
30.56671,75.15871,332.36,0.4,0.44,2020-11-06,827,N,VIIRS,n,2,299.19,1.87,D,0
30.56703,75.84389,330.32,0.44,0.46,2020-11-06,827,N,VIIRS,l,2,302.5,3.8,D,0
30.56723,75.44093,343.17,0.41,0.45,2020-11-06,827,N,VIIRS,n,2,305.77,69.56,D,0
30.56734,75.82163,332.03,0.44,0.46,2020-11-06,827,N,VIIRS,n,2,300.78,3,D,0
30.56757,75.89049,332.02,0.44,0.46,2020-11-06,827,N,VIIRS,n,2,302.89,3.21,D,0
30.56888,75.8204,334.4,0.43,0.46,2020-11-06,827,N,VIIRS,n,2,300.83,1.92,D,0
30.56915,75.83999,340.91,0.44,0.46,2020-11-06,827,N,VIIRS,n,2,303.18,5.19,D,0
30.56965,76.07987,341.46,0.45,0.47,2020-11-06,827,N,VIIRS,n,2,304.25,12.91,D,0
30.56986,75.8913,354.95,0.44,0.46,2020-11-06,827,N,VIIRS,n,2,310.13,22.63,D,0
30.5699,75.14973,344.68,0.4,0.44,2020-11-06,827,N,VIIRS,n,2,302,15.52,D,0
30.57041,75.4715,330,0.42,0.45,2020-11-06,827,N,VIIRS,n,2,298.87,3.03,D,0
30.57063,75.35252,336.63,0.41,0.45,2020-11-06,827,N,VIIRS,n,2,301.94,8.51,D,0
30.57066,75.55628,335.5,0.42,0.45,2020-11-06,827,N,VIIRS,n,2,301.02,2.28,D,0
30.57082,75.11985,350.52,0.4,0.44,2020-11-06,827,N,VIIRS,n,2,302.87,17.52,D,0
30.57095,75.436,343.02,0.41,0.45,2020-11-06,827,N,VIIRS,n,2,300.59,5.14,D,0
30.5713,75.84333,343.47,0.44,0.46,2020-11-06,827,N,VIIRS,n,2,302.02,3.8,D,0
30.57186,75.88993,349.75,0.44,0.46,2020-11-06,827,N,VIIRS,n,2,306.59,13.74,D,0
30.57222,75.48903,343.6,0.42,0.45,2020-11-06,827,N,VIIRS,n,2,300.17,3.77,D,0
30.57234,75.89455,341.26,0.44,0.46,2020-11-06,827,N,VIIRS,n,2,302.59,13.74,D,0
30.57264,75.13659,339.54,0.4,0.44,2020-11-06,827,N,VIIRS,n,2,301.12,3.58,D,0
30.57268,75.49341,340.14,0.42,0.45,2020-11-06,827,N,VIIRS,n,2,298.82,3.77,D,0
30.57349,75.54243,344.42,0.42,0.45,2020-11-06,827,N,VIIRS,n,2,302.35,7.64,D,0
30.57353,75.06867,332.98,0.4,0.44,2020-11-06,827,N,VIIRS,n,2,299.58,1.55,D,0
30.57399,75.07283,336.65,0.4,0.44,2020-11-06,827,N,VIIRS,n,2,305.18,12.39,D,0
30.57421,75.76053,332.74,0.43,0.46,2020-11-06,827,N,VIIRS,n,2,301.52,2.71,D,0
30.57427,75.38707,340.94,0.41,0.45,2020-11-06,827,N,VIIRS,n,2,301.31,3.76,D,0
30.57432,75.34764,357.27,0.41,0.45,2020-11-06,827,N,VIIRS,n,2,304.92,8.51,D,0
30.57444,75.07698,350.45,0.4,0.44,2020-11-06,827,N,VIIRS,n,2,301.71,12.39,D,0
30.57458,75.47093,335.32,0.42,0.45,2020-11-06,827,N,VIIRS,n,2,299.16,39.78,D,0
30.57466,75.43107,340.74,0.41,0.45,2020-11-06,827,N,VIIRS,n,2,301.73,9.71,D,0
30.57478,75.35195,334.69,0.41,0.45,2020-11-06,827,N,VIIRS,n,2,299.84,8.51,D,0
30.57482,75.96012,350.72,0.44,0.46,2020-11-06,827,N,VIIRS,n,2,306.51,5.42,D,0
30.57504,75.4753,347.71,0.42,0.45,2020-11-06,827,N,VIIRS,n,2,318.99,39.78,D,0
30.57582,75.20452,337.91,0.4,0.44,2020-11-06,827,N,VIIRS,n,2,302.14,2.92,D,0
30.57603,75.77875,340,0.43,0.46,2020-11-06,827,N,VIIRS,n,2,302.25,7.96,D,0
30.57611,75.6096,334.26,0.42,0.45,2020-11-06,827,N,VIIRS,n,2,299.54,3.19,D,0
30.57631,75.52862,338.16,0.42,0.45,2020-11-06,827,N,VIIRS,n,2,301.55,2.83,D,0
30.57649,75.78332,341.99,0.43,0.46,2020-11-06,827,N,VIIRS,n,2,302.52,7.96,D,0
30.57657,75.61405,330.08,0.42,0.45,2020-11-06,827,N,VIIRS,l,2,300.44,3.56,D,0
30.57667,75.96107,342.39,0.44,0.46,2020-11-06,827,N,VIIRS,n,2,305.53,7.14,D,0
30.57713,75.57787,336.89,0.42,0.45,2020-11-06,827,N,VIIRS,n,2,300.52,3.44,D,0
30.57731,75.49723,367,0.42,0.45,2020-11-06,827,N,VIIRS,h,2,302.25,11.94,D,0
30.57738,76.11258,367,0.45,0.47,2020-11-06,827,N,VIIRS,h,2,326.78,33.47,D,0
30.57786,76.11734,344.23,0.45,0.47,2020-11-06,827,N,VIIRS,n,2,304.14,53.49,D,0
30.5781,75.18705,336.99,0.4,0.44,2020-11-06,827,N,VIIRS,n,2,303.28,7.46,D,0
30.57831,75.80161,332.95,0.43,0.46,2020-11-06,827,N,VIIRS,n,2,300.84,3.71,D,0
30.57839,75.63193,352.92,0.42,0.46,2020-11-06,827,N,VIIRS,n,2,304.83,25.34,D,0
30.57856,75.19127,341.21,0.4,0.44,2020-11-06,827,N,VIIRS,n,2,302.37,9.22,D,0
30.57914,75.51482,340.14,0.42,0.45,2020-11-06,827,N,VIIRS,n,2,300.88,3.99,D,0
30.57987,75.60458,338.89,0.42,0.45,2020-11-06,827,N,VIIRS,n,2,300.53,5.15,D,0
30.57989,75.0889,330.73,0.4,0.44,2020-11-06,827,N,VIIRS,n,2,299.75,4.68,D,0
30.58024,75.90869,336.13,0.44,0.46,2020-11-06,827,N,VIIRS,n,2,301.47,2.75,D,0
30.58032,75.60902,339.89,0.42,0.45,2020-11-06,827,N,VIIRS,n,2,300.63,5.15,D,0
30.58035,75.09306,345.22,0.4,0.44,2020-11-06,827,N,VIIRS,n,2,302.35,4.68,D,0
30.5813,75.21665,353.77,0.4,0.44,2020-11-06,827,N,VIIRS,n,2,304.02,14.13,D,0
30.58172,76.11201,344.43,0.45,0.47,2020-11-06,827,N,VIIRS,n,2,304.08,33.47,D,0
30.58175,75.22088,340.86,0.4,0.44,2020-11-06,827,N,VIIRS,n,2,299.49,14.13,D,0
30.58208,75.42121,335.94,0.41,0.45,2020-11-06,827,N,VIIRS,n,2,300.53,9.81,D,0
30.58248,75.46542,340.91,0.42,0.45,2020-11-06,827,N,VIIRS,n,2,300.58,7.34,D,0
30.58253,75.42556,344.25,0.41,0.45,2020-11-06,827,N,VIIRS,n,2,310.6,24.2,D,0
30.58312,75.2725,339.48,0.41,0.45,2020-11-06,827,N,VIIRS,n,2,299.99,2,D,0
30.58333,75.51426,336.39,0.42,0.45,2020-11-06,827,N,VIIRS,n,2,300.52,3.99,D,0
30.58397,75.08833,336.84,0.4,0.44,2020-11-06,827,N,VIIRS,n,2,300,30.72,D,0
30.58501,75.02659,339.98,0.39,0.44,2020-11-06,827,N,VIIRS,n,2,300.86,4.63,D,0
30.58527,75.02494,334.02,0.39,0.44,2020-11-06,827,N,VIIRS,n,2,301,2.91,D,0
30.58545,75.78674,341.81,0.43,0.46,2020-11-06,827,N,VIIRS,n,2,302.07,5.77,D,0
30.58582,75.66274,333.42,0.43,0.46,2020-11-06,827,N,VIIRS,n,2,300.87,3.43,D,0
30.58623,75.07111,337.76,0.4,0.44,2020-11-06,827,N,VIIRS,n,2,298.99,3.92,D,0
30.58637,75.79588,335.01,0.43,0.46,2020-11-06,827,N,VIIRS,n,2,303.08,2.71,D,0
30.58722,75.35023,355.12,0.41,0.45,2020-11-06,827,N,VIIRS,n,2,305.16,7.37,D,0
30.58806,75.08775,345.61,0.4,0.44,2020-11-06,827,N,VIIRS,n,2,302.52,30.72,D,0
30.58852,75.09193,345.15,0.4,0.44,2020-11-06,827,N,VIIRS,n,2,301.45,30.72,D,0
30.58861,75.32385,337,0.41,0.45,2020-11-06,827,N,VIIRS,n,2,299.82,2.25,D,0
30.58905,75.3675,344.09,0.41,0.45,2020-11-06,827,N,VIIRS,n,2,301.82,5.18,D,0
30.58993,75.14268,339.13,0.4,0.44,2020-11-06,827,N,VIIRS,n,2,301.48,4.19,D,0
30.59004,75.66218,339.09,0.43,0.46,2020-11-06,827,N,VIIRS,n,2,299.86,3.43,D,0
30.59027,75.54016,341.48,0.42,0.45,2020-11-06,827,N,VIIRS,n,2,301.32,4.9,D,0
30.59135,75.38913,332.18,0.41,0.45,2020-11-06,827,N,VIIRS,n,2,300.45,4.33,D,0
30.59181,75.39346,330.08,0.41,0.45,2020-11-06,827,N,VIIRS,n,2,300.21,4.33,D,0
30.59212,75.76734,352.36,0.43,0.46,2020-11-06,827,N,VIIRS,n,2,302.38,8.21,D,0
30.59275,75.32327,340.11,0.41,0.45,2020-11-06,827,N,VIIRS,n,2,312.15,34.07,D,0
30.59321,75.32757,334.79,0.41,0.45,2020-11-06,827,N,VIIRS,n,2,300.34,17.43,D,0
30.59321,75.36692,340.93,0.41,0.45,2020-11-06,827,N,VIIRS,n,2,301.54,5.18,D,0
30.59349,75.57117,340.68,0.42,0.45,2020-11-06,827,N,VIIRS,n,2,300.1,4.82,D,0
30.59367,75.10988,350.64,0.4,0.44,2020-11-06,827,N,VIIRS,n,2,307.09,20.7,D,0
30.59367,75.37124,342.2,0.41,0.45,2020-11-06,827,N,VIIRS,n,2,302.8,15.7,D,0
30.59444,75.10804,342.44,0.4,0.44,2020-11-06,827,N,VIIRS,n,2,306.71,13.69,D,0
30.59461,75.00005,340.11,0.39,0.44,2020-11-06,827,N,VIIRS,n,2,300.92,3.11,D,0
30.59461,76.0109,345.14,0.45,0.47,2020-11-06,827,N,VIIRS,n,2,313.67,24.9,D,0
30.5948,75.62518,341.58,0.42,0.46,2020-11-06,827,N,VIIRS,n,2,303.67,17.9,D,0
30.59503,75.42386,344.95,0.41,0.45,2020-11-06,827,N,VIIRS,n,2,311.4,22.76,D,0
30.59551,75.38857,340.32,0.41,0.45,2020-11-06,827,N,VIIRS,n,2,300.26,4.33,D,0
30.59579,76.16348,337.53,0.46,0.47,2020-11-06,827,N,VIIRS,n,2,302.7,5.59,D,0
30.59597,75.39289,340.53,0.41,0.45,2020-11-06,827,N,VIIRS,n,2,299.6,4.33,D,0
30.59632,76.16481,339.88,0.46,0.47,2020-11-06,827,N,VIIRS,n,2,302.9,5.71,D,0
30.59662,75.05864,338.28,0.4,0.44,2020-11-06,827,N,VIIRS,n,2,299.58,2.6,D,0
30.59828,75.375,355.57,0.41,0.45,2020-11-06,827,N,VIIRS,n,2,304.07,11.95,D,0
30.59893,76.01034,345.04,0.45,0.47,2020-11-06,827,N,VIIRS,n,2,306.47,24.9,D,0
30.5992,75.42329,344.85,0.41,0.45,2020-11-06,827,N,VIIRS,n,2,301.41,22.76,D,0
30.59964,75.46751,335.9,0.42,0.45,2020-11-06,827,N,VIIRS,n,2,301.02,5.34,D,0
30.59977,76.24749,335,0.46,0.47,2020-11-06,827,N,VIIRS,n,2,302.92,13.14,D,0
30.60023,76.25236,344.3,0.46,0.47,2020-11-06,827,N,VIIRS,n,2,315.04,41.52,D,0
30.60027,76.25085,345.78,0.46,0.47,2020-11-06,827,N,VIIRS,n,2,312.27,50.57,D,0
30.6004,75.63803,341.43,0.43,0.46,2020-11-06,827,N,VIIRS,n,2,304.23,7.28,D,0
30.60048,75.2011,336.06,0.4,0.44,2020-11-06,827,N,VIIRS,n,2,299.87,1.36,D,0
30.60093,75.98628,345.91,0.45,0.47,2020-11-06,827,N,VIIRS,n,2,308.07,15.35,D,0
30.60104,75.44072,341.37,0.41,0.45,2020-11-06,827,N,VIIRS,n,2,301.81,10.11,D,0
30.60201,75.95296,343.16,0.44,0.46,2020-11-06,827,N,VIIRS,n,2,302.13,5.13,D,0
30.60243,75.37443,355.5,0.41,0.45,2020-11-06,827,N,VIIRS,n,2,300.61,11.95,D,0
30.60265,75.70158,340.87,0.43,0.46,2020-11-06,827,N,VIIRS,n,2,302.38,5.56,D,0
30.60279,75.19828,330.42,0.4,0.44,2020-11-06,827,N,VIIRS,n,2,298.74,2.5,D,0
30.60323,75.20251,337.03,0.4,0.44,2020-11-06,827,N,VIIRS,n,2,298.94,2.5,D,0
30.60361,75.00714,338.44,0.39,0.44,2020-11-06,827,N,VIIRS,n,2,303.66,3.24,D,0
30.60381,75.34795,345.29,0.41,0.45,2020-11-06,827,N,VIIRS,n,2,311.05,17.12,D,0
30.6042,75.59227,349.44,0.42,0.45,2020-11-06,827,N,VIIRS,n,2,304.46,10.32,D,0
30.60497,75.21948,340.31,0.4,0.44,2020-11-06,827,N,VIIRS,n,2,300.87,7.54,D,0
30.60565,75.0658,340.72,0.4,0.44,2020-11-06,827,N,VIIRS,n,2,301.04,4.13,D,0
30.6061,75.33016,338.58,0.41,0.45,2020-11-06,827,N,VIIRS,n,2,302.5,2.84,D,0
30.60644,75.21745,348.86,0.4,0.44,2020-11-06,827,N,VIIRS,n,2,300.29,4.81,D,0
30.60656,75.33447,338.81,0.41,0.45,2020-11-06,827,N,VIIRS,n,2,302.88,3.68,D,0
30.6069,75.22169,342.81,0.4,0.44,2020-11-06,827,N,VIIRS,n,2,301.33,7.21,D,0
30.60798,75.0486,352.24,0.4,0.44,2020-11-06,827,N,VIIRS,n,2,303.08,7.29,D,0
30.60843,75.55116,355.36,0.42,0.45,2020-11-06,827,N,VIIRS,n,2,307.81,19.66,D,0
30.60922,75.24292,331.85,0.4,0.45,2020-11-06,827,N,VIIRS,n,2,300.2,2.94,D,0
30.60932,75.321,338.81,0.41,0.45,2020-11-06,827,N,VIIRS,n,2,301.45,8.82,D,0
30.60952,75.22315,340.75,0.4,0.45,2020-11-06,827,N,VIIRS,n,2,300.27,3.96,D,0
30.60959,75.10337,330.88,0.4,0.44,2020-11-06,827,N,VIIRS,n,2,299.82,4.05,D,0
30.61014,75.18867,341.69,0.4,0.44,2020-11-06,827,N,VIIRS,n,2,302.65,14.63,D,0
30.61024,75.3296,335.37,0.41,0.45,2020-11-06,827,N,VIIRS,n,2,302.47,5.46,D,0
30.61047,75.11176,346.58,0.4,0.44,2020-11-06,827,N,VIIRS,n,2,302.41,7.14,D,0
30.61076,75.57332,340.74,0.42,0.45,2020-11-06,827,N,VIIRS,n,2,301.27,3.72,D,0
30.61206,75.04801,344.84,0.4,0.44,2020-11-06,827,N,VIIRS,n,2,299.43,4.39,D,0
30.61233,75.20984,332.72,0.4,0.44,2020-11-06,827,N,VIIRS,n,2,299.06,2.67,D,0
30.61345,75.32043,354.6,0.41,0.45,2020-11-06,827,N,VIIRS,n,2,304.85,8.82,D,0
30.61347,75.26153,330.35,0.41,0.45,2020-11-06,827,N,VIIRS,n,2,300.7,2.97,D,0
30.61349,75.68185,340.47,0.43,0.46,2020-11-06,827,N,VIIRS,n,2,301.38,3.47,D,0
30.61355,75.43902,348.09,0.41,0.45,2020-11-06,827,N,VIIRS,n,2,300.15,6.2,D,0
30.61381,75.06464,333.03,0.4,0.44,2020-11-06,827,N,VIIRS,n,2,300.49,1.34,D,0
30.6139,75.2658,341,0.41,0.45,2020-11-06,827,N,VIIRS,n,2,301.71,5.6,D,0
30.61445,75.64979,335.83,0.43,0.46,2020-11-06,827,N,VIIRS,n,2,302.03,1.83,D,0
30.61484,75.73666,348.99,0.43,0.46,2020-11-06,827,N,VIIRS,n,2,304.51,13.85,D,0
30.61547,75.91342,336.21,0.44,0.46,2020-11-06,827,N,VIIRS,n,2,302.03,3.38,D,0
30.61567,75.26365,352.98,0.41,0.45,2020-11-06,827,N,VIIRS,n,2,303.2,9.18,D,0
30.61578,75.34194,341.97,0.41,0.45,2020-11-06,827,N,VIIRS,n,2,304.98,4.91,D,0
30.61629,75.3857,341.14,0.41,0.45,2020-11-06,827,N,VIIRS,n,2,301.5,5,D,0
30.61632,75.42538,341.5,0.41,0.45,2020-11-06,827,N,VIIRS,n,2,299.51,2.94,D,0
30.61722,75.33937,342.67,0.41,0.45,2020-11-06,827,N,VIIRS,n,2,305.69,8.86,D,0
30.61772,75.68127,335.32,0.43,0.46,2020-11-06,827,N,VIIRS,n,2,299.23,3.47,D,0
30.618,75.28501,330.77,0.41,0.45,2020-11-06,827,N,VIIRS,l,2,301.81,1.74,D,0
30.61891,75.86138,332.56,0.44,0.46,2020-11-06,827,N,VIIRS,n,2,301.18,2.14,D,0
30.61895,75.15318,341.64,0.4,0.44,2020-11-06,827,N,VIIRS,n,2,302.64,2.9,D,0
30.61921,75.07658,348.15,0.4,0.44,2020-11-06,827,N,VIIRS,n,2,302.48,4.05,D,0
30.61943,75.00069,355.9,0.39,0.44,2020-11-06,827,N,VIIRS,n,2,304.82,11.91,D,0
30.61979,75.28234,335.13,0.41,0.45,2020-11-06,827,N,VIIRS,n,2,301.47,2.85,D,0
30.61993,75.34136,340.28,0.41,0.45,2020-11-06,827,N,VIIRS,n,2,301.02,3.82,D,0
30.62023,75.28663,338.03,0.41,0.45,2020-11-06,827,N,VIIRS,n,2,301.57,2.85,D,0
30.62049,75.4248,356.35,0.41,0.45,2020-11-06,827,N,VIIRS,n,2,313.74,29.91,D,0
30.62085,75.13158,341.03,0.4,0.44,2020-11-06,827,N,VIIRS,n,2,303.96,13.55,D,0
30.62095,75.42916,330.81,0.41,0.45,2020-11-06,827,N,VIIRS,n,2,299.39,20.88,D,0
30.62099,75.21293,352.29,0.4,0.44,2020-11-06,827,N,VIIRS,n,2,303.8,7.24,D,0
30.62208,75.02552,340.28,0.39,0.44,2020-11-06,827,N,VIIRS,n,2,299.84,3.2,D,0
30.62236,75.44224,342.74,0.42,0.45,2020-11-06,827,N,VIIRS,n,2,300.65,5.81,D,0
30.62242,75.68522,341.38,0.43,0.46,2020-11-06,827,N,VIIRS,n,2,304.08,13.68,D,0
30.62252,75.02966,331.36,0.39,0.44,2020-11-06,827,N,VIIRS,n,2,300.01,3.2,D,0
30.62319,75.86081,331.75,0.44,0.46,2020-11-06,827,N,VIIRS,n,2,300.9,1.84,D,0
30.62335,75.1954,345.55,0.4,0.44,2020-11-06,827,N,VIIRS,n,2,299.91,4.32,D,0
30.6235,75.00012,344.98,0.39,0.44,2020-11-06,827,N,VIIRS,n,2,310.55,13.14,D,0
30.62418,75.828,342.02,0.44,0.46,2020-11-06,827,N,VIIRS,n,2,301.06,5.13,D,0
30.62452,75.91694,340.73,0.44,0.46,2020-11-06,827,N,VIIRS,n,2,301.9,3.13,D,0
30.62466,75.42422,337.52,0.41,0.45,2020-11-06,827,N,VIIRS,n,2,309.13,29.91,D,0
30.62511,75.21235,354.01,0.4,0.44,2020-11-06,827,N,VIIRS,n,2,302.15,7.24,D,0
30.62512,75.4286,342.78,0.41,0.45,2020-11-06,827,N,VIIRS,n,2,300.1,20.88,D,0
30.62516,75.46848,338.14,0.42,0.45,2020-11-06,827,N,VIIRS,n,2,303.01,2.29,D,0
30.62554,75.39324,334.41,0.41,0.45,2020-11-06,827,N,VIIRS,n,2,302.78,2.89,D,0
30.62569,75.29893,347.16,0.41,0.45,2020-11-06,827,N,VIIRS,n,2,302.88,7.52,D,0
30.62602,75.42616,341.23,0.41,0.45,2020-11-06,827,N,VIIRS,n,2,299.75,4.42,D,0
30.62626,75.14361,331.57,0.4,0.44,2020-11-06,827,N,VIIRS,n,2,302.44,2.67,D,0
30.62658,75.30752,341.55,0.41,0.45,2020-11-06,827,N,VIIRS,n,2,303.82,3.93,D,0
30.62666,75.39075,337.7,0.41,0.45,2020-11-06,827,N,VIIRS,n,2,302.37,2.51,D,0
30.62671,75.14782,332.96,0.4,0.44,2020-11-06,827,N,VIIRS,n,2,301.44,2.67,D,0
30.62715,75.15202,332.17,0.4,0.44,2020-11-06,827,N,VIIRS,n,2,300.34,3.18,D,0
30.62793,75.45478,345.75,0.42,0.45,2020-11-06,827,N,VIIRS,n,2,306.27,9.18,D,0
30.62845,75.82744,333.8,0.44,0.46,2020-11-06,827,N,VIIRS,n,2,298.53,4.29,D,0
30.62892,75.16888,335.22,0.4,0.44,2020-11-06,827,N,VIIRS,n,2,303.48,12.08,D,0
30.62911,75.45676,341.54,0.42,0.45,2020-11-06,827,N,VIIRS,n,2,305.65,7.43,D,0
30.62936,75.1731,350.33,0.4,0.44,2020-11-06,827,N,VIIRS,n,2,300.48,12.08,D,0
30.63003,75.10049,342.15,0.4,0.44,2020-11-06,827,N,VIIRS,n,2,301.09,4.36,D,0
30.63015,75.97293,330.77,0.44,0.46,2020-11-06,827,N,VIIRS,n,2,301.01,2.82,D,0
30.63071,75.30694,335.12,0.41,0.45,2020-11-06,827,N,VIIRS,n,2,302.03,3.1,D,0
30.63092,76.06841,332.69,0.45,0.47,2020-11-06,827,N,VIIRS,n,2,301.91,2.57,D,0
30.63101,75.07067,353.7,0.4,0.44,2020-11-06,827,N,VIIRS,n,2,304.19,14.64,D,0
30.63182,75.73441,340.18,0.43,0.46,2020-11-06,827,N,VIIRS,n,2,302.35,7.81,D,0
30.63248,75.32414,339,0.41,0.45,2020-11-06,827,N,VIIRS,n,2,300.62,5.43,D,0
30.63292,75.32845,350.31,0.41,0.45,2020-11-06,827,N,VIIRS,n,2,302.71,5.43,D,0
30.63302,75.1683,340.69,0.4,0.44,2020-11-06,827,N,VIIRS,n,2,299.6,9.89,D,0
30.63393,75.43182,333.98,0.41,0.45,2020-11-06,827,N,VIIRS,n,2,302.11,2.97,D,0
30.63421,75.06177,348.58,0.4,0.44,2020-11-06,827,N,VIIRS,n,2,307.55,7.39,D,0
30.63425,75.34138,337.57,0.41,0.45,2020-11-06,827,N,VIIRS,n,2,299.05,4.93,D,0
30.63456,75.55662,346.43,0.42,0.45,2020-11-06,827,N,VIIRS,n,2,303.37,9.25,D,0
30.63469,75.3457,341.12,0.41,0.45,2020-11-06,827,N,VIIRS,n,2,301.84,4.93,D,0
30.63504,75.89203,337.63,0.44,0.46,2020-11-06,827,N,VIIRS,n,2,303.21,4.15,D,0
30.63551,75.89666,336.56,0.44,0.46,2020-11-06,827,N,VIIRS,n,2,302.78,4.15,D,0
30.6358,75.15508,331.04,0.4,0.44,2020-11-06,827,N,VIIRS,n,2,299.49,1.64,D,0
30.63593,75.5295,340.59,0.42,0.45,2020-11-06,827,N,VIIRS,n,2,300.97,3.72,D,0
30.63601,75.23672,330.05,0.4,0.45,2020-11-06,827,N,VIIRS,n,2,299.65,2.43,D,0
30.63663,75.53165,340.91,0.42,0.45,2020-11-06,827,N,VIIRS,n,2,300.5,6.04,D,0
30.63667,76.08212,334.92,0.45,0.47,2020-11-06,827,N,VIIRS,n,2,304.68,2.63,D,0
30.63812,75.13767,367,0.4,0.44,2020-11-06,827,N,VIIRS,h,2,306.98,5.71,D,0
30.63829,75.06118,356.15,0.4,0.44,2020-11-06,827,N,VIIRS,n,2,303.41,10.88,D,0
30.63846,75.1804,338.5,0.4,0.44,2020-11-06,827,N,VIIRS,n,2,301.23,4.18,D,0
30.63982,75.68745,334.86,0.43,0.46,2020-11-06,827,N,VIIRS,n,2,300.17,2.56,D,0
30.63986,75.43754,342.48,0.42,0.45,2020-11-06,827,N,VIIRS,n,2,306.55,19.27,D,0
30.64079,75.77937,342.62,0.43,0.46,2020-11-06,827,N,VIIRS,n,2,301.95,3.55,D,0
30.64132,75.1287,340.96,0.4,0.44,2020-11-06,827,N,VIIRS,n,2,303.95,4.23,D,0
30.64176,76.17834,331.27,0.46,0.47,2020-11-06,827,N,VIIRS,n,2,302.05,2.55,D,0
30.64177,75.1329,332.67,0.4,0.44,2020-11-06,827,N,VIIRS,n,2,302.29,5.71,D,0
30.64196,75.37543,342.17,0.41,0.45,2020-11-06,827,N,VIIRS,n,2,304.57,5.33,D,0
30.64222,75.1371,334.63,0.4,0.44,2020-11-06,827,N,VIIRS,n,2,300.84,5.71,D,0
30.6424,75.37977,343.87,0.41,0.45,2020-11-06,827,N,VIIRS,n,2,300.75,5.33,D,0
30.64408,75.72817,337.59,0.43,0.46,2020-11-06,827,N,VIIRS,n,2,301.31,3.38,D,0
30.6441,75.76967,341.37,0.43,0.46,2020-11-06,827,N,VIIRS,n,2,302.29,6.53,D,0
30.64433,75.35751,342.11,0.41,0.45,2020-11-06,827,N,VIIRS,n,2,301.52,4.26,D,0
30.64457,75.85796,339.85,0.44,0.46,2020-11-06,827,N,VIIRS,n,2,303.36,3.19,D,0
30.64477,75.36184,340.15,0.41,0.45,2020-11-06,827,N,VIIRS,n,2,302.33,4.26,D,0
30.64611,75.37486,339.95,0.41,0.45,2020-11-06,827,N,VIIRS,n,2,305.75,23.12,D,0
30.64703,75.22223,333.83,0.4,0.45,2020-11-06,827,N,VIIRS,n,2,301.41,2.62,D,0
30.64721,75.14493,332.39,0.4,0.44,2020-11-06,827,N,VIIRS,n,2,299.12,1.99,D,0
30.64771,75.30894,345.72,0.41,0.45,2020-11-06,827,N,VIIRS,n,2,302.71,6.29,D,0
30.64785,75.97536,345.11,0.44,0.46,2020-11-06,827,N,VIIRS,n,2,303.67,4.16,D,0
30.6481,75.15336,341.99,0.4,0.44,2020-11-06,827,N,VIIRS,n,2,301.97,4.4,D,0
30.64847,75.19617,333.17,0.4,0.44,2020-11-06,827,N,VIIRS,n,2,301.39,1.16,D,0
30.64848,75.35694,340.23,0.41,0.45,2020-11-06,827,N,VIIRS,n,2,301.77,4.26,D,0
30.64885,75.85738,352.18,0.44,0.46,2020-11-06,827,N,VIIRS,n,2,304.25,7.47,D,0
30.64893,75.36127,342.13,0.41,0.45,2020-11-06,827,N,VIIRS,n,2,300.35,4.26,D,0
30.64923,75.69535,349.39,0.43,0.46,2020-11-06,827,N,VIIRS,n,2,303.43,4.89,D,0
30.64978,76.44562,346.2,0.47,0.48,2020-11-06,827,N,VIIRS,n,2,303.76,13.7,D,0
30.65073,75.50285,341.77,0.42,0.45,2020-11-06,827,N,VIIRS,n,2,301.31,3.52,D,0
30.65117,75.50726,345.74,0.42,0.45,2020-11-06,827,N,VIIRS,n,2,299.95,8.53,D,0
30.65162,75.38731,341.62,0.41,0.45,2020-11-06,827,N,VIIRS,n,2,302.32,4.96,D,0
30.6517,75.92751,349.61,0.44,0.46,2020-11-06,827,N,VIIRS,n,2,305.73,9.2,D,0
30.65246,76.1526,343.08,0.46,0.47,2020-11-06,827,N,VIIRS,n,2,304.03,5.34,D,0
30.65258,75.1956,334.79,0.4,0.44,2020-11-06,827,N,VIIRS,n,2,302.76,1.95,D,0
30.65267,75.69276,337.35,0.43,0.46,2020-11-06,827,N,VIIRS,n,2,302.56,3.93,D,0
30.65272,75.11858,342.04,0.4,0.44,2020-11-06,827,N,VIIRS,n,2,302.27,7.88,D,0
30.65297,75.52493,340.47,0.42,0.45,2020-11-06,827,N,VIIRS,n,2,300.39,5.58,D,0
30.65311,75.69729,333.59,0.43,0.46,2020-11-06,827,N,VIIRS,n,2,302.8,2.81,D,0
30.65317,75.12277,342.34,0.4,0.44,2020-11-06,827,N,VIIRS,n,2,305.24,9.63,D,0
30.65347,75.6948,336.32,0.43,0.46,2020-11-06,827,N,VIIRS,n,2,302.09,4.89,D,0
30.65362,75.12698,345.08,0.4,0.44,2020-11-06,827,N,VIIRS,n,2,302.13,9.63,D,0
30.65406,75.13118,345.68,0.4,0.44,2020-11-06,827,N,VIIRS,n,2,309.57,21.9,D,0
30.65409,75.3299,330.92,0.41,0.45,2020-11-06,827,N,VIIRS,n,2,300.66,2.59,D,0
30.65491,75.50227,341.56,0.42,0.45,2020-11-06,827,N,VIIRS,n,2,300.57,3.52,D,0
30.65538,75.71288,331.2,0.43,0.46,2020-11-06,827,N,VIIRS,n,2,302.05,1.82,D,0
30.65734,75.04584,344.31,0.4,0.44,2020-11-06,827,N,VIIRS,n,2,303.86,6.12,D,0
30.65779,75.05,341.24,0.4,0.44,2020-11-06,827,N,VIIRS,n,2,302.08,6.12,D,0
30.65789,75.44836,335.83,0.42,0.45,2020-11-06,827,N,VIIRS,n,2,300.41,1.87,D,0
30.65833,75.29003,341.13,0.41,0.45,2020-11-06,827,N,VIIRS,n,2,303.33,2.71,D,0
30.65869,75.33363,333.5,0.41,0.45,2020-11-06,827,N,VIIRS,n,2,300.36,2.9,D,0
30.65903,75.37747,330.97,0.41,0.45,2020-11-06,827,N,VIIRS,n,2,300.93,6,D,0
30.65962,75.02864,341.16,0.39,0.44,2020-11-06,827,N,VIIRS,n,2,304.42,6.3,D,0
30.65967,75.75372,341.98,0.43,0.46,2020-11-06,827,N,VIIRS,n,2,304.38,9.85,D,0
30.66004,75.07081,340.5,0.4,0.44,2020-11-06,827,N,VIIRS,n,2,299.44,5.49,D,0
30.66007,75.03279,341.21,0.39,0.44,2020-11-06,827,N,VIIRS,n,2,303.82,6.3,D,0
30.66086,75.15585,332.81,0.4,0.44,2020-11-06,827,N,VIIRS,l,2,303.37,2.97,D,0
30.66142,75.04527,355.61,0.4,0.44,2020-11-06,827,N,VIIRS,n,2,304,13.79,D,0
30.66164,75.24181,334.47,0.41,0.45,2020-11-06,827,N,VIIRS,n,2,301.57,2.4,D,0
30.66172,76.06921,343.23,0.45,0.47,2020-11-06,827,N,VIIRS,n,2,306.09,4.96,D,0
30.66199,76.47955,343.93,0.48,0.48,2020-11-06,827,N,VIIRS,n,2,304.02,5.17,D,0
30.66234,75.01561,351.02,0.39,0.44,2020-11-06,827,N,VIIRS,n,2,304.11,9.25,D,0
30.66255,75.7811,330.33,0.43,0.46,2020-11-06,827,N,VIIRS,n,2,301.59,1.25,D,0
30.66274,75.75123,345.89,0.43,0.46,2020-11-06,827,N,VIIRS,n,2,304.17,13.65,D,0
30.66297,75.74406,342.66,0.43,0.46,2020-11-06,827,N,VIIRS,n,2,302.27,5.21,D,0
30.66309,75.41663,331.31,0.41,0.45,2020-11-06,827,N,VIIRS,n,2,301.42,1.92,D,0
30.66365,75.10428,341,0.4,0.44,2020-11-06,827,N,VIIRS,n,2,301.65,5.72,D,0
30.66393,75.75316,335.43,0.43,0.46,2020-11-06,827,N,VIIRS,n,2,301.5,4.45,D,0
30.66464,75.35032,343.64,0.41,0.45,2020-11-06,827,N,VIIRS,n,2,303.34,4.87,D,0
30.66505,75.00262,330.48,0.39,0.44,2020-11-06,827,N,VIIRS,n,2,300.03,3.29,D,0
30.66532,75.23696,344.8,0.4,0.45,2020-11-06,827,N,VIIRS,n,2,301.6,6.1,D,0
30.66544,75.77862,341.4,0.43,0.46,2020-11-06,827,N,VIIRS,n,2,302.07,5.19,D,0
30.66555,75.52321,341.55,0.42,0.45,2020-11-06,827,N,VIIRS,n,2,303.19,5.84,D,0
30.66555,75.64986,354.21,0.43,0.46,2020-11-06,827,N,VIIRS,n,2,304.36,18.54,D,0
30.66556,75.9778,341.09,0.45,0.47,2020-11-06,827,N,VIIRS,n,2,303.93,11.16,D,0
30.66589,75.7832,341.6,0.43,0.46,2020-11-06,827,N,VIIRS,n,2,301.84,5.19,D,0
30.66605,76.06864,342.61,0.45,0.47,2020-11-06,827,N,VIIRS,n,2,301.15,4.96,D,0
30.66609,75.74155,341,0.43,0.46,2020-11-06,827,N,VIIRS,n,2,302.17,5.33,D,0
30.66681,75.13365,351.92,0.4,0.44,2020-11-06,827,N,VIIRS,n,2,309.1,13.48,D,0
30.66681,75.78054,348.25,0.43,0.46,2020-11-06,827,N,VIIRS,n,2,302,6.63,D,0
30.6676,75.46037,340.88,0.42,0.45,2020-11-06,827,N,VIIRS,n,2,302.44,5.19,D,0
30.66825,75.38501,330.86,0.41,0.45,2020-11-06,827,N,VIIRS,n,2,301.31,1.23,D,0
30.66859,75.81074,336.19,0.44,0.46,2020-11-06,827,N,VIIRS,n,2,301.42,2.97,D,0
30.66883,75.51379,332,0.42,0.45,2020-11-06,827,N,VIIRS,n,2,300.59,2.31,D,0
30.66902,75.59938,341.39,0.42,0.46,2020-11-06,827,N,VIIRS,n,2,303.24,11.11,D,0
30.66929,75.51821,334.45,0.42,0.45,2020-11-06,827,N,VIIRS,n,2,300.59,2.31,D,0
30.6697,75.35841,341.48,0.41,0.45,2020-11-06,827,N,VIIRS,n,2,303.52,8.68,D,0
30.67051,75.40677,348.94,0.41,0.45,2020-11-06,827,N,VIIRS,n,2,302.22,9.19,D,0
30.67091,75.13308,331.69,0.4,0.44,2020-11-06,827,N,VIIRS,n,2,303.04,3.13,D,0
30.67105,75.79179,348.24,0.43,0.46,2020-11-06,827,N,VIIRS,n,2,303.49,6.89,D,0
30.67134,76.12105,343.04,0.45,0.47,2020-11-06,827,N,VIIRS,n,2,306.34,12.94,D,0
30.6721,75.30119,337.68,0.41,0.45,2020-11-06,827,N,VIIRS,n,2,302.67,4.43,D,0
30.67229,75.03107,340.61,0.39,0.44,2020-11-06,827,N,VIIRS,n,2,303.29,5.6,D,0
30.67251,75.79369,341.19,0.43,0.46,2020-11-06,827,N,VIIRS,n,2,303.99,4.87,D,0
30.67274,76.22335,334.32,0.46,0.47,2020-11-06,827,N,VIIRS,n,2,302.38,4.24,D,0
30.67278,75.59434,337.24,0.42,0.45,2020-11-06,827,N,VIIRS,n,2,300.41,11.11,D,0
30.67319,75.00148,347.21,0.39,0.44,2020-11-06,827,N,VIIRS,n,2,314.03,43.07,D,0
30.67323,75.5988,341.95,0.42,0.46,2020-11-06,827,N,VIIRS,n,2,301.47,11.11,D,0
30.67411,75.04768,332.3,0.4,0.44,2020-11-06,827,N,VIIRS,l,2,302.74,3.6,D,0
30.67443,75.28345,354.7,0.41,0.45,2020-11-06,827,N,VIIRS,n,2,302.58,5.96,D,0
30.67488,75.28773,338.84,0.41,0.45,2020-11-06,827,N,VIIRS,n,2,300.73,5.96,D,0
30.67547,75.86323,334.34,0.44,0.46,2020-11-06,827,N,VIIRS,n,2,301.6,3.34,D,0
30.67563,75.99078,339.74,0.45,0.47,2020-11-06,827,N,VIIRS,n,2,304.14,4.18,D,0
30.67624,75.30061,346.2,0.41,0.45,2020-11-06,827,N,VIIRS,n,2,302.76,4.43,D,0
30.67683,75.07268,353.77,0.4,0.44,2020-11-06,827,N,VIIRS,n,2,301.84,6.3,D,0
30.67732,75.47241,341.98,0.42,0.45,2020-11-06,827,N,VIIRS,n,2,300.68,3.58,D,0
30.67784,75.86087,341.41,0.44,0.46,2020-11-06,827,N,VIIRS,n,2,304.48,7.63,D,0
30.6792,75.87478,343.87,0.44,0.46,2020-11-06,827,N,VIIRS,n,2,307.31,17.12,D,0
30.67975,75.86266,340.23,0.44,0.46,2020-11-06,827,N,VIIRS,n,2,301,3.34,D,0
30.68072,75.8719,336.29,0.44,0.46,2020-11-06,827,N,VIIRS,n,2,303.28,9.53,D,0
30.68121,75.87653,341.33,0.44,0.46,2020-11-06,827,N,VIIRS,n,2,302.27,10.01,D,0
30.68132,75.00034,345.09,0.39,0.44,2020-11-06,827,N,VIIRS,n,2,302.8,5.62,D,0
30.68177,75.55698,333.63,0.42,0.45,2020-11-06,827,N,VIIRS,n,2,299.65,2.47,D,0
30.6818,75.04239,356.17,0.4,0.44,2020-11-06,827,N,VIIRS,n,2,310.46,43.43,D,0
30.68287,75.48505,337.87,0.42,0.45,2020-11-06,827,N,VIIRS,n,2,299.52,2.61,D,0
30.68309,75.73927,331.48,0.43,0.46,2020-11-06,827,N,VIIRS,n,2,302.4,2.31,D,0
30.68319,75.20855,342.33,0.4,0.44,2020-11-06,827,N,VIIRS,n,2,310.69,32.21,D,0
30.68339,76.33086,341.79,0.47,0.47,2020-11-06,827,N,VIIRS,n,2,306.06,9.23,D,0
30.68363,75.25175,351.4,0.41,0.45,2020-11-06,827,N,VIIRS,n,2,305.89,16.41,D,0
30.68365,75.2128,334.31,0.4,0.45,2020-11-06,827,N,VIIRS,n,2,299.87,12.77,D,0
30.68386,75.4537,344.24,0.42,0.45,2020-11-06,827,N,VIIRS,n,2,305.46,8.23,D,0
30.68392,75.41377,342.51,0.41,0.45,2020-11-06,827,N,VIIRS,n,2,300.88,4.32,D,0
30.6841,75.21706,367,0.4,0.45,2020-11-06,827,N,VIIRS,h,2,306.34,12.77,D,0
30.68543,75.30807,340.83,0.41,0.45,2020-11-06,827,N,VIIRS,n,2,302.4,4.53,D,0
30.68589,75.31237,334.3,0.41,0.45,2020-11-06,827,N,VIIRS,n,2,301.22,4.53,D,0
30.68591,75.27316,335.89,0.41,0.45,2020-11-06,827,N,VIIRS,n,2,300.52,3.33,D,0
30.68593,75.2341,337.83,0.4,0.45,2020-11-06,827,N,VIIRS,n,2,300,3.25,D,0
30.68594,75.15662,347.44,0.4,0.44,2020-11-06,827,N,VIIRS,n,2,303.77,6.87,D,0
30.68686,75.16506,335.34,0.4,0.44,2020-11-06,827,N,VIIRS,n,2,302.06,3.1,D,0
30.68701,75.6927,349.41,0.43,0.46,2020-11-06,827,N,VIIRS,n,2,304.48,8.03,D,0
30.68771,75.05845,339.45,0.4,0.44,2020-11-06,827,N,VIIRS,n,2,300.59,9.15,D,0
30.68803,75.45312,343.15,0.42,0.45,2020-11-06,827,N,VIIRS,n,2,300.45,5.59,D,0
30.68822,75.21649,342.25,0.4,0.45,2020-11-06,827,N,VIIRS,n,2,301.53,3.76,D,0
30.6886,75.37782,339.39,0.41,0.45,2020-11-06,827,N,VIIRS,n,2,300.96,10.4,D,0
30.68959,75.19043,342.09,0.4,0.44,2020-11-06,827,N,VIIRS,n,2,301.93,4.07,D,0
30.69088,75.04955,330.21,0.4,0.44,2020-11-06,827,N,VIIRS,n,2,299.49,28.15,D,0
30.69096,75.16449,348.79,0.4,0.44,2020-11-06,827,N,VIIRS,n,2,308.73,23.1,D,0
30.69113,75.02431,341.97,0.39,0.44,2020-11-06,827,N,VIIRS,n,2,301.5,4.38,D,0
30.69134,75.05371,346.27,0.4,0.44,2020-11-06,827,N,VIIRS,n,2,302.01,28.15,D,0
30.69179,75.05788,338.39,0.4,0.44,2020-11-06,827,N,VIIRS,n,2,301.08,9.15,D,0
30.69191,75.78436,337.14,0.43,0.46,2020-11-06,827,N,VIIRS,n,2,302.94,2.72,D,0
30.69221,75.02405,341.72,0.39,0.44,2020-11-06,827,N,VIIRS,n,2,301.4,3.86,D,0
30.69268,76.33466,346.22,0.47,0.48,2020-11-06,827,N,VIIRS,n,2,305.46,7.08,D,0
30.69276,75.37724,350.74,0.41,0.45,2020-11-06,827,N,VIIRS,n,2,303.32,10.4,D,0
30.6928,75.92483,340.96,0.44,0.46,2020-11-06,827,N,VIIRS,n,2,303.71,7.92,D,0
30.69321,75.38159,341.44,0.41,0.45,2020-11-06,827,N,VIIRS,n,2,299.23,10.4,D,0
30.69405,76.12781,330.62,0.45,0.47,2020-11-06,827,N,VIIRS,n,2,301.19,1.9,D,0
30.69418,75.272,355.05,0.41,0.45,2020-11-06,827,N,VIIRS,n,2,306.47,21.18,D,0
30.69457,75.68252,334.17,0.43,0.46,2020-11-06,827,N,VIIRS,n,2,302.15,2.43,D,0
30.69496,75.47894,338.36,0.42,0.45,2020-11-06,827,N,VIIRS,n,2,300.79,2.91,D,0
30.69519,76.13071,332.68,0.45,0.47,2020-11-06,827,N,VIIRS,n,2,300.48,6.46,D,0
30.69596,75.13386,341.86,0.4,0.44,2020-11-06,827,N,VIIRS,n,2,304.25,6.38,D,0
30.69644,76.10811,342.65,0.45,0.47,2020-11-06,827,N,VIIRS,n,2,305.45,10.81,D,0
30.69725,76.10616,354.03,0.45,0.47,2020-11-06,827,N,VIIRS,n,2,304.37,11.7,D,0
30.69826,75.15491,357.06,0.4,0.44,2020-11-06,827,N,VIIRS,n,2,305.12,17.75,D,0
30.6984,76.12724,336.23,0.45,0.47,2020-11-06,827,N,VIIRS,n,2,299.76,1.9,D,0
30.69897,75.59986,343.8,0.42,0.46,2020-11-06,827,N,VIIRS,n,2,301.5,5.33,D,0
30.69922,75.24092,353.12,0.41,0.45,2020-11-06,827,N,VIIRS,n,2,307.62,22.41,D,0
30.69923,75.31926,341.5,0.41,0.45,2020-11-06,827,N,VIIRS,n,2,300.52,4.28,D,0
30.69954,76.35877,334.37,0.47,0.48,2020-11-06,827,N,VIIRS,n,2,303.78,1.94,D,0
30.69956,75.90503,344.23,0.44,0.46,2020-11-06,827,N,VIIRS,n,2,304.91,5.25,D,0
30.69995,75.05674,346.66,0.4,0.44,2020-11-06,827,N,VIIRS,n,2,304.78,9.17,D,0
30.70007,75.48717,341.94,0.42,0.45,2020-11-06,827,N,VIIRS,n,2,302.02,4.16,D,0
30.70015,75.36741,337.79,0.41,0.45,2020-11-06,827,N,VIIRS,n,2,300.28,15.54,D,0
30.70043,75.7832,343.45,0.43,0.46,2020-11-06,827,N,VIIRS,n,2,303.39,5.03,D,0
30.70058,75.21478,334.07,0.4,0.45,2020-11-06,827,N,VIIRS,n,2,301.99,2.02,D,0
30.70061,75.37175,349.19,0.41,0.45,2020-11-06,827,N,VIIRS,n,2,309.39,15.54,D,0
30.70236,75.15433,355.71,0.4,0.44,2020-11-06,827,N,VIIRS,n,2,305.65,17.75,D,0
30.70276,75.05648,349.94,0.4,0.44,2020-11-06,827,N,VIIRS,n,2,303.38,8.93,D,0
30.70337,75.27942,337.76,0.41,0.45,2020-11-06,827,N,VIIRS,n,2,300.93,2.88,D,0
30.70381,75.24461,337.64,0.41,0.45,2020-11-06,827,N,VIIRS,n,2,302.16,6.47,D,0
30.70417,75.56747,356.79,0.42,0.45,2020-11-06,827,N,VIIRS,n,2,306.36,15.41,D,0
30.70469,75.78263,344.16,0.43,0.46,2020-11-06,827,N,VIIRS,n,2,302.78,6.57,D,0
30.70472,75.491,356,0.42,0.45,2020-11-06,827,N,VIIRS,n,2,302.15,10.82,D,0
30.70517,75.21845,337.64,0.4,0.45,2020-11-06,827,N,VIIRS,n,2,301.4,11.38,D,0
30.7052,75.45524,333.48,0.42,0.45,2020-11-06,827,N,VIIRS,n,2,301.52,6.83,D,0
30.70563,75.22271,342.74,0.4,0.45,2020-11-06,827,N,VIIRS,n,2,306.11,11.38,D,0
30.70616,75.38422,349.16,0.41,0.45,2020-11-06,827,N,VIIRS,n,2,300.94,7.15,D,0
30.70658,75.27029,346.48,0.41,0.45,2020-11-06,827,N,VIIRS,n,2,302.59,7.12,D,0
30.707,75.01786,330.69,0.39,0.44,2020-11-06,827,N,VIIRS,n,2,300.46,1.94,D,0
30.70705,76.07104,348.16,0.45,0.47,2020-11-06,827,N,VIIRS,n,2,305.05,6.06,D,0
30.70781,75.85689,341.67,0.44,0.46,2020-11-06,827,N,VIIRS,n,2,304.53,7.52,D,0
30.708,75.40163,343.23,0.41,0.45,2020-11-06,827,N,VIIRS,n,2,303.19,7.57,D,0
30.70838,75.56691,347.64,0.42,0.45,2020-11-06,827,N,VIIRS,n,2,301.93,6.88,D,0
30.70892,75.45027,347.71,0.42,0.45,2020-11-06,827,N,VIIRS,n,2,307.98,37.3,D,0
30.70929,75.11934,341.37,0.4,0.44,2020-11-06,827,N,VIIRS,n,2,301.1,3.37,D,0
30.71006,76.15494,354.13,0.46,0.47,2020-11-06,827,N,VIIRS,n,2,314.51,43.85,D,0
30.71102,76.15791,342.79,0.46,0.47,2020-11-06,827,N,VIIRS,n,2,307.35,65.87,D,0
30.71196,75.16586,340.95,0.4,0.44,2020-11-06,827,N,VIIRS,n,2,300.81,2.9,D,0
30.71217,75.44094,355.83,0.42,0.45,2020-11-06,827,N,VIIRS,n,2,305.63,11.27,D,0
30.71267,75.07205,338.17,0.4,0.44,2020-11-06,827,N,VIIRS,n,2,300.57,3.53,D,0
30.71306,75.33049,341.15,0.41,0.45,2020-11-06,827,N,VIIRS,n,2,301.58,4.13,D,0
30.71337,76.2757,338.23,0.46,0.47,2020-11-06,827,N,VIIRS,n,2,302.38,3.59,D,0
30.71409,75.1658,339.1,0.4,0.44,2020-11-06,827,N,VIIRS,n,2,299.79,2.41,D,0
30.71634,75.44037,367,0.42,0.45,2020-11-06,827,N,VIIRS,h,2,302.59,11.27,D,0
30.71634,75.52079,330.35,0.42,0.45,2020-11-06,827,N,VIIRS,n,2,301.56,2.15,D,0
30.71662,75.73013,332.71,0.43,0.46,2020-11-06,827,N,VIIRS,n,2,302.07,3.62,D,0
30.71727,75.52965,341.53,0.42,0.45,2020-11-06,827,N,VIIRS,n,2,303.63,7.43,D,0
30.71914,75.46671,341.37,0.42,0.45,2020-11-06,827,N,VIIRS,n,2,302.25,8.25,D,0
30.71922,75.01613,336.35,0.39,0.44,2020-11-06,827,N,VIIRS,n,2,301.03,1.9,D,0
30.72006,75.55629,334.93,0.42,0.45,2020-11-06,827,N,VIIRS,n,2,299.85,2.31,D,0
30.72141,75.0369,341.03,0.4,0.44,2020-11-06,827,N,VIIRS,n,2,300.29,4.16,D,0
30.72194,75.53352,330.05,0.42,0.45,2020-11-06,827,N,VIIRS,l,2,302.97,15.72,D,0
30.7224,75.53795,342.41,0.42,0.45,2020-11-06,827,N,VIIRS,n,2,305.68,15.72,D,0
30.72348,75.09603,331.63,0.4,0.44,2020-11-06,827,N,VIIRS,l,2,302.62,2.57,D,0
30.72462,75.26813,340.63,0.41,0.45,2020-11-06,827,N,VIIRS,n,2,301.25,7.33,D,0
30.72625,75.91096,331.74,0.44,0.46,2020-11-06,827,N,VIIRS,n,2,302.62,2.04,D,0
30.72651,75.74265,333.82,0.43,0.46,2020-11-06,827,N,VIIRS,n,2,303.03,3.26,D,0
30.72655,75.24612,339.76,0.41,0.45,2020-11-06,827,N,VIIRS,n,2,301.69,3.52,D,0
30.72693,75.78897,337.75,0.44,0.46,2020-11-06,827,N,VIIRS,n,2,300.58,1.84,D,0
30.72757,75.09546,331.88,0.4,0.44,2020-11-06,827,N,VIIRS,n,2,301.27,2.57,D,0
30.72797,75.46998,333.03,0.42,0.45,2020-11-06,827,N,VIIRS,n,2,301.54,2.11,D,0
30.72846,75.10386,330.29,0.4,0.44,2020-11-06,827,N,VIIRS,l,2,300.85,2.5,D,0
30.72875,75.26755,340.38,0.41,0.45,2020-11-06,827,N,VIIRS,n,2,299.45,7.33,D,0
30.73034,75.53239,339.6,0.42,0.45,2020-11-06,827,N,VIIRS,n,2,301.03,2.96,D,0
30.73077,75.74209,341.15,0.43,0.46,2020-11-06,827,N,VIIRS,n,2,302.69,3.26,D,0
30.73079,75.7006,330.77,0.43,0.46,2020-11-06,827,N,VIIRS,n,2,300.88,2.01,D,0
30.73154,75.13333,331.04,0.4,0.44,2020-11-06,827,N,VIIRS,n,2,300.76,1.63,D,0
30.73184,75.29765,343.83,0.41,0.45,2020-11-06,827,N,VIIRS,n,2,304.34,10.59,D,0
30.73224,76.01484,342.26,0.45,0.47,2020-11-06,827,N,VIIRS,n,2,303.38,3.81,D,0
30.73336,75.93843,331.7,0.44,0.46,2020-11-06,827,N,VIIRS,l,2,302.42,1.49,D,0
30.73355,75.07335,352.93,0.4,0.44,2020-11-06,827,N,VIIRS,n,2,305.99,16.19,D,0
30.73409,75.56796,335.83,0.42,0.45,2020-11-06,827,N,VIIRS,n,2,301.53,3.99,D,0
30.7341,75.60874,344.26,0.43,0.46,2020-11-06,827,N,VIIRS,n,2,302.35,3.13,D,0
30.73552,76.04802,334.12,0.45,0.47,2020-11-06,827,N,VIIRS,n,2,303.88,2.05,D,0
30.73658,75.26211,342.52,0.41,0.45,2020-11-06,827,N,VIIRS,n,2,301.79,3.57,D,0
30.73737,75.76435,341.57,0.43,0.46,2020-11-06,827,N,VIIRS,n,2,302.99,5.63,D,0
30.73819,75.89996,337.88,0.44,0.46,2020-11-06,827,N,VIIRS,n,2,303.47,10.5,D,0
30.73866,75.90461,346.52,0.44,0.46,2020-11-06,827,N,VIIRS,n,2,303.11,10.5,D,0
30.73907,75.20538,345.38,0.4,0.45,2020-11-06,827,N,VIIRS,n,2,303.32,9.17,D,0
30.741,75.51357,346.78,0.42,0.45,2020-11-06,827,N,VIIRS,n,2,302.17,5.09,D,0
30.74104,75.51297,342.2,0.42,0.45,2020-11-06,827,N,VIIRS,n,2,302.21,5.56,D,0
30.74112,75.59417,333.11,0.42,0.46,2020-11-06,827,N,VIIRS,n,2,301.51,1.79,D,0
30.74158,75.39305,330.25,0.41,0.45,2020-11-06,827,N,VIIRS,l,2,301.29,4.27,D,0
30.74189,75.52244,349.99,0.42,0.45,2020-11-06,827,N,VIIRS,n,2,304.06,10.17,D,0
30.7419,75.31376,342.9,0.41,0.45,2020-11-06,827,N,VIIRS,n,2,302.2,4.65,D,0
30.74199,75.52183,342.81,0.42,0.45,2020-11-06,827,N,VIIRS,n,2,305.18,11.37,D,0
30.74557,75.43246,350.4,0.42,0.45,2020-11-06,827,N,VIIRS,n,2,306.07,19.06,D,0
30.74605,75.31319,339.52,0.41,0.45,2020-11-06,827,N,VIIRS,n,2,300.43,2.44,D,0
30.74634,75.68475,335.66,0.43,0.46,2020-11-06,827,N,VIIRS,n,2,301.36,4.74,D,0
30.74646,75.44123,346.13,0.42,0.45,2020-11-06,827,N,VIIRS,n,2,304.62,8.7,D,0
30.74691,75.44562,350.65,0.42,0.45,2020-11-06,827,N,VIIRS,n,2,303.01,8.7,D,0
30.7473,75.73527,339.38,0.43,0.46,2020-11-06,827,N,VIIRS,n,2,302.18,3.3,D,0
30.74757,76.03683,341.05,0.45,0.47,2020-11-06,827,N,VIIRS,n,2,304.06,2.32,D,0
30.74885,75.29967,355.71,0.41,0.45,2020-11-06,827,N,VIIRS,n,2,304.59,15.41,D,0
30.74943,75.26468,338.77,0.41,0.45,2020-11-06,827,N,VIIRS,n,2,301.96,3.05,D,0
30.74945,75.06685,340.66,0.4,0.44,2020-11-06,827,N,VIIRS,n,2,301.27,6.3,D,0
30.74975,75.43188,345.7,0.42,0.45,2020-11-06,827,N,VIIRS,n,2,300.35,9.11,D,0
30.75006,75.35216,340.77,0.41,0.45,2020-11-06,827,N,VIIRS,n,2,300.96,4.4,D,0
30.75064,75.44066,342.65,0.42,0.45,2020-11-06,827,N,VIIRS,n,2,302.25,11.89,D,0
30.75076,75.27757,332.54,0.41,0.45,2020-11-06,827,N,VIIRS,n,2,303.38,1.45,D,0
30.75088,75.2384,342.91,0.41,0.45,2020-11-06,827,N,VIIRS,n,2,303.26,11.86,D,0
30.75109,75.44505,355.38,0.42,0.45,2020-11-06,827,N,VIIRS,n,2,300.93,11.89,D,0
30.75133,75.52956,330.88,0.42,0.45,2020-11-06,827,N,VIIRS,n,2,299.94,2.36,D,0
30.75493,75.52516,345.33,0.42,0.45,2020-11-06,827,N,VIIRS,n,2,311.63,65.39,D,0
30.75747,76.18125,341.18,0.46,0.47,2020-11-06,827,N,VIIRS,n,2,301.72,10.08,D,0
30.75759,75.30283,342.63,0.41,0.45,2020-11-06,827,N,VIIRS,n,2,304.57,21.38,D,0
30.7581,75.43075,349.65,0.42,0.45,2020-11-06,827,N,VIIRS,n,2,305.47,17.09,D,0
30.75868,75.52014,341.24,0.42,0.45,2020-11-06,827,N,VIIRS,n,2,302.49,9.24,D,0
30.759,75.43951,340.91,0.42,0.45,2020-11-06,827,N,VIIRS,n,2,301.69,4.06,D,0
30.75914,75.52457,343.78,0.42,0.45,2020-11-06,827,N,VIIRS,n,2,303.17,9.24,D,0
30.75947,75.04423,367,0.4,0.44,2020-11-06,827,N,VIIRS,h,2,306.24,11.62,D,0
30.76061,75.37273,339.76,0.41,0.45,2020-11-06,827,N,VIIRS,n,2,300.05,2.86,D,0
30.76333,75.52401,353.84,0.42,0.45,2020-11-06,827,N,VIIRS,n,2,301.95,9.24,D,0
30.76462,75.24951,341.29,0.41,0.45,2020-11-06,827,N,VIIRS,n,2,303.05,2.95,D,0
30.76991,75.02583,334.86,0.4,0.44,2020-11-06,827,N,VIIRS,n,2,302.38,2.66,D,0
30.77036,75.03,352.17,0.4,0.44,2020-11-06,827,N,VIIRS,n,2,303.07,10.24,D,0
30.77076,76.36316,341.08,0.47,0.48,2020-11-06,827,N,VIIRS,n,2,304.51,4.33,D,0
30.77158,75.88612,348.28,0.44,0.46,2020-11-06,827,N,VIIRS,n,2,303.84,6.75,D,0
30.77167,75.11915,341.42,0.4,0.44,2020-11-06,827,N,VIIRS,n,2,301.47,3.44,D,0
30.7717,75.08074,354.97,0.4,0.44,2020-11-06,827,N,VIIRS,n,2,308.35,25.01,D,0
30.77256,76.11092,339.54,0.45,0.47,2020-11-06,827,N,VIIRS,n,2,303.84,4.43,D,0
30.77279,75.61787,335.68,0.43,0.46,2020-11-06,827,N,VIIRS,n,2,301.68,2.28,D,0
30.7738,75.7141,334.48,0.43,0.46,2020-11-06,827,N,VIIRS,n,2,301.81,1.81,D,0
30.77384,75.21784,339.96,0.41,0.45,2020-11-06,827,N,VIIRS,n,2,300.16,3.09,D,0
30.77444,75.02943,339.97,0.4,0.44,2020-11-06,827,N,VIIRS,n,2,301.76,3.41,D,0
30.77489,75.0336,337.64,0.4,0.44,2020-11-06,827,N,VIIRS,n,2,302.5,3.41,D,0
30.7749,75.38847,334.04,0.41,0.45,2020-11-06,827,N,VIIRS,n,2,299.2,4.37,D,0
30.77559,75.27413,340.91,0.41,0.45,2020-11-06,827,N,VIIRS,n,2,305.5,10.78,D,0
30.77579,75.08017,354.27,0.4,0.44,2020-11-06,827,N,VIIRS,n,2,302.21,25.01,D,0
30.77605,75.27843,341.39,0.41,0.45,2020-11-06,827,N,VIIRS,n,2,301.79,11,D,0
30.77751,75.21301,349.37,0.4,0.45,2020-11-06,827,N,VIIRS,n,2,304.11,6.01,D,0
30.77761,75.02052,353.92,0.4,0.44,2020-11-06,827,N,VIIRS,n,2,305.05,14.16,D,0
30.77792,75.62632,345.74,0.43,0.46,2020-11-06,827,N,VIIRS,n,2,304.98,6.86,D,0
30.77797,75.21727,338.51,0.41,0.45,2020-11-06,827,N,VIIRS,n,2,300.73,5.11,D,0
30.77852,75.06702,357.01,0.4,0.44,2020-11-06,827,N,VIIRS,n,2,305.68,11.54,D,0
30.77936,75.19113,341.61,0.4,0.45,2020-11-06,827,N,VIIRS,n,2,301.57,3.75,D,0
30.77943,75.43226,331.9,0.42,0.45,2020-11-06,827,N,VIIRS,n,2,299.39,3.02,D,0
30.77976,75.96561,331.77,0.45,0.47,2020-11-06,827,N,VIIRS,n,2,304.76,1.86,D,0
30.78187,75.37424,331.37,0.41,0.45,2020-11-06,827,N,VIIRS,n,2,299.75,2.02,D,0
30.78194,75.33456,339.57,0.41,0.45,2020-11-06,827,N,VIIRS,n,2,299.38,3.37,D,0
30.78407,75.96503,338.92,0.45,0.47,2020-11-06,827,N,VIIRS,n,2,302.24,2.13,D,0
30.78579,75.09582,342.69,0.4,0.44,2020-11-06,827,N,VIIRS,n,2,303.87,8.09,D,0
30.7866,75.29882,341.61,0.41,0.45,2020-11-06,827,N,VIIRS,n,2,301.65,2.92,D,0
30.78706,75.54785,338.38,0.42,0.45,2020-11-06,827,N,VIIRS,n,2,301.27,4,D,0
30.78715,75.07007,342.4,0.4,0.44,2020-11-06,827,N,VIIRS,n,2,302.27,2.51,D,0
30.78779,75.43112,341.02,0.42,0.45,2020-11-06,827,N,VIIRS,n,2,301.93,6.2,D,0
30.78842,75.31609,342.05,0.41,0.45,2020-11-06,827,N,VIIRS,n,2,302.8,3.67,D,0
30.78898,75.08683,342.39,0.4,0.44,2020-11-06,827,N,VIIRS,n,2,301.14,3.71,D,0
30.78941,75.24609,335.55,0.41,0.45,2020-11-06,827,N,VIIRS,n,2,300.82,1.72,D,0
30.78943,75.20704,335.43,0.4,0.45,2020-11-06,827,N,VIIRS,n,2,301.21,3.99,D,0
30.79124,75.0695,332.99,0.4,0.44,2020-11-06,827,N,VIIRS,n,2,298.59,2.51,D,0
30.79138,76.34546,342.16,0.47,0.48,2020-11-06,827,N,VIIRS,n,2,303.69,3.15,D,0
30.79307,75.08627,340.03,0.4,0.44,2020-11-06,827,N,VIIRS,n,2,299.2,3.71,D,0
30.79355,75.20647,347.17,0.4,0.45,2020-11-06,827,N,VIIRS,n,2,307.43,8.53,D,0
30.79491,75.25838,334.78,0.41,0.45,2020-11-06,827,N,VIIRS,n,2,301.83,4.04,D,0
30.79537,75.26268,339.89,0.41,0.45,2020-11-06,827,N,VIIRS,n,2,301.39,4.04,D,0
30.7963,75.2321,332.41,0.41,0.45,2020-11-06,827,N,VIIRS,n,2,300.19,2.29,D,0
30.79665,75.39436,339.57,0.41,0.45,2020-11-06,827,N,VIIRS,n,2,300.74,3.35,D,0
30.79665,75.64207,337.56,0.43,0.46,2020-11-06,827,N,VIIRS,n,2,302.05,3.57,D,0
30.79721,75.24067,340.79,0.41,0.45,2020-11-06,827,N,VIIRS,n,2,301.59,3.6,D,0
30.79767,75.20591,338.46,0.4,0.45,2020-11-06,827,N,VIIRS,n,2,300.39,8.53,D,0
30.79805,75.05579,343.7,0.4,0.44,2020-11-06,827,N,VIIRS,n,2,302.78,5.51,D,0
30.79856,75.13681,341.38,0.4,0.44,2020-11-06,827,N,VIIRS,n,2,300.24,6.06,D,0
30.80085,75.354,340.67,0.41,0.45,2020-11-06,827,N,VIIRS,n,2,299.49,3.85,D,0
30.80141,75.01769,341.99,0.4,0.44,2020-11-06,827,N,VIIRS,n,2,302.72,5.17,D,0
30.80208,75.01709,332.66,0.4,0.44,2020-11-06,827,N,VIIRS,n,2,302.06,5.35,D,0
30.80252,75.06848,344.25,0.4,0.44,2020-11-06,827,N,VIIRS,n,2,302.34,4.73,D,0
30.80351,75.06776,351.94,0.4,0.44,2020-11-06,827,N,VIIRS,n,2,302.04,5.56,D,0
30.80359,75.14471,347.69,0.4,0.44,2020-11-06,827,N,VIIRS,n,2,302.89,7.26,D,0
30.80364,75.26155,344.09,0.41,0.45,2020-11-06,827,N,VIIRS,n,2,302.04,4.48,D,0
30.80627,75.09294,333.79,0.4,0.44,2020-11-06,827,N,VIIRS,n,2,299.83,2.95,D,0
30.8064,75.69588,340.53,0.43,0.46,2020-11-06,827,N,VIIRS,n,2,302.35,6.81,D,0
30.81087,75.02907,340.31,0.4,0.44,2020-11-06,827,N,VIIRS,n,2,302.18,6.22,D,0
30.81101,75.29108,342.19,0.41,0.45,2020-11-06,827,N,VIIRS,n,2,301.74,3.29,D,0
30.81147,75.41453,341.93,0.42,0.45,2020-11-06,827,N,VIIRS,n,2,301.44,4.75,D,0
30.81304,75.67657,331.9,0.43,0.46,2020-11-06,827,N,VIIRS,l,2,301.95,5.06,D,0
30.81331,75.09254,330.29,0.4,0.44,2020-11-06,827,N,VIIRS,n,2,299.88,2.25,D,0
30.81463,76.08736,340.9,0.45,0.47,2020-11-06,827,N,VIIRS,n,2,303.45,4.55,D,0
30.81523,75.07094,355.09,0.4,0.44,2020-11-06,827,N,VIIRS,n,2,304.99,10.31,D,0
30.81685,75.0071,350.27,0.4,0.44,2020-11-06,827,N,VIIRS,n,2,302.81,4.52,D,0
30.81741,75.09196,334.15,0.4,0.44,2020-11-06,827,N,VIIRS,n,2,299,2.25,D,0
30.81775,75.68055,341.3,0.43,0.46,2020-11-06,827,N,VIIRS,n,2,304.2,3.47,D,0
30.81818,75.89983,337.53,0.44,0.46,2020-11-06,827,N,VIIRS,n,2,302.38,1.69,D,0
30.81934,75.48942,337.48,0.42,0.45,2020-11-06,827,N,VIIRS,n,2,300.66,3.15,D,0
30.82063,75.08296,341.09,0.4,0.44,2020-11-06,827,N,VIIRS,n,2,302.05,14.36,D,0
30.82075,75.42217,339.57,0.42,0.45,2020-11-06,827,N,VIIRS,n,2,301.06,3.56,D,0
30.82121,75.46674,339.16,0.42,0.45,2020-11-06,827,N,VIIRS,n,2,299.98,4.91,D,0
30.82167,75.47116,331.11,0.42,0.45,2020-11-06,827,N,VIIRS,n,2,300.82,4.91,D,0
30.82178,75.13419,341.48,0.4,0.44,2020-11-06,827,N,VIIRS,n,2,301.74,3.68,D,0
30.82198,75.67999,342.16,0.43,0.46,2020-11-06,827,N,VIIRS,n,2,301.11,3.47,D,0
30.82276,76.21851,343.04,0.46,0.47,2020-11-06,827,N,VIIRS,n,2,302.35,4.64,D,0
30.82283,75.94678,332.37,0.45,0.47,2020-11-06,827,N,VIIRS,n,2,302.96,2.7,D,0
30.82307,76.21708,341.22,0.46,0.47,2020-11-06,827,N,VIIRS,n,2,302.94,6.74,D,0
30.82351,75.36855,341.56,0.41,0.45,2020-11-06,827,N,VIIRS,n,2,300.47,5.09,D,0
30.82473,75.08239,343.96,0.4,0.44,2020-11-06,827,N,VIIRS,n,2,307.29,14.36,D,0
30.82588,75.01427,335.97,0.4,0.44,2020-11-06,827,N,VIIRS,n,2,302.75,19.3,D,0
30.82623,75.31531,342.03,0.41,0.45,2020-11-06,827,N,VIIRS,n,2,302.33,11.95,D,0
30.82623,75.67942,346.37,0.43,0.46,2020-11-06,827,N,VIIRS,n,2,303.11,5.8,D,0
30.82632,75.01845,354.59,0.4,0.44,2020-11-06,827,N,VIIRS,n,2,316.52,19.3,D,0
30.8264,76.16389,331.53,0.46,0.47,2020-11-06,827,N,VIIRS,n,2,301.63,1.83,D,0
30.8304,75.01788,346.5,0.4,0.44,2020-11-06,827,N,VIIRS,n,2,303.06,5.49,D,0
30.8309,75.3587,339.8,0.41,0.45,2020-11-06,827,N,VIIRS,n,2,299.98,4.65,D,0
30.83221,75.35944,339.86,0.41,0.45,2020-11-06,827,N,VIIRS,n,2,299.87,2.98,D,0
30.83272,75.00062,339.09,0.4,0.44,2020-11-06,827,N,VIIRS,n,2,299.77,3.22,D,0
30.83281,75.70159,344.15,0.43,0.46,2020-11-06,827,N,VIIRS,n,2,304.22,6.02,D,0
30.83304,75.04292,340.6,0.4,0.44,2020-11-06,827,N,VIIRS,n,2,302.12,2.6,D,0
30.83592,75.85971,337.47,0.44,0.46,2020-11-06,827,N,VIIRS,n,2,303.01,2.98,D,0
30.83698,75.4155,330.03,0.42,0.45,2020-11-06,827,N,VIIRS,l,2,300.76,1.66,D,0
30.83742,76.05046,341.67,0.45,0.47,2020-11-06,827,N,VIIRS,n,2,304.12,4.19,D,0
30.83749,75.41195,337.16,0.42,0.45,2020-11-06,827,N,VIIRS,n,2,300.21,3.77,D,0
30.83787,75.38428,340.76,0.41,0.45,2020-11-06,827,N,VIIRS,n,2,300.98,3.44,D,0
30.83866,75.13613,337.64,0.4,0.44,2020-11-06,827,N,VIIRS,n,2,301.21,1.82,D,0
30.83872,76.24617,341.46,0.46,0.47,2020-11-06,827,N,VIIRS,n,2,305.49,11.27,D,0
30.83999,75.27041,343.23,0.41,0.45,2020-11-06,827,N,VIIRS,n,2,300.99,6.68,D,0
30.84084,75.61326,342.21,0.43,0.46,2020-11-06,827,N,VIIRS,n,2,304.17,64.16,D,0
30.841,75.11864,341.98,0.4,0.44,2020-11-06,827,N,VIIRS,n,2,301.75,3.66,D,0
30.8445,75.486,335.28,0.42,0.45,2020-11-06,827,N,VIIRS,n,2,303.91,10.15,D,0
30.84466,75.11384,343.09,0.4,0.44,2020-11-06,827,N,VIIRS,n,2,300.59,3.66,D,0
30.84497,75.49043,340.85,0.42,0.45,2020-11-06,827,N,VIIRS,n,2,300.85,11.61,D,0
30.84501,75.48698,346.42,0.42,0.45,2020-11-06,827,N,VIIRS,n,2,303.82,13.45,D,0
30.8451,75.11806,332.37,0.4,0.44,2020-11-06,827,N,VIIRS,n,2,299.46,3.66,D,0
30.84628,75.41518,340.73,0.42,0.45,2020-11-06,827,N,VIIRS,n,2,301.59,5.55,D,0
30.84736,75.38391,339.6,0.41,0.45,2020-11-06,827,N,VIIRS,n,2,301.21,3.98,D,0
30.84797,75.22567,331.12,0.41,0.45,2020-11-06,827,N,VIIRS,n,2,299.56,2.33,D,0
30.84841,75.07056,336.22,0.4,0.44,2020-11-06,827,N,VIIRS,n,2,302.94,11.35,D,0
30.84879,75.56669,342.33,0.42,0.46,2020-11-06,827,N,VIIRS,n,2,301.68,3.85,D,0
30.84886,75.07475,342.17,0.4,0.44,2020-11-06,827,N,VIIRS,n,2,307.14,11.35,D,0
30.85044,75.16898,341.39,0.4,0.44,2020-11-06,827,N,VIIRS,n,2,302.36,4.2,D,0
30.85133,75.1775,340.31,0.4,0.45,2020-11-06,827,N,VIIRS,n,2,301.35,6.34,D,0
30.85152,75.38334,332.13,0.41,0.45,2020-11-06,827,N,VIIRS,n,2,300.36,4.54,D,0
30.85251,75.06998,338.68,0.4,0.44,2020-11-06,827,N,VIIRS,n,2,300.19,9.54,D,0
30.85254,75.22939,338.7,0.41,0.45,2020-11-06,827,N,VIIRS,n,2,301.09,4.56,D,0
30.85295,75.0742,342.16,0.4,0.44,2020-11-06,827,N,VIIRS,n,2,303.48,9.54,D,0
30.85444,75.01025,346.23,0.4,0.44,2020-11-06,827,N,VIIRS,n,2,302.31,9.33,D,0
30.85508,76.1406,340.5,0.46,0.47,2020-11-06,827,N,VIIRS,n,2,303.87,4.79,D,0
30.85629,75.34727,339.21,0.41,0.45,2020-11-06,827,N,VIIRS,n,2,299.92,4.67,D,0
30.85662,76.29368,350.86,0.47,0.47,2020-11-06,827,N,VIIRS,n,2,305.05,9.71,D,0
30.85732,75.44046,341.03,0.42,0.45,2020-11-06,827,N,VIIRS,n,2,303.28,5,D,0
30.85883,75.09045,351.77,0.4,0.44,2020-11-06,827,N,VIIRS,n,2,303.96,8.36,D,0
30.85924,75.29401,339.73,0.41,0.45,2020-11-06,827,N,VIIRS,n,2,301.38,7.37,D,0
30.86044,75.4714,330.79,0.42,0.45,2020-11-06,827,N,VIIRS,n,2,301.25,2.13,D,0
30.8609,75.18914,342.78,0.4,0.45,2020-11-06,827,N,VIIRS,n,2,299.81,4.22,D,0
30.86095,75.56051,349.81,0.42,0.45,2020-11-06,827,N,VIIRS,n,2,305.28,8.31,D,0
30.86098,75.56162,341.87,0.42,0.46,2020-11-06,827,N,VIIRS,n,2,306.11,5.36,D,0
30.86402,75.795,331.76,0.44,0.46,2020-11-06,827,N,VIIRS,n,2,301.55,6.77,D,0
30.86529,75.27128,334,0.41,0.45,2020-11-06,827,N,VIIRS,n,2,299.8,5.17,D,0
30.86698,75.579,338.05,0.43,0.46,2020-11-06,827,N,VIIRS,n,2,302.71,2.53,D,0
30.86787,75.13636,342.51,0.4,0.44,2020-11-06,827,N,VIIRS,n,2,304.05,8.72,D,0
30.86832,75.14059,345.99,0.4,0.44,2020-11-06,827,N,VIIRS,n,2,306.27,8.72,D,0
30.86997,75.23568,341.05,0.41,0.45,2020-11-06,827,N,VIIRS,n,2,301.81,13.88,D,0
30.87123,75.28796,341.04,0.41,0.45,2020-11-06,827,N,VIIRS,n,2,301.74,4.84,D,0
30.87168,75.29228,338.08,0.41,0.45,2020-11-06,827,N,VIIRS,n,2,299.5,4.42,D,0
30.87198,75.13577,344.8,0.4,0.44,2020-11-06,827,N,VIIRS,n,2,301.77,8.72,D,0
30.87243,75.14002,345.11,0.4,0.44,2020-11-06,827,N,VIIRS,n,2,299.65,8.72,D,0
30.87333,75.14852,332.57,0.4,0.44,2020-11-06,827,N,VIIRS,n,2,300.15,8.33,D,0
30.87462,75.65577,338.97,0.43,0.46,2020-11-06,827,N,VIIRS,n,2,302,3.7,D,0
30.87538,75.28739,337.65,0.41,0.45,2020-11-06,827,N,VIIRS,n,2,299.49,2.83,D,0
30.87591,75.25231,331.72,0.41,0.45,2020-11-06,827,N,VIIRS,n,2,299.82,4.5,D,0
30.87794,75.11347,338.97,0.4,0.44,2020-11-06,827,N,VIIRS,n,2,301.15,2.39,D,0
30.87873,75.56831,344.97,0.42,0.46,2020-11-06,827,N,VIIRS,n,2,304.4,7.22,D,0
30.88088,75.2998,339.03,0.41,0.45,2020-11-06,827,N,VIIRS,n,2,304.02,9.47,D,0
30.88133,75.30412,332.31,0.41,0.45,2020-11-06,827,N,VIIRS,n,2,300.09,9.47,D,0
30.8814,75.46854,343.54,0.42,0.45,2020-11-06,827,N,VIIRS,n,2,308.5,22.47,D,0
30.88201,75.15163,337.41,0.4,0.44,2020-11-06,827,N,VIIRS,n,2,300.14,4.01,D,0
30.88309,75.5269,337.37,0.42,0.45,2020-11-06,827,N,VIIRS,n,2,300.91,4.8,D,0
30.88344,75.04861,337.4,0.4,0.44,2020-11-06,827,N,VIIRS,n,2,303.42,4.4,D,0
30.8849,75.54477,330.17,0.42,0.45,2020-11-06,827,N,VIIRS,l,2,300.58,3.38,D,0
30.88605,75.22909,337.85,0.41,0.45,2020-11-06,827,N,VIIRS,n,2,300.14,2.41,D,0
30.88632,75.35198,340.67,0.41,0.45,2020-11-06,827,N,VIIRS,n,2,300.73,4.02,D,0
30.88678,75.35635,340.53,0.41,0.45,2020-11-06,827,N,VIIRS,n,2,301.13,4.02,D,0
30.88827,75.28999,348.69,0.41,0.45,2020-11-06,827,N,VIIRS,n,2,300.97,6.48,D,0
30.88844,75.05644,336.17,0.4,0.44,2020-11-06,827,N,VIIRS,n,2,302.62,4.36,D,0
30.8889,75.06065,341.62,0.4,0.44,2020-11-06,827,N,VIIRS,n,2,302.54,4.36,D,0
30.89009,75.30732,348.82,0.41,0.45,2020-11-06,827,N,VIIRS,n,2,299.97,8.01,D,0
30.89206,75.01342,339.54,0.4,0.44,2020-11-06,827,N,VIIRS,n,2,301.99,9.09,D,0
30.89252,75.01759,342.7,0.4,0.44,2020-11-06,827,N,VIIRS,n,2,304.25,9.09,D,0
30.89429,75.26725,340.94,0.41,0.45,2020-11-06,827,N,VIIRS,n,2,301.73,3.26,D,0
30.89616,75.05109,337.01,0.4,0.44,2020-11-06,827,N,VIIRS,n,2,300.93,2.07,D,0
30.89708,75.53859,348.81,0.42,0.45,2020-11-06,827,N,VIIRS,n,2,307.35,15.03,D,0
30.90046,75.48843,331.29,0.42,0.45,2020-11-06,827,N,VIIRS,n,2,301.99,1.18,D,0
30.90129,75.53802,336.69,0.42,0.45,2020-11-06,827,N,VIIRS,n,2,299.12,3.13,D,0
30.90213,75.14453,335.41,0.4,0.44,2020-11-06,827,N,VIIRS,n,2,299.54,1.72,D,0
30.90351,75.19623,340.99,0.41,0.45,2020-11-06,827,N,VIIRS,n,2,299.12,2.94,D,0
30.90392,75.08416,341.63,0.4,0.44,2020-11-06,827,N,VIIRS,n,2,302.17,3.9,D,0
30.90532,75.29205,340.56,0.41,0.45,2020-11-06,827,N,VIIRS,n,2,300.46,4.55,D,0
30.90578,75.29636,333.01,0.41,0.45,2020-11-06,827,N,VIIRS,n,2,299.67,4.99,D,0
30.90763,75.19566,352.79,0.41,0.45,2020-11-06,827,N,VIIRS,n,2,299.82,7.93,D,0
30.90802,75.08359,342.2,0.4,0.44,2020-11-06,827,N,VIIRS,n,2,303.63,3.9,D,0
30.90977,75.49619,337.58,0.42,0.45,2020-11-06,827,N,VIIRS,n,2,302.16,1.71,D,0
30.90982,75.06197,340.77,0.4,0.44,2020-11-06,827,N,VIIRS,n,2,301.66,7.79,D,0
30.90993,75.25635,343.94,0.41,0.45,2020-11-06,827,N,VIIRS,n,2,299.7,7.01,D,0
30.91046,75.08344,352.99,0.4,0.44,2020-11-06,827,N,VIIRS,n,2,304.7,12.41,D,0
30.91126,75.01084,341.52,0.4,0.44,2020-11-06,827,N,VIIRS,n,2,302.36,4.02,D,0
30.91147,76.03296,342.54,0.45,0.47,2020-11-06,827,N,VIIRS,n,2,303.1,5.23,D,0
30.91212,75.08302,344.45,0.4,0.44,2020-11-06,827,N,VIIRS,n,2,300.58,5.38,D,0
30.91239,75.06178,341.56,0.4,0.44,2020-11-06,827,N,VIIRS,n,2,302.3,7.36,D,0
30.91316,75.24716,335.43,0.41,0.45,2020-11-06,827,N,VIIRS,n,2,300.69,2.55,D,0
30.91431,75.04018,340.76,0.4,0.44,2020-11-06,827,N,VIIRS,n,2,301.69,4.57,D,0
30.91481,75.1258,340.68,0.4,0.44,2020-11-06,827,N,VIIRS,n,2,302.34,4.97,D,0
30.91491,75.00607,341.2,0.4,0.44,2020-11-06,827,N,VIIRS,n,2,304.73,6.83,D,0
30.91524,75.59074,342.6,0.43,0.46,2020-11-06,827,N,VIIRS,n,2,302.15,5.46,D,0
30.91535,75.01025,335.11,0.4,0.44,2020-11-06,827,N,VIIRS,n,2,303.48,4.02,D,0
30.91581,76.03239,341.03,0.45,0.47,2020-11-06,827,N,VIIRS,n,2,303.27,4.42,D,0
30.91582,75.51343,332.92,0.42,0.45,2020-11-06,827,N,VIIRS,n,2,305.46,2.27,D,0
30.91585,75.15559,333.61,0.4,0.44,2020-11-06,827,N,VIIRS,n,2,299.08,3.82,D,0
30.91673,75.12527,341.61,0.4,0.44,2020-11-06,827,N,VIIRS,n,2,302.73,4.68,D,0
30.91824,75.29467,336.67,0.41,0.45,2020-11-06,827,N,VIIRS,n,2,299.46,4.04,D,0
30.92066,75.14223,341.33,0.4,0.44,2020-11-06,827,N,VIIRS,n,2,302.07,6.91,D,0
30.921,75.28111,340.68,0.41,0.45,2020-11-06,827,N,VIIRS,n,2,301.03,4.9,D,0
30.92183,75.5716,345.94,0.43,0.46,2020-11-06,827,N,VIIRS,n,2,304.53,6.06,D,0
30.92186,75.21108,342.34,0.41,0.45,2020-11-06,827,N,VIIRS,n,2,300.34,4.87,D,0
30.92193,75.28978,340.05,0.41,0.45,2020-11-06,827,N,VIIRS,n,2,298.58,9.61,D,0
30.92228,75.1763,330.15,0.4,0.45,2020-11-06,827,N,VIIRS,n,2,300.04,3.55,D,0
30.92239,75.29411,333.26,0.41,0.45,2020-11-06,827,N,VIIRS,n,2,298.62,4.04,D,0
30.9227,75.14169,342.63,0.4,0.44,2020-11-06,827,N,VIIRS,n,2,301.18,6.86,D,0
30.92288,75.37803,331.02,0.42,0.45,2020-11-06,827,N,VIIRS,n,2,302.86,1.95,D,0
30.92352,75.2112,341.17,0.41,0.45,2020-11-06,827,N,VIIRS,n,2,299.79,5.61,D,0
30.92415,75.17632,355.75,0.4,0.45,2020-11-06,827,N,VIIRS,n,2,302.81,7.1,D,0
30.92427,75.39117,352.45,0.42,0.45,2020-11-06,827,N,VIIRS,n,2,305.48,16.04,D,0
30.92431,76.07498,333.35,0.45,0.47,2020-11-06,827,N,VIIRS,n,2,302.07,2.27,D,0
30.92434,75.1374,330.47,0.4,0.44,2020-11-06,827,N,VIIRS,n,2,299.77,2.15,D,0
30.92472,75.47614,334.1,0.42,0.45,2020-11-06,827,N,VIIRS,n,2,302.61,2.2,D,0
30.92482,75.02167,344.87,0.4,0.44,2020-11-06,827,N,VIIRS,n,2,303.37,9.66,D,0
30.92611,75.48948,350.89,0.42,0.45,2020-11-06,827,N,VIIRS,n,2,308,18.07,D,0
30.9264,75.17574,347.4,0.4,0.45,2020-11-06,827,N,VIIRS,n,2,301.31,3.55,D,0
30.92774,75.08958,341.27,0.4,0.44,2020-11-06,827,N,VIIRS,n,2,303.94,6.62,D,0
30.93215,75.38566,340.43,0.42,0.45,2020-11-06,827,N,VIIRS,n,2,302.01,2.96,D,0
30.9331,75.22295,331.25,0.41,0.45,2020-11-06,827,N,VIIRS,n,2,299.63,2.99,D,0
30.9333,75.0631,341.95,0.4,0.44,2020-11-06,827,N,VIIRS,n,2,304.85,18.66,D,0
30.93479,75.25295,344.17,0.41,0.45,2020-11-06,827,N,VIIRS,n,2,301.27,4.87,D,0
30.93531,75.29675,346.92,0.41,0.45,2020-11-06,827,N,VIIRS,n,2,301.13,7.65,D,0
30.93555,75.28835,340.88,0.41,0.45,2020-11-06,827,N,VIIRS,n,2,299.42,3.28,D,0
30.93618,75.25313,367,0.41,0.45,2020-11-06,827,N,VIIRS,h,2,301.42,8.61,D,0
30.93633,75.3851,342.57,0.42,0.45,2020-11-06,827,N,VIIRS,n,2,304.16,7.94,D,0
30.93643,75.29704,344.33,0.41,0.45,2020-11-06,827,N,VIIRS,n,2,300.22,7.52,D,0
30.93947,75.12234,337.71,0.4,0.44,2020-11-06,827,N,VIIRS,n,2,300.37,3.35,D,0
30.93966,76.23534,332.27,0.46,0.47,2020-11-06,827,N,VIIRS,n,2,303.48,2.89,D,0
30.94011,75.50114,340.44,0.42,0.45,2020-11-06,827,N,VIIRS,n,2,301.29,2.74,D,0
30.94335,75.45117,345.96,0.42,0.45,2020-11-06,827,N,VIIRS,n,2,304.95,15.36,D,0
30.94481,76.28963,331.27,0.47,0.48,2020-11-06,827,N,VIIRS,n,2,303.21,1.57,D,0
30.94709,75.77609,337.62,0.44,0.46,2020-11-06,827,N,VIIRS,n,2,300.75,3.34,D,0
30.94712,75.15581,334.63,0.4,0.45,2020-11-06,827,N,VIIRS,n,2,299.83,4.11,D,0
30.94754,75.45062,356.55,0.42,0.45,2020-11-06,827,N,VIIRS,n,2,305.32,15.36,D,0
30.9477,75.45122,354.03,0.42,0.45,2020-11-06,827,N,VIIRS,n,2,305.01,21.68,D,0
30.9478,75.08248,341.49,0.4,0.44,2020-11-06,827,N,VIIRS,n,2,299.55,6.25,D,0
30.94798,76.2293,337.36,0.46,0.47,2020-11-06,827,N,VIIRS,n,2,303.46,5.92,D,0
30.94961,75.34383,337.13,0.41,0.45,2020-11-06,827,N,VIIRS,n,2,300.02,2.91,D,0
30.95043,75.5587,338.44,0.42,0.46,2020-11-06,827,N,VIIRS,n,2,301.81,2.95,D,0
30.95173,75.45005,350.21,0.42,0.45,2020-11-06,827,N,VIIRS,n,2,304.61,22.55,D,0
30.95189,75.45064,354.64,0.42,0.45,2020-11-06,827,N,VIIRS,n,2,302.61,21.68,D,0
30.95237,76.22873,330.88,0.46,0.47,2020-11-06,827,N,VIIRS,l,2,301.81,2.26,D,0
30.95331,76.23857,338.86,0.46,0.47,2020-11-06,827,N,VIIRS,n,2,301.1,5.48,D,0
30.95378,76.24349,340.94,0.46,0.47,2020-11-06,827,N,VIIRS,n,2,304.03,10.04,D,0
30.95403,75.4318,331.33,0.42,0.45,2020-11-06,827,N,VIIRS,n,2,301.63,2.39,D,0
30.9543,75.43236,341.2,0.42,0.45,2020-11-06,827,N,VIIRS,n,2,303.53,4.59,D,0
30.95465,75.55813,336.81,0.42,0.46,2020-11-06,827,N,VIIRS,n,2,300.6,3.47,D,0
30.95568,75.53144,355.9,0.42,0.45,2020-11-06,827,N,VIIRS,n,2,305.07,7.96,D,0
30.95579,76.0369,340.74,0.45,0.47,2020-11-06,827,N,VIIRS,n,2,303,7.89,D,0
30.95603,75.53069,367,0.42,0.45,2020-11-06,827,N,VIIRS,h,2,306.19,10.96,D,0
30.95612,75.53593,343.2,0.42,0.46,2020-11-06,827,N,VIIRS,n,2,302.71,7.96,D,0
30.9565,75.53516,342.52,0.42,0.45,2020-11-06,827,N,VIIRS,n,2,301.85,10.96,D,0
30.95716,75.41852,333.05,0.42,0.45,2020-11-06,827,N,VIIRS,n,2,301.89,1.34,D,0
30.95778,75.2589,338.06,0.41,0.45,2020-11-06,827,N,VIIRS,n,2,301.77,7.59,D,0
30.95823,75.26324,341.68,0.41,0.45,2020-11-06,827,N,VIIRS,n,2,304.04,12.28,D,0
30.95847,75.18458,340.97,0.41,0.45,2020-11-06,827,N,VIIRS,n,2,300.1,7.3,D,0
30.95849,75.43179,340.99,0.42,0.45,2020-11-06,827,N,VIIRS,n,2,300.94,4.59,D,0
30.95855,75.51743,337.35,0.42,0.45,2020-11-06,827,N,VIIRS,n,2,300.99,4.63,D,0
30.95882,75.51672,341.35,0.42,0.45,2020-11-06,827,N,VIIRS,n,2,301.51,4.33,D,0
30.95885,75.02964,335.48,0.4,0.44,2020-11-06,827,N,VIIRS,n,2,303.69,10.1,D,0
30.9593,75.03384,340.8,0.4,0.44,2020-11-06,827,N,VIIRS,n,2,299.65,10.1,D,0
30.95981,75.19744,339.41,0.41,0.45,2020-11-06,827,N,VIIRS,n,2,300.41,3.87,D,0
30.96027,75.44949,331.86,0.42,0.45,2020-11-06,827,N,VIIRS,n,2,300.26,3.14,D,0
30.96033,75.53535,331.38,0.42,0.46,2020-11-06,827,N,VIIRS,n,2,301.03,7.96,D,0
30.96061,76.04111,348.79,0.45,0.47,2020-11-06,827,N,VIIRS,n,2,300.77,5.56,D,0
30.961,75.08921,367,0.4,0.44,2020-11-06,827,N,VIIRS,h,2,304.22,14.38,D,0
30.96122,75.54433,342.71,0.42,0.46,2020-11-06,827,N,VIIRS,n,2,300.94,7.36,D,0
30.96132,75.70427,347.22,0.43,0.46,2020-11-06,827,N,VIIRS,n,2,304.59,14.46,D,0
30.96135,75.29358,338.54,0.41,0.45,2020-11-06,827,N,VIIRS,n,2,300.68,1.84,D,0
30.9616,75.21463,341.02,0.41,0.45,2020-11-06,827,N,VIIRS,n,2,301.67,8.66,D,0
30.96166,75.54355,341.97,0.42,0.46,2020-11-06,827,N,VIIRS,n,2,302.09,4.26,D,0
30.96204,75.21893,350.24,0.41,0.45,2020-11-06,827,N,VIIRS,n,2,307.72,23.48,D,0
30.96313,75.43563,347.35,0.42,0.45,2020-11-06,827,N,VIIRS,n,2,302.92,5.99,D,0
30.96357,75.44006,330.75,0.42,0.45,2020-11-06,827,N,VIIRS,n,2,302.09,3.89,D,0
30.96434,75.00334,341.85,0.4,0.44,2020-11-06,827,N,VIIRS,n,2,301.53,6.07,D,0
30.96479,75.00753,344.42,0.4,0.44,2020-11-06,827,N,VIIRS,n,2,300.03,6.07,D,0
30.96592,75.1359,352.82,0.4,0.44,2020-11-06,827,N,VIIRS,n,2,309.19,36.29,D,0
30.96607,75.0585,340.55,0.4,0.44,2020-11-06,827,N,VIIRS,n,2,300.17,3.81,D,0
30.96607,75.50734,331.96,0.42,0.45,2020-11-06,827,N,VIIRS,n,2,301.72,3.07,D,0
30.96618,75.21836,340.74,0.41,0.45,2020-11-06,827,N,VIIRS,n,2,298.87,7.83,D,0
30.96658,75.02429,348.38,0.4,0.44,2020-11-06,827,N,VIIRS,n,2,302.48,8,D,0
30.96741,75.27074,340.58,0.41,0.45,2020-11-06,827,N,VIIRS,n,2,299.61,3.73,D,0
30.96741,75.63875,341.56,0.43,0.46,2020-11-06,827,N,VIIRS,n,2,307.02,12.5,D,0
30.96751,75.84868,336.16,0.44,0.46,2020-11-06,827,N,VIIRS,n,2,302.28,2.31,D,0
30.96921,75.08805,332.62,0.4,0.44,2020-11-06,827,N,VIIRS,n,2,300.57,3.16,D,0
30.96932,75.01115,338.68,0.4,0.44,2020-11-06,827,N,VIIRS,n,2,300.76,9.88,D,0
30.96951,75.17001,348.41,0.4,0.45,2020-11-06,827,N,VIIRS,n,2,304.04,17.39,D,0
30.96996,75.17429,341.82,0.41,0.45,2020-11-06,827,N,VIIRS,n,2,302.59,18.49,D,0
30.97028,75.50677,340.92,0.42,0.45,2020-11-06,827,N,VIIRS,n,2,301.95,6.55,D,0
30.9706,75.63917,344.85,0.43,0.46,2020-11-06,827,N,VIIRS,n,2,319.66,33.35,D,0
30.97093,75.14384,345.66,0.4,0.44,2020-11-06,827,N,VIIRS,n,2,304.58,13.14,D,0
30.97105,75.64372,331.04,0.43,0.46,2020-11-06,827,N,VIIRS,n,2,300.44,33.35,D,0
30.97138,75.14809,344.04,0.4,0.45,2020-11-06,827,N,VIIRS,n,2,299.8,4.15,D,0
30.97164,75.63818,351.71,0.43,0.46,2020-11-06,827,N,VIIRS,n,2,314.4,31.77,D,0
30.97212,75.64274,342.64,0.43,0.46,2020-11-06,827,N,VIIRS,n,2,304.09,31.77,D,0
30.97296,75.00638,340.61,0.4,0.44,2020-11-06,827,N,VIIRS,n,2,304.78,8.29,D,0
30.97363,75.16944,346.18,0.4,0.45,2020-11-06,827,N,VIIRS,n,2,300.62,17.39,D,0
30.97391,75.25228,333.33,0.41,0.45,2020-11-06,827,N,VIIRS,n,2,301.7,2.09,D,0
30.97408,75.17372,342.32,0.41,0.45,2020-11-06,827,N,VIIRS,n,2,299.8,18.49,D,0
30.97484,75.63861,339.92,0.43,0.46,2020-11-06,827,N,VIIRS,n,2,298.92,4.32,D,0
30.97505,75.14327,343.27,0.4,0.44,2020-11-06,827,N,VIIRS,n,2,299.24,7.57,D,0
30.97922,75.10387,339.98,0.4,0.44,2020-11-06,827,N,VIIRS,n,2,301.2,3.15,D,0
30.98001,75.19028,342.83,0.41,0.45,2020-11-06,827,N,VIIRS,n,2,303.79,6.76,D,0
30.98012,75.35295,351.92,0.41,0.45,2020-11-06,827,N,VIIRS,n,2,301.88,6.27,D,0
30.98188,75.1683,338.04,0.4,0.45,2020-11-06,827,N,VIIRS,n,2,299.03,3.69,D,0
30.98238,75.13361,350.66,0.4,0.44,2020-11-06,827,N,VIIRS,n,2,305.09,12.88,D,0
30.98363,75.22468,342.67,0.41,0.45,2020-11-06,827,N,VIIRS,n,2,300.98,38.11,D,0
30.98419,75.15065,336.42,0.4,0.45,2020-11-06,827,N,VIIRS,n,2,299.46,2.98,D,0
30.98483,75.31683,340.62,0.41,0.45,2020-11-06,827,N,VIIRS,n,2,300.72,3.91,D,0
30.986,75.16772,339.47,0.4,0.45,2020-11-06,827,N,VIIRS,n,2,312.46,18.03,D,0
30.98612,75.84257,340.16,0.44,0.46,2020-11-06,827,N,VIIRS,n,2,302.68,9,D,0
30.98645,75.17201,367,0.41,0.45,2020-11-06,827,N,VIIRS,h,2,302.26,35.89,D,0
30.98698,75.09847,353.02,0.4,0.44,2020-11-06,827,N,VIIRS,n,2,306.69,19.86,D,0
30.98731,75.21981,331.3,0.41,0.45,2020-11-06,827,N,VIIRS,n,2,299.77,73.48,D,0
30.98838,75.03402,335.12,0.4,0.44,2020-11-06,827,N,VIIRS,n,2,300.96,3.25,D,0
30.98897,75.84586,340.84,0.44,0.46,2020-11-06,827,N,VIIRS,n,2,301.7,9.31,D,0
30.98973,75.08519,355.99,0.4,0.44,2020-11-06,827,N,VIIRS,n,2,307.08,20.09,D,0
30.99013,75.16715,343.47,0.4,0.45,2020-11-06,827,N,VIIRS,n,2,300.07,18.03,D,0
30.99073,75.54031,344.23,0.42,0.46,2020-11-06,827,N,VIIRS,n,2,304.68,5.03,D,0
30.99189,76.22368,340.91,0.46,0.47,2020-11-06,827,N,VIIRS,n,2,302.92,9.03,D,0
30.99336,75.11913,343.89,0.4,0.44,2020-11-06,827,N,VIIRS,n,2,298.62,4.31,D,0
30.99367,75.28033,351.02,0.41,0.45,2020-11-06,827,N,VIIRS,n,2,299.31,5.86,D,0
30.99383,75.00771,354.12,0.4,0.44,2020-11-06,827,N,VIIRS,n,2,306.98,17.65,D,0
30.99429,75.01189,356.64,0.4,0.44,2020-11-06,827,N,VIIRS,n,2,310.24,17.65,D,0
30.99497,75.33315,333.48,0.41,0.45,2020-11-06,827,N,VIIRS,n,2,299.85,4.53,D,0
30.9952,75.0587,344.54,0.4,0.44,2020-11-06,827,N,VIIRS,n,2,310.07,45.67,D,0
30.99558,75.6312,347.63,0.43,0.46,2020-11-06,827,N,VIIRS,n,2,302.76,5,D,0
30.99838,75.01131,356.58,0.4,0.44,2020-11-06,827,N,VIIRS,n,2,301.57,17.65,D,0
30.99868,75.32821,342.08,0.41,0.45,2020-11-06,827,N,VIIRS,n,2,303.14,4.53,D,0
30.99877,75.66309,341.49,0.43,0.46,2020-11-06,827,N,VIIRS,n,2,304.39,7.8,D,0
30.99884,75.13132,337.16,0.4,0.44,2020-11-06,827,N,VIIRS,n,2,299.66,2.6,D,0
30.99913,75.33259,341.28,0.41,0.45,2020-11-06,827,N,VIIRS,n,2,300.69,4.53,D,0
30.99928,75.17458,341.61,0.41,0.45,2020-11-06,827,N,VIIRS,n,2,302.86,4.43,D,0
30.99929,75.01971,340.67,0.4,0.44,2020-11-06,827,N,VIIRS,n,2,300.63,10.23,D,0
30.99974,75.0239,330.1,0.4,0.44,2020-11-06,827,N,VIIRS,n,2,300.46,3.83,D,0
30.00002,75.99616,332.8,0.41,0.37,2020-11-07,808,N,VIIRS,l,2,302.88,4.2,D,0
30.00026,75.99687,330.69,0.41,0.37,2020-11-07,808,N,VIIRS,n,2,302.26,2.09,D,0
30.00039,76.09964,338.84,0.41,0.37,2020-11-07,808,N,VIIRS,l,2,309.82,10.66,D,0
30.00053,75.03327,337.19,0.39,0.36,2020-11-07,808,N,VIIRS,n,2,302.52,3.34,D,0
30.00064,75.87241,331.84,0.4,0.37,2020-11-07,808,N,VIIRS,n,2,301.45,8.5,D,0
30.00138,75.72742,337.31,0.4,0.37,2020-11-07,808,N,VIIRS,n,2,311.62,29.18,D,0
30.00153,75.01655,330.67,0.39,0.36,2020-11-07,808,N,VIIRS,l,2,301.78,3.17,D,0
30.00287,75.86344,342.98,0.4,0.37,2020-11-07,808,N,VIIRS,n,2,305.86,16.04,D,0
30.00304,75.34829,333.7,0.39,0.36,2020-11-07,808,N,VIIRS,n,2,303.84,15.35,D,0
30.00306,75.96626,344.19,0.4,0.37,2020-11-07,808,N,VIIRS,n,2,304.78,3.51,D,0
30.00333,75.81641,336.82,0.4,0.37,2020-11-07,808,N,VIIRS,n,2,310.24,20.95,D,0
30.00362,75.35236,340.35,0.39,0.36,2020-11-07,808,N,VIIRS,n,2,312.49,15.35,D,0
30.0038,76.09902,339.63,0.41,0.37,2020-11-07,808,N,VIIRS,n,2,302.54,7.89,D,0
30.00396,75.52414,336.7,0.4,0.37,2020-11-07,808,N,VIIRS,n,2,305.75,10.38,D,0
30.00439,75.22745,346.06,0.39,0.36,2020-11-07,808,N,VIIRS,n,2,304.53,11.17,D,0
30.00465,75.90163,339.04,0.4,0.37,2020-11-07,808,N,VIIRS,n,2,306.14,5.77,D,0
30.00497,75.62936,334.83,0.4,0.37,2020-11-07,808,N,VIIRS,l,2,305.06,13.71,D,0
30.00511,75.8545,336.66,0.4,0.37,2020-11-07,808,N,VIIRS,n,2,303.14,2.35,D,0
30.00547,75.11514,339.42,0.39,0.36,2020-11-07,808,N,VIIRS,n,2,306.91,24.89,D,0
30.00583,75.70963,334.71,0.4,0.37,2020-11-07,808,N,VIIRS,n,2,304.48,11.68,D,0
30.00584,75.93569,347.5,0.4,0.37,2020-11-07,808,N,VIIRS,n,2,308.4,10.69,D,0
30.00638,75.34766,335.43,0.39,0.36,2020-11-07,808,N,VIIRS,n,2,304.53,7.36,D,0
30.00674,75.51942,341.87,0.4,0.37,2020-11-07,808,N,VIIRS,n,2,301.58,3.41,D,0
30.00698,75.7179,330.27,0.4,0.37,2020-11-07,808,N,VIIRS,l,2,302.62,2.61,D,0
30.0076,75.97403,341.58,0.4,0.37,2020-11-07,808,N,VIIRS,n,2,304.35,4.39,D,0
30.00764,75.74751,331.67,0.4,0.37,2020-11-07,808,N,VIIRS,n,2,302.42,2.93,D,0
30.00776,75.62461,335.46,0.4,0.37,2020-11-07,808,N,VIIRS,n,2,304.23,13.71,D,0
30.00821,75.75165,332.31,0.4,0.37,2020-11-07,808,N,VIIRS,n,2,301.99,4.7,D,0
30.00823,75.60341,339.21,0.4,0.37,2020-11-07,808,N,VIIRS,n,2,304.03,6.29,D,0
30.00843,75.82827,341.77,0.4,0.37,2020-11-07,808,N,VIIRS,n,2,301.27,3.02,D,0
30.00846,76.13284,346.18,0.41,0.37,2020-11-07,808,N,VIIRS,n,2,302.98,7.36,D,0
30.00862,75.70487,333.68,0.4,0.37,2020-11-07,808,N,VIIRS,l,2,303.99,2.18,D,0
30.00921,75.18913,341.05,0.39,0.36,2020-11-07,808,N,VIIRS,n,2,303.87,3.36,D,0
30.00923,75.93508,334.92,0.4,0.37,2020-11-07,808,N,VIIRS,n,2,302.23,10.69,D,0
30.00924,75.0937,335.5,0.39,0.36,2020-11-07,808,N,VIIRS,n,2,304.33,5.05,D,0
30.00951,75.811,333.24,0.4,0.37,2020-11-07,808,N,VIIRS,l,2,303.74,3.96,D,0
30.00963,76.14131,333.01,0.41,0.37,2020-11-07,808,N,VIIRS,n,2,301.43,3.69,D,0
30.01004,75.24303,336.72,0.39,0.36,2020-11-07,808,N,VIIRS,n,2,303.83,3.22,D,0
30.01035,75.71729,344.96,0.4,0.37,2020-11-07,808,N,VIIRS,n,2,304.71,4.6,D,0
30.01066,75.81933,344.67,0.4,0.37,2020-11-07,808,N,VIIRS,n,2,306.95,9.9,D,0
30.01068,75.52289,347.49,0.4,0.37,2020-11-07,808,N,VIIRS,n,2,304,6.92,D,0
30.01093,75.72142,333,0.4,0.37,2020-11-07,808,N,VIIRS,n,2,302.61,4.6,D,0
30.01182,75.82765,334.48,0.4,0.37,2020-11-07,808,N,VIIRS,n,2,304.34,4.57,D,0
30.01232,75.80623,334.49,0.4,0.37,2020-11-07,808,N,VIIRS,n,2,303.11,2.12,D,0
30.01245,75.85742,335.51,0.4,0.37,2020-11-07,808,N,VIIRS,n,2,303.15,7.07,D,0
30.01271,75.1179,330.13,0.39,0.36,2020-11-07,808,N,VIIRS,n,2,302.88,4.88,D,0
30.01295,76.1147,334.21,0.41,0.37,2020-11-07,808,N,VIIRS,l,2,304.48,1.98,D,0
30.01309,75.88724,335.68,0.4,0.37,2020-11-07,808,N,VIIRS,n,2,302.01,3.37,D,0
30.0133,75.12195,335.93,0.39,0.36,2020-11-07,808,N,VIIRS,n,2,308.51,9.12,D,0
30.01344,75.1468,335.56,0.39,0.36,2020-11-07,808,N,VIIRS,n,2,302.53,2.72,D,0
30.01345,75.51817,330.2,0.4,0.37,2020-11-07,808,N,VIIRS,n,2,301.6,1.89,D,0
30.01368,75.00596,345.78,0.39,0.36,2020-11-07,808,N,VIIRS,n,2,308.16,15.22,D,0
30.01369,75.56865,341.04,0.4,0.37,2020-11-07,808,N,VIIRS,n,2,307.29,11.13,D,0
30.01372,75.91711,334.75,0.4,0.37,2020-11-07,808,N,VIIRS,n,2,302.76,2.38,D,0
30.01431,75.10516,343.98,0.39,0.36,2020-11-07,808,N,VIIRS,n,2,303,3.8,D,0
30.01439,75.74626,332.28,0.4,0.37,2020-11-07,808,N,VIIRS,n,2,304.58,2.41,D,0
30.01449,75.50117,346.23,0.4,0.37,2020-11-07,808,N,VIIRS,n,2,304.51,3.29,D,0
30.01482,75.89977,355.33,0.4,0.37,2020-11-07,808,N,VIIRS,n,2,305.46,10.14,D,0
30.01517,75.65283,338.19,0.4,0.37,2020-11-07,808,N,VIIRS,n,2,308.59,6.61,D,0
30.01539,75.459,340.66,0.39,0.37,2020-11-07,808,N,VIIRS,n,2,302.51,5.18,D,0
30.01539,75.90395,342.62,0.4,0.37,2020-11-07,808,N,VIIRS,n,2,306.7,16.05,D,0
30.01561,76.03288,335.6,0.41,0.37,2020-11-07,808,N,VIIRS,n,2,304.35,4.22,D,0
30.01626,75.26267,332.71,0.39,0.36,2020-11-07,808,N,VIIRS,n,2,304.64,5.69,D,0
30.01663,75.12131,332.42,0.39,0.36,2020-11-07,808,N,VIIRS,n,2,302.46,9.12,D,0
30.01681,75.51754,341.04,0.4,0.37,2020-11-07,808,N,VIIRS,n,2,300.75,3.39,D,0
30.01684,75.26673,333.63,0.39,0.36,2020-11-07,808,N,VIIRS,n,2,303.09,5.69,D,0
30.01701,75.00533,330.88,0.39,0.36,2020-11-07,808,N,VIIRS,n,2,299.55,2.97,D,0
30.01707,75.31673,334.3,0.39,0.36,2020-11-07,808,N,VIIRS,n,2,301.98,1.95,D,0
30.01785,75.50053,332.3,0.4,0.37,2020-11-07,808,N,VIIRS,n,2,300.2,3.29,D,0
30.01796,75.64809,342.16,0.4,0.37,2020-11-07,808,N,VIIRS,n,2,302.41,6.61,D,0
30.01833,75.22898,344.5,0.39,0.36,2020-11-07,808,N,VIIRS,n,2,303.41,6.79,D,0
30.01855,75.65221,337.21,0.4,0.37,2020-11-07,808,N,VIIRS,n,2,303.46,6.61,D,0
30.01875,75.45838,346.14,0.39,0.37,2020-11-07,808,N,VIIRS,n,2,303.58,5.18,D,0
30.01901,75.50873,346.28,0.4,0.37,2020-11-07,808,N,VIIRS,n,2,303.76,8.99,D,0
30.01903,75.258,331.53,0.39,0.36,2020-11-07,808,N,VIIRS,l,2,301.72,3.58,D,0
30.01907,76.08411,332.51,0.41,0.37,2020-11-07,808,N,VIIRS,n,2,301.55,1.35,D,0
30.01908,75.06698,337.38,0.39,0.36,2020-11-07,808,N,VIIRS,n,2,301.6,1.98,D,0
30.02024,75.81331,334.24,0.4,0.37,2020-11-07,808,N,VIIRS,l,2,305.98,2.94,D,0
30.02138,75.42853,333.42,0.39,0.37,2020-11-07,808,N,VIIRS,n,2,301.29,6.5,D,0
30.02152,75.45366,336.33,0.39,0.37,2020-11-07,808,N,VIIRS,n,2,305.06,4.66,D,0
30.02163,75.7237,340.96,0.4,0.37,2020-11-07,808,N,VIIRS,n,2,305.11,9.23,D,0
30.02165,75.92424,335.38,0.4,0.37,2020-11-07,808,N,VIIRS,n,2,301.77,2.84,D,0
30.02179,75.2533,334.22,0.39,0.36,2020-11-07,808,N,VIIRS,n,2,303.77,3.58,D,0
30.02196,75.8258,331.16,0.4,0.37,2020-11-07,808,N,VIIRS,l,2,304.36,2.23,D,0
30.0221,75.45775,331.18,0.39,0.37,2020-11-07,808,N,VIIRS,l,2,302.09,4.66,D,0
30.02229,75.75331,343.36,0.4,0.37,2020-11-07,808,N,VIIRS,n,2,307.4,4.23,D,0
30.02284,75.39057,343.17,0.39,0.36,2020-11-07,808,N,VIIRS,n,2,304.47,7.52,D,0
30.02366,75.00405,341.95,0.39,0.36,2020-11-07,808,N,VIIRS,n,2,304.38,4.61,D,0
30.02408,75.39066,345.4,0.39,0.36,2020-11-07,808,N,VIIRS,n,2,302.02,8.13,D,0
30.02415,75.42383,332.95,0.39,0.37,2020-11-07,808,N,VIIRS,n,2,300.14,4.03,D,0
30.02473,75.42791,334.43,0.39,0.37,2020-11-07,808,N,VIIRS,n,2,300.93,4.38,D,0
30.02481,75.67223,339.19,0.4,0.37,2020-11-07,808,N,VIIRS,n,2,302.99,22.87,D,0
30.02517,75.62562,334.28,0.4,0.37,2020-11-07,808,N,VIIRS,n,2,303.88,1.81,D,0
30.02528,76.05273,332.14,0.41,0.37,2020-11-07,808,N,VIIRS,n,2,300.45,1.86,D,0
30.02567,75.75269,330.88,0.4,0.37,2020-11-07,808,N,VIIRS,l,2,303.82,4.23,D,0
30.02585,76.05695,331.81,0.41,0.37,2020-11-07,808,N,VIIRS,n,2,300.42,2.71,D,0
30.02621,75.60853,335.9,0.4,0.37,2020-11-07,808,N,VIIRS,n,2,305.11,4.53,D,0
30.02629,75.26078,336.84,0.39,0.36,2020-11-07,808,N,VIIRS,n,2,303.6,2.54,D,0
30.02648,75.19001,330.8,0.39,0.36,2020-11-07,808,N,VIIRS,n,2,302.14,2.42,D,0
30.02708,75.83767,333.24,0.4,0.37,2020-11-07,808,N,VIIRS,l,2,305.64,2.09,D,0
30.0276,75.545,333.42,0.4,0.37,2020-11-07,808,N,VIIRS,n,2,301.77,6.75,D,0
30.02792,75.94456,340.33,0.4,0.37,2020-11-07,808,N,VIIRS,n,2,305.04,5.67,D,0
30.02797,75.97034,340.26,0.4,0.37,2020-11-07,808,N,VIIRS,n,2,304.59,3.48,D,0
30.02932,76.10825,334.85,0.41,0.37,2020-11-07,808,N,VIIRS,n,2,301.15,2.19,D,0
30.02933,75.67987,330.46,0.4,0.37,2020-11-07,808,N,VIIRS,l,2,303.99,9.88,D,0
30.02936,76.16034,333.94,0.41,0.37,2020-11-07,808,N,VIIRS,l,2,305.41,7.39,D,0
30.02946,75.5826,345.86,0.4,0.37,2020-11-07,808,N,VIIRS,n,2,304.5,4.61,D,0
30.02949,75.04429,332.38,0.39,0.36,2020-11-07,808,N,VIIRS,n,2,301.86,8.49,D,0
30.02958,75.6079,336.53,0.4,0.37,2020-11-07,808,N,VIIRS,n,2,303.51,3.44,D,0
30.02999,75.33518,332.98,0.39,0.36,2020-11-07,808,N,VIIRS,n,2,301.67,2.39,D,0
30.03002,75.70943,333.44,0.4,0.37,2020-11-07,808,N,VIIRS,n,2,303.22,1.14,D,0
30.03036,76.03885,333.48,0.41,0.37,2020-11-07,808,N,VIIRS,n,2,302.98,3.01,D,0
30.0304,75.19342,332.84,0.39,0.36,2020-11-07,808,N,VIIRS,n,2,303.26,3.89,D,0
30.03067,75.36431,333.21,0.39,0.36,2020-11-07,808,N,VIIRS,n,2,301.27,66.01,D,0
30.03078,75.3894,345.2,0.39,0.36,2020-11-07,808,N,VIIRS,n,2,301.73,4.46,D,0
30.03112,75.86684,330.64,0.4,0.37,2020-11-07,808,N,VIIRS,l,2,303.94,1.5,D,0
30.03136,75.76866,336,0.4,0.37,2020-11-07,808,N,VIIRS,l,2,310.83,29.13,D,0
30.03137,75.96971,340.86,0.4,0.37,2020-11-07,808,N,VIIRS,n,2,307.19,18.07,D,0
30.03175,75.72183,367,0.4,0.37,2020-11-07,808,N,VIIRS,h,2,306.12,9.47,D,0
30.03182,75.37247,349.98,0.39,0.36,2020-11-07,808,N,VIIRS,n,2,303.23,4.26,D,0
30.03209,76.0515,333.36,0.41,0.37,2020-11-07,808,N,VIIRS,n,2,300.56,2.11,D,0
30.03218,75.32642,342.51,0.39,0.36,2020-11-07,808,N,VIIRS,n,2,304.48,6.06,D,0
30.03253,76.36007,352.21,0.41,0.37,2020-11-07,808,N,VIIRS,n,2,307.89,9.09,D,0
30.03257,76.00394,346.24,0.41,0.37,2020-11-07,808,N,VIIRS,n,2,308.77,16.55,D,0
30.03282,75.04366,347.5,0.39,0.36,2020-11-07,808,N,VIIRS,n,2,307.87,8.49,D,0
30.03286,75.35554,333.84,0.39,0.36,2020-11-07,808,N,VIIRS,n,2,301.68,7.68,D,0
30.03344,75.35961,334.61,0.39,0.36,2020-11-07,808,N,VIIRS,n,2,302.8,9.8,D,0
30.03438,76.06837,343.91,0.41,0.37,2020-11-07,808,N,VIIRS,n,2,306.19,8.18,D,0
30.03477,75.52262,334.02,0.4,0.37,2020-11-07,808,N,VIIRS,n,2,301.07,2.2,D,0
30.03482,75.9949,330.08,0.41,0.37,2020-11-07,808,N,VIIRS,n,2,302.49,7.46,D,0
30.03517,75.37184,338.15,0.39,0.36,2020-11-07,808,N,VIIRS,n,2,303.42,5.19,D,0
30.03539,75.64911,339.34,0.4,0.37,2020-11-07,808,N,VIIRS,n,2,305.95,9.78,D,0
30.03539,75.99911,334.91,0.41,0.37,2020-11-07,808,N,VIIRS,n,2,307.53,7.46,D,0
30.0356,75.22987,334.28,0.39,0.36,2020-11-07,808,N,VIIRS,n,2,303.4,2.71,D,0
30.03573,75.0638,347.99,0.39,0.36,2020-11-07,808,N,VIIRS,n,2,302.65,5.71,D,0
30.03591,75.18407,346.72,0.39,0.36,2020-11-07,808,N,VIIRS,n,2,304.26,6.75,D,0
30.03597,75.01823,345.95,0.39,0.36,2020-11-07,808,N,VIIRS,n,2,306.78,15.96,D,0
30.03597,76.00332,345.24,0.41,0.37,2020-11-07,808,N,VIIRS,n,2,308.23,13.48,D,0
30.0361,76.08105,344.18,0.41,0.37,2020-11-07,808,N,VIIRS,n,2,301.68,5.11,D,0
30.03664,75.56017,339.86,0.4,0.37,2020-11-07,808,N,VIIRS,n,2,302.4,11.86,D,0
30.03705,75.0967,346.05,0.39,0.36,2020-11-07,808,N,VIIRS,n,2,303.12,2.88,D,0
30.03714,75.02628,335.36,0.39,0.36,2020-11-07,808,N,VIIRS,n,2,304.8,3.33,D,0
30.03731,75.86143,343.9,0.4,0.37,2020-11-07,808,N,VIIRS,n,2,304.37,2.52,D,0
30.03763,75.7888,340.57,0.4,0.37,2020-11-07,808,N,VIIRS,l,2,313.06,26,D,0
30.03875,75.64848,336.98,0.4,0.37,2020-11-07,808,N,VIIRS,n,2,300.85,9.78,D,0
30.0388,75.1088,338.25,0.39,0.36,2020-11-07,808,N,VIIRS,n,2,304.39,10.42,D,0
30.03908,75.72474,347.36,0.4,0.37,2020-11-07,808,N,VIIRS,n,2,304.06,7.05,D,0
30.0391,75.60192,342.39,0.4,0.37,2020-11-07,808,N,VIIRS,n,2,305.75,12.94,D,0
30.03989,75.02162,330.67,0.39,0.36,2020-11-07,808,N,VIIRS,n,2,300.64,2.89,D,0
30.03996,75.11687,334.45,0.39,0.36,2020-11-07,808,N,VIIRS,n,2,302.72,2.19,D,0
30.04047,75.02564,333.62,0.39,0.36,2020-11-07,808,N,VIIRS,n,2,301.2,5.33,D,0
30.04051,76.01112,333.12,0.41,0.37,2020-11-07,808,N,VIIRS,n,2,303.02,2.62,D,0
30.04059,75.56366,341.54,0.4,0.37,2020-11-07,808,N,VIIRS,n,2,311,11.86,D,0
30.04072,75.58896,332.77,0.4,0.37,2020-11-07,808,N,VIIRS,n,2,302.28,4.2,D,0
30.04101,75.78819,337.69,0.4,0.37,2020-11-07,808,N,VIIRS,n,2,305.59,6.39,D,0
30.0415,75.7668,332.13,0.4,0.37,2020-11-07,808,N,VIIRS,n,2,304.96,5.4,D,0
30.04175,75.3455,330.17,0.39,0.36,2020-11-07,808,N,VIIRS,n,2,301.62,2.19,D,0
30.04188,75.59718,338.57,0.4,0.37,2020-11-07,808,N,VIIRS,n,2,305.08,5.66,D,0
30.04207,75.77095,354.79,0.4,0.37,2020-11-07,808,N,VIIRS,n,2,311.44,26.94,D,0
30.04229,75.22862,341.3,0.39,0.36,2020-11-07,808,N,VIIRS,n,2,303.41,3.66,D,0
30.04255,75.27856,347.51,0.39,0.36,2020-11-07,808,N,VIIRS,n,2,306.72,12.93,D,0
30.04303,75.72826,338.19,0.4,0.37,2020-11-07,808,N,VIIRS,l,2,308.64,10.76,D,0
30.04375,75.63487,337.46,0.4,0.37,2020-11-07,808,N,VIIRS,n,2,301.98,3.13,D,0
30.04387,75.66025,334.98,0.4,0.37,2020-11-07,808,N,VIIRS,n,2,303.65,3.34,D,0
30.04395,75.56304,338.69,0.4,0.37,2020-11-07,808,N,VIIRS,n,2,300.37,5.92,D,0
30.04456,75.68978,332.89,0.4,0.37,2020-11-07,808,N,VIIRS,n,2,305.78,4.87,D,0
30.0446,76.06654,346.35,0.41,0.37,2020-11-07,808,N,VIIRS,n,2,305.12,6.37,D,0
30.04481,75.91573,335.01,0.4,0.37,2020-11-07,808,N,VIIRS,n,2,302.03,4.61,D,0
30.04514,75.4916,340.3,0.4,0.37,2020-11-07,808,N,VIIRS,n,2,305.98,9.6,D,0
30.04514,75.69391,336.33,0.4,0.37,2020-11-07,808,N,VIIRS,n,2,303.15,5.12,D,0
30.04524,75.59656,341.65,0.4,0.37,2020-11-07,808,N,VIIRS,n,2,303.7,5.66,D,0
30.04592,75.18217,336.72,0.39,0.36,2020-11-07,808,N,VIIRS,n,2,304.12,4.3,D,0
30.04593,75.74898,331.47,0.4,0.37,2020-11-07,808,N,VIIRS,n,2,303.9,3.27,D,0
30.04651,75.75312,333.55,0.4,0.37,2020-11-07,808,N,VIIRS,n,2,303.68,5.29,D,0
30.04686,75.50391,332.1,0.4,0.37,2020-11-07,808,N,VIIRS,n,2,301.39,3.09,D,0
30.04724,75.65962,335.3,0.4,0.37,2020-11-07,808,N,VIIRS,n,2,301.94,3.34,D,0
30.04725,75.98405,341.44,0.41,0.37,2020-11-07,808,N,VIIRS,n,2,303.26,6.18,D,0
30.04744,75.50801,334.5,0.4,0.37,2020-11-07,808,N,VIIRS,n,2,305.05,3.34,D,0
30.0477,75.63837,333.25,0.4,0.37,2020-11-07,808,N,VIIRS,n,2,303.73,6.2,D,0
30.04783,75.98824,346.97,0.41,0.37,2020-11-07,808,N,VIIRS,n,2,303.08,6.18,D,0
30.04795,76.03999,332.68,0.41,0.37,2020-11-07,808,N,VIIRS,n,2,302.82,1.58,D,0
30.04828,75.6425,333.71,0.4,0.37,2020-11-07,808,N,VIIRS,n,2,304.42,7.69,D,0
30.0488,75.1069,331.62,0.39,0.36,2020-11-07,808,N,VIIRS,l,2,303.74,2.09,D,0
30.04994,75.92767,344.05,0.4,0.37,2020-11-07,808,N,VIIRS,n,2,305.88,13.01,D,0
30.05023,75.58297,330.53,0.4,0.37,2020-11-07,808,N,VIIRS,n,2,302.74,2.29,D,0
30.05042,75.18963,338.53,0.39,0.36,2020-11-07,808,N,VIIRS,n,2,308.95,17,D,0
30.05051,75.43179,331.42,0.39,0.37,2020-11-07,808,N,VIIRS,n,2,301.6,2.41,D,0
30.0508,75.50738,335.59,0.4,0.37,2020-11-07,808,N,VIIRS,n,2,301.94,3.34,D,0
30.05081,75.58708,341.4,0.4,0.37,2020-11-07,808,N,VIIRS,n,2,303.22,2.29,D,0
30.05104,75.5832,333.49,0.4,0.37,2020-11-07,808,N,VIIRS,n,2,302.69,3,D,0
30.0513,75.68854,339.81,0.4,0.37,2020-11-07,808,N,VIIRS,n,2,303.88,3.91,D,0
30.05161,75.58732,345.16,0.4,0.37,2020-11-07,808,N,VIIRS,n,2,303.99,3,D,0
30.05213,75.10626,335.98,0.39,0.36,2020-11-07,808,N,VIIRS,n,2,308.37,19.42,D,0
30.05261,75.54496,332.58,0.4,0.37,2020-11-07,808,N,VIIRS,n,2,301.15,3.86,D,0
30.05271,75.11031,333.23,0.39,0.36,2020-11-07,808,N,VIIRS,n,2,300.97,19.42,D,0
30.05305,75.70094,336.34,0.4,0.37,2020-11-07,808,N,VIIRS,n,2,306.21,2.57,D,0
30.05371,76.0822,336.21,0.41,0.37,2020-11-07,808,N,VIIRS,n,2,306.34,6.18,D,0
30.05375,75.189,342.19,0.39,0.36,2020-11-07,808,N,VIIRS,n,2,306.64,17,D,0
30.05469,76.01286,340.61,0.41,0.37,2020-11-07,808,N,VIIRS,n,2,303.98,4.13,D,0
30.05473,75.51085,339.54,0.4,0.37,2020-11-07,808,N,VIIRS,n,2,304.27,4.49,D,0
30.05498,75.5867,338.6,0.4,0.37,2020-11-07,808,N,VIIRS,n,2,302.57,3,D,0
30.05557,75.91807,332.01,0.4,0.37,2020-11-07,808,N,VIIRS,n,2,302.19,1.2,D,0
30.05562,75.13049,336.39,0.39,0.36,2020-11-07,808,N,VIIRS,n,2,303.47,4.2,D,0
30.05605,75.30106,332.21,0.39,0.36,2020-11-07,808,N,VIIRS,l,2,303.82,4.41,D,0
30.05659,76.10334,334.82,0.41,0.37,2020-11-07,808,N,VIIRS,n,2,304.72,4.24,D,0
30.05663,75.30511,335.83,0.39,0.36,2020-11-07,808,N,VIIRS,n,2,304.97,6.43,D,0
30.05705,75.85355,348.3,0.4,0.37,2020-11-07,808,N,VIIRS,n,2,308.05,8.4,D,0
30.05737,75.14262,345.59,0.39,0.36,2020-11-07,808,N,VIIRS,n,2,304.34,10.95,D,0
30.05897,75.64476,334.26,0.4,0.37,2020-11-07,808,N,VIIRS,n,2,303.14,2.98,D,0
30.05898,75.22546,339.67,0.39,0.36,2020-11-07,808,N,VIIRS,n,2,304.16,7.3,D,0
30.06003,75.90011,339.05,0.4,0.37,2020-11-07,808,N,VIIRS,n,2,304.16,6.68,D,0
30.06011,75.92583,336.4,0.4,0.37,2020-11-07,808,N,VIIRS,n,2,300.97,2.49,D,0
30.06061,75.90429,334.5,0.4,0.37,2020-11-07,808,N,VIIRS,n,2,303.15,2.57,D,0
30.0615,75.83566,337.43,0.4,0.37,2020-11-07,808,N,VIIRS,l,2,309.74,9.8,D,0
30.06158,75.29166,335.66,0.39,0.36,2020-11-07,808,N,VIIRS,n,2,302.29,3.29,D,0
30.06168,76.08942,342.79,0.41,0.37,2020-11-07,808,N,VIIRS,n,2,302.77,3.49,D,0
30.062,75.69081,345.86,0.4,0.37,2020-11-07,808,N,VIIRS,n,2,304.59,8.26,D,0
30.06207,76.01584,347.92,0.41,0.37,2020-11-07,808,N,VIIRS,n,2,305.17,8.12,D,0
30.06228,75.58958,338.4,0.4,0.37,2020-11-07,808,N,VIIRS,n,2,303.26,3.22,D,0
30.0623,75.44218,333.19,0.39,0.37,2020-11-07,808,N,VIIRS,n,2,301.75,2.49,D,0
30.06241,75.34581,342.73,0.39,0.36,2020-11-07,808,N,VIIRS,n,2,304.88,6.69,D,0
30.06254,75.3709,344.34,0.39,0.36,2020-11-07,808,N,VIIRS,n,2,306.53,9.48,D,0
30.06287,75.44627,333.04,0.4,0.37,2020-11-07,808,N,VIIRS,n,2,301.31,3.37,D,0
30.06356,75.47556,333.5,0.4,0.37,2020-11-07,808,N,VIIRS,n,2,303.05,1.45,D,0
30.06458,75.90784,339.22,0.4,0.37,2020-11-07,808,N,VIIRS,n,2,301.21,3.93,D,0
30.06466,75.93359,338.97,0.4,0.37,2020-11-07,808,N,VIIRS,n,2,305.47,2.96,D,0
30.06515,75.61018,337.85,0.4,0.37,2020-11-07,808,N,VIIRS,n,2,303.12,2.93,D,0
30.06536,75.17433,332.89,0.39,0.36,2020-11-07,808,N,VIIRS,n,2,301.64,1.88,D,0
30.06546,75.10373,347,0.39,0.36,2020-11-07,808,N,VIIRS,n,2,304.95,6.38,D,0
30.06576,75.34518,330.96,0.39,0.36,2020-11-07,808,N,VIIRS,n,2,301.88,2.3,D,0
30.06629,76.12328,345.51,0.41,0.37,2020-11-07,808,N,VIIRS,n,2,307.23,13.91,D,0
30.06641,75.94616,331.95,0.4,0.37,2020-11-07,808,N,VIIRS,l,2,302.43,1.73,D,0
30.06704,75.09099,347.06,0.39,0.36,2020-11-07,808,N,VIIRS,n,2,305.77,11.52,D,0
30.06747,75.77907,350.16,0.4,0.37,2020-11-07,808,N,VIIRS,n,2,308.94,22.56,D,0
30.06759,75.50425,336.36,0.4,0.37,2020-11-07,808,N,VIIRS,n,2,305.39,8.81,D,0
30.06768,75.83025,339.9,0.4,0.37,2020-11-07,808,N,VIIRS,n,2,310.02,6.28,D,0
30.06806,75.93297,336.08,0.4,0.37,2020-11-07,808,N,VIIRS,n,2,304.3,2.79,D,0
30.0683,76.0104,345.29,0.41,0.37,2020-11-07,808,N,VIIRS,n,2,303.4,6.86,D,0
30.06837,76.03629,333.2,0.41,0.37,2020-11-07,808,N,VIIRS,n,2,299.37,1.68,D,0
30.06873,75.68575,333.35,0.4,0.37,2020-11-07,808,N,VIIRS,n,2,302.01,1.38,D,0
30.06904,75.88989,306.18,0.4,0.37,2020-11-07,808,N,VIIRS,l,2,308.95,21.47,D,0
30.06962,75.89407,335.17,0.4,0.37,2020-11-07,808,N,VIIRS,n,2,304.09,20.47,D,0
30.07015,75.74878,333.71,0.4,0.37,2020-11-07,808,N,VIIRS,n,2,303.45,2.1,D,0
30.07031,75.6473,345.34,0.4,0.37,2020-11-07,808,N,VIIRS,n,2,305.52,6.54,D,0
30.07051,75.40291,333.29,0.39,0.37,2020-11-07,808,N,VIIRS,n,2,301.86,1.49,D,0
30.07074,75.45321,333.16,0.4,0.37,2020-11-07,808,N,VIIRS,n,2,302.46,3.82,D,0
30.07085,75.77845,352.08,0.4,0.37,2020-11-07,808,N,VIIRS,n,2,309.28,22.56,D,0
30.07107,75.82963,336.77,0.4,0.37,2020-11-07,808,N,VIIRS,n,2,305.54,6.28,D,0
30.07213,75.39004,333.94,0.39,0.36,2020-11-07,808,N,VIIRS,n,2,302.61,1.72,D,0
30.07259,75.01124,330.74,0.39,0.36,2020-11-07,808,N,VIIRS,l,2,302.95,2.78,D,0
30.07261,75.94073,333.86,0.4,0.37,2020-11-07,808,N,VIIRS,n,2,304.29,2.39,D,0
30.07277,75.20204,333.83,0.39,0.36,2020-11-07,808,N,VIIRS,l,2,303.93,3.36,D,0
30.07335,75.54532,340.23,0.4,0.37,2020-11-07,808,N,VIIRS,n,2,302.32,3.81,D,0
30.07351,75.44849,342.03,0.4,0.37,2020-11-07,808,N,VIIRS,n,2,300.72,2.87,D,0
30.07368,75.92336,346.93,0.4,0.37,2020-11-07,808,N,VIIRS,n,2,304.49,4.08,D,0
30.07383,75.52415,333.69,0.4,0.37,2020-11-07,808,N,VIIRS,n,2,301.57,2.66,D,0
30.07397,75.85046,347.2,0.4,0.37,2020-11-07,808,N,VIIRS,n,2,310.99,11.67,D,0
30.07456,75.85464,337.07,0.4,0.37,2020-11-07,808,N,VIIRS,n,2,302.77,11.67,D,0
30.07466,75.8803,337.7,0.4,0.37,2020-11-07,808,N,VIIRS,n,2,306.33,10.24,D,0
30.07497,75.70583,333.22,0.4,0.37,2020-11-07,808,N,VIIRS,n,2,302.44,2.99,D,0
30.0756,75.98753,335.92,0.41,0.37,2020-11-07,808,N,VIIRS,n,2,305.73,5.68,D,0
30.07611,75.71412,338.01,0.4,0.37,2020-11-07,808,N,VIIRS,n,2,303.83,3.41,D,0
30.07644,75.7689,330.86,0.4,0.37,2020-11-07,808,N,VIIRS,n,2,305.35,1.55,D,0
30.0768,75.76931,333.4,0.4,0.37,2020-11-07,808,N,VIIRS,l,2,305.36,2.26,D,0
30.07698,76.07367,332.54,0.41,0.37,2020-11-07,808,N,VIIRS,n,2,301.57,2.32,D,0
30.07717,76.15176,335.58,0.41,0.37,2020-11-07,808,N,VIIRS,n,2,301.61,2.2,D,0
30.07718,75.52353,339.55,0.4,0.37,2020-11-07,808,N,VIIRS,n,2,308.19,27.56,D,0
30.07719,75.69693,333.92,0.4,0.37,2020-11-07,808,N,VIIRS,n,2,303.68,7.1,D,0
30.07736,75.84985,336.07,0.4,0.37,2020-11-07,808,N,VIIRS,n,2,306.46,3.53,D,0
30.07749,76.05194,333.44,0.41,0.37,2020-11-07,808,N,VIIRS,n,2,301.63,2.41,D,0
30.07756,75.9012,333.89,0.4,0.37,2020-11-07,808,N,VIIRS,n,2,304.05,1.92,D,0
30.07761,75.77721,335.35,0.4,0.37,2020-11-07,808,N,VIIRS,n,2,303.72,2.8,D,0
30.07763,76.10389,353.66,0.41,0.37,2020-11-07,808,N,VIIRS,n,2,308.49,14.4,D,0
30.07794,75.77763,330.4,0.4,0.37,2020-11-07,808,N,VIIRS,l,2,303.28,2.57,D,0
30.07827,75.67976,345.59,0.4,0.37,2020-11-07,808,N,VIIRS,n,2,304.92,7.97,D,0
30.07915,75.34266,332.15,0.39,0.36,2020-11-07,808,N,VIIRS,n,2,301.56,3.37,D,0
30.07929,75.17585,340.41,0.39,0.36,2020-11-07,808,N,VIIRS,n,2,301.71,4.57,D,0
30.07958,75.9911,331.19,0.41,0.37,2020-11-07,808,N,VIIRS,l,2,303.2,5.68,D,0
30.07966,76.01698,336.22,0.41,0.37,2020-11-07,808,N,VIIRS,n,2,300.21,2.6,D,0
30.07987,75.49355,332.83,0.4,0.37,2020-11-07,808,N,VIIRS,n,2,302.83,3.03,D,0
30.08016,75.99532,353.71,0.41,0.37,2020-11-07,808,N,VIIRS,n,2,312.47,20.44,D,0
30.08057,75.40102,334.79,0.39,0.37,2020-11-07,808,N,VIIRS,n,2,303.89,5.86,D,0
30.08075,75.84923,341.19,0.4,0.37,2020-11-07,808,N,VIIRS,n,2,302.45,3.53,D,0
30.08126,75.43024,332.88,0.39,0.37,2020-11-07,808,N,VIIRS,n,2,302.44,3.05,D,0
30.08162,75.19204,344.87,0.39,0.36,2020-11-07,808,N,VIIRS,n,2,309.95,18.51,D,0
30.08191,75.85757,339.34,0.4,0.37,2020-11-07,808,N,VIIRS,n,2,307.76,4.61,D,0
30.08207,75.63242,333.96,0.4,0.37,2020-11-07,808,N,VIIRS,l,2,304.5,2.94,D,0
30.08228,75.53523,331.49,0.4,0.37,2020-11-07,808,N,VIIRS,l,2,301.94,6.03,D,0
30.08247,75.58582,343.98,0.4,0.37,2020-11-07,808,N,VIIRS,n,2,306.31,15.15,D,0
30.08286,75.53934,344.57,0.4,0.37,2020-11-07,808,N,VIIRS,n,2,304.34,6.03,D,0
30.08297,75.99049,333.71,0.41,0.37,2020-11-07,808,N,VIIRS,n,2,302.96,3.26,D,0
30.08343,75.54345,367,0.4,0.37,2020-11-07,808,N,VIIRS,h,2,338.15,117.62,D,0
30.08392,75.4004,336.06,0.39,0.37,2020-11-07,808,N,VIIRS,n,2,305.09,5.86,D,0
30.08405,75.97307,331.54,0.41,0.37,2020-11-07,808,N,VIIRS,n,2,305.35,1.88,D,0
30.08414,75.84861,343.59,0.4,0.37,2020-11-07,808,N,VIIRS,n,2,304.29,4.98,D,0
30.08472,76.00311,333.05,0.41,0.37,2020-11-07,808,N,VIIRS,n,2,302.43,2.19,D,0
30.08473,75.4548,338.07,0.4,0.37,2020-11-07,808,N,VIIRS,n,2,304.63,6.13,D,0
30.08506,75.53049,343.28,0.4,0.37,2020-11-07,808,N,VIIRS,n,2,305.61,6.65,D,0
30.0853,75.85695,336.48,0.4,0.37,2020-11-07,808,N,VIIRS,n,2,303.67,3.46,D,0
30.08601,75.63593,337.04,0.4,0.37,2020-11-07,808,N,VIIRS,n,2,304.15,8,D,0
30.08615,75.29539,332.85,0.39,0.36,2020-11-07,808,N,VIIRS,n,2,301.9,3.19,D,0
30.08622,75.53873,337.81,0.4,0.37,2020-11-07,808,N,VIIRS,n,2,303.48,7.57,D,0
30.08643,75.34548,367,0.39,0.36,2020-11-07,808,N,VIIRS,h,2,337.01,97.6,D,0
30.08646,75.8653,331.7,0.4,0.37,2020-11-07,808,N,VIIRS,n,2,302.88,5.1,D,0
30.08669,75.39568,338.58,0.39,0.37,2020-11-07,808,N,VIIRS,n,2,304.56,4.58,D,0
30.08705,75.86948,333.7,0.4,0.37,2020-11-07,808,N,VIIRS,n,2,305.19,5.1,D,0
30.08715,75.89517,334.8,0.4,0.37,2020-11-07,808,N,VIIRS,n,2,304.66,2.52,D,0
30.08716,75.64419,335.74,0.4,0.37,2020-11-07,808,N,VIIRS,n,2,302.47,2.4,D,0
30.08731,75.30353,334.79,0.39,0.36,2020-11-07,808,N,VIIRS,n,2,303.85,3.69,D,0
30.08809,75.45416,335.89,0.4,0.37,2020-11-07,808,N,VIIRS,n,2,302.04,3.22,D,0
30.08814,75.80136,339.88,0.4,0.37,2020-11-07,808,N,VIIRS,n,2,301.85,2.05,D,0
30.08819,75.26161,334.62,0.39,0.36,2020-11-07,808,N,VIIRS,n,2,301.64,3.6,D,0
30.08842,75.52987,345.39,0.4,0.37,2020-11-07,808,N,VIIRS,n,2,301.16,6.65,D,0
30.08842,75.92927,340.69,0.4,0.37,2020-11-07,808,N,VIIRS,n,2,307.42,11.96,D,0
30.08862,75.33671,333.77,0.39,0.36,2020-11-07,808,N,VIIRS,n,2,303.75,3.83,D,0
30.08925,75.46236,333.86,0.4,0.37,2020-11-07,808,N,VIIRS,n,2,303.05,1.75,D,0
30.08937,76.03681,330.78,0.41,0.37,2020-11-07,808,N,VIIRS,l,2,302.65,2.45,D,0
30.08949,75.29476,343.81,0.39,0.36,2020-11-07,808,N,VIIRS,n,2,304.72,3.19,D,0
30.08985,75.81385,343.28,0.4,0.37,2020-11-07,808,N,VIIRS,n,2,304.17,6.32,D,0
30.09083,75.57161,334.56,0.4,0.37,2020-11-07,808,N,VIIRS,n,2,303.8,5.06,D,0
30.09134,76.12747,344.75,0.41,0.37,2020-11-07,808,N,VIIRS,n,2,306.12,8.88,D,0
30.09141,75.57572,333.76,0.4,0.37,2020-11-07,808,N,VIIRS,n,2,302.32,2.8,D,0
30.09161,76.02777,332.11,0.41,0.37,2020-11-07,808,N,VIIRS,n,2,300.96,4.09,D,0
30.09164,75.19015,330.14,0.39,0.36,2020-11-07,808,N,VIIRS,n,2,303.76,3.2,D,0
30.09168,75.65183,338.66,0.4,0.37,2020-11-07,808,N,VIIRS,n,2,301.87,2.67,D,0
30.09254,75.24412,332.08,0.39,0.36,2020-11-07,808,N,VIIRS,l,2,302.38,3.37,D,0
30.09261,75.78347,346.42,0.4,0.37,2020-11-07,808,N,VIIRS,n,2,302.93,6.61,D,0
30.09268,76.01031,335.78,0.41,0.37,2020-11-07,808,N,VIIRS,n,2,302.5,5.43,D,0
30.09283,75.6601,332.33,0.4,0.37,2020-11-07,808,N,VIIRS,n,2,304.64,1.91,D,0
30.09284,75.29414,336.75,0.39,0.36,2020-11-07,808,N,VIIRS,n,2,302.97,3.96,D,0
30.09318,75.46583,334.23,0.4,0.37,2020-11-07,808,N,VIIRS,n,2,301.33,4.76,D,0
30.09318,75.78763,336.35,0.4,0.37,2020-11-07,808,N,VIIRS,l,2,306.41,9.06,D,0
30.09356,75.71516,336.59,0.4,0.37,2020-11-07,808,N,VIIRS,n,2,303.3,3.51,D,0
30.09362,75.56686,331.64,0.4,0.37,2020-11-07,808,N,VIIRS,n,2,302.86,5.06,D,0
30.09376,75.46993,347.69,0.4,0.37,2020-11-07,808,N,VIIRS,n,2,301.7,4.76,D,0
30.0942,75.57098,336.31,0.4,0.37,2020-11-07,808,N,VIIRS,n,2,305.03,5.06,D,0
30.09455,75.4026,336.48,0.39,0.37,2020-11-07,808,N,VIIRS,n,2,304.04,3.12,D,0
30.09487,75.26037,343.49,0.39,0.36,2020-11-07,808,N,VIIRS,n,2,305.97,12.39,D,0
30.095,75.38157,332.37,0.39,0.36,2020-11-07,808,N,VIIRS,n,2,301.14,4.51,D,0
30.09541,75.77869,341.32,0.4,0.37,2020-11-07,808,N,VIIRS,n,2,303.32,6.61,D,0
30.09552,76.20947,333.93,0.41,0.37,2020-11-07,808,N,VIIRS,n,2,303.35,1.28,D,0
30.09558,75.38564,333.21,0.39,0.36,2020-11-07,808,N,VIIRS,n,2,301.48,4.51,D,0
30.09608,76.00969,345.46,0.41,0.37,2020-11-07,808,N,VIIRS,n,2,304.8,5.43,D,0
30.0962,75.65948,331.74,0.4,0.37,2020-11-07,808,N,VIIRS,n,2,302.31,2.08,D,0
30.09656,75.78702,338.83,0.4,0.37,2020-11-07,808,N,VIIRS,n,2,307.73,9.06,D,0
30.09657,75.98804,337.65,0.41,0.37,2020-11-07,808,N,VIIRS,n,2,305.79,4.13,D,0
30.09713,75.79118,331,0.4,0.37,2020-11-07,808,N,VIIRS,n,2,303.7,9.06,D,0
30.09715,75.99224,340.57,0.41,0.37,2020-11-07,808,N,VIIRS,n,2,303.22,7.64,D,0
30.09718,75.61694,343.8,0.4,0.37,2020-11-07,808,N,VIIRS,n,2,309.53,27.33,D,0
30.09758,75.4482,334.52,0.4,0.37,2020-11-07,808,N,VIIRS,n,2,302.74,3.96,D,0
30.09809,76.10021,333.91,0.41,0.37,2020-11-07,808,N,VIIRS,n,2,301.91,2.25,D,0
30.09812,75.949,338.29,0.4,0.37,2020-11-07,808,N,VIIRS,n,2,305.48,6.15,D,0
30.09815,75.45229,333.11,0.4,0.37,2020-11-07,808,N,VIIRS,n,2,301.77,3.96,D,0
30.09822,75.97481,338.82,0.41,0.37,2020-11-07,808,N,VIIRS,n,2,303.74,2.3,D,0
30.09842,75.65059,335.97,0.4,0.37,2020-11-07,808,N,VIIRS,n,2,302.78,2.47,D,0
30.0989,75.62932,344.05,0.4,0.37,2020-11-07,808,N,VIIRS,n,2,303.58,8.38,D,0
30.1002,75.91477,333.13,0.4,0.37,2020-11-07,808,N,VIIRS,l,2,304.63,2.95,D,0
30.10049,76.14322,334.34,0.41,0.37,2020-11-07,808,N,VIIRS,l,2,305.35,3.68,D,0
30.10063,76.19547,342.92,0.41,0.37,2020-11-07,808,N,VIIRS,n,2,305.03,4.29,D,0
30.10137,75.94896,348.5,0.4,0.37,2020-11-07,808,N,VIIRS,n,2,306.48,15.36,D,0
30.10152,75.94839,349.63,0.4,0.37,2020-11-07,808,N,VIIRS,n,2,304.77,6.15,D,0
30.10179,75.64996,337.52,0.4,0.37,2020-11-07,808,N,VIIRS,n,2,301.33,6.8,D,0
30.10183,75.05578,330.13,0.39,0.36,2020-11-07,808,N,VIIRS,n,2,300.2,2.12,D,0
30.1021,75.95258,334.04,0.4,0.37,2020-11-07,808,N,VIIRS,n,2,303.36,6.15,D,0
30.10216,76.12988,340.71,0.41,0.37,2020-11-07,808,N,VIIRS,n,2,306.36,26.93,D,0
30.1024,76.03015,337.97,0.41,0.37,2020-11-07,808,N,VIIRS,n,2,304.24,3.91,D,0
30.10258,76.08205,339.83,0.41,0.37,2020-11-07,808,N,VIIRS,n,2,304.59,3.7,D,0
30.10268,75.75604,330.21,0.4,0.37,2020-11-07,808,N,VIIRS,n,2,304.61,1.68,D,0
30.10279,75.48507,334.12,0.4,0.37,2020-11-07,808,N,VIIRS,n,2,301.68,11.97,D,0
30.10299,75.4136,334.24,0.39,0.37,2020-11-07,808,N,VIIRS,l,2,305.06,5.32,D,0
30.10328,75.11359,342.55,0.39,0.36,2020-11-07,808,N,VIIRS,n,2,304.41,3.88,D,0
30.10371,75.56499,347.36,0.4,0.37,2020-11-07,808,N,VIIRS,n,2,304.04,5.47,D,0
30.10399,75.20447,342.09,0.39,0.36,2020-11-07,808,N,VIIRS,n,2,306.5,15.65,D,0
30.10431,75.25441,352.24,0.39,0.36,2020-11-07,808,N,VIIRS,n,2,305.21,7.77,D,0
30.10457,75.14659,333.58,0.39,0.36,2020-11-07,808,N,VIIRS,l,2,304.31,4.23,D,0
30.10482,75.19646,335.16,0.39,0.36,2020-11-07,808,N,VIIRS,n,2,304.39,5.72,D,0
30.10491,76.09898,333.73,0.41,0.37,2020-11-07,808,N,VIIRS,n,2,303.16,4.03,D,0
30.10541,75.72573,333.42,0.4,0.37,2020-11-07,808,N,VIIRS,n,2,303.16,6.33,D,0
30.10557,76.12926,346.75,0.41,0.37,2020-11-07,808,N,VIIRS,n,2,318.93,26.93,D,0
30.10577,75.40888,333.96,0.39,0.37,2020-11-07,808,N,VIIRS,n,2,302.62,7.07,D,0
30.1059,76.05547,334.56,0.41,0.37,2020-11-07,808,N,VIIRS,n,2,300.34,3.34,D,0
30.10598,75.20457,346.66,0.39,0.36,2020-11-07,808,N,VIIRS,n,2,312.57,19.3,D,0
30.10607,76.10745,337.66,0.41,0.37,2020-11-07,808,N,VIIRS,n,2,303.6,3.37,D,0
30.10635,75.41296,334.36,0.39,0.37,2020-11-07,808,N,VIIRS,n,2,303.11,5.32,D,0
30.10661,75.11295,336.43,0.39,0.36,2020-11-07,808,N,VIIRS,n,2,304.29,10.36,D,0
30.10706,75.96515,345.03,0.41,0.37,2020-11-07,808,N,VIIRS,n,2,304.82,5.6,D,0
30.10746,75.86624,348.44,0.4,0.37,2020-11-07,808,N,VIIRS,n,2,306.94,8.69,D,0
30.10765,75.25378,342.95,0.39,0.36,2020-11-07,808,N,VIIRS,n,2,302.53,4.48,D,0
30.10766,75.99521,333.7,0.41,0.37,2020-11-07,808,N,VIIRS,n,2,303.05,2.56,D,0
30.1079,75.14596,339.28,0.39,0.36,2020-11-07,808,N,VIIRS,n,2,303.7,4.23,D,0
30.10811,76.22472,332.75,0.41,0.37,2020-11-07,808,N,VIIRS,n,2,305.17,2.46,D,0
30.10852,75.9988,333.48,0.41,0.37,2020-11-07,808,N,VIIRS,n,2,302.14,2.47,D,0
30.1087,75.69962,335.31,0.4,0.37,2020-11-07,808,N,VIIRS,n,2,306.23,8.12,D,0
30.10921,76.02892,345.51,0.41,0.37,2020-11-07,808,N,VIIRS,n,2,304.46,6.66,D,0
30.10931,75.20393,345.11,0.39,0.36,2020-11-07,808,N,VIIRS,n,2,304.54,19.3,D,0
30.1094,75.26597,341.13,0.39,0.36,2020-11-07,808,N,VIIRS,n,2,307.6,11.17,D,0
30.11037,76.03735,339.88,0.41,0.37,2020-11-07,808,N,VIIRS,n,2,307.46,15.32,D,0
30.11074,75.63983,347.78,0.4,0.37,2020-11-07,808,N,VIIRS,n,2,303.5,7.81,D,0
30.11101,75.56786,334.18,0.4,0.37,2020-11-07,808,N,VIIRS,n,2,304.01,4.43,D,0
30.11115,76.09352,350.7,0.41,0.37,2020-11-07,808,N,VIIRS,n,2,306.18,9.07,D,0
30.1116,75.97294,336.33,0.41,0.37,2020-11-07,808,N,VIIRS,n,2,306.07,6.23,D,0
30.11166,76.02472,333.24,0.41,0.37,2020-11-07,808,N,VIIRS,n,2,302.82,3.79,D,0
30.11171,75.475,343.08,0.4,0.37,2020-11-07,808,N,VIIRS,n,2,311.36,25.95,D,0
30.11209,75.9255,336.98,0.4,0.37,2020-11-07,808,N,VIIRS,n,2,305.92,20.78,D,0
30.11216,75.45388,341.92,0.4,0.37,2020-11-07,808,N,VIIRS,n,2,305.63,9.65,D,0
30.11217,75.5761,336.06,0.4,0.37,2020-11-07,808,N,VIIRS,n,2,304.71,11.47,D,0
30.11223,76.02894,336.55,0.41,0.37,2020-11-07,808,N,VIIRS,n,2,300.48,3.79,D,0
30.11261,76.02831,338.15,0.41,0.37,2020-11-07,808,N,VIIRS,n,2,302.13,6.66,D,0
30.11328,75.95971,332.3,0.41,0.37,2020-11-07,808,N,VIIRS,n,2,302.78,2.27,D,0
30.11348,76.11046,330.03,0.41,0.37,2020-11-07,808,N,VIIRS,l,2,303.1,1.77,D,0
30.1139,75.46618,337.96,0.4,0.37,2020-11-07,808,N,VIIRS,n,2,304.69,6.52,D,0
30.11411,75.81368,337.05,0.4,0.37,2020-11-07,808,N,VIIRS,n,2,302.81,2.97,D,0
30.11429,75.89074,332.07,0.4,0.37,2020-11-07,808,N,VIIRS,l,2,305.32,2,D,0
30.11444,75.11978,332.97,0.39,0.36,2020-11-07,808,N,VIIRS,n,2,302.52,3.03,D,0
30.11446,76.06691,344.27,0.41,0.37,2020-11-07,808,N,VIIRS,n,2,304.83,12.79,D,0
30.11486,75.89493,331.38,0.4,0.37,2020-11-07,808,N,VIIRS,l,2,305.11,2.72,D,0
30.11502,75.12383,333.74,0.39,0.36,2020-11-07,808,N,VIIRS,n,2,303.02,3.03,D,0
30.11514,76.09714,347.59,0.41,0.37,2020-11-07,808,N,VIIRS,n,2,305.86,9.07,D,0
30.11531,76.14926,344.1,0.41,0.37,2020-11-07,808,N,VIIRS,n,2,302.79,4.48,D,0
30.11551,75.45325,347.08,0.4,0.37,2020-11-07,808,N,VIIRS,n,2,305.58,22.58,D,0
30.11553,75.57548,355.46,0.4,0.37,2020-11-07,808,N,VIIRS,n,2,306.05,11.47,D,0
30.11559,75.12787,335.97,0.39,0.36,2020-11-07,808,N,VIIRS,n,2,301.95,3.04,D,0
30.11606,75.92908,336.24,0.4,0.37,2020-11-07,808,N,VIIRS,n,2,303.56,8.57,D,0
30.11611,76.05362,330.79,0.41,0.37,2020-11-07,808,N,VIIRS,l,2,300.97,4.26,D,0
30.11645,75.18176,331.33,0.39,0.36,2020-11-07,808,N,VIIRS,n,2,301.52,2.24,D,0
30.11652,75.68119,339.01,0.4,0.37,2020-11-07,808,N,VIIRS,n,2,301.64,3.8,D,0
30.1168,75.60908,334.34,0.4,0.37,2020-11-07,808,N,VIIRS,n,2,303.87,2.58,D,0
30.11699,75.31883,336.8,0.39,0.36,2020-11-07,808,N,VIIRS,n,2,302.04,7.2,D,0
30.11728,75.98916,367,0.41,0.37,2020-11-07,808,N,VIIRS,h,2,331.73,100.06,D,0
30.11737,76.06698,340.89,0.41,0.37,2020-11-07,808,N,VIIRS,n,2,304.52,24.86,D,0
30.11756,76.14015,334.73,0.41,0.37,2020-11-07,808,N,VIIRS,n,2,303.76,2.97,D,0
30.11787,76.0663,346.51,0.41,0.37,2020-11-07,808,N,VIIRS,n,2,300.85,12.79,D,0
30.118,75.30193,334.66,0.39,0.36,2020-11-07,808,N,VIIRS,n,2,303.96,14.66,D,0
30.11806,75.07342,333.43,0.39,0.36,2020-11-07,808,N,VIIRS,n,2,303.25,2.37,D,0
30.11864,75.07745,345.43,0.39,0.36,2020-11-07,808,N,VIIRS,n,2,303.84,5.37,D,0
30.11892,75.72325,335.4,0.4,0.37,2020-11-07,808,N,VIIRS,n,2,305.4,7.4,D,0
30.11923,75.29803,335.25,0.39,0.36,2020-11-07,808,N,VIIRS,n,2,302.49,9.07,D,0
30.11991,75.2061,333.74,0.39,0.36,2020-11-07,808,N,VIIRS,n,2,300.81,2.38,D,0
30.12017,75.60845,336.06,0.4,0.37,2020-11-07,808,N,VIIRS,n,2,303.07,2.58,D,0
30.12153,75.66753,336.49,0.4,0.37,2020-11-07,808,N,VIIRS,n,2,303.4,4.34,D,0
30.12254,75.17645,348.28,0.39,0.36,2020-11-07,808,N,VIIRS,n,2,303.99,8.53,D,0
30.1229,75.95364,334.08,0.41,0.37,2020-11-07,808,N,VIIRS,n,2,304.22,4.21,D,0
30.12311,75.40984,339.85,0.39,0.37,2020-11-07,808,N,VIIRS,n,2,304.43,9.32,D,0
30.12313,76.10438,335.41,0.41,0.37,2020-11-07,808,N,VIIRS,n,2,304.43,3.01,D,0
30.12342,75.58247,333.17,0.4,0.37,2020-11-07,808,N,VIIRS,n,2,303.43,3.37,D,0
30.12361,75.28049,340.63,0.39,0.36,2020-11-07,808,N,VIIRS,n,2,304.92,9.7,D,0
30.1238,76.13467,337.52,0.41,0.37,2020-11-07,808,N,VIIRS,n,2,302.45,2.37,D,0
30.124,75.58659,332.97,0.4,0.37,2020-11-07,808,N,VIIRS,n,2,301.93,3.76,D,0
30.12435,75.54006,333.76,0.4,0.37,2020-11-07,808,N,VIIRS,n,2,300.4,1.78,D,0
30.12481,75.51889,333.75,0.4,0.37,2020-11-07,808,N,VIIRS,n,2,301.94,2.27,D,0
30.12488,75.31369,338.55,0.39,0.36,2020-11-07,808,N,VIIRS,n,2,302.51,3.19,D,0
30.12491,75.84164,333.29,0.4,0.37,2020-11-07,808,N,VIIRS,n,2,303.32,3.5,D,0
30.12498,75.33878,337.37,0.39,0.36,2020-11-07,808,N,VIIRS,n,2,303.08,3.05,D,0
30.1256,75.12597,345.62,0.39,0.36,2020-11-07,808,N,VIIRS,n,2,309.54,23.07,D,0
30.12567,75.72201,331.24,0.4,0.37,2020-11-07,808,N,VIIRS,l,2,303.15,4.42,D,0
30.12592,75.29676,332.45,0.39,0.36,2020-11-07,808,N,VIIRS,n,2,300.13,21.67,D,0
30.12597,75.52711,341.85,0.4,0.37,2020-11-07,808,N,VIIRS,n,2,301.05,3.54,D,0
30.12602,75.43028,343.85,0.39,0.37,2020-11-07,808,N,VIIRS,n,2,309.96,19.5,D,0
30.12651,76.13483,334.06,0.41,0.37,2020-11-07,808,N,VIIRS,n,2,303.75,2.66,D,0
30.12664,75.85417,342.96,0.4,0.37,2020-11-07,808,N,VIIRS,n,2,303.45,2.99,D,0
30.12687,75.48479,335.44,0.4,0.37,2020-11-07,808,N,VIIRS,n,2,301.3,2.83,D,0
30.1269,75.38816,343.68,0.39,0.37,2020-11-07,808,N,VIIRS,n,2,304.08,7.42,D,0
30.127,75.51004,352.04,0.4,0.37,2020-11-07,808,N,VIIRS,n,2,307.94,13.86,D,0
30.12722,76.13406,334.91,0.41,0.37,2020-11-07,808,N,VIIRS,n,2,303.02,2.37,D,0
30.12745,75.4889,333.46,0.4,0.37,2020-11-07,808,N,VIIRS,n,2,302.39,2.83,D,0
30.12786,75.35918,337,0.39,0.36,2020-11-07,808,N,VIIRS,n,2,304.54,4.42,D,0
30.12822,75.31306,345.29,0.39,0.36,2020-11-07,808,N,VIIRS,n,2,303.69,7.91,D,0
30.12847,75.71724,335.31,0.4,0.37,2020-11-07,808,N,VIIRS,n,2,303.14,1.74,D,0
30.12848,75.0507,342.71,0.39,0.36,2020-11-07,808,N,VIIRS,n,2,303.69,5.34,D,0
30.12875,75.52237,331.96,0.4,0.37,2020-11-07,808,N,VIIRS,l,2,302.09,2.27,D,0
30.12926,75.29613,350.25,0.39,0.36,2020-11-07,808,N,VIIRS,n,2,315.45,21.67,D,0
30.12945,75.55177,341.47,0.4,0.37,2020-11-07,808,N,VIIRS,n,2,304.55,5.18,D,0
30.12957,75.5771,342.22,0.4,0.37,2020-11-07,808,N,VIIRS,n,2,305.97,10.21,D,0
30.12964,75.05877,344.44,0.39,0.36,2020-11-07,808,N,VIIRS,n,2,305.05,11.27,D,0
30.12967,75.38345,339.18,0.39,0.36,2020-11-07,808,N,VIIRS,n,2,303.88,7.42,D,0
30.12991,76.10812,332.23,0.41,0.37,2020-11-07,808,N,VIIRS,n,2,300.97,1.11,D,0
30.13003,75.55589,331.06,0.4,0.37,2020-11-07,808,N,VIIRS,l,2,302.01,5.18,D,0
30.13015,75.58122,333.76,0.4,0.37,2020-11-07,808,N,VIIRS,n,2,302.72,10.21,D,0
30.13025,75.38753,344.04,0.39,0.37,2020-11-07,808,N,VIIRS,n,2,301,7.42,D,0
30.13039,76.03431,334.88,0.41,0.37,2020-11-07,808,N,VIIRS,l,2,304.91,30.09,D,0
30.1305,76.13846,337.96,0.41,0.37,2020-11-07,808,N,VIIRS,n,2,302.8,2.66,D,0
30.13095,75.51353,343.18,0.4,0.37,2020-11-07,808,N,VIIRS,n,2,307.43,4.75,D,0
30.13131,75.38367,344.61,0.39,0.37,2020-11-07,808,N,VIIRS,n,2,301.52,9.11,D,0
30.13134,75.26233,331.54,0.39,0.36,2020-11-07,808,N,VIIRS,n,2,300.17,3.58,D,0
30.13141,75.96503,343.82,0.41,0.37,2020-11-07,808,N,VIIRS,n,2,301.81,4.96,D,0
30.13165,75.54292,344.54,0.4,0.37,2020-11-07,808,N,VIIRS,n,2,303.7,6.05,D,0
30.13225,75.3416,334.66,0.39,0.36,2020-11-07,808,N,VIIRS,n,2,302.8,2.34,D,0
30.13246,75.39186,346.69,0.39,0.37,2020-11-07,808,N,VIIRS,n,2,301.77,6.83,D,0
30.13294,75.57648,336.99,0.4,0.37,2020-11-07,808,N,VIIRS,n,2,302.21,4.22,D,0
30.1334,75.55527,335.64,0.4,0.37,2020-11-07,808,N,VIIRS,n,2,301.67,5.18,D,0
30.13416,75.73322,343.84,0.4,0.37,2020-11-07,808,N,VIIRS,n,2,303.42,3.73,D,0
30.13418,75.93439,336.65,0.4,0.37,2020-11-07,808,N,VIIRS,n,2,302.19,4.11,D,0
30.13424,76.18509,332.21,0.41,0.37,2020-11-07,808,N,VIIRS,n,2,304.74,1.78,D,0
30.13431,75.5129,332.16,0.4,0.37,2020-11-07,808,N,VIIRS,l,2,302.51,4.75,D,0
30.13454,75.68636,344.13,0.4,0.37,2020-11-07,808,N,VIIRS,n,2,304.78,6.35,D,0
30.1347,75.91279,334.93,0.4,0.37,2020-11-07,808,N,VIIRS,n,2,302.28,2.66,D,0
30.13545,75.09916,331.54,0.39,0.36,2020-11-07,808,N,VIIRS,l,2,303.3,4.64,D,0
30.13601,75.99871,334.98,0.41,0.37,2020-11-07,808,N,VIIRS,n,2,302.9,3.89,D,0
30.13604,75.1032,333.37,0.39,0.36,2020-11-07,808,N,VIIRS,n,2,302.72,4.64,D,0
30.13605,75.52524,337.12,0.4,0.37,2020-11-07,808,N,VIIRS,n,2,303.74,2.64,D,0
30.13706,75.42459,335.43,0.4,0.37,2020-11-07,808,N,VIIRS,n,2,304.21,13.89,D,0
30.13706,75.95538,340.14,0.41,0.37,2020-11-07,808,N,VIIRS,n,2,306.91,7.75,D,0
30.13716,76.00714,347.34,0.41,0.37,2020-11-07,808,N,VIIRS,n,2,307.8,9.43,D,0
30.1372,76.03307,335.44,0.41,0.37,2020-11-07,808,N,VIIRS,n,2,301.89,1.79,D,0
30.13758,75.93377,334,0.4,0.37,2020-11-07,808,N,VIIRS,l,2,304.98,4.11,D,0
30.13795,75.86068,332.56,0.4,0.37,2020-11-07,808,N,VIIRS,n,2,304.76,1.9,D,0
30.13841,75.44478,346.78,0.4,0.37,2020-11-07,808,N,VIIRS,n,2,302.7,4.76,D,0
30.13853,75.86487,330.75,0.4,0.37,2020-11-07,808,N,VIIRS,l,2,304.27,7.2,D,0
30.13874,75.61771,337.03,0.4,0.37,2020-11-07,808,N,VIIRS,n,2,300.87,5.96,D,0
30.13879,75.09853,330.58,0.39,0.36,2020-11-07,808,N,VIIRS,l,2,302.08,3.33,D,0
30.13879,75.19419,332.98,0.39,0.36,2020-11-07,808,N,VIIRS,l,2,303.85,2.77,D,0
30.13911,75.86905,332.95,0.4,0.37,2020-11-07,808,N,VIIRS,n,2,300.72,7.2,D,0
30.13979,75.60059,333.5,0.4,0.37,2020-11-07,808,N,VIIRS,n,2,300.77,2.15,D,0
30.13993,75.44508,334.66,0.4,0.37,2020-11-07,808,N,VIIRS,n,2,302.79,3.74,D,0
30.14041,75.42397,340.2,0.4,0.37,2020-11-07,808,N,VIIRS,n,2,302.1,13.89,D,0
30.14045,75.95477,341.71,0.41,0.37,2020-11-07,808,N,VIIRS,n,2,304.84,7.75,D,0
30.14056,76.00652,347.26,0.41,0.37,2020-11-07,808,N,VIIRS,n,2,302.11,9.43,D,0
30.14081,75.70646,333.49,0.4,0.37,2020-11-07,808,N,VIIRS,n,2,303.39,1.46,D,0
30.14122,76.06268,334.42,0.41,0.37,2020-11-07,808,N,VIIRS,n,2,303.22,2.45,D,0
30.14169,75.21449,339.13,0.39,0.36,2020-11-07,808,N,VIIRS,n,2,305.51,3.72,D,0
30.14183,76.09294,335.53,0.41,0.37,2020-11-07,808,N,VIIRS,n,2,304.96,6.57,D,0
30.14187,75.56637,345.2,0.4,0.37,2020-11-07,808,N,VIIRS,n,2,308.21,13.43,D,0
30.14192,75.86424,330.65,0.4,0.37,2020-11-07,808,N,VIIRS,n,2,299.95,7.2,D,0
30.14269,75.62121,332.95,0.4,0.37,2020-11-07,808,N,VIIRS,n,2,303.18,5.96,D,0
30.1427,75.10193,342.11,0.39,0.36,2020-11-07,808,N,VIIRS,n,2,303.43,3.33,D,0
30.14271,75.44035,337.43,0.4,0.37,2020-11-07,808,N,VIIRS,n,2,303.62,3.74,D,0
30.14276,75.97159,332.36,0.41,0.37,2020-11-07,808,N,VIIRS,l,2,303.42,2.94,D,0
30.14291,76.04936,330.16,0.41,0.37,2020-11-07,808,N,VIIRS,n,2,303.7,3.98,D,0
30.14327,75.62534,332.85,0.4,0.37,2020-11-07,808,N,VIIRS,n,2,300.09,7.09,D,0
30.14328,75.94996,334.93,0.41,0.37,2020-11-07,808,N,VIIRS,n,2,302.53,2.75,D,0
30.14329,75.20168,331.2,0.39,0.36,2020-11-07,808,N,VIIRS,l,2,302.99,4.12,D,0
30.14334,75.97579,347.37,0.41,0.37,2020-11-07,808,N,VIIRS,n,2,304.33,6.92,D,0
30.14348,76.0536,334.63,0.41,0.37,2020-11-07,808,N,VIIRS,l,2,305.94,5.98,D,0
30.14391,75.98001,337.42,0.41,0.37,2020-11-07,808,N,VIIRS,n,2,304.29,6.92,D,0
30.144,75.23073,336.53,0.39,0.36,2020-11-07,808,N,VIIRS,n,2,306.56,10.7,D,0
30.14408,75.68036,335.62,0.4,0.37,2020-11-07,808,N,VIIRS,n,2,302.47,2.79,D,0
30.14429,75.08916,335.06,0.39,0.36,2020-11-07,808,N,VIIRS,n,2,304.19,2.2,D,0
30.14465,75.56162,335.52,0.4,0.37,2020-11-07,808,N,VIIRS,n,2,302.36,3.53,D,0
30.14511,76.01434,334.61,0.41,0.37,2020-11-07,808,N,VIIRS,n,2,303.27,2.28,D,0
30.14515,75.81228,339.64,0.4,0.37,2020-11-07,808,N,VIIRS,n,2,304.64,5.44,D,0
30.14521,76.06629,337.57,0.41,0.37,2020-11-07,808,N,VIIRS,n,2,305.89,4.77,D,0
30.14572,75.05155,347.3,0.39,0.36,2020-11-07,808,N,VIIRS,n,2,305.17,8.74,D,0
30.14576,75.3642,330.3,0.39,0.36,2020-11-07,808,N,VIIRS,n,2,300.26,4.22,D,0
30.1463,75.05559,333.29,0.39,0.36,2020-11-07,808,N,VIIRS,n,2,302.44,3.68,D,0
30.14663,75.20104,330.25,0.39,0.36,2020-11-07,808,N,VIIRS,l,2,301.11,4.95,D,0
30.1471,75.60347,334.57,0.4,0.37,2020-11-07,808,N,VIIRS,n,2,301.93,3.6,D,0
30.14718,75.92771,335.39,0.4,0.37,2020-11-07,808,N,VIIRS,n,2,303.8,4.04,D,0
30.14768,75.60759,333.37,0.4,0.37,2020-11-07,808,N,VIIRS,n,2,301.1,4.2,D,0
30.14775,75.51041,339.51,0.4,0.37,2020-11-07,808,N,VIIRS,n,2,302.75,5.27,D,0
30.1482,75.88456,346.61,0.4,0.37,2020-11-07,808,N,VIIRS,n,2,308.24,14.52,D,0
30.1483,75.30927,335.76,0.39,0.36,2020-11-07,808,N,VIIRS,n,2,303.09,4.38,D,0
30.14876,75.28828,333.56,0.39,0.36,2020-11-07,808,N,VIIRS,l,2,304.16,3.39,D,0
30.14878,75.88874,337.78,0.4,0.37,2020-11-07,808,N,VIIRS,n,2,303.21,4.77,D,0
30.14888,75.31335,342.51,0.39,0.36,2020-11-07,808,N,VIIRS,n,2,315.35,35.76,D,0
30.14911,75.51075,333.28,0.4,0.37,2020-11-07,808,N,VIIRS,n,2,302.31,2.19,D,0
30.14934,75.29235,332.08,0.39,0.36,2020-11-07,808,N,VIIRS,n,2,301.42,3.39,D,0
30.15011,75.12962,337.55,0.39,0.36,2020-11-07,808,N,VIIRS,n,2,303.96,4.64,D,0
30.15034,76.07838,331.75,0.41,0.37,2020-11-07,808,N,VIIRS,n,2,303.11,1.63,D,0
30.15077,76.00467,331.79,0.41,0.37,2020-11-07,808,N,VIIRS,l,2,302.29,3.21,D,0
30.15093,75.7046,332.54,0.4,0.37,2020-11-07,808,N,VIIRS,n,2,301.58,4.23,D,0
30.15133,75.80687,344,0.4,0.37,2020-11-07,808,N,VIIRS,n,2,304.43,5.31,D,0
30.15142,75.16264,330.03,0.39,0.36,2020-11-07,808,N,VIIRS,n,2,301.79,1.42,D,0
30.15151,75.70875,334.26,0.4,0.37,2020-11-07,808,N,VIIRS,n,2,306.77,5.07,D,0
30.15268,75.71705,344.96,0.4,0.37,2020-11-07,808,N,VIIRS,n,2,304.73,9.8,D,0
30.15307,76.02155,345.31,0.41,0.37,2020-11-07,808,N,VIIRS,n,2,308.03,10.01,D,0
30.15375,76.07777,345.42,0.41,0.37,2020-11-07,808,N,VIIRS,n,2,306.7,6.02,D,0
30.15396,75.6276,342.48,0.4,0.37,2020-11-07,808,N,VIIRS,n,2,308.46,17.27,D,0
30.15489,75.70813,333.66,0.4,0.37,2020-11-07,808,N,VIIRS,n,2,302.63,5.07,D,0
30.15512,75.63587,331.8,0.4,0.37,2020-11-07,808,N,VIIRS,l,2,301.96,2.47,D,0
30.15534,75.38337,337.37,0.39,0.37,2020-11-07,808,N,VIIRS,n,2,301.44,3.4,D,0
30.15538,76.03844,305.8,0.41,0.37,2020-11-07,808,N,VIIRS,l,2,306.89,19.92,D,0
30.15557,75.3121,333.61,0.39,0.36,2020-11-07,808,N,VIIRS,n,2,302.14,8.45,D,0
30.15577,75.24102,332.41,0.39,0.36,2020-11-07,808,N,VIIRS,n,2,301.16,3.84,D,0
30.15584,75.99079,332.33,0.41,0.37,2020-11-07,808,N,VIIRS,n,2,302.39,0.88,D,0
30.15595,76.04267,335.68,0.41,0.37,2020-11-07,808,N,VIIRS,l,2,310.37,27.31,D,0
30.15604,75.59335,335,0.4,0.37,2020-11-07,808,N,VIIRS,n,2,301.23,6.57,D,0
30.15621,75.22008,333.58,0.39,0.36,2020-11-07,808,N,VIIRS,n,2,302.6,4.7,D,0
30.15648,76.02094,344.97,0.41,0.37,2020-11-07,808,N,VIIRS,n,2,303.74,10.01,D,0
30.15662,75.59747,349.78,0.4,0.37,2020-11-07,808,N,VIIRS,n,2,306.73,18.81,D,0
30.15716,76.07716,345.84,0.41,0.37,2020-11-07,808,N,VIIRS,n,2,303.17,6.02,D,0
30.15729,75.0369,344.92,0.39,0.36,2020-11-07,808,N,VIIRS,n,2,308.81,11.39,D,0
30.15733,75.62698,340.34,0.4,0.37,2020-11-07,808,N,VIIRS,n,2,304.82,17.27,D,0
30.15787,75.04094,330.84,0.39,0.36,2020-11-07,808,N,VIIRS,n,2,300.91,11.39,D,0
30.15874,75.68616,337.32,0.4,0.37,2020-11-07,808,N,VIIRS,n,2,304.4,2.01,D,0
30.15904,75.04901,336.43,0.39,0.36,2020-11-07,808,N,VIIRS,n,2,301.59,2.49,D,0
30.15916,75.36169,334.03,0.39,0.36,2020-11-07,808,N,VIIRS,n,2,300.94,2.59,D,0
30.15927,75.00336,338.14,0.39,0.36,2020-11-07,808,N,VIIRS,l,2,310.66,16.03,D,0
30.15945,75.0282,333.81,0.39,0.36,2020-11-07,808,N,VIIRS,n,2,303.86,3.8,D,0
30.16004,75.03223,348.76,0.39,0.36,2020-11-07,808,N,VIIRS,n,2,303.37,3.8,D,0
30.16043,75.39502,338.15,0.39,0.37,2020-11-07,808,N,VIIRS,n,2,305.6,14.16,D,0
30.16048,75.69859,330.12,0.4,0.37,2020-11-07,808,N,VIIRS,l,2,303.13,1.46,D,0
30.1605,75.56776,333.95,0.4,0.37,2020-11-07,808,N,VIIRS,n,2,302.95,2.19,D,0
30.16059,75.72411,339.75,0.4,0.37,2020-11-07,808,N,VIIRS,n,2,310.61,21.28,D,0
30.16128,75.63049,332.05,0.4,0.37,2020-11-07,808,N,VIIRS,n,2,300.3,3.78,D,0
30.16143,75.16074,342.35,0.39,0.36,2020-11-07,808,N,VIIRS,n,2,308.19,17.54,D,0
30.16187,75.63463,333.35,0.4,0.37,2020-11-07,808,N,VIIRS,n,2,302.81,3.78,D,0
30.16206,75.80917,330.53,0.4,0.37,2020-11-07,808,N,VIIRS,l,2,302.37,2.5,D,0
30.16211,75.68554,348.37,0.4,0.37,2020-11-07,808,N,VIIRS,n,2,305.17,7.32,D,0
30.1626,75.00273,336.6,0.39,0.36,2020-11-07,808,N,VIIRS,n,2,303.61,16.03,D,0
30.16309,75.36514,337.1,0.39,0.36,2020-11-07,808,N,VIIRS,n,2,302.14,4.01,D,0
30.16361,75.24788,339.91,0.39,0.36,2020-11-07,808,N,VIIRS,n,2,304.78,4.87,D,0
30.16361,75.49118,335.14,0.4,0.37,2020-11-07,808,N,VIIRS,n,2,300.77,4.07,D,0
30.16408,75.89884,335.59,0.4,0.37,2020-11-07,808,N,VIIRS,n,2,304.08,2.79,D,0
30.16446,75.30205,335.79,0.39,0.36,2020-11-07,808,N,VIIRS,n,2,302.28,2.95,D,0
30.16501,75.57538,340.24,0.4,0.37,2020-11-07,808,N,VIIRS,n,2,303.47,4.98,D,0
30.16504,75.11432,347.02,0.39,0.36,2020-11-07,808,N,VIIRS,n,2,305.02,8.74,D,0
30.16534,75.50351,337.29,0.4,0.37,2020-11-07,808,N,VIIRS,n,2,303.44,4.69,D,0
30.16539,76.29413,337.4,0.41,0.37,2020-11-07,808,N,VIIRS,n,2,305.04,4.32,D,0
30.16551,75.40666,341.79,0.39,0.37,2020-11-07,808,N,VIIRS,n,2,305.08,8.23,D,0
30.16618,75.71456,341.63,0.4,0.37,2020-11-07,808,N,VIIRS,n,2,301.95,3.76,D,0
30.16677,75.31836,339.07,0.39,0.36,2020-11-07,808,N,VIIRS,n,2,303.44,3.86,D,0
30.16705,75.94563,334.32,0.41,0.37,2020-11-07,808,N,VIIRS,l,2,305.08,4.45,D,0
30.16731,75.59189,334.02,0.4,0.37,2020-11-07,808,N,VIIRS,n,2,303,5.53,D,0
30.16767,75.27635,332.44,0.39,0.36,2020-11-07,808,N,VIIRS,l,2,303.03,6.14,D,0
30.16811,75.15948,334.54,0.39,0.36,2020-11-07,808,N,VIIRS,n,2,301.21,3.53,D,0
30.16826,75.18444,346.54,0.39,0.36,2020-11-07,808,N,VIIRS,n,2,305.27,5.78,D,0
30.1685,75.45235,346.75,0.4,0.37,2020-11-07,808,N,VIIRS,n,2,304.73,12.07,D,0
30.16875,76.21453,332.53,0.41,0.37,2020-11-07,808,N,VIIRS,n,2,301.77,1.95,D,0
30.16921,75.07196,367,0.39,0.36,2020-11-07,808,N,VIIRS,l,2,325.36,39.82,D,0
30.16927,75.26351,348.97,0.39,0.36,2020-11-07,808,N,VIIRS,n,2,301.44,5.07,D,0
30.17029,75.24662,342.45,0.39,0.36,2020-11-07,808,N,VIIRS,n,2,308.87,16.4,D,0
30.17059,75.20068,331.29,0.39,0.36,2020-11-07,808,N,VIIRS,n,2,299.92,5.19,D,0
30.1706,75.41831,334.37,0.4,0.37,2020-11-07,808,N,VIIRS,n,2,300.74,2.31,D,0
30.17079,75.05922,332.81,0.39,0.36,2020-11-07,808,N,VIIRS,n,2,301.99,2.32,D,0
30.17117,75.20473,333.82,0.39,0.36,2020-11-07,808,N,VIIRS,n,2,303.01,5.19,D,0
30.17125,76.02691,333.89,0.41,0.37,2020-11-07,808,N,VIIRS,n,2,302.85,2.9,D,0
30.17128,75.44763,345.73,0.4,0.37,2020-11-07,808,N,VIIRS,n,2,307.57,11.89,D,0
30.17164,75.80315,336.42,0.4,0.37,2020-11-07,808,N,VIIRS,n,2,307.83,12.89,D,0
30.17175,75.42651,333.1,0.4,0.37,2020-11-07,808,N,VIIRS,n,2,301.77,2.97,D,0
30.17189,76.05714,333.44,0.41,0.37,2020-11-07,808,N,VIIRS,l,2,307.17,9.09,D,0
30.17254,75.07133,332.72,0.39,0.36,2020-11-07,808,N,VIIRS,n,2,300.95,39.82,D,0
30.17268,76.16576,339.53,0.41,0.37,2020-11-07,808,N,VIIRS,n,2,305.8,3.24,D,0
30.17311,75.48519,335.24,0.4,0.37,2020-11-07,808,N,VIIRS,n,2,301.17,6.55,D,0
30.17311,76.09164,347.36,0.41,0.37,2020-11-07,808,N,VIIRS,n,2,307.98,16.14,D,0
30.17364,75.24599,338.85,0.39,0.36,2020-11-07,808,N,VIIRS,n,2,301.31,9.9,D,0
30.17478,75.15821,340.1,0.39,0.36,2020-11-07,808,N,VIIRS,n,2,304.74,17.46,D,0
30.17487,75.37552,338.13,0.39,0.37,2020-11-07,808,N,VIIRS,n,2,304.02,5.78,D,0
30.17491,75.77691,334.27,0.4,0.37,2020-11-07,808,N,VIIRS,n,2,303.3,11.83,D,0
30.17524,75.23317,342.27,0.39,0.36,2020-11-07,808,N,VIIRS,n,2,306.07,14.47,D,0
30.17529,75.06666,342.52,0.39,0.36,2020-11-07,808,N,VIIRS,n,2,303.74,2.83,D,0
30.17545,75.3796,333.89,0.39,0.37,2020-11-07,808,N,VIIRS,n,2,301.75,5.78,D,0
30.17573,75.70855,347.76,0.4,0.37,2020-11-07,808,N,VIIRS,n,2,308.22,9.02,D,0
30.17582,75.23723,344.46,0.39,0.36,2020-11-07,808,N,VIIRS,n,2,310.37,14.47,D,0
30.17608,75.78524,349.07,0.4,0.37,2020-11-07,808,N,VIIRS,n,2,306.56,7.63,D,0
30.17636,75.3375,338.41,0.39,0.36,2020-11-07,808,N,VIIRS,n,2,299.63,2.83,D,0
30.17662,75.70908,343.55,0.4,0.37,2020-11-07,808,N,VIIRS,n,2,302.66,5.63,D,0
30.17695,75.14948,335.31,0.39,0.36,2020-11-07,808,N,VIIRS,n,2,303.78,36.94,D,0
30.17754,75.15353,367,0.39,0.36,2020-11-07,808,N,VIIRS,h,2,325.62,36.94,D,0
30.17812,75.15759,348.1,0.39,0.36,2020-11-07,808,N,VIIRS,n,2,306.69,17.46,D,0
30.17813,75.87481,335.61,0.4,0.37,2020-11-07,808,N,VIIRS,n,2,303.85,5.01,D,0
30.17823,75.90057,339.45,0.4,0.37,2020-11-07,808,N,VIIRS,n,2,302.06,4.7,D,0
30.17872,75.879,335.67,0.4,0.37,2020-11-07,808,N,VIIRS,n,2,303.41,5.01,D,0
30.17899,75.80608,337.1,0.4,0.37,2020-11-07,808,N,VIIRS,n,2,305.71,10.09,D,0
30.1792,75.85744,340.41,0.4,0.37,2020-11-07,808,N,VIIRS,n,2,302.6,3.29,D,0
30.17921,75.62784,348.07,0.4,0.37,2020-11-07,808,N,VIIRS,n,2,313.98,33.58,D,0
30.17942,75.70429,342.47,0.4,0.37,2020-11-07,808,N,VIIRS,n,2,303.31,5.63,D,0
30.17962,75.04923,350.24,0.39,0.36,2020-11-07,808,N,VIIRS,n,2,304.39,7.19,D,0
30.17981,75.73761,344.52,0.4,0.37,2020-11-07,808,N,VIIRS,n,2,305.61,5.48,D,0
30.18062,75.73816,345.86,0.4,0.37,2020-11-07,808,N,VIIRS,n,2,304.9,10.54,D,0
30.18078,75.05731,333.06,0.39,0.36,2020-11-07,808,N,VIIRS,l,2,305.81,12.51,D,0
30.18081,75.99491,335.31,0.41,0.37,2020-11-07,808,N,VIIRS,n,2,303.85,1.9,D,0
30.18087,75.15289,335.91,0.39,0.36,2020-11-07,808,N,VIIRS,n,2,302.28,4.36,D,0
30.18088,75.46689,334.9,0.4,0.37,2020-11-07,808,N,VIIRS,n,2,301.57,2.66,D,0
30.18096,75.08218,334.15,0.39,0.36,2020-11-07,808,N,VIIRS,n,2,302.47,2.32,D,0
30.18153,75.87419,332.77,0.4,0.37,2020-11-07,808,N,VIIRS,n,2,302.07,3.83,D,0
30.18154,75.08623,338.08,0.39,0.36,2020-11-07,808,N,VIIRS,n,2,303.12,2.32,D,0
30.18178,75.04052,340.54,0.39,0.36,2020-11-07,808,N,VIIRS,n,2,304.04,5.15,D,0
30.1821,75.87837,335.03,0.4,0.37,2020-11-07,808,N,VIIRS,n,2,304.21,3.83,D,0
30.1822,75.18597,367,0.39,0.36,2020-11-07,808,N,VIIRS,h,2,304.51,7.14,D,0
30.18224,75.52568,337.01,0.4,0.37,2020-11-07,808,N,VIIRS,n,2,306.29,21.41,D,0
30.18229,75.72507,333.91,0.4,0.37,2020-11-07,808,N,VIIRS,n,2,302.35,30.42,D,0
30.18236,75.04456,342.99,0.39,0.36,2020-11-07,808,N,VIIRS,n,2,304.14,5.15,D,0
30.18295,75.0486,346.9,0.39,0.36,2020-11-07,808,N,VIIRS,n,2,304.49,7.19,D,0
30.1831,76.26899,341.81,0.41,0.37,2020-11-07,808,N,VIIRS,n,2,307.77,15.08,D,0
30.18401,75.79234,336.87,0.4,0.37,2020-11-07,808,N,VIIRS,n,2,303.09,3.61,D,0
30.18421,75.99429,337.9,0.41,0.37,2020-11-07,808,N,VIIRS,n,2,304.52,2.5,D,0
30.18439,75.2732,330.81,0.39,0.36,2020-11-07,808,N,VIIRS,n,2,300.85,1.91,D,0
30.18443,75.89513,334.8,0.4,0.37,2020-11-07,808,N,VIIRS,n,2,302.38,4.61,D,0
30.18451,75.71614,333.15,0.4,0.37,2020-11-07,808,N,VIIRS,l,2,303.2,3.78,D,0
30.18488,75.08559,344.04,0.39,0.36,2020-11-07,808,N,VIIRS,n,2,305.1,6.22,D,0
30.18528,75.82633,335.54,0.4,0.37,2020-11-07,808,N,VIIRS,n,2,304.42,1.86,D,0
30.18553,75.67339,333.15,0.4,0.37,2020-11-07,808,N,VIIRS,n,2,302.39,10.07,D,0
30.18554,75.18533,340.94,0.39,0.36,2020-11-07,808,N,VIIRS,n,2,302.28,4.88,D,0
30.18559,76.0807,331.99,0.41,0.37,2020-11-07,808,N,VIIRS,n,2,301.04,1.43,D,0
30.18618,75.90772,335.78,0.4,0.37,2020-11-07,808,N,VIIRS,n,2,302.56,4.31,D,0
30.18681,75.73277,333.71,0.4,0.37,2020-11-07,808,N,VIIRS,l,2,307.05,12.66,D,0
30.18694,75.96358,331.55,0.41,0.37,2020-11-07,808,N,VIIRS,n,2,304.43,1.44,D,0
30.1876,75.61356,348.1,0.4,0.37,2020-11-07,808,N,VIIRS,n,2,307,8.07,D,0
30.18783,75.89452,342.13,0.4,0.37,2020-11-07,808,N,VIIRS,n,2,306.46,4.61,D,0
30.18797,75.79588,341.79,0.4,0.37,2020-11-07,808,N,VIIRS,n,2,306.06,15.16,D,0
30.18806,75.44449,331.6,0.4,0.37,2020-11-07,808,N,VIIRS,n,2,302.02,2.25,D,0
30.18809,75.82153,340.65,0.4,0.37,2020-11-07,808,N,VIIRS,n,2,307.95,7.79,D,0
30.18863,75.79649,349.03,0.4,0.37,2020-11-07,808,N,VIIRS,n,2,305.86,15.12,D,0
30.18867,75.82571,350.23,0.4,0.37,2020-11-07,808,N,VIIRS,n,2,304.68,7.79,D,0
30.18886,75.49913,336.58,0.4,0.37,2020-11-07,808,N,VIIRS,n,2,304.49,6.25,D,0
30.18889,75.87714,335.32,0.4,0.37,2020-11-07,808,N,VIIRS,n,2,301,2.17,D,0
30.1889,75.67276,337.73,0.4,0.37,2020-11-07,808,N,VIIRS,n,2,305.08,10.07,D,0
30.18902,75.04329,335.78,0.39,0.36,2020-11-07,808,N,VIIRS,n,2,303.94,4.04,D,0
30.18904,75.3058,333.04,0.39,0.36,2020-11-07,808,N,VIIRS,n,2,302.84,2.23,D,0
30.1893,75.1638,338.81,0.39,0.36,2020-11-07,808,N,VIIRS,n,2,310.41,19.04,D,0
30.18951,76.0583,334.27,0.41,0.37,2020-11-07,808,N,VIIRS,l,2,304.82,5.26,D,0
30.18971,76.13652,335.1,0.41,0.37,2020-11-07,808,N,VIIRS,n,2,304.94,3.62,D,0
30.18977,75.80483,334.25,0.4,0.37,2020-11-07,808,N,VIIRS,n,2,303.65,1.79,D,0
30.1899,75.6301,341.67,0.4,0.37,2020-11-07,808,N,VIIRS,n,2,307.13,12.85,D,0
30.18998,75.65556,332.03,0.4,0.37,2020-11-07,808,N,VIIRS,n,2,299.83,2.32,D,0
30.19025,75.93711,355.98,0.41,0.37,2020-11-07,808,N,VIIRS,n,2,308.81,12.69,D,0
30.19051,76.01477,340.13,0.41,0.37,2020-11-07,808,N,VIIRS,n,2,310.44,14.74,D,0
30.19055,75.10114,342.92,0.39,0.36,2020-11-07,808,N,VIIRS,n,2,309.45,18.71,D,0
30.19076,75.7363,334.61,0.4,0.37,2020-11-07,808,N,VIIRS,n,2,303.33,1.58,D,0
30.19078,75.0554,331.22,0.39,0.36,2020-11-07,808,N,VIIRS,l,2,303.41,2.93,D,0
30.19093,76.1712,340.87,0.41,0.37,2020-11-07,808,N,VIIRS,n,2,304.32,6.27,D,0
30.19097,75.61294,345.1,0.4,0.37,2020-11-07,808,N,VIIRS,n,2,302.97,10.84,D,0
30.19113,75.10519,334.53,0.39,0.36,2020-11-07,808,N,VIIRS,n,2,303.96,7.59,D,0
30.19139,76.12315,340.32,0.41,0.37,2020-11-07,808,N,VIIRS,n,2,308.12,26.93,D,0
30.19141,75.44386,335.78,0.4,0.37,2020-11-07,808,N,VIIRS,n,2,302.96,2.25,D,0
30.19147,75.82092,337.62,0.4,0.37,2020-11-07,808,N,VIIRS,n,2,301.56,7.79,D,0
30.19253,75.05531,332.72,0.39,0.36,2020-11-07,808,N,VIIRS,n,2,302.57,2.54,D,0
30.19271,75.09241,336.91,0.39,0.36,2020-11-07,808,N,VIIRS,n,2,303,3.1,D,0
30.19277,75.65079,339.57,0.4,0.37,2020-11-07,808,N,VIIRS,n,2,301.44,2.32,D,0
30.19279,75.38055,343.65,0.39,0.37,2020-11-07,808,N,VIIRS,n,2,306.98,19.67,D,0
30.1933,75.09646,333.71,0.39,0.36,2020-11-07,808,N,VIIRS,n,2,302.6,4.89,D,0
30.1935,75.70596,334.23,0.4,0.37,2020-11-07,808,N,VIIRS,n,2,301.82,4.43,D,0
30.19376,75.60818,333.55,0.4,0.37,2020-11-07,808,N,VIIRS,n,2,301.09,10.84,D,0
30.19392,76.01415,337.56,0.41,0.37,2020-11-07,808,N,VIIRS,n,2,304.48,4.16,D,0
30.19429,75.07964,334.32,0.39,0.36,2020-11-07,808,N,VIIRS,n,2,306.33,2.88,D,0
30.19439,75.17532,337.31,0.39,0.36,2020-11-07,808,N,VIIRS,n,2,301.32,2.35,D,0
30.19446,76.22308,335.75,0.41,0.37,2020-11-07,808,N,VIIRS,n,2,302.86,2.9,D,0
30.1945,76.01838,334.7,0.41,0.37,2020-11-07,808,N,VIIRS,n,2,305.89,5.48,D,0
30.19463,75.54028,332.39,0.4,0.37,2020-11-07,808,N,VIIRS,n,2,301.83,2.99,D,0
30.19488,75.08369,335.62,0.39,0.36,2020-11-07,808,N,VIIRS,n,2,303.16,2.88,D,0
30.19505,75.1086,336.08,0.39,0.36,2020-11-07,808,N,VIIRS,n,2,304.37,2.57,D,0
30.19556,75.37584,340.8,0.39,0.37,2020-11-07,808,N,VIIRS,n,2,308.82,26.96,D,0
30.196,75.07957,336.16,0.39,0.36,2020-11-07,808,N,VIIRS,n,2,307.62,9.57,D,0
30.19608,76.18339,345.53,0.41,0.37,2020-11-07,808,N,VIIRS,n,2,303.41,4.89,D,0
30.19658,75.08361,349.99,0.39,0.36,2020-11-07,808,N,VIIRS,n,2,307.29,9.57,D,0
30.19694,75.55676,339.1,0.4,0.37,2020-11-07,808,N,VIIRS,n,2,303.05,9.06,D,0
30.19731,75.51021,340.55,0.4,0.37,2020-11-07,808,N,VIIRS,n,2,303.04,7.12,D,0
30.19815,75.76482,344.31,0.4,0.37,2020-11-07,808,N,VIIRS,n,2,305.1,4.5,D,0
30.19859,76.30582,340.59,0.41,0.37,2020-11-07,808,N,VIIRS,n,2,307.97,13.62,D,0
30.19887,76.15232,338.58,0.41,0.37,2020-11-07,808,N,VIIRS,n,2,304.87,5.67,D,0
30.19904,76.23103,334.51,0.41,0.37,2020-11-07,808,N,VIIRS,n,2,303.18,2.84,D,0
30.19907,76.02621,347.03,0.41,0.37,2020-11-07,808,N,VIIRS,n,2,304.64,4.89,D,0
30.19915,75.5479,337.76,0.4,0.37,2020-11-07,808,N,VIIRS,n,2,301.94,7.51,D,0
30.19951,76.18278,335.12,0.41,0.37,2020-11-07,808,N,VIIRS,n,2,302.66,4.89,D,0
30.19952,75.50136,332.72,0.4,0.37,2020-11-07,808,N,VIIRS,n,2,301.42,3.16,D,0
30.19991,75.08298,346.76,0.39,0.36,2020-11-07,808,N,VIIRS,n,2,305.18,9.57,D,0
30.20007,75.38338,335.16,0.39,0.37,2020-11-07,808,N,VIIRS,n,2,303.45,5.21,D,0
30.20031,75.14504,334.05,0.39,0.36,2020-11-07,808,N,VIIRS,n,2,302.78,3.07,D,0
30.20048,75.17,338.62,0.39,0.36,2020-11-07,808,N,VIIRS,n,2,307.58,18.51,D,0
30.20049,75.60693,333.06,0.4,0.37,2020-11-07,808,N,VIIRS,l,2,303.16,4.89,D,0
30.20056,75.48428,332.32,0.4,0.37,2020-11-07,808,N,VIIRS,n,2,306.52,6.9,D,0
30.20097,75.34126,333.46,0.39,0.36,2020-11-07,808,N,VIIRS,n,2,302.25,2.48,D,0
30.20107,75.81133,340.76,0.4,0.37,2020-11-07,808,N,VIIRS,n,2,309.52,11.09,D,0
30.20112,75.27005,336.54,0.39,0.36,2020-11-07,808,N,VIIRS,n,2,302.47,2.54,D,0
30.20114,75.4884,331.43,0.4,0.37,2020-11-07,808,N,VIIRS,n,2,301.83,5.63,D,0
30.20165,75.81551,333.69,0.4,0.37,2020-11-07,808,N,VIIRS,n,2,302.59,11.09,D,0
30.20226,75.37458,333.92,0.39,0.37,2020-11-07,808,N,VIIRS,n,2,304.45,2.95,D,0
30.20228,75.2782,335.46,0.39,0.36,2020-11-07,808,N,VIIRS,n,2,303.09,2.73,D,0
30.20236,75.1241,334.53,0.39,0.36,2020-11-07,808,N,VIIRS,n,2,303.26,2.7,D,0
30.20305,75.69995,342.54,0.4,0.37,2020-11-07,808,N,VIIRS,n,2,303.3,4.03,D,0
30.20352,75.1322,341.46,0.39,0.36,2020-11-07,808,N,VIIRS,n,2,313.37,61.73,D,0
30.20559,75.94726,332.21,0.41,0.37,2020-11-07,808,N,VIIRS,n,2,304.7,1.7,D,0
30.20561,75.37395,333.77,0.39,0.37,2020-11-07,808,N,VIIRS,n,2,302.39,3.18,D,0
30.206,75.07766,347.49,0.39,0.36,2020-11-07,808,N,VIIRS,n,2,307.42,9.13,D,0
30.20617,75.62284,345.71,0.4,0.37,2020-11-07,808,N,VIIRS,n,2,303.94,5.36,D,0
30.20632,75.2106,333.18,0.39,0.36,2020-11-07,808,N,VIIRS,n,2,301.69,2.94,D,0
30.20708,75.33592,333.98,0.39,0.36,2020-11-07,808,N,VIIRS,n,2,303.47,6.12,D,0
30.20771,75.58439,336.98,0.4,0.37,2020-11-07,808,N,VIIRS,n,2,303.87,4.71,D,0
30.20883,75.34817,345.93,0.39,0.36,2020-11-07,808,N,VIIRS,n,2,305.23,6.96,D,0
30.20918,75.92153,330.2,0.4,0.37,2020-11-07,808,N,VIIRS,n,2,304.64,1,D,0
30.20992,75.08107,330.6,0.39,0.36,2020-11-07,808,N,VIIRS,l,2,303.95,3.77,D,0
30.21049,75.08511,334.03,0.39,0.36,2020-11-07,808,N,VIIRS,n,2,304.22,4.23,D,0
30.21052,75.45715,334.04,0.4,0.37,2020-11-07,808,N,VIIRS,n,2,303.55,6.03,D,0
30.21084,75.98515,336.42,0.41,0.37,2020-11-07,808,N,VIIRS,n,2,306.19,7.33,D,0
30.21218,75.34754,333.11,0.39,0.36,2020-11-07,808,N,VIIRS,n,2,301.47,6.96,D,0
30.21226,75.46946,336.01,0.4,0.37,2020-11-07,808,N,VIIRS,n,2,303.63,7.14,D,0
30.21291,75.6216,336.87,0.4,0.37,2020-11-07,808,N,VIIRS,n,2,303.04,4.09,D,0
30.21303,75.40196,338.02,0.39,0.37,2020-11-07,808,N,VIIRS,n,2,303.46,5.59,D,0
30.21387,75.45651,338.93,0.4,0.37,2020-11-07,808,N,VIIRS,n,2,305.84,6.03,D,0
30.21434,75.24248,331.97,0.39,0.36,2020-11-07,808,N,VIIRS,n,2,300.59,2.87,D,0
30.21436,75.33875,347.5,0.39,0.36,2020-11-07,808,N,VIIRS,n,2,302.67,5.03,D,0
30.21528,75.51531,331.98,0.4,0.37,2020-11-07,808,N,VIIRS,n,2,302.86,1.12,D,0
30.21595,76.14925,346.1,0.41,0.37,2020-11-07,808,N,VIIRS,n,2,308.56,10.69,D,0
30.21642,75.15057,333.7,0.39,0.36,2020-11-07,808,N,VIIRS,n,2,303.46,1.98,D,0
30.21646,76.12737,336.77,0.41,0.37,2020-11-07,808,N,VIIRS,n,2,304.62,3.63,D,0
30.21655,75.17555,333.4,0.39,0.36,2020-11-07,808,N,VIIRS,l,2,304.1,3.42,D,0
30.21771,75.33812,346.07,0.39,0.36,2020-11-07,808,N,VIIRS,n,2,301.03,5.03,D,0
30.21802,75.04213,342.68,0.39,0.36,2020-11-07,808,N,VIIRS,n,2,305.41,14.28,D,0
30.21812,76.114,336.28,0.41,0.37,2020-11-07,808,N,VIIRS,n,2,304.96,4.12,D,0
30.21829,75.3422,343.76,0.39,0.36,2020-11-07,808,N,VIIRS,n,2,305.92,10.6,D,0
30.21844,75.36735,330.92,0.39,0.37,2020-11-07,808,N,VIIRS,l,2,303.37,2.85,D,0
30.21873,75.32115,334.06,0.39,0.36,2020-11-07,808,N,VIIRS,n,2,302.98,5.97,D,0
30.21914,76.27575,334.28,0.41,0.37,2020-11-07,808,N,VIIRS,n,2,303.36,1.83,D,0
30.21948,75.99738,342.97,0.41,0.37,2020-11-07,808,N,VIIRS,n,2,308.21,6.24,D,0
30.21992,75.07916,335.76,0.39,0.36,2020-11-07,808,N,VIIRS,n,2,301.91,3.4,D,0
30.22014,75.22496,334.36,0.39,0.36,2020-11-07,808,N,VIIRS,n,2,305.04,17.65,D,0
30.22018,76.23164,335.7,0.41,0.37,2020-11-07,808,N,VIIRS,n,2,304.1,1.66,D,0
30.22054,76.15717,335.99,0.41,0.37,2020-11-07,808,N,VIIRS,n,2,305.74,5.47,D,0
30.22125,75.7563,332.3,0.4,0.37,2020-11-07,808,N,VIIRS,n,2,300.97,2.43,D,0
30.22182,75.76047,342.28,0.4,0.37,2020-11-07,808,N,VIIRS,n,2,302.86,2.43,D,0
30.22215,75.6879,345.81,0.4,0.37,2020-11-07,808,N,VIIRS,n,2,302.4,5.23,D,0
30.22237,75.3708,335.62,0.39,0.37,2020-11-07,808,N,VIIRS,n,2,304.79,2.85,D,0
30.22279,76.14803,346.18,0.41,0.37,2020-11-07,808,N,VIIRS,n,2,307.26,8.93,D,0
30.22288,75.99677,342.2,0.41,0.37,2020-11-07,808,N,VIIRS,n,2,312.22,34.49,D,0
30.22331,75.69621,337.79,0.4,0.37,2020-11-07,808,N,VIIRS,n,2,303.09,6.79,D,0
30.22398,75.10751,341.63,0.39,0.36,2020-11-07,808,N,VIIRS,n,2,303.18,3.72,D,0
30.22426,75.40827,337.92,0.4,0.37,2020-11-07,808,N,VIIRS,l,2,308.01,35.7,D,0
30.22553,75.68729,339.95,0.4,0.37,2020-11-07,808,N,VIIRS,n,2,300.18,5.23,D,0
30.22568,75.966,336.27,0.41,0.37,2020-11-07,808,N,VIIRS,n,2,307.31,11.68,D,0
30.22631,76.02212,342.6,0.41,0.37,2020-11-07,808,N,VIIRS,n,2,303.13,6.2,D,0
30.22643,75.14867,331.48,0.39,0.36,2020-11-07,808,N,VIIRS,l,2,302.43,6.95,D,0
30.22671,76.3317,331.33,0.42,0.37,2020-11-07,808,N,VIIRS,n,2,304.67,1.31,D,0
30.22703,75.40356,333.67,0.39,0.37,2020-11-07,808,N,VIIRS,n,2,299.29,35.76,D,0
30.22717,75.42876,338.53,0.4,0.37,2020-11-07,808,N,VIIRS,n,2,305.86,6.04,D,0
30.22735,75.95274,343.13,0.41,0.37,2020-11-07,808,N,VIIRS,n,2,307.35,12.7,D,0
30.22759,75.06107,345.94,0.39,0.36,2020-11-07,808,N,VIIRS,n,2,303.75,3.66,D,0
30.22763,75.27791,333.21,0.39,0.36,2020-11-07,808,N,VIIRS,l,2,304.17,5.12,D,0
30.22769,76.26104,330.41,0.41,0.37,2020-11-07,808,N,VIIRS,n,2,305.11,1.87,D,0
30.22772,75.18179,340.51,0.39,0.36,2020-11-07,808,N,VIIRS,n,2,309.08,17.87,D,0
30.2278,75.55526,335.5,0.4,0.37,2020-11-07,808,N,VIIRS,n,2,303.7,3.65,D,0
30.22785,75.20679,333.5,0.39,0.36,2020-11-07,808,N,VIIRS,l,2,303.86,5.21,D,0
30.22805,75.38654,338.97,0.39,0.37,2020-11-07,808,N,VIIRS,n,2,303.33,4,D,0
30.22821,75.28198,335.49,0.39,0.36,2020-11-07,808,N,VIIRS,l,2,306.58,12.69,D,0
30.22847,75.46223,332.92,0.4,0.37,2020-11-07,808,N,VIIRS,l,2,303.02,3.19,D,0
30.22911,75.99131,335.07,0.41,0.37,2020-11-07,808,N,VIIRS,n,2,307.99,6.7,D,0
30.22917,76.04329,333.64,0.41,0.37,2020-11-07,808,N,VIIRS,n,2,302.45,1.25,D,0
30.22951,75.34848,332.07,0.39,0.36,2020-11-07,808,N,VIIRS,n,2,301.63,3.86,D,0
30.22961,76.35328,334.76,0.42,0.37,2020-11-07,808,N,VIIRS,n,2,305.96,2.27,D,0
30.22969,75.99553,336.43,0.41,0.37,2020-11-07,808,N,VIIRS,n,2,304.35,6.15,D,0
30.23012,76.1249,336.85,0.41,0.37,2020-11-07,808,N,VIIRS,n,2,303.3,6.15,D,0
30.23014,76.33109,335.84,0.42,0.37,2020-11-07,808,N,VIIRS,n,2,303.7,2.34,D,0
30.23038,76.20351,332.18,0.41,0.37,2020-11-07,808,N,VIIRS,l,2,303.59,1.08,D,0
30.23053,75.33151,338.66,0.39,0.36,2020-11-07,808,N,VIIRS,n,2,301.36,2.79,D,0
30.23053,75.42814,334.96,0.4,0.37,2020-11-07,808,N,VIIRS,n,2,301.17,6.04,D,0
30.23072,76.3354,334.82,0.42,0.37,2020-11-07,808,N,VIIRS,n,2,303.92,2.64,D,0
30.23081,75.75027,346.91,0.4,0.37,2020-11-07,808,N,VIIRS,n,2,313.2,22.76,D,0
30.23136,76.36623,334.01,0.42,0.37,2020-11-07,808,N,VIIRS,l,2,304.51,4.67,D,0
30.23139,75.75444,335.93,0.4,0.37,2020-11-07,808,N,VIIRS,n,2,304.33,12.55,D,0
30.23141,75.38591,353.38,0.39,0.37,2020-11-07,808,N,VIIRS,n,2,303.09,4,D,0
30.23141,76.0082,333.4,0.41,0.37,2020-11-07,808,N,VIIRS,n,2,303.49,1.54,D,0
30.23177,75.3316,344.63,0.39,0.36,2020-11-07,808,N,VIIRS,n,2,301.06,7.27,D,0
30.23197,75.75861,345.39,0.4,0.37,2020-11-07,808,N,VIIRS,n,2,306.34,12.55,D,0
30.23247,75.23934,338.64,0.39,0.36,2020-11-07,808,N,VIIRS,n,2,305.62,11.93,D,0
30.23253,75.14334,334.43,0.39,0.36,2020-11-07,808,N,VIIRS,n,2,304.12,3.03,D,0
30.23255,76.01665,346.43,0.41,0.37,2020-11-07,808,N,VIIRS,n,2,303.72,5.3,D,0
30.2338,76.2029,347.5,0.41,0.37,2020-11-07,808,N,VIIRS,n,2,315.79,44.47,D,0
30.23419,75.74966,351.76,0.4,0.37,2020-11-07,808,N,VIIRS,n,2,305.2,22.76,D,0
30.23462,76.2862,338.7,0.41,0.37,2020-11-07,808,N,VIIRS,n,2,305.74,3.93,D,0
30.23476,75.38528,338.62,0.39,0.37,2020-11-07,808,N,VIIRS,n,2,303.19,4.11,D,0
30.23499,75.53278,330.37,0.4,0.37,2020-11-07,808,N,VIIRS,l,2,304.1,1.98,D,0
30.23566,75.68542,337.04,0.4,0.37,2020-11-07,808,N,VIIRS,n,2,302.85,5.32,D,0
30.2357,75.33505,335.95,0.39,0.36,2020-11-07,808,N,VIIRS,n,2,306.04,7.27,D,0
30.2358,75.36021,350.69,0.39,0.37,2020-11-07,808,N,VIIRS,n,2,308.58,13.73,D,0
30.23651,75.39757,341.8,0.39,0.37,2020-11-07,808,N,VIIRS,n,2,312.62,27.91,D,0
30.23691,75.71928,342.55,0.4,0.37,2020-11-07,808,N,VIIRS,n,2,302.43,7.22,D,0
30.23777,75.52803,333.85,0.4,0.37,2020-11-07,808,N,VIIRS,n,2,303.23,2.2,D,0
30.23779,75.30112,333.03,0.39,0.36,2020-11-07,808,N,VIIRS,n,2,300.06,2.38,D,0
30.23811,75.38465,333.61,0.39,0.37,2020-11-07,808,N,VIIRS,n,2,301.49,4.11,D,0
30.23822,76.00697,331.87,0.41,0.37,2020-11-07,808,N,VIIRS,l,2,302.07,3.43,D,0
30.23835,75.65512,337,0.4,0.37,2020-11-07,808,N,VIIRS,n,2,306.86,14.83,D,0
30.23847,75.33034,338.83,0.39,0.36,2020-11-07,808,N,VIIRS,n,2,304.86,6.62,D,0
30.2387,75.38876,333.08,0.39,0.37,2020-11-07,808,N,VIIRS,n,2,302.11,2.86,D,0
30.23871,75.60834,337.6,0.4,0.37,2020-11-07,808,N,VIIRS,n,2,308.63,13.37,D,0
30.23898,76.21513,343.84,0.41,0.37,2020-11-07,808,N,VIIRS,n,2,305.4,4.56,D,0
30.23913,75.71033,337,0.4,0.37,2020-11-07,808,N,VIIRS,n,2,303.74,5.21,D,0
30.23915,75.3596,349.72,0.39,0.37,2020-11-07,808,N,VIIRS,n,2,301.85,13.73,D,0
30.23925,75.38478,333.08,0.39,0.37,2020-11-07,808,N,VIIRS,n,2,301.51,1.49,D,0
30.23929,75.61247,346.86,0.4,0.37,2020-11-07,808,N,VIIRS,n,2,303.26,13.37,D,0
30.23932,75.98946,338.93,0.41,0.37,2020-11-07,808,N,VIIRS,n,2,304.77,2.65,D,0
30.23987,75.61661,332.98,0.4,0.37,2020-11-07,808,N,VIIRS,n,2,302.25,3.84,D,0
30.23998,75.64207,342.01,0.4,0.37,2020-11-07,808,N,VIIRS,n,2,302.43,3.66,D,0
30.24009,75.31745,330.89,0.39,0.36,2020-11-07,808,N,VIIRS,n,2,300.52,1.76,D,0
30.24022,75.56989,333.2,0.4,0.37,2020-11-07,808,N,VIIRS,n,2,302.13,5.12,D,0
30.24031,75.24622,336.97,0.39,0.36,2020-11-07,808,N,VIIRS,n,2,303.24,4,D,0
30.24152,75.15831,334.01,0.39,0.36,2020-11-07,808,N,VIIRS,n,2,301.6,2.37,D,0
30.24162,75.40923,342.16,0.4,0.37,2020-11-07,808,N,VIIRS,n,2,302.9,49.31,D,0
30.24182,75.32971,347.4,0.39,0.36,2020-11-07,808,N,VIIRS,n,2,304.42,6.62,D,0
30.24241,76.21451,345.88,0.41,0.37,2020-11-07,808,N,VIIRS,n,2,308.24,14.49,D,0
30.243,75.56513,332.46,0.4,0.37,2020-11-07,808,N,VIIRS,l,2,303.44,5.12,D,0
30.2432,75.49321,339.01,0.4,0.37,2020-11-07,808,N,VIIRS,n,2,307.61,8.23,D,0
30.24359,75.56927,333.6,0.4,0.37,2020-11-07,808,N,VIIRS,n,2,300.76,5.12,D,0
30.24402,75.32091,346.77,0.39,0.36,2020-11-07,808,N,VIIRS,n,2,303.21,9.23,D,0
30.24424,75.24966,337.06,0.39,0.36,2020-11-07,808,N,VIIRS,n,2,301.83,4,D,0
30.24435,75.94965,335.6,0.41,0.37,2020-11-07,808,N,VIIRS,n,2,301.1,2.5,D,0
30.24457,75.10774,340.53,0.39,0.36,2020-11-07,808,N,VIIRS,n,2,301.69,4.39,D,0
30.24515,75.1118,335.03,0.39,0.36,2020-11-07,808,N,VIIRS,n,2,302.38,4.1,D,0
30.24614,75.63667,341.18,0.4,0.37,2020-11-07,808,N,VIIRS,n,2,303.58,4.61,D,0
30.24625,75.81163,330.76,0.4,0.37,2020-11-07,808,N,VIIRS,n,2,301.9,1.63,D,0
30.24632,75.33725,341.1,0.39,0.36,2020-11-07,808,N,VIIRS,n,2,302.56,4.48,D,0
30.24665,75.96651,336.58,0.41,0.37,2020-11-07,808,N,VIIRS,n,2,304.55,4.12,D,0
30.24683,75.54327,331.69,0.4,0.37,2020-11-07,808,N,VIIRS,l,2,303.43,0.95,D,0
30.2469,75.34135,336.01,0.39,0.36,2020-11-07,808,N,VIIRS,n,2,304.01,4.48,D,0
30.24714,75.743,345.61,0.4,0.37,2020-11-07,808,N,VIIRS,n,2,302.44,8.9,D,0
30.24753,75.57276,333.23,0.4,0.37,2020-11-07,808,N,VIIRS,n,2,301.77,2.8,D,0
30.24829,75.2782,338.69,0.39,0.36,2020-11-07,808,N,VIIRS,n,2,302.97,3.15,D,0
30.24974,75.56389,348.09,0.4,0.37,2020-11-07,808,N,VIIRS,n,2,311.77,32.8,D,0
30.25002,75.29043,333.87,0.39,0.36,2020-11-07,808,N,VIIRS,n,2,302.37,3.76,D,0
30.25005,75.96589,341.14,0.41,0.37,2020-11-07,808,N,VIIRS,n,2,302.61,4.12,D,0
30.25019,75.54264,336.79,0.4,0.37,2020-11-07,808,N,VIIRS,n,2,302.99,1.88,D,0
30.25036,75.36588,349.73,0.39,0.37,2020-11-07,808,N,VIIRS,n,2,316.65,40.01,D,0
30.25051,75.74239,333.6,0.4,0.37,2020-11-07,808,N,VIIRS,l,2,305.19,4.43,D,0
30.25056,75.61887,330.74,0.4,0.37,2020-11-07,808,N,VIIRS,l,2,302.82,4.99,D,0
30.25109,75.74655,333.91,0.4,0.37,2020-11-07,808,N,VIIRS,n,2,303.29,4.43,D,0
30.25114,75.62301,332.24,0.4,0.37,2020-11-07,808,N,VIIRS,n,2,300.43,3.94,D,0
30.25136,76.33174,342.11,0.42,0.37,2020-11-07,808,N,VIIRS,n,2,304.98,6.21,D,0
30.25139,75.13143,335.6,0.39,0.36,2020-11-07,808,N,VIIRS,n,2,303.93,4.13,D,0
30.25152,76.26215,343.05,0.41,0.37,2020-11-07,808,N,VIIRS,n,2,307.79,11.91,D,0
30.25167,75.5043,334.88,0.4,0.37,2020-11-07,808,N,VIIRS,n,2,303.69,4.71,D,0
30.25229,76.26105,339.55,0.41,0.37,2020-11-07,808,N,VIIRS,n,2,308.5,11.89,D,0
30.25335,75.61411,330.44,0.4,0.37,2020-11-07,808,N,VIIRS,n,2,301.46,11.71,D,0
30.25352,75.46212,333.43,0.4,0.37,2020-11-07,808,N,VIIRS,n,2,303.5,2.13,D,0
30.25371,75.36526,335.32,0.39,0.37,2020-11-07,808,N,VIIRS,l,2,309.81,40.01,D,0
30.2539,75.74176,333.17,0.4,0.37,2020-11-07,808,N,VIIRS,n,2,301.62,4.43,D,0
30.25393,75.61825,348.95,0.4,0.37,2020-11-07,808,N,VIIRS,n,2,306.34,11.71,D,0
30.25427,75.24777,334.13,0.39,0.36,2020-11-07,808,N,VIIRS,n,2,303.16,2.38,D,0
30.25471,75.22678,333.62,0.39,0.36,2020-11-07,808,N,VIIRS,n,2,302.53,2.89,D,0
30.25526,75.03917,336.25,0.39,0.36,2020-11-07,808,N,VIIRS,l,2,308.75,9.52,D,0
30.25584,75.04321,336.61,0.39,0.36,2020-11-07,808,N,VIIRS,n,2,304.25,9.56,D,0
30.25589,75.1389,337.29,0.39,0.36,2020-11-07,808,N,VIIRS,n,2,305.4,8.33,D,0
30.25601,75.25999,335.59,0.39,0.36,2020-11-07,808,N,VIIRS,n,2,305.07,9.24,D,0
30.25632,75.118,335.52,0.39,0.36,2020-11-07,808,N,VIIRS,n,2,301.58,5.12,D,0
30.25647,75.56264,332.92,0.4,0.37,2020-11-07,808,N,VIIRS,n,2,300.4,2.87,D,0
30.25672,75.61349,330.19,0.4,0.37,2020-11-07,808,N,VIIRS,n,2,302.08,11.71,D,0
30.25701,76.04259,330.31,0.41,0.37,2020-11-07,808,N,VIIRS,n,2,303.17,1.62,D,0
30.25731,75.61762,346.46,0.4,0.37,2020-11-07,808,N,VIIRS,n,2,310.33,11.71,D,0
30.25742,75.6431,331.13,0.4,0.37,2020-11-07,808,N,VIIRS,n,2,300.53,1.8,D,0
30.25747,75.79243,344.05,0.4,0.37,2020-11-07,808,N,VIIRS,n,2,306.01,10.03,D,0
30.25856,75.32656,333.69,0.39,0.36,2020-11-07,808,N,VIIRS,n,2,301.54,2.67,D,0
30.25869,76.02927,332.59,0.41,0.37,2020-11-07,808,N,VIIRS,n,2,302.7,2.17,D,0
30.2588,75.1592,333.13,0.39,0.36,2020-11-07,808,N,VIIRS,n,2,299.27,2.4,D,0
30.25895,76.26522,338.08,0.41,0.37,2020-11-07,808,N,VIIRS,n,2,307.74,5.1,D,0
30.25909,75.45265,337.99,0.4,0.37,2020-11-07,808,N,VIIRS,n,2,302.43,5.76,D,0
30.25966,75.11736,334.08,0.39,0.36,2020-11-07,808,N,VIIRS,n,2,301.62,5.12,D,0
30.25966,75.21329,346.98,0.39,0.36,2020-11-07,808,N,VIIRS,n,2,305.25,6.14,D,0
30.25974,75.98576,334.38,0.41,0.37,2020-11-07,808,N,VIIRS,l,2,305.15,22.08,D,0
30.26017,75.02577,343.24,0.39,0.36,2020-11-07,808,N,VIIRS,n,2,316.46,43.24,D,0
30.26039,75.14639,344,0.39,0.36,2020-11-07,808,N,VIIRS,n,2,304.14,3.58,D,0
30.26047,76.06804,336.71,0.41,0.37,2020-11-07,808,N,VIIRS,n,2,302.89,2.56,D,0
30.26059,76.1465,345.87,0.41,0.37,2020-11-07,808,N,VIIRS,n,2,301.56,7.12,D,0
30.26066,75.10052,335.04,0.39,0.36,2020-11-07,808,N,VIIRS,n,2,305.28,4.33,D,0
30.26082,75.12547,339.48,0.39,0.36,2020-11-07,808,N,VIIRS,n,2,305.73,7.15,D,0
30.26125,76.3089,345.26,0.41,0.37,2020-11-07,808,N,VIIRS,n,2,307.99,9.94,D,0
30.26145,75.54902,345.9,0.4,0.37,2020-11-07,808,N,VIIRS,n,2,307.47,8.15,D,0
30.26161,75.69768,338.39,0.4,0.37,2020-11-07,808,N,VIIRS,n,2,303.24,2.33,D,0
30.26214,75.52389,338.89,0.4,0.37,2020-11-07,808,N,VIIRS,n,2,305.31,18.07,D,0
30.26222,75.54928,344.24,0.4,0.37,2020-11-07,808,N,VIIRS,n,2,307.42,9.87,D,0
30.26236,76.21187,334.97,0.41,0.37,2020-11-07,808,N,VIIRS,n,2,307.28,3.49,D,0
30.26243,75.92908,341.46,0.41,0.37,2020-11-07,808,N,VIIRS,n,2,305.7,3.19,D,0
30.26257,75.98092,334.63,0.41,0.37,2020-11-07,808,N,VIIRS,n,2,304.07,4.32,D,0
30.2635,75.02514,342.81,0.39,0.36,2020-11-07,808,N,VIIRS,n,2,303.13,10.93,D,0
30.26352,76.2468,346.76,0.41,0.37,2020-11-07,808,N,VIIRS,n,2,306.69,7.13,D,0
30.26373,75.14575,336.33,0.39,0.36,2020-11-07,808,N,VIIRS,n,2,301.89,3.58,D,0
30.264,75.09988,333.88,0.39,0.36,2020-11-07,808,N,VIIRS,n,2,299.47,4.33,D,0
30.26434,75.81689,344.44,0.4,0.37,2020-11-07,808,N,VIIRS,n,2,305.88,5.05,D,0
30.26578,76.21125,334.3,0.41,0.37,2020-11-07,808,N,VIIRS,n,2,304.46,3.34,D,0
30.26583,75.92847,331.04,0.41,0.37,2020-11-07,808,N,VIIRS,n,2,305.83,3.19,D,0
30.2659,75.13701,331.76,0.39,0.36,2020-11-07,808,N,VIIRS,n,2,301.42,1.34,D,0
30.2659,75.47669,331.73,0.4,0.37,2020-11-07,808,N,VIIRS,n,2,304.06,2.33,D,0
30.26608,75.82944,337.6,0.4,0.37,2020-11-07,808,N,VIIRS,n,2,304.39,2.58,D,0
30.26633,75.90681,342.02,0.4,0.37,2020-11-07,808,N,VIIRS,n,2,304.21,4.15,D,0
30.2664,76.29474,334.03,0.41,0.37,2020-11-07,808,N,VIIRS,n,2,303.09,1.97,D,0
30.26665,75.53151,336.75,0.4,0.37,2020-11-07,808,N,VIIRS,n,2,302.15,4.8,D,0
30.267,75.04939,335,0.39,0.36,2020-11-07,808,N,VIIRS,l,2,305.28,6.12,D,0
30.26801,75.44255,330.1,0.4,0.37,2020-11-07,808,N,VIIRS,l,2,301.73,2.02,D,0
30.26811,75.46784,330.19,0.4,0.37,2020-11-07,808,N,VIIRS,n,2,301.95,2.02,D,0
30.26838,75.39614,332.36,0.4,0.37,2020-11-07,808,N,VIIRS,n,2,301.98,2.66,D,0
30.26859,75.7476,332.66,0.4,0.37,2020-11-07,808,N,VIIRS,n,2,301.11,1.69,D,0
30.2687,75.64951,347.13,0.4,0.37,2020-11-07,808,N,VIIRS,n,2,304.05,11.1,D,0
30.26895,75.54802,338.95,0.4,0.37,2020-11-07,808,N,VIIRS,n,2,302.44,3.64,D,0
30.26919,75.32877,346.03,0.39,0.36,2020-11-07,808,N,VIIRS,n,2,306.63,7.39,D,0
30.26926,75.47607,334.33,0.4,0.37,2020-11-07,808,N,VIIRS,n,2,303.86,2.33,D,0
30.26941,75.67919,332.92,0.4,0.37,2020-11-07,808,N,VIIRS,n,2,301.66,1.47,D,0
30.26944,75.52676,345.3,0.4,0.37,2020-11-07,808,N,VIIRS,n,2,303.62,4.8,D,0
30.26947,75.82882,335.29,0.4,0.37,2020-11-07,808,N,VIIRS,n,2,304.08,4.02,D,0
30.26954,75.18637,331.78,0.39,0.36,2020-11-07,808,N,VIIRS,l,2,303.8,9.06,D,0
30.26984,76.32063,343.88,0.42,0.37,2020-11-07,808,N,VIIRS,n,2,317.59,36.62,D,0
30.27012,75.19044,334.29,0.39,0.36,2020-11-07,808,N,VIIRS,n,2,300.45,9.39,D,0
30.27017,75.02386,336.42,0.39,0.36,2020-11-07,808,N,VIIRS,n,2,302.48,3.92,D,0
30.27047,75.36211,343.79,0.39,0.37,2020-11-07,808,N,VIIRS,n,2,305.34,9.35,D,0
30.27051,75.50964,333.1,0.4,0.37,2020-11-07,808,N,VIIRS,n,2,300.2,1.43,D,0
30.27091,75.76428,333.83,0.4,0.37,2020-11-07,808,N,VIIRS,l,2,305.02,4.98,D,0
30.27099,75.48841,332.38,0.4,0.37,2020-11-07,808,N,VIIRS,n,2,300.48,2.03,D,0
30.27113,75.2697,332.36,0.39,0.36,2020-11-07,808,N,VIIRS,n,2,301.99,2.01,D,0
30.27116,75.69166,334.93,0.4,0.37,2020-11-07,808,N,VIIRS,n,2,303.13,2.13,D,0
30.27147,75.46721,341.47,0.4,0.37,2020-11-07,808,N,VIIRS,n,2,305.1,18.5,D,0
30.27174,75.69581,335.74,0.4,0.37,2020-11-07,808,N,VIIRS,n,2,304.64,4.58,D,0
30.27208,75.6489,331.36,0.4,0.37,2020-11-07,808,N,VIIRS,n,2,299.79,2.72,D,0
30.27232,75.54739,341.26,0.4,0.37,2020-11-07,808,N,VIIRS,n,2,299.98,3.64,D,0
30.27254,75.32812,342.29,0.39,0.36,2020-11-07,808,N,VIIRS,n,2,303.39,9.41,D,0
30.27275,75.80249,344.32,0.4,0.37,2020-11-07,808,N,VIIRS,n,2,306.21,5.96,D,0
30.27281,75.52613,341.53,0.4,0.37,2020-11-07,808,N,VIIRS,n,2,300.87,3.72,D,0
30.27335,75.98328,342.17,0.41,0.37,2020-11-07,808,N,VIIRS,n,2,309.59,17.05,D,0
30.27342,75.09393,334.83,0.39,0.36,2020-11-07,808,N,VIIRS,n,2,302.84,3.76,D,0
30.27389,75.26499,330.94,0.39,0.36,2020-11-07,808,N,VIIRS,l,2,301.96,2.01,D,0
30.2739,75.00238,343.95,0.39,0.36,2020-11-07,808,N,VIIRS,n,2,303.27,4.05,D,0
30.27426,75.63615,334.52,0.4,0.37,2020-11-07,808,N,VIIRS,n,2,303.54,18.65,D,0
30.27453,75.53851,330.52,0.4,0.37,2020-11-07,808,N,VIIRS,n,2,300.44,3.21,D,0
30.27453,75.69104,332.52,0.4,0.37,2020-11-07,808,N,VIIRS,n,2,302.19,2.13,D,0
30.27466,75.03131,343.49,0.39,0.36,2020-11-07,808,N,VIIRS,n,2,303.78,10.02,D,0
30.27501,75.08113,343.14,0.39,0.36,2020-11-07,808,N,VIIRS,n,2,304.09,5.47,D,0
30.2751,75.54264,335.6,0.4,0.37,2020-11-07,808,N,VIIRS,n,2,306.1,10.91,D,0
30.27512,75.69519,330.92,0.4,0.37,2020-11-07,808,N,VIIRS,n,2,300.75,4.58,D,0
30.27602,75.92661,347.48,0.41,0.37,2020-11-07,808,N,VIIRS,n,2,309.22,13.1,D,0
30.27676,75.09329,346.41,0.39,0.36,2020-11-07,808,N,VIIRS,n,2,301.21,3.76,D,0
30.27676,75.98267,335.52,0.41,0.37,2020-11-07,808,N,VIIRS,n,2,301.35,3.23,D,0
30.27692,75.11824,338.88,0.39,0.36,2020-11-07,808,N,VIIRS,n,2,303.43,2.27,D,0
30.27763,75.63554,337.41,0.4,0.37,2020-11-07,808,N,VIIRS,n,2,307.21,18.65,D,0
30.278,75.03067,332.31,0.39,0.36,2020-11-07,808,N,VIIRS,l,2,303.62,3.09,D,0
30.27809,75.12636,354.74,0.39,0.36,2020-11-07,808,N,VIIRS,n,2,308.92,13.87,D,0
30.27812,75.22235,333.5,0.39,0.36,2020-11-07,808,N,VIIRS,n,2,302.26,3.05,D,0
30.27849,75.69456,337.32,0.4,0.37,2020-11-07,808,N,VIIRS,n,2,304.67,4.61,D,0
30.27858,75.03471,330.15,0.39,0.36,2020-11-07,808,N,VIIRS,l,2,302.66,3.09,D,0
30.27913,75.42361,351.59,0.4,0.37,2020-11-07,808,N,VIIRS,n,2,303,6.54,D,0
30.27941,75.15945,330.1,0.39,0.36,2020-11-07,808,N,VIIRS,n,2,299.57,2.82,D,0
30.27953,75.52488,333.88,0.4,0.37,2020-11-07,808,N,VIIRS,n,2,303.74,2.52,D,0
30.27972,76.02982,346.48,0.41,0.37,2020-11-07,808,N,VIIRS,n,2,303.82,8.98,D,0
30.28026,75.11761,332.6,0.39,0.36,2020-11-07,808,N,VIIRS,n,2,300.95,2.27,D,0
30.28107,75.48653,334.75,0.4,0.37,2020-11-07,808,N,VIIRS,n,2,305.35,4.01,D,0
30.28132,76.38058,331.26,0.42,0.37,2020-11-07,808,N,VIIRS,l,2,304.42,10.41,D,0
30.28143,75.12572,346.15,0.39,0.36,2020-11-07,808,N,VIIRS,n,2,301.42,13.87,D,0
30.28165,75.49065,335.18,0.4,0.37,2020-11-07,808,N,VIIRS,n,2,303.91,4.55,D,0
30.28205,75.86949,332.84,0.4,0.37,2020-11-07,808,N,VIIRS,l,2,304.43,1.72,D,0
30.28214,75.34731,341.67,0.39,0.37,2020-11-07,808,N,VIIRS,n,2,313.42,28.82,D,0
30.28221,76.12514,343.24,0.41,0.37,2020-11-07,808,N,VIIRS,n,2,305.99,7.83,D,0
30.28241,75.54551,338.98,0.4,0.37,2020-11-07,808,N,VIIRS,n,2,302.86,5.61,D,0
30.28285,75.08797,330.91,0.39,0.36,2020-11-07,808,N,VIIRS,n,2,302.58,1.65,D,0
30.28405,75.53251,346.39,0.4,0.37,2020-11-07,808,N,VIIRS,n,2,305.38,9.57,D,0
30.28444,75.7618,342.3,0.4,0.37,2020-11-07,808,N,VIIRS,n,2,303.59,4.99,D,0
30.28457,75.38889,335.36,0.4,0.37,2020-11-07,808,N,VIIRS,l,2,308.23,17.78,D,0
30.28538,75.22517,333.8,0.39,0.36,2020-11-07,808,N,VIIRS,n,2,307.05,16.95,D,0
30.28559,75.08328,334.45,0.39,0.36,2020-11-07,808,N,VIIRS,l,2,304.49,7.33,D,0
30.28597,75.22923,346.46,0.39,0.36,2020-11-07,808,N,VIIRS,n,2,300.76,17.6,D,0
30.2864,75.20824,345.16,0.39,0.36,2020-11-07,808,N,VIIRS,n,2,304.66,7.17,D,0
30.28661,75.87726,335.26,0.4,0.37,2020-11-07,808,N,VIIRS,l,2,308.58,8.63,D,0
30.28673,76.10687,332.81,0.41,0.37,2020-11-07,808,N,VIIRS,n,2,301.77,1.81,D,0
30.28696,75.98082,341.58,0.41,0.37,2020-11-07,808,N,VIIRS,n,2,303.09,5.35,D,0
30.28735,75.09544,332.99,0.39,0.36,2020-11-07,808,N,VIIRS,n,2,300.69,3.19,D,0
30.28754,75.98504,338.69,0.41,0.37,2020-11-07,808,N,VIIRS,n,2,304.92,6.27,D,0
30.28758,75.43466,330.51,0.4,0.37,2020-11-07,808,N,VIIRS,l,2,301.03,6.51,D,0
30.28782,75.76118,344.85,0.4,0.37,2020-11-07,808,N,VIIRS,n,2,307.54,26.92,D,0
30.28782,76.08923,335.2,0.41,0.37,2020-11-07,808,N,VIIRS,n,2,302.67,1.52,D,0
30.28793,75.09949,333.26,0.39,0.36,2020-11-07,808,N,VIIRS,n,2,302.06,3.19,D,0
30.28852,75.7145,348.48,0.4,0.37,2020-11-07,808,N,VIIRS,n,2,310.28,19.34,D,0
30.28863,75.81673,331.94,0.4,0.37,2020-11-07,808,N,VIIRS,n,2,303.97,3.76,D,0
30.28873,75.22453,310.75,0.39,0.36,2020-11-07,808,N,VIIRS,l,2,312.59,16.95,D,0
30.28892,76.07162,342.77,0.41,0.37,2020-11-07,808,N,VIIRS,n,2,313.82,20.7,D,0
30.28901,75.17851,338.27,0.39,0.36,2020-11-07,808,N,VIIRS,n,2,301.29,3.05,D,0
30.28902,75.2747,347.06,0.39,0.36,2020-11-07,808,N,VIIRS,n,2,303.3,6.13,D,0
30.28921,75.82092,333.69,0.4,0.37,2020-11-07,808,N,VIIRS,n,2,302.78,4.71,D,0
30.28931,75.22859,334.65,0.39,0.36,2020-11-07,808,N,VIIRS,n,2,302.41,17.6,D,0
30.28943,75.15755,332.14,0.39,0.36,2020-11-07,808,N,VIIRS,n,2,302.07,2.5,D,0
30.28954,75.67165,344.9,0.4,0.37,2020-11-07,808,N,VIIRS,n,2,305.66,8.48,D,0
30.28974,75.30392,334.5,0.39,0.36,2020-11-07,808,N,VIIRS,n,2,302.22,2.31,D,0
30.28987,76.28614,337.46,0.41,0.37,2020-11-07,808,N,VIIRS,n,2,304.11,4.69,D,0
30.29,75.87665,336.04,0.4,0.37,2020-11-07,808,N,VIIRS,n,2,305.68,4.29,D,0
30.29015,75.02004,332.54,0.39,0.36,2020-11-07,808,N,VIIRS,n,2,302.38,3.02,D,0
30.29051,76.42339,330.51,0.42,0.38,2020-11-07,808,N,VIIRS,n,2,301.5,1.8,D,0
30.29062,75.6544,347.91,0.4,0.37,2020-11-07,808,N,VIIRS,n,2,311.69,8.67,D,0
30.2912,75.26591,333.02,0.39,0.36,2020-11-07,808,N,VIIRS,n,2,301.81,2.07,D,0
30.29157,76.27261,337.03,0.41,0.37,2020-11-07,808,N,VIIRS,n,2,305.28,2.58,D,0
30.29284,76.04916,334.48,0.41,0.37,2020-11-07,808,N,VIIRS,l,2,305.59,4.7,D,0
30.29292,75.67102,336.53,0.4,0.37,2020-11-07,808,N,VIIRS,n,2,300.11,4.18,D,0
30.29295,75.27815,330.8,0.39,0.36,2020-11-07,808,N,VIIRS,n,2,300.76,1.65,D,0
30.29368,75.95364,335.94,0.41,0.37,2020-11-07,808,N,VIIRS,n,2,302.59,2.45,D,0
30.29383,75.60278,341.35,0.4,0.37,2020-11-07,808,N,VIIRS,n,2,311.87,26.6,D,0
30.29399,75.65379,336.7,0.4,0.37,2020-11-07,808,N,VIIRS,n,2,301.53,8.67,D,0
30.29441,75.60693,338.34,0.4,0.37,2020-11-07,808,N,VIIRS,n,2,303.57,11.57,D,0
30.29472,75.53475,345.97,0.4,0.37,2020-11-07,808,N,VIIRS,n,2,301.96,5.81,D,0
30.29499,75.46282,336.43,0.4,0.37,2020-11-07,808,N,VIIRS,n,2,301.82,4.01,D,0
30.29507,75.63656,348.84,0.4,0.37,2020-11-07,808,N,VIIRS,n,2,308.76,14.19,D,0
30.29514,75.66209,334.4,0.4,0.37,2020-11-07,808,N,VIIRS,n,2,303,3.49,D,0
30.29551,75.84123,332.02,0.4,0.37,2020-11-07,808,N,VIIRS,n,2,303.41,2.59,D,0
30.29572,75.66625,338.64,0.4,0.37,2020-11-07,808,N,VIIRS,n,2,300.3,4.18,D,0
30.29635,75.52175,332.78,0.4,0.37,2020-11-07,808,N,VIIRS,n,2,300.61,2.3,D,0
30.29721,75.60216,334.09,0.4,0.37,2020-11-07,808,N,VIIRS,n,2,302.56,3.82,D,0
30.29826,75.78545,342.87,0.4,0.37,2020-11-07,808,N,VIIRS,n,2,306.71,13.8,D,0
30.29844,75.63594,357.03,0.4,0.37,2020-11-07,808,N,VIIRS,n,2,303.78,14.19,D,0
30.29935,76.14828,335.07,0.41,0.37,2020-11-07,808,N,VIIRS,n,2,305.8,2.86,D,0
30.2994,75.7938,346.46,0.4,0.37,2020-11-07,808,N,VIIRS,n,2,305.97,11.54,D,0
30.29943,75.59325,338.51,0.4,0.37,2020-11-07,808,N,VIIRS,n,2,300.97,1.96,D,0
30.29961,75.49576,331.95,0.4,0.37,2020-11-07,808,N,VIIRS,n,2,303.52,2.87,D,0
30.29973,75.39869,337.35,0.4,0.37,2020-11-07,808,N,VIIRS,n,2,306.13,8.75,D,0
30.30031,75.40279,341.11,0.4,0.37,2020-11-07,808,N,VIIRS,n,2,313.82,36.29,D,0
30.30087,75.52938,345.59,0.4,0.37,2020-11-07,808,N,VIIRS,n,2,304.52,9.69,D,0
30.30124,75.48278,346.84,0.4,0.37,2020-11-07,808,N,VIIRS,n,2,308.7,17.76,D,0
30.30215,75.06468,340.32,0.39,0.36,2020-11-07,808,N,VIIRS,n,2,303.83,5.44,D,0
30.30217,75.44038,332.08,0.4,0.37,2020-11-07,808,N,VIIRS,n,2,299.58,0.77,D,0
30.30249,76.04307,332.32,0.41,0.37,2020-11-07,808,N,VIIRS,l,2,304.01,5.81,D,0
30.30309,75.39806,330.14,0.4,0.37,2020-11-07,808,N,VIIRS,n,2,301.91,2.75,D,0
30.30367,75.40217,335.8,0.4,0.37,2020-11-07,808,N,VIIRS,n,2,301.38,5.64,D,0
30.3038,76.1038,334.01,0.41,0.37,2020-11-07,808,N,VIIRS,n,2,304.3,2.16,D,0
30.30388,75.95179,344.3,0.41,0.37,2020-11-07,808,N,VIIRS,n,2,311.58,27.14,D,0
30.30398,75.97774,333.66,0.41,0.37,2020-11-07,808,N,VIIRS,n,2,302.49,3.98,D,0
30.30402,75.47803,331.55,0.4,0.37,2020-11-07,808,N,VIIRS,l,2,302.64,17.76,D,0
30.3046,75.48215,344.47,0.4,0.37,2020-11-07,808,N,VIIRS,n,2,304.17,17.76,D,0
30.30491,75.73284,335.48,0.4,0.37,2020-11-07,808,N,VIIRS,n,2,302.64,2.26,D,0
30.30503,75.7842,336.89,0.4,0.37,2020-11-07,808,N,VIIRS,n,2,304.72,2.62,D,0
30.30517,75.26747,332.6,0.39,0.36,2020-11-07,808,N,VIIRS,n,2,305.52,5.23,D,0
30.30571,75.17535,333.84,0.39,0.36,2020-11-07,808,N,VIIRS,n,2,301.84,2.2,D,0
30.30668,75.44798,342.19,0.4,0.37,2020-11-07,808,N,VIIRS,n,2,306.27,18.31,D,0
30.30772,75.43091,342.21,0.4,0.37,2020-11-07,808,N,VIIRS,n,2,304.68,5.15,D,0
30.30778,75.75369,334.73,0.4,0.37,2020-11-07,808,N,VIIRS,n,2,302.07,2.76,D,0
30.30841,75.78358,331.6,0.4,0.37,2020-11-07,808,N,VIIRS,l,2,302.12,2.34,D,0
30.30851,75.26683,333.19,0.39,0.36,2020-11-07,808,N,VIIRS,n,2,301.08,5.23,D,0
30.30858,76.19042,339.77,0.41,0.37,2020-11-07,808,N,VIIRS,n,2,305.5,2.71,D,0
30.30863,75.3886,336.6,0.4,0.37,2020-11-07,808,N,VIIRS,n,2,303.85,4.78,D,0
30.3088,75.31711,335.43,0.39,0.36,2020-11-07,808,N,VIIRS,n,2,302.5,3.12,D,0
30.3088,75.71076,342.6,0.4,0.37,2020-11-07,808,N,VIIRS,n,2,304.98,7.78,D,0
30.30909,75.83926,333.16,0.4,0.37,2020-11-07,808,N,VIIRS,n,2,303.18,1.55,D,0
30.30954,75.09241,340.09,0.39,0.36,2020-11-07,808,N,VIIRS,n,2,307.26,10.87,D,0
30.30962,75.96806,332.12,0.41,0.37,2020-11-07,808,N,VIIRS,l,2,302.44,2.55,D,0
30.31026,75.27908,334.26,0.39,0.36,2020-11-07,808,N,VIIRS,n,2,303.14,1.91,D,0
30.3105,75.42617,337.88,0.4,0.37,2020-11-07,808,N,VIIRS,n,2,303.81,5.15,D,0
30.31108,75.43028,346,0.4,0.37,2020-11-07,808,N,VIIRS,n,2,303.05,5.15,D,0
30.31127,75.95477,342.6,0.41,0.37,2020-11-07,808,N,VIIRS,n,2,306.34,7.24,D,0
30.31167,75.7316,330.07,0.4,0.37,2020-11-07,808,N,VIIRS,l,2,304.96,1.08,D,0
30.31204,75.91197,334.4,0.41,0.37,2020-11-07,808,N,VIIRS,n,2,302.44,2.44,D,0
30.31223,75.91141,332.99,0.41,0.37,2020-11-07,808,N,VIIRS,n,2,302.76,3.98,D,0
30.31302,75.27437,331.01,0.39,0.36,2020-11-07,808,N,VIIRS,n,2,303.12,4.83,D,0
30.31314,75.20319,347.93,0.39,0.36,2020-11-07,808,N,VIIRS,n,2,302.89,5.29,D,0
30.31339,75.15719,333.72,0.39,0.36,2020-11-07,808,N,VIIRS,n,2,303.07,7.04,D,0
30.31361,75.27844,334.31,0.39,0.36,2020-11-07,808,N,VIIRS,n,2,304.59,4.83,D,0
30.3139,75.07494,333.2,0.39,0.36,2020-11-07,808,N,VIIRS,n,2,300.46,9.9,D,0
30.31397,75.74828,345.51,0.4,0.37,2020-11-07,808,N,VIIRS,n,2,303.27,10.09,D,0
30.31403,75.00419,348.91,0.39,0.36,2020-11-07,808,N,VIIRS,n,2,319,31.63,D,0
30.31454,75.57771,341.79,0.4,0.37,2020-11-07,808,N,VIIRS,n,2,304.03,5.7,D,0
30.31487,75.15395,343.7,0.39,0.36,2020-11-07,808,N,VIIRS,n,2,306.14,12.14,D,0
30.3149,75.93304,342.46,0.41,0.37,2020-11-07,808,N,VIIRS,n,2,303.12,13.47,D,0
30.31515,75.93246,335.82,0.41,0.37,2020-11-07,808,N,VIIRS,n,2,303.09,3.18,D,0
30.31547,75.93726,343.1,0.41,0.37,2020-11-07,808,N,VIIRS,n,2,306.21,12.99,D,0
30.31563,76.06245,344.86,0.41,0.37,2020-11-07,808,N,VIIRS,n,2,311.51,26.08,D,0
30.31573,75.93667,347.51,0.41,0.37,2020-11-07,808,N,VIIRS,n,2,305.38,6.21,D,0
30.31579,75.61147,336.16,0.4,0.37,2020-11-07,808,N,VIIRS,n,2,303.75,3.52,D,0
30.31588,75.63697,343.18,0.4,0.37,2020-11-07,808,N,VIIRS,n,2,302.47,4.08,D,0
30.31605,75.41669,338.11,0.4,0.37,2020-11-07,808,N,VIIRS,n,2,306.08,12.22,D,0
30.31618,75.44199,338.95,0.4,0.37,2020-11-07,808,N,VIIRS,n,2,303.92,4.7,D,0
30.31652,75.29887,333.48,0.39,0.36,2020-11-07,808,N,VIIRS,n,2,300.26,2.29,D,0
30.31718,75.17022,332.5,0.39,0.36,2020-11-07,808,N,VIIRS,n,2,301.2,1.97,D,0
30.31746,75.47552,336.57,0.4,0.37,2020-11-07,808,N,VIIRS,n,2,306.7,10.41,D,0
30.31874,75.50912,339.92,0.4,0.37,2020-11-07,808,N,VIIRS,n,2,301.85,4.77,D,0
30.31926,75.8374,333.69,0.4,0.37,2020-11-07,808,N,VIIRS,n,2,305.04,2.19,D,0
30.31972,75.2731,333.9,0.39,0.36,2020-11-07,808,N,VIIRS,l,2,305.09,8.57,D,0
30.31982,75.20192,340.46,0.39,0.36,2020-11-07,808,N,VIIRS,n,2,301.79,3.11,D,0
30.32003,76.01818,347.29,0.41,0.37,2020-11-07,808,N,VIIRS,n,2,304.65,6.29,D,0
30.3217,75.9318,334.52,0.41,0.37,2020-11-07,808,N,VIIRS,n,2,303.57,2.14,D,0
30.32205,75.28944,337.75,0.39,0.36,2020-11-07,808,N,VIIRS,n,2,306.9,11.66,D,0
30.32231,75.70826,350.94,0.4,0.37,2020-11-07,808,N,VIIRS,n,2,304.78,7.72,D,0
30.32265,75.83678,336,0.4,0.37,2020-11-07,808,N,VIIRS,n,2,303.36,2.77,D,0
30.3229,75.44073,342.33,0.4,0.37,2020-11-07,808,N,VIIRS,n,2,315.57,37.5,D,0
30.32308,75.36906,334.23,0.39,0.37,2020-11-07,808,N,VIIRS,n,2,302.65,6.47,D,0
30.32496,75.40661,352.17,0.4,0.37,2020-11-07,808,N,VIIRS,n,2,305.92,14.53,D,0
30.32541,75.38546,345.76,0.4,0.37,2020-11-07,808,N,VIIRS,n,2,302.94,7.03,D,0
30.32569,75.70764,336.21,0.4,0.37,2020-11-07,808,N,VIIRS,n,2,303.93,4.95,D,0
30.3257,75.96136,333.66,0.41,0.37,2020-11-07,808,N,VIIRS,n,2,303.06,3.86,D,0
30.32578,75.11015,352.35,0.39,0.36,2020-11-07,808,N,VIIRS,n,2,307.61,13.16,D,0
30.32618,75.18523,330.38,0.39,0.36,2020-11-07,808,N,VIIRS,n,2,300.7,2.1,D,0
30.32628,75.34322,333.53,0.39,0.37,2020-11-07,808,N,VIIRS,n,2,303.78,1.54,D,0
30.32766,75.14735,342.15,0.39,0.36,2020-11-07,808,N,VIIRS,n,2,306.5,16.99,D,0
30.32818,75.38073,348.44,0.4,0.37,2020-11-07,808,N,VIIRS,n,2,305.41,13.7,D,0
30.32845,75.43125,331.95,0.4,0.37,2020-11-07,808,N,VIIRS,n,2,300.36,1.87,D,0
30.32868,75.13046,332.96,0.39,0.36,2020-11-07,808,N,VIIRS,n,2,301.53,6.19,D,0
30.32948,75.41418,345.23,0.4,0.37,2020-11-07,808,N,VIIRS,n,2,304.18,7.37,D,0
30.32971,75.99097,331.6,0.41,0.37,2020-11-07,808,N,VIIRS,l,2,304.39,6.89,D,0
30.32975,75.58763,333.39,0.4,0.37,2020-11-07,808,N,VIIRS,l,2,305.15,6.01,D,0
30.32992,75.39304,333.44,0.4,0.37,2020-11-07,808,N,VIIRS,n,2,302.51,3.18,D,0
30.33045,75.49425,346.84,0.4,0.37,2020-11-07,808,N,VIIRS,n,2,302.92,4.75,D,0
30.33051,75.39714,334.08,0.4,0.37,2020-11-07,808,N,VIIRS,n,2,303.99,5.8,D,0
30.33091,76.05161,334.2,0.41,0.37,2020-11-07,808,N,VIIRS,l,2,306.46,2.6,D,0
30.33167,75.40535,333.5,0.4,0.37,2020-11-07,808,N,VIIRS,l,2,303.52,3.49,D,0
30.33211,76.05512,330.68,0.41,0.37,2020-11-07,808,N,VIIRS,l,2,305.63,2.13,D,0
30.33251,75.96012,342.68,0.41,0.37,2020-11-07,808,N,VIIRS,n,2,306.04,11.35,D,0
30.33255,75.98612,331.79,0.41,0.37,2020-11-07,808,N,VIIRS,n,2,306.3,6.89,D,0
30.33284,75.31679,339.12,0.39,0.36,2020-11-07,808,N,VIIRS,n,2,303.72,3.59,D,0
30.33312,75.99036,356.11,0.41,0.37,2020-11-07,808,N,VIIRS,n,2,311.32,6.89,D,0
30.33369,75.99458,333.78,0.41,0.37,2020-11-07,808,N,VIIRS,n,2,302.25,6.51,D,0
30.3338,75.26331,338.11,0.39,0.36,2020-11-07,808,N,VIIRS,n,2,302.4,3.64,D,0
30.33387,76.24743,336.44,0.41,0.37,2020-11-07,808,N,VIIRS,l,2,306.95,5.48,D,0
30.334,75.42178,339.11,0.4,0.37,2020-11-07,808,N,VIIRS,n,2,303.22,4.93,D,0
30.33438,76.22533,343.85,0.41,0.37,2020-11-07,808,N,VIIRS,n,2,306.88,9.36,D,0
30.33475,75.57396,349.84,0.4,0.37,2020-11-07,808,N,VIIRS,n,2,310.06,25.02,D,0
30.33491,75.15015,342.72,0.39,0.36,2020-11-07,808,N,VIIRS,n,2,307.38,25.15,D,0
30.33503,75.40472,334.79,0.4,0.37,2020-11-07,808,N,VIIRS,n,2,303.04,3.49,D,0
30.33544,76.03337,335.59,0.41,0.37,2020-11-07,808,N,VIIRS,n,2,305.47,1.63,D,0
30.33553,75.27557,334.28,0.39,0.36,2020-11-07,808,N,VIIRS,l,2,304.47,11.07,D,0
30.3359,76.15924,337.54,0.41,0.37,2020-11-07,808,N,VIIRS,n,2,303.28,3.33,D,0
30.33619,75.31616,342.29,0.39,0.36,2020-11-07,808,N,VIIRS,n,2,302.46,3.59,D,0
30.3362,75.18332,340.61,0.39,0.36,2020-11-07,808,N,VIIRS,n,2,308.77,9.83,D,0
30.33632,75.68433,333.63,0.4,0.37,2020-11-07,808,N,VIIRS,n,2,303.25,1.8,D,0
30.33663,76.09416,340.68,0.41,0.37,2020-11-07,808,N,VIIRS,n,2,307.51,4.65,D,0
30.33666,75.06642,338.4,0.39,0.36,2020-11-07,808,N,VIIRS,n,2,303,4.78,D,0
30.33691,75.44233,334.84,0.4,0.37,2020-11-07,808,N,VIIRS,n,2,304.13,7.11,D,0
30.33692,75.34543,331.33,0.39,0.37,2020-11-07,808,N,VIIRS,n,2,300.92,1.6,D,0
30.33737,76.0934,335.14,0.41,0.37,2020-11-07,808,N,VIIRS,l,2,307.67,3.38,D,0
30.33781,76.22472,337.86,0.41,0.37,2020-11-07,808,N,VIIRS,n,2,307.4,7.9,D,0
30.33794,75.31709,335.5,0.39,0.36,2020-11-07,808,N,VIIRS,n,2,304,4.27,D,0
30.33797,75.0995,331.49,0.39,0.36,2020-11-07,808,N,VIIRS,n,2,302.4,1.76,D,0
30.33825,75.14951,356.34,0.39,0.36,2020-11-07,808,N,VIIRS,n,2,308.15,25.15,D,0
30.33846,75.52662,334.33,0.4,0.37,2020-11-07,808,N,VIIRS,l,2,305,12.76,D,0
30.33847,76.25542,334.56,0.41,0.37,2020-11-07,808,N,VIIRS,n,2,302.61,2.81,D,0
30.33855,76.10193,336.31,0.41,0.37,2020-11-07,808,N,VIIRS,n,2,305.22,4.96,D,0
30.33858,75.55203,336.44,0.4,0.37,2020-11-07,808,N,VIIRS,n,2,304.09,1.93,D,0
30.33913,75.10762,346.91,0.39,0.36,2020-11-07,808,N,VIIRS,n,2,302.05,4.18,D,0
30.33934,75.25388,332.25,0.39,0.36,2020-11-07,808,N,VIIRS,n,2,301.85,1.3,D,0
30.33967,75.32937,340.28,0.39,0.37,2020-11-07,808,N,VIIRS,n,2,303.44,4.53,D,0
30.34007,75.63676,367,0.4,0.37,2020-11-07,808,N,VIIRS,h,2,313.76,46.24,D,0
30.34036,75.71349,333.5,0.4,0.37,2020-11-07,808,N,VIIRS,n,2,303.18,1.95,D,0
30.34057,76.19347,347.83,0.41,0.37,2020-11-07,808,N,VIIRS,n,2,309.96,10.64,D,0
30.34065,75.64091,337.87,0.4,0.37,2020-11-07,808,N,VIIRS,n,2,303.05,8.47,D,0
30.3407,75.19083,332.59,0.39,0.36,2020-11-07,808,N,VIIRS,n,2,301.03,1.91,D,0
30.34079,75.54314,347.01,0.4,0.37,2020-11-07,808,N,VIIRS,n,2,303.28,6.82,D,0
30.3412,76.12828,353.94,0.41,0.37,2020-11-07,808,N,VIIRS,n,2,312.13,17.27,D,0
30.34129,75.31646,334.16,0.39,0.36,2020-11-07,808,N,VIIRS,n,2,300.77,4.27,D,0
30.3416,75.59819,340.96,0.4,0.37,2020-11-07,808,N,VIIRS,n,2,301.27,3.12,D,0
30.34173,75.17391,335.71,0.39,0.36,2020-11-07,808,N,VIIRS,n,2,303.67,55.92,D,0
30.3419,76.25481,338.93,0.41,0.37,2020-11-07,808,N,VIIRS,n,2,307.65,10.16,D,0
30.34206,76.1275,338.56,0.41,0.37,2020-11-07,808,N,VIIRS,n,2,312.09,23.62,D,0
30.34264,76.13177,334.57,0.41,0.37,2020-11-07,808,N,VIIRS,n,2,304.62,9.44,D,0
30.34297,75.65752,349.96,0.4,0.37,2020-11-07,808,N,VIIRS,n,2,309.41,16.6,D,0
30.34302,75.32874,337.36,0.39,0.37,2020-11-07,808,N,VIIRS,n,2,301.92,4.53,D,0
30.34305,75.43697,346.23,0.4,0.37,2020-11-07,808,N,VIIRS,n,2,312.54,28.71,D,0
30.34463,76.12767,346.95,0.41,0.37,2020-11-07,808,N,VIIRS,n,2,305.54,17.27,D,0
30.3449,75.72121,344.85,0.4,0.37,2020-11-07,808,N,VIIRS,n,2,306.16,10.61,D,0
30.3451,75.40284,335.04,0.4,0.37,2020-11-07,808,N,VIIRS,n,2,304.67,5.51,D,0
30.3455,75.05641,346.65,0.39,0.36,2020-11-07,808,N,VIIRS,n,2,303.76,12.52,D,0
30.34578,75.20241,337.94,0.39,0.36,2020-11-07,808,N,VIIRS,n,2,300.15,2.84,D,0
30.3459,75.34923,345.42,0.39,0.37,2020-11-07,808,N,VIIRS,n,2,312.63,25.86,D,0
30.34609,75.15637,331.45,0.39,0.36,2020-11-07,808,N,VIIRS,l,2,301.64,2.32,D,0
30.34616,76.15739,338.14,0.41,0.37,2020-11-07,808,N,VIIRS,n,2,304.22,5.06,D,0
30.34623,75.18142,332.88,0.39,0.36,2020-11-07,808,N,VIIRS,n,2,302.31,2.5,D,0
30.34626,75.41105,348.12,0.4,0.37,2020-11-07,808,N,VIIRS,n,2,306.02,4.99,D,0
30.34685,75.41515,333.63,0.4,0.37,2020-11-07,808,N,VIIRS,l,2,304.48,4.99,D,0
30.34841,75.07668,332.82,0.39,0.36,2020-11-07,808,N,VIIRS,n,2,302.52,2.07,D,0
30.34857,75.31929,334.84,0.39,0.36,2020-11-07,808,N,VIIRS,n,2,303.39,2.48,D,0
30.34863,76.15759,345.43,0.41,0.37,2020-11-07,808,N,VIIRS,n,2,302.89,6.55,D,0
30.3488,75.24791,340.02,0.39,0.36,2020-11-07,808,N,VIIRS,n,2,305.49,4.71,D,0
30.34885,75.15168,330.95,0.39,0.36,2020-11-07,808,N,VIIRS,l,2,300.98,2.34,D,0
30.34892,75.60108,342.9,0.4,0.37,2020-11-07,808,N,VIIRS,n,2,302.61,5.17,D,0
30.34903,75.40631,345.44,0.4,0.37,2020-11-07,808,N,VIIRS,n,2,307.34,5.51,D,0
30.34934,75.70329,345.03,0.4,0.37,2020-11-07,808,N,VIIRS,n,2,306.85,10.02,D,0
30.35036,75.83602,333.08,0.4,0.37,2020-11-07,808,N,VIIRS,l,2,303.96,6.85,D,0
30.35094,75.84022,334.97,0.4,0.37,2020-11-07,808,N,VIIRS,n,2,307.43,6.85,D,0
30.35134,76.0218,340.67,0.41,0.37,2020-11-07,808,N,VIIRS,n,2,303.45,2.69,D,0
30.35142,75.02613,334.7,0.39,0.36,2020-11-07,808,N,VIIRS,l,2,304.94,3.22,D,0
30.35147,75.12195,333.93,0.39,0.36,2020-11-07,808,N,VIIRS,l,2,304.19,13.24,D,0
30.35159,75.05108,344.65,0.39,0.36,2020-11-07,808,N,VIIRS,n,2,303.48,8.36,D,0
30.35201,75.82281,333.79,0.4,0.37,2020-11-07,808,N,VIIRS,l,2,304.02,5.17,D,0
30.35213,75.3691,341.9,0.4,0.37,2020-11-07,808,N,VIIRS,n,2,309.82,11.1,D,0
30.35214,75.24727,335.14,0.39,0.36,2020-11-07,808,N,VIIRS,n,2,301.94,4.71,D,0
30.35274,75.87865,333.07,0.4,0.37,2020-11-07,808,N,VIIRS,l,2,304.17,2.93,D,0
30.35281,75.39848,330.38,0.4,0.37,2020-11-07,808,N,VIIRS,l,2,300.97,3.36,D,0
30.35332,75.88287,332.68,0.4,0.37,2020-11-07,808,N,VIIRS,l,2,302.87,2.93,D,0
30.35349,75.08821,367,0.39,0.36,2020-11-07,808,N,VIIRS,h,2,326.28,68.08,D,0
30.35354,75.30576,345.35,0.39,0.36,2020-11-07,808,N,VIIRS,n,2,306.16,7.89,D,0
30.3536,76.01269,333.63,0.41,0.37,2020-11-07,808,N,VIIRS,n,2,303.25,2.32,D,0
30.35362,75.20929,333.09,0.39,0.36,2020-11-07,808,N,VIIRS,n,2,303.26,5.37,D,0
30.35378,76.21307,331.21,0.41,0.37,2020-11-07,808,N,VIIRS,n,2,305.03,1.37,D,0
30.35379,76.19618,332.59,0.41,0.37,2020-11-07,808,N,VIIRS,n,2,302.15,2.56,D,0
30.35392,75.58739,333.84,0.4,0.37,2020-11-07,808,N,VIIRS,n,2,302.33,2.13,D,0
30.35446,75.26361,342.93,0.39,0.36,2020-11-07,808,N,VIIRS,n,2,306.52,6.49,D,0
30.35475,75.0255,336.32,0.39,0.36,2020-11-07,808,N,VIIRS,n,2,302.76,3.22,D,0
30.3548,75.12132,347.03,0.39,0.36,2020-11-07,808,N,VIIRS,n,2,313.76,13.24,D,0
30.35487,75.44743,335.08,0.4,0.37,2020-11-07,808,N,VIIRS,n,2,304.15,2.18,D,0
30.35548,75.36848,332.93,0.4,0.37,2020-11-07,808,N,VIIRS,l,2,303.08,11.1,D,0
30.35603,76.13436,334.33,0.41,0.37,2020-11-07,808,N,VIIRS,n,2,305.23,2.02,D,0
30.35608,76.21336,335.03,0.41,0.37,2020-11-07,808,N,VIIRS,n,2,308.41,5.94,D,0
30.35613,75.87804,333.35,0.4,0.37,2020-11-07,808,N,VIIRS,n,2,302.02,4.44,D,0
30.35616,75.39784,333.62,0.4,0.37,2020-11-07,808,N,VIIRS,n,2,301.58,19.73,D,0
30.35635,75.44846,336.41,0.4,0.37,2020-11-07,808,N,VIIRS,n,2,303.18,2.69,D,0
30.357,76.01208,339.08,0.41,0.37,2020-11-07,808,N,VIIRS,n,2,302.13,2.32,D,0
30.3572,76.16922,335.05,0.41,0.37,2020-11-07,808,N,VIIRS,l,2,305.97,4.6,D,0
30.35728,75.16261,334.86,0.39,0.36,2020-11-07,808,N,VIIRS,n,2,300.56,2.08,D,0
30.35749,75.51461,345.49,0.4,0.37,2020-11-07,808,N,VIIRS,n,2,303.24,4.27,D,0
30.35751,75.02081,339.59,0.39,0.36,2020-11-07,808,N,VIIRS,n,2,305.14,8.11,D,0
30.35758,75.33441,332.92,0.39,0.37,2020-11-07,808,N,VIIRS,n,2,301.27,2.42,D,0
30.35764,75.81318,337.03,0.4,0.37,2020-11-07,808,N,VIIRS,n,2,305.9,6.29,D,0
30.35794,75.7402,334.56,0.4,0.37,2020-11-07,808,N,VIIRS,n,2,303.48,6.39,D,0
30.35804,75.76589,334.75,0.4,0.37,2020-11-07,808,N,VIIRS,l,2,306.55,5.28,D,0
30.35809,75.02486,339.09,0.39,0.36,2020-11-07,808,N,VIIRS,n,2,306.88,19.1,D,0
30.35814,75.12068,330.31,0.39,0.36,2020-11-07,808,N,VIIRS,l,2,301.31,2.49,D,0
30.35821,75.81738,330.61,0.4,0.37,2020-11-07,808,N,VIIRS,l,2,305.47,63.03,D,0
30.35873,75.34261,330.61,0.39,0.37,2020-11-07,808,N,VIIRS,l,2,303.32,12.93,D,0
30.3591,75.50161,338.87,0.4,0.37,2020-11-07,808,N,VIIRS,n,2,303.53,8.61,D,0
30.35942,75.37195,335.59,0.4,0.37,2020-11-07,808,N,VIIRS,n,2,304.93,2.06,D,0
30.35966,75.3004,348.35,0.39,0.36,2020-11-07,808,N,VIIRS,n,2,308.7,8.35,D,0
30.35989,75.35081,334.38,0.39,0.37,2020-11-07,808,N,VIIRS,n,2,304.47,18.86,D,0
30.36045,75.80837,334.6,0.4,0.37,2020-11-07,808,N,VIIRS,l,2,305.79,7.89,D,0
30.3607,75.2834,349.98,0.39,0.36,2020-11-07,808,N,VIIRS,n,2,310.01,7.58,D,0
30.36084,75.76109,331.32,0.4,0.37,2020-11-07,808,N,VIIRS,l,2,303.1,3.76,D,0
30.36102,75.81257,340.13,0.4,0.37,2020-11-07,808,N,VIIRS,n,2,308.1,7.89,D,0
30.36119,76.17288,331.65,0.41,0.37,2020-11-07,808,N,VIIRS,l,2,304.16,2.9,D,0
30.36142,75.76527,336.14,0.4,0.37,2020-11-07,808,N,VIIRS,n,2,305.89,9.29,D,0
30.3621,75.79519,335.08,0.4,0.37,2020-11-07,808,N,VIIRS,n,2,301.87,2.02,D,0
30.36218,75.82095,334.53,0.4,0.37,2020-11-07,808,N,VIIRS,n,2,304.24,3.7,D,0
30.36267,75.49381,330.37,0.4,0.37,2020-11-07,808,N,VIIRS,n,2,300.7,1.67,D,0
30.36286,75.57725,338.54,0.4,0.37,2020-11-07,808,N,VIIRS,n,2,301.82,5.18,D,0
30.36301,75.29976,334.48,0.39,0.36,2020-11-07,808,N,VIIRS,l,2,308.71,40.53,D,0
30.36392,75.06539,338.53,0.39,0.36,2020-11-07,808,N,VIIRS,n,2,308.28,16.08,D,0
30.36396,76.08923,346.69,0.41,0.37,2020-11-07,808,N,VIIRS,n,2,305.86,4.97,D,0
30.36404,75.28278,334.4,0.39,0.36,2020-11-07,808,N,VIIRS,n,2,303.09,7.58,D,0
30.3644,75.35838,338.68,0.39,0.37,2020-11-07,808,N,VIIRS,n,2,304.68,4.69,D,0
30.3654,75.12347,331.09,0.39,0.36,2020-11-07,808,N,VIIRS,n,2,300.31,1.96,D,0
30.36578,75.29504,353.08,0.39,0.36,2020-11-07,808,N,VIIRS,n,2,312.72,27.61,D,0
30.36642,75.20268,330.96,0.39,0.36,2020-11-07,808,N,VIIRS,n,2,302.66,2.03,D,0
30.36675,76.05819,335.36,0.41,0.37,2020-11-07,808,N,VIIRS,n,2,302.95,1.86,D,0
30.36691,75.42537,335.47,0.4,0.37,2020-11-07,808,N,VIIRS,n,2,304.27,2.51,D,0
30.36706,75.32842,334.76,0.39,0.37,2020-11-07,808,N,VIIRS,n,2,303.4,5.24,D,0
30.3674,75.5849,331.22,0.4,0.37,2020-11-07,808,N,VIIRS,n,2,303.13,2.06,D,0
30.36786,76.04057,346.76,0.41,0.37,2020-11-07,808,N,VIIRS,n,2,306.27,10.42,D,0
30.36809,76.22441,331.17,0.41,0.37,2020-11-07,808,N,VIIRS,l,2,304.91,2.02,D,0
30.36815,75.11877,335.79,0.39,0.36,2020-11-07,808,N,VIIRS,n,2,302.91,2.96,D,0
30.36826,75.04789,340.71,0.39,0.36,2020-11-07,808,N,VIIRS,n,2,304.81,8.59,D,0
30.36833,75.5097,333.41,0.4,0.37,2020-11-07,808,N,VIIRS,n,2,301.74,8.94,D,0
30.36838,76.01871,332.58,0.41,0.37,2020-11-07,808,N,VIIRS,n,2,305.26,1.69,D,0
30.36874,75.12283,333.68,0.39,0.36,2020-11-07,808,N,VIIRS,n,2,300.17,1.96,D,0
30.3689,75.51383,349.39,0.4,0.37,2020-11-07,808,N,VIIRS,n,2,305.89,8.94,D,0
30.37012,75.8281,347.06,0.4,0.37,2020-11-07,808,N,VIIRS,n,2,311.86,34.97,D,0
30.3704,76.29462,338.22,0.42,0.37,2020-11-07,808,N,VIIRS,n,2,310.36,7.94,D,0
30.37061,75.25636,341.28,0.39,0.36,2020-11-07,808,N,VIIRS,n,2,303.24,4.51,D,0
30.37119,75.26044,333.77,0.39,0.36,2020-11-07,808,N,VIIRS,n,2,305.86,4.51,D,0
30.37149,75.11813,334.88,0.39,0.36,2020-11-07,808,N,VIIRS,n,2,301.13,2.71,D,0
30.37176,75.07222,335.9,0.39,0.36,2020-11-07,808,N,VIIRS,n,2,305.8,4.41,D,0
30.37199,75.43708,332.87,0.4,0.37,2020-11-07,808,N,VIIRS,n,2,303.16,3.89,D,0
30.37234,75.07628,331.83,0.39,0.36,2020-11-07,808,N,VIIRS,n,2,301.48,4.41,D,0
30.37283,75.36943,342.76,0.4,0.37,2020-11-07,808,N,VIIRS,n,2,303.03,3.55,D,0
30.37293,75.82329,336.57,0.4,0.37,2020-11-07,808,N,VIIRS,l,2,307.28,34.97,D,0
30.37335,75.65192,336.13,0.4,0.37,2020-11-07,808,N,VIIRS,n,2,304.68,4.33,D,0
30.37351,75.82748,342.33,0.4,0.37,2020-11-07,808,N,VIIRS,n,2,304.23,34.97,D,0
30.37354,75.18042,334.17,0.39,0.36,2020-11-07,808,N,VIIRS,l,2,305.79,4.63,D,0
30.3738,75.75443,350.04,0.4,0.37,2020-11-07,808,N,VIIRS,n,2,308.98,24.43,D,0
30.37384,76.29401,346.4,0.42,0.37,2020-11-07,808,N,VIIRS,n,2,304.31,7.94,D,0
30.37396,75.25573,335.38,0.39,0.36,2020-11-07,808,N,VIIRS,n,2,302.75,4.51,D,0
30.37441,76.32488,339.57,0.42,0.37,2020-11-07,808,N,VIIRS,n,2,304.03,4.95,D,0
30.37516,75.81428,333.34,0.4,0.37,2020-11-07,808,N,VIIRS,n,2,302,1.5,D,0
30.37525,75.41113,335.77,0.4,0.37,2020-11-07,808,N,VIIRS,n,2,301.54,2.57,D,0
30.37533,75.71561,343.34,0.4,0.37,2020-11-07,808,N,VIIRS,n,2,308.24,8.68,D,0
30.37543,75.89178,340.73,0.41,0.37,2020-11-07,808,N,VIIRS,n,2,309.48,16.6,D,0
30.37552,76.22749,340.92,0.41,0.37,2020-11-07,808,N,VIIRS,n,2,308.4,3.95,D,0
30.37555,76.28043,344.36,0.41,0.37,2020-11-07,808,N,VIIRS,n,2,309.43,10.72,D,0
30.37587,75.58898,341.38,0.4,0.37,2020-11-07,808,N,VIIRS,n,2,304.78,5.14,D,0
30.37595,75.31834,346.7,0.39,0.37,2020-11-07,808,N,VIIRS,n,2,305.6,4.16,D,0
30.37688,75.17979,335.2,0.39,0.36,2020-11-07,808,N,VIIRS,n,2,304.7,4.63,D,0
30.37704,76.08251,335.47,0.41,0.37,2020-11-07,808,N,VIIRS,n,2,304.05,2.65,D,0
30.37732,75.95631,339,0.41,0.37,2020-11-07,808,N,VIIRS,n,2,303.77,3.32,D,0
30.37785,76.32428,347.68,0.42,0.37,2020-11-07,808,N,VIIRS,n,2,304.73,4.95,D,0
30.37827,75.33473,345.41,0.39,0.37,2020-11-07,808,N,VIIRS,n,2,306.96,10.62,D,0
30.37841,76.27551,346.4,0.41,0.37,2020-11-07,808,N,VIIRS,n,2,303.17,10.72,D,0
30.37843,76.35524,334.73,0.42,0.37,2020-11-07,808,N,VIIRS,n,2,304.19,15.95,D,0
30.37861,76.44796,330.06,0.42,0.38,2020-11-07,808,N,VIIRS,l,2,304.4,2.9,D,0
30.37899,76.27982,345.3,0.41,0.37,2020-11-07,808,N,VIIRS,n,2,303.67,10.72,D,0
30.37976,75.10405,345.15,0.39,0.36,2020-11-07,808,N,VIIRS,n,2,302.67,4.87,D,0
30.38108,75.13719,342.28,0.39,0.36,2020-11-07,808,N,VIIRS,n,2,304.86,3.19,D,0
30.38127,75.65897,341.5,0.4,0.37,2020-11-07,808,N,VIIRS,n,2,303.89,6.31,D,0
30.3813,76.35028,301.97,0.42,0.37,2020-11-07,808,N,VIIRS,l,2,304.83,29.4,D,0
30.38136,75.80885,341.99,0.4,0.37,2020-11-07,808,N,VIIRS,n,2,304.11,3.83,D,0
30.38162,75.3341,333.6,0.39,0.37,2020-11-07,808,N,VIIRS,n,2,300.62,3.09,D,0
30.38187,76.35462,336.03,0.42,0.37,2020-11-07,808,N,VIIRS,l,2,306.19,15.95,D,0
30.38244,76.38565,332.53,0.42,0.38,2020-11-07,808,N,VIIRS,l,2,305.32,1.78,D,0
30.38284,75.24567,349.82,0.39,0.36,2020-11-07,808,N,VIIRS,n,2,314.17,44.76,D,0
30.38348,75.65004,339.99,0.4,0.37,2020-11-07,808,N,VIIRS,n,2,306.64,6.36,D,0
30.38406,75.77828,349.24,0.4,0.37,2020-11-07,808,N,VIIRS,n,2,323.26,22.09,D,0
30.38416,75.01572,342.77,0.39,0.36,2020-11-07,808,N,VIIRS,n,2,303.31,5.43,D,0
30.38426,75.11153,332.76,0.39,0.36,2020-11-07,808,N,VIIRS,n,2,301.15,2.88,D,0
30.3844,75.62571,333.3,0.4,0.37,2020-11-07,808,N,VIIRS,n,2,303.13,4.84,D,0
30.38442,75.13655,331.42,0.39,0.36,2020-11-07,808,N,VIIRS,n,2,302.8,3.19,D,0
30.38447,75.65129,336.32,0.4,0.37,2020-11-07,808,N,VIIRS,n,2,302.63,2.78,D,0
30.38553,75.45992,332.94,0.4,0.37,2020-11-07,808,N,VIIRS,n,2,302.14,7.21,D,0
30.38579,75.38807,342.15,0.4,0.37,2020-11-07,808,N,VIIRS,n,2,308.28,12.43,D,0
30.38601,75.43869,337.9,0.4,0.37,2020-11-07,808,N,VIIRS,n,2,301.75,3.42,D,0
30.38605,75.7179,347.97,0.4,0.37,2020-11-07,808,N,VIIRS,n,2,307.95,7.79,D,0
30.38618,75.24503,346.76,0.39,0.36,2020-11-07,808,N,VIIRS,n,2,316.26,44.76,D,0
30.38662,75.22398,340.26,0.39,0.36,2020-11-07,808,N,VIIRS,n,2,312.47,19.19,D,0
30.38737,76.48668,348.62,0.42,0.38,2020-11-07,808,N,VIIRS,n,2,309.85,11.95,D,0
30.38745,75.77766,334.9,0.4,0.37,2020-11-07,808,N,VIIRS,n,2,302.19,22.09,D,0
30.38832,75.45516,330.24,0.4,0.37,2020-11-07,808,N,VIIRS,l,2,302.38,7.21,D,0
30.38867,75.02317,336.54,0.39,0.36,2020-11-07,808,N,VIIRS,l,2,308.58,30.25,D,0
30.38867,76.22073,338.77,0.41,0.37,2020-11-07,808,N,VIIRS,n,2,312.64,27.6,D,0
30.38872,75.81179,336.56,0.4,0.37,2020-11-07,808,N,VIIRS,n,2,303.03,2.24,D,0
30.38873,76.4873,347.73,0.42,0.38,2020-11-07,808,N,VIIRS,n,2,306.07,9.38,D,0
30.3889,75.45928,334.36,0.4,0.37,2020-11-07,808,N,VIIRS,n,2,303.05,7.21,D,0
30.38919,75.94116,331.53,0.41,0.37,2020-11-07,808,N,VIIRS,n,2,304.17,1.47,D,0
30.38942,76.01926,331.57,0.41,0.37,2020-11-07,808,N,VIIRS,l,2,303.96,7.01,D,0
30.38943,75.71729,331.57,0.4,0.37,2020-11-07,808,N,VIIRS,n,2,302.92,2.59,D,0
30.38996,75.22334,345.23,0.39,0.36,2020-11-07,808,N,VIIRS,n,2,304.38,19.19,D,0
30.39001,75.05623,330.79,0.39,0.36,2020-11-07,808,N,VIIRS,n,2,301.78,1.54,D,0
30.39036,75.10621,343.13,0.39,0.36,2020-11-07,808,N,VIIRS,n,2,303.2,3.8,D,0
30.39036,76.20721,335.29,0.41,0.37,2020-11-07,808,N,VIIRS,n,2,303.53,3.36,D,0
30.39042,75.42097,342.28,0.4,0.37,2020-11-07,808,N,VIIRS,n,2,301.66,4.1,D,0
30.39048,76.4467,334.94,0.42,0.38,2020-11-07,808,N,VIIRS,n,2,304.14,3.01,D,0
30.39152,75.11432,333.57,0.39,0.36,2020-11-07,808,N,VIIRS,n,2,303.16,4.78,D,0
30.39154,75.30699,338.05,0.39,0.36,2020-11-07,808,N,VIIRS,n,2,303.94,3.74,D,0
30.39201,75.93632,341.46,0.41,0.37,2020-11-07,808,N,VIIRS,n,2,305.51,7.83,D,0
30.39261,75.4121,330.42,0.4,0.37,2020-11-07,808,N,VIIRS,l,2,302.69,4.74,D,0
30.39296,76.07091,335.14,0.41,0.37,2020-11-07,808,N,VIIRS,n,2,304.48,8.3,D,0
30.39319,75.41622,332.6,0.4,0.37,2020-11-07,808,N,VIIRS,n,2,301.48,4.74,D,0
30.39366,75.39503,345.11,0.4,0.37,2020-11-07,808,N,VIIRS,n,2,304.53,8.3,D,0
30.39404,75.25194,332.97,0.39,0.36,2020-11-07,808,N,VIIRS,n,2,302.09,2.33,D,0
30.39418,75.52184,347.53,0.4,0.37,2020-11-07,808,N,VIIRS,n,2,308.32,25.13,D,0
30.39434,75.03875,334.93,0.39,0.36,2020-11-07,808,N,VIIRS,n,2,301.11,2.03,D,0
30.39466,75.67502,334.95,0.4,0.37,2020-11-07,808,N,VIIRS,l,2,307.97,19.63,D,0
30.39573,75.36092,346.88,0.4,0.37,2020-11-07,808,N,VIIRS,n,2,302.98,4.86,D,0
30.39585,75.38618,335.6,0.4,0.37,2020-11-07,808,N,VIIRS,n,2,302.7,5.26,D,0
30.39619,75.33978,332.73,0.39,0.37,2020-11-07,808,N,VIIRS,n,2,300.87,20.69,D,0
30.39631,75.36502,338.18,0.4,0.37,2020-11-07,808,N,VIIRS,n,2,302.07,4.86,D,0
30.39632,75.74171,333.63,0.4,0.37,2020-11-07,808,N,VIIRS,n,2,303.65,4.22,D,0
30.39666,75.22208,345.36,0.39,0.36,2020-11-07,808,N,VIIRS,n,2,303.12,5.48,D,0
30.39675,75.61491,337.61,0.4,0.37,2020-11-07,808,N,VIIRS,n,2,306.83,11,D,0
30.39689,75.36913,335.01,0.4,0.37,2020-11-07,808,N,VIIRS,n,2,306.1,3.97,D,0
30.39697,75.51707,337.96,0.4,0.37,2020-11-07,808,N,VIIRS,n,2,302.38,3.56,D,0
30.39707,75.74305,337.37,0.4,0.37,2020-11-07,808,N,VIIRS,n,2,304.48,6.86,D,0
30.39745,75.4958,331.17,0.4,0.37,2020-11-07,808,N,VIIRS,n,2,301.62,1.89,D,0
30.39755,75.52121,349.65,0.4,0.37,2020-11-07,808,N,VIIRS,n,2,310.19,25.13,D,0
30.39812,76.08308,339.98,0.41,0.37,2020-11-07,808,N,VIIRS,n,2,305.52,4.68,D,0
30.39842,75.83154,340,0.4,0.37,2020-11-07,808,N,VIIRS,n,2,302.47,4.65,D,0
30.39848,76.29403,330.42,0.42,0.37,2020-11-07,808,N,VIIRS,l,2,303.75,3.48,D,0
30.39891,76.19249,334.29,0.41,0.37,2020-11-07,808,N,VIIRS,n,2,304.36,3.65,D,0
30.39898,75.98709,340.49,0.41,0.37,2020-11-07,808,N,VIIRS,n,2,305.03,4.81,D,0
30.39903,75.07119,335.95,0.39,0.36,2020-11-07,808,N,VIIRS,n,2,301.96,6.99,D,0
30.39949,76.19678,349.97,0.41,0.37,2020-11-07,808,N,VIIRS,n,2,304.74,3.65,D,0
30.39967,75.36439,347.01,0.4,0.37,2020-11-07,808,N,VIIRS,n,2,313.2,20.04,D,0
30.40012,75.61428,336.08,0.4,0.37,2020-11-07,808,N,VIIRS,n,2,301.42,4.33,D,0
30.40024,75.49104,343.09,0.4,0.37,2020-11-07,808,N,VIIRS,n,2,303.46,4.11,D,0
30.40043,75.20042,335.35,0.39,0.36,2020-11-07,808,N,VIIRS,n,2,305,6.28,D,0
30.40073,75.25066,333.77,0.39,0.36,2020-11-07,808,N,VIIRS,n,2,304.43,7.44,D,0
30.40116,75.22961,330.74,0.39,0.36,2020-11-07,808,N,VIIRS,n,2,301.5,1.96,D,0
30.40127,75.62258,332.01,0.4,0.37,2020-11-07,808,N,VIIRS,n,2,302.23,4.63,D,0
30.40131,75.25476,342.97,0.39,0.36,2020-11-07,808,N,VIIRS,n,2,308.03,7.44,D,0
30.40174,75.2337,333.56,0.39,0.36,2020-11-07,808,N,VIIRS,n,2,302.47,1.52,D,0
30.40184,75.62675,347.06,0.4,0.37,2020-11-07,808,N,VIIRS,n,2,303.73,4.63,D,0
30.40244,75.35966,335.2,0.4,0.37,2020-11-07,808,N,VIIRS,n,2,304.18,20.04,D,0
30.40265,75.533,333.29,0.4,0.37,2020-11-07,808,N,VIIRS,n,2,300.24,1.75,D,0
30.40302,75.36376,348.29,0.4,0.37,2020-11-07,808,N,VIIRS,n,2,311.07,20.04,D,0
30.40313,75.5117,339.72,0.4,0.37,2020-11-07,808,N,VIIRS,n,2,304.67,2.99,D,0
30.40465,75.62196,337.92,0.4,0.37,2020-11-07,808,N,VIIRS,n,2,304.78,4.63,D,0
30.40489,75.02869,330.09,0.39,0.36,2020-11-07,808,N,VIIRS,n,2,301.06,3.7,D,0
30.40494,75.20795,343.79,0.39,0.36,2020-11-07,808,N,VIIRS,n,2,303.16,4.63,D,0
30.40509,75.23306,332.11,0.39,0.36,2020-11-07,808,N,VIIRS,n,2,302.99,1.52,D,0
30.40521,75.98162,338.18,0.41,0.37,2020-11-07,808,N,VIIRS,l,2,308.32,6.78,D,0
30.40591,75.50694,331.65,0.4,0.37,2020-11-07,808,N,VIIRS,l,2,302.72,2.11,D,0
30.40616,75.43492,334.51,0.4,0.37,2020-11-07,808,N,VIIRS,n,2,302.8,3.43,D,0
30.40638,75.36313,367,0.4,0.37,2020-11-07,808,N,VIIRS,l,2,335.92,76.99,D,0
30.40702,76.25272,341,0.41,0.37,2020-11-07,808,N,VIIRS,n,2,309.49,17.44,D,0
30.40732,75.44315,334.66,0.4,0.37,2020-11-07,808,N,VIIRS,n,2,301.93,2.04,D,0
30.40822,75.02805,346.15,0.39,0.36,2020-11-07,808,N,VIIRS,n,2,302.11,3.7,D,0
30.4088,75.0321,339.36,0.39,0.36,2020-11-07,808,N,VIIRS,n,2,301.72,4.05,D,0
30.40895,75.75374,335.53,0.4,0.37,2020-11-07,808,N,VIIRS,n,2,303.04,3.07,D,0
30.40929,75.19038,341.1,0.39,0.36,2020-11-07,808,N,VIIRS,n,2,301.71,3.45,D,0
30.40929,76.24348,342,0.41,0.37,2020-11-07,808,N,VIIRS,n,2,307.3,4.02,D,0
30.40972,75.16938,344.58,0.39,0.36,2020-11-07,808,N,VIIRS,n,2,304.25,8,D,0
30.40973,75.3625,341.46,0.4,0.37,2020-11-07,808,N,VIIRS,n,2,305.32,76.99,D,0
30.40975,75.6338,337.23,0.4,0.37,2020-11-07,808,N,VIIRS,n,2,302.72,3.99,D,0
30.40997,75.12334,343.59,0.39,0.36,2020-11-07,808,N,VIIRS,n,2,306.58,6.86,D,0
30.41024,75.6124,335.39,0.4,0.37,2020-11-07,808,N,VIIRS,n,2,306.9,3.53,D,0
30.41054,76.04594,343.56,0.41,0.37,2020-11-07,808,N,VIIRS,n,2,307.77,8.02,D,0
30.41056,75.41719,332.07,0.4,0.37,2020-11-07,808,N,VIIRS,n,2,301.93,7.99,D,0
30.41068,75.44253,354.52,0.4,0.37,2020-11-07,808,N,VIIRS,n,2,308.39,16.66,D,0
30.41072,75.79207,330.68,0.4,0.37,2020-11-07,808,N,VIIRS,l,2,304.47,2.92,D,0
30.41086,75.97192,335.81,0.41,0.37,2020-11-07,808,N,VIIRS,n,2,304.12,2.53,D,0
30.41114,75.4213,342.2,0.4,0.37,2020-11-07,808,N,VIIRS,n,2,307.4,7.99,D,0
30.41122,75.56966,342.68,0.4,0.37,2020-11-07,808,N,VIIRS,n,2,304.5,12.29,D,0
30.41152,76.20783,337.45,0.41,0.37,2020-11-07,808,N,VIIRS,l,2,307.58,4.66,D,0
30.41172,75.42542,341.36,0.4,0.37,2020-11-07,808,N,VIIRS,n,2,312.48,25.73,D,0
30.41177,76.39383,334.81,0.42,0.38,2020-11-07,808,N,VIIRS,n,2,303.91,2.81,D,0
30.41223,76.29158,337.84,0.42,0.37,2020-11-07,808,N,VIIRS,n,2,304.7,4.84,D,0
30.41281,76.29591,335.56,0.42,0.37,2020-11-07,808,N,VIIRS,n,2,305.37,5.81,D,0
30.41331,75.12271,345.85,0.39,0.36,2020-11-07,808,N,VIIRS,n,2,302.91,7.37,D,0
30.41358,75.46314,334.22,0.4,0.37,2020-11-07,808,N,VIIRS,n,2,303.9,2.09,D,0
30.41411,75.79145,335.14,0.4,0.37,2020-11-07,808,N,VIIRS,n,2,301.79,2.92,D,0
30.41474,75.82144,330.81,0.4,0.37,2020-11-07,808,N,VIIRS,n,2,303.15,2.05,D,0
30.41508,75.4248,344.41,0.4,0.37,2020-11-07,808,N,VIIRS,n,2,307.67,15.62,D,0
30.41526,75.79984,349.98,0.4,0.37,2020-11-07,808,N,VIIRS,n,2,303.65,7.59,D,0
30.41531,75.82565,331.91,0.4,0.37,2020-11-07,808,N,VIIRS,l,2,302.52,3.72,D,0
30.41536,75.85151,332.2,0.4,0.37,2020-11-07,808,N,VIIRS,n,2,303.01,1.44,D,0
30.41543,75.64983,330.26,0.4,0.37,2020-11-07,808,N,VIIRS,l,2,302.97,4.22,D,0
30.41588,75.82985,333.29,0.4,0.37,2020-11-07,808,N,VIIRS,l,2,304.67,3.72,D,0
30.41612,75.5305,332.01,0.4,0.37,2020-11-07,808,N,VIIRS,n,2,301.52,1.49,D,0
30.4165,75.63255,332.9,0.4,0.37,2020-11-07,808,N,VIIRS,n,2,303.18,2.64,D,0
30.41746,75.24751,348.46,0.39,0.36,2020-11-07,808,N,VIIRS,n,2,303.03,4.89,D,0
30.41747,75.58977,333.19,0.4,0.37,2020-11-07,808,N,VIIRS,n,2,300.68,35.43,D,0
30.41765,75.64088,334.3,0.4,0.37,2020-11-07,808,N,VIIRS,n,2,304.89,5.95,D,0
30.41785,75.54292,336.85,0.4,0.37,2020-11-07,808,N,VIIRS,n,2,303.72,2.71,D,0
30.41791,75.32306,343.15,0.39,0.37,2020-11-07,808,N,VIIRS,n,2,308.5,14.12,D,0
30.41815,75.18032,334.72,0.39,0.36,2020-11-07,808,N,VIIRS,n,2,302.65,4.23,D,0
30.41844,75.42416,345.21,0.4,0.37,2020-11-07,808,N,VIIRS,n,2,303.43,15.62,D,0
30.41899,75.13834,334.11,0.39,0.36,2020-11-07,808,N,VIIRS,n,2,301.97,4.12,D,0
30.41914,75.45364,335.85,0.4,0.37,2020-11-07,808,N,VIIRS,n,2,302.8,1.81,D,0
30.41934,75.38177,334.33,0.4,0.37,2020-11-07,808,N,VIIRS,n,2,304.98,3.22,D,0
30.4196,75.4324,338.16,0.4,0.37,2020-11-07,808,N,VIIRS,n,2,305.09,6.31,D,0
30.42017,76.24596,334.33,0.41,0.37,2020-11-07,808,N,VIIRS,l,2,306.31,4.28,D,0
30.42052,75.13838,336.75,0.39,0.36,2020-11-07,808,N,VIIRS,n,2,300.55,2.76,D,0
30.42084,75.58913,335.1,0.4,0.37,2020-11-07,808,N,VIIRS,n,2,302.46,35.43,D,0
30.42094,76.09644,337.89,0.41,0.37,2020-11-07,808,N,VIIRS,n,2,307.6,8.07,D,0
30.42109,75.89366,337.3,0.41,0.37,2020-11-07,808,N,VIIRS,n,2,303.15,2.95,D,0
30.42156,75.94829,333.52,0.41,0.37,2020-11-07,808,N,VIIRS,n,2,303.19,4.04,D,0
30.42205,76.3386,345.28,0.42,0.37,2020-11-07,808,N,VIIRS,n,2,309.3,8.4,D,0
30.42234,76.00459,332.27,0.41,0.37,2020-11-07,808,N,VIIRS,n,2,303.53,4.72,D,0
30.42248,75.57607,340,0.4,0.37,2020-11-07,808,N,VIIRS,n,2,301.65,2.66,D,0
30.42293,76.00883,337.21,0.41,0.37,2020-11-07,808,N,VIIRS,n,2,304.51,4.72,D,0
30.4233,76.4275,335.74,0.42,0.38,2020-11-07,808,N,VIIRS,n,2,305.29,2.69,D,0
30.42373,75.6099,338.92,0.4,0.37,2020-11-07,808,N,VIIRS,n,2,305.76,12.09,D,0
30.424,76.1704,344.65,0.41,0.37,2020-11-07,808,N,VIIRS,n,2,313.97,33.7,D,0
30.42416,75.24625,333.97,0.39,0.36,2020-11-07,808,N,VIIRS,n,2,302.07,1.97,D,0
30.42428,75.78958,345.18,0.4,0.37,2020-11-07,808,N,VIIRS,n,2,301.77,5.41,D,0
30.4247,75.56715,335.26,0.4,0.37,2020-11-07,808,N,VIIRS,l,2,306.5,10.24,D,0
30.42479,75.768,332.85,0.4,0.37,2020-11-07,808,N,VIIRS,l,2,303.71,1.57,D,0
30.42541,75.47364,339.18,0.4,0.37,2020-11-07,808,N,VIIRS,n,2,304.2,3.39,D,0
30.42585,75.57545,330.42,0.4,0.37,2020-11-07,808,N,VIIRS,n,2,302.33,2.66,D,0
30.42671,75.65628,334.76,0.4,0.37,2020-11-07,808,N,VIIRS,n,2,301.02,2.22,D,0
30.42724,76.35101,339.09,0.42,0.37,2020-11-07,808,N,VIIRS,n,2,307.89,10.35,D,0
30.42738,75.31707,347.46,0.39,0.37,2020-11-07,808,N,VIIRS,n,2,302.19,4.53,D,0
30.42748,75.56239,336.16,0.4,0.37,2020-11-07,808,N,VIIRS,n,2,305.23,14.1,D,0
30.42751,75.24562,332.45,0.39,0.36,2020-11-07,808,N,VIIRS,n,2,299.92,1.97,D,0
30.4276,76.04285,337.36,0.41,0.37,2020-11-07,808,N,VIIRS,n,2,303.9,2.93,D,0
30.42768,75.61343,346.56,0.4,0.37,2020-11-07,808,N,VIIRS,n,2,304.3,5.94,D,0
30.4278,75.04514,346.92,0.39,0.36,2020-11-07,808,N,VIIRS,n,2,301.98,4.61,D,0
30.42794,75.07014,346.41,0.39,0.36,2020-11-07,808,N,VIIRS,n,2,308.22,7.54,D,0
30.42816,75.59204,334,0.4,0.37,2020-11-07,808,N,VIIRS,n,2,303.91,11.26,D,0
30.42826,75.61758,336.61,0.4,0.37,2020-11-07,808,N,VIIRS,n,2,303.18,3.86,D,0
30.42835,75.20351,332.42,0.39,0.36,2020-11-07,808,N,VIIRS,n,2,302.52,11.82,D,0
30.42884,75.62173,346.15,0.4,0.37,2020-11-07,808,N,VIIRS,n,2,302.32,3.86,D,0
30.42893,75.2076,343.33,0.39,0.36,2020-11-07,808,N,VIIRS,n,2,307.29,11.82,D,0
30.42952,76.34171,346.74,0.42,0.37,2020-11-07,808,N,VIIRS,n,2,309.43,3.83,D,0
30.42956,75.30824,334.46,0.39,0.37,2020-11-07,808,N,VIIRS,n,2,301.76,5.1,D,0
30.42968,75.08232,343.84,0.39,0.36,2020-11-07,808,N,VIIRS,n,2,308.04,17.42,D,0
30.42999,75.63007,340.69,0.4,0.37,2020-11-07,808,N,VIIRS,n,2,303.47,4.83,D,0
30.43068,76.3504,344.51,0.42,0.37,2020-11-07,808,N,VIIRS,n,2,307.38,10.35,D,0
30.43084,75.71112,345.28,0.4,0.37,2020-11-07,808,N,VIIRS,n,2,303.52,5.95,D,0
30.43101,76.04223,341.35,0.41,0.37,2020-11-07,808,N,VIIRS,n,2,303.03,2.93,D,0
30.43128,75.0695,339.64,0.39,0.36,2020-11-07,808,N,VIIRS,n,2,305.3,9.32,D,0
30.43146,75.34578,335.95,0.39,0.37,2020-11-07,808,N,VIIRS,n,2,303.46,3.74,D,0
30.43199,75.00267,344.37,0.39,0.36,2020-11-07,808,N,VIIRS,n,2,312.98,16.16,D,0
30.43233,75.30352,332.97,0.39,0.36,2020-11-07,808,N,VIIRS,n,2,300.56,3.58,D,0
30.43373,75.01482,346.44,0.39,0.36,2020-11-07,808,N,VIIRS,n,2,308.01,10.15,D,0
30.43417,76.37649,337.54,0.42,0.38,2020-11-07,808,N,VIIRS,n,2,302.11,2.52,D,0
30.4342,75.24435,331.01,0.39,0.36,2020-11-07,808,N,VIIRS,n,2,302.11,1.98,D,0
30.43433,75.46349,342.22,0.4,0.37,2020-11-07,808,N,VIIRS,n,2,305.62,9.21,D,0
30.43489,75.02294,334.12,0.39,0.36,2020-11-07,808,N,VIIRS,n,2,301.79,2.16,D,0
30.43537,75.25253,343.42,0.39,0.36,2020-11-07,808,N,VIIRS,n,2,303.55,8.33,D,0
30.43537,75.71886,339.64,0.4,0.37,2020-11-07,808,N,VIIRS,n,2,304.3,3.48,D,0
30.43549,75.59494,344.9,0.4,0.37,2020-11-07,808,N,VIIRS,n,2,303.02,5.05,D,0
30.43553,75.24447,341,0.39,0.36,2020-11-07,808,N,VIIRS,n,2,305.29,13.6,D,0
30.43566,75.82192,334.7,0.4,0.37,2020-11-07,808,N,VIIRS,l,2,305.75,5.81,D,0
30.4359,75.00608,336.47,0.39,0.36,2020-11-07,808,N,VIIRS,n,2,303.32,63.39,D,0
30.43595,75.25661,338.79,0.39,0.36,2020-11-07,808,N,VIIRS,n,2,300.36,8.33,D,0
30.43595,75.72304,336.34,0.4,0.37,2020-11-07,808,N,VIIRS,n,2,302.87,3.48,D,0
30.43626,75.40393,341.49,0.4,0.37,2020-11-07,808,N,VIIRS,n,2,305.27,3.49,D,0
30.43722,75.13519,339.67,0.39,0.36,2020-11-07,808,N,VIIRS,n,2,302.11,3.56,D,0
30.43726,75.25674,346.31,0.39,0.36,2020-11-07,808,N,VIIRS,n,2,301.62,5.61,D,0
30.43852,75.51782,345.58,0.4,0.37,2020-11-07,808,N,VIIRS,n,2,304.07,8.09,D,0
30.43916,75.67108,332.5,0.4,0.37,2020-11-07,808,N,VIIRS,n,2,301.69,2.43,D,0
30.43963,75.82549,334.33,0.4,0.37,2020-11-07,808,N,VIIRS,n,2,302.94,5.81,D,0
30.43974,75.67525,333,0.4,0.37,2020-11-07,808,N,VIIRS,n,2,301.41,3.32,D,0
30.43997,75.03447,330.9,0.39,0.36,2020-11-07,808,N,VIIRS,l,2,301.83,3.04,D,0
30.4402,75.8297,334.19,0.4,0.37,2020-11-07,808,N,VIIRS,n,2,304.72,4.85,D,0
30.4407,75.63235,335.32,0.4,0.37,2020-11-07,808,N,VIIRS,n,2,302.97,3.66,D,0
30.441,75.93767,338.79,0.41,0.37,2020-11-07,808,N,VIIRS,n,2,305.25,5.37,D,0
30.44153,75.21395,333.84,0.39,0.36,2020-11-07,808,N,VIIRS,n,2,303.2,3.03,D,0
30.4418,75.29753,346.04,0.39,0.36,2020-11-07,808,N,VIIRS,n,2,306.94,17.58,D,0
30.44187,75.07166,334.68,0.39,0.36,2020-11-07,808,N,VIIRS,n,2,303.94,5.8,D,0
30.4423,76.07677,334.55,0.41,0.37,2020-11-07,808,N,VIIRS,n,2,306.68,5.38,D,0
30.44238,75.30163,340.16,0.39,0.36,2020-11-07,808,N,VIIRS,n,2,301.82,4.81,D,0
30.44252,76.07507,335.79,0.41,0.37,2020-11-07,808,N,VIIRS,l,2,305.99,4.68,D,0
30.44272,75.72179,337.48,0.4,0.37,2020-11-07,808,N,VIIRS,n,2,306.35,4.78,D,0
30.44303,75.29768,354.07,0.39,0.37,2020-11-07,808,N,VIIRS,n,2,312.84,30.15,D,0
30.44318,76.28606,340.13,0.42,0.37,2020-11-07,808,N,VIIRS,n,2,308.08,4.69,D,0
30.4433,76.13183,347.36,0.41,0.37,2020-11-07,808,N,VIIRS,n,2,303.17,7.43,D,0
30.44339,75.60199,335.08,0.4,0.37,2020-11-07,808,N,VIIRS,n,2,302.09,1.83,D,0
30.44349,75.27657,333.51,0.39,0.36,2020-11-07,808,N,VIIRS,n,2,303.55,7.59,D,0
30.44361,75.30179,340.73,0.39,0.37,2020-11-07,808,N,VIIRS,n,2,301.16,10.7,D,0
30.44396,75.25547,342.58,0.39,0.36,2020-11-07,808,N,VIIRS,n,2,306.48,16.64,D,0
30.44396,75.75588,339.03,0.4,0.37,2020-11-07,808,N,VIIRS,n,2,304.2,4.53,D,0
30.44434,75.11295,337.33,0.39,0.36,2020-11-07,808,N,VIIRS,n,2,303.03,6.87,D,0
30.44475,75.18819,338.64,0.39,0.36,2020-11-07,808,N,VIIRS,n,2,308.3,18.54,D,0
30.44506,75.04601,341.58,0.39,0.36,2020-11-07,808,N,VIIRS,n,2,307.64,31.88,D,0
30.44525,75.51656,345.31,0.4,0.37,2020-11-07,808,N,VIIRS,n,2,305.08,5.75,D,0
30.4453,75.32212,331.89,0.39,0.37,2020-11-07,808,N,VIIRS,n,2,300.11,4.19,D,0
30.44545,76.0964,333.98,0.41,0.37,2020-11-07,808,N,VIIRS,n,2,306.68,2.32,D,0
30.44589,75.32622,344.96,0.39,0.37,2020-11-07,808,N,VIIRS,n,2,306.55,18.96,D,0
30.44602,75.89777,333.3,0.41,0.37,2020-11-07,808,N,VIIRS,l,2,303.34,3.23,D,0
30.44629,76.08042,342.44,0.41,0.37,2020-11-07,808,N,VIIRS,n,2,313.37,15.51,D,0
30.44648,75.3223,332.85,0.39,0.37,2020-11-07,808,N,VIIRS,n,2,299.38,2.11,D,0
30.44648,75.42738,333.35,0.4,0.37,2020-11-07,808,N,VIIRS,l,2,304.34,2.17,D,0
30.44676,75.60137,332.6,0.4,0.37,2020-11-07,808,N,VIIRS,n,2,302.25,2.17,D,0
30.44693,75.1794,332.97,0.39,0.36,2020-11-07,808,N,VIIRS,n,2,300.58,1.92,D,0
30.44706,75.01228,332.28,0.39,0.36,2020-11-07,808,N,VIIRS,n,2,302.57,1.58,D,0
30.44706,75.33442,343.87,0.39,0.37,2020-11-07,808,N,VIIRS,n,2,304,4.99,D,0
30.44712,75.55448,333.47,0.4,0.37,2020-11-07,808,N,VIIRS,n,2,302.17,3.69,D,0
30.44745,76.11524,335.9,0.41,0.37,2020-11-07,808,N,VIIRS,n,2,305.8,4.48,D,0
30.4477,75.55862,333.83,0.4,0.37,2020-11-07,808,N,VIIRS,n,2,302.65,3.69,D,0
30.4478,76.11349,344.28,0.41,0.37,2020-11-07,808,N,VIIRS,n,2,306.12,5.12,D,0
30.44781,75.04131,345.69,0.39,0.36,2020-11-07,808,N,VIIRS,n,2,302.74,22.26,D,0
30.44791,75.48639,337.04,0.4,0.37,2020-11-07,808,N,VIIRS,n,2,304.66,3.16,D,0
30.44796,76.0408,338.61,0.41,0.37,2020-11-07,808,N,VIIRS,n,2,306.27,2.79,D,0
30.44821,75.3346,337.65,0.39,0.37,2020-11-07,808,N,VIIRS,n,2,304.96,6.12,D,0
30.44826,75.11638,344.14,0.39,0.36,2020-11-07,808,N,VIIRS,n,2,304.17,41.73,D,0
30.44858,76.09751,336.46,0.41,0.37,2020-11-07,808,N,VIIRS,n,2,305.61,5.19,D,0
30.44861,75.63942,332.15,0.4,0.37,2020-11-07,808,N,VIIRS,n,2,302.8,3.97,D,0
30.44862,75.51594,346.67,0.4,0.37,2020-11-07,808,N,VIIRS,n,2,315.89,43.98,D,0
30.44871,75.66504,347.48,0.4,0.37,2020-11-07,808,N,VIIRS,n,2,306.87,23.61,D,0
30.44881,75.34673,341.03,0.39,0.37,2020-11-07,808,N,VIIRS,n,2,304.98,4.41,D,0
30.44907,75.76783,339.53,0.4,0.37,2020-11-07,808,N,VIIRS,n,2,304.65,3.52,D,0
30.44919,75.64359,334.31,0.4,0.37,2020-11-07,808,N,VIIRS,n,2,304.24,3.97,D,0
30.4497,76.0798,344.95,0.41,0.37,2020-11-07,808,N,VIIRS,n,2,306.65,12.36,D,0
30.44994,75.34693,343.94,0.4,0.37,2020-11-07,808,N,VIIRS,n,2,305.89,8.03,D,0
30.45114,75.04068,331.22,0.39,0.36,2020-11-07,808,N,VIIRS,n,2,301.08,22.26,D,0
30.4513,75.38844,337.52,0.4,0.37,2020-11-07,808,N,VIIRS,n,2,304.2,2.62,D,0
30.4513,75.60905,334.77,0.4,0.37,2020-11-07,808,N,VIIRS,n,2,304.55,2.93,D,0
30.45146,75.81041,333.16,0.4,0.37,2020-11-07,808,N,VIIRS,n,2,302.74,5.82,D,0
30.4515,76.19187,334.38,0.41,0.37,2020-11-07,808,N,VIIRS,n,2,303.34,2.16,D,0
30.45167,75.88808,330.91,0.41,0.37,2020-11-07,808,N,VIIRS,n,2,302.67,1.95,D,0
30.45173,75.91404,337.41,0.41,0.37,2020-11-07,808,N,VIIRS,n,2,302.19,4.2,D,0
30.45188,75.16589,348.81,0.39,0.36,2020-11-07,808,N,VIIRS,n,2,304.38,10.44,D,0
30.45194,76.35108,335.12,0.42,0.37,2020-11-07,808,N,VIIRS,n,2,305.57,3.07,D,0
30.45204,75.81461,334.48,0.4,0.37,2020-11-07,808,N,VIIRS,n,2,306.56,5.82,D,0
30.4523,75.91827,334,0.41,0.37,2020-11-07,808,N,VIIRS,n,2,301.33,4.2,D,0
30.45246,75.7672,330.79,0.4,0.37,2020-11-07,808,N,VIIRS,l,2,303.83,3.52,D,0
30.45269,75.84468,333.31,0.4,0.37,2020-11-07,808,N,VIIRS,n,2,302.86,2.47,D,0
30.45312,75.79719,340.81,0.4,0.37,2020-11-07,808,N,VIIRS,n,2,303.44,4.43,D,0
30.4534,75.90076,343.92,0.41,0.37,2020-11-07,808,N,VIIRS,n,2,303.61,8.56,D,0
30.45362,75.7756,342.76,0.4,0.37,2020-11-07,808,N,VIIRS,n,2,307.49,17.14,D,0
30.45388,75.22841,330.07,0.39,0.36,2020-11-07,808,N,VIIRS,l,2,303.89,6.24,D,0
30.45392,75.13203,367,0.39,0.36,2020-11-07,808,N,VIIRS,l,2,325.9,24.59,D,0
30.45393,75.70258,342.7,0.4,0.37,2020-11-07,808,N,VIIRS,n,2,303.61,7.66,D,0
30.454,76.26201,340.32,0.41,0.37,2020-11-07,808,N,VIIRS,n,2,305.47,4.54,D,0
30.45435,75.83143,336.97,0.4,0.37,2020-11-07,808,N,VIIRS,n,2,304.6,3.56,D,0
30.45442,75.85732,336.27,0.4,0.37,2020-11-07,808,N,VIIRS,n,2,303.86,5.03,D,0
30.4545,75.1361,333.61,0.39,0.36,2020-11-07,808,N,VIIRS,n,2,301.54,24.59,D,0
30.45456,75.58289,336.13,0.4,0.37,2020-11-07,808,N,VIIRS,n,2,302.91,3.15,D,0
30.45466,75.38782,341.05,0.4,0.37,2020-11-07,808,N,VIIRS,n,2,302.94,2.62,D,0
30.45477,75.78398,331.86,0.4,0.37,2020-11-07,808,N,VIIRS,l,2,302.08,4.01,D,0
30.45493,75.83564,339.38,0.4,0.37,2020-11-07,808,N,VIIRS,n,2,303.72,6.17,D,0
30.45506,75.0441,337.55,0.39,0.36,2020-11-07,808,N,VIIRS,n,2,301.77,34.33,D,0
30.45527,75.7624,339.51,0.4,0.37,2020-11-07,808,N,VIIRS,n,2,309.49,14.01,D,0
30.45536,75.78818,334.19,0.4,0.37,2020-11-07,808,N,VIIRS,n,2,303.5,4.01,D,0
30.45569,75.38804,340.01,0.4,0.37,2020-11-07,808,N,VIIRS,n,2,304.65,1.72,D,0
30.45617,75.36685,333.19,0.4,0.37,2020-11-07,808,N,VIIRS,n,2,305.25,3.55,D,0
30.45622,75.05222,345.01,0.39,0.36,2020-11-07,808,N,VIIRS,n,2,305.13,4.27,D,0
30.45651,75.79657,339.3,0.4,0.37,2020-11-07,808,N,VIIRS,n,2,304.29,4.43,D,0
30.45675,75.37096,333.48,0.4,0.37,2020-11-07,808,N,VIIRS,n,2,304.04,3.55,D,0
30.45726,75.13139,336.59,0.39,0.36,2020-11-07,808,N,VIIRS,n,2,301.27,24.59,D,0
30.45782,75.8567,341.07,0.4,0.37,2020-11-07,808,N,VIIRS,n,2,304.12,5.03,D,0
30.45801,75.93457,332.51,0.41,0.37,2020-11-07,808,N,VIIRS,n,2,302.31,2.9,D,0
30.45865,75.76178,331.87,0.4,0.37,2020-11-07,808,N,VIIRS,l,2,304.35,14.01,D,0
30.45884,76.34986,335.94,0.42,0.37,2020-11-07,808,N,VIIRS,n,2,303.68,3.2,D,0
30.45896,75.24004,344.26,0.39,0.36,2020-11-07,808,N,VIIRS,n,2,306.47,12.56,D,0
30.45921,75.61612,334.38,0.4,0.37,2020-11-07,808,N,VIIRS,l,2,304.47,1.98,D,0
30.45932,75.79176,306.94,0.4,0.37,2020-11-07,808,N,VIIRS,l,2,316.92,32.11,D,0
30.45956,75.05158,333.82,0.39,0.36,2020-11-07,808,N,VIIRS,n,2,301.26,4.27,D,0
30.45966,75.26931,343.94,0.39,0.36,2020-11-07,808,N,VIIRS,n,2,303.85,7.07,D,0
30.4599,75.79594,335.69,0.4,0.37,2020-11-07,808,N,VIIRS,n,2,305.34,32.11,D,0
30.46021,76.22998,334.04,0.41,0.37,2020-11-07,808,N,VIIRS,l,2,305.16,14.26,D,0
30.46045,76.30957,338.78,0.42,0.37,2020-11-07,808,N,VIIRS,n,2,310.51,18.37,D,0
30.46069,75.2523,333.21,0.39,0.36,2020-11-07,808,N,VIIRS,n,2,302.8,1.75,D,0
30.46102,75.20606,344.86,0.39,0.36,2020-11-07,808,N,VIIRS,n,2,301.07,3.46,D,0
30.46128,75.25639,336.35,0.39,0.36,2020-11-07,808,N,VIIRS,n,2,301.42,3.9,D,0
30.46198,75.28571,337.11,0.39,0.36,2020-11-07,808,N,VIIRS,n,2,306.15,4.73,D,0
30.4622,75.1179,336.57,0.39,0.36,2020-11-07,808,N,VIIRS,n,2,302.49,3.56,D,0
30.46222,75.53892,355.83,0.4,0.37,2020-11-07,808,N,VIIRS,n,2,308.21,12.26,D,0
30.46231,75.04688,347.65,0.39,0.36,2020-11-07,808,N,VIIRS,n,2,308.52,14.82,D,0
30.46235,75.14297,339.75,0.39,0.36,2020-11-07,808,N,VIIRS,n,2,304.08,3.49,D,0
30.46259,75.61549,335.2,0.4,0.37,2020-11-07,808,N,VIIRS,n,2,301.95,3.37,D,0
30.4628,75.54306,334.35,0.4,0.37,2020-11-07,808,N,VIIRS,n,2,304.26,3.84,D,0
30.46289,75.24349,336.7,0.39,0.36,2020-11-07,808,N,VIIRS,n,2,306.38,18.01,D,0
30.4629,75.05094,331.78,0.39,0.36,2020-11-07,808,N,VIIRS,n,2,300.63,14.82,D,0
30.46301,75.26868,334.26,0.39,0.36,2020-11-07,808,N,VIIRS,n,2,299.92,7.07,D,0
30.46315,75.00503,335.94,0.39,0.36,2020-11-07,808,N,VIIRS,n,2,302.85,1.81,D,0
30.46352,76.38467,347.22,0.42,0.38,2020-11-07,808,N,VIIRS,n,2,304.38,53.55,D,0
30.4639,75.03407,334.28,0.39,0.36,2020-11-07,808,N,VIIRS,n,2,301.86,20.36,D,0
30.46404,75.25167,331.01,0.39,0.36,2020-11-07,808,N,VIIRS,n,2,300.95,13.14,D,0
30.46448,75.03812,330.24,0.39,0.36,2020-11-07,808,N,VIIRS,l,2,301.53,2.39,D,0
30.46474,75.28098,333.99,0.39,0.36,2020-11-07,808,N,VIIRS,n,2,303.08,4.73,D,0
30.46513,75.6834,346.59,0.4,0.37,2020-11-07,808,N,VIIRS,n,2,302.94,3.75,D,0
30.46532,75.28507,334.78,0.39,0.36,2020-11-07,808,N,VIIRS,n,2,302.72,4.73,D,0
30.46558,75.53828,354.33,0.4,0.37,2020-11-07,808,N,VIIRS,n,2,309.2,14.19,D,0
30.4659,75.28917,356.22,0.39,0.36,2020-11-07,808,N,VIIRS,n,2,304.19,12.94,D,0
30.46623,75.24287,337.4,0.39,0.36,2020-11-07,808,N,VIIRS,l,2,312.12,18.01,D,0
30.46681,75.24695,334.57,0.39,0.36,2020-11-07,808,N,VIIRS,n,2,301.76,13.14,D,0
30.46792,75.82895,347.38,0.4,0.37,2020-11-07,808,N,VIIRS,n,2,307.38,10.26,D,0
30.4685,75.83317,336.65,0.4,0.37,2020-11-07,808,N,VIIRS,n,2,302.49,2.43,D,0
30.47003,75.22115,341.48,0.39,0.36,2020-11-07,808,N,VIIRS,n,2,301.19,5.23,D,0
30.47025,75.57146,333.57,0.4,0.37,2020-11-07,808,N,VIIRS,n,2,301.68,3.25,D,0
30.47041,75.29674,340.59,0.39,0.37,2020-11-07,808,N,VIIRS,n,2,301.71,5.67,D,0
30.47047,75.10378,335.38,0.39,0.36,2020-11-07,808,N,VIIRS,n,2,302.43,5.12,D,0
30.47074,75.82412,343.89,0.4,0.37,2020-11-07,808,N,VIIRS,n,2,303.53,4.56,D,0
30.47095,75.42323,344.04,0.4,0.37,2020-11-07,808,N,VIIRS,n,2,308.22,14.57,D,0
30.47105,75.10786,343.26,0.39,0.36,2020-11-07,808,N,VIIRS,n,2,304.61,5.12,D,0
30.47132,75.25451,331.97,0.39,0.36,2020-11-07,808,N,VIIRS,n,2,301.09,6.5,D,0
30.47178,75.65651,336.14,0.4,0.37,2020-11-07,808,N,VIIRS,n,2,303.94,1.9,D,0
30.4719,75.2586,334.69,0.39,0.36,2020-11-07,808,N,VIIRS,n,2,308.33,6.5,D,0
30.47222,75.21234,334.42,0.39,0.36,2020-11-07,808,N,VIIRS,n,2,300.67,12.47,D,0
30.47243,76.04073,340.61,0.41,0.37,2020-11-07,808,N,VIIRS,n,2,305.97,5.07,D,0
30.47251,75.16616,334.91,0.39,0.36,2020-11-07,808,N,VIIRS,n,2,300.41,3.02,D,0
30.47268,75.73772,331.9,0.4,0.37,2020-11-07,808,N,VIIRS,n,2,303.99,1.6,D,0
30.47332,75.02809,335.89,0.39,0.36,2020-11-07,808,N,VIIRS,n,2,303.58,3.17,D,0
30.47364,75.84518,339.57,0.4,0.37,2020-11-07,808,N,VIIRS,n,2,304.87,11.1,D,0
30.47423,75.08218,342.69,0.39,0.36,2020-11-07,808,N,VIIRS,n,2,303.36,3.99,D,0
30.47454,75.13228,341.54,0.39,0.36,2020-11-07,808,N,VIIRS,n,2,315.3,43.41,D,0
30.4747,75.15737,336.92,0.39,0.36,2020-11-07,808,N,VIIRS,n,2,301.13,2.31,D,0
30.47479,75.57913,347.8,0.4,0.37,2020-11-07,808,N,VIIRS,n,2,310.51,10.64,D,0
30.47497,75.11129,335.38,0.39,0.36,2020-11-07,808,N,VIIRS,n,2,302.92,3.71,D,0
30.47507,75.04028,331.48,0.39,0.36,2020-11-07,808,N,VIIRS,l,2,301.65,2.04,D,0
30.47516,75.65588,351.69,0.4,0.37,2020-11-07,808,N,VIIRS,n,2,308.71,12.96,D,0
30.47537,75.58328,334.01,0.4,0.37,2020-11-07,808,N,VIIRS,l,2,304.16,6.29,D,0
30.47542,75.18656,335.9,0.39,0.36,2020-11-07,808,N,VIIRS,n,2,301.39,2.73,D,0
30.47556,75.45625,340.25,0.4,0.37,2020-11-07,808,N,VIIRS,n,2,309.49,24.49,D,0
30.47608,75.613,338.14,0.4,0.37,2020-11-07,808,N,VIIRS,n,2,303.84,7.91,D,0
30.47614,75.21579,334.14,0.39,0.36,2020-11-07,808,N,VIIRS,l,2,305.47,12.47,D,0
30.47666,76.30851,335.14,0.42,0.37,2020-11-07,808,N,VIIRS,n,2,307.38,1.81,D,0
30.47699,75.57021,346.29,0.4,0.37,2020-11-07,808,N,VIIRS,n,2,304.61,22.22,D,0
30.47703,75.84455,342.72,0.4,0.37,2020-11-07,808,N,VIIRS,n,2,306.78,11.1,D,0
30.47732,76.38223,335.02,0.42,0.38,2020-11-07,808,N,VIIRS,n,2,304.18,2.31,D,0
30.47743,75.24915,333.34,0.39,0.36,2020-11-07,808,N,VIIRS,n,2,302.87,16.29,D,0
30.47744,75.54884,337.99,0.4,0.37,2020-11-07,808,N,VIIRS,n,2,302.41,2.26,D,0
30.47746,75.37128,335.62,0.4,0.37,2020-11-07,808,N,VIIRS,n,2,304.11,3.14,D,0
30.47757,75.08154,335.99,0.39,0.36,2020-11-07,808,N,VIIRS,n,2,301.92,3.99,D,0
30.4781,75.54917,335.66,0.4,0.37,2020-11-07,808,N,VIIRS,n,2,303.04,3.45,D,0
30.47948,75.1188,335.81,0.39,0.36,2020-11-07,808,N,VIIRS,n,2,303.75,4.81,D,0
30.47956,75.76224,333.48,0.4,0.37,2020-11-07,808,N,VIIRS,l,2,303.78,2.45,D,0
30.47959,75.48517,335.02,0.4,0.37,2020-11-07,808,N,VIIRS,n,2,303.81,2.44,D,0
30.47965,75.96538,342.92,0.41,0.37,2020-11-07,808,N,VIIRS,n,2,310.54,15.8,D,0
30.47975,75.53611,342.68,0.4,0.37,2020-11-07,808,N,VIIRS,n,2,315.9,46.38,D,0
30.47988,75.29073,338.41,0.39,0.37,2020-11-07,808,N,VIIRS,n,2,302.77,3.18,D,0
30.48024,75.36655,347.45,0.4,0.37,2020-11-07,808,N,VIIRS,n,2,306.25,15.48,D,0
30.48079,75.2485,334.51,0.39,0.36,2020-11-07,808,N,VIIRS,n,2,303.97,16.29,D,0
30.48082,75.51891,332.67,0.4,0.37,2020-11-07,808,N,VIIRS,n,2,305.18,3.65,D,0
30.48095,75.57373,335.39,0.4,0.37,2020-11-07,808,N,VIIRS,n,2,303.2,18.84,D,0
30.48097,75.56993,342.17,0.4,0.37,2020-11-07,808,N,VIIRS,n,2,313.32,26.24,D,0
30.48113,75.44672,332.27,0.4,0.37,2020-11-07,808,N,VIIRS,n,2,300.79,2.79,D,0
30.48139,75.52305,334.21,0.4,0.37,2020-11-07,808,N,VIIRS,n,2,303.89,4,D,0
30.48284,75.73586,330.52,0.4,0.37,2020-11-07,808,N,VIIRS,n,2,304.3,1.5,D,0
30.48314,75.00119,346.22,0.39,0.36,2020-11-07,808,N,VIIRS,n,2,300.78,4.18,D,0
30.48323,75.29011,340.78,0.39,0.37,2020-11-07,808,N,VIIRS,n,2,305.39,8.55,D,0
30.48355,75.14732,340.35,0.39,0.36,2020-11-07,808,N,VIIRS,n,2,305.82,17.03,D,0
30.48529,75.65401,336.76,0.4,0.37,2020-11-07,808,N,VIIRS,n,2,306.53,8.1,D,0
30.48573,75.90785,333.15,0.41,0.37,2020-11-07,808,N,VIIRS,n,2,302.52,4.16,D,0
30.48599,75.55622,333.34,0.4,0.37,2020-11-07,808,N,VIIRS,n,2,302.55,7.63,D,0
30.48602,76.01211,336.93,0.41,0.37,2020-11-07,808,N,VIIRS,n,2,302.66,2.06,D,0
30.48631,75.91209,335.21,0.41,0.37,2020-11-07,808,N,VIIRS,n,2,303.91,4.16,D,0
30.48683,75.33999,330.08,0.4,0.37,2020-11-07,808,N,VIIRS,l,2,300.13,2.48,D,0
30.48714,75.56453,333.38,0.4,0.37,2020-11-07,808,N,VIIRS,n,2,303.08,2.49,D,0
30.48749,76.20477,354.56,0.41,0.37,2020-11-07,808,N,VIIRS,n,2,314.12,35.29,D,0
30.48833,75.10874,337.35,0.39,0.36,2020-11-07,808,N,VIIRS,n,2,299.53,2.48,D,0
30.48854,76.13416,338.91,0.41,0.37,2020-11-07,808,N,VIIRS,n,2,305.32,2.72,D,0
30.48865,75.15891,347.21,0.39,0.36,2020-11-07,808,N,VIIRS,n,2,302.52,5.19,D,0
30.48922,76.2177,343.18,0.41,0.37,2020-11-07,808,N,VIIRS,n,2,307.38,6.51,D,0
30.48923,75.16299,337.03,0.39,0.36,2020-11-07,808,N,VIIRS,n,2,300.58,5.19,D,0
30.48928,76.37748,334.18,0.42,0.38,2020-11-07,808,N,VIIRS,l,2,304.23,15.05,D,0
30.48981,75.16707,336.19,0.39,0.36,2020-11-07,808,N,VIIRS,n,2,302.78,4,D,0
30.48995,75.98962,336.93,0.41,0.37,2020-11-07,808,N,VIIRS,l,2,309.06,10.45,D,0
30.49041,75.79036,345.17,0.4,0.37,2020-11-07,808,N,VIIRS,n,2,302.8,4.83,D,0
30.49043,75.53838,333.75,0.4,0.37,2020-11-07,808,N,VIIRS,n,2,301.75,6.51,D,0
30.49088,75.91992,351,0.41,0.37,2020-11-07,808,N,VIIRS,n,2,306.33,9.74,D,0
30.49171,75.69991,330.84,0.4,0.37,2020-11-07,808,N,VIIRS,n,2,304.09,1.53,D,0
30.49209,75.08713,343.13,0.39,0.36,2020-11-07,808,N,VIIRS,n,2,304.31,6.66,D,0
30.49226,75.30525,331.3,0.39,0.37,2020-11-07,808,N,VIIRS,l,2,302.3,1.62,D,0
30.49237,75.45309,332.54,0.4,0.37,2020-11-07,808,N,VIIRS,n,2,303.51,3.82,D,0
30.49251,75.06616,346.85,0.39,0.36,2020-11-07,808,N,VIIRS,n,2,307.32,11.71,D,0
30.49332,75.02427,334.44,0.39,0.36,2020-11-07,808,N,VIIRS,n,2,301.31,4.84,D,0
30.49335,75.98901,336.89,0.41,0.37,2020-11-07,808,N,VIIRS,n,2,303.02,8.9,D,0
30.49342,75.83723,347.84,0.4,0.37,2020-11-07,808,N,VIIRS,n,2,305.16,7.05,D,0
30.49384,75.09933,336.7,0.39,0.36,2020-11-07,808,N,VIIRS,n,2,305.8,6.55,D,0
30.4949,75.17868,333.07,0.39,0.36,2020-11-07,808,N,VIIRS,n,2,302.72,3.2,D,0
30.49509,75.69929,347.28,0.4,0.37,2020-11-07,808,N,VIIRS,n,2,304.48,7.74,D,0
30.49574,75.32988,336.29,0.39,0.37,2020-11-07,808,N,VIIRS,n,2,303.69,5.66,D,0
30.49584,75.06552,343.58,0.39,0.36,2020-11-07,808,N,VIIRS,n,2,308.59,11.71,D,0
30.49592,75.50336,333.85,0.4,0.37,2020-11-07,808,N,VIIRS,n,2,302.74,3.56,D,0
30.49618,76.42989,340.09,0.42,0.38,2020-11-07,808,N,VIIRS,n,2,302.99,3.42,D,0
30.49642,75.06959,333.79,0.39,0.36,2020-11-07,808,N,VIIRS,n,2,303.04,11.71,D,0
30.49666,75.02362,341.45,0.39,0.36,2020-11-07,808,N,VIIRS,n,2,303.22,4.84,D,0
30.49681,75.83662,345.09,0.4,0.37,2020-11-07,808,N,VIIRS,n,2,305.21,7.05,D,0
30.49717,75.53712,343.66,0.4,0.37,2020-11-07,808,N,VIIRS,n,2,302.16,4.24,D,0
30.49718,75.0987,341.91,0.39,0.36,2020-11-07,808,N,VIIRS,n,2,303.01,8.14,D,0
30.49731,75.69032,346.67,0.4,0.37,2020-11-07,808,N,VIIRS,n,2,304.76,4.3,D,0
30.49776,75.10277,351.54,0.39,0.36,2020-11-07,808,N,VIIRS,n,2,304.33,8.14,D,0
30.49806,76.0492,335.34,0.41,0.37,2020-11-07,808,N,VIIRS,n,2,305.85,2.22,D,0
30.49834,75.10683,334.53,0.39,0.36,2020-11-07,808,N,VIIRS,n,2,301.69,8.32,D,0
30.49849,76.42053,330.64,0.42,0.38,2020-11-07,808,N,VIIRS,n,2,305.42,1.88,D,0
30.49963,76.3489,330.47,0.42,0.37,2020-11-07,808,N,VIIRS,l,2,303.35,4,D,0
30.49999,75.02299,340.49,0.39,0.36,2020-11-07,808,N,VIIRS,n,2,306.48,20.74,D,0
30.50031,76.04006,335.13,0.41,0.37,2020-11-07,808,N,VIIRS,l,2,305.25,5.15,D,0
30.50054,75.5365,341.59,0.4,0.37,2020-11-07,808,N,VIIRS,n,2,299.11,4.24,D,0
30.50063,75.56202,334.06,0.4,0.37,2020-11-07,808,N,VIIRS,n,2,301.92,17.81,D,0
30.50082,75.46423,338.22,0.4,0.37,2020-11-07,808,N,VIIRS,n,2,303.49,4.32,D,0
30.50093,75.66444,337.25,0.4,0.37,2020-11-07,808,N,VIIRS,n,2,305.83,9.81,D,0
30.50148,76.0486,345.7,0.41,0.37,2020-11-07,808,N,VIIRS,n,2,306.31,10.18,D,0
30.50168,75.1062,333.85,0.39,0.36,2020-11-07,808,N,VIIRS,l,2,308.12,8.32,D,0
30.50186,75.82275,343.21,0.4,0.37,2020-11-07,808,N,VIIRS,n,2,305.68,7.05,D,0
30.50196,75.84864,341.73,0.4,0.37,2020-11-07,808,N,VIIRS,n,2,302.22,4.21,D,0
30.50204,75.2529,340.22,0.39,0.36,2020-11-07,808,N,VIIRS,n,2,302.63,4.18,D,0
30.50206,76.05286,334.22,0.41,0.37,2020-11-07,808,N,VIIRS,n,2,303.91,2.48,D,0
30.50217,75.18149,344.88,0.39,0.36,2020-11-07,808,N,VIIRS,n,2,302.82,10.89,D,0
30.50218,75.52343,331.87,0.4,0.37,2020-11-07,808,N,VIIRS,l,2,303.1,2.07,D,0
30.50275,75.52757,347.63,0.4,0.37,2020-11-07,808,N,VIIRS,n,2,311.87,30.06,D,0
30.50308,76.34828,340.35,0.42,0.37,2020-11-07,808,N,VIIRS,n,2,304.37,4,D,0
30.50373,75.00142,333.18,0.39,0.36,2020-11-07,808,N,VIIRS,n,2,301,1.43,D,0
30.50373,76.03944,356.59,0.41,0.37,2020-11-07,808,N,VIIRS,n,2,307.92,5.15,D,0
30.50385,75.38745,342.37,0.4,0.37,2020-11-07,808,N,VIIRS,n,2,311.57,34.4,D,0
30.50399,75.5614,350.19,0.4,0.37,2020-11-07,808,N,VIIRS,n,2,308.66,17.81,D,0
30.50405,75.31567,346.69,0.39,0.37,2020-11-07,808,N,VIIRS,n,2,302.8,4.28,D,0
30.50493,75.17678,354.1,0.39,0.36,2020-11-07,808,N,VIIRS,n,2,304.06,7.53,D,0
30.50508,75.29862,336.65,0.39,0.37,2020-11-07,808,N,VIIRS,n,2,301.79,3.63,D,0
30.50525,75.82214,336.01,0.4,0.37,2020-11-07,808,N,VIIRS,n,2,305.51,3.93,D,0
30.5058,76.21031,347.03,0.41,0.37,2020-11-07,808,N,VIIRS,n,2,305.68,5.76,D,0
30.50603,75.08865,346.52,0.39,0.36,2020-11-07,808,N,VIIRS,n,2,303.93,7.43,D,0
30.50616,75.72782,339.15,0.4,0.37,2020-11-07,808,N,VIIRS,n,2,302.68,2.62,D,0
30.50619,75.77886,347.41,0.4,0.37,2020-11-07,808,N,VIIRS,n,2,305.54,56.06,D,0
30.5064,75.23527,339.5,0.39,0.36,2020-11-07,808,N,VIIRS,n,2,303.84,10.23,D,0
30.50679,75.55662,333.7,0.4,0.37,2020-11-07,808,N,VIIRS,l,2,304.51,12.63,D,0
30.50696,75.3362,348.11,0.4,0.37,2020-11-07,808,N,VIIRS,n,2,305.54,6.11,D,0
30.50714,76.03883,353.59,0.41,0.37,2020-11-07,808,N,VIIRS,n,2,308.83,24.17,D,0
30.50741,75.31503,331.63,0.39,0.37,2020-11-07,808,N,VIIRS,n,2,301.32,3.39,D,0
30.50754,75.34031,349.48,0.4,0.37,2020-11-07,808,N,VIIRS,n,2,303.82,10.2,D,0
30.50759,75.83898,341.25,0.4,0.37,2020-11-07,808,N,VIIRS,n,2,303.94,5.37,D,0
30.50761,75.63755,333.06,0.4,0.37,2020-11-07,808,N,VIIRS,n,2,302.42,1.95,D,0
30.50812,75.34442,336.49,0.4,0.37,2020-11-07,808,N,VIIRS,n,2,306.23,10.2,D,0
30.50836,75.10493,335.28,0.39,0.36,2020-11-07,808,N,VIIRS,n,2,304.43,4.4,D,0
30.50841,75.76985,331.42,0.4,0.37,2020-11-07,808,N,VIIRS,l,2,303.9,1.42,D,0
30.50858,75.22645,333.73,0.39,0.36,2020-11-07,808,N,VIIRS,n,2,301.05,2.49,D,0
30.5086,75.44582,335.67,0.4,0.37,2020-11-07,808,N,VIIRS,n,2,305.26,7.51,D,0
30.50973,75.33147,345.97,0.4,0.37,2020-11-07,808,N,VIIRS,n,2,303.48,8.23,D,0
30.50976,75.60297,336.56,0.4,0.37,2020-11-07,808,N,VIIRS,n,2,301.63,3.3,D,0
30.5103,76.16542,351.67,0.41,0.37,2020-11-07,808,N,VIIRS,n,2,310.36,20.41,D,0
30.51031,75.33557,343.92,0.4,0.37,2020-11-07,808,N,VIIRS,n,2,299.67,8.23,D,0
30.51076,75.31441,344.95,0.39,0.37,2020-11-07,808,N,VIIRS,n,2,301.88,3.39,D,0
30.5112,75.29325,333.56,0.39,0.37,2020-11-07,808,N,VIIRS,n,2,303.05,3.11,D,0
30.51148,75.3438,333.89,0.4,0.37,2020-11-07,808,N,VIIRS,n,2,299.24,5.56,D,0
30.51228,75.52156,337.01,0.4,0.37,2020-11-07,808,N,VIIRS,n,2,304.65,4.22,D,0
30.51229,75.10837,345.44,0.39,0.36,2020-11-07,808,N,VIIRS,n,2,315.65,49.47,D,0
30.51286,75.70082,332.47,0.4,0.37,2020-11-07,808,N,VIIRS,l,2,302.68,4.74,D,0
30.51304,75.13752,343.56,0.39,0.36,2020-11-07,808,N,VIIRS,n,2,308.31,14.2,D,0
30.51308,75.33083,350.07,0.4,0.37,2020-11-07,808,N,VIIRS,n,2,302.79,8.23,D,0
30.51356,75.75656,342.59,0.4,0.37,2020-11-07,808,N,VIIRS,n,2,308.22,7.52,D,0
30.51397,76.03759,335.77,0.41,0.37,2020-11-07,808,N,VIIRS,n,2,306.31,4.24,D,0
30.51411,75.31377,337.63,0.39,0.37,2020-11-07,808,N,VIIRS,n,2,303,9.34,D,0
30.51413,75.76076,340.2,0.4,0.37,2020-11-07,808,N,VIIRS,n,2,302.72,7.52,D,0
30.51445,75.03749,332.97,0.39,0.36,2020-11-07,808,N,VIIRS,n,2,302.69,6.06,D,0
30.51455,76.04186,334.45,0.41,0.37,2020-11-07,808,N,VIIRS,n,2,306.41,5.49,D,0
30.51509,75.69183,347.68,0.4,0.37,2020-11-07,808,N,VIIRS,n,2,309.71,22.22,D,0
30.51521,76.07236,346.76,0.41,0.37,2020-11-07,808,N,VIIRS,n,2,304.7,6.07,D,0
30.51528,75.22518,333.63,0.39,0.36,2020-11-07,808,N,VIIRS,n,2,301.46,2.59,D,0
30.51571,75.2041,307.2,0.39,0.36,2020-11-07,808,N,VIIRS,l,2,309.12,20.61,D,0
30.51593,75.59756,340.95,0.4,0.37,2020-11-07,808,N,VIIRS,n,2,303.54,2.95,D,0
30.51601,75.47412,344.96,0.4,0.37,2020-11-07,808,N,VIIRS,n,2,313.29,18.8,D,0
30.51629,75.20819,334.25,0.39,0.36,2020-11-07,808,N,VIIRS,n,2,302.21,20.61,D,0
30.51639,75.13688,341.57,0.39,0.36,2020-11-07,808,N,VIIRS,n,2,299.45,8.36,D,0
30.51721,75.03278,341.51,0.39,0.36,2020-11-07,808,N,VIIRS,n,2,310.87,7.21,D,0
30.51773,75.36372,336.15,0.4,0.37,2020-11-07,808,N,VIIRS,n,2,300.71,3.33,D,0
30.51802,76.35453,333.46,0.42,0.38,2020-11-07,808,N,VIIRS,n,2,304.43,2.03,D,0
30.51851,75.06596,346.39,0.39,0.36,2020-11-07,808,N,VIIRS,n,2,301.62,5.23,D,0
30.51913,76.04977,334.96,0.41,0.37,2020-11-07,808,N,VIIRS,l,2,305.76,2.77,D,0
30.51936,75.25384,332.09,0.39,0.36,2020-11-07,808,N,VIIRS,n,2,300.66,3.25,D,0
30.52096,76.08884,344.84,0.41,0.37,2020-11-07,808,N,VIIRS,n,2,311.51,16.82,D,0
30.52142,75.73791,333.69,0.4,0.37,2020-11-07,808,N,VIIRS,n,2,305.12,4.63,D,0
30.52154,75.3419,344.96,0.4,0.37,2020-11-07,808,N,VIIRS,n,2,302.78,5.76,D,0
30.52159,75.46459,334.35,0.4,0.37,2020-11-07,808,N,VIIRS,n,2,302.98,2.4,D,0
30.5217,75.96645,331.36,0.41,0.37,2020-11-07,808,N,VIIRS,l,2,303.14,1.07,D,0
30.52248,75.13153,345.54,0.39,0.36,2020-11-07,808,N,VIIRS,n,2,302.35,6.73,D,0
30.52255,76.04916,334.15,0.41,0.37,2020-11-07,808,N,VIIRS,l,2,306.26,2.22,D,0
30.52271,75.2532,332.41,0.39,0.36,2020-11-07,808,N,VIIRS,n,2,300.12,3.25,D,0
30.52307,75.13561,333.68,0.39,0.36,2020-11-07,808,N,VIIRS,n,2,303.67,5.14,D,0
30.52315,75.7505,332.97,0.4,0.37,2020-11-07,808,N,VIIRS,n,2,302.91,4.14,D,0
30.5243,75.75888,333.14,0.4,0.37,2020-11-07,808,N,VIIRS,l,2,305.37,4.22,D,0
30.52438,76.08822,344.06,0.41,0.37,2020-11-07,808,N,VIIRS,n,2,305.66,16.82,D,0
30.52458,75.38779,333.98,0.4,0.37,2020-11-07,808,N,VIIRS,n,2,302.45,7.75,D,0
30.52481,75.73728,338.38,0.4,0.37,2020-11-07,808,N,VIIRS,n,2,303.08,3.51,D,0
30.52489,75.34127,335.73,0.4,0.37,2020-11-07,808,N,VIIRS,n,2,298.97,2.58,D,0
30.52516,75.39191,346.24,0.4,0.37,2020-11-07,808,N,VIIRS,n,2,304.2,7.75,D,0
30.52569,76.14946,334.56,0.41,0.37,2020-11-07,808,N,VIIRS,n,2,307.05,3.63,D,0
30.52719,75.12704,331,0.39,0.36,2020-11-07,808,N,VIIRS,l,2,301.82,2.92,D,0
30.52736,75.0559,339.23,0.39,0.36,2020-11-07,808,N,VIIRS,n,2,303.59,5.02,D,0
30.52764,75.00993,346.2,0.39,0.36,2020-11-07,808,N,VIIRS,n,2,302.82,6.94,D,0
30.52798,75.91378,333.27,0.41,0.37,2020-11-07,808,N,VIIRS,l,2,303.28,3.98,D,0
30.52837,75.81416,340.55,0.4,0.37,2020-11-07,808,N,VIIRS,n,2,302.76,6.33,D,0
30.52839,75.26896,332.18,0.39,0.36,2020-11-07,808,N,VIIRS,l,2,302.29,2.23,D,0
30.52841,75.93913,347.48,0.41,0.37,2020-11-07,808,N,VIIRS,n,2,307.96,12.64,D,0
30.52855,75.91801,333.57,0.41,0.37,2020-11-07,808,N,VIIRS,n,2,303.22,3.36,D,0
30.5288,75.01805,336.51,0.39,0.36,2020-11-07,808,N,VIIRS,n,2,304.58,7.47,D,0
30.52889,75.91734,335.63,0.41,0.37,2020-11-07,808,N,VIIRS,n,2,304.28,4.25,D,0
30.52912,76.14884,337.92,0.41,0.37,2020-11-07,808,N,VIIRS,n,2,305.56,5.28,D,0
30.53008,76.33902,343.82,0.42,0.37,2020-11-07,808,N,VIIRS,n,2,307.19,12.33,D,0
30.5301,75.62483,330.61,0.4,0.37,2020-11-07,808,N,VIIRS,n,2,304.29,6.16,D,0
30.53029,75.30651,336.49,0.39,0.37,2020-11-07,808,N,VIIRS,n,2,304.21,2.65,D,0
30.53068,75.62901,335.07,0.4,0.37,2020-11-07,808,N,VIIRS,l,2,307.21,6.16,D,0
30.53126,75.19276,333.39,0.39,0.36,2020-11-07,808,N,VIIRS,n,2,301.53,3.13,D,0
30.53156,75.01335,352.41,0.39,0.36,2020-11-07,808,N,VIIRS,n,2,311.3,11.74,D,0
30.53183,75.63734,332.98,0.4,0.37,2020-11-07,808,N,VIIRS,l,2,303.51,2.93,D,0
30.53202,75.53915,338.35,0.4,0.37,2020-11-07,808,N,VIIRS,n,2,303.84,5.48,D,0
30.53214,75.01741,346.93,0.39,0.36,2020-11-07,808,N,VIIRS,n,2,301.53,9.72,D,0
30.53249,75.51779,334.28,0.4,0.37,2020-11-07,808,N,VIIRS,n,2,303.71,2.39,D,0
30.53258,75.69289,336.66,0.4,0.37,2020-11-07,808,N,VIIRS,n,2,304.9,5.58,D,0
30.53272,75.44555,331.95,0.4,0.37,2020-11-07,808,N,VIIRS,l,2,303.61,3.95,D,0
30.53396,75.60275,334.66,0.4,0.37,2020-11-07,808,N,VIIRS,n,2,302.13,2.09,D,0
30.53463,75.63255,337.41,0.4,0.37,2020-11-07,808,N,VIIRS,n,2,303.64,2.93,D,0
30.53477,75.21729,335.48,0.39,0.36,2020-11-07,808,N,VIIRS,n,2,303.32,4.99,D,0
30.53489,75.01271,338.81,0.39,0.36,2020-11-07,808,N,VIIRS,n,2,300.85,11.74,D,0
30.53504,75.76122,333.58,0.4,0.37,2020-11-07,808,N,VIIRS,n,2,303.49,2.74,D,0
30.53512,75.61108,333.92,0.4,0.37,2020-11-07,808,N,VIIRS,n,2,303.39,6.17,D,0
30.53521,75.63672,333.27,0.4,0.37,2020-11-07,808,N,VIIRS,n,2,302.89,2.93,D,0
30.53522,75.83882,344.3,0.4,0.37,2020-11-07,808,N,VIIRS,n,2,310.07,25.94,D,0
30.5353,75.66238,341.17,0.4,0.37,2020-11-07,808,N,VIIRS,n,2,308.58,30.32,D,0
30.53539,75.3182,335.55,0.39,0.37,2020-11-07,808,N,VIIRS,l,2,309.62,19,D,0
30.53539,75.68809,348.9,0.4,0.37,2020-11-07,808,N,VIIRS,n,2,303.85,5.8,D,0
30.53561,75.76542,333.55,0.4,0.37,2020-11-07,808,N,VIIRS,n,2,302.41,2.74,D,0
30.53592,75.0919,332.37,0.39,0.36,2020-11-07,808,N,VIIRS,n,2,300,2.08,D,0
30.53596,75.9471,340.98,0.41,0.37,2020-11-07,808,N,VIIRS,n,2,305.21,5.56,D,0
30.53597,75.54268,339.46,0.4,0.37,2020-11-07,808,N,VIIRS,n,2,302.97,5.48,D,0
30.53635,75.07091,331.31,0.39,0.36,2020-11-07,808,N,VIIRS,n,2,300.64,1.95,D,0
30.5365,75.92525,336.39,0.41,0.37,2020-11-07,808,N,VIIRS,n,2,303.54,2.86,D,0
30.53664,75.02489,340.76,0.39,0.36,2020-11-07,808,N,VIIRS,n,2,300.74,3.94,D,0
30.53676,75.59796,333.62,0.4,0.37,2020-11-07,808,N,VIIRS,n,2,300.89,2.09,D,0
30.53684,75.28,336.31,0.39,0.37,2020-11-07,808,N,VIIRS,n,2,300.5,2.26,D,0
30.53703,75.90345,333.13,0.41,0.37,2020-11-07,808,N,VIIRS,n,2,302.62,2.18,D,0
30.53748,75.5041,342.78,0.4,0.37,2020-11-07,808,N,VIIRS,n,2,304.86,13.24,D,0
30.53778,75.7306,335.72,0.4,0.37,2020-11-07,808,N,VIIRS,n,2,304.07,1.53,D,0
30.53796,76.05949,334.58,0.41,0.37,2020-11-07,808,N,VIIRS,l,2,305.31,1.42,D,0
30.53819,75.68328,341.42,0.4,0.37,2020-11-07,808,N,VIIRS,n,2,304.47,3.25,D,0
30.53844,75.26706,333.12,0.39,0.36,2020-11-07,808,N,VIIRS,n,2,302.33,1.9,D,0
30.53933,75.9204,346.5,0.41,0.37,2020-11-07,808,N,VIIRS,n,2,306.74,7.39,D,0
30.53934,75.54205,338.15,0.4,0.37,2020-11-07,808,N,VIIRS,n,2,301.31,3.42,D,0
30.53969,75.49519,348.2,0.4,0.37,2020-11-07,808,N,VIIRS,n,2,309.57,22.93,D,0
30.54047,75.42715,345.99,0.4,0.37,2020-11-07,808,N,VIIRS,n,2,303.44,6.87,D,0
30.54086,75.82915,331.38,0.4,0.37,2020-11-07,808,N,VIIRS,n,2,301.91,3.13,D,0
30.54108,76.3951,334.24,0.42,0.38,2020-11-07,808,N,VIIRS,n,2,304.48,2.26,D,0
30.54143,75.50762,336.8,0.4,0.37,2020-11-07,808,N,VIIRS,n,2,305.76,5.95,D,0
30.54143,75.83337,333.2,0.4,0.37,2020-11-07,808,N,VIIRS,n,2,302.44,3.13,D,0
30.54157,75.68266,334.24,0.4,0.37,2020-11-07,808,N,VIIRS,n,2,302.25,3.25,D,0
30.54222,75.24531,339.61,0.39,0.36,2020-11-07,808,N,VIIRS,l,2,312.81,40.38,D,0
30.54246,75.79002,337.3,0.4,0.37,2020-11-07,808,N,VIIRS,n,2,306.47,5.87,D,0
30.54254,75.39289,338.26,0.4,0.37,2020-11-07,808,N,VIIRS,n,2,302.58,3.24,D,0
30.54259,75.5159,331.12,0.4,0.37,2020-11-07,808,N,VIIRS,l,2,301.17,10.67,D,0
30.54267,75.21221,332.23,0.39,0.36,2020-11-07,808,N,VIIRS,n,2,300.83,2.77,D,0
30.54312,75.39702,335.28,0.4,0.37,2020-11-07,808,N,VIIRS,n,2,300.37,3.24,D,0
30.54336,75.2415,303.11,0.39,0.36,2020-11-07,808,N,VIIRS,l,2,303.39,17.8,D,0
30.5438,75.67368,343.85,0.4,0.37,2020-11-07,808,N,VIIRS,n,2,308.98,15.94,D,0
30.54394,75.24561,335.58,0.39,0.36,2020-11-07,808,N,VIIRS,n,2,304.36,17.8,D,0
30.54428,75.1993,334.3,0.39,0.36,2020-11-07,808,N,VIIRS,n,2,301.73,3.3,D,0
30.54428,75.40526,330.51,0.4,0.37,2020-11-07,808,N,VIIRS,n,2,300.84,1.73,D,0
30.54462,75.05678,345.58,0.39,0.36,2020-11-07,808,N,VIIRS,n,2,305.63,6.83,D,0
30.5448,75.50699,337.91,0.4,0.37,2020-11-07,808,N,VIIRS,n,2,302.32,5.95,D,0
30.54566,76.3764,343.35,0.42,0.38,2020-11-07,808,N,VIIRS,n,2,311.32,19.13,D,0
30.54568,75.99325,347.26,0.41,0.37,2020-11-07,808,N,VIIRS,n,2,308.88,12.64,D,0
30.54585,75.78938,337.09,0.4,0.37,2020-11-07,808,N,VIIRS,n,2,302.86,3.5,D,0
30.54589,75.39227,367,0.4,0.37,2020-11-07,808,N,VIIRS,h,2,337.5,66.44,D,0
30.54593,75.09,336.08,0.39,0.36,2020-11-07,808,N,VIIRS,n,2,300.29,2.23,D,0
30.54648,75.39639,340.08,0.4,0.37,2020-11-07,808,N,VIIRS,n,2,309.54,66.44,D,0
30.5465,75.64318,333.71,0.4,0.37,2020-11-07,808,N,VIIRS,n,2,302.74,2.2,D,0
30.54687,76.41197,344.05,0.42,0.38,2020-11-07,808,N,VIIRS,n,2,307.3,4.44,D,0
30.54708,75.64735,331.03,0.4,0.37,2020-11-07,808,N,VIIRS,n,2,303.28,1.63,D,0
30.54744,75.75032,337.93,0.4,0.37,2020-11-07,808,N,VIIRS,n,2,305.54,4.62,D,0
30.54745,76.41635,330.75,0.42,0.38,2020-11-07,808,N,VIIRS,l,2,304.03,3.27,D,0
30.54797,75.27432,333.15,0.39,0.37,2020-11-07,808,N,VIIRS,n,2,303.44,2.5,D,0
30.54816,75.50637,343.64,0.4,0.37,2020-11-07,808,N,VIIRS,n,2,302.63,6.43,D,0
30.54824,75.65571,338.71,0.4,0.37,2020-11-07,808,N,VIIRS,n,2,304.42,3.43,D,0
30.54875,75.51051,343.73,0.4,0.37,2020-11-07,808,N,VIIRS,n,2,305,11.33,D,0
30.54895,76.29563,340.31,0.42,0.37,2020-11-07,808,N,VIIRS,n,2,303.92,5.51,D,0
30.54909,75.99264,347.96,0.41,0.37,2020-11-07,808,N,VIIRS,n,2,303.46,12.64,D,0
30.54927,75.08935,341.06,0.39,0.36,2020-11-07,808,N,VIIRS,n,2,301.29,4.53,D,0
30.54959,75.71553,332.88,0.4,0.37,2020-11-07,808,N,VIIRS,n,2,302.13,2.56,D,0
30.54997,76.07046,334.24,0.41,0.37,2020-11-07,808,N,VIIRS,n,2,305.43,2.19,D,0
30.55028,75.29074,333.53,0.39,0.37,2020-11-07,808,N,VIIRS,n,2,301.78,3.49,D,0
30.55032,76.41135,356.79,0.42,0.38,2020-11-07,808,N,VIIRS,n,2,310.48,17.57,D,0
30.55066,76.10103,334.94,0.41,0.37,2020-11-07,808,N,VIIRS,l,2,308.1,23.8,D,0
30.552,75.60796,340.09,0.4,0.37,2020-11-07,808,N,VIIRS,n,2,302.09,3.34,D,0
30.55259,76.0707,331.47,0.41,0.37,2020-11-07,808,N,VIIRS,l,2,304.18,3.01,D,0
30.5526,76.09701,337.04,0.41,0.37,2020-11-07,808,N,VIIRS,n,2,303.52,9.57,D,0
30.5527,75.51402,334.12,0.4,0.37,2020-11-07,808,N,VIIRS,n,2,305.13,11.33,D,0
30.55283,75.23551,334.33,0.39,0.36,2020-11-07,808,N,VIIRS,n,2,300.27,2.86,D,0
30.55295,75.91792,340.76,0.41,0.37,2020-11-07,808,N,VIIRS,n,2,307.29,19.29,D,0
30.55352,75.26484,334.5,0.39,0.36,2020-11-07,808,N,VIIRS,l,2,308.31,25.74,D,0
30.55456,75.2478,332.81,0.39,0.36,2020-11-07,808,N,VIIRS,n,2,301.97,2.92,D,0
30.5554,76.03954,339.18,0.41,0.37,2020-11-07,808,N,VIIRS,n,2,302.31,5.41,D,0
30.55592,75.18449,330.81,0.39,0.36,2020-11-07,808,N,VIIRS,n,2,299.04,2.32,D,0
30.55595,75.08808,337.16,0.39,0.36,2020-11-07,808,N,VIIRS,n,2,304.41,4.39,D,0
30.55668,75.81761,336.69,0.4,0.37,2020-11-07,808,N,VIIRS,n,2,303.97,3.26,D,0
30.55723,75.02512,334.03,0.39,0.36,2020-11-07,808,N,VIIRS,n,2,301.17,2.11,D,0
30.55831,75.40687,333.55,0.4,0.37,2020-11-07,808,N,VIIRS,n,2,301.88,2.17,D,0
30.55835,75.3483,335.77,0.4,0.37,2020-11-07,808,N,VIIRS,n,2,301.68,3.55,D,0
30.55885,75.50862,347.29,0.4,0.37,2020-11-07,808,N,VIIRS,n,2,315.57,25.17,D,0
30.55929,75.08744,333.79,0.39,0.36,2020-11-07,808,N,VIIRS,n,2,303,4.39,D,0
30.55939,75.33121,339.43,0.4,0.37,2020-11-07,808,N,VIIRS,n,2,302.19,4.59,D,0
30.55945,76.16541,342.67,0.41,0.37,2020-11-07,808,N,VIIRS,n,2,305.95,7.65,D,0
30.5598,75.58942,334.03,0.4,0.37,2020-11-07,808,N,VIIRS,l,2,304.8,3.63,D,0
30.56034,75.28884,332.09,0.39,0.37,2020-11-07,808,N,VIIRS,n,2,301.2,2.4,D,0
30.56061,76.13072,338.95,0.41,0.37,2020-11-07,808,N,VIIRS,n,2,301.8,3.35,D,0
30.56118,76.13501,334.96,0.41,0.37,2020-11-07,808,N,VIIRS,n,2,304.71,3.35,D,0
30.56154,75.60191,333.53,0.4,0.37,2020-11-07,808,N,VIIRS,l,2,303.57,2.79,D,0
30.56166,76.03403,335.03,0.41,0.37,2020-11-07,808,N,VIIRS,n,2,304.27,2.49,D,0
30.56222,75.508,347.99,0.4,0.37,2020-11-07,808,N,VIIRS,n,2,307.58,14.28,D,0
30.56247,75.55907,340.87,0.4,0.37,2020-11-07,808,N,VIIRS,n,2,304.02,3.36,D,0
30.5628,75.51214,332.66,0.4,0.37,2020-11-07,808,N,VIIRS,n,2,302.47,14.28,D,0
30.56317,75.5888,338.32,0.4,0.37,2020-11-07,808,N,VIIRS,n,2,302.23,3.63,D,0
30.56339,75.5163,337.35,0.4,0.37,2020-11-07,808,N,VIIRS,n,2,304.48,5.97,D,0
30.56342,75.41862,331.87,0.4,0.37,2020-11-07,808,N,VIIRS,l,2,303.58,2.31,D,0
30.56364,75.16624,337.04,0.39,0.36,2020-11-07,808,N,VIIRS,n,2,299.97,2.6,D,0
30.5637,75.46947,340.34,0.4,0.37,2020-11-07,808,N,VIIRS,n,2,310.01,10.83,D,0
30.56376,75.59296,337.51,0.4,0.37,2020-11-07,808,N,VIIRS,n,2,303.83,4.9,D,0
30.56451,76.02914,334.69,0.41,0.37,2020-11-07,808,N,VIIRS,n,2,303.43,4.38,D,0
30.56456,75.64841,347.36,0.4,0.37,2020-11-07,808,N,VIIRS,n,2,304.68,6.6,D,0
30.56461,76.1344,336.21,0.41,0.37,2020-11-07,808,N,VIIRS,n,2,306.36,6.83,D,0
30.56473,75.45229,340.51,0.4,0.37,2020-11-07,808,N,VIIRS,n,2,305.9,3.3,D,0
30.56596,75.18259,333.5,0.39,0.36,2020-11-07,808,N,VIIRS,n,2,300.43,1.75,D,0
30.5662,75.41386,342.09,0.4,0.37,2020-11-07,808,N,VIIRS,n,2,304.42,2.31,D,0
30.56679,75.35941,333.09,0.4,0.37,2020-11-07,808,N,VIIRS,n,2,302,2.18,D,0
30.56725,75.21596,332.99,0.39,0.36,2020-11-07,808,N,VIIRS,n,2,302.19,2.2,D,0
30.56726,75.33818,336.42,0.4,0.37,2020-11-07,808,N,VIIRS,n,2,302.3,2.72,D,0
30.56734,76.02425,334.3,0.41,0.37,2020-11-07,808,N,VIIRS,n,2,303.41,4.38,D,0
30.56762,75.29168,333.5,0.39,0.37,2020-11-07,808,N,VIIRS,n,2,300.3,2.62,D,0
30.56779,75.49845,338.31,0.4,0.37,2020-11-07,808,N,VIIRS,n,2,307.46,8.99,D,0
30.56794,75.64779,341.43,0.4,0.37,2020-11-07,808,N,VIIRS,n,2,300.67,3.58,D,0
30.56849,76.0328,335.86,0.41,0.37,2020-11-07,808,N,VIIRS,n,2,305.09,3.79,D,0
30.56878,75.2999,335.69,0.39,0.37,2020-11-07,808,N,VIIRS,n,2,305.35,10.31,D,0
30.56898,75.98466,336.36,0.41,0.37,2020-11-07,808,N,VIIRS,n,2,302.94,3.77,D,0
30.56921,75.68185,333.56,0.4,0.37,2020-11-07,808,N,VIIRS,l,2,305.78,3.35,D,0
30.56981,75.28284,343.18,0.39,0.37,2020-11-07,808,N,VIIRS,n,2,306.67,15.89,D,0
30.57043,75.43497,349.99,0.4,0.37,2020-11-07,808,N,VIIRS,n,2,307.33,10,D,0
30.57043,75.46821,346.08,0.4,0.37,2020-11-07,808,N,VIIRS,n,2,305.47,8.43,D,0
30.5706,75.21532,331.84,0.39,0.36,2020-11-07,808,N,VIIRS,n,2,300.61,2.2,D,0
30.57102,75.47234,332.99,0.4,0.37,2020-11-07,808,N,VIIRS,l,2,303.69,6.16,D,0
30.57117,75.21942,331.59,0.39,0.36,2020-11-07,808,N,VIIRS,n,2,300.55,3.13,D,0
30.5714,75.3924,339.7,0.4,0.37,2020-11-07,808,N,VIIRS,n,2,306.6,15.38,D,0
30.57187,76.00597,340.73,0.41,0.37,2020-11-07,808,N,VIIRS,n,2,304.63,4.7,D,0
30.57189,75.24873,334.91,0.39,0.36,2020-11-07,808,N,VIIRS,n,2,303.46,3.54,D,0
30.57197,75.39651,352.38,0.4,0.37,2020-11-07,808,N,VIIRS,n,2,303.56,5.78,D,0
30.57206,75.08082,342.42,0.39,0.36,2020-11-07,808,N,VIIRS,n,2,302.19,4.21,D,0
30.57207,75.42194,346.91,0.4,0.37,2020-11-07,808,N,VIIRS,n,2,304.67,5.89,D,0
30.57239,75.98404,337.36,0.41,0.37,2020-11-07,808,N,VIIRS,n,2,303.62,4.21,D,0
30.57245,75.37526,330.27,0.4,0.37,2020-11-07,808,N,VIIRS,n,2,304.5,1.87,D,0
30.57255,75.40065,333.37,0.4,0.37,2020-11-07,808,N,VIIRS,n,2,302.15,5.78,D,0
30.57264,75.42606,333.98,0.4,0.37,2020-11-07,808,N,VIIRS,n,2,301.85,5.89,D,0
30.57274,75.01381,332.16,0.39,0.36,2020-11-07,808,N,VIIRS,n,2,301.09,1.24,D,0
30.57277,75.48477,334.58,0.4,0.37,2020-11-07,808,N,VIIRS,n,2,302.6,1.97,D,0
30.5738,75.43433,342.73,0.4,0.37,2020-11-07,808,N,VIIRS,n,2,303.05,10,D,0
30.5738,75.46758,340.99,0.4,0.37,2020-11-07,808,N,VIIRS,n,2,304.8,8.43,D,0
30.5738,75.86639,335.39,0.41,0.37,2020-11-07,808,N,VIIRS,n,2,306.77,7.34,D,0
30.57476,75.39175,345.42,0.4,0.37,2020-11-07,808,N,VIIRS,n,2,307.16,15.38,D,0
30.57497,75.19768,330.19,0.39,0.36,2020-11-07,808,N,VIIRS,l,2,301.08,1.52,D,0
30.5757,75.75375,335.51,0.4,0.37,2020-11-07,808,N,VIIRS,n,2,304.31,2.5,D,0
30.57654,75.56071,334.26,0.4,0.37,2020-11-07,808,N,VIIRS,n,2,303.62,3.99,D,0
30.57667,75.5863,331.39,0.4,0.37,2020-11-07,808,N,VIIRS,n,2,302.03,1.22,D,0
30.57687,75.13855,333.91,0.39,0.36,2020-11-07,808,N,VIIRS,n,2,302.4,2.39,D,0
30.57738,75.61609,347.57,0.4,0.37,2020-11-07,808,N,VIIRS,n,2,303.49,6.71,D,0
30.57761,75.66743,345.4,0.4,0.37,2020-11-07,808,N,VIIRS,n,2,305.81,16.51,D,0
30.57763,76.04865,333.11,0.41,0.37,2020-11-07,808,N,VIIRS,n,2,302.72,2.23,D,0
30.57773,75.09647,346.37,0.39,0.36,2020-11-07,808,N,VIIRS,n,2,303.52,3.5,D,0
30.57789,75.12158,337.35,0.39,0.36,2020-11-07,808,N,VIIRS,n,2,301.58,5.43,D,0
30.57812,75.79641,335.34,0.4,0.37,2020-11-07,808,N,VIIRS,n,2,304.37,2.81,D,0
30.57816,75.54762,335.55,0.4,0.37,2020-11-07,808,N,VIIRS,n,2,301.93,2.64,D,0
30.57909,75.75311,332.7,0.4,0.37,2020-11-07,808,N,VIIRS,n,2,302.4,2.5,D,0
30.57958,75.03756,336.15,0.39,0.36,2020-11-07,808,N,VIIRS,n,2,300.37,1.64,D,0
30.57999,75.30622,346.44,0.39,0.37,2020-11-07,808,N,VIIRS,n,2,305.91,10.54,D,0
30.58013,75.47987,339.04,0.4,0.37,2020-11-07,808,N,VIIRS,n,2,303.68,4.4,D,0
30.58017,75.61129,333.81,0.4,0.37,2020-11-07,808,N,VIIRS,n,2,303.33,2.68,D,0
30.58041,75.66263,332.59,0.4,0.37,2020-11-07,808,N,VIIRS,n,2,300.9,1.79,D,0
30.58107,75.09584,338.86,0.39,0.36,2020-11-07,808,N,VIIRS,n,2,301.44,3.5,D,0
30.58108,75.5684,333.27,0.4,0.37,2020-11-07,808,N,VIIRS,n,2,300.6,4.69,D,0
30.58126,75.33978,347.72,0.4,0.37,2020-11-07,808,N,VIIRS,n,2,303.07,5.74,D,0
30.58218,75.8259,347.06,0.4,0.37,2020-11-07,808,N,VIIRS,n,2,304.43,12.18,D,0
30.5823,75.32267,334.57,0.4,0.37,2020-11-07,808,N,VIIRS,n,2,304.25,2.77,D,0
30.58296,75.6065,336.74,0.4,0.37,2020-11-07,808,N,VIIRS,n,2,305.06,4.66,D,0
30.5835,75.04099,333.79,0.39,0.36,2020-11-07,808,N,VIIRS,n,2,301.79,16.21,D,0
30.58355,75.61066,330.65,0.4,0.37,2020-11-07,808,N,VIIRS,n,2,299.8,4.66,D,0
30.58484,75.64467,332.15,0.4,0.37,2020-11-07,808,N,VIIRS,n,2,301.02,3.66,D,0
30.5853,75.62317,332.3,0.4,0.37,2020-11-07,808,N,VIIRS,n,2,301.54,1.63,D,0
30.58542,75.64884,334.89,0.4,0.37,2020-11-07,808,N,VIIRS,n,2,303.14,6.84,D,0
30.58573,75.12847,336.78,0.39,0.36,2020-11-07,808,N,VIIRS,n,2,304.36,5.1,D,0
30.58597,75.77771,333.58,0.4,0.37,2020-11-07,808,N,VIIRS,l,2,304.61,56.85,D,0
30.58603,75.17878,342.07,0.39,0.36,2020-11-07,808,N,VIIRS,n,2,305.8,5.51,D,0
30.58609,75.42355,333.55,0.4,0.37,2020-11-07,808,N,VIIRS,l,2,303.91,4.65,D,0
30.58624,75.70448,333.43,0.4,0.37,2020-11-07,808,N,VIIRS,n,2,302.17,2.27,D,0
30.58634,75.60587,337.8,0.4,0.37,2020-11-07,808,N,VIIRS,n,2,300.37,4.66,D,0
30.58684,75.04035,343.12,0.39,0.36,2020-11-07,808,N,VIIRS,n,2,311.54,16.21,D,0
30.58686,75.47861,347.3,0.4,0.37,2020-11-07,808,N,VIIRS,n,2,312.3,13.15,D,0
30.587,75.06541,332.36,0.39,0.36,2020-11-07,808,N,VIIRS,n,2,300.06,1.85,D,0
30.58705,75.16179,342.33,0.39,0.36,2020-11-07,808,N,VIIRS,n,2,302.81,3.81,D,0
30.58717,75.66137,337.2,0.4,0.37,2020-11-07,808,N,VIIRS,n,2,301.07,3.43,D,0
30.58743,75.48277,334.19,0.4,0.37,2020-11-07,808,N,VIIRS,n,2,302.89,13.15,D,0
30.58763,75.16588,337.9,0.39,0.36,2020-11-07,808,N,VIIRS,n,2,302.19,2.55,D,0
30.58809,75.51244,335.63,0.4,0.37,2020-11-07,808,N,VIIRS,n,2,302.47,4.2,D,0
30.58821,75.16996,330.55,0.39,0.36,2020-11-07,808,N,VIIRS,l,2,302.29,2.55,D,0
30.58879,75.17405,339.29,0.39,0.36,2020-11-07,808,N,VIIRS,n,2,304,6.79,D,0
30.589,75.03158,332.65,0.39,0.36,2020-11-07,808,N,VIIRS,n,2,302.69,2.2,D,0
30.58913,75.60108,337.1,0.4,0.37,2020-11-07,808,N,VIIRS,n,2,302.34,2.72,D,0
30.58934,75.27493,332.05,0.39,0.37,2020-11-07,808,N,VIIRS,n,2,303.13,2.38,D,0
30.5894,75.5719,332.91,0.4,0.37,2020-11-07,808,N,VIIRS,n,2,301.45,3.02,D,0
30.59023,75.47799,334.86,0.4,0.37,2020-11-07,808,N,VIIRS,n,2,302.21,5.49,D,0
30.59126,75.2156,341.11,0.39,0.36,2020-11-07,808,N,VIIRS,n,2,303.82,4.61,D,0
30.59134,75.04784,333.57,0.39,0.36,2020-11-07,808,N,VIIRS,n,2,302.29,2.94,D,0
30.59253,75.49458,334.05,0.4,0.37,2020-11-07,808,N,VIIRS,n,2,302.39,2.47,D,0
30.5931,75.06007,333.72,0.39,0.36,2020-11-07,808,N,VIIRS,n,2,300.34,2,D,0
30.59311,75.49872,334.04,0.4,0.37,2020-11-07,808,N,VIIRS,n,2,303.52,2.47,D,0
30.59359,75.232,336.35,0.39,0.36,2020-11-07,808,N,VIIRS,n,2,304.04,2.32,D,0
30.59377,75.52842,331.89,0.4,0.37,2020-11-07,808,N,VIIRS,n,2,301.76,3.85,D,0
30.59401,75.98885,345.25,0.41,0.37,2020-11-07,808,N,VIIRS,n,2,310.61,16.53,D,0
30.59408,76.01504,334.44,0.41,0.37,2020-11-07,808,N,VIIRS,n,2,304.8,2.28,D,0
30.59432,75.1646,340.95,0.39,0.36,2020-11-07,808,N,VIIRS,n,2,303.27,11.93,D,0
30.59451,75.66431,341.06,0.4,0.37,2020-11-07,808,N,VIIRS,n,2,305.13,8.44,D,0
30.59466,76.0193,337.01,0.41,0.37,2020-11-07,808,N,VIIRS,n,2,306.83,9.62,D,0
30.59566,75.79751,338.28,0.4,0.37,2020-11-07,808,N,VIIRS,n,2,307.71,6.35,D,0
30.59576,75.82342,340.61,0.4,0.37,2020-11-07,808,N,VIIRS,n,2,301.61,6.86,D,0
30.59607,75.17687,337.69,0.39,0.36,2020-11-07,808,N,VIIRS,n,2,299.9,2.27,D,0
30.59621,75.20206,335.21,0.39,0.36,2020-11-07,808,N,VIIRS,n,2,301.58,4.07,D,0
30.59626,75.03437,339.88,0.39,0.36,2020-11-07,808,N,VIIRS,n,2,303.19,3.85,D,0
30.5966,75.08451,332.59,0.39,0.36,2020-11-07,808,N,VIIRS,n,2,300.06,4.12,D,0
30.59665,75.18095,346.79,0.39,0.36,2020-11-07,808,N,VIIRS,n,2,301.82,3.73,D,0
30.59709,75.73259,342.17,0.4,0.37,2020-11-07,808,N,VIIRS,n,2,302.23,3.77,D,0
30.59714,75.52779,349.17,0.4,0.37,2020-11-07,808,N,VIIRS,n,2,311.35,61.73,D,0
30.5973,75.57897,332.42,0.4,0.37,2020-11-07,808,N,VIIRS,n,2,302.28,4.84,D,0
30.59743,75.98823,349.13,0.41,0.37,2020-11-07,808,N,VIIRS,n,2,306.11,16.53,D,0
30.59749,76.01443,347.13,0.41,0.37,2020-11-07,808,N,VIIRS,n,2,305.58,6.75,D,0
30.59766,75.16398,341.91,0.39,0.36,2020-11-07,808,N,VIIRS,n,2,300.74,11.93,D,0
30.59766,75.26071,332.76,0.39,0.37,2020-11-07,808,N,VIIRS,l,2,302.77,1.9,D,0
30.59801,75.04657,342.25,0.39,0.36,2020-11-07,808,N,VIIRS,n,2,302.97,5.48,D,0
30.59824,75.16805,336.28,0.39,0.36,2020-11-07,808,N,VIIRS,l,2,310.82,11.93,D,0
30.5996,75.59564,341.37,0.4,0.37,2020-11-07,808,N,VIIRS,n,2,301.6,2.9,D,0
30.59977,75.70199,340.25,0.4,0.37,2020-11-07,808,N,VIIRS,n,2,305.19,11.97,D,0
30.59994,75.08387,332.8,0.39,0.36,2020-11-07,808,N,VIIRS,n,2,300.39,4.12,D,0
30.60058,75.18441,336.88,0.39,0.36,2020-11-07,808,N,VIIRS,n,2,301.86,3.73,D,0
30.60101,75.26008,336.87,0.39,0.37,2020-11-07,808,N,VIIRS,n,2,303.82,3.74,D,0
30.60105,75.38258,344.36,0.4,0.37,2020-11-07,808,N,VIIRS,n,2,304.84,13.24,D,0
30.60116,75.18851,330,0.39,0.36,2020-11-07,808,N,VIIRS,l,2,301.92,1.86,D,0
30.60215,75.51408,332.96,0.4,0.37,2020-11-07,808,N,VIIRS,n,2,302.02,2.71,D,0
30.60217,75.2683,344.3,0.39,0.37,2020-11-07,808,N,VIIRS,n,2,306.12,11.99,D,0
30.60272,75.51823,336.85,0.4,0.37,2020-11-07,808,N,VIIRS,n,2,303.37,6.24,D,0
30.60328,75.72715,341.51,0.4,0.37,2020-11-07,808,N,VIIRS,n,2,302.71,3.09,D,0
30.60359,75.32711,335.33,0.4,0.37,2020-11-07,808,N,VIIRS,n,2,303.75,2.99,D,0
30.60395,75.40323,344.36,0.4,0.37,2020-11-07,808,N,VIIRS,n,2,306.87,15.66,D,0
30.60398,75.75716,334.84,0.4,0.37,2020-11-07,808,N,VIIRS,n,2,303.45,3.32,D,0
30.60411,75.04122,345.09,0.39,0.36,2020-11-07,808,N,VIIRS,n,2,302.84,7.73,D,0
30.6045,75.18787,332.54,0.39,0.36,2020-11-07,808,N,VIIRS,l,2,305.36,3.2,D,0
30.60451,75.02024,330.47,0.39,0.36,2020-11-07,808,N,VIIRS,l,2,304,2.47,D,0
30.60469,75.0453,345.08,0.39,0.36,2020-11-07,808,N,VIIRS,n,2,299.58,3.27,D,0
30.60478,75.81313,334.06,0.4,0.37,2020-11-07,808,N,VIIRS,n,2,302.01,2.96,D,0
30.60532,75.46242,338.84,0.4,0.37,2020-11-07,808,N,VIIRS,n,2,301.49,3.89,D,0
30.60533,75.33946,331.14,0.4,0.37,2020-11-07,808,N,VIIRS,l,2,301.91,1.84,D,0
30.60568,75.41563,343.72,0.4,0.37,2020-11-07,808,N,VIIRS,n,2,304.19,8.45,D,0
30.60578,75.12466,333.56,0.39,0.36,2020-11-07,808,N,VIIRS,n,2,301.98,4.4,D,0
30.60637,75.12874,336.91,0.39,0.36,2020-11-07,808,N,VIIRS,n,2,306.18,8.98,D,0
30.60773,75.50451,334.34,0.4,0.37,2020-11-07,808,N,VIIRS,n,2,304.04,12.51,D,0
30.60812,75.14099,341.88,0.39,0.36,2020-11-07,808,N,VIIRS,n,2,310.8,20.58,D,0
30.60821,75.06973,339.24,0.39,0.36,2020-11-07,808,N,VIIRS,n,2,300.78,5.53,D,0
30.60821,75.48314,334.41,0.4,0.37,2020-11-07,808,N,VIIRS,n,2,302.01,3.37,D,0
30.60879,75.07381,346.85,0.39,0.36,2020-11-07,808,N,VIIRS,n,2,302.58,5.53,D,0
30.60893,75.38958,347.07,0.4,0.37,2020-11-07,808,N,VIIRS,n,2,305.63,7.37,D,0
30.60914,75.31762,339.38,0.4,0.37,2020-11-07,808,N,VIIRS,n,2,303.49,2.71,D,0
30.60985,75.34708,334.08,0.4,0.37,2020-11-07,808,N,VIIRS,n,2,302.78,2.32,D,0
30.61006,76.02964,331.16,0.41,0.37,2020-11-07,808,N,VIIRS,l,2,304.1,1.19,D,0
30.61021,75.42328,348.42,0.4,0.37,2020-11-07,808,N,VIIRS,n,2,305.19,7.56,D,0
30.61177,75.02303,331.69,0.39,0.36,2020-11-07,808,N,VIIRS,l,2,303.69,2.73,D,0
30.61229,75.38895,344.32,0.4,0.37,2020-11-07,808,N,VIIRS,n,2,304.81,11.1,D,0
30.61287,75.39308,333.9,0.4,0.37,2020-11-07,808,N,VIIRS,n,2,302.88,11.1,D,0
30.61288,75.10234,334.95,0.39,0.36,2020-11-07,808,N,VIIRS,n,2,300.87,4.54,D,0
30.61294,75.03117,346.05,0.39,0.36,2020-11-07,808,N,VIIRS,n,2,305.69,8.49,D,0
30.61299,75.41851,336.34,0.4,0.37,2020-11-07,808,N,VIIRS,n,2,302.99,9.28,D,0
30.6132,75.34644,333.83,0.4,0.37,2020-11-07,808,N,VIIRS,n,2,300.41,2.31,D,0
30.61347,75.10642,335.23,0.39,0.36,2020-11-07,808,N,VIIRS,n,2,303.28,4.54,D,0
30.61372,75.9286,337.18,0.41,0.37,2020-11-07,808,N,VIIRS,n,2,302.05,4.08,D,0
30.61389,75.4991,335.37,0.4,0.37,2020-11-07,808,N,VIIRS,n,2,306.31,17.46,D,0
30.6148,75.911,342.58,0.41,0.37,2020-11-07,808,N,VIIRS,n,2,306.32,14.88,D,0
30.61569,75.02647,348.37,0.39,0.36,2020-11-07,808,N,VIIRS,n,2,304.92,10.74,D,0
30.61623,75.39245,335.25,0.4,0.37,2020-11-07,808,N,VIIRS,n,2,304.31,11.1,D,0
30.61628,75.03053,348.08,0.39,0.36,2020-11-07,808,N,VIIRS,n,2,305.25,10.74,D,0
30.61635,75.41788,336.4,0.4,0.37,2020-11-07,808,N,VIIRS,n,2,301.44,8.76,D,0
30.61635,75.87164,333.07,0.41,0.37,2020-11-07,808,N,VIIRS,n,2,302.68,3.05,D,0
30.61639,75.12684,344.09,0.39,0.36,2020-11-07,808,N,VIIRS,n,2,308.39,11.68,D,0
30.61658,76.12946,334.83,0.41,0.37,2020-11-07,808,N,VIIRS,n,2,304.76,4.07,D,0
30.61664,75.94984,332.48,0.41,0.37,2020-11-07,808,N,VIIRS,n,2,304.48,1.99,D,0
30.61687,75.0346,335.05,0.39,0.36,2020-11-07,808,N,VIIRS,n,2,305.19,11.54,D,0
30.61689,76.34229,332.71,0.42,0.38,2020-11-07,808,N,VIIRS,n,2,304.26,2.46,D,0
30.61693,75.42201,334,0.4,0.37,2020-11-07,808,N,VIIRS,n,2,301.31,1.94,D,0
30.61698,75.13092,331.2,0.39,0.36,2020-11-07,808,N,VIIRS,n,2,300.83,11.68,D,0
30.61812,75.57938,331.28,0.4,0.37,2020-11-07,808,N,VIIRS,n,2,303.01,4.48,D,0
30.61847,75.83657,347.48,0.41,0.37,2020-11-07,808,N,VIIRS,n,2,308.03,8.1,D,0
30.6187,75.58354,333.11,0.4,0.37,2020-11-07,808,N,VIIRS,n,2,302.41,7.11,D,0
30.61903,75.02583,345.08,0.39,0.36,2020-11-07,808,N,VIIRS,n,2,304.44,10.74,D,0
30.61962,75.02989,342.01,0.39,0.36,2020-11-07,808,N,VIIRS,n,2,307.06,10.74,D,0
30.6202,75.03396,346.47,0.39,0.36,2020-11-07,808,N,VIIRS,n,2,304.73,11.54,D,0
30.62023,76.00157,333.01,0.41,0.37,2020-11-07,808,N,VIIRS,n,2,303.58,1.8,D,0
30.62066,75.67317,337.08,0.4,0.37,2020-11-07,808,N,VIIRS,n,2,308.85,22.99,D,0
30.62148,75.78069,333.17,0.4,0.37,2020-11-07,808,N,VIIRS,n,2,302.51,3.24,D,0
30.62179,75.50616,337.93,0.4,0.37,2020-11-07,808,N,VIIRS,n,2,301.06,6.81,D,0
30.62182,75.03398,345.12,0.39,0.36,2020-11-07,808,N,VIIRS,n,2,304.78,9.44,D,0
30.62198,75.86193,331.89,0.41,0.37,2020-11-07,808,N,VIIRS,n,2,302.31,1.37,D,0
30.62219,75.914,334.9,0.41,0.37,2020-11-07,808,N,VIIRS,n,2,302.44,3.24,D,0
30.6224,75.19289,335.55,0.39,0.36,2020-11-07,808,N,VIIRS,l,2,309.62,33.76,D,0
30.62397,75.64681,334.53,0.4,0.37,2020-11-07,808,N,VIIRS,n,2,300.89,1.63,D,0
30.62399,75.37405,338.76,0.4,0.37,2020-11-07,808,N,VIIRS,n,2,303.83,5.84,D,0
30.62399,75.49722,332.8,0.4,0.37,2020-11-07,808,N,VIIRS,n,2,300.66,1.8,D,0
30.62404,75.67255,336.81,0.4,0.37,2020-11-07,808,N,VIIRS,n,2,304.22,5.5,D,0
30.6242,75.54836,342.69,0.4,0.37,2020-11-07,808,N,VIIRS,n,2,304.89,5.47,D,0
30.62431,75.06247,338.1,0.39,0.36,2020-11-07,808,N,VIIRS,n,2,302.93,3.76,D,0
30.62457,75.37817,337.11,0.4,0.37,2020-11-07,808,N,VIIRS,n,2,302.68,10.6,D,0
30.62466,75.11267,332.58,0.39,0.36,2020-11-07,808,N,VIIRS,n,2,301.96,4.88,D,0
30.62588,75.06249,338.87,0.39,0.36,2020-11-07,808,N,VIIRS,n,2,302.73,2.98,D,0
30.62607,75.07469,331.37,0.39,0.36,2020-11-07,808,N,VIIRS,l,2,304.89,2.91,D,0
30.62625,75.09979,344.56,0.39,0.36,2020-11-07,808,N,VIIRS,n,2,304.32,9.93,D,0
30.62631,75.51383,341.41,0.4,0.37,2020-11-07,808,N,VIIRS,n,2,301.65,3.88,D,0
30.62793,75.37754,353.48,0.4,0.37,2020-11-07,808,N,VIIRS,n,2,306.65,10.6,D,0
30.62808,75.20863,332.1,0.39,0.36,2020-11-07,808,N,VIIRS,n,2,301.62,1.61,D,0
30.62832,75.80536,348.38,0.4,0.37,2020-11-07,808,N,VIIRS,n,2,306.45,12.78,D,0
30.62872,75.7319,340.38,0.4,0.37,2020-11-07,808,N,VIIRS,n,2,305.12,5.89,D,0
30.63017,75.92125,338.37,0.41,0.37,2020-11-07,808,N,VIIRS,n,2,304.22,2.87,D,0
30.63052,75.09515,346.54,0.39,0.36,2020-11-07,808,N,VIIRS,n,2,301.75,4.9,D,0
30.63069,75.1787,337.41,0.39,0.36,2020-11-07,808,N,VIIRS,n,2,302,3.92,D,0
30.6307,75.37278,339.81,0.4,0.37,2020-11-07,808,N,VIIRS,n,2,308.04,19.93,D,0
30.63096,75.72288,336.05,0.4,0.37,2020-11-07,808,N,VIIRS,n,2,300.59,3.55,D,0
30.63189,75.50427,335.9,0.4,0.37,2020-11-07,808,N,VIIRS,n,2,300.49,3.54,D,0
30.63211,75.73128,344.11,0.4,0.37,2020-11-07,808,N,VIIRS,n,2,303.22,8.84,D,0
30.63236,75.48288,339.01,0.4,0.37,2020-11-07,808,N,VIIRS,n,2,302.49,3.95,D,0
30.63328,75.09043,346.86,0.39,0.36,2020-11-07,808,N,VIIRS,n,2,303.84,4.9,D,0
30.63369,75.69225,337.54,0.4,0.37,2020-11-07,808,N,VIIRS,n,2,303.03,3.61,D,0
30.63397,76.02532,331.36,0.41,0.37,2020-11-07,808,N,VIIRS,l,2,305.93,2.71,D,0
30.63403,75.17807,336.56,0.39,0.36,2020-11-07,808,N,VIIRS,n,2,300.79,3.92,D,0
30.63455,76.0296,332.44,0.41,0.37,2020-11-07,808,N,VIIRS,l,2,303.56,4.51,D,0
30.63514,76.03387,334.66,0.41,0.37,2020-11-07,808,N,VIIRS,n,2,305.46,4.51,D,0
30.63523,75.38041,344.01,0.4,0.37,2020-11-07,808,N,VIIRS,n,2,303.23,5.78,D,0
30.63573,75.48225,349.35,0.4,0.37,2020-11-07,808,N,VIIRS,n,2,303.72,3.95,D,0
30.63583,75.28725,345.67,0.39,0.37,2020-11-07,808,N,VIIRS,n,2,302.84,7.19,D,0
30.63733,75.119,334.14,0.39,0.36,2020-11-07,808,N,VIIRS,n,2,302.31,3.13,D,0
30.63738,76.0247,336.03,0.41,0.37,2020-11-07,808,N,VIIRS,n,2,303.53,2.71,D,0
30.63741,75.82102,333.55,0.41,0.37,2020-11-07,808,N,VIIRS,l,2,304.65,5.66,D,0
30.6375,75.87304,333.76,0.41,0.37,2020-11-07,808,N,VIIRS,l,2,303.97,2.66,D,0
30.63796,75.18152,331.94,0.39,0.36,2020-11-07,808,N,VIIRS,n,2,300.22,1.89,D,0
30.63798,75.82525,333.2,0.41,0.37,2020-11-07,808,N,VIIRS,n,2,303.12,5.66,D,0
30.63827,75.42651,339.58,0.4,0.37,2020-11-07,808,N,VIIRS,n,2,302.55,3.76,D,0
30.63836,75.10203,341.47,0.39,0.36,2020-11-07,808,N,VIIRS,n,2,304.61,2.84,D,0
30.63893,75.10611,346.24,0.39,0.36,2020-11-07,808,N,VIIRS,n,2,305.73,13.33,D,0
30.63931,75.68262,332.27,0.4,0.37,2020-11-07,808,N,VIIRS,n,2,301.7,1.84,D,0
30.63984,75.91608,346.23,0.41,0.37,2020-11-07,808,N,VIIRS,n,2,307.36,8.63,D,0
30.64195,75.37915,343.74,0.4,0.37,2020-11-07,808,N,VIIRS,n,2,302.5,4.97,D,0
30.64297,75.36201,334.33,0.4,0.37,2020-11-07,808,N,VIIRS,n,2,302.24,3.88,D,0
30.64324,75.1851,335.57,0.39,0.36,2020-11-07,808,N,VIIRS,n,2,299.41,1.97,D,0
30.6437,75.39154,333.67,0.4,0.37,2020-11-07,808,N,VIIRS,n,2,302.21,3.07,D,0
30.64432,75.51901,347.25,0.4,0.37,2020-11-07,808,N,VIIRS,n,2,301.27,5.07,D,0
30.64434,75.66879,335.52,0.4,0.37,2020-11-07,808,N,VIIRS,n,2,303.93,3.7,D,0
30.64508,75.72458,333.08,0.4,0.37,2020-11-07,808,N,VIIRS,n,2,304.4,3.93,D,0
30.64541,75.20955,345.01,0.39,0.36,2020-11-07,808,N,VIIRS,n,2,308.14,14.89,D,0
30.64546,75.88026,345.49,0.41,0.37,2020-11-07,808,N,VIIRS,n,2,304.33,7.77,D,0
30.64641,75.48452,332.31,0.4,0.37,2020-11-07,808,N,VIIRS,l,2,302.69,3.33,D,0
30.6467,75.20969,342.1,0.39,0.36,2020-11-07,808,N,VIIRS,n,2,306.36,18.73,D,0
30.64769,75.51838,338.89,0.4,0.37,2020-11-07,808,N,VIIRS,n,2,300.72,5.07,D,0
30.64775,75.89723,333.17,0.41,0.37,2020-11-07,808,N,VIIRS,l,2,304.42,8.75,D,0
30.64794,75.12117,337.11,0.39,0.36,2020-11-07,808,N,VIIRS,n,2,308.5,7.65,D,0
30.64851,75.12526,345.87,0.39,0.36,2020-11-07,808,N,VIIRS,n,2,304.64,7.65,D,0
30.6487,75.62508,330.68,0.4,0.37,2020-11-07,808,N,VIIRS,l,2,303.28,6.93,D,0
30.64886,75.5267,345.94,0.4,0.37,2020-11-07,808,N,VIIRS,n,2,302.24,9.38,D,0
30.64927,75.62926,333.45,0.4,0.37,2020-11-07,808,N,VIIRS,n,2,303.59,5.91,D,0
30.64952,75.4329,333.73,0.4,0.37,2020-11-07,808,N,VIIRS,n,2,302.39,2.55,D,0
30.64978,75.48389,338.16,0.4,0.37,2020-11-07,808,N,VIIRS,n,2,300.71,3.33,D,0
30.64984,75.0621,347.82,0.39,0.36,2020-11-07,808,N,VIIRS,n,2,319.67,44.23,D,0
30.65005,75.91422,338.99,0.41,0.37,2020-11-07,808,N,VIIRS,n,2,305.99,7.42,D,0
30.65051,75.18792,341.33,0.39,0.36,2020-11-07,808,N,VIIRS,n,2,302.89,6.1,D,0
30.65127,75.44532,346.78,0.4,0.37,2020-11-07,808,N,VIIRS,n,2,307.17,6.99,D,0
30.65128,75.12054,335.65,0.39,0.36,2020-11-07,808,N,VIIRS,n,2,302.01,7.65,D,0
30.65207,75.62445,332.56,0.4,0.37,2020-11-07,808,N,VIIRS,n,2,302.07,2.53,D,0
30.65261,76.37174,334.35,0.42,0.38,2020-11-07,808,N,VIIRS,n,2,301.3,3.41,D,0
30.65266,75.62864,334.09,0.4,0.37,2020-11-07,808,N,VIIRS,n,2,302.64,3.62,D,0
30.65289,75.90935,343.63,0.41,0.37,2020-11-07,808,N,VIIRS,n,2,307.8,15.04,D,0
30.65349,75.33886,333.59,0.4,0.37,2020-11-07,808,N,VIIRS,n,2,301.28,1.91,D,0
30.6535,75.93972,334.58,0.41,0.37,2020-11-07,808,N,VIIRS,n,2,304.89,2.52,D,0
30.65489,75.17027,336.62,0.39,0.36,2020-11-07,808,N,VIIRS,n,2,302.1,4.34,D,0
30.6555,75.0778,334.46,0.39,0.36,2020-11-07,808,N,VIIRS,l,2,304.81,11.4,D,0
30.65553,76.39363,334.34,0.42,0.38,2020-11-07,808,N,VIIRS,n,2,302.99,3.95,D,0
30.65571,75.22483,332.9,0.39,0.36,2020-11-07,808,N,VIIRS,n,2,302.28,1.74,D,0
30.65582,75.72691,331.2,0.4,0.37,2020-11-07,808,N,VIIRS,n,2,302.78,2.14,D,0
30.65669,76.4024,353.27,0.42,0.38,2020-11-07,808,N,VIIRS,n,2,308.2,17.34,D,0
30.6567,75.41032,340.25,0.4,0.37,2020-11-07,808,N,VIIRS,n,2,304.98,6.33,D,0
30.65689,75.70949,341.41,0.4,0.37,2020-11-07,808,N,VIIRS,n,2,303.82,4.67,D,0
30.65699,75.36361,338.66,0.4,0.37,2020-11-07,808,N,VIIRS,n,2,302.39,3.48,D,0
30.65739,75.68787,334.45,0.4,0.37,2020-11-07,808,N,VIIRS,l,2,304.94,5.33,D,0
30.65765,75.16553,333.28,0.39,0.36,2020-11-07,808,N,VIIRS,n,2,302.52,2,D,0
30.65767,75.069,344.57,0.39,0.36,2020-11-07,808,N,VIIRS,n,2,304.39,14,D,0
30.65796,75.11926,347.65,0.39,0.36,2020-11-07,808,N,VIIRS,n,2,304.11,5.41,D,0
30.65826,75.07307,337.57,0.39,0.36,2020-11-07,808,N,VIIRS,n,2,305.34,14,D,0
30.65854,75.12335,337.19,0.39,0.36,2020-11-07,808,N,VIIRS,n,2,302.22,5.41,D,0
30.65884,75.07716,339.49,0.39,0.36,2020-11-07,808,N,VIIRS,n,2,304.87,11.4,D,0
30.65916,75.45235,333.07,0.4,0.37,2020-11-07,808,N,VIIRS,n,2,302.44,2.63,D,0
30.65946,75.30814,331.92,0.4,0.37,2020-11-07,808,N,VIIRS,n,2,301.83,1.79,D,0
30.65976,75.25359,347.1,0.39,0.37,2020-11-07,808,N,VIIRS,n,2,307.09,11.54,D,0
30.66055,75.30835,336.77,0.4,0.37,2020-11-07,808,N,VIIRS,n,2,301.71,4.82,D,0
30.66077,75.68726,334.97,0.4,0.37,2020-11-07,808,N,VIIRS,n,2,302.6,5.57,D,0
30.66109,75.39252,333.49,0.4,0.37,2020-11-07,808,N,VIIRS,n,2,302.59,2.78,D,0
30.6616,75.29124,331.05,0.4,0.37,2020-11-07,808,N,VIIRS,n,2,304.46,1.95,D,0
30.66175,76.33433,334.33,0.42,0.38,2020-11-07,808,N,VIIRS,l,2,305.95,9.78,D,0
30.66365,76.19166,330.2,0.41,0.37,2020-11-07,808,N,VIIRS,n,2,301.94,4.11,D,0
30.6637,75.46,337.7,0.4,0.37,2020-11-07,808,N,VIIRS,n,2,304.86,4.25,D,0
30.66392,75.08876,332.2,0.39,0.36,2020-11-07,808,N,VIIRS,l,2,303.35,5.61,D,0
30.6645,75.09285,334.04,0.39,0.36,2020-11-07,808,N,VIIRS,l,2,305.32,8.27,D,0
30.66525,75.54498,331.69,0.4,0.37,2020-11-07,808,N,VIIRS,n,2,301.36,3.47,D,0
30.66583,75.54915,339.69,0.4,0.37,2020-11-07,808,N,VIIRS,n,2,304.29,8.39,D,0
30.66679,75.32832,341.89,0.4,0.37,2020-11-07,808,N,VIIRS,n,2,303.39,5.34,D,0
30.66709,76.19105,340.19,0.41,0.37,2020-11-07,808,N,VIIRS,n,2,302.77,4.11,D,0
30.66737,75.33244,341.8,0.4,0.37,2020-11-07,808,N,VIIRS,n,2,300.74,5.34,D,0
30.66766,75.36584,333.21,0.4,0.37,2020-11-07,808,N,VIIRS,n,2,301.75,2.63,D,0
30.66795,75.33657,347.74,0.4,0.37,2020-11-07,808,N,VIIRS,n,2,310.74,12.07,D,0
30.66862,75.3661,334.02,0.4,0.37,2020-11-07,808,N,VIIRS,n,2,299.22,4.38,D,0
30.6691,75.34482,332.68,0.4,0.37,2020-11-07,808,N,VIIRS,n,2,301.57,2.3,D,0
30.66929,75.1507,338.5,0.39,0.36,2020-11-07,808,N,VIIRS,n,2,304.88,3.64,D,0
30.66946,75.2982,345.43,0.4,0.37,2020-11-07,808,N,VIIRS,n,2,304.21,8.94,D,0
30.66953,75.50151,338.64,0.4,0.37,2020-11-07,808,N,VIIRS,n,2,301.07,3.02,D,0
30.66957,75.32356,343.31,0.4,0.37,2020-11-07,808,N,VIIRS,n,2,312.68,31.38,D,0
30.66986,75.70278,339.36,0.4,0.37,2020-11-07,808,N,VIIRS,n,2,303.12,5.4,D,0
30.66993,76.18611,331.03,0.41,0.37,2020-11-07,808,N,VIIRS,l,2,301.3,1.79,D,0
30.67037,75.55685,337.73,0.4,0.37,2020-11-07,808,N,VIIRS,n,2,303.7,6.1,D,0
30.67049,75.9105,338.76,0.41,0.37,2020-11-07,808,N,VIIRS,n,2,304.46,5.74,D,0
30.6713,75.33595,343.66,0.4,0.37,2020-11-07,808,N,VIIRS,n,2,308.21,25.47,D,0
30.67175,75.39475,335.74,0.4,0.37,2020-11-07,808,N,VIIRS,n,2,302.53,4.88,D,0
30.67198,75.36547,344.39,0.4,0.37,2020-11-07,808,N,VIIRS,n,2,304.79,4.38,D,0
30.67208,75.3909,330.32,0.4,0.37,2020-11-07,808,N,VIIRS,l,2,301.96,1.76,D,0
30.67209,75.69376,346.06,0.4,0.37,2020-11-07,808,N,VIIRS,n,2,310.15,19.29,D,0
30.67254,76.18675,339.69,0.41,0.37,2020-11-07,808,N,VIIRS,n,2,302.92,4.29,D,0
30.67267,75.69796,331.56,0.4,0.37,2020-11-07,808,N,VIIRS,l,2,303.74,19.29,D,0
30.67336,76.18549,330.42,0.41,0.37,2020-11-07,808,N,VIIRS,l,2,302.1,1.79,D,0
30.67355,76.23867,333.49,0.42,0.37,2020-11-07,808,N,VIIRS,n,2,301.92,2.09,D,0
30.67362,75.22987,336.94,0.39,0.36,2020-11-07,808,N,VIIRS,n,2,307.89,14.75,D,0
30.67401,75.96219,342.57,0.41,0.37,2020-11-07,808,N,VIIRS,n,2,306.79,6.4,D,0
30.67437,75.0658,333.22,0.39,0.36,2020-11-07,808,N,VIIRS,l,2,304.4,5.92,D,0
30.67444,75.28459,335.8,0.4,0.37,2020-11-07,808,N,VIIRS,n,2,300.45,3.38,D,0
30.67524,75.51752,338.02,0.4,0.37,2020-11-07,808,N,VIIRS,n,2,303.22,3.58,D,0
30.67541,76.2084,333.44,0.42,0.37,2020-11-07,808,N,VIIRS,n,2,304.51,2.86,D,0
30.67595,75.67155,330.23,0.4,0.37,2020-11-07,808,N,VIIRS,n,2,302.3,1.8,D,0
30.67622,75.00684,347.05,0.39,0.36,2020-11-07,808,N,VIIRS,n,2,305.88,11.45,D,0
30.67638,75.0319,333.54,0.39,0.36,2020-11-07,808,N,VIIRS,n,2,303.67,4.66,D,0
30.67644,75.42786,331.69,0.4,0.37,2020-11-07,808,N,VIIRS,l,2,302.58,3.03,D,0
30.6769,76.21145,333.01,0.41,0.37,2020-11-07,808,N,VIIRS,n,2,302.77,2.87,D,0
30.67697,75.03597,333.76,0.39,0.36,2020-11-07,808,N,VIIRS,n,2,303.71,4.66,D,0
30.67717,75.40268,338.13,0.4,0.37,2020-11-07,808,N,VIIRS,l,2,313.02,34.36,D,0
30.67767,75.8353,332.57,0.41,0.37,2020-11-07,808,N,VIIRS,n,2,302.28,0.97,D,0
30.67825,75.26275,334.89,0.39,0.37,2020-11-07,808,N,VIIRS,n,2,300.88,2.61,D,0
30.67887,75.5681,347.21,0.4,0.37,2020-11-07,808,N,VIIRS,n,2,305.17,10.36,D,0
30.67889,75.16991,334.11,0.39,0.36,2020-11-07,808,N,VIIRS,n,2,302.02,2.28,D,0
30.67995,75.3979,346.39,0.4,0.37,2020-11-07,808,N,VIIRS,n,2,310.84,24.98,D,0
30.68053,75.40205,330.95,0.4,0.37,2020-11-07,808,N,VIIRS,l,2,302.19,4.18,D,0
30.68067,75.48239,337.93,0.4,0.37,2020-11-07,808,N,VIIRS,n,2,302.23,5.87,D,0
30.6812,75.43166,334.85,0.4,0.37,2020-11-07,808,N,VIIRS,n,2,302.19,3.68,D,0
30.68128,75.45718,330.99,0.4,0.37,2020-11-07,808,N,VIIRS,l,2,301.03,3.75,D,0
30.68133,75.61047,331.26,0.4,0.37,2020-11-07,808,N,VIIRS,n,2,301.19,0.9,D,0
30.68155,76.04404,333.69,0.41,0.37,2020-11-07,808,N,VIIRS,n,2,306.28,3.55,D,0
30.6816,75.26212,336.19,0.39,0.37,2020-11-07,808,N,VIIRS,n,2,301.06,3.38,D,0
30.68177,75.43581,342.75,0.4,0.37,2020-11-07,808,N,VIIRS,n,2,305.66,6.22,D,0
30.68186,75.91713,343.78,0.41,0.37,2020-11-07,808,N,VIIRS,n,2,305.36,9.24,D,0
30.68204,75.99573,334.23,0.41,0.37,2020-11-07,808,N,VIIRS,n,2,304.05,2.4,D,0
30.68226,75.41447,334.22,0.4,0.37,2020-11-07,808,N,VIIRS,n,2,304.07,3.92,D,0
30.68237,75.1945,346.65,0.39,0.36,2020-11-07,808,N,VIIRS,n,2,303.38,4.58,D,0
30.68283,75.41862,333.62,0.4,0.37,2020-11-07,808,N,VIIRS,n,2,303.67,3.18,D,0
30.68295,75.1986,333,0.39,0.36,2020-11-07,808,N,VIIRS,l,2,303.37,2.87,D,0
30.68321,75.24915,337.59,0.39,0.37,2020-11-07,808,N,VIIRS,n,2,302.57,3.41,D,0
30.68321,75.79962,335.82,0.4,0.37,2020-11-07,808,N,VIIRS,n,2,308.3,11.07,D,0
30.68322,75.05572,335.12,0.39,0.36,2020-11-07,808,N,VIIRS,n,2,304.75,4.98,D,0
30.6835,75.44825,333.3,0.4,0.37,2020-11-07,808,N,VIIRS,n,2,301.57,4.14,D,0
30.6838,75.25327,334.02,0.39,0.37,2020-11-07,808,N,VIIRS,n,2,300.97,3.41,D,0
30.68463,75.48591,335.38,0.4,0.37,2020-11-07,808,N,VIIRS,n,2,299.53,2.09,D,0
30.68497,76.04341,334.97,0.41,0.37,2020-11-07,808,N,VIIRS,n,2,304.57,3.55,D,0
30.685,75.16454,347.77,0.39,0.36,2020-11-07,808,N,VIIRS,n,2,305.6,8.1,D,0
30.68505,75.40969,334.9,0.4,0.37,2020-11-07,808,N,VIIRS,n,2,302.65,3.92,D,0
30.68514,75.18977,343.99,0.39,0.36,2020-11-07,808,N,VIIRS,n,2,307.82,11.58,D,0
30.68531,75.48624,335.1,0.4,0.37,2020-11-07,808,N,VIIRS,n,2,300.21,2.91,D,0
30.68545,75.79056,334.56,0.4,0.37,2020-11-07,808,N,VIIRS,n,2,303.23,2.32,D,0
30.68598,75.051,340.05,0.39,0.36,2020-11-07,808,N,VIIRS,n,2,304.87,3.26,D,0
30.68612,76.41067,332.37,0.42,0.38,2020-11-07,808,N,VIIRS,n,2,304.33,4.81,D,0
30.68629,75.44347,341.99,0.4,0.37,2020-11-07,808,N,VIIRS,n,2,310.69,27.54,D,0
30.68657,75.24851,339.34,0.39,0.37,2020-11-07,808,N,VIIRS,n,2,305.52,9.38,D,0
30.6866,75.15162,331.93,0.39,0.36,2020-11-07,808,N,VIIRS,n,2,304.25,2.32,D,0
30.68687,75.44762,339.56,0.4,0.37,2020-11-07,808,N,VIIRS,l,2,310.71,27.54,D,0
30.68718,75.15572,332.97,0.39,0.36,2020-11-07,808,N,VIIRS,n,2,304.72,3.05,D,0
30.68744,75.45177,336.2,0.4,0.37,2020-11-07,808,N,VIIRS,n,2,301.37,2.37,D,0
30.68859,75.46007,330.65,0.4,0.37,2020-11-07,808,N,VIIRS,l,2,303.15,2.49,D,0
30.68932,75.05036,338.25,0.39,0.36,2020-11-07,808,N,VIIRS,n,2,303.82,3.26,D,0
30.6895,76.02504,331.84,0.41,0.37,2020-11-07,808,N,VIIRS,n,2,301.08,1.28,D,0
30.68951,75.1721,342.91,0.39,0.36,2020-11-07,808,N,VIIRS,n,2,304.63,10.1,D,0
30.68958,76.41005,334.78,0.42,0.38,2020-11-07,808,N,VIIRS,n,2,304.49,4.81,D,0
30.69029,75.72488,346.58,0.4,0.37,2020-11-07,808,N,VIIRS,n,2,309.29,10.76,D,0
30.69144,75.33214,345,0.4,0.37,2020-11-07,808,N,VIIRS,n,2,305.24,13.93,D,0
30.69196,75.45943,333.42,0.4,0.37,2020-11-07,808,N,VIIRS,n,2,303.06,2.49,D,0
30.69228,75.99387,347.68,0.41,0.37,2020-11-07,808,N,VIIRS,n,2,306.02,6.77,D,0
30.69242,75.19259,339.86,0.39,0.36,2020-11-07,808,N,VIIRS,n,2,307.29,9.73,D,0
30.69386,75.52306,332.56,0.4,0.37,2020-11-07,808,N,VIIRS,n,2,301.62,3.09,D,0
30.69407,75.01178,342.29,0.39,0.36,2020-11-07,808,N,VIIRS,n,2,304.14,12.26,D,0
30.69415,75.70261,346.47,0.4,0.37,2020-11-07,808,N,VIIRS,n,2,308.25,9.88,D,0
30.69456,75.40366,339.37,0.4,0.37,2020-11-07,808,N,VIIRS,n,2,305.75,3.85,D,0
30.69484,75.60796,334.78,0.4,0.37,2020-11-07,808,N,VIIRS,l,2,304.84,2.98,D,0
30.69497,75.63367,334.18,0.4,0.37,2020-11-07,808,N,VIIRS,n,2,301.58,2.23,D,0
30.69531,75.11634,347.54,0.39,0.36,2020-11-07,808,N,VIIRS,n,2,306.95,5.67,D,0
30.6957,75.99324,344.85,0.41,0.37,2020-11-07,808,N,VIIRS,n,2,315.54,45.85,D,0
30.69629,75.41608,344.13,0.4,0.37,2020-11-07,808,N,VIIRS,n,2,304.1,6.13,D,0
30.69652,76.12937,333.32,0.41,0.37,2020-11-07,808,N,VIIRS,n,2,303.15,2.17,D,0
30.69706,75.12862,334.86,0.39,0.36,2020-11-07,808,N,VIIRS,n,2,301.71,2.16,D,0
30.69749,75.10753,334.49,0.39,0.36,2020-11-07,808,N,VIIRS,n,2,303.39,2.16,D,0
30.69764,75.47542,331.93,0.4,0.37,2020-11-07,808,N,VIIRS,n,2,300.12,1.81,D,0
30.69865,76.04093,336.45,0.41,0.37,2020-11-07,808,N,VIIRS,n,2,305.06,4.28,D,0
30.69866,75.1157,332.71,0.39,0.36,2020-11-07,808,N,VIIRS,l,2,303.09,5.67,D,0
30.69879,75.48373,337.33,0.4,0.37,2020-11-07,808,N,VIIRS,n,2,301.03,2.02,D,0
30.6988,75.61151,345.26,0.4,0.37,2020-11-07,808,N,VIIRS,n,2,304.13,12.35,D,0
30.69894,76.27977,338.63,0.42,0.37,2020-11-07,808,N,VIIRS,n,2,310.22,18.56,D,0
30.69924,75.1198,333.45,0.39,0.36,2020-11-07,808,N,VIIRS,n,2,301.58,6.11,D,0
30.70026,75.5946,343.68,0.4,0.37,2020-11-07,808,N,VIIRS,n,2,306.83,13.69,D,0
30.70042,75.59835,332.1,0.4,0.37,2020-11-07,808,N,VIIRS,l,2,302.13,13.51,D,0
30.70077,75.80074,337.16,0.4,0.37,2020-11-07,808,N,VIIRS,n,2,303.17,3.45,D,0
30.70083,75.10689,331.42,0.39,0.36,2020-11-07,808,N,VIIRS,l,2,302.32,2.97,D,0
30.70204,75.83519,333.17,0.41,0.37,2020-11-07,808,N,VIIRS,n,2,302.38,1.84,D,0
30.70239,76.27915,312.41,0.42,0.37,2020-11-07,808,N,VIIRS,l,2,314.97,18.56,D,0
30.70297,76.28351,335.2,0.42,0.37,2020-11-07,808,N,VIIRS,n,2,304.89,38.19,D,0
30.70383,75.34676,342.87,0.4,0.37,2020-11-07,808,N,VIIRS,n,2,311.08,17.94,D,0
30.70417,75.80012,350.93,0.4,0.37,2020-11-07,808,N,VIIRS,n,2,308.63,12.96,D,0
30.70437,75.85212,330.91,0.41,0.37,2020-11-07,808,N,VIIRS,n,2,301.65,2.9,D,0
30.70475,75.42725,333.38,0.4,0.37,2020-11-07,808,N,VIIRS,n,2,303.11,2.88,D,0
30.70476,75.11034,336.88,0.39,0.36,2020-11-07,808,N,VIIRS,n,2,304.63,3.18,D,0
30.70479,75.2071,333.86,0.39,0.36,2020-11-07,808,N,VIIRS,n,2,302.95,3.71,D,0
30.70495,75.85636,333.21,0.41,0.37,2020-11-07,808,N,VIIRS,n,2,302.86,2.9,D,0
30.70543,76.01339,333.26,0.41,0.37,2020-11-07,808,N,VIIRS,n,2,303.01,1.27,D,0
30.7057,75.53366,334.52,0.4,0.37,2020-11-07,808,N,VIIRS,n,2,302.36,3.74,D,0
30.70618,75.73921,335.97,0.4,0.37,2020-11-07,808,N,VIIRS,n,2,302.55,3.63,D,0
30.7072,75.34612,336.03,0.4,0.37,2020-11-07,808,N,VIIRS,n,2,305.55,16.13,D,0
30.70757,75.79949,333.76,0.4,0.37,2020-11-07,808,N,VIIRS,n,2,302.05,12.96,D,0
30.70801,76.16267,330.87,0.41,0.37,2020-11-07,808,N,VIIRS,n,2,303.89,1.78,D,0
30.7081,75.1097,337.24,0.39,0.36,2020-11-07,808,N,VIIRS,n,2,307.03,15.84,D,0
30.70822,75.45214,333.31,0.4,0.37,2020-11-07,808,N,VIIRS,n,2,303.48,2.64,D,0
30.70866,75.58018,335.43,0.4,0.37,2020-11-07,808,N,VIIRS,n,2,301.55,2.44,D,0
30.70927,75.31184,332.26,0.4,0.37,2020-11-07,808,N,VIIRS,l,2,302.66,10.09,D,0
30.70986,75.9688,334.93,0.41,0.37,2020-11-07,808,N,VIIRS,n,2,302.29,1.67,D,0
30.71028,75.92068,334.82,0.41,0.37,2020-11-07,808,N,VIIRS,n,2,305.36,6.37,D,0
30.71043,75.3201,334.13,0.4,0.37,2020-11-07,808,N,VIIRS,l,2,306.64,8.48,D,0
30.71055,75.34549,336.1,0.4,0.37,2020-11-07,808,N,VIIRS,n,2,304.64,16.13,D,0
30.71158,75.45152,337.54,0.4,0.37,2020-11-07,808,N,VIIRS,n,2,301.71,2.64,D,0
30.71202,75.78135,333.01,0.4,0.37,2020-11-07,808,N,VIIRS,n,2,302.26,2.13,D,0
30.71204,75.30709,336.62,0.4,0.37,2020-11-07,808,N,VIIRS,n,2,302.35,3.46,D,0
30.7132,75.12133,333.87,0.39,0.36,2020-11-07,808,N,VIIRS,n,2,302.4,11.8,D,0
30.71322,75.43843,345.44,0.4,0.37,2020-11-07,808,N,VIIRS,n,2,305.49,12.29,D,0
30.71323,75.21815,333.7,0.39,0.36,2020-11-07,808,N,VIIRS,n,2,302.2,3.85,D,0
30.71369,75.41707,333.08,0.4,0.37,2020-11-07,808,N,VIIRS,l,2,304.26,2.11,D,0
30.71369,75.56641,335.07,0.4,0.37,2020-11-07,808,N,VIIRS,n,2,301.73,2.14,D,0
30.71379,75.31947,334.84,0.4,0.37,2020-11-07,808,N,VIIRS,n,2,304.47,8.48,D,0
30.71484,75.42536,334.71,0.4,0.37,2020-11-07,808,N,VIIRS,n,2,301.2,4.64,D,0
30.71527,75.01608,332.01,0.39,0.36,2020-11-07,808,N,VIIRS,n,2,300.83,1.96,D,0
30.71553,75.33183,337.43,0.4,0.37,2020-11-07,808,N,VIIRS,n,2,304.24,3.47,D,0
30.71557,75.6304,331.13,0.4,0.37,2020-11-07,808,N,VIIRS,n,2,303.01,1.97,D,0
30.71571,75.25989,348.11,0.39,0.37,2020-11-07,808,N,VIIRS,n,2,307.47,15.07,D,0
30.71591,75.55743,333.07,0.4,0.37,2020-11-07,808,N,VIIRS,n,2,302.87,3.12,D,0
30.716,75.21341,332.4,0.39,0.36,2020-11-07,808,N,VIIRS,l,2,303.71,4.97,D,0
30.71619,76.30348,330.33,0.42,0.38,2020-11-07,808,N,VIIRS,l,2,304.55,3.74,D,0
30.7162,75.0704,333.24,0.39,0.36,2020-11-07,808,N,VIIRS,n,2,302.38,4.42,D,0
30.71635,75.38683,342.61,0.4,0.37,2020-11-07,808,N,VIIRS,n,2,304.29,6.98,D,0
30.71658,75.21752,333.98,0.39,0.36,2020-11-07,808,N,VIIRS,n,2,302,7.05,D,0
30.71669,75.3401,342.85,0.4,0.37,2020-11-07,808,N,VIIRS,n,2,306.14,17.15,D,0
30.71677,76.30784,338.7,0.42,0.38,2020-11-07,808,N,VIIRS,n,2,305.15,6.81,D,0
30.717,75.8933,336.81,0.41,0.37,2020-11-07,808,N,VIIRS,n,2,303.24,2.9,D,0
30.71763,75.42059,341.88,0.4,0.37,2020-11-07,808,N,VIIRS,n,2,299.53,4.09,D,0
30.71793,76.00235,333.37,0.41,0.37,2020-11-07,808,N,VIIRS,l,2,304.72,3.31,D,0
30.71817,75.30171,341.22,0.4,0.37,2020-11-07,808,N,VIIRS,n,2,312.76,30.21,D,0
30.71821,75.42474,349.44,0.4,0.37,2020-11-07,808,N,VIIRS,n,2,301.75,4.09,D,0
30.71966,75.68556,335.37,0.4,0.37,2020-11-07,808,N,VIIRS,n,2,301.72,4.32,D,0
30.72005,75.33946,334.8,0.4,0.37,2020-11-07,808,N,VIIRS,n,2,302.3,2.65,D,0
30.72081,75.69396,333.14,0.4,0.37,2020-11-07,808,N,VIIRS,n,2,301.82,3.14,D,0
30.72093,75.54366,330.26,0.4,0.37,2020-11-07,808,N,VIIRS,l,2,303.12,10.15,D,0
30.72105,75.12824,343.86,0.39,0.36,2020-11-07,808,N,VIIRS,n,2,306.21,10.27,D,0
30.72108,75.32233,338.21,0.4,0.37,2020-11-07,808,N,VIIRS,n,2,306.37,8.35,D,0
30.72197,75.27984,331.68,0.4,0.37,2020-11-07,808,N,VIIRS,n,2,303.41,1.37,D,0
30.72223,75.13643,330.03,0.39,0.36,2020-11-07,808,N,VIIRS,n,2,302.05,2.25,D,0
30.72264,75.11533,346.06,0.39,0.36,2020-11-07,808,N,VIIRS,n,2,305.49,6.58,D,0
30.72282,75.3347,334.6,0.4,0.37,2020-11-07,808,N,VIIRS,n,2,304.5,2.65,D,0
30.72284,75.45793,337.08,0.4,0.37,2020-11-07,808,N,VIIRS,n,2,304.14,3.01,D,0
30.72319,75.41103,337.75,0.4,0.37,2020-11-07,808,N,VIIRS,n,2,301.7,2.12,D,0
30.72341,75.33884,334.41,0.4,0.37,2020-11-07,808,N,VIIRS,n,2,303.05,2.65,D,0
30.72371,76.36031,332.42,0.42,0.38,2020-11-07,808,N,VIIRS,n,2,302.5,2.03,D,0
30.72386,75.22036,337.42,0.39,0.36,2020-11-07,808,N,VIIRS,n,2,308.33,9.14,D,0
30.72418,75.99683,331.54,0.41,0.37,2020-11-07,808,N,VIIRS,n,2,301.38,2.35,D,0
30.72445,75.22446,334.74,0.39,0.36,2020-11-07,808,N,VIIRS,n,2,305.94,10.03,D,0
30.72458,75.47039,346.73,0.4,0.37,2020-11-07,808,N,VIIRS,n,2,303.05,3.27,D,0
30.72546,75.8787,347.8,0.41,0.37,2020-11-07,808,N,VIIRS,n,2,302.83,4.01,D,0
30.72644,75.68431,341.62,0.4,0.37,2020-11-07,808,N,VIIRS,n,2,303.82,10.16,D,0
30.72674,75.14399,334.66,0.39,0.36,2020-11-07,808,N,VIIRS,n,2,302.07,5.29,D,0
30.72707,75.29156,341.48,0.4,0.37,2020-11-07,808,N,VIIRS,n,2,302.65,8.17,D,0
30.72732,75.14809,336.63,0.39,0.36,2020-11-07,808,N,VIIRS,n,2,308.12,6.09,D,0
30.72738,75.015,351.25,0.39,0.36,2020-11-07,808,N,VIIRS,n,2,304.31,9.68,D,0
30.72758,75.51677,339.27,0.4,0.37,2020-11-07,808,N,VIIRS,n,2,305.13,5.78,D,0
30.72853,75.47392,332.61,0.4,0.37,2020-11-07,808,N,VIIRS,n,2,300.95,3.27,D,0
30.72891,75.13516,347.12,0.39,0.36,2020-11-07,808,N,VIIRS,n,2,305.51,3.03,D,0
30.72906,75.93034,334.85,0.41,0.37,2020-11-07,808,N,VIIRS,n,2,303.59,2.63,D,0
30.72931,75.52927,344.3,0.4,0.37,2020-11-07,808,N,VIIRS,n,2,311.02,24.48,D,0
30.7295,76.40422,350.92,0.42,0.38,2020-11-07,808,N,VIIRS,l,2,326.69,34.15,D,0
30.73067,75.14745,336.3,0.39,0.36,2020-11-07,808,N,VIIRS,n,2,302.9,6.09,D,0
30.73075,75.61469,331.18,0.4,0.37,2020-11-07,808,N,VIIRS,l,2,301.23,5.76,D,0
30.73095,75.51614,336.24,0.4,0.37,2020-11-07,808,N,VIIRS,n,2,302.51,5.38,D,0
30.73096,75.39258,346.19,0.4,0.37,2020-11-07,808,N,VIIRS,n,2,304.86,11.04,D,0
30.731,75.19791,343.56,0.39,0.36,2020-11-07,808,N,VIIRS,n,2,303.16,4.78,D,0
30.73125,75.15154,333.3,0.39,0.36,2020-11-07,808,N,VIIRS,n,2,301.81,6.09,D,0
30.73142,75.17677,335.3,0.39,0.36,2020-11-07,808,N,VIIRS,n,2,303.65,4.26,D,0
30.73145,75.27382,336.43,0.4,0.37,2020-11-07,808,N,VIIRS,n,2,303.71,2.5,D,0
30.73183,75.82601,331.88,0.41,0.37,2020-11-07,808,N,VIIRS,n,2,301.8,1.83,D,0
30.73184,75.15564,341.2,0.39,0.36,2020-11-07,808,N,VIIRS,n,2,302.85,3.34,D,0
30.73213,75.70049,337.4,0.4,0.37,2020-11-07,808,N,VIIRS,n,2,306.02,10.84,D,0
30.73219,75.72638,338.8,0.4,0.37,2020-11-07,808,N,VIIRS,n,2,303.5,3.06,D,0
30.73226,75.13452,333.01,0.39,0.36,2020-11-07,808,N,VIIRS,n,2,301.66,1.82,D,0
30.73269,75.52864,346.03,0.4,0.37,2020-11-07,808,N,VIIRS,n,2,300.74,21.42,D,0
30.73271,75.40501,333.69,0.4,0.37,2020-11-07,808,N,VIIRS,n,2,301.14,1.58,D,0
30.73296,76.4036,351.81,0.42,0.38,2020-11-07,808,N,VIIRS,n,2,307.39,34.15,D,0
30.73306,75.26083,333.25,0.39,0.37,2020-11-07,808,N,VIIRS,n,2,301.99,1.72,D,0
30.73334,75.31155,338.57,0.4,0.37,2020-11-07,808,N,VIIRS,n,2,302.38,3.56,D,0
30.7334,75.76073,347.23,0.4,0.37,2020-11-07,808,N,VIIRS,n,2,305.2,4.95,D,0
30.73374,75.96445,341.18,0.41,0.37,2020-11-07,808,N,VIIRS,n,2,307.24,11.82,D,0
30.73378,75.68726,338.2,0.4,0.37,2020-11-07,808,N,VIIRS,n,2,306,9.15,D,0
30.73387,75.41329,335.81,0.4,0.37,2020-11-07,808,N,VIIRS,n,2,304.56,6.89,D,0
30.73426,75.10052,346.68,0.39,0.36,2020-11-07,808,N,VIIRS,n,2,310.07,8.7,D,0
30.73436,75.69146,347.34,0.4,0.37,2020-11-07,808,N,VIIRS,n,2,307.21,13.27,D,0
30.73445,75.41743,330.36,0.4,0.37,2020-11-07,808,N,VIIRS,l,2,303.94,5.74,D,0
30.7347,75.61826,333.13,0.4,0.37,2020-11-07,808,N,VIIRS,n,2,303.03,5.76,D,0
30.735,75.99925,337.17,0.41,0.37,2020-11-07,808,N,VIIRS,n,2,305.69,7.95,D,0
30.73519,75.155,338.89,0.39,0.36,2020-11-07,808,N,VIIRS,n,2,302.48,3.91,D,0
30.7376,75.09988,341.01,0.39,0.36,2020-11-07,808,N,VIIRS,n,2,301.83,8.7,D,0
30.73775,75.69083,348.42,0.4,0.37,2020-11-07,808,N,VIIRS,n,2,303.49,13.27,D,0
30.73917,76.29044,336.92,0.42,0.37,2020-11-07,808,N,VIIRS,n,2,309.6,35.57,D,0
30.73954,75.13734,334.39,0.39,0.36,2020-11-07,808,N,VIIRS,n,2,304.48,3.63,D,0
30.73975,75.35696,337.52,0.4,0.37,2020-11-07,808,N,VIIRS,n,2,303.2,2.6,D,0
30.73986,75.05453,345.84,0.39,0.36,2020-11-07,808,N,VIIRS,n,2,302.96,7.92,D,0
30.73991,75.50593,336.68,0.4,0.37,2020-11-07,808,N,VIIRS,l,2,310,8.66,D,0
30.73995,75.11624,335.57,0.39,0.36,2020-11-07,808,N,VIIRS,n,2,300.66,1.9,D,0
30.74012,75.14144,335.05,0.39,0.36,2020-11-07,808,N,VIIRS,n,2,304.56,3.63,D,0
30.74049,75.51009,332.12,0.4,0.37,2020-11-07,808,N,VIIRS,n,2,301.23,5.6,D,0
30.74069,75.56138,346.39,0.4,0.37,2020-11-07,808,N,VIIRS,n,2,304.31,7.06,D,0
30.74187,75.11716,333.59,0.39,0.36,2020-11-07,808,N,VIIRS,l,2,303.74,5.1,D,0
30.74193,76.02431,330.24,0.41,0.37,2020-11-07,808,N,VIIRS,l,2,303.38,1.59,D,0
30.74233,75.54823,335.87,0.4,0.37,2020-11-07,808,N,VIIRS,n,2,306.91,13.59,D,0
30.74344,75.70703,339.63,0.4,0.37,2020-11-07,808,N,VIIRS,n,2,302.38,3.19,D,0
30.74386,75.50946,336.29,0.4,0.37,2020-11-07,808,N,VIIRS,n,2,304.6,33.04,D,0
30.74407,75.56075,338.25,0.4,0.37,2020-11-07,808,N,VIIRS,n,2,302.36,6.25,D,0
30.74502,75.29664,338.89,0.4,0.37,2020-11-07,808,N,VIIRS,l,2,310.46,8.49,D,0
30.74523,75.01995,334.55,0.39,0.36,2020-11-07,808,N,VIIRS,n,2,301.13,9.81,D,0
30.74531,75.77151,334.34,0.4,0.37,2020-11-07,808,N,VIIRS,l,2,304.7,3.51,D,0
30.7456,75.30077,335.17,0.4,0.37,2020-11-07,808,N,VIIRS,n,2,303.89,8.49,D,0
30.74686,75.55595,330.9,0.4,0.37,2020-11-07,808,N,VIIRS,l,2,304.3,6.75,D,0
30.74729,75.93576,333.61,0.41,0.37,2020-11-07,808,N,VIIRS,n,2,303.8,2.56,D,0
30.74745,75.56013,334.04,0.4,0.37,2020-11-07,808,N,VIIRS,l,2,304.84,6.25,D,0
30.74808,75.34267,330.22,0.4,0.37,2020-11-07,808,N,VIIRS,l,2,302.73,18.26,D,0
30.74837,75.29601,340.51,0.4,0.37,2020-11-07,808,N,VIIRS,n,2,308.55,27.92,D,0
30.74857,75.01931,336.38,0.39,0.36,2020-11-07,808,N,VIIRS,n,2,302.88,34.06,D,0
30.74866,75.3468,338.7,0.4,0.37,2020-11-07,808,N,VIIRS,n,2,307.16,27.7,D,0
30.74887,75.0696,338.86,0.39,0.36,2020-11-07,808,N,VIIRS,n,2,305.44,7.08,D,0
30.74945,75.07368,337.78,0.39,0.36,2020-11-07,808,N,VIIRS,n,2,304.12,7.08,D,0
30.74958,75.09887,345.96,0.39,0.36,2020-11-07,808,N,VIIRS,n,2,303.13,4.46,D,0
30.74958,75.93166,333.7,0.41,0.37,2020-11-07,808,N,VIIRS,n,2,303.86,4.73,D,0
30.74965,75.42736,344.14,0.4,0.37,2020-11-07,808,N,VIIRS,n,2,306.66,16.61,D,0
30.75071,75.53384,353.81,0.4,0.37,2020-11-07,808,N,VIIRS,n,2,307.47,12.33,D,0
30.75172,75.39294,346.17,0.4,0.37,2020-11-07,808,N,VIIRS,n,2,305.41,8.25,D,0
30.75209,75.59356,334.56,0.4,0.37,2020-11-07,808,N,VIIRS,l,2,304.88,5.19,D,0
30.75264,75.04789,333.04,0.39,0.36,2020-11-07,808,N,VIIRS,n,2,302.72,1.8,D,0
30.75343,75.21053,333.92,0.39,0.36,2020-11-07,808,N,VIIRS,n,2,303.4,1.84,D,0
30.7551,75.84348,341.97,0.41,0.37,2020-11-07,808,N,VIIRS,n,2,304.51,4.18,D,0
30.75563,75.19032,335.35,0.39,0.36,2020-11-07,808,N,VIIRS,n,2,301.89,1.62,D,0
30.75583,75.1187,346.53,0.39,0.36,2020-11-07,808,N,VIIRS,n,2,305.4,5.33,D,0
30.75684,75.30711,349.98,0.4,0.37,2020-11-07,808,N,VIIRS,n,2,303.09,7.05,D,0
30.75874,75.3449,335.49,0.4,0.37,2020-11-07,808,N,VIIRS,n,2,303.37,7.57,D,0
30.75881,75.74308,344.84,0.4,0.37,2020-11-07,808,N,VIIRS,n,2,302.46,9.19,D,0
30.75884,75.46825,352.71,0.4,0.37,2020-11-07,808,N,VIIRS,n,2,308.05,21.58,D,0
30.75985,76.28674,336.68,0.42,0.37,2020-11-07,808,N,VIIRS,n,2,310.31,8.97,D,0
30.76005,75.37862,333.36,0.4,0.37,2020-11-07,808,N,VIIRS,l,2,303.62,3.56,D,0
30.76017,75.00451,340.95,0.39,0.36,2020-11-07,808,N,VIIRS,n,2,303.1,2.21,D,0
30.76291,75.19315,347.49,0.39,0.36,2020-11-07,808,N,VIIRS,n,2,313.31,15.95,D,0
30.76309,75.0249,337.6,0.39,0.36,2020-11-07,808,N,VIIRS,n,2,304.22,9.84,D,0
30.76327,75.35254,344.65,0.4,0.37,2020-11-07,808,N,VIIRS,n,2,302.8,5.06,D,0
30.76338,75.47593,347.78,0.4,0.37,2020-11-07,808,N,VIIRS,n,2,301.66,6.15,D,0
30.76339,75.28048,341.65,0.4,0.37,2020-11-07,808,N,VIIRS,n,2,305.04,2.97,D,0
30.76349,75.19727,334.46,0.39,0.36,2020-11-07,808,N,VIIRS,n,2,304.22,15.95,D,0
30.76372,75.24791,337.29,0.39,0.37,2020-11-07,808,N,VIIRS,n,2,305.19,4.26,D,0
30.76385,75.35667,332.9,0.4,0.37,2020-11-07,808,N,VIIRS,n,2,300.96,5.06,D,0
30.76488,75.33952,338.27,0.4,0.37,2020-11-07,808,N,VIIRS,n,2,303.36,11.63,D,0
30.76499,75.28151,346.71,0.4,0.37,2020-11-07,808,N,VIIRS,n,2,304.67,5.41,D,0
30.76542,75.04124,333.67,0.39,0.36,2020-11-07,808,N,VIIRS,l,2,305.23,4.1,D,0
30.76613,75.16725,343.74,0.39,0.36,2020-11-07,808,N,VIIRS,n,2,305.78,8.07,D,0
30.76626,75.19252,349.31,0.39,0.36,2020-11-07,808,N,VIIRS,n,2,304.48,7.71,D,0
30.76765,75.33475,332.74,0.4,0.37,2020-11-07,808,N,VIIRS,n,2,301.25,4.61,D,0
30.76824,75.33887,333.36,0.4,0.37,2020-11-07,808,N,VIIRS,n,2,302.17,4.61,D,0
30.76862,75.5134,336.4,0.4,0.37,2020-11-07,808,N,VIIRS,n,2,303.07,2.36,D,0
30.76883,75.89323,330.67,0.41,0.37,2020-11-07,808,N,VIIRS,n,2,300.06,3.4,D,0
30.76889,75.16251,330.07,0.39,0.36,2020-11-07,808,N,VIIRS,l,2,304.9,3.02,D,0
30.76932,76.41068,334.02,0.42,0.38,2020-11-07,808,N,VIIRS,n,2,305.65,3.49,D,0
30.76936,76.43772,336.98,0.42,0.38,2020-11-07,808,N,VIIRS,n,2,304.27,7.11,D,0
30.76947,75.16661,339.83,0.39,0.36,2020-11-07,808,N,VIIRS,n,2,301.64,3.6,D,0
30.76973,75.21719,348.15,0.39,0.37,2020-11-07,808,N,VIIRS,n,2,307.23,10.56,D,0
30.76988,75.67197,333.44,0.4,0.37,2020-11-07,808,N,VIIRS,n,2,301.74,1.3,D,0
30.77063,75.17482,335.3,0.39,0.36,2020-11-07,808,N,VIIRS,n,2,301.93,3.46,D,0
30.77091,76.34296,334.11,0.42,0.38,2020-11-07,808,N,VIIRS,n,2,306.04,5.08,D,0
30.77109,75.8841,334.85,0.41,0.37,2020-11-07,808,N,VIIRS,n,2,304.63,6.88,D,0
30.77131,75.75808,331.87,0.4,0.37,2020-11-07,808,N,VIIRS,n,2,303.6,1.15,D,0
30.77147,75.22953,332.15,0.39,0.37,2020-11-07,808,N,VIIRS,l,2,304.18,3.22,D,0
30.77205,75.23365,334.9,0.39,0.37,2020-11-07,808,N,VIIRS,n,2,303.88,3.36,D,0
30.77308,75.21656,342.21,0.39,0.37,2020-11-07,808,N,VIIRS,n,2,302.93,10.56,D,0
30.77438,75.43124,330.16,0.4,0.37,2020-11-07,808,N,VIIRS,n,2,303.5,1.66,D,0
30.77468,75.60654,341.57,0.4,0.37,2020-11-07,808,N,VIIRS,n,2,304.03,4.79,D,0
30.77514,75.1824,339.94,0.39,0.36,2020-11-07,808,N,VIIRS,n,2,303.39,15.65,D,0
30.77527,75.61073,334.61,0.4,0.37,2020-11-07,808,N,VIIRS,n,2,303.34,4.79,D,0
30.77572,75.1865,339.22,0.39,0.36,2020-11-07,808,N,VIIRS,n,2,308.14,15.65,D,0
30.77574,75.08966,333.31,0.39,0.36,2020-11-07,808,N,VIIRS,n,2,302.95,1.85,D,0
30.77804,75.38375,333.62,0.4,0.37,2020-11-07,808,N,VIIRS,l,2,303.74,6.66,D,0
30.77849,75.18176,335.61,0.39,0.36,2020-11-07,808,N,VIIRS,n,2,302.19,2.38,D,0
30.77862,75.38789,334.8,0.4,0.37,2020-11-07,808,N,VIIRS,n,2,303.41,6.66,D,0
30.77876,76.04475,340.38,0.41,0.37,2020-11-07,808,N,VIIRS,n,2,305.32,2.93,D,0
30.77877,75.41339,341.71,0.4,0.37,2020-11-07,808,N,VIIRS,n,2,306.24,15.53,D,0
30.77883,75.38074,342.18,0.4,0.37,2020-11-07,808,N,VIIRS,n,2,302.14,3.35,D,0
30.77909,75.08902,345.23,0.39,0.36,2020-11-07,808,N,VIIRS,n,2,303.91,6.07,D,0
30.78111,75.05503,335.79,0.39,0.36,2020-11-07,808,N,VIIRS,n,2,300.51,2.63,D,0
30.78142,75.93459,336.79,0.41,0.37,2020-11-07,808,N,VIIRS,n,2,305.48,4.6,D,0
30.78215,76.01775,337.42,0.41,0.37,2020-11-07,808,N,VIIRS,n,2,305.57,5.32,D,0
30.78312,75.02107,337.22,0.39,0.36,2020-11-07,808,N,VIIRS,n,2,305.37,5.35,D,0
30.7832,75.61787,334.41,0.4,0.37,2020-11-07,808,N,VIIRS,l,2,304.89,10.04,D,0
30.78328,75.51922,335.96,0.4,0.37,2020-11-07,808,N,VIIRS,n,2,305.29,2.43,D,0
30.78345,75.16817,337.33,0.39,0.36,2020-11-07,808,N,VIIRS,n,2,302.03,3.65,D,0
30.7837,75.02515,337.09,0.39,0.36,2020-11-07,808,N,VIIRS,n,2,304.87,5.35,D,0
30.7839,75.42521,334.48,0.4,0.37,2020-11-07,808,N,VIIRS,n,2,301.09,2.61,D,0
30.78418,75.10068,333.73,0.39,0.36,2020-11-07,808,N,VIIRS,l,2,304.14,3.58,D,0
30.78487,75.22699,330.19,0.39,0.37,2020-11-07,808,N,VIIRS,l,2,301.49,3.64,D,0
30.78495,75.63046,331.47,0.4,0.37,2020-11-07,808,N,VIIRS,n,2,302.61,2.15,D,0
30.78518,75.18049,332.53,0.39,0.36,2020-11-07,808,N,VIIRS,l,2,304.46,3.88,D,0
30.78534,75.10886,333.75,0.39,0.36,2020-11-07,808,N,VIIRS,n,2,302.99,6.12,D,0
30.78545,76.3988,332.29,0.42,0.38,2020-11-07,808,N,VIIRS,n,2,302.84,2.48,D,0
30.78593,75.11296,335.62,0.39,0.36,2020-11-07,808,N,VIIRS,n,2,306.54,10.71,D,0
30.78646,75.02042,349.08,0.39,0.36,2020-11-07,808,N,VIIRS,n,2,308.84,5.35,D,0
30.78691,75.6947,332.65,0.4,0.37,2020-11-07,808,N,VIIRS,n,2,302.32,1.66,D,0
30.78765,75.22224,344.7,0.39,0.37,2020-11-07,808,N,VIIRS,n,2,303.92,3.64,D,0
30.7881,75.10413,333.38,0.39,0.36,2020-11-07,808,N,VIIRS,n,2,302.38,7.6,D,0
30.7886,76.17113,332.78,0.41,0.37,2020-11-07,808,N,VIIRS,n,2,303.03,2.68,D,0
30.78867,75.58248,336.98,0.4,0.37,2020-11-07,808,N,VIIRS,n,2,301.89,2.07,D,0
30.78944,75.51379,346.33,0.4,0.37,2020-11-07,808,N,VIIRS,n,2,305.02,6.37,D,0
30.78963,75.28532,338.09,0.4,0.37,2020-11-07,808,N,VIIRS,n,2,302.1,3.04,D,0
30.79074,75.41679,333.02,0.4,0.37,2020-11-07,808,N,VIIRS,n,2,302.65,3.29,D,0
30.7908,75.00282,342.8,0.39,0.36,2020-11-07,808,N,VIIRS,n,2,310.32,14.21,D,0
30.79091,75.31899,343.7,0.4,0.37,2020-11-07,808,N,VIIRS,n,2,305.24,10.41,D,0
30.79203,76.17052,331.54,0.41,0.37,2020-11-07,808,N,VIIRS,n,2,302.41,2.55,D,0
30.79255,75.01507,330.41,0.39,0.36,2020-11-07,808,N,VIIRS,l,2,304.18,2.91,D,0
30.79282,75.51316,347.08,0.4,0.37,2020-11-07,808,N,VIIRS,n,2,306.81,13.8,D,0
30.79305,75.18743,336.51,0.39,0.36,2020-11-07,808,N,VIIRS,n,2,305.39,3.25,D,0
30.79313,75.01915,335.31,0.39,0.36,2020-11-07,808,N,VIIRS,n,2,306.53,6.98,D,0
30.79421,75.19566,336.74,0.39,0.36,2020-11-07,808,N,VIIRS,n,2,303.91,3.44,D,0
30.79423,76.08163,332.74,0.41,0.37,2020-11-07,808,N,VIIRS,n,2,303.63,2.24,D,0
30.79484,75.32249,335.43,0.4,0.37,2020-11-07,808,N,VIIRS,n,2,302.11,4.2,D,0
30.79632,75.78815,334.66,0.41,0.37,2020-11-07,808,N,VIIRS,n,2,304.8,3.35,D,0
30.79674,75.91869,339.18,0.41,0.37,2020-11-07,808,N,VIIRS,n,2,304.8,7.66,D,0
30.79692,75.28818,345.86,0.4,0.37,2020-11-07,808,N,VIIRS,n,2,308,23.75,D,0
30.79724,75.89677,334.73,0.41,0.37,2020-11-07,808,N,VIIRS,n,2,307.67,3,D,0
30.79739,75.07291,355.56,0.39,0.36,2020-11-07,808,N,VIIRS,n,2,307.38,18.15,D,0
30.79745,76.35621,333.23,0.42,0.38,2020-11-07,808,N,VIIRS,n,2,301.96,3.3,D,0
30.79947,75.35559,351.13,0.4,0.37,2020-11-07,808,N,VIIRS,n,2,307.98,14.82,D,0
30.79964,75.63633,332.91,0.4,0.37,2020-11-07,808,N,VIIRS,n,2,302.72,3.21,D,0
30.79982,75.30882,347.01,0.4,0.37,2020-11-07,808,N,VIIRS,n,2,305.82,9.52,D,0
30.8004,75.31296,347.34,0.4,0.37,2020-11-07,808,N,VIIRS,n,2,304.72,8.92,D,0
30.80065,75.89615,334.18,0.41,0.37,2020-11-07,808,N,VIIRS,n,2,303.84,3,D,0
30.80073,75.07227,347.83,0.39,0.36,2020-11-07,808,N,VIIRS,n,2,310.21,18.15,D,0
30.80081,75.64473,333.73,0.4,0.37,2020-11-07,808,N,VIIRS,n,2,303.56,1.88,D,0
30.80272,75.3295,344.1,0.4,0.37,2020-11-07,808,N,VIIRS,n,2,302.68,5.84,D,0
30.80272,75.83477,333.31,0.41,0.37,2020-11-07,808,N,VIIRS,n,2,302.55,2.03,D,0
30.80305,75.28279,347.12,0.4,0.37,2020-11-07,808,N,VIIRS,n,2,305.47,6.59,D,0
30.80307,75.08865,332.18,0.39,0.36,2020-11-07,808,N,VIIRS,n,2,303.2,6.31,D,0
30.80318,75.30819,332.45,0.4,0.37,2020-11-07,808,N,VIIRS,n,2,301.57,2.3,D,0
30.80365,75.09274,333.5,0.39,0.36,2020-11-07,808,N,VIIRS,n,2,301.54,6.66,D,0
30.80379,75.81718,340.02,0.41,0.37,2020-11-07,808,N,VIIRS,n,2,303.96,3.52,D,0
30.80466,75.07572,333.99,0.39,0.36,2020-11-07,808,N,VIIRS,n,2,302.11,2.96,D,0
30.80619,75.70843,343.16,0.4,0.37,2020-11-07,808,N,VIIRS,n,2,304.12,7.08,D,0
30.80672,76.0441,334.03,0.41,0.37,2020-11-07,808,N,VIIRS,n,2,303.94,2.72,D,0
30.80717,75.21432,330.02,0.39,0.37,2020-11-07,808,N,VIIRS,n,2,303.72,1.76,D,0
30.80729,75.84264,333.82,0.41,0.37,2020-11-07,808,N,VIIRS,n,2,304.39,3.42,D,0
30.8073,76.0484,333.63,0.41,0.37,2020-11-07,808,N,VIIRS,n,2,303.06,2.72,D,0
30.80747,75.38811,339.76,0.4,0.37,2020-11-07,808,N,VIIRS,n,2,310.38,26.18,D,0
30.80787,75.84689,334.37,0.41,0.37,2020-11-07,808,N,VIIRS,n,2,304.34,3.42,D,0
30.808,75.07509,334.15,0.39,0.36,2020-11-07,808,N,VIIRS,n,2,302.59,2.96,D,0
30.80863,75.75123,332.74,0.4,0.37,2020-11-07,808,N,VIIRS,n,2,301.84,2.24,D,0
30.80959,75.06218,331.89,0.39,0.36,2020-11-07,808,N,VIIRS,n,2,303.51,1.86,D,0
30.8102,76.06992,331.16,0.41,0.37,2020-11-07,808,N,VIIRS,l,2,303.99,3.9,D,0
30.81038,75.18836,333.06,0.39,0.36,2020-11-07,808,N,VIIRS,n,2,302.91,2.01,D,0
30.81371,75.55786,332.63,0.4,0.37,2020-11-07,808,N,VIIRS,l,2,303.35,2.06,D,0
30.81441,75.31456,335.32,0.4,0.37,2020-11-07,808,N,VIIRS,l,2,306.34,9.89,D,0
30.8145,76.31368,333.76,0.42,0.38,2020-11-07,808,N,VIIRS,l,2,304.29,3.23,D,0
30.81511,75.34415,342.96,0.4,0.37,2020-11-07,808,N,VIIRS,n,2,305.22,8.06,D,0
30.81603,75.30153,331.24,0.4,0.37,2020-11-07,808,N,VIIRS,l,2,305.23,5.64,D,0
30.81661,75.30566,341.6,0.4,0.37,2020-11-07,808,N,VIIRS,n,2,303.45,5.64,D,0
30.81735,75.14065,346.53,0.39,0.36,2020-11-07,808,N,VIIRS,n,2,304.5,5,D,0
30.81766,75.56142,346.52,0.4,0.37,2020-11-07,808,N,VIIRS,n,2,302.33,6.26,D,0
30.81777,75.31393,335.35,0.4,0.37,2020-11-07,808,N,VIIRS,n,2,304.32,31.65,D,0
30.81845,75.67163,339.63,0.4,0.37,2020-11-07,808,N,VIIRS,n,2,303.06,4.08,D,0
30.8186,75.369,333.65,0.4,0.37,2020-11-07,808,N,VIIRS,n,2,302.24,4.19,D,0
30.81909,75.67303,335.83,0.4,0.37,2020-11-07,808,N,VIIRS,l,2,305.84,12.04,D,0
30.81931,75.54824,333.9,0.4,0.37,2020-11-07,808,N,VIIRS,l,2,305.93,4.95,D,0
30.81968,76.32622,333.88,0.42,0.38,2020-11-07,808,N,VIIRS,n,2,302.41,3.62,D,0
30.81976,75.37729,331.95,0.4,0.37,2020-11-07,808,N,VIIRS,n,2,301.86,3.27,D,0
30.81997,75.30503,335.04,0.4,0.37,2020-11-07,808,N,VIIRS,n,2,301.63,5.64,D,0
30.8212,75.61231,333.48,0.4,0.37,2020-11-07,808,N,VIIRS,n,2,303.34,3.84,D,0
30.82135,75.97113,336.6,0.41,0.37,2020-11-07,808,N,VIIRS,n,2,303.03,3.23,D,0
30.82168,75.89668,333.32,0.41,0.37,2020-11-07,808,N,VIIRS,n,2,302.97,1.78,D,0
30.82177,75.61651,334.76,0.4,0.37,2020-11-07,808,N,VIIRS,n,2,302.63,2.46,D,0
30.82269,75.54761,347.03,0.4,0.37,2020-11-07,808,N,VIIRS,n,2,302.95,5.57,D,0
30.82308,75.50042,330.56,0.4,0.37,2020-11-07,808,N,VIIRS,n,2,304.55,2.28,D,0
30.82362,76.22267,335.86,0.42,0.37,2020-11-07,808,N,VIIRS,n,2,302.01,2.35,D,0
30.82489,75.84377,330.07,0.41,0.37,2020-11-07,808,N,VIIRS,n,2,303.13,1.55,D,0
30.82494,75.19404,330.82,0.39,0.36,2020-11-07,808,N,VIIRS,n,2,303.73,1.95,D,0
30.82536,75.69346,335.14,0.4,0.37,2020-11-07,808,N,VIIRS,n,2,304.21,3.53,D,0
30.82641,75.25296,332.1,0.4,0.37,2020-11-07,808,N,VIIRS,l,2,303.63,6.8,D,0
30.82659,76.32499,333.19,0.42,0.38,2020-11-07,808,N,VIIRS,n,2,304.35,4.83,D,0
30.82699,75.25709,340.11,0.4,0.37,2020-11-07,808,N,VIIRS,n,2,306.25,11.88,D,0
30.82717,76.32937,333.76,0.42,0.38,2020-11-07,808,N,VIIRS,n,2,304.53,4.83,D,0
30.82728,75.2105,335.05,0.39,0.37,2020-11-07,808,N,VIIRS,n,2,302.92,3.03,D,0
30.82729,75.042,332.95,0.39,0.36,2020-11-07,808,N,VIIRS,n,2,301.85,2.17,D,0
30.82784,75.31203,333.97,0.4,0.37,2020-11-07,808,N,VIIRS,n,2,303.05,2.43,D,0
30.82788,75.58528,333.37,0.4,0.37,2020-11-07,808,N,VIIRS,n,2,303.37,2.36,D,0
30.82843,75.31616,339.1,0.4,0.37,2020-11-07,808,N,VIIRS,n,2,302.2,3.9,D,0
30.8303,75.35404,333.74,0.4,0.37,2020-11-07,808,N,VIIRS,n,2,303.04,2.94,D,0
30.83093,76.14577,330.66,0.41,0.37,2020-11-07,808,N,VIIRS,n,2,302.8,1.88,D,0
30.83195,75.24344,333.62,0.39,0.37,2020-11-07,808,N,VIIRS,n,2,303.01,2.35,D,0
30.83355,76.43185,343.7,0.42,0.38,2020-11-07,808,N,VIIRS,n,2,306.2,7.53,D,0
30.83464,75.58402,343.82,0.4,0.37,2020-11-07,808,N,VIIRS,n,2,304.04,6.18,D,0
30.83555,75.02782,339.2,0.39,0.36,2020-11-07,808,N,VIIRS,n,2,303.97,2.69,D,0
30.83684,75.13272,336.91,0.39,0.36,2020-11-07,808,N,VIIRS,l,2,308.04,7.57,D,0
30.83685,76.2426,339.1,0.42,0.37,2020-11-07,808,N,VIIRS,n,2,304.21,3.66,D,0
30.83725,75.70424,336.98,0.4,0.37,2020-11-07,808,N,VIIRS,n,2,301.82,5.48,D,0
30.83909,75.22094,341.34,0.39,0.37,2020-11-07,808,N,VIIRS,n,2,304.27,5.1,D,0
30.83948,75.39487,333.44,0.4,0.37,2020-11-07,808,N,VIIRS,n,2,300.6,3.94,D,0
30.84019,75.75134,332.45,0.4,0.37,2020-11-07,808,N,VIIRS,l,2,302.91,1.51,D,0
30.8403,76.24199,336.89,0.42,0.37,2020-11-07,808,N,VIIRS,n,2,303.14,3.66,D,0
30.84044,76.34946,331.96,0.42,0.38,2020-11-07,808,N,VIIRS,n,2,303.33,2.59,D,0
30.84096,76.30001,342.82,0.42,0.38,2020-11-07,808,N,VIIRS,n,2,312.98,36.22,D,0
30.84243,75.22031,332.06,0.39,0.37,2020-11-07,808,N,VIIRS,n,2,300.69,5.1,D,0
30.8441,75.55221,335.18,0.4,0.37,2020-11-07,808,N,VIIRS,l,2,309.19,8.39,D,0
30.84447,76.35324,341.37,0.42,0.38,2020-11-07,808,N,VIIRS,n,2,304.4,3.68,D,0
30.84494,75.09328,330.1,0.39,0.36,2020-11-07,808,N,VIIRS,l,2,304.58,1.78,D,0
30.84635,75.09339,340.26,0.39,0.36,2020-11-07,808,N,VIIRS,n,2,305.53,10.04,D,0
30.84785,75.28281,333.38,0.4,0.37,2020-11-07,808,N,VIIRS,l,2,304.29,2.97,D,0
30.84828,75.26153,332.14,0.4,0.37,2020-11-07,808,N,VIIRS,n,2,301.49,2.04,D,0
30.84887,75.26566,332.67,0.4,0.37,2020-11-07,808,N,VIIRS,n,2,302.21,2.04,D,0
30.85003,75.3716,334.14,0.4,0.37,2020-11-07,808,N,VIIRS,n,2,300.4,1.97,D,0
30.85023,75.13017,335.59,0.39,0.36,2020-11-07,808,N,VIIRS,n,2,303.82,4.8,D,0
30.85073,75.20605,333.54,0.39,0.37,2020-11-07,808,N,VIIRS,n,2,302.87,2.62,D,0
30.8514,75.13838,342.29,0.39,0.36,2020-11-07,808,N,VIIRS,n,2,309.53,15.17,D,0
30.85144,75.55514,341.58,0.4,0.37,2020-11-07,808,N,VIIRS,n,2,305.88,13.67,D,0
30.85156,75.13033,333.03,0.39,0.36,2020-11-07,808,N,VIIRS,n,2,301.19,3.45,D,0
30.8519,75.40958,335.47,0.4,0.37,2020-11-07,808,N,VIIRS,n,2,306.43,9.33,D,0
30.85199,75.14249,348.75,0.39,0.36,2020-11-07,808,N,VIIRS,n,2,305.52,9.46,D,0
30.85233,75.19307,333.08,0.39,0.36,2020-11-07,808,N,VIIRS,n,2,303.63,1.95,D,0
30.85252,76.33384,334.23,0.42,0.38,2020-11-07,808,N,VIIRS,n,2,302.87,2.01,D,0
30.8533,75.14265,344.35,0.39,0.36,2020-11-07,808,N,VIIRS,n,2,303.56,11.24,D,0
30.85339,75.37096,342.57,0.4,0.37,2020-11-07,808,N,VIIRS,n,2,303.26,14.46,D,0
30.8539,75.80092,332.09,0.41,0.37,2020-11-07,808,N,VIIRS,n,2,303.63,1.69,D,0
30.85397,75.37512,347.18,0.4,0.37,2020-11-07,808,N,VIIRS,n,2,305.67,14.46,D,0
30.85439,76.13713,347.39,0.41,0.37,2020-11-07,808,N,VIIRS,n,2,305.51,9.82,D,0
30.85503,75.15498,345.24,0.39,0.36,2020-11-07,808,N,VIIRS,n,2,306.3,6.9,D,0
30.85511,75.63186,333.68,0.4,0.37,2020-11-07,808,N,VIIRS,n,2,300.46,3.2,D,0
30.8554,75.43453,354.02,0.4,0.37,2020-11-07,808,N,VIIRS,n,2,309.89,26.52,D,0
30.85598,75.43869,341.3,0.4,0.37,2020-11-07,808,N,VIIRS,n,2,309.81,12.97,D,0
30.85598,76.33322,341.38,0.42,0.38,2020-11-07,808,N,VIIRS,n,2,305.28,7.81,D,0
30.8561,75.17124,330.29,0.39,0.36,2020-11-07,808,N,VIIRS,l,2,301.02,2.91,D,0
30.85614,76.15012,336.71,0.41,0.37,2020-11-07,808,N,VIIRS,n,2,304.51,3.29,D,0
30.85784,75.05334,342.02,0.39,0.36,2020-11-07,808,N,VIIRS,n,2,307.35,6.41,D,0
30.85813,75.00706,345.25,0.39,0.36,2020-11-07,808,N,VIIRS,n,2,304.55,7.54,D,0
30.85839,75.15434,331.35,0.39,0.36,2020-11-07,808,N,VIIRS,n,2,300.41,6.9,D,0
30.85877,75.23837,332.51,0.39,0.37,2020-11-07,808,N,VIIRS,n,2,301.97,4.68,D,0
30.85924,75.3146,345.85,0.4,0.37,2020-11-07,808,N,VIIRS,n,2,304.64,9.51,D,0
30.85935,75.43805,334.37,0.4,0.37,2020-11-07,808,N,VIIRS,n,2,301.23,12.97,D,0
30.85967,75.29329,330.5,0.4,0.37,2020-11-07,808,N,VIIRS,n,2,299.88,1.26,D,0
30.86064,75.47202,332.23,0.4,0.37,2020-11-07,808,N,VIIRS,l,2,302.82,3.56,D,0
30.86069,75.27614,334.01,0.4,0.37,2020-11-07,808,N,VIIRS,n,2,301.58,1.79,D,0
30.86147,75.00642,336.17,0.39,0.36,2020-11-07,808,N,VIIRS,n,2,303.98,4.66,D,0
30.86215,75.55743,335.9,0.4,0.37,2020-11-07,808,N,VIIRS,n,2,305.39,4.04,D,0
30.86229,75.26311,347.88,0.4,0.37,2020-11-07,808,N,VIIRS,n,2,306.92,10.67,D,0
30.86236,75.60899,333.62,0.4,0.37,2020-11-07,808,N,VIIRS,n,2,303.38,2.48,D,0
30.86271,75.24186,337.44,0.4,0.37,2020-11-07,808,N,VIIRS,n,2,301.69,2.49,D,0
30.86289,75.16193,333.39,0.39,0.36,2020-11-07,808,N,VIIRS,n,2,302.55,5.69,D,0
30.86379,75.54425,333.52,0.4,0.37,2020-11-07,808,N,VIIRS,n,2,304.44,2.77,D,0
30.86447,75.25423,343.38,0.4,0.37,2020-11-07,808,N,VIIRS,n,2,304.44,6.22,D,0
30.86479,75.30506,345.08,0.4,0.37,2020-11-07,808,N,VIIRS,n,2,309.45,16.95,D,0
30.86508,75.15306,333.22,0.39,0.36,2020-11-07,808,N,VIIRS,n,2,304.04,3.6,D,0
30.86518,75.47971,342.19,0.4,0.37,2020-11-07,808,N,VIIRS,n,2,307.21,5.01,D,0
30.86566,75.15717,345.15,0.39,0.36,2020-11-07,808,N,VIIRS,n,2,309.53,5.69,D,0
30.86574,75.60836,340.36,0.4,0.37,2020-11-07,808,N,VIIRS,n,2,302.66,3.61,D,0
30.86634,75.78994,333.83,0.41,0.37,2020-11-07,808,N,VIIRS,l,2,304.09,8.63,D,0
30.86797,75.47492,347,0.4,0.37,2020-11-07,808,N,VIIRS,n,2,303.98,8.51,D,0
30.86855,75.4791,343.84,0.4,0.37,2020-11-07,808,N,VIIRS,n,2,310.13,20.66,D,0
30.86857,76.2951,342.84,0.42,0.38,2020-11-07,808,N,VIIRS,n,2,308.64,26.09,D,0
30.87133,75.17299,338.43,0.39,0.36,2020-11-07,808,N,VIIRS,n,2,303.24,8.09,D,0
30.87425,75.49515,336.86,0.4,0.37,2020-11-07,808,N,VIIRS,n,2,303.65,3.26,D,0
30.87474,75.37547,335.97,0.4,0.37,2020-11-07,808,N,VIIRS,n,2,305.44,6.21,D,0
30.87561,75.33275,346.17,0.4,0.37,2020-11-07,808,N,VIIRS,n,2,303.43,7.57,D,0
30.87666,75.23544,330.73,0.4,0.37,2020-11-07,808,N,VIIRS,n,2,302.5,2.04,D,0
30.87689,75.28626,347.07,0.4,0.37,2020-11-07,808,N,VIIRS,n,2,302.88,6.89,D,0
30.87782,75.24368,335.6,0.4,0.37,2020-11-07,808,N,VIIRS,n,2,301.5,2.99,D,0
30.87853,76.36971,332.39,0.42,0.38,2020-11-07,808,N,VIIRS,n,2,302.37,2.95,D,0
30.88079,75.16697,347.83,0.39,0.36,2020-11-07,808,N,VIIRS,n,2,305.48,9.1,D,0
30.88162,76.05877,333.52,0.41,0.37,2020-11-07,808,N,VIIRS,n,2,303.43,4.84,D,0
30.88209,75.32352,336.48,0.4,0.37,2020-11-07,808,N,VIIRS,n,2,300.89,3.78,D,0
30.88219,76.06308,349.14,0.41,0.37,2020-11-07,808,N,VIIRS,n,2,303.42,4.84,D,0
30.88245,75.27674,346.35,0.4,0.37,2020-11-07,808,N,VIIRS,n,2,302.41,4.48,D,0
30.88283,75.03594,333.02,0.39,0.36,2020-11-07,808,N,VIIRS,n,2,303.18,3.58,D,0
30.88341,75.04003,333.23,0.39,0.36,2020-11-07,808,N,VIIRS,n,2,302.42,3.58,D,0
30.88438,75.49326,337.39,0.4,0.37,2020-11-07,808,N,VIIRS,n,2,302,2.84,D,0
30.88517,75.14925,337.64,0.39,0.36,2020-11-07,808,N,VIIRS,n,2,301.27,2.84,D,0
30.88531,75.17457,345.28,0.39,0.36,2020-11-07,808,N,VIIRS,n,2,307.15,10.63,D,0
30.8861,76.39996,333.09,0.42,0.38,2020-11-07,808,N,VIIRS,l,2,303.76,5.95,D,0
30.88843,75.36914,332.03,0.4,0.37,2020-11-07,808,N,VIIRS,n,2,302.55,1.8,D,0
30.88879,75.19927,333.33,0.39,0.37,2020-11-07,808,N,VIIRS,n,2,301.66,3.33,D,0
30.8888,75.32225,334.54,0.4,0.37,2020-11-07,808,N,VIIRS,n,2,300.46,1.96,D,0
30.88903,76.21098,339.57,0.42,0.37,2020-11-07,808,N,VIIRS,n,2,305.52,11.21,D,0
30.88959,75.37745,337.99,0.4,0.37,2020-11-07,808,N,VIIRS,n,2,304.26,4.21,D,0
30.88995,75.2075,343.66,0.39,0.37,2020-11-07,808,N,VIIRS,n,2,302.19,8.11,D,0
30.89053,75.21163,333.52,0.39,0.37,2020-11-07,808,N,VIIRS,n,2,301.88,4.26,D,0
30.89099,75.09329,346.78,0.39,0.36,2020-11-07,808,N,VIIRS,n,2,304.96,4.68,D,0
30.89214,75.19863,334.19,0.39,0.37,2020-11-07,808,N,VIIRS,l,2,305.78,3.33,D,0
30.89371,76.14966,348.26,0.41,0.37,2020-11-07,808,N,VIIRS,n,2,306.29,9.95,D,0
30.89433,75.09267,367,0.39,0.36,2020-11-07,808,N,VIIRS,h,2,338.96,51.19,D,0
30.89446,75.21513,332.67,0.39,0.37,2020-11-07,808,N,VIIRS,n,2,301.73,4.26,D,0
30.89451,75.74133,338.39,0.4,0.37,2020-11-07,808,N,VIIRS,n,2,305.39,5.2,D,0
30.89492,75.09676,336.84,0.39,0.36,2020-11-07,808,N,VIIRS,n,2,303.83,51.19,D,0
30.89517,75.24464,331.44,0.4,0.37,2020-11-07,808,N,VIIRS,n,2,302.07,3.11,D,0
30.89723,75.5853,331.08,0.4,0.37,2020-11-07,808,N,VIIRS,n,2,302.75,1.44,D,0
30.89736,75.04156,336.27,0.39,0.36,2020-11-07,808,N,VIIRS,n,2,304.46,2.65,D,0
30.89791,75.74071,342.87,0.4,0.37,2020-11-07,808,N,VIIRS,n,2,303.62,6.67,D,0
30.89853,75.24401,335.22,0.4,0.37,2020-11-07,808,N,VIIRS,n,2,301.6,3.11,D,0
30.89953,75.03274,345.25,0.39,0.36,2020-11-07,808,N,VIIRS,n,2,312.37,23.18,D,0
30.90015,75.35416,331.78,0.4,0.37,2020-11-07,808,N,VIIRS,n,2,300.29,2.87,D,0
30.90087,75.96718,333.46,0.41,0.37,2020-11-07,808,N,VIIRS,n,2,304.43,2.51,D,0
30.90178,75.34108,346.15,0.4,0.37,2020-11-07,808,N,VIIRS,n,2,304.67,14.09,D,0
30.9027,75.0069,344.38,0.39,0.36,2020-11-07,808,N,VIIRS,n,2,311.57,13.03,D,0
30.90277,75.10369,346.05,0.39,0.36,2020-11-07,808,N,VIIRS,n,2,303.54,8.8,D,0
30.90342,75.47738,346.22,0.4,0.37,2020-11-07,808,N,VIIRS,n,2,304.5,3.49,D,0
30.90382,75.43025,349.4,0.4,0.37,2020-11-07,808,N,VIIRS,n,2,308.24,14.27,D,0
30.9042,75.2599,332.2,0.4,0.37,2020-11-07,808,N,VIIRS,l,2,303.33,4.21,D,0
30.90506,75.69173,336.14,0.4,0.37,2020-11-07,808,N,VIIRS,n,2,303.44,7.47,D,0
30.90575,75.59663,341.1,0.4,0.37,2020-11-07,808,N,VIIRS,n,2,301.97,3.07,D,0
30.90621,75.03146,335.38,0.39,0.36,2020-11-07,808,N,VIIRS,l,2,305.69,6.04,D,0
30.90723,76.31967,341.13,0.42,0.38,2020-11-07,808,N,VIIRS,n,2,302.62,3.87,D,0
30.90868,75.61763,346.03,0.4,0.37,2020-11-07,808,N,VIIRS,n,2,302.97,4.39,D,0
30.9087,76.31685,333.7,0.42,0.38,2020-11-07,808,N,VIIRS,n,2,303.39,3.54,D,0
30.9091,75.49345,336.92,0.4,0.37,2020-11-07,808,N,VIIRS,n,2,302.91,3.57,D,0
30.90977,75.37365,337.19,0.4,0.37,2020-11-07,808,N,VIIRS,n,2,305.63,2.48,D,0
30.91208,75.26689,347.23,0.4,0.37,2020-11-07,808,N,VIIRS,n,2,305.39,10.22,D,0
30.91429,75.16061,340.86,0.39,0.36,2020-11-07,808,N,VIIRS,n,2,302.78,5.45,D,0
30.91486,75.61218,345.13,0.4,0.37,2020-11-07,808,N,VIIRS,n,2,310.9,8.61,D,0
30.91487,75.16471,334,0.39,0.36,2020-11-07,808,N,VIIRS,n,2,302.97,3.05,D,0
30.91573,75.12232,338.55,0.39,0.36,2020-11-07,808,N,VIIRS,n,2,303.85,3.18,D,0
30.91615,76.23928,332.71,0.42,0.37,2020-11-07,808,N,VIIRS,n,2,301.66,2.63,D,0
30.91641,75.05476,333.6,0.39,0.36,2020-11-07,808,N,VIIRS,l,2,306.48,3.9,D,0
30.91699,75.05885,334.72,0.39,0.36,2020-11-07,808,N,VIIRS,n,2,306.98,3.9,D,0
30.91772,76.1187,342.63,0.41,0.37,2020-11-07,808,N,VIIRS,n,2,302.41,4.29,D,0
30.918,75.04182,342.05,0.39,0.36,2020-11-07,808,N,VIIRS,n,2,309.67,9.99,D,0
30.91824,75.61156,333.51,0.4,0.37,2020-11-07,808,N,VIIRS,n,2,301.71,8.61,D,0
30.91846,75.6121,337.51,0.4,0.37,2020-11-07,808,N,VIIRS,n,2,302.95,4.96,D,0
30.91883,75.61575,345.62,0.4,0.37,2020-11-07,808,N,VIIRS,n,2,304.33,12.37,D,0
30.91904,75.61631,338.47,0.4,0.37,2020-11-07,808,N,VIIRS,n,2,303.64,4.74,D,0
30.91908,75.12168,344.2,0.39,0.36,2020-11-07,808,N,VIIRS,n,2,304.66,11.34,D,0
30.91942,76.10509,331.93,0.41,0.37,2020-11-07,808,N,VIIRS,l,2,304.25,3.55,D,0
30.91999,75.0078,347.03,0.39,0.36,2020-11-07,808,N,VIIRS,n,2,306.07,3.7,D,0
30.92051,75.08344,353.58,0.39,0.36,2020-11-07,808,N,VIIRS,n,2,316.85,16.3,D,0
30.92075,75.03709,302.29,0.39,0.36,2020-11-07,808,N,VIIRS,l,2,306.45,24.71,D,0
30.92109,75.08755,335.08,0.39,0.36,2020-11-07,808,N,VIIRS,n,2,306.35,6.08,D,0
30.92134,75.04118,343.73,0.39,0.36,2020-11-07,808,N,VIIRS,n,2,312.87,24.71,D,0
30.92149,75.35866,338.41,0.4,0.37,2020-11-07,808,N,VIIRS,n,2,301.61,2.09,D,0
30.92176,75.63679,339.52,0.4,0.37,2020-11-07,808,N,VIIRS,n,2,309.37,16.07,D,0
30.92191,75.63736,335.94,0.4,0.37,2020-11-07,808,N,VIIRS,n,2,306.62,19.45,D,0
30.92318,75.49511,345.56,0.4,0.37,2020-11-07,808,N,VIIRS,n,2,304.7,4.41,D,0
30.92385,75.08281,345.06,0.39,0.36,2020-11-07,808,N,VIIRS,n,2,303.65,16.3,D,0
30.92577,75.12041,336.23,0.39,0.36,2020-11-07,808,N,VIIRS,n,2,301.82,3.62,D,0
30.92585,75.04874,337.15,0.39,0.36,2020-11-07,808,N,VIIRS,n,2,305.3,1.87,D,0
30.92624,75.4175,337.16,0.4,0.37,2020-11-07,808,N,VIIRS,n,2,302.12,3.04,D,0
30.92652,75.14983,332.13,0.39,0.36,2020-11-07,808,N,VIIRS,n,2,301.22,2.4,D,0
30.92667,75.00652,335.29,0.39,0.36,2020-11-07,808,N,VIIRS,l,2,305.29,1.5,D,0
30.92854,75.58437,330.81,0.4,0.37,2020-11-07,808,N,VIIRS,n,2,301.01,1.3,D,0
30.92961,75.41687,333.56,0.4,0.37,2020-11-07,808,N,VIIRS,n,2,302.54,3.04,D,0
30.93059,75.00996,333.86,0.39,0.36,2020-11-07,808,N,VIIRS,n,2,303.3,2.61,D,0
30.93146,75.33124,331.21,0.4,0.37,2020-11-07,808,N,VIIRS,l,2,302.1,7.19,D,0
30.93154,75.06449,333.05,0.39,0.36,2020-11-07,808,N,VIIRS,n,2,302.95,3.89,D,0
30.93212,75.06859,333.17,0.39,0.36,2020-11-07,808,N,VIIRS,n,2,301.33,2.27,D,0
30.93418,76.05814,335.16,0.41,0.37,2020-11-07,808,N,VIIRS,n,2,303.26,3.07,D,0
30.93913,75.99104,332.71,0.41,0.37,2020-11-07,808,N,VIIRS,l,2,303.16,6.55,D,0
30.93958,75.09667,332.91,0.39,0.36,2020-11-07,808,N,VIIRS,n,2,301.42,53.93,D,0
30.94042,75.59509,333.85,0.4,0.37,2020-11-07,808,N,VIIRS,n,2,303.4,4.07,D,0
30.94192,75.1131,332.67,0.39,0.36,2020-11-07,808,N,VIIRS,n,2,302.01,2.28,D,0
30.94432,75.32455,331.98,0.4,0.37,2020-11-07,808,N,VIIRS,n,2,299.89,1.96,D,0
30.94563,75.48235,330.62,0.4,0.37,2020-11-07,808,N,VIIRS,n,2,300.37,1.96,D,0
30.94607,75.337,333.33,0.4,0.37,2020-11-07,808,N,VIIRS,n,2,300.65,3.92,D,0
30.9472,75.15012,340.43,0.39,0.36,2020-11-07,808,N,VIIRS,n,2,302.63,3.86,D,0
30.94736,75.17545,331.83,0.39,0.37,2020-11-07,808,N,VIIRS,n,2,302.65,9,D,0
30.94749,75.39644,340.81,0.4,0.37,2020-11-07,808,N,VIIRS,n,2,304.27,3.66,D,0
30.94825,75.57641,331.08,0.4,0.37,2020-11-07,808,N,VIIRS,n,2,303.26,1.95,D,0
30.94937,75.14125,333.22,0.39,0.36,2020-11-07,808,N,VIIRS,l,2,303.35,2.43,D,0
30.94954,75.16658,343.13,0.39,0.36,2020-11-07,808,N,VIIRS,n,2,306.18,8.98,D,0
30.94987,75.21733,332.46,0.4,0.37,2020-11-07,808,N,VIIRS,n,2,301.97,3.91,D,0
30.94987,75.315,335.87,0.4,0.37,2020-11-07,808,N,VIIRS,n,2,300.97,2.38,D,0
30.9499,75.56319,338.04,0.4,0.37,2020-11-07,808,N,VIIRS,n,2,304.98,10.5,D,0
30.95028,75.51582,332.6,0.4,0.37,2020-11-07,808,N,VIIRS,n,2,300.83,2.89,D,0
30.95045,75.22145,333.65,0.4,0.37,2020-11-07,808,N,VIIRS,n,2,302.08,3.91,D,0
30.95054,75.14948,337.97,0.39,0.36,2020-11-07,808,N,VIIRS,n,2,305.31,8.66,D,0
30.9506,75.34467,331.61,0.4,0.37,2020-11-07,808,N,VIIRS,n,2,300.05,2.36,D,0
30.95071,75.17482,344.08,0.39,0.37,2020-11-07,808,N,VIIRS,n,2,304.99,9,D,0
30.95071,76.28688,333.42,0.42,0.38,2020-11-07,808,N,VIIRS,n,2,304.29,2.01,D,0
30.95082,75.67092,342.76,0.4,0.37,2020-11-07,808,N,VIIRS,n,2,304.51,3.98,D,0
30.95103,75.22558,345.41,0.4,0.37,2020-11-07,808,N,VIIRS,n,2,306.92,14.43,D,0
30.95247,75.18718,336.02,0.39,0.37,2020-11-07,808,N,VIIRS,n,2,303.15,2.71,D,0
30.95255,75.1153,334.28,0.39,0.36,2020-11-07,808,N,VIIRS,n,2,302.6,3.61,D,0
30.95289,75.16595,342.35,0.39,0.36,2020-11-07,808,N,VIIRS,n,2,303.66,4.48,D,0
30.95328,75.56256,344.8,0.4,0.37,2020-11-07,808,N,VIIRS,n,2,303.2,6.68,D,0
30.95582,75.18655,337.81,0.39,0.37,2020-11-07,808,N,VIIRS,n,2,301.78,4.59,D,0
30.95689,75.26691,339.55,0.4,0.37,2020-11-07,808,N,VIIRS,n,2,302.35,6.08,D,0
30.95704,75.29238,342.12,0.4,0.37,2020-11-07,808,N,VIIRS,n,2,302.68,15.65,D,0
30.95762,75.29652,341.37,0.4,0.37,2020-11-07,808,N,VIIRS,n,2,307.69,15.65,D,0
30.95849,75.25387,334.83,0.4,0.37,2020-11-07,808,N,VIIRS,n,2,304.57,7.56,D,0
30.95869,75.00094,331.45,0.39,0.36,2020-11-07,808,N,VIIRS,n,2,303.84,3.69,D,0
30.95966,75.36001,334.48,0.4,0.37,2020-11-07,808,N,VIIRS,n,2,303.11,3.3,D,0
30.9597,75.08077,334.89,0.39,0.36,2020-11-07,808,N,VIIRS,n,2,304.4,4.02,D,0
30.96017,76.14661,332.47,0.42,0.37,2020-11-07,808,N,VIIRS,n,2,301.8,2.4,D,0
30.96028,75.08488,343.48,0.39,0.36,2020-11-07,808,N,VIIRS,n,2,305.53,4.02,D,0
30.96069,75.34277,333.84,0.4,0.37,2020-11-07,808,N,VIIRS,l,2,304.38,5.79,D,0
30.96076,76.15097,333.43,0.42,0.37,2020-11-07,808,N,VIIRS,n,2,303.54,3.16,D,0
30.96098,75.29588,343.37,0.4,0.37,2020-11-07,808,N,VIIRS,n,2,300.57,15.65,D,0
30.9617,76.31641,335.15,0.42,0.38,2020-11-07,808,N,VIIRS,n,2,304.48,3.25,D,0
30.96318,75.10542,330.07,0.39,0.36,2020-11-07,808,N,VIIRS,l,2,304.73,9.53,D,0
30.96353,75.16815,335.26,0.39,0.37,2020-11-07,808,N,VIIRS,n,2,303.96,8.61,D,0
30.96427,76.17706,336.96,0.42,0.37,2020-11-07,808,N,VIIRS,n,2,305.15,5.75,D,0
30.96451,75.04192,344.06,0.39,0.36,2020-11-07,808,N,VIIRS,n,2,312.86,20.52,D,0
30.96463,75.34628,339.91,0.4,0.37,2020-11-07,808,N,VIIRS,n,2,301,5.27,D,0
30.96465,75.06718,347.26,0.39,0.36,2020-11-07,808,N,VIIRS,n,2,305.16,6.39,D,0
30.96594,75.2822,333.57,0.4,0.37,2020-11-07,808,N,VIIRS,n,2,302.8,3.73,D,0
30.96633,75.58167,341.14,0.4,0.37,2020-11-07,808,N,VIIRS,n,2,309.94,11.86,D,0
30.96739,76.27943,348.97,0.42,0.38,2020-11-07,808,N,VIIRS,n,2,308.33,9.02,D,0
30.96785,75.04128,330.29,0.39,0.36,2020-11-07,808,N,VIIRS,l,2,300.33,1.7,D,0
30.96866,76.34221,338.7,0.42,0.38,2020-11-07,808,N,VIIRS,n,2,306.75,3.29,D,0
30.96981,75.60689,337.47,0.4,0.37,2020-11-07,808,N,VIIRS,n,2,301.54,3.19,D,0
30.96989,75.38369,367,0.4,0.37,2020-11-07,808,N,VIIRS,l,2,329.07,38.74,D,0
30.97028,75.58524,332.99,0.4,0.37,2020-11-07,808,N,VIIRS,l,2,304.48,4.78,D,0
30.97048,75.38785,335.62,0.4,0.37,2020-11-07,808,N,VIIRS,n,2,301.99,38.74,D,0
30.97084,76.2788,335.18,0.42,0.38,2020-11-07,808,N,VIIRS,n,2,304.73,5.38,D,0
30.97106,75.39201,347.63,0.4,0.37,2020-11-07,808,N,VIIRS,n,2,303.21,11.4,D,0
30.97264,75.09939,336.36,0.39,0.36,2020-11-07,808,N,VIIRS,n,2,302.65,4.45,D,0
30.97303,75.17542,332.91,0.39,0.37,2020-11-07,808,N,VIIRS,n,2,302.84,11.39,D,0
30.97361,75.17954,333.5,0.39,0.37,2020-11-07,808,N,VIIRS,l,2,306.42,6.28,D,0
30.97387,75.63637,334.39,0.4,0.37,2020-11-07,808,N,VIIRS,n,2,301.95,8.51,D,0
30.97409,75.24243,332.45,0.4,0.37,2020-11-07,808,N,VIIRS,n,2,299.26,2.31,D,0
30.975,75.23866,342.4,0.4,0.37,2020-11-07,808,N,VIIRS,n,2,301.9,5.91,D,0
30.97543,75.27615,343.85,0.4,0.37,2020-11-07,808,N,VIIRS,n,2,305.78,7.85,D,0
30.97563,76.36806,331.5,0.42,0.38,2020-11-07,808,N,VIIRS,n,2,302.63,2.67,D,0
30.97592,76.23753,333.29,0.42,0.38,2020-11-07,808,N,VIIRS,n,2,301.32,2.65,D,0
30.97638,75.17478,356.35,0.39,0.37,2020-11-07,808,N,VIIRS,n,2,310.23,11.39,D,0
30.97848,75.84856,333.61,0.41,0.37,2020-11-07,808,N,VIIRS,n,2,304.13,2.52,D,0
30.97878,76.0332,330.48,0.41,0.37,2020-11-07,808,N,VIIRS,n,2,301.14,2.13,D,0
30.97879,75.27551,342.42,0.4,0.37,2020-11-07,808,N,VIIRS,n,2,302.24,7.85,D,0
30.97937,76.23692,332.73,0.42,0.38,2020-11-07,808,N,VIIRS,n,2,301.52,4.31,D,0
30.98009,75.25041,339.15,0.4,0.37,2020-11-07,808,N,VIIRS,n,2,303.41,6.96,D,0
30.98028,75.33482,340.23,0.4,0.37,2020-11-07,808,N,VIIRS,n,2,303.21,4.1,D,0
30.98072,75.41158,342.45,0.4,0.37,2020-11-07,808,N,VIIRS,n,2,304.89,14.61,D,0
30.98333,75.22433,333.18,0.4,0.37,2020-11-07,808,N,VIIRS,n,2,301.05,1.92,D,0
30.9834,76.09439,346.49,0.41,0.37,2020-11-07,808,N,VIIRS,n,2,305.18,6.9,D,0
30.98393,75.60858,333.92,0.4,0.37,2020-11-07,808,N,VIIRS,n,2,302.31,1.93,D,0
30.98397,76.09872,332.99,0.41,0.37,2020-11-07,808,N,VIIRS,n,2,302.5,6.9,D,0
30.98522,76.09767,338.1,0.41,0.37,2020-11-07,808,N,VIIRS,n,2,303.06,13.92,D,0
30.98531,76.30771,330.04,0.42,0.38,2020-11-07,808,N,VIIRS,n,2,301.15,1.11,D,0
30.98623,75.24501,334.63,0.4,0.37,2020-11-07,808,N,VIIRS,n,2,303.85,3.8,D,0
30.9863,75.14751,333.73,0.39,0.36,2020-11-07,808,N,VIIRS,n,2,301.13,3.24,D,0
30.98631,75.05038,335.89,0.39,0.36,2020-11-07,808,N,VIIRS,l,2,309.21,11.09,D,0
30.98681,75.24915,333.47,0.4,0.37,2020-11-07,808,N,VIIRS,n,2,300.91,3.8,D,0
30.98746,75.15575,330.85,0.39,0.37,2020-11-07,808,N,VIIRS,n,2,299.32,11.45,D,0
30.98876,75.18937,335.19,0.39,0.37,2020-11-07,808,N,VIIRS,l,2,305.71,5.03,D,0
30.98937,75.09619,333.17,0.39,0.36,2020-11-07,808,N,VIIRS,n,2,300.58,2.1,D,0
30.98979,75.829,336.94,0.41,0.37,2020-11-07,808,N,VIIRS,n,2,305.71,8.42,D,0
30.99004,75.22307,337.79,0.4,0.37,2020-11-07,808,N,VIIRS,n,2,302.39,6.62,D,0
30.99016,75.24851,339.72,0.4,0.37,2020-11-07,808,N,VIIRS,n,2,304.94,10.46,D,0
30.9905,75.20176,344.43,0.4,0.37,2020-11-07,808,N,VIIRS,n,2,302.7,5.5,D,0
30.99074,75.25266,341.79,0.4,0.37,2020-11-07,808,N,VIIRS,n,2,311.53,28.97,D,0
30.99163,75.56403,334.56,0.4,0.37,2020-11-07,808,N,VIIRS,n,2,304.23,2.61,D,0
30.99218,75.87231,344.93,0.41,0.37,2020-11-07,808,N,VIIRS,n,2,308.02,6.48,D,0
30.99433,75.30302,337.92,0.4,0.37,2020-11-07,808,N,VIIRS,n,2,301.99,3.71,D,0
30.99443,75.86314,333.03,0.41,0.37,2020-11-07,808,N,VIIRS,n,2,302.11,3.93,D,0
30.99455,75.58504,334.87,0.4,0.37,2020-11-07,808,N,VIIRS,n,2,303.26,4.39,D,0
30.99501,76.27449,334.45,0.42,0.38,2020-11-07,808,N,VIIRS,n,2,305.85,2.62,D,0
30.99559,75.87169,334.81,0.41,0.37,2020-11-07,808,N,VIIRS,n,2,304.74,8.21,D,0
30.99591,75.16684,343.66,0.39,0.37,2020-11-07,808,N,VIIRS,n,2,309.21,20.53,D,0
30.99594,75.64526,338.12,0.4,0.37,2020-11-07,808,N,VIIRS,n,2,301.6,3.14,D,0
30.99605,75.67121,335.09,0.4,0.37,2020-11-07,808,N,VIIRS,n,2,301.99,3.73,D,0
30.99873,75.28516,346.48,0.4,0.37,2020-11-07,808,N,VIIRS,n,2,305.08,14.03,D,0
30.99875,75.64041,333.65,0.4,0.37,2020-11-07,808,N,VIIRS,n,2,302.86,3.05,D,0
30.88278,75.99416,300.13,0.42,0.38,2020-11-07,2032,N,VIIRS,n,2,285.45,0.67,N,0
30,75.87943,346.58,0.44,0.38,2020-11-08,749,N,VIIRS,n,2,303.41,14.77,D,0
30.00025,76.00799,341.13,0.43,0.38,2020-11-08,749,N,VIIRS,n,2,303.61,6.47,D,0
30.00056,75.73852,333.38,0.44,0.38,2020-11-08,749,N,VIIRS,n,2,302.61,3.53,D,0
30.00153,76.14092,346.13,0.43,0.38,2020-11-08,749,N,VIIRS,n,2,304.11,9.32,D,0
30.0021,75.20308,334.27,0.46,0.39,2020-11-08,749,N,VIIRS,l,2,307.17,6.65,D,0
30.00231,75.62425,336.07,0.45,0.39,2020-11-08,749,N,VIIRS,n,2,306.02,3.39,D,0
30.00297,75.20782,331.18,0.46,0.39,2020-11-08,749,N,VIIRS,l,2,304.93,5.21,D,0
30.00482,75.19747,341.66,0.46,0.39,2020-11-08,749,N,VIIRS,n,2,303.2,3.41,D,0
30.00509,76.0989,334.95,0.43,0.38,2020-11-08,749,N,VIIRS,n,2,302.43,2.02,D,0
30.00559,76.03902,341.27,0.43,0.38,2020-11-08,749,N,VIIRS,n,2,301.07,3.05,D,0
30.00569,75.20222,334.34,0.46,0.39,2020-11-08,749,N,VIIRS,n,2,303.68,3.41,D,0
30.00581,75.18235,336.33,0.46,0.39,2020-11-08,749,N,VIIRS,n,2,304.75,2.57,D,0
30.00661,76.10772,332.57,0.43,0.38,2020-11-08,749,N,VIIRS,n,2,301.56,2.79,D,0
30.00758,75.02674,331.14,0.47,0.4,2020-11-08,749,N,VIIRS,n,2,300.26,3.17,D,0
30.00888,76.12095,330.97,0.43,0.38,2020-11-08,749,N,VIIRS,n,2,304.29,1.33,D,0
30.00912,75.51722,337.88,0.45,0.39,2020-11-08,749,N,VIIRS,n,2,305.83,10.76,D,0
30.01011,75.06139,336.21,0.47,0.4,2020-11-08,749,N,VIIRS,l,2,308.64,17.69,D,0
30.01064,75.81616,348.5,0.44,0.38,2020-11-08,749,N,VIIRS,n,2,306.61,9.89,D,0
30.01078,75.75501,335.32,0.44,0.38,2020-11-08,749,N,VIIRS,n,2,305.05,25.81,D,0
30.01148,75.65543,331.16,0.44,0.39,2020-11-08,749,N,VIIRS,l,2,303.39,2.99,D,0
30.01163,75.11118,342.17,0.47,0.39,2020-11-08,749,N,VIIRS,n,2,308.69,10.01,D,0
30.01207,75.78297,339.18,0.44,0.38,2020-11-08,749,N,VIIRS,n,2,306.38,6.49,D,0
30.01414,75.81536,348.34,0.44,0.38,2020-11-08,749,N,VIIRS,n,2,304.01,7.46,D,0
30.01421,75.37228,347.15,0.46,0.39,2020-11-08,749,N,VIIRS,n,2,305.81,4.69,D,0
30.01474,75.8807,343.4,0.44,0.38,2020-11-08,749,N,VIIRS,n,2,304.37,3.25,D,0
30.01498,75.15031,333.43,0.46,0.39,2020-11-08,749,N,VIIRS,n,2,305.03,3.48,D,0
30.01557,75.78216,346.43,0.44,0.38,2020-11-08,749,N,VIIRS,n,2,307.11,24,D,0
30.01632,75.6828,333.19,0.44,0.39,2020-11-08,749,N,VIIRS,n,2,301.93,1.67,D,0
30.01667,76.08248,344.27,0.43,0.38,2020-11-08,749,N,VIIRS,n,2,306.46,11.53,D,0
30.0171,76.07904,334.11,0.43,0.38,2020-11-08,749,N,VIIRS,l,2,305.97,8.81,D,0
30.01777,75.37144,335.62,0.46,0.39,2020-11-08,749,N,VIIRS,n,2,304.41,4.69,D,0
30.01791,75.45398,333.11,0.45,0.39,2020-11-08,749,N,VIIRS,l,2,304.64,1.51,D,0
30.01862,75.37611,332.39,0.45,0.39,2020-11-08,749,N,VIIRS,l,2,303.02,4.69,D,0
30.02015,75.87012,330.98,0.44,0.38,2020-11-08,749,N,VIIRS,n,2,303.11,1.99,D,0
30.0205,75.74805,339.62,0.44,0.38,2020-11-08,749,N,VIIRS,n,2,306.21,3.96,D,0
30.02056,75.45659,339.78,0.45,0.39,2020-11-08,749,N,VIIRS,n,2,306.15,8.55,D,0
30.02122,75.99985,335.97,0.43,0.38,2020-11-08,749,N,VIIRS,n,2,305.35,2.74,D,0
30.02145,75.45315,336.28,0.45,0.39,2020-11-08,749,N,VIIRS,n,2,305.05,4.68,D,0
30.02212,75.59095,334.65,0.45,0.39,2020-11-08,749,N,VIIRS,n,2,303.47,2.48,D,0
30.02217,75.37527,334.98,0.45,0.39,2020-11-08,749,N,VIIRS,n,2,303.9,5.07,D,0
30.02254,75.67661,340.89,0.44,0.39,2020-11-08,749,N,VIIRS,n,2,307.86,22.1,D,0
30.02284,75.65753,367,0.44,0.39,2020-11-08,749,N,VIIRS,h,2,305.45,7,D,0
30.02296,75.90675,332.73,0.43,0.38,2020-11-08,749,N,VIIRS,n,2,302.47,23.08,D,0
30.02464,75.70929,341.75,0.44,0.39,2020-11-08,749,N,VIIRS,n,2,307.16,11.84,D,0
30.02471,75.38929,343.2,0.45,0.39,2020-11-08,749,N,VIIRS,n,2,302.51,3.64,D,0
30.02512,75.73282,334.95,0.44,0.38,2020-11-08,749,N,VIIRS,n,2,305.6,2.11,D,0
30.02526,75.67123,333.86,0.44,0.39,2020-11-08,749,N,VIIRS,n,2,303.51,2.53,D,0
30.02556,75.65215,334.59,0.44,0.39,2020-11-08,749,N,VIIRS,n,2,305.56,11.96,D,0
30.02636,75.65672,338.31,0.44,0.39,2020-11-08,749,N,VIIRS,n,2,305.02,7,D,0
30.02739,75.99381,331.73,0.43,0.38,2020-11-08,749,N,VIIRS,n,2,303.21,6.3,D,0
30.02762,75.51769,345.74,0.45,0.39,2020-11-08,749,N,VIIRS,n,2,304.27,8.08,D,0
30.02791,75.49834,345.03,0.45,0.39,2020-11-08,749,N,VIIRS,n,2,303.68,5.71,D,0
30.02817,75.99825,336.15,0.43,0.38,2020-11-08,749,N,VIIRS,n,2,304.05,6.3,D,0
30.02827,75.38846,333.75,0.45,0.39,2020-11-08,749,N,VIIRS,n,2,301.78,3.64,D,0
30.02837,75.01671,332.81,0.47,0.4,2020-11-08,749,N,VIIRS,n,2,303.73,5.32,D,0
30.02855,75.45148,335.21,0.45,0.39,2020-11-08,749,N,VIIRS,n,2,304.73,4.28,D,0
30.02863,75.73199,335.86,0.44,0.38,2020-11-08,749,N,VIIRS,n,2,306.48,3.82,D,0
30.02879,75.51415,333.35,0.45,0.39,2020-11-08,749,N,VIIRS,l,2,303.63,7.91,D,0
30.02944,76.1083,332.7,0.43,0.38,2020-11-08,749,N,VIIRS,n,2,302.68,1.74,D,0
30.02966,75.96554,338.34,0.43,0.38,2020-11-08,749,N,VIIRS,n,2,304.32,3.44,D,0
30.02978,76.04858,339.92,0.43,0.38,2020-11-08,749,N,VIIRS,n,2,312.26,37.18,D,0
30.0299,75.76,334.62,0.44,0.38,2020-11-08,749,N,VIIRS,n,2,306.35,2.23,D,0
30.02999,75.59389,340.97,0.45,0.39,2020-11-08,749,N,VIIRS,n,2,305.34,5.88,D,0
30.03116,75.3634,330.34,0.46,0.39,2020-11-08,749,N,VIIRS,l,2,305,2.91,D,0
30.03206,75.14124,338.84,0.46,0.39,2020-11-08,749,N,VIIRS,n,2,304.99,10.13,D,0
30.0321,76.06184,334.24,0.43,0.38,2020-11-08,749,N,VIIRS,l,2,305.31,3.78,D,0
30.03253,75.85791,334.49,0.44,0.38,2020-11-08,749,N,VIIRS,n,2,306.69,1.54,D,0
30.03288,76.06625,336.16,0.43,0.38,2020-11-08,749,N,VIIRS,n,2,307.83,10.28,D,0
30.03289,76.10751,333.5,0.43,0.38,2020-11-08,749,N,VIIRS,n,2,303.05,1.74,D,0
30.03325,75.71674,334.93,0.44,0.38,2020-11-08,749,N,VIIRS,l,2,307.27,4.05,D,0
30.03335,75.08595,332.75,0.47,0.4,2020-11-08,749,N,VIIRS,l,2,304.99,6.64,D,0
30.0342,75.50326,337.91,0.45,0.39,2020-11-08,749,N,VIIRS,n,2,302.55,62.45,D,0
30.0344,75.48394,346.26,0.45,0.39,2020-11-08,749,N,VIIRS,n,2,306.49,15.09,D,0
30.03444,75.84811,336.79,0.44,0.38,2020-11-08,749,N,VIIRS,n,2,309,5.05,D,0
30.03482,75.52717,343.42,0.45,0.39,2020-11-08,749,N,VIIRS,n,2,305.7,10.48,D,0
30.03524,75.48856,340.68,0.45,0.39,2020-11-08,749,N,VIIRS,l,2,314.3,15.09,D,0
30.03551,75.16035,335.97,0.46,0.39,2020-11-08,749,N,VIIRS,n,2,303.46,5.53,D,0
30.03566,75.14039,346.69,0.46,0.39,2020-11-08,749,N,VIIRS,n,2,306.97,10.13,D,0
30.03608,75.08028,332.98,0.47,0.4,2020-11-08,749,N,VIIRS,l,2,303.32,3.43,D,0
30.03623,75.58765,333.56,0.45,0.39,2020-11-08,749,N,VIIRS,l,2,303.78,6.27,D,0
30.03676,75.22948,330.52,0.46,0.39,2020-11-08,749,N,VIIRS,n,2,303.69,2.69,D,0
30.03691,75.65425,333.32,0.44,0.39,2020-11-08,749,N,VIIRS,n,2,303.69,1.41,D,0
30.03743,75.35703,334.98,0.46,0.39,2020-11-08,749,N,VIIRS,l,2,305.04,4.26,D,0
30.03778,75.21441,346.56,0.46,0.39,2020-11-08,749,N,VIIRS,n,2,303.12,5.2,D,0
30.03795,75.48311,343.56,0.45,0.39,2020-11-08,749,N,VIIRS,n,2,305.71,15.09,D,0
30.03826,76.05582,336.83,0.43,0.38,2020-11-08,749,N,VIIRS,n,2,302.37,5.4,D,0
30.03827,76.09711,339.46,0.43,0.38,2020-11-08,749,N,VIIRS,n,2,302.73,3.44,D,0
30.03828,76.13829,335.37,0.43,0.38,2020-11-08,749,N,VIIRS,n,2,303.62,4.58,D,0
30.03836,75.52634,342.3,0.45,0.39,2020-11-08,749,N,VIIRS,n,2,302.73,10.48,D,0
30.03845,75.34213,334,0.46,0.39,2020-11-08,749,N,VIIRS,n,2,305.12,3.27,D,0
30.03853,75.58859,345.66,0.45,0.39,2020-11-08,749,N,VIIRS,n,2,302.18,4.81,D,0
30.03863,75.21915,347.02,0.46,0.39,2020-11-08,749,N,VIIRS,n,2,306.06,10.5,D,0
30.03905,76.14268,334.2,0.43,0.38,2020-11-08,749,N,VIIRS,n,2,303.55,4.58,D,0
30.0391,75.15951,337.35,0.46,0.39,2020-11-08,749,N,VIIRS,n,2,301.01,5.53,D,0
30.03916,75.26346,338.62,0.46,0.39,2020-11-08,749,N,VIIRS,n,2,305.92,3.32,D,0
30.04023,75.51629,333.29,0.45,0.39,2020-11-08,749,N,VIIRS,n,2,300.95,1.49,D,0
30.04041,75.5786,331.71,0.45,0.39,2020-11-08,749,N,VIIRS,l,2,306.4,2.37,D,0
30.04082,75.04397,339.55,0.47,0.4,2020-11-08,749,N,VIIRS,n,2,302.43,4.26,D,0
30.04107,75.71965,345.11,0.44,0.38,2020-11-08,749,N,VIIRS,n,2,309.62,17.53,D,0
30.04168,75.57681,342.6,0.45,0.39,2020-11-08,749,N,VIIRS,n,2,305.51,3.69,D,0
30.04315,75.49152,351.18,0.45,0.39,2020-11-08,749,N,VIIRS,n,2,307.45,14.71,D,0
30.04339,75.18334,336.2,0.46,0.39,2020-11-08,749,N,VIIRS,n,2,305.53,3.68,D,0
30.04402,76.0269,339.5,0.43,0.38,2020-11-08,749,N,VIIRS,n,2,303.35,3.93,D,0
30.0443,75.92507,344.23,0.43,0.38,2020-11-08,749,N,VIIRS,n,2,305.76,6.89,D,0
30.04442,75.0431,338.12,0.47,0.4,2020-11-08,749,N,VIIRS,n,2,302.57,8.6,D,0
30.04458,75.71883,345.05,0.44,0.38,2020-11-08,749,N,VIIRS,n,2,307.6,17.53,D,0
30.04492,75.8457,333.36,0.44,0.38,2020-11-08,749,N,VIIRS,l,2,306.34,3.42,D,0
30.04501,75.3991,338.2,0.45,0.39,2020-11-08,749,N,VIIRS,n,2,307.3,11.24,D,0
30.04535,75.60608,343.57,0.45,0.39,2020-11-08,749,N,VIIRS,n,2,303.59,5.38,D,0
30.0465,75.60435,344.28,0.45,0.39,2020-11-08,749,N,VIIRS,n,2,303.65,4.85,D,0
30.04674,76.10435,330.46,0.43,0.38,2020-11-08,749,N,VIIRS,n,2,300.26,0.98,D,0
30.04791,75.53851,335.63,0.45,0.39,2020-11-08,749,N,VIIRS,n,2,305.24,3.53,D,0
30.0485,75.04427,345.91,0.47,0.4,2020-11-08,749,N,VIIRS,n,2,304.01,9.12,D,0
30.04889,75.04705,334.56,0.47,0.4,2020-11-08,749,N,VIIRS,n,2,304.59,8.15,D,0
30.0502,76.10355,346.77,0.43,0.38,2020-11-08,749,N,VIIRS,n,2,302.9,7.01,D,0
30.05135,76.04823,340.99,0.43,0.38,2020-11-08,749,N,VIIRS,n,2,304.11,6.8,D,0
30.05171,75.98822,337.61,0.43,0.38,2020-11-08,749,N,VIIRS,n,2,306.58,10.91,D,0
30.05175,75.2506,340.76,0.46,0.39,2020-11-08,749,N,VIIRS,n,2,310.24,11.23,D,0
30.05205,75.31444,335.32,0.46,0.39,2020-11-08,749,N,VIIRS,n,2,303.56,3.41,D,0
30.05211,75.39742,336.49,0.45,0.39,2020-11-08,749,N,VIIRS,n,2,304.83,10.14,D,0
30.05227,75.54228,332.54,0.45,0.39,2020-11-08,749,N,VIIRS,n,2,300.62,1.74,D,0
30.05398,75.46967,339.77,0.45,0.39,2020-11-08,749,N,VIIRS,n,2,306.37,5.58,D,0
30.05464,75.69283,333.76,0.44,0.39,2020-11-08,749,N,VIIRS,l,2,304.02,2.74,D,0
30.05532,75.24975,339.97,0.46,0.39,2020-11-08,749,N,VIIRS,n,2,309.32,11.23,D,0
30.05549,75.12566,334.28,0.47,0.39,2020-11-08,749,N,VIIRS,n,2,305.18,2.92,D,0
30.05557,75.56068,334.95,0.45,0.39,2020-11-08,749,N,VIIRS,n,2,303.91,2.67,D,0
30.05585,75.19028,339.12,0.46,0.39,2020-11-08,749,N,VIIRS,n,2,306.79,7.24,D,0
30.05625,75.64641,338.9,0.44,0.39,2020-11-08,749,N,VIIRS,n,2,309.57,17.59,D,0
30.05626,75.33791,338.09,0.46,0.39,2020-11-08,749,N,VIIRS,n,2,307.05,2.21,D,0
30.05669,76.16147,346.07,0.43,0.38,2020-11-08,749,N,VIIRS,n,2,305.41,10.04,D,0
30.05708,75.93605,337.32,0.43,0.38,2020-11-08,749,N,VIIRS,n,2,302.43,4.45,D,0
30.05739,75.8755,330.34,0.44,0.38,2020-11-08,749,N,VIIRS,l,2,303.27,1.38,D,0
30.05741,76.2068,331.11,0.42,0.38,2020-11-08,749,N,VIIRS,l,2,302.76,3.53,D,0
30.05748,75.95913,334.72,0.43,0.38,2020-11-08,749,N,VIIRS,n,2,304.75,6.61,D,0
30.05858,75.37154,348.84,0.45,0.39,2020-11-08,749,N,VIIRS,n,2,304.03,6.57,D,0
30.05951,75.76254,342.39,0.44,0.38,2020-11-08,749,N,VIIRS,n,2,305.09,4.3,D,0
30.06167,76.16944,339.54,0.43,0.38,2020-11-08,749,N,VIIRS,n,2,303.33,3.56,D,0
30.06174,76.08717,340.38,0.43,0.38,2020-11-08,749,N,VIIRS,n,2,305.25,8.63,D,0
30.06227,75.51592,343.89,0.45,0.39,2020-11-08,749,N,VIIRS,n,2,307.36,15.37,D,0
30.06268,75.12395,333.35,0.47,0.39,2020-11-08,749,N,VIIRS,l,2,305.33,8.02,D,0
30.06319,75.16866,330.95,0.46,0.39,2020-11-08,749,N,VIIRS,n,2,304.38,6.17,D,0
30.06354,75.12579,340.82,0.46,0.39,2020-11-08,749,N,VIIRS,n,2,310.34,14.25,D,0
30.06405,75.17343,333.18,0.46,0.39,2020-11-08,749,N,VIIRS,n,2,303.66,7.3,D,0
30.06523,76.00359,330.93,0.43,0.38,2020-11-08,749,N,VIIRS,l,2,303.09,3.48,D,0
30.06548,75.3894,346.68,0.45,0.39,2020-11-08,749,N,VIIRS,n,2,305.22,11.58,D,0
30.06627,75.12309,333.07,0.47,0.39,2020-11-08,749,N,VIIRS,l,2,305.85,14.97,D,0
30.06713,75.12495,336.35,0.46,0.39,2020-11-08,749,N,VIIRS,n,2,304.29,14.25,D,0
30.0675,76.09959,334.62,0.43,0.38,2020-11-08,749,N,VIIRS,n,2,301.52,3.19,D,0
30.06799,75.32046,337.77,0.46,0.39,2020-11-08,749,N,VIIRS,n,2,305.36,7.81,D,0
30.068,76.26782,333.97,0.42,0.38,2020-11-08,749,N,VIIRS,n,2,302.63,2.01,D,0
30.06859,75.83553,339.6,0.44,0.38,2020-11-08,749,N,VIIRS,n,2,306.08,7.09,D,0
30.06895,75.81671,344.72,0.44,0.38,2020-11-08,749,N,VIIRS,n,2,310.81,12.77,D,0
30.06911,75.07446,336.09,0.47,0.4,2020-11-08,749,N,VIIRS,n,2,304.49,4.06,D,0
30.06923,75.28583,340.36,0.46,0.39,2020-11-08,749,N,VIIRS,n,2,305.99,5.19,D,0
30.06943,76.09,342.68,0.43,0.38,2020-11-08,749,N,VIIRS,n,2,302.62,5.14,D,0
30.07088,75.66676,333.76,0.44,0.39,2020-11-08,749,N,VIIRS,n,2,305.07,1.85,D,0
30.07109,75.44147,338.42,0.45,0.39,2020-11-08,749,N,VIIRS,n,2,303.1,6.26,D,0
30.07122,75.17171,332.41,0.46,0.39,2020-11-08,749,N,VIIRS,n,2,303.33,3.23,D,0
30.07136,76.08038,339.42,0.43,0.38,2020-11-08,749,N,VIIRS,n,2,300.72,4.27,D,0
30.0714,75.62861,344.05,0.44,0.39,2020-11-08,749,N,VIIRS,n,2,305.58,4.54,D,0
30.07155,75.31962,341.08,0.46,0.39,2020-11-08,749,N,VIIRS,n,2,303.85,4.18,D,0
30.0723,75.17346,333.75,0.46,0.39,2020-11-08,749,N,VIIRS,n,2,303.19,3.14,D,0
30.0726,75.30466,343.83,0.46,0.39,2020-11-08,749,N,VIIRS,n,2,304,3.34,D,0
30.07285,75.0334,334.63,0.47,0.4,2020-11-08,749,N,VIIRS,n,2,304.15,5.99,D,0
30.07288,75.51343,340.43,0.45,0.39,2020-11-08,749,N,VIIRS,n,2,306.79,4.61,D,0
30.07404,75.41653,332.76,0.45,0.39,2020-11-08,749,N,VIIRS,l,2,305.88,5.5,D,0
30.0744,75.66593,341.97,0.44,0.39,2020-11-08,749,N,VIIRS,n,2,311.61,13.02,D,0
30.07442,75.84821,340.7,0.44,0.38,2020-11-08,749,N,VIIRS,n,2,310.74,23.85,D,0
30.07468,75.2747,333.85,0.46,0.39,2020-11-08,749,N,VIIRS,n,2,305.04,3.22,D,0
30.07487,75.4212,333.69,0.45,0.39,2020-11-08,749,N,VIIRS,n,2,303.26,5.5,D,0
30.07524,75.89468,346.16,0.43,0.38,2020-11-08,749,N,VIIRS,n,2,315.49,37.08,D,0
30.07559,75.50797,334.14,0.45,0.39,2020-11-08,749,N,VIIRS,n,2,304.89,2.4,D,0
30.07641,75.5126,335.78,0.45,0.39,2020-11-08,749,N,VIIRS,n,2,302.49,4.45,D,0
30.07645,75.03253,333.93,0.47,0.4,2020-11-08,749,N,VIIRS,n,2,300.98,4.3,D,0
30.07757,75.99152,337.55,0.43,0.38,2020-11-08,749,N,VIIRS,n,2,308.73,12.19,D,0
30.07781,75.39622,341.58,0.45,0.39,2020-11-08,749,N,VIIRS,n,2,304.69,10.03,D,0
30.07791,75.66512,342.18,0.44,0.39,2020-11-08,749,N,VIIRS,n,2,307.36,13.02,D,0
30.07806,75.52183,341.52,0.45,0.39,2020-11-08,749,N,VIIRS,n,2,306.89,12.36,D,0
30.07864,75.5457,333.88,0.45,0.39,2020-11-08,749,N,VIIRS,n,2,301.84,2.05,D,0
30.07924,75.17476,337.93,0.46,0.39,2020-11-08,749,N,VIIRS,n,2,302.84,3.51,D,0
30.07947,75.17175,334.41,0.46,0.39,2020-11-08,749,N,VIIRS,l,2,304.42,6.61,D,0
30.08028,75.90282,335.38,0.43,0.38,2020-11-08,749,N,VIIRS,n,2,306.55,6.24,D,0
30.08034,75.2438,334.32,0.46,0.39,2020-11-08,749,N,VIIRS,n,2,303.85,12.75,D,0
30.08084,75.57869,333.77,0.45,0.39,2020-11-08,749,N,VIIRS,n,2,305.18,5.78,D,0
30.08105,75.9073,334.97,0.43,0.38,2020-11-08,749,N,VIIRS,n,2,306.42,6.32,D,0
30.08135,75.54026,343.23,0.45,0.39,2020-11-08,749,N,VIIRS,n,2,314.24,37.71,D,0
30.08139,76.05513,346.83,0.43,0.38,2020-11-08,749,N,VIIRS,n,2,300.65,10.01,D,0
30.08315,76.1691,331.34,0.43,0.38,2020-11-08,749,N,VIIRS,n,2,304.95,2.13,D,0
30.0837,76.25521,330.39,0.42,0.38,2020-11-08,749,N,VIIRS,n,2,303.17,1.92,D,0
30.08382,75.7394,331.49,0.44,0.38,2020-11-08,749,N,VIIRS,n,2,306.37,1.55,D,0
30.08476,75.24767,333.37,0.46,0.39,2020-11-08,749,N,VIIRS,n,2,301.59,10.83,D,0
30.08529,75.99436,337.27,0.43,0.38,2020-11-08,749,N,VIIRS,n,2,305.93,3.4,D,0
30.08551,75.41869,330.63,0.45,0.39,2020-11-08,749,N,VIIRS,n,2,304.53,6.9,D,0
30.0857,75.93409,335,0.43,0.38,2020-11-08,749,N,VIIRS,n,2,302.36,3.17,D,0
30.08634,75.42333,333.49,0.45,0.39,2020-11-08,749,N,VIIRS,n,2,303.71,8.69,D,0
30.08643,76.02177,332.89,0.43,0.38,2020-11-08,749,N,VIIRS,n,2,301.94,3.72,D,0
30.08763,75.92437,331.35,0.43,0.38,2020-11-08,749,N,VIIRS,n,2,302.16,2.68,D,0
30.08789,75.57704,338.87,0.45,0.39,2020-11-08,749,N,VIIRS,n,2,306,8.4,D,0
30.08865,75.76653,333.76,0.44,0.38,2020-11-08,749,N,VIIRS,n,2,304.72,2.12,D,0
30.08952,75.37885,343.95,0.45,0.39,2020-11-08,749,N,VIIRS,n,2,313.14,32.96,D,0
30.09012,75.40303,331.04,0.45,0.39,2020-11-08,749,N,VIIRS,n,2,303.05,1.58,D,0
30.09301,75.52311,337.29,0.45,0.39,2020-11-08,749,N,VIIRS,n,2,306.76,7.02,D,0
30.09394,75.29166,335.12,0.46,0.39,2020-11-08,749,N,VIIRS,l,2,309.85,7.09,D,0
30.09442,75.26015,337.38,0.46,0.39,2020-11-08,749,N,VIIRS,n,2,310.18,35.8,D,0
30.09443,76.08885,336.49,0.43,0.38,2020-11-08,749,N,VIIRS,n,2,304.16,3.25,D,0
30.09491,75.51305,337.65,0.45,0.39,2020-11-08,749,N,VIIRS,n,2,304.44,6.39,D,0
30.09501,76.17549,337.26,0.43,0.38,2020-11-08,749,N,VIIRS,n,2,306.6,3.95,D,0
30.09522,75.61827,337.75,0.44,0.39,2020-11-08,749,N,VIIRS,n,2,306.29,5.59,D,0
30.09588,75.2893,341.66,0.46,0.39,2020-11-08,749,N,VIIRS,n,2,310.96,13.55,D,0
30.09653,75.91302,338.27,0.43,0.38,2020-11-08,749,N,VIIRS,n,2,303,2.42,D,0
30.09657,75.58456,338.22,0.45,0.39,2020-11-08,749,N,VIIRS,n,2,305.12,5.37,D,0
30.09667,75.9142,333.34,0.43,0.38,2020-11-08,749,N,VIIRS,n,2,301.99,3.76,D,0
30.0967,76.10207,349.97,0.43,0.38,2020-11-08,749,N,VIIRS,n,2,306.56,8.01,D,0
30.09675,75.75053,336.97,0.44,0.38,2020-11-08,749,N,VIIRS,n,2,307.53,4.25,D,0
30.09733,75.71267,344.94,0.44,0.38,2020-11-08,749,N,VIIRS,n,2,310.77,9.4,D,0
30.09751,75.29082,334.01,0.46,0.39,2020-11-08,749,N,VIIRS,n,2,303.46,7.09,D,0
30.09764,75.27115,337.04,0.46,0.39,2020-11-08,749,N,VIIRS,n,2,306.95,6.3,D,0
30.09846,76.17471,340.33,0.43,0.38,2020-11-08,749,N,VIIRS,n,2,304.34,4.93,D,0
30.09954,76.01415,335.07,0.43,0.38,2020-11-08,749,N,VIIRS,n,2,303.57,4.47,D,0
30.09962,75.24115,347.51,0.46,0.39,2020-11-08,749,N,VIIRS,n,2,308.46,10.74,D,0
30.10001,75.91221,334.58,0.43,0.38,2020-11-08,749,N,VIIRS,n,2,302.63,2.42,D,0
30.1003,76.01859,333.49,0.43,0.38,2020-11-08,749,N,VIIRS,n,2,302.05,4.47,D,0
30.10063,75.83408,331.96,0.44,0.38,2020-11-08,749,N,VIIRS,n,2,305.22,2.79,D,0
30.10073,76.18784,341.56,0.42,0.38,2020-11-08,749,N,VIIRS,n,2,306.98,21.63,D,0
30.10075,75.95842,347.43,0.43,0.38,2020-11-08,749,N,VIIRS,n,2,306.38,9.41,D,0
30.10116,76.16955,345.33,0.43,0.38,2020-11-08,749,N,VIIRS,n,2,304.52,4.93,D,0
30.10119,75.12677,330.53,0.46,0.39,2020-11-08,749,N,VIIRS,n,2,303.37,2.55,D,0
30.10205,75.90366,342.72,0.43,0.38,2020-11-08,749,N,VIIRS,n,2,303.33,3.98,D,0
30.10217,75.11158,340.81,0.47,0.39,2020-11-08,749,N,VIIRS,n,2,305.36,5.69,D,0
30.10231,75.34653,336.81,0.46,0.39,2020-11-08,749,N,VIIRS,n,2,305.03,4.25,D,0
30.10242,75.40983,332.17,0.45,0.39,2020-11-08,749,N,VIIRS,l,2,302.17,2.49,D,0
30.10267,75.39033,335.12,0.45,0.39,2020-11-08,749,N,VIIRS,l,2,305.68,6.94,D,0
30.10308,75.55912,338.19,0.45,0.39,2020-11-08,749,N,VIIRS,n,2,304.74,4.15,D,0
30.10315,75.35123,336.3,0.46,0.39,2020-11-08,749,N,VIIRS,n,2,303.91,6.83,D,0
30.1032,75.2403,345.7,0.46,0.39,2020-11-08,749,N,VIIRS,n,2,302.89,10.74,D,0
30.10336,75.05622,336.27,0.47,0.4,2020-11-08,749,N,VIIRS,n,2,306.5,8.98,D,0
30.10342,76.18268,334.59,0.43,0.38,2020-11-08,749,N,VIIRS,n,2,304.59,6.9,D,0
30.10345,75.20072,335.19,0.46,0.39,2020-11-08,749,N,VIIRS,n,2,305.14,2.37,D,0
30.10349,75.32368,344.32,0.46,0.39,2020-11-08,749,N,VIIRS,n,2,308.55,5.57,D,0
30.10611,75.32608,334.43,0.46,0.39,2020-11-08,749,N,VIIRS,l,2,304.59,7.04,D,0
30.10623,76.13647,334.35,0.43,0.38,2020-11-08,749,N,VIIRS,n,2,304.77,3.08,D,0
30.10661,75.55829,330.07,0.45,0.39,2020-11-08,749,N,VIIRS,n,2,304.67,1.29,D,0
30.10666,76.11808,335.57,0.43,0.38,2020-11-08,749,N,VIIRS,n,2,304.61,8.04,D,0
30.10688,75.53905,335.98,0.45,0.39,2020-11-08,749,N,VIIRS,l,2,308.1,9.81,D,0
30.10826,75.145,334.46,0.46,0.39,2020-11-08,749,N,VIIRS,n,2,303.09,3.27,D,0
30.1086,75.34016,335.77,0.46,0.39,2020-11-08,749,N,VIIRS,n,2,308.51,3.98,D,0
30.10873,75.65318,336.48,0.44,0.39,2020-11-08,749,N,VIIRS,n,2,306.58,4.82,D,0
30.109,75.16966,332.21,0.46,0.39,2020-11-08,749,N,VIIRS,n,2,303.16,3.95,D,0
30.10911,76.04877,346.59,0.43,0.38,2020-11-08,749,N,VIIRS,n,2,302.78,3.98,D,0
30.1093,75.61498,335.44,0.44,0.39,2020-11-08,749,N,VIIRS,n,2,304.75,7.04,D,0
30.10946,75.71928,331.62,0.44,0.38,2020-11-08,749,N,VIIRS,n,2,305.93,2.76,D,0
30.10957,75.47105,340.16,0.45,0.39,2020-11-08,749,N,VIIRS,n,2,308.06,4.92,D,0
30.11047,75.34158,333.33,0.46,0.39,2020-11-08,749,N,VIIRS,l,2,305.92,2.47,D,0
30.11225,75.65236,337.21,0.44,0.39,2020-11-08,749,N,VIIRS,n,2,309.8,4.82,D,0
30.11235,75.75631,330.73,0.44,0.38,2020-11-08,749,N,VIIRS,n,2,302.52,4.29,D,0
30.11258,76.04798,344.29,0.43,0.38,2020-11-08,749,N,VIIRS,n,2,300.85,3.93,D,0
30.11282,75.61416,338.84,0.44,0.39,2020-11-08,749,N,VIIRS,n,2,304.53,7.04,D,0
30.11291,76.07086,331.21,0.43,0.38,2020-11-08,749,N,VIIRS,n,2,302.8,1.33,D,0
30.11342,76.01096,337.64,0.43,0.38,2020-11-08,749,N,VIIRS,n,2,304.32,3.27,D,0
30.11363,75.27718,335.49,0.46,0.39,2020-11-08,749,N,VIIRS,n,2,305.3,6.4,D,0
30.11394,76.01199,331.29,0.43,0.38,2020-11-08,749,N,VIIRS,n,2,303.54,2.2,D,0
30.1142,75.58043,334.79,0.45,0.39,2020-11-08,749,N,VIIRS,l,2,309.04,15.96,D,0
30.11472,75.41663,344.14,0.45,0.39,2020-11-08,749,N,VIIRS,n,2,304.23,10.14,D,0
30.11506,75.75098,336.65,0.44,0.38,2020-11-08,749,N,VIIRS,n,2,309.01,4.29,D,0
30.11585,75.7555,332.84,0.44,0.38,2020-11-08,749,N,VIIRS,n,2,302.65,4.29,D,0
30.11637,76.07007,343.55,0.43,0.38,2020-11-08,749,N,VIIRS,n,2,306.45,13.05,D,0
30.1168,76.05161,338.36,0.43,0.38,2020-11-08,749,N,VIIRS,n,2,301.88,3.93,D,0
30.11772,75.57961,344.85,0.45,0.39,2020-11-08,749,N,VIIRS,n,2,306.78,16.58,D,0
30.11776,75.05277,353.48,0.47,0.4,2020-11-08,749,N,VIIRS,n,2,311.37,33.94,D,0
30.11802,75.15759,332.2,0.46,0.39,2020-11-08,749,N,VIIRS,n,2,301.3,1.93,D,0
30.11802,75.49799,332.88,0.45,0.39,2020-11-08,749,N,VIIRS,l,2,304.34,3.14,D,0
30.11835,75.91385,330.67,0.43,0.38,2020-11-08,749,N,VIIRS,l,2,303.68,1.94,D,0
30.11859,75.325,341.9,0.46,0.39,2020-11-08,749,N,VIIRS,n,2,313.15,33.93,D,0
30.1189,75.28574,334.4,0.46,0.39,2020-11-08,749,N,VIIRS,n,2,304.48,3.81,D,0
30.11961,76.15166,333.97,0.43,0.38,2020-11-08,749,N,VIIRS,n,2,304.76,1.73,D,0
30.11975,75.29044,339.23,0.46,0.39,2020-11-08,749,N,VIIRS,n,2,304.24,5.22,D,0
30.11991,75.55038,343.46,0.45,0.39,2020-11-08,749,N,VIIRS,n,2,304.55,6.15,D,0
30.12045,75.98743,333.98,0.43,0.38,2020-11-08,749,N,VIIRS,n,2,302.65,3,D,0
30.1222,75.20119,339.87,0.46,0.39,2020-11-08,749,N,VIIRS,n,2,306.48,6.19,D,0
30.12264,75.48245,335.26,0.45,0.39,2020-11-08,749,N,VIIRS,n,2,303.62,7.39,D,0
30.12298,75.43099,340.43,0.45,0.39,2020-11-08,749,N,VIIRS,n,2,307.55,8.94,D,0
30.123,75.32884,334.6,0.46,0.39,2020-11-08,749,N,VIIRS,l,2,304.66,4.01,D,0
30.12348,75.71602,344.74,0.44,0.38,2020-11-08,749,N,VIIRS,n,2,305.34,6.07,D,0
30.12379,75.69704,337.91,0.44,0.38,2020-11-08,749,N,VIIRS,n,2,305.94,4.17,D,0
30.12396,75.57336,333.16,0.45,0.39,2020-11-08,749,N,VIIRS,n,2,301.53,3.91,D,0
30.12418,75.61626,333.39,0.44,0.39,2020-11-08,749,N,VIIRS,l,2,304.66,4.51,D,0
30.12506,75.55874,333.41,0.45,0.39,2020-11-08,749,N,VIIRS,n,2,303.06,3.85,D,0
30.12509,75.43356,345.77,0.45,0.39,2020-11-08,749,N,VIIRS,n,2,306.53,11.3,D,0
30.12509,75.49633,333.64,0.45,0.39,2020-11-08,749,N,VIIRS,n,2,301.83,3.3,D,0
30.12524,75.76743,335.01,0.44,0.38,2020-11-08,749,N,VIIRS,n,2,303.21,3.35,D,0
30.12534,75.53951,335.01,0.45,0.39,2020-11-08,749,N,VIIRS,n,2,305.28,5.68,D,0
30.12537,75.47698,333.07,0.45,0.39,2020-11-08,749,N,VIIRS,l,2,304.3,7.02,D,0
30.12587,75.56334,332.34,0.45,0.39,2020-11-08,749,N,VIIRS,n,2,301.34,3.85,D,0
30.12618,75.48162,336.7,0.45,0.39,2020-11-08,749,N,VIIRS,l,2,307.35,7.39,D,0
30.1277,75.61543,353.46,0.44,0.39,2020-11-08,749,N,VIIRS,n,2,305.22,4.51,D,0
30.12781,75.49088,339.07,0.45,0.39,2020-11-08,749,N,VIIRS,n,2,302.8,3.3,D,0
30.12783,75.47815,340.69,0.45,0.39,2020-11-08,749,N,VIIRS,n,2,310.37,37.33,D,0
30.12791,75.65819,336.99,0.44,0.39,2020-11-08,749,N,VIIRS,n,2,309.21,10.24,D,0
30.12792,75.15025,348.64,0.46,0.39,2020-11-08,749,N,VIIRS,n,2,306.99,12.02,D,0
30.12809,75.47152,339.34,0.45,0.39,2020-11-08,749,N,VIIRS,n,2,305.12,5.53,D,0
30.12871,75.66274,341.44,0.44,0.39,2020-11-08,749,N,VIIRS,n,2,309.61,21.78,D,0
30.12879,75.91144,344.94,0.43,0.38,2020-11-08,749,N,VIIRS,n,2,304.04,6.24,D,0
30.1289,75.47615,333.8,0.45,0.39,2020-11-08,749,N,VIIRS,n,2,302.17,5.53,D,0
30.12966,76.23118,339.33,0.42,0.38,2020-11-08,749,N,VIIRS,n,2,301.33,4.38,D,0
30.12969,75.46807,340.69,0.45,0.39,2020-11-08,749,N,VIIRS,n,2,305.84,6.95,D,0
30.12969,75.70985,341.22,0.44,0.38,2020-11-08,749,N,VIIRS,n,2,305.63,6.96,D,0
30.12972,75.48078,335.27,0.45,0.39,2020-11-08,749,N,VIIRS,n,2,302.93,9.22,D,0
30.12973,75.99914,335.79,0.43,0.38,2020-11-08,749,N,VIIRS,n,2,304.82,4.23,D,0
30.13122,75.96649,340.85,0.43,0.38,2020-11-08,749,N,VIIRS,n,2,304.1,3.62,D,0
30.13142,75.65737,342.03,0.44,0.39,2020-11-08,749,N,VIIRS,n,2,306.5,3.73,D,0
30.13152,75.59547,334.29,0.45,0.39,2020-11-08,749,N,VIIRS,n,2,308.01,11,D,0
30.13163,75.47069,341.27,0.45,0.39,2020-11-08,749,N,VIIRS,n,2,303.01,5.53,D,0
30.13177,75.2335,332.95,0.46,0.39,2020-11-08,749,N,VIIRS,l,2,304.18,5.6,D,0
30.13181,75.33653,346.11,0.46,0.39,2020-11-08,749,N,VIIRS,n,2,309.68,9.74,D,0
30.13187,75.51397,344.39,0.45,0.39,2020-11-08,749,N,VIIRS,n,2,303.72,5.01,D,0
30.13266,75.34122,334.64,0.45,0.39,2020-11-08,749,N,VIIRS,l,2,305.72,9.74,D,0
30.13283,75.62376,336.05,0.44,0.39,2020-11-08,749,N,VIIRS,n,2,302.63,3.08,D,0
30.13343,75.58547,353.86,0.45,0.39,2020-11-08,749,N,VIIRS,n,2,312.34,17.17,D,0
30.1347,75.96568,346.07,0.43,0.38,2020-11-08,749,N,VIIRS,n,2,304.38,9.99,D,0
30.13483,75.39426,343.15,0.45,0.39,2020-11-08,749,N,VIIRS,n,2,307.85,14.9,D,0
30.13531,75.8867,344.77,0.43,0.38,2020-11-08,749,N,VIIRS,n,2,306.29,13.45,D,0
30.13587,75.2768,339.92,0.46,0.39,2020-11-08,749,N,VIIRS,n,2,307.2,17.5,D,0
30.13635,75.62294,332.89,0.44,0.39,2020-11-08,749,N,VIIRS,n,2,301.9,3.08,D,0
30.13651,75.40356,349.53,0.45,0.39,2020-11-08,749,N,VIIRS,n,2,310.42,26.49,D,0
30.13678,75.85373,340.6,0.44,0.38,2020-11-08,749,N,VIIRS,n,2,315.08,11.21,D,0
30.13695,75.58465,335.45,0.45,0.39,2020-11-08,749,N,VIIRS,n,2,303.8,17.17,D,0
30.13709,76.02049,339.21,0.43,0.38,2020-11-08,749,N,VIIRS,n,2,302.88,2.62,D,0
30.13754,75.38876,346.37,0.45,0.39,2020-11-08,749,N,VIIRS,n,2,311.56,30.8,D,0
30.13755,75.54623,343.91,0.45,0.39,2020-11-08,749,N,VIIRS,n,2,306.23,19.86,D,0
30.13826,76.04781,339.2,0.43,0.38,2020-11-08,749,N,VIIRS,n,2,303.17,3.42,D,0
30.13867,76.07066,335.04,0.43,0.38,2020-11-08,749,N,VIIRS,n,2,303.15,25.52,D,0
30.13936,75.04758,347.41,0.47,0.4,2020-11-08,749,N,VIIRS,n,2,305.97,7.95,D,0
30.13941,76.03375,346.21,0.43,0.38,2020-11-08,749,N,VIIRS,n,2,303.94,7.83,D,0
30.13969,75.52344,335.46,0.45,0.39,2020-11-08,749,N,VIIRS,n,2,305.2,5.01,D,0
30.13986,75.42215,331.92,0.45,0.39,2020-11-08,749,N,VIIRS,n,2,301.93,2.14,D,0
30.13987,75.62212,334.63,0.44,0.39,2020-11-08,749,N,VIIRS,n,2,304.77,2.89,D,0
30.14021,76.07947,339.57,0.43,0.38,2020-11-08,749,N,VIIRS,n,2,303.99,7.26,D,0
30.14027,75.85293,337.37,0.44,0.38,2020-11-08,749,N,VIIRS,n,2,306.72,11.21,D,0
30.14056,75.52154,333.14,0.45,0.39,2020-11-08,749,N,VIIRS,l,2,303.21,2.54,D,0
30.14135,75.53265,330.55,0.45,0.39,2020-11-08,749,N,VIIRS,l,2,304.45,3.98,D,0
30.14169,76.00561,338.53,0.43,0.38,2020-11-08,749,N,VIIRS,n,2,303.72,2.98,D,0
30.14217,75.53725,334.17,0.45,0.39,2020-11-08,749,N,VIIRS,n,2,303.97,4.64,D,0
30.14218,75.53075,344.7,0.45,0.39,2020-11-08,749,N,VIIRS,n,2,309.13,19.82,D,0
30.14239,75.57381,336.74,0.45,0.39,2020-11-08,749,N,VIIRS,n,2,302.68,2.68,D,0
30.14278,75.94995,335.46,0.43,0.38,2020-11-08,749,N,VIIRS,n,2,303.68,2.98,D,0
30.14287,76.03296,348.08,0.43,0.38,2020-11-08,749,N,VIIRS,n,2,305.59,7.83,D,0
30.14292,75.70203,330.64,0.44,0.38,2020-11-08,749,N,VIIRS,n,2,304.26,1.72,D,0
30.14299,75.53537,342.49,0.45,0.39,2020-11-08,749,N,VIIRS,n,2,305.12,5.49,D,0
30.14341,75.42132,334.29,0.45,0.39,2020-11-08,749,N,VIIRS,n,2,300.6,2.14,D,0
30.14382,75.17623,340.04,0.46,0.39,2020-11-08,749,N,VIIRS,n,2,303.86,6.53,D,0
30.14435,75.32379,337.13,0.46,0.39,2020-11-08,749,N,VIIRS,n,2,308.95,9.23,D,0
30.14442,75.09647,343.14,0.47,0.39,2020-11-08,749,N,VIIRS,n,2,308.94,18.28,D,0
30.14444,75.57022,333.7,0.45,0.39,2020-11-08,749,N,VIIRS,n,2,304.4,4.73,D,0
30.14548,75.94469,333.31,0.43,0.38,2020-11-08,749,N,VIIRS,l,2,306.51,3.81,D,0
30.14591,75.57298,335.39,0.45,0.39,2020-11-08,749,N,VIIRS,n,2,301.6,3.22,D,0
30.14674,76.13741,333.61,0.43,0.38,2020-11-08,749,N,VIIRS,l,2,305.3,3.6,D,0
30.14715,75.09081,334.18,0.47,0.39,2020-11-08,749,N,VIIRS,n,2,305.34,1.71,D,0
30.1474,75.93499,344.6,0.43,0.38,2020-11-08,749,N,VIIRS,n,2,313.76,37.01,D,0
30.14756,75.03053,336.16,0.47,0.4,2020-11-08,749,N,VIIRS,l,2,306.18,3.01,D,0
30.14819,75.55021,332.53,0.45,0.39,2020-11-08,749,N,VIIRS,n,2,302.5,0.99,D,0
30.14994,75.84602,334.22,0.44,0.38,2020-11-08,749,N,VIIRS,l,2,304.38,10.83,D,0
30.15073,75.8505,338.56,0.44,0.38,2020-11-08,749,N,VIIRS,n,2,306.45,10.83,D,0
30.15147,75.32211,340.15,0.46,0.39,2020-11-08,749,N,VIIRS,n,2,308.06,11.63,D,0
30.15233,76.28029,330.93,0.42,0.38,2020-11-08,749,N,VIIRS,n,2,304.31,1.78,D,0
30.15246,75.09953,343.88,0.47,0.39,2020-11-08,749,N,VIIRS,n,2,304.3,6.99,D,0
30.15399,75.952,336.47,0.43,0.38,2020-11-08,749,N,VIIRS,n,2,304.95,3.47,D,0
30.15422,75.84969,339.28,0.44,0.38,2020-11-08,749,N,VIIRS,n,2,304.03,10.83,D,0
30.15442,76.01651,340.19,0.43,0.38,2020-11-08,749,N,VIIRS,n,2,303.83,2.35,D,0
30.15465,75.8729,339.18,0.43,0.38,2020-11-08,749,N,VIIRS,n,2,305.48,3.38,D,0
30.15488,75.42346,333.21,0.45,0.39,2020-11-08,749,N,VIIRS,l,2,304.18,2.17,D,0
30.15634,76.00685,335.31,0.43,0.38,2020-11-08,749,N,VIIRS,n,2,305.78,4.18,D,0
30.15848,75.00971,335.41,0.47,0.4,2020-11-08,749,N,VIIRS,n,2,307.52,6.54,D,0
30.15938,75.0126,337.12,0.47,0.4,2020-11-08,749,N,VIIRS,n,2,306.16,6.82,D,0
30.15994,75.59522,356.83,0.44,0.39,2020-11-08,749,N,VIIRS,n,2,307.82,15.13,D,0
30.15995,75.05768,339.67,0.47,0.39,2020-11-08,749,N,VIIRS,n,2,305.03,4.17,D,0
30.16015,75.05952,342.9,0.47,0.39,2020-11-08,749,N,VIIRS,n,2,304.16,4.9,D,0
30.16187,75.25587,333.99,0.46,0.39,2020-11-08,749,N,VIIRS,n,2,304.5,2.23,D,0
30.16215,75.74943,334.96,0.44,0.38,2020-11-08,749,N,VIIRS,l,2,309.48,6.13,D,0
30.16287,75.05386,333.09,0.47,0.39,2020-11-08,749,N,VIIRS,n,2,304.93,4.9,D,0
30.16346,75.5944,330.43,0.44,0.39,2020-11-08,749,N,VIIRS,n,2,301.97,2.73,D,0
30.16355,75.05681,347.27,0.47,0.39,2020-11-08,749,N,VIIRS,n,2,305.64,9.32,D,0
30.16375,75.05865,333.96,0.47,0.39,2020-11-08,749,N,VIIRS,n,2,304.07,4.9,D,0
30.16384,75.41166,333.78,0.45,0.39,2020-11-08,749,N,VIIRS,n,2,301.17,3.44,D,0
30.16394,75.55609,335.34,0.45,0.39,2020-11-08,749,N,VIIRS,n,2,304.75,3.52,D,0
30.16443,75.99117,341.17,0.43,0.38,2020-11-08,749,N,VIIRS,l,2,312.01,35.61,D,0
30.16475,75.70166,337.64,0.44,0.38,2020-11-08,749,N,VIIRS,n,2,306.03,7.44,D,0
30.16504,75.82849,340.04,0.44,0.38,2020-11-08,749,N,VIIRS,n,2,304.39,4.33,D,0
30.16539,75.8097,332.54,0.44,0.38,2020-11-08,749,N,VIIRS,n,2,303.17,2.49,D,0
30.16545,75.50298,332.97,0.45,0.39,2020-11-08,749,N,VIIRS,n,2,304.16,3.3,D,0
30.16565,75.74861,334.72,0.44,0.38,2020-11-08,749,N,VIIRS,l,2,306.21,6.13,D,0
30.16582,75.83298,333.39,0.44,0.38,2020-11-08,749,N,VIIRS,l,2,305.31,3.07,D,0
30.1666,75.83748,333.74,0.44,0.38,2020-11-08,749,N,VIIRS,n,2,304.31,3.07,D,0
30.16674,75.46899,337.35,0.45,0.39,2020-11-08,749,N,VIIRS,n,2,304.38,7.3,D,0
30.16751,75.96737,331.72,0.43,0.38,2020-11-08,749,N,VIIRS,n,2,305.64,1.59,D,0
30.16804,75.57902,338.1,0.45,0.39,2020-11-08,749,N,VIIRS,n,2,306.29,12.65,D,0
30.16829,75.04253,337.04,0.47,0.4,2020-11-08,749,N,VIIRS,n,2,305.17,7.17,D,0
30.16834,75.22971,347.46,0.46,0.39,2020-11-08,749,N,VIIRS,n,2,309.35,14.83,D,0
30.16853,75.82769,331.38,0.44,0.38,2020-11-08,749,N,VIIRS,n,2,306.08,2.83,D,0
30.16899,75.50215,345.95,0.45,0.39,2020-11-08,749,N,VIIRS,n,2,302.83,8.88,D,0
30.169,75.89285,332.3,0.43,0.38,2020-11-08,749,N,VIIRS,n,2,305.13,1.99,D,0
30.16934,76.16414,334.2,0.42,0.38,2020-11-08,749,N,VIIRS,n,2,304.05,4.92,D,0
30.17059,75.17975,331.33,0.46,0.39,2020-11-08,749,N,VIIRS,l,2,303.21,2.2,D,0
30.17088,75.24389,345.01,0.46,0.39,2020-11-08,749,N,VIIRS,n,2,305.67,5.22,D,0
30.17091,76.13187,333.38,0.43,0.38,2020-11-08,749,N,VIIRS,l,2,304.53,4.05,D,0
30.1711,75.47278,332.59,0.45,0.39,2020-11-08,749,N,VIIRS,n,2,301.34,6.32,D,0
30.17132,75.45342,332.2,0.45,0.39,2020-11-08,749,N,VIIRS,n,2,303.39,3.21,D,0
30.17192,75.4774,333.18,0.45,0.39,2020-11-08,749,N,VIIRS,n,2,304.04,6.32,D,0
30.17238,75.58276,334.69,0.44,0.39,2020-11-08,749,N,VIIRS,n,2,304.32,12.65,D,0
30.17341,75.25804,333.65,0.46,0.39,2020-11-08,749,N,VIIRS,n,2,303.48,5.78,D,0
30.17426,75.26276,334.59,0.46,0.39,2020-11-08,749,N,VIIRS,n,2,302.63,5.78,D,0
30.17435,75.69624,334.64,0.44,0.38,2020-11-08,749,N,VIIRS,l,2,306.22,15.2,D,0
30.17508,75.80277,332.97,0.44,0.38,2020-11-08,749,N,VIIRS,n,2,301.72,2.3,D,0
30.17591,75.58195,332.83,0.44,0.39,2020-11-08,749,N,VIIRS,n,2,302.53,3.05,D,0
30.17658,75.29656,337.47,0.46,0.39,2020-11-08,749,N,VIIRS,n,2,304.03,10.29,D,0
30.17677,75.64834,338.24,0.44,0.39,2020-11-08,749,N,VIIRS,n,2,308.29,16.32,D,0
30.17743,75.11349,334.35,0.46,0.39,2020-11-08,749,N,VIIRS,l,2,305.84,4.48,D,0
30.17791,75.11523,335.33,0.46,0.39,2020-11-08,749,N,VIIRS,l,2,306.36,6.94,D,0
30.17817,75.47111,336.04,0.45,0.39,2020-11-08,749,N,VIIRS,n,2,303.03,13.86,D,0
30.17942,75.58112,330.8,0.44,0.39,2020-11-08,749,N,VIIRS,n,2,302.83,3.05,D,0
30.17951,75.27135,333.44,0.46,0.39,2020-11-08,749,N,VIIRS,l,2,304.01,16.81,D,0
30.18028,75.64752,345.06,0.44,0.39,2020-11-08,749,N,VIIRS,n,2,301.91,10.47,D,0
30.1817,75.47028,343.85,0.45,0.39,2020-11-08,749,N,VIIRS,n,2,305.86,13.86,D,0
30.18209,76.27901,350.73,0.42,0.38,2020-11-08,749,N,VIIRS,n,2,306.41,8.16,D,0
30.18219,75.15892,335.36,0.46,0.39,2020-11-08,749,N,VIIRS,n,2,305.26,4.65,D,0
30.18236,75.16205,334.12,0.46,0.39,2020-11-08,749,N,VIIRS,l,2,304.82,5.91,D,0
30.18284,75.37318,332.21,0.45,0.39,2020-11-08,749,N,VIIRS,n,2,305.6,6.37,D,0
30.18294,75.5803,367,0.44,0.39,2020-11-08,749,N,VIIRS,h,2,305.47,5.29,D,0
30.18451,75.52731,346.13,0.45,0.39,2020-11-08,749,N,VIIRS,n,2,307.39,10.6,D,0
30.18471,75.19617,336.55,0.46,0.39,2020-11-08,749,N,VIIRS,n,2,303.72,6.89,D,0
30.18513,75.61313,334.3,0.44,0.39,2020-11-08,749,N,VIIRS,n,2,305.61,3.53,D,0
30.18541,75.03341,333.79,0.47,0.4,2020-11-08,749,N,VIIRS,n,2,305.23,2.55,D,0
30.18577,75.15807,334.11,0.46,0.39,2020-11-08,749,N,VIIRS,n,2,305.5,2.96,D,0
30.18595,75.41128,332.51,0.45,0.39,2020-11-08,749,N,VIIRS,n,2,302.5,2.01,D,0
30.18595,75.6177,333.26,0.44,0.39,2020-11-08,749,N,VIIRS,n,2,302.83,3.53,D,0
30.18629,75.03822,337.41,0.47,0.4,2020-11-08,749,N,VIIRS,n,2,304.35,6.28,D,0
30.18639,75.37232,338.7,0.45,0.39,2020-11-08,749,N,VIIRS,n,2,305.95,6.37,D,0
30.18647,75.57948,331.39,0.44,0.39,2020-11-08,749,N,VIIRS,n,2,302.09,5.29,D,0
30.18671,75.786,335.67,0.44,0.38,2020-11-08,749,N,VIIRS,n,2,303.83,3.05,D,0
30.18672,75.56031,338.24,0.45,0.39,2020-11-08,749,N,VIIRS,n,2,304.18,3.91,D,0
30.18696,75.78743,336.77,0.44,0.38,2020-11-08,749,N,VIIRS,n,2,303.94,4.1,D,0
30.18757,75.95812,341.11,0.43,0.38,2020-11-08,749,N,VIIRS,n,2,303.9,7.61,D,0
30.18843,75.42522,332.51,0.45,0.39,2020-11-08,749,N,VIIRS,n,2,301.76,5.89,D,0
30.18863,75.73538,337.8,0.44,0.38,2020-11-08,749,N,VIIRS,n,2,306.29,4.3,D,0
30.18865,75.6123,333.24,0.44,0.39,2020-11-08,749,N,VIIRS,l,2,303.84,3.55,D,0
30.18893,75.21986,332.92,0.46,0.39,2020-11-08,749,N,VIIRS,l,2,305.24,2.46,D,0
30.18935,75.15723,330.61,0.46,0.39,2020-11-08,749,N,VIIRS,n,2,303.83,2.96,D,0
30.18945,75.13734,341.27,0.46,0.39,2020-11-08,749,N,VIIRS,n,2,304.81,3.8,D,0
30.18974,75.65955,345.76,0.44,0.38,2020-11-08,749,N,VIIRS,n,2,306.86,10.48,D,0
30.18989,75.03735,336.29,0.47,0.4,2020-11-08,749,N,VIIRS,n,2,305.5,6.28,D,0
30.18989,75.88802,333.52,0.43,0.38,2020-11-08,749,N,VIIRS,l,2,303.53,4.29,D,0
30.1899,75.22139,330.21,0.46,0.39,2020-11-08,749,N,VIIRS,l,2,303.64,4.2,D,0
30.19027,75.91116,342.1,0.43,0.38,2020-11-08,749,N,VIIRS,n,2,308.66,6.7,D,0
30.19094,76.08159,346.01,0.43,0.38,2020-11-08,749,N,VIIRS,n,2,303.09,6.95,D,0
30.19098,76.04031,332.58,0.43,0.38,2020-11-08,749,N,VIIRS,n,2,304.48,2.93,D,0
30.19109,75.16672,339.58,0.46,0.39,2020-11-08,749,N,VIIRS,n,2,302.71,5.39,D,0
30.19155,75.7723,336.7,0.44,0.38,2020-11-08,749,N,VIIRS,n,2,304.57,4.37,D,0
30.19211,76.06758,334.95,0.43,0.38,2020-11-08,749,N,VIIRS,l,2,309.33,5.44,D,0
30.1923,75.23878,337.6,0.46,0.39,2020-11-08,749,N,VIIRS,n,2,303.52,3.01,D,0
30.19249,75.23556,333.12,0.46,0.39,2020-11-08,749,N,VIIRS,n,2,303.45,4.36,D,0
30.19261,75.21581,338.53,0.46,0.39,2020-11-08,749,N,VIIRS,n,2,305.03,4.2,D,0
30.19287,76.07199,337.75,0.43,0.38,2020-11-08,749,N,VIIRS,n,2,302.58,5.44,D,0
30.19326,75.39013,333.23,0.45,0.39,2020-11-08,749,N,VIIRS,l,2,304.39,3.88,D,0
30.19355,75.20395,341.11,0.46,0.39,2020-11-08,749,N,VIIRS,n,2,303.18,4.28,D,0
30.19377,75.55866,333.76,0.45,0.39,2020-11-08,749,N,VIIRS,n,2,306.36,6.12,D,0
30.19409,75.39479,333.97,0.45,0.39,2020-11-08,749,N,VIIRS,l,2,304.04,3.88,D,0
30.19432,76.12196,340.1,0.43,0.38,2020-11-08,749,N,VIIRS,n,2,309.76,13.93,D,0
30.19445,75.20551,336.1,0.46,0.39,2020-11-08,749,N,VIIRS,n,2,302.62,2.86,D,0
30.19478,76.24905,334.94,0.42,0.38,2020-11-08,749,N,VIIRS,n,2,304.81,4.95,D,0
30.19481,76.06237,346.88,0.43,0.38,2020-11-08,749,N,VIIRS,n,2,306.12,11.45,D,0
30.19523,75.21342,332.7,0.46,0.39,2020-11-08,749,N,VIIRS,l,2,303.42,6.57,D,0
30.19533,75.75263,344.19,0.44,0.38,2020-11-08,749,N,VIIRS,n,2,304.34,9.11,D,0
30.19633,76.07119,335.68,0.43,0.38,2020-11-08,749,N,VIIRS,l,2,306.03,26.15,D,0
30.19642,75.98841,334.17,0.43,0.38,2020-11-08,749,N,VIIRS,n,2,301.58,3.82,D,0
30.19658,75.40877,348.05,0.45,0.39,2020-11-08,749,N,VIIRS,n,2,309.83,16.84,D,0
30.19672,75.1157,333.79,0.46,0.39,2020-11-08,749,N,VIIRS,n,2,306.05,3.08,D,0
30.19684,75.84447,336.75,0.44,0.38,2020-11-08,749,N,VIIRS,n,2,305.58,2.55,D,0
30.1973,75.55783,333.38,0.45,0.39,2020-11-08,749,N,VIIRS,n,2,302.88,6.12,D,0
30.19733,75.84583,332.19,0.44,0.38,2020-11-08,749,N,VIIRS,l,2,304.45,2.03,D,0
30.19759,75.12047,335.07,0.46,0.39,2020-11-08,749,N,VIIRS,n,2,304.88,3.08,D,0
30.19805,75.02032,342.65,0.47,0.4,2020-11-08,749,N,VIIRS,n,2,311.06,32.39,D,0
30.19837,75.54322,339.55,0.45,0.39,2020-11-08,749,N,VIIRS,n,2,304.59,4.79,D,0
30.19952,75.96461,335.87,0.43,0.38,2020-11-08,749,N,VIIRS,n,2,304.31,3.3,D,0
30.19988,75.42736,333.68,0.45,0.39,2020-11-08,749,N,VIIRS,l,2,304.21,5.64,D,0
30.20061,75.21884,345.79,0.46,0.39,2020-11-08,749,N,VIIRS,n,2,303.43,9.71,D,0
30.20108,75.53779,333.83,0.45,0.39,2020-11-08,749,N,VIIRS,n,2,302.79,10.09,D,0
30.20156,75.03957,331.55,0.47,0.39,2020-11-08,749,N,VIIRS,n,2,302.84,1.99,D,0
30.20203,76.43599,330.25,0.42,0.37,2020-11-08,749,N,VIIRS,n,2,304.92,2.71,D,0
30.20221,76.18845,341.08,0.42,0.38,2020-11-08,749,N,VIIRS,n,2,306.6,4.29,D,0
30.20302,75.10921,334.66,0.46,0.39,2020-11-08,749,N,VIIRS,l,2,304.87,8.54,D,0
30.20318,75.30002,330.81,0.46,0.39,2020-11-08,749,N,VIIRS,l,2,304.82,2.29,D,0
30.2034,75.94521,333.41,0.43,0.38,2020-11-08,749,N,VIIRS,l,2,303.85,10.22,D,0
30.20424,75.28507,335.28,0.46,0.39,2020-11-08,749,N,VIIRS,n,2,303.47,8.1,D,0
30.20442,75.17841,333.45,0.46,0.39,2020-11-08,749,N,VIIRS,n,2,302.18,2.55,D,0
30.20465,75.28177,346.94,0.46,0.39,2020-11-08,749,N,VIIRS,n,2,304.52,7.81,D,0
30.2059,75.29447,347.95,0.46,0.39,2020-11-08,749,N,VIIRS,n,2,306.9,7.13,D,0
30.20642,76.00455,344.3,0.43,0.38,2020-11-08,749,N,VIIRS,n,2,313.1,24.59,D,0
30.20651,75.58908,332.11,0.44,0.39,2020-11-08,749,N,VIIRS,l,2,304.07,4.22,D,0
30.20702,75.48839,332.72,0.45,0.39,2020-11-08,749,N,VIIRS,l,2,305.02,1.95,D,0
30.20721,75.29585,345.56,0.46,0.39,2020-11-08,749,N,VIIRS,n,2,305.61,17.57,D,0
30.20745,75.38677,338.57,0.45,0.39,2020-11-08,749,N,VIIRS,n,2,307.37,7.08,D,0
30.20807,75.30054,330.03,0.46,0.39,2020-11-08,749,N,VIIRS,l,2,301.78,3.07,D,0
30.20898,75.16245,347.31,0.46,0.39,2020-11-08,749,N,VIIRS,n,2,308.66,19.16,D,0
30.20946,75.29362,336.13,0.46,0.39,2020-11-08,749,N,VIIRS,n,2,301.38,7.13,D,0
30.20971,75.66908,332.82,0.44,0.38,2020-11-08,749,N,VIIRS,n,2,301.58,6.18,D,0
30.21055,75.48756,336.08,0.45,0.39,2020-11-08,749,N,VIIRS,n,2,305.15,2.59,D,0
30.211,75.38593,332.72,0.45,0.39,2020-11-08,749,N,VIIRS,l,2,306.21,7.08,D,0
30.21108,75.63557,333.96,0.44,0.39,2020-11-08,749,N,VIIRS,n,2,305.3,6.82,D,0
30.21165,75.5974,334.7,0.44,0.39,2020-11-08,749,N,VIIRS,l,2,305.63,5.21,D,0
30.21235,76.12241,347.02,0.43,0.38,2020-11-08,749,N,VIIRS,n,2,304.26,5.68,D,0
30.21256,75.16159,346.75,0.46,0.39,2020-11-08,749,N,VIIRS,n,2,307.92,19.16,D,0
30.2131,76.12679,333.09,0.43,0.38,2020-11-08,749,N,VIIRS,n,2,303.65,3.65,D,0
30.21342,76.14952,338.91,0.43,0.38,2020-11-08,749,N,VIIRS,n,2,304.21,4.24,D,0
30.21404,75.424,339.42,0.45,0.39,2020-11-08,749,N,VIIRS,n,2,304.46,33.02,D,0
30.21446,76.0303,334.5,0.43,0.38,2020-11-08,749,N,VIIRS,n,2,305.26,1.51,D,0
30.21467,76.24001,341.68,0.42,0.38,2020-11-08,749,N,VIIRS,n,2,304.22,8.47,D,0
30.21544,75.57745,333.06,0.44,0.39,2020-11-08,749,N,VIIRS,n,2,302.89,4.22,D,0
30.21572,75.55828,335.88,0.45,0.39,2020-11-08,749,N,VIIRS,l,2,306.9,22.9,D,0
30.21585,75.05617,334.87,0.47,0.39,2020-11-08,749,N,VIIRS,n,2,303.25,7.19,D,0
30.21649,75.62481,334.62,0.44,0.39,2020-11-08,749,N,VIIRS,l,2,304.77,3.72,D,0
30.21792,75.75677,344.62,0.44,0.38,2020-11-08,749,N,VIIRS,n,2,304.05,6.71,D,0
30.21792,76.0295,334.54,0.43,0.38,2020-11-08,749,N,VIIRS,n,2,303.39,2.18,D,0
30.21834,75.36475,335.31,0.45,0.39,2020-11-08,749,N,VIIRS,n,2,304.41,5.2,D,0
30.21944,75.32227,333.91,0.45,0.39,2020-11-08,749,N,VIIRS,n,2,303.25,6.23,D,0
30.21997,75.366,335.59,0.45,0.39,2020-11-08,749,N,VIIRS,n,2,302.25,4.75,D,0
30.22001,75.62399,335.34,0.44,0.39,2020-11-08,749,N,VIIRS,l,2,306.8,13.06,D,0
30.22006,75.56203,333.8,0.45,0.39,2020-11-08,749,N,VIIRS,n,2,301.8,22.9,D,0
30.22021,76.04276,330.21,0.43,0.38,2020-11-08,749,N,VIIRS,n,2,302.19,1.05,D,0
30.22029,75.32695,342.5,0.45,0.39,2020-11-08,749,N,VIIRS,n,2,301.53,5.13,D,0
30.22063,76.02428,332.38,0.43,0.38,2020-11-08,749,N,VIIRS,n,2,304.87,2.18,D,0
30.22079,75.79363,336.82,0.44,0.38,2020-11-08,749,N,VIIRS,n,2,305.81,3.88,D,0
30.2217,75.12962,336.71,0.46,0.39,2020-11-08,749,N,VIIRS,n,2,304.64,5.88,D,0
30.2252,75.57038,335.21,0.44,0.39,2020-11-08,749,N,VIIRS,n,2,302.38,2.3,D,0
30.22564,75.65588,346.99,0.44,0.38,2020-11-08,749,N,VIIRS,n,2,307.3,13.13,D,0
30.22647,75.21761,346.96,0.46,0.39,2020-11-08,749,N,VIIRS,n,2,304.71,5.39,D,0
30.2265,75.76417,332.07,0.44,0.38,2020-11-08,749,N,VIIRS,n,2,302.07,1.89,D,0
30.22652,75.59868,346.91,0.44,0.39,2020-11-08,749,N,VIIRS,n,2,303.67,4.45,D,0
30.22657,75.41134,336.24,0.45,0.39,2020-11-08,749,N,VIIRS,n,2,302.57,3.83,D,0
30.22658,75.53659,346.55,0.45,0.39,2020-11-08,749,N,VIIRS,n,2,307,9.04,D,0
30.22706,75.36431,338.23,0.45,0.39,2020-11-08,749,N,VIIRS,n,2,305.97,7.23,D,0
30.22738,75.42726,344.44,0.45,0.39,2020-11-08,749,N,VIIRS,n,2,302.48,10.56,D,0
30.2284,75.4125,336.34,0.45,0.39,2020-11-08,749,N,VIIRS,n,2,302.59,4.07,D,0
30.22872,75.73545,334.05,0.44,0.38,2020-11-08,749,N,VIIRS,n,2,303.01,3.25,D,0
30.22903,75.42529,347.43,0.45,0.39,2020-11-08,749,N,VIIRS,n,2,306.9,10.03,D,0
30.22915,75.65507,344.08,0.44,0.38,2020-11-08,749,N,VIIRS,n,2,303.47,13.13,D,0
30.22985,75.42994,332.03,0.45,0.39,2020-11-08,749,N,VIIRS,n,2,301.81,5.91,D,0
30.22988,76.00969,339.95,0.43,0.38,2020-11-08,749,N,VIIRS,n,2,308.67,6.33,D,0
30.23038,75.5165,346.24,0.45,0.39,2020-11-08,749,N,VIIRS,n,2,306.08,12.7,D,0
30.23092,75.42642,355.23,0.45,0.39,2020-11-08,749,N,VIIRS,n,2,305.62,10.56,D,0
30.23203,76.36213,334.18,0.42,0.38,2020-11-08,749,N,VIIRS,n,2,306.28,3.75,D,0
30.23229,75.2703,331.7,0.46,0.39,2020-11-08,749,N,VIIRS,n,2,302.35,1.59,D,0
30.23235,75.67326,336.85,0.44,0.38,2020-11-08,749,N,VIIRS,n,2,300.98,4.23,D,0
30.23257,75.42445,338.98,0.45,0.39,2020-11-08,749,N,VIIRS,n,2,303.51,10.03,D,0
30.23277,76.36645,332.2,0.42,0.38,2020-11-08,749,N,VIIRS,n,2,303.54,4.6,D,0
30.23289,75.19139,338.1,0.46,0.39,2020-11-08,749,N,VIIRS,n,2,308.74,10.29,D,0
30.23317,76.28544,341.07,0.42,0.38,2020-11-08,749,N,VIIRS,n,2,304.44,2.86,D,0
30.23444,75.70584,340.54,0.44,0.38,2020-11-08,749,N,VIIRS,n,2,305.76,5.68,D,0
30.23467,75.304,330.18,0.46,0.39,2020-11-08,749,N,VIIRS,l,2,304.12,3.26,D,0
30.2354,75.7527,333.56,0.44,0.38,2020-11-08,749,N,VIIRS,n,2,303.37,13.11,D,0
30.23546,75.58704,334.24,0.44,0.39,2020-11-08,749,N,VIIRS,n,2,304.4,8.34,D,0
30.23567,75.3914,333.3,0.45,0.39,2020-11-08,749,N,VIIRS,l,2,303.43,8.38,D,0
30.23586,75.67245,342.4,0.44,0.38,2020-11-08,749,N,VIIRS,n,2,302.74,8.81,D,0
30.23627,75.59162,330.81,0.44,0.39,2020-11-08,749,N,VIIRS,l,2,303.21,1.89,D,0
30.23647,75.19054,335.23,0.46,0.39,2020-11-08,749,N,VIIRS,n,2,302.6,5.66,D,0
30.2366,76.28466,332.36,0.42,0.38,2020-11-08,749,N,VIIRS,n,2,303.99,2.86,D,0
30.23737,75.57706,334.6,0.44,0.39,2020-11-08,749,N,VIIRS,n,2,305.05,2.6,D,0
30.23753,75.38126,330.07,0.45,0.39,2020-11-08,749,N,VIIRS,n,2,302.85,5.48,D,0
30.23758,76.01253,335.85,0.43,0.38,2020-11-08,749,N,VIIRS,n,2,304.74,6.24,D,0
30.23787,76.16667,331.98,0.42,0.38,2020-11-08,749,N,VIIRS,n,2,305.41,13.22,D,0
30.23803,75.09583,337.44,0.46,0.39,2020-11-08,749,N,VIIRS,n,2,307.55,10.6,D,0
30.23819,75.40535,334.6,0.45,0.39,2020-11-08,749,N,VIIRS,n,2,302.94,3.52,D,0
30.23825,75.68606,336.62,0.44,0.38,2020-11-08,749,N,VIIRS,n,2,303.03,6.81,D,0
30.2383,75.97549,332.66,0.43,0.38,2020-11-08,749,N,VIIRS,n,2,304.91,2.14,D,0
30.23837,75.38593,333.07,0.45,0.39,2020-11-08,749,N,VIIRS,n,2,302.87,5.48,D,0
30.23862,76.17104,336.13,0.42,0.38,2020-11-08,749,N,VIIRS,n,2,308.41,13.22,D,0
30.23888,75.2245,337.35,0.46,0.39,2020-11-08,749,N,VIIRS,n,2,301.15,11.44,D,0
30.23905,75.6906,346.43,0.44,0.38,2020-11-08,749,N,VIIRS,n,2,306.13,6.81,D,0
30.23969,75.75639,342.1,0.44,0.38,2020-11-08,749,N,VIIRS,n,2,308.74,13.11,D,0
30.23974,75.22923,336.13,0.46,0.39,2020-11-08,749,N,VIIRS,n,2,303.46,11.44,D,0
30.24024,75.37578,334.61,0.45,0.39,2020-11-08,749,N,VIIRS,l,2,305.39,6.38,D,0
30.24144,75.23866,341.22,0.46,0.39,2020-11-08,749,N,VIIRS,n,2,303.11,6.7,D,0
30.24192,75.72767,336.67,0.44,0.38,2020-11-08,749,N,VIIRS,n,2,303.6,5.16,D,0
30.24218,76.23373,334.12,0.42,0.38,2020-11-08,749,N,VIIRS,l,2,304.13,2.31,D,0
30.24252,76.15195,332.21,0.42,0.38,2020-11-08,749,N,VIIRS,n,2,305.49,2.18,D,0
30.24257,75.40916,334.69,0.45,0.39,2020-11-08,749,N,VIIRS,n,2,302.14,5.66,D,0
30.2428,75.56624,337.75,0.44,0.39,2020-11-08,749,N,VIIRS,n,2,303.57,3.34,D,0
30.24337,76.02499,330.57,0.43,0.38,2020-11-08,749,N,VIIRS,l,2,302.11,2.16,D,0
30.2436,75.39439,333.94,0.45,0.39,2020-11-08,749,N,VIIRS,l,2,304.55,2.98,D,0
30.24404,75.94646,341.74,0.43,0.38,2020-11-08,749,N,VIIRS,n,2,304.22,3.36,D,0
30.24447,75.19357,343.18,0.46,0.39,2020-11-08,749,N,VIIRS,n,2,303.86,5.38,D,0
30.2451,75.64185,353.91,0.44,0.39,2020-11-08,749,N,VIIRS,n,2,311.34,22.24,D,0
30.24527,75.68443,336.86,0.44,0.38,2020-11-08,749,N,VIIRS,n,2,303.18,4.03,D,0
30.24542,75.72685,350.83,0.44,0.38,2020-11-08,749,N,VIIRS,n,2,301.26,7.61,D,0
30.24546,75.38425,337.71,0.45,0.39,2020-11-08,749,N,VIIRS,n,2,300.76,1.87,D,0
30.24606,75.68896,338.21,0.44,0.38,2020-11-08,749,N,VIIRS,n,2,301.43,4.03,D,0
30.24611,75.40832,334.41,0.45,0.39,2020-11-08,749,N,VIIRS,n,2,300.92,3.04,D,0
30.24638,75.66998,333.74,0.44,0.38,2020-11-08,749,N,VIIRS,n,2,303.22,3.09,D,0
30.24648,76.08386,340.2,0.43,0.38,2020-11-08,749,N,VIIRS,n,2,304.31,4.4,D,0
30.24649,75.36944,336.6,0.45,0.39,2020-11-08,749,N,VIIRS,l,2,307.72,9.31,D,0
30.24704,75.20777,330.36,0.46,0.39,2020-11-08,749,N,VIIRS,l,2,303.07,4.32,D,0
30.24718,75.67453,344.18,0.44,0.38,2020-11-08,749,N,VIIRS,n,2,314.76,45.24,D,0
30.24751,75.94566,343.7,0.43,0.38,2020-11-08,749,N,VIIRS,n,2,303.2,7.58,D,0
30.2492,75.36393,337.86,0.45,0.39,2020-11-08,749,N,VIIRS,n,2,304.74,7.38,D,0
30.24951,75.11798,332.62,0.46,0.39,2020-11-08,749,N,VIIRS,l,2,303.87,3.56,D,0
30.25009,75.45087,342.06,0.45,0.39,2020-11-08,749,N,VIIRS,n,2,304.1,9.88,D,0
30.25069,75.6737,332.42,0.44,0.38,2020-11-08,749,N,VIIRS,n,2,301.54,4.57,D,0
30.25101,76.22266,347.63,0.42,0.38,2020-11-08,749,N,VIIRS,n,2,307.06,8.51,D,0
30.25107,75.35376,346.22,0.45,0.39,2020-11-08,749,N,VIIRS,n,2,307.62,13.2,D,0
30.25175,75.46011,334.71,0.45,0.39,2020-11-08,749,N,VIIRS,n,2,302.82,2.46,D,0
30.25223,76.13731,337.12,0.42,0.38,2020-11-08,749,N,VIIRS,n,2,307.05,2.57,D,0
30.2529,75.93517,333.99,0.43,0.38,2020-11-08,749,N,VIIRS,n,2,302.39,2.26,D,0
30.25339,75.66833,341.27,0.44,0.38,2020-11-08,749,N,VIIRS,n,2,303.7,8.6,D,0
30.25419,75.67287,337.34,0.44,0.38,2020-11-08,749,N,VIIRS,n,2,302.52,4.57,D,0
30.25425,75.47397,330.78,0.45,0.39,2020-11-08,749,N,VIIRS,n,2,304.34,7.11,D,0
30.2548,75.57918,333.77,0.44,0.39,2020-11-08,749,N,VIIRS,n,2,303.41,3.66,D,0
30.25508,75.47858,333.93,0.45,0.39,2020-11-08,749,N,VIIRS,n,2,304.53,7.11,D,0
30.25525,75.54089,330.11,0.45,0.39,2020-11-08,749,N,VIIRS,l,2,301.96,7.36,D,0
30.25547,75.5217,335.74,0.45,0.39,2020-11-08,749,N,VIIRS,n,2,305.36,9.78,D,0
30.25569,75.50246,342.68,0.45,0.39,2020-11-08,749,N,VIIRS,n,2,304.73,10.08,D,0
30.25569,76.09547,344.13,0.43,0.38,2020-11-08,749,N,VIIRS,n,2,305.44,11.7,D,0
30.25577,75.5775,336.71,0.44,0.39,2020-11-08,749,N,VIIRS,n,2,303.5,4.62,D,0
30.25607,75.54547,334.33,0.45,0.39,2020-11-08,749,N,VIIRS,n,2,302.41,7.36,D,0
30.2563,75.36225,346.12,0.45,0.39,2020-11-08,749,N,VIIRS,n,2,308.22,28.61,D,0
30.25652,75.13618,335.45,0.46,0.39,2020-11-08,749,N,VIIRS,l,2,305.57,3.64,D,0
30.25721,76.27998,331.69,0.42,0.38,2020-11-08,749,N,VIIRS,n,2,301.9,1.86,D,0
30.25823,75.1457,335.22,0.46,0.39,2020-11-08,749,N,VIIRS,l,2,308.28,10.21,D,0
30.25942,75.72359,339.87,0.44,0.38,2020-11-08,749,N,VIIRS,n,2,305.31,7.92,D,0
30.25985,75.05061,342.96,0.47,0.39,2020-11-08,749,N,VIIRS,n,2,308,10.52,D,0
30.2601,75.13533,335.85,0.46,0.39,2020-11-08,749,N,VIIRS,n,2,303.83,3.64,D,0
30.26181,75.14485,334.31,0.46,0.39,2020-11-08,749,N,VIIRS,n,2,302.86,10.21,D,0
30.262,75.67578,332.79,0.44,0.38,2020-11-08,749,N,VIIRS,n,2,301.29,2.48,D,0
30.26206,75.5584,335.52,0.44,0.39,2020-11-08,749,N,VIIRS,n,2,302.35,3.98,D,0
30.26332,75.27762,333.47,0.46,0.39,2020-11-08,749,N,VIIRS,n,2,303.27,6.92,D,0
30.2636,75.02965,351.45,0.47,0.39,2020-11-08,749,N,VIIRS,n,2,313.92,41.67,D,0
30.26363,75.02754,339.44,0.47,0.39,2020-11-08,749,N,VIIRS,n,2,311.88,25.43,D,0
30.26368,75.13447,334.08,0.46,0.39,2020-11-08,749,N,VIIRS,l,2,304.36,4.38,D,0
30.26417,75.28232,334.85,0.46,0.39,2020-11-08,749,N,VIIRS,n,2,303.37,6.92,D,0
30.26452,75.03235,340.74,0.47,0.39,2020-11-08,749,N,VIIRS,n,2,308.03,24.76,D,0
30.26484,75.47147,332.88,0.45,0.39,2020-11-08,749,N,VIIRS,n,2,302.13,1.92,D,0
30.26486,75.38936,332.72,0.45,0.39,2020-11-08,749,N,VIIRS,n,2,302.42,15.09,D,0
30.26548,75.82068,336.29,0.44,0.38,2020-11-08,749,N,VIIRS,n,2,305.96,4.08,D,0
30.26651,76.25076,331.56,0.42,0.38,2020-11-08,749,N,VIIRS,n,2,301.5,1.53,D,0
30.26707,75.25711,340.09,0.46,0.39,2020-11-08,749,N,VIIRS,n,2,306.18,7.51,D,0
30.26742,75.66505,342.74,0.44,0.38,2020-11-08,749,N,VIIRS,n,2,307.9,10.59,D,0
30.26853,76.25149,346.34,0.42,0.38,2020-11-08,749,N,VIIRS,n,2,303.61,8.77,D,0
30.26881,75.43197,332.89,0.45,0.39,2020-11-08,749,N,VIIRS,n,2,300.91,7.94,D,0
30.26923,75.75891,338.12,0.44,0.38,2020-11-08,749,N,VIIRS,n,2,304.15,11.74,D,0
30.26962,75.06326,334.27,0.47,0.39,2020-11-08,749,N,VIIRS,n,2,302.46,3.66,D,0
30.26982,75.0611,336.99,0.46,0.39,2020-11-08,749,N,VIIRS,n,2,304.97,13.8,D,0
30.26986,75.9081,344.34,0.43,0.38,2020-11-08,749,N,VIIRS,n,2,307.98,12.36,D,0
30.27047,75.44123,345.28,0.45,0.39,2020-11-08,749,N,VIIRS,n,2,304.82,10.49,D,0
30.2705,75.58503,331.34,0.44,0.39,2020-11-08,749,N,VIIRS,n,2,302.6,2.05,D,0
30.27079,75.02792,349.41,0.47,0.39,2020-11-08,749,N,VIIRS,n,2,307.71,8.43,D,0
30.27082,75.02582,347.03,0.47,0.39,2020-11-08,749,N,VIIRS,n,2,308.59,10.27,D,0
30.27149,75.0528,342.37,0.47,0.39,2020-11-08,749,N,VIIRS,n,2,302.54,4.84,D,0
30.27165,75.05067,333.26,0.47,0.39,2020-11-08,749,N,VIIRS,n,2,302.35,4.99,D,0
30.27168,75.48909,336.33,0.45,0.39,2020-11-08,749,N,VIIRS,n,2,307.76,12.28,D,0
30.27181,75.94005,341.47,0.43,0.38,2020-11-08,749,N,VIIRS,n,2,313.42,17.22,D,0
30.27219,75.07764,340.58,0.46,0.39,2020-11-08,749,N,VIIRS,n,2,303.13,4.28,D,0
30.27235,75.0576,342.31,0.47,0.39,2020-11-08,749,N,VIIRS,n,2,304.22,7.03,D,0
30.27246,75.07545,342.53,0.46,0.39,2020-11-08,749,N,VIIRS,n,2,304.51,5.4,D,0
30.27251,75.03754,331.95,0.47,0.39,2020-11-08,749,N,VIIRS,n,2,302.19,2.29,D,0
30.27253,75.05545,354.36,0.47,0.39,2020-11-08,749,N,VIIRS,n,2,304.21,4.99,D,0
30.27259,75.9445,335.28,0.43,0.38,2020-11-08,749,N,VIIRS,n,2,304.99,17.22,D,0
30.27321,75.0624,335.19,0.47,0.39,2020-11-08,749,N,VIIRS,n,2,302.89,7.03,D,0
30.27357,75.12713,332.36,0.46,0.39,2020-11-08,749,N,VIIRS,n,2,305.33,2.37,D,0
30.27459,75.60786,334.17,0.44,0.39,2020-11-08,749,N,VIIRS,l,2,305.98,12.14,D,0
30.27507,75.3432,336.75,0.45,0.39,2020-11-08,749,N,VIIRS,n,2,305.1,5.26,D,0
30.27521,75.48826,336.92,0.45,0.39,2020-11-08,749,N,VIIRS,n,2,304.07,6.52,D,0
30.27525,76.10468,335.38,0.43,0.38,2020-11-08,749,N,VIIRS,l,2,310.38,19.66,D,0
30.27534,75.71043,342.86,0.44,0.38,2020-11-08,749,N,VIIRS,n,2,303.49,3.94,D,0
30.27541,75.61243,334.31,0.44,0.39,2020-11-08,749,N,VIIRS,l,2,304.32,2.77,D,0
30.27681,75.67703,333.23,0.44,0.38,2020-11-08,749,N,VIIRS,n,2,302.41,1.77,D,0
30.27857,75.77081,346.83,0.44,0.38,2020-11-08,749,N,VIIRS,n,2,306.14,6.25,D,0
30.27882,75.40543,342.08,0.45,0.39,2020-11-08,749,N,VIIRS,n,2,302.95,4.25,D,0
30.27914,76.00294,336.22,0.43,0.38,2020-11-08,749,N,VIIRS,n,2,308.48,6.77,D,0
30.2792,75.44881,346.37,0.45,0.39,2020-11-08,749,N,VIIRS,n,2,304.78,7.9,D,0
30.27977,75.67773,332.99,0.44,0.38,2020-11-08,749,N,VIIRS,n,2,301.15,1.64,D,0
30.2802,75.18503,348.25,0.46,0.39,2020-11-08,749,N,VIIRS,n,2,302.66,6.48,D,0
30.28038,75.16519,341.19,0.46,0.39,2020-11-08,749,N,VIIRS,n,2,304.96,5.74,D,0
30.28057,75.80315,338.41,0.44,0.38,2020-11-08,749,N,VIIRS,n,2,303.66,5.99,D,0
30.28146,75.97477,339.29,0.43,0.38,2020-11-08,749,N,VIIRS,n,2,310.12,11.64,D,0
30.28177,75.83089,333.71,0.43,0.38,2020-11-08,749,N,VIIRS,n,2,303.3,1.52,D,0
30.28196,75.27808,331.14,0.46,0.39,2020-11-08,749,N,VIIRS,n,2,304.11,4,D,0
30.28261,76.00215,334.35,0.43,0.38,2020-11-08,749,N,VIIRS,n,2,302.32,6.77,D,0
30.28338,75.9235,332.4,0.43,0.38,2020-11-08,749,N,VIIRS,n,2,306.94,1.57,D,0
30.28405,75.80234,342.66,0.44,0.38,2020-11-08,749,N,VIIRS,n,2,305.38,5.99,D,0
30.28411,75.07766,332.61,0.46,0.39,2020-11-08,749,N,VIIRS,n,2,302.85,2.35,D,0
30.2843,76.43972,336.36,0.42,0.37,2020-11-08,749,N,VIIRS,n,2,302.34,3.11,D,0
30.28468,75.35552,332.55,0.45,0.39,2020-11-08,749,N,VIIRS,n,2,301.92,2.11,D,0
30.28513,75.60539,343.27,0.44,0.39,2020-11-08,749,N,VIIRS,n,2,304.32,4.41,D,0
30.28516,75.66703,331.11,0.44,0.38,2020-11-08,749,N,VIIRS,n,2,305.1,6.19,D,0
30.28532,75.52425,334.2,0.45,0.39,2020-11-08,749,N,VIIRS,n,2,303.87,3.08,D,0
30.28552,75.27724,342.02,0.46,0.39,2020-11-08,749,N,VIIRS,n,2,303.83,4,D,0
30.28597,75.67156,332.95,0.44,0.38,2020-11-08,749,N,VIIRS,n,2,301.21,6.19,D,0
30.28614,75.52885,333.81,0.45,0.39,2020-11-08,749,N,VIIRS,n,2,303.69,3.08,D,0
30.28631,75.19838,343.4,0.46,0.39,2020-11-08,749,N,VIIRS,n,2,301.71,4.8,D,0
30.28634,75.36485,333.25,0.45,0.39,2020-11-08,749,N,VIIRS,l,2,306.66,12.63,D,0
30.28634,76.29253,334.42,0.42,0.38,2020-11-08,749,N,VIIRS,n,2,305.34,7.01,D,0
30.28684,75.88095,336,0.43,0.38,2020-11-08,749,N,VIIRS,n,2,304.87,4.59,D,0
30.28717,75.36951,333.56,0.45,0.39,2020-11-08,749,N,VIIRS,n,2,303.01,8.8,D,0
30.28731,75.69957,334,0.44,0.38,2020-11-08,749,N,VIIRS,l,2,304.2,2.87,D,0
30.2879,75.12369,342.29,0.46,0.39,2020-11-08,749,N,VIIRS,n,2,304.39,8.76,D,0
30.28839,75.68517,346.87,0.44,0.38,2020-11-08,749,N,VIIRS,n,2,302.7,9.5,D,0
30.28904,75.19279,341.97,0.46,0.39,2020-11-08,749,N,VIIRS,n,2,302.25,5.18,D,0
30.28927,75.12618,334.08,0.46,0.39,2020-11-08,749,N,VIIRS,l,2,305.42,7.64,D,0
30.28966,75.52802,333.19,0.45,0.39,2020-11-08,749,N,VIIRS,n,2,302.05,13.01,D,0
30.28968,76.42959,332.78,0.42,0.37,2020-11-08,749,N,VIIRS,n,2,301.77,3.22,D,0
30.28978,76.29175,343.77,0.42,0.38,2020-11-08,749,N,VIIRS,n,2,304.09,7.01,D,0
30.28991,75.5088,341.66,0.45,0.39,2020-11-08,749,N,VIIRS,n,2,307.98,9.15,D,0
30.29027,75.40755,348.42,0.45,0.39,2020-11-08,749,N,VIIRS,n,2,303.19,5.99,D,0
30.29275,75.42147,340.14,0.45,0.39,2020-11-08,749,N,VIIRS,n,2,303.91,4.49,D,0
30.29294,75.7312,346.74,0.44,0.38,2020-11-08,749,N,VIIRS,n,2,305.76,5,D,0
30.29297,75.66992,338.23,0.44,0.38,2020-11-08,749,N,VIIRS,n,2,305.49,5.85,D,0
30.29347,75.28024,331.87,0.46,0.39,2020-11-08,749,N,VIIRS,l,2,302.48,3.07,D,0
30.29381,75.40672,335.57,0.45,0.39,2020-11-08,749,N,VIIRS,n,2,302.54,5.99,D,0
30.29426,76.31772,333.27,0.42,0.38,2020-11-08,749,N,VIIRS,n,2,303.04,1.84,D,0
30.29431,75.28493,333.24,0.46,0.39,2020-11-08,749,N,VIIRS,l,2,303.33,3.07,D,0
30.29493,75.82317,333.39,0.44,0.38,2020-11-08,749,N,VIIRS,n,2,303.2,2.45,D,0
30.29499,75.45472,338.08,0.45,0.39,2020-11-08,749,N,VIIRS,n,2,302.7,5.93,D,0
30.29546,75.13959,334.64,0.46,0.39,2020-11-08,749,N,VIIRS,n,2,304.72,4.25,D,0
30.29569,75.39658,333.55,0.45,0.39,2020-11-08,749,N,VIIRS,n,2,302.92,9.47,D,0
30.29637,75.33813,334.43,0.45,0.39,2020-11-08,749,N,VIIRS,l,2,306.96,5.3,D,0
30.297,75.6926,339.62,0.44,0.38,2020-11-08,749,N,VIIRS,n,2,302.65,3.26,D,0
30.29756,75.65466,345.09,0.44,0.38,2020-11-08,749,N,VIIRS,n,2,310.93,14,D,0
30.29829,75.24474,330.43,0.46,0.39,2020-11-08,749,N,VIIRS,n,2,302.82,10.61,D,0
30.29841,75.39111,336,0.45,0.39,2020-11-08,749,N,VIIRS,n,2,304.85,11.18,D,0
30.29904,75.13873,336.44,0.46,0.39,2020-11-08,749,N,VIIRS,n,2,304.36,4.34,D,0
30.29912,76.03511,340.48,0.43,0.38,2020-11-08,749,N,VIIRS,n,2,311.02,8.28,D,0
30.29913,75.72507,337.9,0.44,0.38,2020-11-08,749,N,VIIRS,n,2,306.4,3.11,D,0
30.29934,75.45851,333.78,0.45,0.39,2020-11-08,749,N,VIIRS,n,2,301.91,3.59,D,0
30.29975,75.27384,335.48,0.46,0.39,2020-11-08,749,N,VIIRS,n,2,303.92,3.75,D,0
30.30021,75.08376,332.77,0.46,0.39,2020-11-08,749,N,VIIRS,n,2,301.31,3.19,D,0
30.30029,76.02106,344.96,0.43,0.38,2020-11-08,749,N,VIIRS,n,2,306.16,9.66,D,0
30.30106,76.02548,332.33,0.43,0.38,2020-11-08,749,N,VIIRS,n,2,301.48,3.84,D,0
30.30107,75.65384,335.35,0.44,0.38,2020-11-08,749,N,VIIRS,n,2,302.95,14,D,0
30.30108,75.08854,333.14,0.46,0.39,2020-11-08,749,N,VIIRS,n,2,301.49,3.19,D,0
30.30186,75.2439,341.03,0.46,0.39,2020-11-08,749,N,VIIRS,n,2,306.26,10.61,D,0
30.30195,75.09331,334.88,0.46,0.39,2020-11-08,749,N,VIIRS,n,2,302.74,2.15,D,0
30.3023,75.4337,339.15,0.45,0.39,2020-11-08,749,N,VIIRS,n,2,304.42,10.43,D,0
30.30258,76.03432,335.74,0.43,0.38,2020-11-08,749,N,VIIRS,n,2,304.33,8.28,D,0
30.30268,75.5393,331.29,0.45,0.39,2020-11-08,749,N,VIIRS,l,2,303.6,3.67,D,0
30.30268,75.66293,340.26,0.44,0.38,2020-11-08,749,N,VIIRS,n,2,301.47,6.07,D,0
30.30278,75.3949,333.41,0.45,0.39,2020-11-08,749,N,VIIRS,n,2,303.16,2.7,D,0
30.30287,75.45767,332.96,0.45,0.39,2020-11-08,749,N,VIIRS,n,2,301.71,3.59,D,0
30.30326,75.18224,338.38,0.46,0.39,2020-11-08,749,N,VIIRS,n,2,302.86,9.41,D,0
30.3036,75.39955,333.52,0.45,0.39,2020-11-08,749,N,VIIRS,n,2,303.35,2.7,D,0
30.30375,76.02026,339.54,0.43,0.38,2020-11-08,749,N,VIIRS,n,2,304.28,4.3,D,0
30.3038,76.31106,333.77,0.42,0.38,2020-11-08,749,N,VIIRS,l,2,304.13,4.54,D,0
30.30412,75.18697,334.08,0.46,0.39,2020-11-08,749,N,VIIRS,l,2,304.36,9.41,D,0
30.30419,75.4236,333.71,0.45,0.39,2020-11-08,749,N,VIIRS,n,2,302.71,3.88,D,0
30.30438,76.10712,334.04,0.43,0.38,2020-11-08,749,N,VIIRS,l,2,304.44,6.55,D,0
30.30479,75.2186,332.74,0.46,0.39,2020-11-08,749,N,VIIRS,n,2,301.74,3.89,D,0
30.30563,75.22333,333.12,0.46,0.39,2020-11-08,749,N,VIIRS,n,2,302.27,3.89,D,0
30.30597,75.17665,331.56,0.46,0.39,2020-11-08,749,N,VIIRS,n,2,301,3.65,D,0
30.30619,75.33094,336.95,0.45,0.39,2020-11-08,749,N,VIIRS,n,2,307.53,4.24,D,0
30.30659,75.22087,340.62,0.46,0.39,2020-11-08,749,N,VIIRS,n,2,302.6,6.41,D,0
30.30815,75.23749,331.96,0.46,0.39,2020-11-08,749,N,VIIRS,n,2,302.31,2.13,D,0
30.30854,75.28154,333.5,0.46,0.39,2020-11-08,749,N,VIIRS,l,2,303.53,5.29,D,0
30.30917,75.23501,332.61,0.46,0.39,2020-11-08,749,N,VIIRS,n,2,302.05,1.55,D,0
30.30954,75.1758,334.92,0.46,0.39,2020-11-08,749,N,VIIRS,n,2,302.35,3.65,D,0
30.30972,75.59962,334.96,0.44,0.39,2020-11-08,749,N,VIIRS,n,2,305.53,12.54,D,0
30.30976,75.27899,334.48,0.46,0.39,2020-11-08,749,N,VIIRS,n,2,303.06,3.61,D,0
30.30999,75.09636,339.85,0.46,0.39,2020-11-08,749,N,VIIRS,n,2,304.38,6.7,D,0
30.31052,75.16074,332.95,0.46,0.39,2020-11-08,749,N,VIIRS,n,2,303.01,4.09,D,0
30.31068,75.39787,331.27,0.45,0.39,2020-11-08,749,N,VIIRS,n,2,304.1,2.15,D,0
30.31135,75.00101,338.28,0.47,0.4,2020-11-08,749,N,VIIRS,n,2,303.33,4.34,D,0
30.31139,75.16547,333.25,0.46,0.39,2020-11-08,749,N,VIIRS,n,2,303.17,4.09,D,0
30.31232,75.26103,333.5,0.46,0.39,2020-11-08,749,N,VIIRS,n,2,303.67,1.52,D,0
30.31388,76.1414,334.38,0.42,0.38,2020-11-08,749,N,VIIRS,n,2,303.46,2.07,D,0
30.31413,75.33392,344.81,0.45,0.39,2020-11-08,749,N,VIIRS,n,2,304.61,5.54,D,0
30.31471,75.3581,333.74,0.45,0.39,2020-11-08,749,N,VIIRS,n,2,304.37,3.42,D,0
30.31487,75.54598,351.22,0.44,0.39,2020-11-08,749,N,VIIRS,n,2,309.07,16.1,D,0
30.31536,75.44508,333.97,0.45,0.39,2020-11-08,749,N,VIIRS,n,2,305.17,2.05,D,0
30.31553,75.36276,343.2,0.45,0.39,2020-11-08,749,N,VIIRS,n,2,305.83,15.55,D,0
30.31594,75.14954,335.85,0.46,0.39,2020-11-08,749,N,VIIRS,n,2,302.69,6.74,D,0
30.31692,75.70209,345.16,0.44,0.38,2020-11-08,749,N,VIIRS,n,2,304.94,7.32,D,0
30.31718,75.37208,348.28,0.45,0.39,2020-11-08,749,N,VIIRS,n,2,307.12,21.48,D,0
30.31845,75.01938,337.22,0.47,0.39,2020-11-08,749,N,VIIRS,n,2,305.93,5.05,D,0
30.3189,75.44424,334.83,0.45,0.39,2020-11-08,749,N,VIIRS,n,2,302.88,4.76,D,0
30.31919,75.48749,336.39,0.45,0.39,2020-11-08,749,N,VIIRS,n,2,304.41,4.2,D,0
30.31976,76.21722,336.99,0.42,0.38,2020-11-08,749,N,VIIRS,n,2,304.21,2.4,D,0
30.32135,75.58261,332.84,0.44,0.39,2020-11-08,749,N,VIIRS,n,2,305.96,2.33,D,0
30.32146,75.31267,345.19,0.45,0.39,2020-11-08,749,N,VIIRS,n,2,306.65,4.7,D,0
30.32213,75.4,342.41,0.45,0.39,2020-11-08,749,N,VIIRS,n,2,304.36,6.91,D,0
30.32248,75.10331,346.21,0.46,0.39,2020-11-08,749,N,VIIRS,n,2,304.78,8.3,D,0
30.32268,75.61084,334.01,0.44,0.39,2020-11-08,749,N,VIIRS,n,2,303.01,2.06,D,0
30.32272,75.5489,332.18,0.44,0.39,2020-11-08,749,N,VIIRS,n,2,303.27,2.43,D,0
30.32283,75.31007,336.86,0.45,0.39,2020-11-08,749,N,VIIRS,n,2,306.9,3.87,D,0
30.32312,75.90158,331.54,0.43,0.38,2020-11-08,749,N,VIIRS,n,2,304.92,1.33,D,0
30.3232,75.63444,331.56,0.44,0.38,2020-11-08,749,N,VIIRS,l,2,302.88,5.98,D,0
30.32395,76.22078,334.56,0.42,0.38,2020-11-08,749,N,VIIRS,l,2,305.86,11.14,D,0
30.32401,75.63899,336.08,0.44,0.38,2020-11-08,749,N,VIIRS,l,2,309.51,11.78,D,0
30.3242,75.3584,333.13,0.45,0.39,2020-11-08,749,N,VIIRS,n,2,303.31,3.7,D,0
30.32505,75.36305,346.6,0.45,0.39,2020-11-08,749,N,VIIRS,n,2,303.63,9.12,D,0
30.32507,75.11759,333.69,0.46,0.39,2020-11-08,749,N,VIIRS,n,2,304.38,2.54,D,0
30.32601,75.83586,331.74,0.43,0.38,2020-11-08,749,N,VIIRS,l,2,304.63,2.84,D,0
30.32601,75.97945,346.22,0.43,0.38,2020-11-08,749,N,VIIRS,n,2,305.1,14.16,D,0
30.32611,75.98289,334.15,0.43,0.38,2020-11-08,749,N,VIIRS,l,2,305.64,13.12,D,0
30.32617,75.36025,347.83,0.45,0.39,2020-11-08,749,N,VIIRS,n,2,305.97,13.5,D,0
30.32653,75.28967,331.19,0.45,0.39,2020-11-08,749,N,VIIRS,l,2,305.64,8.95,D,0
30.32733,75.47114,331.66,0.45,0.39,2020-11-08,749,N,VIIRS,n,2,301.97,2.18,D,0
30.32735,76.11553,333.62,0.43,0.38,2020-11-08,749,N,VIIRS,n,2,301.21,2.49,D,0
30.32738,75.29434,343.28,0.45,0.39,2020-11-08,749,N,VIIRS,n,2,312.81,14.74,D,0
30.32748,75.94684,332.68,0.43,0.38,2020-11-08,749,N,VIIRS,l,2,303.02,1.82,D,0
30.32769,75.25514,337.79,0.46,0.39,2020-11-08,749,N,VIIRS,n,2,302.77,3.18,D,0
30.32775,75.35756,338.45,0.45,0.39,2020-11-08,749,N,VIIRS,n,2,302.85,3.7,D,0
30.3289,75.35473,331.55,0.45,0.39,2020-11-08,749,N,VIIRS,l,2,301.99,3.02,D,0
30.32978,76.19227,342.4,0.42,0.38,2020-11-08,749,N,VIIRS,n,2,310.56,21.57,D,0
30.33005,75.46569,332.41,0.45,0.39,2020-11-08,749,N,VIIRS,n,2,305.03,2.46,D,0
30.33028,75.57099,343.14,0.44,0.39,2020-11-08,749,N,VIIRS,n,2,311.28,15.39,D,0
30.33054,75.22992,334.58,0.46,0.39,2020-11-08,749,N,VIIRS,n,2,303.26,4.63,D,0
30.3306,75.8208,339.81,0.43,0.38,2020-11-08,749,N,VIIRS,n,2,307.71,3.89,D,0
30.33094,75.2935,342.43,0.45,0.39,2020-11-08,749,N,VIIRS,n,2,303.39,14.74,D,0
30.33109,75.57556,333.6,0.44,0.39,2020-11-08,749,N,VIIRS,n,2,303.29,15.39,D,0
30.33185,75.03118,330.18,0.47,0.39,2020-11-08,749,N,VIIRS,l,2,303.19,4.18,D,0
30.33281,75.38546,334.95,0.45,0.39,2020-11-08,749,N,VIIRS,n,2,304.08,4.28,D,0
30.3333,75.48415,334.86,0.45,0.39,2020-11-08,749,N,VIIRS,n,2,303.74,2.98,D,0
30.3334,75.20463,345.03,0.46,0.39,2020-11-08,749,N,VIIRS,n,2,303.64,6.6,D,0
30.33347,75.40949,350.69,0.45,0.39,2020-11-08,749,N,VIIRS,n,2,317.77,31.64,D,0
30.33465,75.38734,340.77,0.45,0.39,2020-11-08,749,N,VIIRS,n,2,302.73,6.86,D,0
30.3352,75.4114,343.45,0.45,0.39,2020-11-08,749,N,VIIRS,n,2,310.88,57,D,0
30.33534,75.29734,337.05,0.45,0.39,2020-11-08,749,N,VIIRS,n,2,302.7,2.74,D,0
30.33673,75.60755,333.29,0.44,0.39,2020-11-08,749,N,VIIRS,n,2,303.4,8.53,D,0
30.33701,75.40866,348.92,0.45,0.39,2020-11-08,749,N,VIIRS,n,2,303.4,31.64,D,0
30.33736,75.50719,339.36,0.45,0.39,2020-11-08,749,N,VIIRS,n,2,305.09,11.27,D,0
30.33906,75.27692,342.09,0.45,0.39,2020-11-08,749,N,VIIRS,n,2,306.11,10.14,D,0
30.33978,75.05427,332.32,0.46,0.39,2020-11-08,749,N,VIIRS,n,2,303.05,2.98,D,0
30.33983,75.17844,332.96,0.46,0.39,2020-11-08,749,N,VIIRS,l,2,303.1,14.33,D,0
30.34036,75.42718,336.33,0.45,0.39,2020-11-08,749,N,VIIRS,n,2,303.87,4.08,D,0
30.34119,75.42449,330.79,0.45,0.39,2020-11-08,749,N,VIIRS,l,2,302.28,3.46,D,0
30.34131,76.34296,333.36,0.42,0.38,2020-11-08,749,N,VIIRS,n,2,300.68,1.97,D,0
30.34175,75.37364,339.18,0.45,0.39,2020-11-08,749,N,VIIRS,n,2,303.43,3.05,D,0
30.34228,75.3152,332.63,0.45,0.39,2020-11-08,749,N,VIIRS,n,2,305.29,9.71,D,0
30.34263,75.02858,333.63,0.47,0.39,2020-11-08,749,N,VIIRS,n,2,304.36,5.56,D,0
30.34312,75.31987,334.25,0.45,0.39,2020-11-08,749,N,VIIRS,n,2,304.94,12.1,D,0
30.34337,75.05341,344.32,0.46,0.39,2020-11-08,749,N,VIIRS,n,2,305.11,7.87,D,0
30.3434,75.17758,333.34,0.46,0.39,2020-11-08,749,N,VIIRS,n,2,301.96,18.12,D,0
30.34354,75.5631,334.5,0.44,0.39,2020-11-08,749,N,VIIRS,l,2,306.56,3.68,D,0
30.34369,75.13794,333.43,0.46,0.39,2020-11-08,749,N,VIIRS,n,2,301.55,2.35,D,0
30.34383,75.11806,332.34,0.46,0.39,2020-11-08,749,N,VIIRS,n,2,301.59,3.85,D,0
30.34455,75.14268,330.2,0.46,0.39,2020-11-08,749,N,VIIRS,l,2,301.42,3.34,D,0
30.34609,75.04774,335.18,0.46,0.39,2020-11-08,749,N,VIIRS,n,2,308.05,13.59,D,0
30.34696,75.05255,330.46,0.46,0.39,2020-11-08,749,N,VIIRS,l,2,301.04,7.87,D,0
30.34761,75.69019,334.26,0.44,0.38,2020-11-08,749,N,VIIRS,l,2,305.64,3.26,D,0
30.34762,75.40615,335.95,0.45,0.39,2020-11-08,749,N,VIIRS,n,2,306.89,5.69,D,0
30.34777,75.73252,335.84,0.44,0.38,2020-11-08,749,N,VIIRS,l,2,307.12,5.07,D,0
30.34798,75.16166,332.42,0.46,0.39,2020-11-08,749,N,VIIRS,n,2,303.28,2.92,D,0
30.34813,75.85866,334.45,0.43,0.38,2020-11-08,749,N,VIIRS,n,2,303.96,2.14,D,0
30.35106,75.32285,334.81,0.45,0.39,2020-11-08,749,N,VIIRS,n,2,303.86,5.78,D,0
30.3519,75.32751,333.75,0.45,0.39,2020-11-08,749,N,VIIRS,n,2,304.02,6.35,D,0
30.35321,75.37578,334.42,0.45,0.39,2020-11-08,749,N,VIIRS,l,2,304.94,6.59,D,0
30.35356,75.13062,336.24,0.46,0.39,2020-11-08,749,N,VIIRS,n,2,307.13,8.09,D,0
30.35465,75.83387,333.97,0.43,0.38,2020-11-08,749,N,VIIRS,l,2,304.1,2.29,D,0
30.355,75.0556,335.99,0.46,0.39,2020-11-08,749,N,VIIRS,n,2,302.38,4.29,D,0
30.35714,75.12975,345.21,0.46,0.39,2020-11-08,749,N,VIIRS,n,2,306.14,32.24,D,0
30.35762,75.46164,332.65,0.45,0.39,2020-11-08,749,N,VIIRS,n,2,303.09,3.07,D,0
30.35871,75.26244,333.2,0.46,0.39,2020-11-08,749,N,VIIRS,n,2,304.25,2.84,D,0
30.35888,75.24279,335.24,0.46,0.39,2020-11-08,749,N,VIIRS,n,2,305.79,4.99,D,0
30.35961,76.26234,336.4,0.42,0.38,2020-11-08,749,N,VIIRS,n,2,302.5,3.26,D,0
30.35994,75.78127,334.12,0.44,0.38,2020-11-08,749,N,VIIRS,n,2,303.11,19.43,D,0
30.36021,75.29142,333.81,0.45,0.39,2020-11-08,749,N,VIIRS,l,2,304.07,2.54,D,0
30.3628,75.38804,346.15,0.45,0.39,2020-11-08,749,N,VIIRS,n,2,302.76,7.65,D,0
30.36356,75.55599,333.47,0.44,0.39,2020-11-08,749,N,VIIRS,n,2,304.77,2.63,D,0
30.36377,75.29057,335.15,0.45,0.39,2020-11-08,749,N,VIIRS,n,2,304.93,3.87,D,0
30.36384,75.55354,346.99,0.44,0.39,2020-11-08,749,N,VIIRS,n,2,307.84,10.16,D,0
30.36427,76.43609,330.24,0.42,0.37,2020-11-08,749,N,VIIRS,n,2,302.18,2.54,D,0
30.36461,75.0882,337.47,0.46,0.39,2020-11-08,749,N,VIIRS,n,2,303.63,3.88,D,0
30.36551,76.29703,334.94,0.42,0.38,2020-11-08,749,N,VIIRS,n,2,303.19,3.06,D,0
30.36626,75.55059,332.94,0.44,0.39,2020-11-08,749,N,VIIRS,l,2,303.01,4.08,D,0
30.36648,75.28504,339.09,0.45,0.39,2020-11-08,749,N,VIIRS,n,2,305.08,3.87,D,0
30.36698,76.30569,336.81,0.42,0.38,2020-11-08,749,N,VIIRS,n,2,305.21,4.22,D,0
30.36703,75.22612,332.03,0.46,0.39,2020-11-08,749,N,VIIRS,n,2,305.68,1.83,D,0
30.36708,75.55517,333.43,0.44,0.39,2020-11-08,749,N,VIIRS,n,2,301.8,5.5,D,0
30.36754,75.16686,335.73,0.46,0.39,2020-11-08,749,N,VIIRS,n,2,304.29,4.07,D,0
30.36768,75.63822,343.36,0.44,0.38,2020-11-08,749,N,VIIRS,n,2,309.17,9.12,D,0
30.36879,75.00722,333.05,0.47,0.39,2020-11-08,749,N,VIIRS,n,2,302.33,0.92,D,0
30.36927,75.79313,336.85,0.44,0.38,2020-11-08,749,N,VIIRS,n,2,302.49,3.76,D,0
30.37006,75.79762,340.98,0.44,0.38,2020-11-08,749,N,VIIRS,n,2,303.19,5.74,D,0
30.37043,75.14144,346.38,0.46,0.39,2020-11-08,749,N,VIIRS,n,2,305.38,13.02,D,0
30.37112,75.43438,334.24,0.45,0.39,2020-11-08,749,N,VIIRS,n,2,304.87,2.36,D,0
30.37137,75.02164,333.72,0.47,0.39,2020-11-08,749,N,VIIRS,l,2,303.96,4.69,D,0
30.37175,75.60165,347.12,0.44,0.38,2020-11-08,749,N,VIIRS,n,2,309.28,28.68,D,0
30.37179,75.02342,345.3,0.47,0.39,2020-11-08,749,N,VIIRS,n,2,308.29,11.37,D,0
30.37184,75.00336,346.7,0.47,0.39,2020-11-08,749,N,VIIRS,n,2,303.33,7.74,D,0
30.37224,75.02644,333.8,0.47,0.39,2020-11-08,749,N,VIIRS,l,2,304.88,8.52,D,0
30.37238,75.00635,333.4,0.47,0.39,2020-11-08,749,N,VIIRS,n,2,303.17,4.15,D,0
30.37256,75.46292,350.08,0.45,0.39,2020-11-08,749,N,VIIRS,n,2,314.78,34.11,D,0
30.37263,75.60385,339.79,0.44,0.39,2020-11-08,749,N,VIIRS,n,2,306.49,23.15,D,0
30.37315,75.13583,339.34,0.46,0.39,2020-11-08,749,N,VIIRS,n,2,308.05,12.16,D,0
30.37504,75.47675,333.18,0.45,0.39,2020-11-08,749,N,VIIRS,n,2,307.14,3.73,D,0
30.37538,75.02256,335.35,0.47,0.39,2020-11-08,749,N,VIIRS,n,2,302.91,11.37,D,0
30.37583,75.02557,333.19,0.47,0.39,2020-11-08,749,N,VIIRS,n,2,301.84,3.43,D,0
30.37586,75.48135,333.36,0.45,0.39,2020-11-08,749,N,VIIRS,n,2,303.08,3.73,D,0
30.37633,75.3606,336.07,0.45,0.39,2020-11-08,749,N,VIIRS,n,2,306.46,6.77,D,0
30.37696,75.38468,339.52,0.45,0.39,2020-11-08,749,N,VIIRS,n,2,307.87,12.55,D,0
30.37717,75.36525,330.5,0.45,0.39,2020-11-08,749,N,VIIRS,l,2,302.61,6.77,D,0
30.37741,75.15955,333.48,0.46,0.39,2020-11-08,749,N,VIIRS,n,2,302.98,6.57,D,0
30.37775,75.11983,333.41,0.46,0.39,2020-11-08,749,N,VIIRS,n,2,302.21,2.84,D,0
30.37826,75.16429,345.25,0.46,0.39,2020-11-08,749,N,VIIRS,n,2,311.75,35.04,D,0
30.3786,75.1246,332.19,0.46,0.39,2020-11-08,749,N,VIIRS,n,2,302.26,3.54,D,0
30.37904,75.3551,331.19,0.45,0.39,2020-11-08,749,N,VIIRS,l,2,303.3,4.88,D,0
30.37921,75.25265,334.65,0.46,0.39,2020-11-08,749,N,VIIRS,n,2,305.34,4.21,D,0
30.37926,75.04476,345.18,0.46,0.39,2020-11-08,749,N,VIIRS,n,2,304.31,12.32,D,0
30.37937,75.80945,347.34,0.43,0.38,2020-11-08,749,N,VIIRS,n,2,312.91,27,D,0
30.37959,75.60455,334.28,0.44,0.38,2020-11-08,749,N,VIIRS,l,2,305.13,4.06,D,0
30.37979,75.04649,342.26,0.46,0.39,2020-11-08,749,N,VIIRS,n,2,304.23,10.8,D,0
30.37988,75.35975,333.82,0.45,0.39,2020-11-08,749,N,VIIRS,l,2,306.15,6.77,D,0
30.38079,75.73421,345.49,0.44,0.38,2020-11-08,749,N,VIIRS,n,2,309.03,9.36,D,0
30.38089,75.42725,339.63,0.45,0.39,2020-11-08,749,N,VIIRS,n,2,303.32,3.65,D,0
30.382,75.1436,333.36,0.46,0.39,2020-11-08,749,N,VIIRS,n,2,302.04,2.96,D,0
30.38279,75.76657,357.06,0.44,0.38,2020-11-08,749,N,VIIRS,n,2,311.41,15.23,D,0
30.38314,75.66528,345.44,0.44,0.38,2020-11-08,749,N,VIIRS,n,2,308.28,4.32,D,0
30.38332,76.08092,339.27,0.43,0.38,2020-11-08,749,N,VIIRS,n,2,306.19,2.96,D,0
30.38357,75.77107,336.26,0.44,0.38,2020-11-08,749,N,VIIRS,n,2,303.81,15.23,D,0
30.38374,75.66756,335.86,0.44,0.38,2020-11-08,749,N,VIIRS,n,2,304.69,4.28,D,0
30.38394,76.48946,335.84,0.41,0.37,2020-11-08,749,N,VIIRS,n,2,302.18,2.32,D,0
30.38404,76.12636,351.36,0.42,0.38,2020-11-08,749,N,VIIRS,n,2,308.21,14.2,D,0
30.3842,75.65086,332.53,0.44,0.38,2020-11-08,749,N,VIIRS,n,2,305.23,1.39,D,0
30.38445,75.26119,335.93,0.46,0.39,2020-11-08,749,N,VIIRS,n,2,305.04,3.46,D,0
30.38487,75.38765,341.84,0.45,0.39,2020-11-08,749,N,VIIRS,n,2,305.12,4.06,D,0
30.38487,75.88264,338.64,0.43,0.38,2020-11-08,749,N,VIIRS,n,2,304.53,3.57,D,0
30.38548,75.41167,338.58,0.45,0.39,2020-11-08,749,N,VIIRS,n,2,305.7,17.37,D,0
30.38572,75.30974,338.35,0.45,0.39,2020-11-08,749,N,VIIRS,n,2,303.65,3.37,D,0
30.38598,75.82658,335.48,0.43,0.38,2020-11-08,749,N,VIIRS,n,2,305.07,3.17,D,0
30.38627,75.06303,331.44,0.46,0.39,2020-11-08,749,N,VIIRS,l,2,301.82,7.1,D,0
30.38689,75.06472,343.16,0.46,0.39,2020-11-08,749,N,VIIRS,n,2,308.17,20.12,D,0
30.38712,75.06783,335.85,0.46,0.39,2020-11-08,749,N,VIIRS,n,2,308.68,7.1,D,0
30.38758,75.38216,337.49,0.45,0.39,2020-11-08,749,N,VIIRS,n,2,303.98,4.79,D,0
30.38773,75.44491,332.48,0.45,0.39,2020-11-08,749,N,VIIRS,l,2,302.77,3.59,D,0
30.38833,76.04776,332.67,0.43,0.38,2020-11-08,749,N,VIIRS,n,2,303.54,1.2,D,0
30.38855,75.44952,334.63,0.45,0.39,2020-11-08,749,N,VIIRS,n,2,304.12,3.59,D,0
30.38856,75.73708,338.55,0.44,0.38,2020-11-08,749,N,VIIRS,n,2,302.82,3.37,D,0
30.38901,75.41084,334.31,0.45,0.39,2020-11-08,749,N,VIIRS,l,2,306.47,17.37,D,0
30.39092,75.60664,342.56,0.44,0.38,2020-11-08,749,N,VIIRS,n,2,302.21,4.9,D,0
30.39103,75.13152,336.47,0.46,0.39,2020-11-08,749,N,VIIRS,n,2,304.55,5.33,D,0
30.39118,75.58758,348.21,0.44,0.39,2020-11-08,749,N,VIIRS,n,2,305.03,11.98,D,0
30.39208,75.44869,339.78,0.45,0.39,2020-11-08,749,N,VIIRS,l,2,313.83,32.07,D,0
30.393,75.20515,334.11,0.46,0.39,2020-11-08,749,N,VIIRS,n,2,302.09,2.53,D,0
30.39307,75.57763,332.78,0.44,0.39,2020-11-08,749,N,VIIRS,n,2,302.74,2.47,D,0
30.39326,75.03825,331.75,0.46,0.39,2020-11-08,749,N,VIIRS,l,2,305.88,6.87,D,0
30.39406,75.063,333.98,0.46,0.39,2020-11-08,749,N,VIIRS,n,2,301.38,4.38,D,0
30.39414,75.04304,334.45,0.46,0.39,2020-11-08,749,N,VIIRS,n,2,308.73,35.63,D,0
30.39561,75.44786,334.83,0.45,0.39,2020-11-08,749,N,VIIRS,l,2,304.89,32.07,D,0
30.39677,75.05737,343.34,0.46,0.39,2020-11-08,749,N,VIIRS,n,2,306.65,32.24,D,0
30.39713,75.39442,333.97,0.45,0.39,2020-11-08,749,N,VIIRS,l,2,305.64,3.92,D,0
30.39783,75.2531,333.56,0.46,0.39,2020-11-08,749,N,VIIRS,l,2,305.79,3.34,D,0
30.39796,75.39906,334.81,0.45,0.39,2020-11-08,749,N,VIIRS,n,2,307.14,3.92,D,0
30.39948,75.05173,347.18,0.46,0.39,2020-11-08,749,N,VIIRS,n,2,303.9,9.4,D,0
30.3998,75.71793,341.19,0.44,0.38,2020-11-08,749,N,VIIRS,n,2,304.92,4.85,D,0
30.40005,75.51397,334.84,0.44,0.39,2020-11-08,749,N,VIIRS,l,2,307.83,4.47,D,0
30.40084,76.28542,335.87,0.42,0.38,2020-11-08,749,N,VIIRS,n,2,307.94,3.17,D,0
30.40168,75.52315,331.5,0.44,0.39,2020-11-08,749,N,VIIRS,l,2,303.81,5.46,D,0
30.4022,76.00329,334.66,0.43,0.38,2020-11-08,749,N,VIIRS,n,2,306.23,5.02,D,0
30.40244,75.23729,331.9,0.46,0.39,2020-11-08,749,N,VIIRS,l,2,305.54,9.28,D,0
30.40305,75.55147,341.35,0.44,0.39,2020-11-08,749,N,VIIRS,n,2,302.37,4.83,D,0
30.40357,75.51315,333.72,0.44,0.39,2020-11-08,749,N,VIIRS,l,2,305.52,5.35,D,0
30.40368,75.28593,348.37,0.45,0.39,2020-11-08,749,N,VIIRS,n,2,309.94,24.03,D,0
30.40427,76.28465,337.39,0.42,0.38,2020-11-08,749,N,VIIRS,n,2,304.73,3.17,D,0
30.40481,75.06042,349.89,0.46,0.39,2020-11-08,749,N,VIIRS,n,2,303.8,7.77,D,0
30.40532,76.31138,347.66,0.42,0.38,2020-11-08,749,N,VIIRS,n,2,306,5.61,D,0
30.40533,75.85467,338.32,0.43,0.38,2020-11-08,749,N,VIIRS,n,2,305.49,7.86,D,0
30.40535,75.2953,331.43,0.45,0.39,2020-11-08,749,N,VIIRS,l,2,302.99,10.99,D,0
30.40618,75.29998,344.64,0.45,0.39,2020-11-08,749,N,VIIRS,n,2,309.38,10.99,D,0
30.4062,75.44534,342.35,0.45,0.39,2020-11-08,749,N,VIIRS,n,2,313.46,17.96,D,0
30.40627,75.50771,340.27,0.45,0.39,2020-11-08,749,N,VIIRS,n,2,307.25,5.35,D,0
30.4064,75.2804,336.94,0.45,0.39,2020-11-08,749,N,VIIRS,n,2,304.93,4.1,D,0
30.40662,75.2608,342.48,0.45,0.39,2020-11-08,749,N,VIIRS,n,2,303.38,9.98,D,0
30.40738,75.55522,345.43,0.44,0.39,2020-11-08,749,N,VIIRS,n,2,301.71,8.81,D,0
30.40816,75.68301,340.69,0.44,0.38,2020-11-08,749,N,VIIRS,n,2,309.96,12.28,D,0
30.4084,75.05955,332.76,0.46,0.39,2020-11-08,749,N,VIIRS,n,2,301.91,3.73,D,0
30.40841,75.91425,337.51,0.43,0.38,2020-11-08,749,N,VIIRS,n,2,304.71,2.48,D,0
30.40973,75.4445,341.75,0.45,0.39,2020-11-08,749,N,VIIRS,n,2,310.22,17.96,D,0
30.40983,75.1288,336.66,0.46,0.39,2020-11-08,749,N,VIIRS,n,2,307.11,12.76,D,0
30.40994,75.10893,336.51,0.46,0.39,2020-11-08,749,N,VIIRS,n,2,306.46,5.49,D,0
30.41055,75.44913,332.73,0.45,0.39,2020-11-08,749,N,VIIRS,l,2,306.97,23,D,0
30.41091,75.0938,334.95,0.46,0.39,2020-11-08,749,N,VIIRS,n,2,303.45,14.75,D,0
30.41104,75.41045,334.41,0.45,0.39,2020-11-08,749,N,VIIRS,n,2,305.21,5.31,D,0
30.41158,75.74333,338.19,0.44,0.38,2020-11-08,749,N,VIIRS,n,2,308.07,7.93,D,0
30.41178,75.09856,353.62,0.46,0.39,2020-11-08,749,N,VIIRS,n,2,312.2,38.16,D,0
30.41245,75.29361,333.47,0.45,0.39,2020-11-08,749,N,VIIRS,n,2,303.03,4.34,D,0
30.4125,75.50146,335.66,0.45,0.39,2020-11-08,749,N,VIIRS,l,2,305.8,3.5,D,0
30.41252,75.56354,335.14,0.44,0.39,2020-11-08,749,N,VIIRS,n,2,305.7,7.4,D,0
30.41262,76.29174,334.87,0.42,0.38,2020-11-08,749,N,VIIRS,n,2,305.84,3.27,D,0
30.41306,75.5872,342.57,0.44,0.39,2020-11-08,749,N,VIIRS,n,2,304.91,20.35,D,0
30.41331,75.50606,337.49,0.45,0.39,2020-11-08,749,N,VIIRS,n,2,305.61,5.41,D,0
30.41341,75.36149,347.13,0.45,0.39,2020-11-08,749,N,VIIRS,n,2,309.35,11.57,D,0
30.41351,75.2787,331.99,0.45,0.39,2020-11-08,749,N,VIIRS,n,2,303.7,2.6,D,0
30.41355,75.67231,334.1,0.44,0.38,2020-11-08,749,N,VIIRS,l,2,305.88,6.91,D,0
30.41433,75.42896,335.25,0.45,0.39,2020-11-08,749,N,VIIRS,l,2,306.3,22.3,D,0
30.41436,75.67684,334.23,0.44,0.38,2020-11-08,749,N,VIIRS,l,2,304.99,8.29,D,0
30.41597,76.04139,347.34,0.43,0.38,2020-11-08,749,N,VIIRS,n,2,307.17,8.7,D,0
30.4166,75.31699,345.48,0.45,0.39,2020-11-08,749,N,VIIRS,n,2,310.42,13.48,D,0
30.41673,75.00256,331.45,0.47,0.39,2020-11-08,749,N,VIIRS,n,2,302.54,2.17,D,0
30.41683,75.50523,350.27,0.45,0.39,2020-11-08,749,N,VIIRS,n,2,309.1,31.69,D,0
30.41709,75.10722,330.16,0.46,0.39,2020-11-08,749,N,VIIRS,l,2,300.44,1.44,D,0
30.41729,75.40414,337.32,0.45,0.39,2020-11-08,749,N,VIIRS,n,2,304.52,2.5,D,0
30.41753,76.29961,333.4,0.42,0.38,2020-11-08,749,N,VIIRS,n,2,305.47,3.73,D,0
30.41765,75.57185,332.26,0.44,0.39,2020-11-08,749,N,VIIRS,n,2,302.26,4.97,D,0
30.41786,75.42813,334.55,0.45,0.39,2020-11-08,749,N,VIIRS,n,2,302.75,3.36,D,0
30.41816,76.09574,332.52,0.42,0.38,2020-11-08,749,N,VIIRS,n,2,303.97,1.46,D,0
30.41857,75.7417,350.29,0.44,0.38,2020-11-08,749,N,VIIRS,n,2,312.48,19.14,D,0
30.41888,76.24527,334.64,0.42,0.38,2020-11-08,749,N,VIIRS,l,2,305.98,4.17,D,0
30.41932,76.22712,333.77,0.42,0.38,2020-11-08,749,N,VIIRS,l,2,305.62,5.95,D,0
30.42002,75.06175,331.79,0.46,0.39,2020-11-08,749,N,VIIRS,l,2,304.66,3.3,D,0
30.42015,75.31614,347.36,0.45,0.39,2020-11-08,749,N,VIIRS,n,2,304.74,10.18,D,0
30.4214,75.42729,333.6,0.45,0.39,2020-11-08,749,N,VIIRS,n,2,302.11,3.36,D,0
30.42144,75.28169,333.94,0.45,0.39,2020-11-08,749,N,VIIRS,l,2,304.7,5.03,D,0
30.42198,75.51359,334.81,0.44,0.39,2020-11-08,749,N,VIIRS,n,2,304.71,24.58,D,0
30.42206,75.74089,339,0.44,0.38,2020-11-08,749,N,VIIRS,n,2,305.52,4.64,D,0
30.42276,76.22633,334.91,0.42,0.38,2020-11-08,749,N,VIIRS,l,2,306.38,5.95,D,0
30.42306,75.28296,343.28,0.45,0.39,2020-11-08,749,N,VIIRS,n,2,305.22,10.62,D,0
30.42354,75.64638,332.66,0.44,0.38,2020-11-08,749,N,VIIRS,n,2,301.48,2.03,D,0
30.42382,75.02089,340.72,0.46,0.39,2020-11-08,749,N,VIIRS,n,2,306.14,8.23,D,0
30.42418,75.94293,342.5,0.43,0.38,2020-11-08,749,N,VIIRS,n,2,307.06,14.01,D,0
30.42473,76.0714,336.63,0.43,0.38,2020-11-08,749,N,VIIRS,n,2,306.16,2.66,D,0
30.42499,75.28085,333.23,0.45,0.39,2020-11-08,749,N,VIIRS,n,2,301.9,5.03,D,0
30.42605,75.23824,336.44,0.46,0.39,2020-11-08,749,N,VIIRS,n,2,306.98,4.86,D,0
30.42633,75.19889,330.63,0.46,0.39,2020-11-08,749,N,VIIRS,n,2,304.56,4.89,D,0
30.4266,75.28212,338,0.45,0.39,2020-11-08,749,N,VIIRS,n,2,304.37,9.05,D,0
30.42675,75.35345,333.24,0.45,0.39,2020-11-08,749,N,VIIRS,l,2,305.22,2.97,D,0
30.42675,75.6645,339.59,0.44,0.38,2020-11-08,749,N,VIIRS,n,2,304.49,6.82,D,0
30.4271,75.58389,341.82,0.44,0.39,2020-11-08,749,N,VIIRS,n,2,300.84,6.39,D,0
30.42716,76.35574,343.19,0.42,0.37,2020-11-08,749,N,VIIRS,n,2,308.1,13.82,D,0
30.42719,75.20361,335.14,0.46,0.39,2020-11-08,749,N,VIIRS,n,2,307.61,7.64,D,0
30.42757,75.35811,333.53,0.45,0.39,2020-11-08,749,N,VIIRS,l,2,304.42,7.15,D,0
30.42775,75.71139,333.44,0.44,0.38,2020-11-08,749,N,VIIRS,n,2,303.1,3.45,D,0
30.42846,75.27191,347.52,0.45,0.39,2020-11-08,749,N,VIIRS,n,2,308.42,10.61,D,0
30.42961,75.23738,334.08,0.46,0.39,2020-11-08,749,N,VIIRS,n,2,304.71,4.86,D,0
30.42975,75.64019,337.45,0.44,0.38,2020-11-08,749,N,VIIRS,l,2,308.71,25.41,D,0
30.43029,75.35261,334.59,0.45,0.39,2020-11-08,749,N,VIIRS,l,2,306.04,2.97,D,0
30.4317,75.56854,347.31,0.44,0.39,2020-11-08,749,N,VIIRS,n,2,303.4,7.25,D,0
30.43188,75.16801,338.42,0.46,0.39,2020-11-08,749,N,VIIRS,n,2,302.93,4.14,D,0
30.43201,75.27106,347.26,0.45,0.39,2020-11-08,749,N,VIIRS,n,2,305.56,12.12,D,0
30.43284,75.8225,337.17,0.43,0.38,2020-11-08,749,N,VIIRS,n,2,305.74,8.18,D,0
30.43301,75.34711,332.41,0.45,0.39,2020-11-08,749,N,VIIRS,l,2,303.61,1.89,D,0
30.43407,75.3436,335.39,0.45,0.39,2020-11-08,749,N,VIIRS,n,2,303.53,4.64,D,0
30.43524,75.3093,339.17,0.45,0.39,2020-11-08,749,N,VIIRS,n,2,302.13,4.72,D,0
30.43575,75.3529,332.4,0.45,0.39,2020-11-08,749,N,VIIRS,n,2,303.62,4.1,D,0
30.43584,75.10768,333.49,0.46,0.39,2020-11-08,749,N,VIIRS,l,2,305.36,1.73,D,0
30.43632,75.02788,330.27,0.46,0.39,2020-11-08,749,N,VIIRS,l,2,304.27,2.13,D,0
30.43656,75.34626,330.72,0.45,0.39,2020-11-08,749,N,VIIRS,l,2,304.76,1.89,D,0
30.4367,75.11243,332.79,0.46,0.39,2020-11-08,749,N,VIIRS,n,2,302.69,3.7,D,0
30.43678,75.84485,333.7,0.43,0.38,2020-11-08,749,N,VIIRS,n,2,303.72,1.27,D,0
30.43719,75.03267,334.43,0.46,0.39,2020-11-08,749,N,VIIRS,n,2,303.56,3.21,D,0
30.43735,76.29062,333.48,0.42,0.38,2020-11-08,749,N,VIIRS,n,2,302.57,2.26,D,0
30.43738,75.35092,333.89,0.45,0.39,2020-11-08,749,N,VIIRS,n,2,303.41,1.89,D,0
30.43778,76.06384,342.84,0.43,0.38,2020-11-08,749,N,VIIRS,n,2,307.48,7.25,D,0
30.43865,75.62864,347.42,0.44,0.38,2020-11-08,749,N,VIIRS,n,2,305.24,9.11,D,0
30.43872,75.56689,333.21,0.44,0.39,2020-11-08,749,N,VIIRS,n,2,302.47,6.68,D,0
30.43879,75.30846,340.24,0.45,0.39,2020-11-08,749,N,VIIRS,n,2,307.15,23.12,D,0
30.43941,75.10682,330.16,0.46,0.39,2020-11-08,749,N,VIIRS,l,2,303.93,1.87,D,0
30.43945,75.63319,345.54,0.44,0.38,2020-11-08,749,N,VIIRS,n,2,303.94,3.34,D,0
30.43953,75.57146,334.21,0.44,0.39,2020-11-08,749,N,VIIRS,n,2,303.57,6.68,D,0
30.43979,75.04702,332.5,0.46,0.39,2020-11-08,749,N,VIIRS,n,2,301.08,3.09,D,0
30.43987,75.17102,336.56,0.46,0.39,2020-11-08,749,N,VIIRS,n,2,303.87,3.58,D,0
30.44018,75.98734,337.88,0.43,0.38,2020-11-08,749,N,VIIRS,n,2,305.48,3.19,D,0
30.44033,75.57602,343.13,0.44,0.39,2020-11-08,749,N,VIIRS,n,2,305.93,15.83,D,0
30.4409,75.01176,332.47,0.46,0.39,2020-11-08,749,N,VIIRS,n,2,303.76,1.62,D,0
30.44286,75.12583,342.6,0.46,0.39,2020-11-08,749,N,VIIRS,n,2,302.46,4.98,D,0
30.44333,75.55151,339.7,0.44,0.39,2020-11-08,749,N,VIIRS,n,2,305.31,4.39,D,0
30.44345,75.65588,336.17,0.44,0.38,2020-11-08,749,N,VIIRS,l,2,306.51,5.51,D,0
30.44383,75.88498,335.36,0.43,0.38,2020-11-08,749,N,VIIRS,l,2,306.13,13.83,D,0
30.44485,75.82903,341.33,0.43,0.38,2020-11-08,749,N,VIIRS,l,2,312.36,19.72,D,0
30.44499,75.19934,345.72,0.46,0.39,2020-11-08,749,N,VIIRS,n,2,305.96,11.38,D,0
30.44597,75.81479,338.35,0.43,0.38,2020-11-08,749,N,VIIRS,n,2,306.17,3.84,D,0
30.44673,75.31143,335.55,0.45,0.39,2020-11-08,749,N,VIIRS,n,2,302.82,8.42,D,0
30.44709,75.02528,331.33,0.46,0.39,2020-11-08,749,N,VIIRS,n,2,304.72,2.42,D,0
30.44736,75.57436,344.99,0.44,0.39,2020-11-08,749,N,VIIRS,n,2,307.63,8.97,D,0
30.44833,75.82822,338.04,0.43,0.38,2020-11-08,749,N,VIIRS,n,2,302.85,19.72,D,0
30.44852,75.49774,332.23,0.45,0.39,2020-11-08,749,N,VIIRS,n,2,303.58,5.02,D,0
30.44852,75.91167,339.52,0.43,0.38,2020-11-08,749,N,VIIRS,n,2,301.95,4.74,D,0
30.44856,75.19849,346.14,0.46,0.39,2020-11-08,749,N,VIIRS,n,2,304.75,9.91,D,0
30.44933,75.50234,335.67,0.44,0.39,2020-11-08,749,N,VIIRS,n,2,303.55,5.02,D,0
30.44991,75.34954,332.55,0.45,0.39,2020-11-08,749,N,VIIRS,l,2,302.74,13.45,D,0
30.45043,75.90197,331.6,0.43,0.38,2020-11-08,749,N,VIIRS,n,2,304.6,4.55,D,0
30.45121,75.90642,333.32,0.43,0.38,2020-11-08,749,N,VIIRS,n,2,304.94,4.55,D,0
30.45146,75.53529,332.47,0.44,0.39,2020-11-08,749,N,VIIRS,l,2,306.12,1.81,D,0
30.4518,75.23698,340.31,0.46,0.39,2020-11-08,749,N,VIIRS,n,2,308.69,14.2,D,0
30.452,75.09386,334.36,0.46,0.39,2020-11-08,749,N,VIIRS,n,2,303.63,3.35,D,0
30.45259,75.83187,331.44,0.43,0.38,2020-11-08,749,N,VIIRS,l,2,304.66,2.29,D,0
30.45281,75.22204,336.03,0.46,0.39,2020-11-08,749,N,VIIRS,n,2,302.83,3.37,D,0
30.45332,75.26598,334.28,0.45,0.39,2020-11-08,749,N,VIIRS,n,2,303.92,3.26,D,0
30.45347,75.87811,334.53,0.43,0.38,2020-11-08,749,N,VIIRS,n,2,304.49,3.75,D,0
30.4539,75.90117,342.79,0.43,0.38,2020-11-08,749,N,VIIRS,n,2,304.56,4.55,D,0
30.45417,75.52988,347.4,0.44,0.39,2020-11-08,749,N,VIIRS,n,2,305.55,7.61,D,0
30.45443,75.128,342.92,0.46,0.39,2020-11-08,749,N,VIIRS,n,2,305.74,7.65,D,0
30.45513,75.35799,333.34,0.45,0.39,2020-11-08,749,N,VIIRS,n,2,304.84,1.85,D,0
30.45552,75.95158,332.67,0.43,0.38,2020-11-08,749,N,VIIRS,n,2,302.09,1.77,D,0
30.4557,75.70486,338.7,0.44,0.38,2020-11-08,749,N,VIIRS,n,2,302.37,2.82,D,0
30.45676,76.06143,330.44,0.43,0.38,2020-11-08,749,N,VIIRS,l,2,304.68,2.58,D,0
30.45699,75.01789,330.63,0.46,0.39,2020-11-08,749,N,VIIRS,n,2,302.31,2.3,D,0
30.4573,75.10252,333.64,0.46,0.39,2020-11-08,749,N,VIIRS,n,2,304.08,3.54,D,0
30.45786,75.02268,331.38,0.46,0.39,2020-11-08,749,N,VIIRS,n,2,302.76,2.3,D,0
30.45809,75.41528,330.89,0.45,0.39,2020-11-08,749,N,VIIRS,l,2,305.49,5.23,D,0
30.46044,75.73192,338.41,0.44,0.38,2020-11-08,749,N,VIIRS,n,2,303.87,2.99,D,0
30.46095,75.65176,346.33,0.44,0.38,2020-11-08,749,N,VIIRS,n,2,308.29,8.96,D,0
30.46123,75.73643,333.43,0.44,0.38,2020-11-08,749,N,VIIRS,n,2,302.95,2.99,D,0
30.46213,76.05106,335.6,0.43,0.38,2020-11-08,749,N,VIIRS,n,2,302.75,2.33,D,0
30.46281,75.53738,335.49,0.44,0.39,2020-11-08,749,N,VIIRS,n,2,305.44,3.4,D,0
30.46312,75.5182,334.51,0.44,0.39,2020-11-08,749,N,VIIRS,l,2,306.52,5.92,D,0
30.4633,75.01136,333.74,0.46,0.39,2020-11-08,749,N,VIIRS,n,2,303.75,5.46,D,0
30.46343,75.32204,333.47,0.45,0.39,2020-11-08,749,N,VIIRS,n,2,303.27,6.11,D,0
30.4638,75.283,340.6,0.45,0.39,2020-11-08,749,N,VIIRS,n,2,309.82,6.81,D,0
30.46392,75.5228,334.41,0.44,0.39,2020-11-08,749,N,VIIRS,l,2,305.88,9.54,D,0
30.46417,75.01616,334.2,0.46,0.39,2020-11-08,749,N,VIIRS,n,2,305.71,10.06,D,0
30.465,75.14525,342.65,0.46,0.39,2020-11-08,749,N,VIIRS,n,2,307.04,12.87,D,0
30.46515,75.12542,335.38,0.46,0.39,2020-11-08,749,N,VIIRS,n,2,304.03,3.19,D,0
30.46524,75.65546,345.89,0.44,0.38,2020-11-08,749,N,VIIRS,n,2,308.14,10.32,D,0
30.46574,75.51903,349.93,0.44,0.39,2020-11-08,749,N,VIIRS,n,2,309.3,24.3,D,0
30.46575,75.35548,345.47,0.45,0.39,2020-11-08,749,N,VIIRS,n,2,306.97,10.99,D,0
30.46663,75.51737,339.51,0.44,0.39,2020-11-08,749,N,VIIRS,n,2,305.55,5.92,D,0
30.46735,75.28216,333.71,0.45,0.39,2020-11-08,749,N,VIIRS,n,2,302.47,6.81,D,0
30.46785,75.40814,339.88,0.45,0.39,2020-11-08,749,N,VIIRS,n,2,307.34,5.95,D,0
30.46868,75.41277,343.14,0.45,0.39,2020-11-08,749,N,VIIRS,n,2,305.35,5.95,D,0
30.46872,75.12456,331.06,0.46,0.39,2020-11-08,749,N,VIIRS,l,2,302.12,3.19,D,0
30.4688,75.55645,335.64,0.44,0.39,2020-11-08,749,N,VIIRS,n,2,306.14,5.53,D,0
30.46929,75.35463,341,0.45,0.39,2020-11-08,749,N,VIIRS,n,2,309.05,20.11,D,0
30.46953,75.55487,338.99,0.44,0.39,2020-11-08,749,N,VIIRS,n,2,306.39,4.69,D,0
30.46962,75.84651,338.38,0.43,0.38,2020-11-08,749,N,VIIRS,n,2,303.99,6.98,D,0
30.47019,75.04966,332.82,0.46,0.39,2020-11-08,749,N,VIIRS,n,2,302.35,4.17,D,0
30.47055,75.40269,333.29,0.45,0.39,2020-11-08,749,N,VIIRS,l,2,305.83,4.21,D,0
30.47179,75.45054,336.84,0.45,0.39,2020-11-08,749,N,VIIRS,n,2,306.38,13.39,D,0
30.47209,75.98458,331.6,0.43,0.38,2020-11-08,749,N,VIIRS,n,2,302.84,1.66,D,0
30.47221,75.01921,333.29,0.46,0.39,2020-11-08,749,N,VIIRS,n,2,306.07,8.87,D,0
30.47307,75.02401,337.65,0.46,0.39,2020-11-08,749,N,VIIRS,n,2,301.44,9.54,D,0
30.47332,75.21222,334.22,0.46,0.39,2020-11-08,749,N,VIIRS,n,2,303.44,3.1,D,0
30.47359,75.52195,335.09,0.44,0.39,2020-11-08,749,N,VIIRS,n,2,306.9,3.34,D,0
30.47382,75.50277,334.15,0.44,0.39,2020-11-08,749,N,VIIRS,l,2,304.19,4.01,D,0
30.47429,75.38248,340.2,0.45,0.39,2020-11-08,749,N,VIIRS,n,2,309.23,9.05,D,0
30.47463,75.05357,333.97,0.46,0.39,2020-11-08,749,N,VIIRS,n,2,303.53,5.17,D,0
30.4747,75.34364,343.71,0.45,0.39,2020-11-08,749,N,VIIRS,n,2,304.65,6.35,D,0
30.47517,76.04348,339.33,0.43,0.38,2020-11-08,749,N,VIIRS,n,2,304.42,3.42,D,0
30.47531,75.44971,341.21,0.45,0.39,2020-11-08,749,N,VIIRS,n,2,308.2,13.39,D,0
30.47614,75.45432,335,0.45,0.39,2020-11-08,749,N,VIIRS,n,2,303.64,14.36,D,0
30.4768,75.00308,332.65,0.46,0.39,2020-11-08,749,N,VIIRS,n,2,300.94,3.11,D,0
30.47707,75.95121,331.83,0.43,0.38,2020-11-08,749,N,VIIRS,n,2,302.07,2.01,D,0
30.47755,75.74667,331.71,0.44,0.38,2020-11-08,749,N,VIIRS,l,2,304.96,4.84,D,0
30.4778,75.00491,336.54,0.46,0.39,2020-11-08,749,N,VIIRS,n,2,301.91,2.87,D,0
30.47834,75.75117,333.83,0.44,0.38,2020-11-08,749,N,VIIRS,n,2,304.57,4.84,D,0
30.47837,75.03271,345.59,0.46,0.39,2020-11-08,749,N,VIIRS,n,2,307.11,9.41,D,0
30.47991,75.35211,333.29,0.45,0.39,2020-11-08,749,N,VIIRS,l,2,304.45,7.84,D,0
30.48131,75.11163,339.44,0.46,0.39,2020-11-08,749,N,VIIRS,n,2,304.45,5.59,D,0
30.48169,76.01907,334.04,0.43,0.38,2020-11-08,749,N,VIIRS,n,2,302.79,2.46,D,0
30.48196,75.03185,339.18,0.46,0.39,2020-11-08,749,N,VIIRS,n,2,300.23,9.41,D,0
30.48222,76.22815,331.41,0.42,0.38,2020-11-08,749,N,VIIRS,n,2,304.05,1.77,D,0
30.48246,75.98218,334.32,0.43,0.38,2020-11-08,749,N,VIIRS,n,2,305.31,3.89,D,0
30.48317,75.59582,344.45,0.44,0.38,2020-11-08,749,N,VIIRS,n,2,311.09,20.6,D,0
30.48323,75.9866,333.09,0.43,0.38,2020-11-08,749,N,VIIRS,n,2,303.45,4.65,D,0
30.48379,75.47649,336.36,0.45,0.39,2020-11-08,749,N,VIIRS,n,2,305.78,6.3,D,0
30.48398,75.67937,338.84,0.44,0.38,2020-11-08,749,N,VIIRS,n,2,306.19,4.6,D,0
30.48477,75.68391,339.3,0.44,0.38,2020-11-08,749,N,VIIRS,n,2,304.1,4.6,D,0
30.48479,75.60491,333.23,0.44,0.38,2020-11-08,749,N,VIIRS,n,2,305.88,2.77,D,0
30.48505,75.58589,334.83,0.44,0.38,2020-11-08,749,N,VIIRS,n,2,304.92,6.37,D,0
30.48573,75.11552,333.5,0.46,0.39,2020-11-08,749,N,VIIRS,l,2,304.36,3.36,D,0
30.48682,76.21355,344.72,0.42,0.38,2020-11-08,749,N,VIIRS,n,2,307.05,6.97,D,0
30.48708,75.16464,338.24,0.46,0.39,2020-11-08,749,N,VIIRS,n,2,303.26,5.84,D,0
30.48913,75.13451,340.16,0.46,0.39,2020-11-08,749,N,VIIRS,n,2,310.44,24.32,D,0
30.49027,75.20325,339.76,0.46,0.39,2020-11-08,749,N,VIIRS,n,2,305.11,7.75,D,0
30.4904,76.37267,342.53,0.42,0.37,2020-11-08,749,N,VIIRS,n,2,304.59,4.25,D,0
30.49047,75.43169,339.39,0.45,0.39,2020-11-08,749,N,VIIRS,n,2,305.22,7.04,D,0
30.49153,75.06444,337.47,0.46,0.39,2020-11-08,749,N,VIIRS,n,2,303.52,3.52,D,0
30.49178,75.31528,333.76,0.45,0.39,2020-11-08,749,N,VIIRS,n,2,303.35,2.32,D,0
30.4927,75.13365,352.94,0.46,0.39,2020-11-08,749,N,VIIRS,n,2,315.07,24.32,D,0
30.49278,76.06227,346.75,0.43,0.38,2020-11-08,749,N,VIIRS,n,2,306.68,7.2,D,0
30.494,75.43085,340.76,0.45,0.39,2020-11-08,749,N,VIIRS,n,2,302.38,7.04,D,0
30.49472,75.84531,336.95,0.43,0.38,2020-11-08,749,N,VIIRS,n,2,302.88,2.3,D,0
30.49493,75.49778,334.98,0.44,0.39,2020-11-08,749,N,VIIRS,l,2,305.48,6.98,D,0
30.49511,75.33393,339.01,0.45,0.39,2020-11-08,749,N,VIIRS,n,2,302.84,3.41,D,0
30.49567,75.0206,345.66,0.46,0.39,2020-11-08,749,N,VIIRS,n,2,304.45,7.35,D,0
30.49705,75.8587,345.2,0.43,0.38,2020-11-08,749,N,VIIRS,n,2,308.62,25.98,D,0
30.49739,75.51154,337.18,0.44,0.39,2020-11-08,749,N,VIIRS,n,2,303.34,4.6,D,0
30.49777,75.16206,333.39,0.46,0.39,2020-11-08,749,N,VIIRS,n,2,299.9,3.89,D,0
30.49796,75.14227,336.76,0.46,0.39,2020-11-08,749,N,VIIRS,n,2,300.29,6.36,D,0
30.49887,75.23063,330.3,0.45,0.39,2020-11-08,749,N,VIIRS,l,2,302.74,3.25,D,0
30.49902,75.52071,330.62,0.44,0.39,2020-11-08,749,N,VIIRS,n,2,302.22,6.4,D,0
30.49933,75.56353,334.59,0.44,0.38,2020-11-08,749,N,VIIRS,n,2,307.13,6.32,D,0
30.49971,75.23533,333.52,0.45,0.39,2020-11-08,749,N,VIIRS,l,2,304.34,3.83,D,0
30.49983,75.52529,341.14,0.44,0.39,2020-11-08,749,N,VIIRS,n,2,309.92,19.64,D,0
30.50014,75.87653,332.41,0.43,0.38,2020-11-08,749,N,VIIRS,n,2,301.55,1.48,D,0
30.5005,75.15647,333.24,0.46,0.39,2020-11-08,749,N,VIIRS,n,2,301.61,3.54,D,0
30.50058,75.46772,334.02,0.45,0.39,2020-11-08,749,N,VIIRS,n,2,301.98,3.39,D,0
30.5009,75.51072,335.85,0.44,0.39,2020-11-08,749,N,VIIRS,n,2,304.89,4.6,D,0
30.50091,75.9641,333.3,0.43,0.38,2020-11-08,749,N,VIIRS,n,2,301.39,1.65,D,0
30.50097,75.63425,337.86,0.44,0.38,2020-11-08,749,N,VIIRS,n,2,307.27,3.44,D,0
30.50109,75.00929,333.77,0.46,0.39,2020-11-08,749,N,VIIRS,n,2,302.49,2.84,D,0
30.50134,75.1612,330.61,0.46,0.39,2020-11-08,749,N,VIIRS,n,2,300.12,3.54,D,0
30.50229,75.1382,341.96,0.46,0.39,2020-11-08,749,N,VIIRS,n,2,303.22,6.47,D,0
30.50231,75.6008,347.18,0.44,0.38,2020-11-08,749,N,VIIRS,n,2,309.65,20.37,D,0
30.50319,75.81075,341.92,0.43,0.38,2020-11-08,749,N,VIIRS,n,2,303.64,4.98,D,0
30.50324,75.31743,337.33,0.45,0.39,2020-11-08,749,N,VIIRS,n,2,304.27,3.56,D,0
30.50326,75.23447,335.4,0.45,0.39,2020-11-08,749,N,VIIRS,n,2,303.96,3.83,D,0
30.50442,75.06833,343.33,0.46,0.39,2020-11-08,749,N,VIIRS,n,2,305.32,14.49,D,0
30.50449,76.2951,336.27,0.42,0.38,2020-11-08,749,N,VIIRS,n,2,302.8,5.59,D,0
30.50466,75.73563,338.56,0.44,0.38,2020-11-08,749,N,VIIRS,n,2,303.66,1.65,D,0
30.50468,75.73688,339.56,0.44,0.38,2020-11-08,749,N,VIIRS,n,2,304.05,2.85,D,0
30.50496,75.71806,332.49,0.44,0.38,2020-11-08,749,N,VIIRS,n,2,303.26,1.9,D,0
30.50564,75.41365,344.79,0.45,0.39,2020-11-08,749,N,VIIRS,n,2,307.51,19,D,0
30.50582,75.59997,344,0.44,0.38,2020-11-08,749,N,VIIRS,n,2,302.25,9,D,0
30.50811,75.42751,346.82,0.45,0.39,2020-11-08,749,N,VIIRS,n,2,306.44,9.13,D,0
30.50822,75.34536,336.75,0.45,0.39,2020-11-08,749,N,VIIRS,l,2,310.09,28.71,D,0
30.50882,75.36945,341.78,0.45,0.39,2020-11-08,749,N,VIIRS,n,2,303.99,9.16,D,0
30.50914,75.01235,338.31,0.46,0.39,2020-11-08,749,N,VIIRS,n,2,307,5.3,D,0
30.50959,75.58011,334.07,0.44,0.38,2020-11-08,749,N,VIIRS,l,2,308.27,5.92,D,0
30.5103,76.12206,339.01,0.42,0.38,2020-11-08,749,N,VIIRS,n,2,306.88,5.43,D,0
30.51105,75.40273,330.35,0.45,0.39,2020-11-08,749,N,VIIRS,n,2,302.6,2.64,D,0
30.5112,75.1539,342.24,0.46,0.39,2020-11-08,749,N,VIIRS,n,2,300.48,3.16,D,0
30.51142,75.21781,337.8,0.46,0.39,2020-11-08,749,N,VIIRS,n,2,304.52,4.92,D,0
30.51167,75.04668,348.02,0.46,0.39,2020-11-08,749,N,VIIRS,n,2,308.05,8.54,D,0
30.51202,75.15068,332.05,0.46,0.39,2020-11-08,749,N,VIIRS,n,2,300.98,2.21,D,0
30.51213,75.13091,333.24,0.46,0.39,2020-11-08,749,N,VIIRS,n,2,302.65,3.55,D,0
30.51245,75.07137,347.18,0.46,0.39,2020-11-08,749,N,VIIRS,n,2,309.06,12.09,D,0
30.51294,75.39262,333.55,0.45,0.39,2020-11-08,749,N,VIIRS,n,2,301.57,2.39,D,0
30.51365,75.33437,337.8,0.45,0.39,2020-11-08,749,N,VIIRS,n,2,305.56,8.48,D,0
30.51389,76.03912,334.57,0.43,0.38,2020-11-08,749,N,VIIRS,n,2,307,2.5,D,0
30.51414,75.21226,335.74,0.46,0.39,2020-11-08,749,N,VIIRS,n,2,303.69,4.92,D,0
30.51447,75.33902,330.49,0.45,0.39,2020-11-08,749,N,VIIRS,l,2,301.98,2.75,D,0
30.51454,75.25624,342.55,0.45,0.39,2020-11-08,749,N,VIIRS,n,2,303.17,5.09,D,0
30.51495,75.10549,337.99,0.46,0.39,2020-11-08,749,N,VIIRS,n,2,306.41,12.83,D,0
30.51498,75.21696,340.44,0.46,0.39,2020-11-08,749,N,VIIRS,n,2,302.74,4.92,D,0
30.51523,75.20894,336.32,0.46,0.39,2020-11-08,749,N,VIIRS,n,2,303.18,3.95,D,0
30.51603,75.0705,344.95,0.46,0.39,2020-11-08,749,N,VIIRS,n,2,301.59,12.09,D,0
30.51764,75.29453,333.69,0.45,0.39,2020-11-08,749,N,VIIRS,l,2,303.84,3.75,D,0
30.51783,75.72912,347.1,0.44,0.38,2020-11-08,749,N,VIIRS,n,2,306.18,9.56,D,0
30.5181,75.25538,343.92,0.45,0.39,2020-11-08,749,N,VIIRS,n,2,303.09,7.77,D,0
30.51851,76.02432,331.19,0.43,0.38,2020-11-08,749,N,VIIRS,l,2,304.6,2.86,D,0
30.51927,75.12919,334.86,0.46,0.39,2020-11-08,749,N,VIIRS,n,2,304.92,3.98,D,0
30.51939,76.44363,350.96,0.41,0.37,2020-11-08,749,N,VIIRS,n,2,312.89,31.03,D,0
30.5199,75.00975,340.54,0.46,0.39,2020-11-08,749,N,VIIRS,n,2,308.6,12.21,D,0
30.52013,75.30853,345.51,0.45,0.39,2020-11-08,749,N,VIIRS,n,2,306.9,10.06,D,0
30.5203,76.09702,342.21,0.42,0.38,2020-11-08,749,N,VIIRS,n,2,306.2,8.93,D,0
30.52049,75.21748,341.15,0.45,0.39,2020-11-08,749,N,VIIRS,n,2,303.92,75.01,D,0
30.52077,75.01454,333.73,0.46,0.39,2020-11-08,749,N,VIIRS,n,2,302.25,8.54,D,0
30.52111,75.6861,336.87,0.44,0.38,2020-11-08,749,N,VIIRS,n,2,305.01,3.29,D,0
30.52151,75.77039,332.03,0.43,0.38,2020-11-08,749,N,VIIRS,l,2,302.95,4.55,D,0
30.52221,75.08392,332.77,0.46,0.39,2020-11-08,749,N,VIIRS,n,2,301.7,3.97,D,0
30.52235,76.29553,335.41,0.42,0.38,2020-11-08,749,N,VIIRS,n,2,303.69,4.73,D,0
30.52248,75.25922,339.98,0.45,0.39,2020-11-08,749,N,VIIRS,n,2,303.48,3.79,D,0
30.523,75.67625,340.06,0.44,0.38,2020-11-08,749,N,VIIRS,n,2,302.8,2.43,D,0
30.5236,75.45268,335.12,0.45,0.39,2020-11-08,749,N,VIIRS,n,2,305.52,2.81,D,0
30.52426,75.03367,333.44,0.46,0.39,2020-11-08,749,N,VIIRS,n,2,301.56,3.84,D,0
30.52441,75.45728,334.78,0.45,0.39,2020-11-08,749,N,VIIRS,l,2,306.97,2.81,D,0
30.5245,75.31236,335.19,0.45,0.39,2020-11-08,749,N,VIIRS,n,2,305.59,10.06,D,0
30.52498,75.5432,340.73,0.44,0.39,2020-11-08,749,N,VIIRS,n,2,302.67,7.87,D,0
30.52641,75.12749,334.96,0.46,0.39,2020-11-08,749,N,VIIRS,n,2,305.59,6.05,D,0
30.52685,75.59503,346.38,0.44,0.38,2020-11-08,749,N,VIIRS,n,2,304.77,13.28,D,0
30.52702,75.17171,335.34,0.46,0.39,2020-11-08,749,N,VIIRS,n,2,304.51,3.73,D,0
30.52712,75.45184,334.71,0.45,0.39,2020-11-08,749,N,VIIRS,n,2,306.1,2.81,D,0
30.52741,75.4949,334.21,0.44,0.39,2020-11-08,749,N,VIIRS,l,2,305.06,3.57,D,0
30.52765,75.59959,334.11,0.44,0.38,2020-11-08,749,N,VIIRS,l,2,305.93,13.28,D,0
30.52784,75.03281,333.71,0.46,0.39,2020-11-08,749,N,VIIRS,n,2,300.26,8.17,D,0
30.52794,75.45645,334.16,0.45,0.39,2020-11-08,749,N,VIIRS,l,2,304.28,2.81,D,0
30.52822,75.49948,333.89,0.44,0.39,2020-11-08,749,N,VIIRS,l,2,304.53,4.46,D,0
30.52889,75.68897,338.06,0.44,0.38,2020-11-08,749,N,VIIRS,n,2,307.47,5.5,D,0
30.53031,75.21024,334.38,0.46,0.39,2020-11-08,749,N,VIIRS,l,2,305.19,2.99,D,0
30.53035,75.59421,334.45,0.44,0.38,2020-11-08,749,N,VIIRS,l,2,306.26,13.28,D,0
30.53142,75.03194,345.75,0.46,0.39,2020-11-08,749,N,VIIRS,n,2,305.1,8.17,D,0
30.53174,75.49865,333.74,0.44,0.39,2020-11-08,749,N,VIIRS,n,2,303.13,5.62,D,0
30.53218,75.05667,338.63,0.46,0.39,2020-11-08,749,N,VIIRS,n,2,305.94,5.75,D,0
30.53306,75.40232,332.91,0.45,0.39,2020-11-08,749,N,VIIRS,l,2,305.15,9.34,D,0
30.53308,76.1713,331.57,0.42,0.38,2020-11-08,749,N,VIIRS,l,2,301.72,1.75,D,0
30.53363,75.48863,336.88,0.44,0.39,2020-11-08,749,N,VIIRS,n,2,302.86,7.73,D,0
30.53398,75.69717,330.66,0.44,0.38,2020-11-08,749,N,VIIRS,l,2,304.91,4.49,D,0
30.53408,75.63592,334.98,0.44,0.38,2020-11-08,749,N,VIIRS,l,2,308.17,3.43,D,0
30.53478,75.70169,340.29,0.44,0.38,2020-11-08,749,N,VIIRS,n,2,304.29,4.49,D,0
30.53576,75.05581,337.92,0.46,0.39,2020-11-08,749,N,VIIRS,n,2,302.7,5.75,D,0
30.53758,75.63509,334.84,0.44,0.38,2020-11-08,749,N,VIIRS,l,2,307.08,3.43,D,0
30.53766,75.38673,332.32,0.45,0.39,2020-11-08,749,N,VIIRS,n,2,302.68,3.28,D,0
30.53805,76.03355,330.25,0.43,0.38,2020-11-08,749,N,VIIRS,n,2,304.05,3.69,D,0
30.53848,75.39137,334.2,0.45,0.39,2020-11-08,749,N,VIIRS,n,2,305.88,5.58,D,0
30.53859,75.03021,339.62,0.46,0.39,2020-11-08,749,N,VIIRS,n,2,302.48,8.22,D,0
30.53867,75.30897,333.78,0.45,0.39,2020-11-08,749,N,VIIRS,l,2,304.72,1.79,D,0
30.53881,76.03796,335.28,0.43,0.38,2020-11-08,749,N,VIIRS,n,2,302.41,5,D,0
30.53897,75.11458,351.16,0.46,0.39,2020-11-08,749,N,VIIRS,n,2,308.31,16.7,D,0
30.54067,75.4246,335.36,0.45,0.39,2020-11-08,749,N,VIIRS,l,2,308,8.24,D,0
30.54105,75.31019,335.11,0.45,0.39,2020-11-08,749,N,VIIRS,n,2,303.38,4.62,D,0
30.54107,75.06447,341.39,0.46,0.39,2020-11-08,749,N,VIIRS,n,2,304.54,11.04,D,0
30.5413,75.02457,344.52,0.46,0.39,2020-11-08,749,N,VIIRS,n,2,304.37,12.85,D,0
30.5415,76.03275,332.48,0.43,0.38,2020-11-08,749,N,VIIRS,n,2,304.99,3.69,D,0
30.54226,76.03716,334.14,0.43,0.38,2020-11-08,749,N,VIIRS,n,2,304.98,5,D,0
30.54305,75.56272,335.2,0.44,0.38,2020-11-08,749,N,VIIRS,n,2,303.81,3.31,D,0
30.5431,75.50074,346.85,0.44,0.39,2020-11-08,749,N,VIIRS,n,2,305.24,8.73,D,0
30.54315,75.01414,336.8,0.46,0.39,2020-11-08,749,N,VIIRS,n,2,305.83,5.18,D,0
30.54419,75.42375,331.38,0.45,0.39,2020-11-08,749,N,VIIRS,l,2,306.37,8.24,D,0
30.54499,75.36566,344.59,0.45,0.39,2020-11-08,749,N,VIIRS,n,2,304.89,6.46,D,0
30.54556,75.78345,332.37,0.43,0.38,2020-11-08,749,N,VIIRS,n,2,301.38,2.04,D,0
30.54617,75.64252,343.84,0.44,0.38,2020-11-08,749,N,VIIRS,n,2,310.31,10.72,D,0
30.54639,75.19658,330.68,0.46,0.39,2020-11-08,749,N,VIIRS,n,2,304.14,1.8,D,0
30.54676,75.36214,333.99,0.45,0.39,2020-11-08,749,N,VIIRS,n,2,303.89,6.31,D,0
30.54736,75.05798,337.15,0.46,0.39,2020-11-08,749,N,VIIRS,n,2,303.95,3.96,D,0
30.54936,75.76387,334.51,0.43,0.38,2020-11-08,749,N,VIIRS,n,2,302.19,2.51,D,0
30.55076,75.40462,336.29,0.45,0.39,2020-11-08,749,N,VIIRS,n,2,302.45,3.17,D,0
30.5508,75.73078,334.34,0.44,0.38,2020-11-08,749,N,VIIRS,n,2,305.19,6.42,D,0
30.55152,75.40273,337.84,0.45,0.39,2020-11-08,749,N,VIIRS,n,2,303.88,2.22,D,0
30.55243,75.41385,337.58,0.45,0.39,2020-11-08,749,N,VIIRS,n,2,303.52,2.9,D,0
30.55396,75.41661,332.18,0.45,0.39,2020-11-08,749,N,VIIRS,n,2,301.83,2.52,D,0
30.55413,75.68775,336.03,0.44,0.38,2020-11-08,749,N,VIIRS,n,2,306.32,3.79,D,0
30.55429,75.72997,334.76,0.44,0.38,2020-11-08,749,N,VIIRS,n,2,304.93,6.42,D,0
30.55569,75.35034,338.22,0.45,0.39,2020-11-08,749,N,VIIRS,n,2,305.1,8.62,D,0
30.55641,75.27245,333.05,0.45,0.39,2020-11-08,749,N,VIIRS,l,2,303.89,2.39,D,0
30.55648,75.59753,333.92,0.44,0.38,2020-11-08,749,N,VIIRS,n,2,305.52,2.93,D,0
30.55653,75.35498,335.16,0.45,0.39,2020-11-08,749,N,VIIRS,n,2,304.79,8.62,D,0
30.55674,75.2333,331.87,0.45,0.39,2020-11-08,749,N,VIIRS,l,2,302.89,1.68,D,0
30.55737,75.35962,332.46,0.45,0.39,2020-11-08,749,N,VIIRS,n,2,303.67,2.4,D,0
30.55761,76.37707,335.45,0.42,0.37,2020-11-08,749,N,VIIRS,n,2,304.37,1.84,D,0
30.55938,75.1245,334.47,0.46,0.39,2020-11-08,749,N,VIIRS,n,2,304.56,3.93,D,0
30.55978,75.29115,341.92,0.45,0.39,2020-11-08,749,N,VIIRS,n,2,304.12,7.61,D,0
30.56004,76.41217,342.48,0.41,0.37,2020-11-08,749,N,VIIRS,n,2,304,3.64,D,0
30.56038,75.10942,333,0.46,0.39,2020-11-08,749,N,VIIRS,n,2,303.75,2.67,D,0
30.56047,75.62025,331.65,0.44,0.38,2020-11-08,749,N,VIIRS,n,2,304.29,5.43,D,0
30.56102,76.37629,340.79,0.42,0.37,2020-11-08,749,N,VIIRS,n,2,305.6,5.68,D,0
30.56124,75.11417,334.1,0.46,0.39,2020-11-08,749,N,VIIRS,n,2,303.57,4.65,D,0
30.56124,76.46082,331.73,0.41,0.37,2020-11-08,749,N,VIIRS,n,2,300.84,1.98,D,0
30.56127,75.62479,341.26,0.44,0.38,2020-11-08,749,N,VIIRS,n,2,305.87,12.03,D,0
30.56328,75.94617,330.49,0.43,0.38,2020-11-08,749,N,VIIRS,n,2,303.21,2.27,D,0
30.56332,75.2903,346.67,0.45,0.39,2020-11-08,749,N,VIIRS,n,2,303.66,7.61,D,0
30.56434,75.17261,333.75,0.46,0.39,2020-11-08,749,N,VIIRS,l,2,304.09,5.54,D,0
30.56489,76.03757,342.73,0.43,0.38,2020-11-08,749,N,VIIRS,n,2,304.84,5.29,D,0
30.56496,75.09346,337.52,0.46,0.39,2020-11-08,749,N,VIIRS,n,2,309.73,31.01,D,0
30.56634,75.42979,334.1,0.45,0.39,2020-11-08,749,N,VIIRS,n,2,304.98,3.29,D,0
30.56674,75.39119,336.05,0.45,0.39,2020-11-08,749,N,VIIRS,n,2,304.27,4.8,D,0
30.56689,75.18675,333.39,0.46,0.39,2020-11-08,749,N,VIIRS,n,2,302.76,1.23,D,0
30.56811,75.02807,337.94,0.46,0.39,2020-11-08,749,N,VIIRS,n,2,302.54,3.19,D,0
30.56834,76.03678,339.97,0.43,0.38,2020-11-08,749,N,VIIRS,n,2,303.52,3.25,D,0
30.56921,75.6701,332.98,0.44,0.38,2020-11-08,749,N,VIIRS,n,2,302.89,4.14,D,0
30.57,75.67461,333.2,0.44,0.38,2020-11-08,749,N,VIIRS,l,2,303.76,4.14,D,0
30.57027,75.39035,349.25,0.45,0.39,2020-11-08,749,N,VIIRS,n,2,310.73,19.84,D,0
30.57169,75.02721,342.48,0.46,0.39,2020-11-08,749,N,VIIRS,n,2,301.81,5.4,D,0
30.57179,75.13139,342.58,0.46,0.39,2020-11-08,749,N,VIIRS,n,2,307.47,16.58,D,0
30.57273,75.32206,336.2,0.45,0.39,2020-11-08,749,N,VIIRS,n,2,305.47,9.06,D,0
30.57357,75.32671,333.09,0.45,0.39,2020-11-08,749,N,VIIRS,l,2,304.82,8.16,D,0
30.57378,75.47119,336.52,0.44,0.39,2020-11-08,749,N,VIIRS,n,2,304.5,4.87,D,0
30.57427,75.04153,345.22,0.46,0.39,2020-11-08,749,N,VIIRS,n,2,304.82,6.96,D,0
30.57467,75.10597,335.8,0.46,0.39,2020-11-08,749,N,VIIRS,n,2,304.61,2.27,D,0
30.57498,75.06624,331.15,0.46,0.39,2020-11-08,749,N,VIIRS,n,2,302.63,1.77,D,0
30.57541,75.66393,344.34,0.44,0.38,2020-11-08,749,N,VIIRS,n,2,306.06,4.37,D,0
30.57542,75.00632,351.43,0.46,0.39,2020-11-08,749,N,VIIRS,n,2,315.4,43.74,D,0
30.57618,75.23841,342.21,0.45,0.39,2020-11-08,749,N,VIIRS,n,2,308.14,21.23,D,0
30.57628,75.01111,335.27,0.46,0.39,2020-11-08,749,N,VIIRS,l,2,306.21,10.8,D,0
30.57688,75.77613,337.03,0.43,0.38,2020-11-08,749,N,VIIRS,n,2,305.49,2.94,D,0
30.57706,75.14001,348.5,0.46,0.39,2020-11-08,749,N,VIIRS,n,2,303.96,5.52,D,0
30.5773,75.47035,330.1,0.44,0.39,2020-11-08,749,N,VIIRS,n,2,303.4,1.2,D,0
30.57823,75.10512,344.23,0.46,0.39,2020-11-08,749,N,VIIRS,n,2,309.65,27.74,D,0
30.57823,75.20856,340.71,0.45,0.39,2020-11-08,749,N,VIIRS,n,2,305.31,5.34,D,0
30.57833,75.29157,343.97,0.45,0.39,2020-11-08,749,N,VIIRS,n,2,303.85,7.66,D,0
30.57852,75.27204,340.67,0.45,0.39,2020-11-08,749,N,VIIRS,n,2,306.93,5.11,D,0
30.57864,76.11646,334.46,0.42,0.38,2020-11-08,749,N,VIIRS,n,2,304.3,2.85,D,0
30.57872,75.49871,336.6,0.44,0.39,2020-11-08,749,N,VIIRS,n,2,304.05,7.06,D,0
30.57876,75.14946,331.5,0.46,0.39,2020-11-08,749,N,VIIRS,n,2,301.02,2.79,D,0
30.57908,75.21326,336.39,0.45,0.39,2020-11-08,749,N,VIIRS,n,2,302.61,5.34,D,0
30.57917,75.29623,337.71,0.45,0.39,2020-11-08,749,N,VIIRS,n,2,306.19,5.95,D,0
30.57973,75.23757,347.58,0.45,0.39,2020-11-08,749,N,VIIRS,n,2,303.3,10.2,D,0
30.57977,75.13441,346.24,0.46,0.39,2020-11-08,749,N,VIIRS,n,2,303.56,7.05,D,0
30.58001,75.3009,337.09,0.45,0.39,2020-11-08,749,N,VIIRS,n,2,304.16,5.95,D,0
30.5801,75.09476,336.13,0.46,0.39,2020-11-08,749,N,VIIRS,n,2,307.39,4.45,D,0
30.58018,75.91922,333.43,0.43,0.38,2020-11-08,749,N,VIIRS,n,2,303.2,3.37,D,0
30.58062,75.13914,333.35,0.46,0.39,2020-11-08,749,N,VIIRS,n,2,301.18,5.52,D,0
30.58084,75.30556,335.57,0.45,0.39,2020-11-08,749,N,VIIRS,n,2,305.06,2.57,D,0
30.58232,75.14859,330.8,0.46,0.39,2020-11-08,749,N,VIIRS,l,2,301.05,2.79,D,0
30.58235,75.55975,334.08,0.44,0.38,2020-11-08,749,N,VIIRS,n,2,303.6,3.93,D,0
30.58244,75.55817,334.54,0.44,0.38,2020-11-08,749,N,VIIRS,n,2,303.92,2.37,D,0
30.58334,75.13355,330.2,0.46,0.39,2020-11-08,749,N,VIIRS,n,2,300.15,2.79,D,0
30.58347,75.21711,332.68,0.45,0.39,2020-11-08,749,N,VIIRS,n,2,302.8,2.67,D,0
30.58368,75.09391,346.97,0.46,0.39,2020-11-08,749,N,VIIRS,n,2,311.05,27.89,D,0
30.58436,75.11848,346.88,0.46,0.39,2020-11-08,749,N,VIIRS,n,2,302.72,6.33,D,0
30.58438,75.30471,345.37,0.45,0.39,2020-11-08,749,N,VIIRS,n,2,309.11,24.31,D,0
30.5845,75.20216,337.06,0.45,0.39,2020-11-08,749,N,VIIRS,n,2,302.4,4.98,D,0
30.5846,75.36764,343.67,0.45,0.39,2020-11-08,749,N,VIIRS,n,2,304.78,3.13,D,0
30.58542,75.28989,330.1,0.45,0.39,2020-11-08,749,N,VIIRS,l,2,303.02,3.98,D,0
30.58588,75.14774,341.8,0.46,0.39,2020-11-08,749,N,VIIRS,n,2,309.08,11.2,D,0
30.58592,76.0966,334.61,0.42,0.38,2020-11-08,749,N,VIIRS,n,2,304.91,2.2,D,0
30.58637,76.37945,343.75,0.42,0.37,2020-11-08,749,N,VIIRS,n,2,306.42,10.9,D,0
30.58642,75.58098,334.56,0.44,0.38,2020-11-08,749,N,VIIRS,n,2,302.03,1.83,D,0
30.58708,76.08267,340.78,0.42,0.38,2020-11-08,749,N,VIIRS,n,2,303.7,3.69,D,0
30.58711,76.04159,340.47,0.42,0.38,2020-11-08,749,N,VIIRS,n,2,303.3,5.26,D,0
30.58788,76.04598,334.62,0.42,0.38,2020-11-08,749,N,VIIRS,n,2,300.89,5.25,D,0
30.58876,75.30852,336.63,0.45,0.39,2020-11-08,749,N,VIIRS,l,2,309.03,24.31,D,0
30.58935,75.24993,335.19,0.45,0.39,2020-11-08,749,N,VIIRS,n,2,301.64,2.83,D,0
30.58944,75.14687,336.54,0.46,0.39,2020-11-08,749,N,VIIRS,n,2,302.85,11.2,D,0
30.5896,75.53903,334.86,0.44,0.38,2020-11-08,749,N,VIIRS,n,2,303.96,2.84,D,0
30.58979,75.10728,342.36,0.46,0.39,2020-11-08,749,N,VIIRS,n,2,303.27,3.52,D,0
30.5898,75.29369,354.01,0.45,0.39,2020-11-08,749,N,VIIRS,n,2,308.67,10.9,D,0
30.58992,75.5817,332.27,0.44,0.38,2020-11-08,749,N,VIIRS,n,2,301.79,1.82,D,0
30.59062,75.38069,336.52,0.45,0.39,2020-11-08,749,N,VIIRS,n,2,303.18,3.08,D,0
30.59198,75.16105,340.23,0.46,0.39,2020-11-08,749,N,VIIRS,n,2,304.3,6.37,D,0
30.59334,75.29285,341.42,0.45,0.39,2020-11-08,749,N,VIIRS,n,2,302.07,10.9,D,0
30.59337,75.10643,346.42,0.46,0.39,2020-11-08,749,N,VIIRS,n,2,307.05,15.09,D,0
30.59349,75.76759,333.87,0.43,0.38,2020-11-08,749,N,VIIRS,n,2,303.93,4.02,D,0
30.59474,75.83714,334.05,0.43,0.38,2020-11-08,749,N,VIIRS,n,2,302.42,2.88,D,0
30.59595,75.45157,332.94,0.44,0.39,2020-11-08,749,N,VIIRS,l,2,307.78,4,D,0
30.59643,75.06105,339.83,0.46,0.39,2020-11-08,749,N,VIIRS,n,2,303.65,4.41,D,0
30.59685,75.37438,339.31,0.45,0.39,2020-11-08,749,N,VIIRS,n,2,307.15,7.37,D,0
30.59734,75.06263,339.99,0.46,0.39,2020-11-08,749,N,VIIRS,n,2,304.53,7.71,D,0
30.59792,75.27716,341.13,0.45,0.39,2020-11-08,749,N,VIIRS,n,2,306.42,7.42,D,0
30.59863,75.11504,332.41,0.46,0.39,2020-11-08,749,N,VIIRS,l,2,304.01,2.27,D,0
30.60001,75.06019,330,0.46,0.39,2020-11-08,749,N,VIIRS,n,2,304.27,2.39,D,0
30.60038,75.37354,344.16,0.45,0.39,2020-11-08,749,N,VIIRS,n,2,303.85,7.37,D,0
30.60126,75.29583,338.81,0.45,0.39,2020-11-08,749,N,VIIRS,n,2,306.5,7.24,D,0
30.60304,75.11893,346.89,0.46,0.39,2020-11-08,749,N,VIIRS,n,2,302.65,6.21,D,0
30.60341,75.07922,330.12,0.46,0.39,2020-11-08,749,N,VIIRS,l,2,303.43,2.04,D,0
30.60435,75.16792,339.14,0.46,0.39,2020-11-08,749,N,VIIRS,n,2,302.26,3.42,D,0
30.60473,75.00108,332.74,0.46,0.39,2020-11-08,749,N,VIIRS,l,2,304.13,1.94,D,0
30.60622,75.15762,345.61,0.46,0.39,2020-11-08,749,N,VIIRS,n,2,302.92,6.34,D,0
30.60626,75.241,347.26,0.45,0.39,2020-11-08,749,N,VIIRS,n,2,302.47,4.8,D,0
30.60689,75.67686,333.91,0.44,0.38,2020-11-08,749,N,VIIRS,n,2,303.25,3.35,D,0
30.60713,75.71904,335.23,0.44,0.38,2020-11-08,749,N,VIIRS,n,2,302.31,3.37,D,0
30.60719,75.0553,346.03,0.46,0.39,2020-11-08,749,N,VIIRS,n,2,301.93,9.19,D,0
30.60872,75.48206,343.62,0.44,0.39,2020-11-08,749,N,VIIRS,n,2,307.03,12.59,D,0
30.60998,75.02975,338.15,0.46,0.39,2020-11-08,749,N,VIIRS,n,2,302.95,13.97,D,0
30.61006,75.71688,334.71,0.44,0.38,2020-11-08,749,N,VIIRS,n,2,302.77,4.23,D,0
30.61076,75.05444,336.29,0.46,0.39,2020-11-08,749,N,VIIRS,n,2,302.65,9.31,D,0
30.61085,75.03452,334.79,0.46,0.39,2020-11-08,749,N,VIIRS,l,2,305.89,24.68,D,0
30.61188,75.29329,343.17,0.45,0.39,2020-11-08,749,N,VIIRS,n,2,303.87,3.87,D,0
30.61354,75.13615,346.37,0.46,0.39,2020-11-08,749,N,VIIRS,n,2,304.53,19.87,D,0
30.61356,75.02888,344.3,0.46,0.39,2020-11-08,749,N,VIIRS,n,2,305.71,12.29,D,0
30.61437,75.30727,336.46,0.45,0.39,2020-11-08,749,N,VIIRS,n,2,304,3.62,D,0
30.61461,75.20474,347.07,0.45,0.39,2020-11-08,749,N,VIIRS,n,2,304.32,6.37,D,0
30.61479,75.13759,341.32,0.46,0.39,2020-11-08,749,N,VIIRS,n,2,312.07,32.15,D,0
30.61511,75.07819,331.82,0.46,0.39,2020-11-08,749,N,VIIRS,n,2,303.09,2.35,D,0
30.61608,75.06309,331.26,0.46,0.39,2020-11-08,749,N,VIIRS,l,2,302.39,0.98,D,0
30.61681,76.13037,341.21,0.42,0.38,2020-11-08,749,N,VIIRS,n,2,304.57,7.78,D,0
30.61711,75.13528,349.65,0.46,0.39,2020-11-08,749,N,VIIRS,n,2,312.4,19.87,D,0
30.61749,75.132,333.52,0.46,0.39,2020-11-08,749,N,VIIRS,n,2,302.15,7.54,D,0
30.61791,75.30642,335.55,0.45,0.39,2020-11-08,749,N,VIIRS,n,2,301.54,3.62,D,0
30.61836,75.13673,337.42,0.46,0.39,2020-11-08,749,N,VIIRS,n,2,302.59,7.54,D,0
30.61879,75.14474,345.7,0.46,0.39,2020-11-08,749,N,VIIRS,n,2,304.67,10.11,D,0
30.61898,75.18085,331.5,0.46,0.39,2020-11-08,749,N,VIIRS,l,2,303.28,3.3,D,0
30.61965,75.06223,331.11,0.46,0.39,2020-11-08,749,N,VIIRS,n,2,301.69,3.36,D,0
30.62008,75.14617,340.08,0.46,0.39,2020-11-08,749,N,VIIRS,n,2,305.99,8.61,D,0
30.62094,75.15089,337.26,0.46,0.39,2020-11-08,749,N,VIIRS,n,2,303.91,4.02,D,0
30.62252,75.4979,337.59,0.44,0.39,2020-11-08,749,N,VIIRS,n,2,302.93,4.16,D,0
30.62323,75.06136,339.2,0.46,0.39,2020-11-08,749,N,VIIRS,n,2,303.35,3.36,D,0
30.62365,75.14532,337.73,0.46,0.39,2020-11-08,749,N,VIIRS,n,2,307.03,8.61,D,0
30.6244,75.61145,332.16,0.44,0.38,2020-11-08,749,N,VIIRS,n,2,301.87,2.79,D,0
30.62451,75.15004,332.05,0.46,0.39,2020-11-08,749,N,VIIRS,n,2,300.24,4.02,D,0
30.62525,76.24147,331.6,0.42,0.38,2020-11-08,749,N,VIIRS,l,2,301.63,2.94,D,0
30.62632,75.93617,334.13,0.43,0.38,2020-11-08,749,N,VIIRS,n,2,303.11,4.87,D,0
30.62721,75.14446,346.1,0.46,0.39,2020-11-08,749,N,VIIRS,n,2,303.97,12.56,D,0
30.62766,75.06525,337.23,0.46,0.39,2020-11-08,749,N,VIIRS,n,2,308.71,12.38,D,0
30.62853,75.07,336.29,0.46,0.39,2020-11-08,749,N,VIIRS,n,2,305.13,4.15,D,0
30.62955,75.49623,331.12,0.44,0.39,2020-11-08,749,N,VIIRS,n,2,302.87,1.68,D,0
30.62981,75.89383,346.58,0.43,0.38,2020-11-08,749,N,VIIRS,n,2,306.09,10.19,D,0
30.62982,75.76516,336.29,0.43,0.38,2020-11-08,749,N,VIIRS,n,2,304.43,5.04,D,0
30.6301,75.24182,334.97,0.45,0.39,2020-11-08,749,N,VIIRS,n,2,303.33,19.73,D,0
30.63171,75.25932,332.52,0.45,0.39,2020-11-08,749,N,VIIRS,n,2,303.53,1.98,D,0
30.63171,75.75538,334.3,0.43,0.38,2020-11-08,749,N,VIIRS,n,2,302.44,1.56,D,0
30.63191,75.38533,336.04,0.45,0.39,2020-11-08,749,N,VIIRS,n,2,301.49,3.92,D,0
30.63194,75.23973,341.97,0.45,0.39,2020-11-08,749,N,VIIRS,n,2,307.69,13.25,D,0
30.63222,75.04926,345.64,0.46,0.39,2020-11-08,749,N,VIIRS,n,2,304.8,5.24,D,0
30.63277,75.24442,335.64,0.45,0.39,2020-11-08,749,N,VIIRS,n,2,305.69,12.02,D,0
30.6335,75.26051,330.18,0.45,0.39,2020-11-08,749,N,VIIRS,n,2,301.47,1.84,D,0
30.63364,75.24097,349.08,0.45,0.39,2020-11-08,749,N,VIIRS,n,2,309.16,19.73,D,0
30.63383,75.07864,335.16,0.46,0.39,2020-11-08,749,N,VIIRS,l,2,305.16,4.32,D,0
30.63405,75.35585,330.63,0.45,0.39,2020-11-08,749,N,VIIRS,n,2,304.68,1.63,D,0
30.63548,75.23888,339.53,0.45,0.39,2020-11-08,749,N,VIIRS,n,2,302.55,13.25,D,0
30.6374,75.07777,335.27,0.46,0.39,2020-11-08,749,N,VIIRS,l,2,305.94,4.36,D,0
30.63861,75.02283,332.81,0.46,0.39,2020-11-08,749,N,VIIRS,l,2,303.19,6.22,D,0
30.63897,75.83748,330.69,0.43,0.38,2020-11-08,749,N,VIIRS,l,2,302.31,2.18,D,0
30.63925,75.06742,330.45,0.46,0.39,2020-11-08,749,N,VIIRS,l,2,304.56,8.88,D,0
30.63937,75.04753,337.16,0.46,0.39,2020-11-08,749,N,VIIRS,n,2,304.43,8.15,D,0
30.63978,75.38828,334.7,0.45,0.39,2020-11-08,749,N,VIIRS,l,2,307.54,6.05,D,0
30.64011,75.07217,335.12,0.46,0.39,2020-11-08,749,N,VIIRS,n,2,304.6,8.88,D,0
30.64119,75.70636,332.41,0.44,0.38,2020-11-08,749,N,VIIRS,l,2,302.67,2.71,D,0
30.64145,75.14104,333.51,0.46,0.39,2020-11-08,749,N,VIIRS,n,2,303.05,3.24,D,0
30.64297,75.2923,345.99,0.45,0.39,2020-11-08,749,N,VIIRS,n,2,306.94,8.08,D,0
30.64414,75.45451,334.54,0.44,0.39,2020-11-08,749,N,VIIRS,l,2,305.24,2.65,D,0
30.64457,75.29031,337.23,0.45,0.39,2020-11-08,749,N,VIIRS,l,2,307.27,9.01,D,0
30.64515,75.31446,333.35,0.45,0.39,2020-11-08,749,N,VIIRS,l,2,305.93,3.39,D,0
30.64597,75.31911,334.21,0.45,0.39,2020-11-08,749,N,VIIRS,l,2,307.67,9.72,D,0
30.64712,75.42982,330.82,0.45,0.39,2020-11-08,749,N,VIIRS,l,2,303.08,1.79,D,0
30.64714,75.21331,337.87,0.45,0.39,2020-11-08,749,N,VIIRS,n,2,306.66,8.95,D,0
30.64718,75.31556,344.57,0.45,0.39,2020-11-08,749,N,VIIRS,n,2,309.07,13.09,D,0
30.64868,75.31361,334.54,0.45,0.39,2020-11-08,749,N,VIIRS,l,2,306.27,3.39,D,0
30.64898,75.07994,346.52,0.46,0.39,2020-11-08,749,N,VIIRS,n,2,304.2,5.86,D,0
30.64938,75.62918,334.77,0.44,0.38,2020-11-08,749,N,VIIRS,n,2,304.33,3.1,D,0
30.64956,75.44364,339.03,0.44,0.39,2020-11-08,749,N,VIIRS,n,2,304.23,4.25,D,0
30.65096,75.04971,340.59,0.46,0.39,2020-11-08,749,N,VIIRS,n,2,305.87,10.08,D,0
30.65169,75.07435,342.13,0.46,0.39,2020-11-08,749,N,VIIRS,n,2,310.67,27.14,D,0
30.65227,75.11871,338.51,0.46,0.39,2020-11-08,749,N,VIIRS,n,2,303.56,6.45,D,0
30.65399,75.12816,346.64,0.46,0.39,2020-11-08,749,N,VIIRS,n,2,310.86,14.52,D,0
30.65436,75.53323,341.3,0.44,0.38,2020-11-08,749,N,VIIRS,n,2,301.53,3.93,D,0
30.65478,75.00896,341.7,0.46,0.39,2020-11-08,749,N,VIIRS,n,2,303.69,9.03,D,0
30.65496,75.66086,333.86,0.44,0.38,2020-11-08,749,N,VIIRS,n,2,304.81,2.61,D,0
30.65539,75.0536,334.63,0.46,0.39,2020-11-08,749,N,VIIRS,n,2,303.39,3.57,D,0
30.6561,75.20138,344.05,0.45,0.39,2020-11-08,749,N,VIIRS,n,2,308.67,22.29,D,0
30.65631,75.4612,332.95,0.44,0.39,2020-11-08,749,N,VIIRS,n,2,304.43,7.65,D,0
30.65712,75.46579,334.87,0.44,0.39,2020-11-08,749,N,VIIRS,n,2,305.45,7.65,D,0
30.65816,75.5133,333.15,0.44,0.39,2020-11-08,749,N,VIIRS,n,2,303.23,2.59,D,0
30.65845,75.66004,332.2,0.44,0.38,2020-11-08,749,N,VIIRS,l,2,304.19,2.61,D,0
30.65849,75.43192,333.73,0.45,0.39,2020-11-08,749,N,VIIRS,n,2,303.26,3.17,D,0
30.65861,75.70229,334.31,0.44,0.38,2020-11-08,749,N,VIIRS,n,2,302.51,2.24,D,0
30.65897,75.51787,332.4,0.44,0.38,2020-11-08,749,N,VIIRS,n,2,301.46,4.12,D,0
30.65962,76.42155,335.54,0.41,0.37,2020-11-08,749,N,VIIRS,n,2,299.91,1.52,D,0
30.66049,75.30755,334.46,0.45,0.39,2020-11-08,749,N,VIIRS,l,2,306.5,4.47,D,0
30.66133,75.31219,334.05,0.45,0.39,2020-11-08,749,N,VIIRS,l,2,304.66,4.47,D,0
30.66167,75.51247,335.8,0.44,0.39,2020-11-08,749,N,VIIRS,n,2,303.78,2.59,D,0
30.66256,75.86905,336.76,0.43,0.38,2020-11-08,749,N,VIIRS,n,2,304.87,2.81,D,0
30.66303,76.3584,330.38,0.42,0.37,2020-11-08,749,N,VIIRS,n,2,300.19,3.31,D,0
30.66432,76.17838,335.39,0.42,0.38,2020-11-08,749,N,VIIRS,n,2,303.77,5.47,D,0
30.66487,75.31136,335.03,0.45,0.39,2020-11-08,749,N,VIIRS,l,2,305.81,17.76,D,0
30.66611,75.05101,346.91,0.46,0.39,2020-11-08,749,N,VIIRS,n,2,305.36,12.45,D,0
30.66625,75.03108,337.98,0.46,0.39,2020-11-08,749,N,VIIRS,n,2,305.76,29.15,D,0
30.66711,75.03585,339.63,0.46,0.39,2020-11-08,749,N,VIIRS,n,2,313.99,29.15,D,0
30.66746,76.15504,331.85,0.42,0.38,2020-11-08,749,N,VIIRS,n,2,301.25,4.88,D,0
30.66773,76.00131,337.54,0.43,0.38,2020-11-08,749,N,VIIRS,n,2,303.53,3.45,D,0
30.66889,75.43574,334.5,0.44,0.39,2020-11-08,749,N,VIIRS,l,2,305.26,4.97,D,0
30.66939,75.68098,330.33,0.44,0.38,2020-11-08,749,N,VIIRS,n,2,303.01,1.37,D,0
30.66968,75.05015,353.72,0.46,0.39,2020-11-08,749,N,VIIRS,n,2,301.16,16.08,D,0
30.66979,75.49624,330.23,0.44,0.39,2020-11-08,749,N,VIIRS,l,2,303.31,1.86,D,0
30.66986,75.43401,334.71,0.44,0.39,2020-11-08,749,N,VIIRS,n,2,305.2,4.02,D,0
30.67089,76.15425,336.7,0.42,0.38,2020-11-08,749,N,VIIRS,n,2,303.72,4.88,D,0
30.67323,75.35773,346.92,0.45,0.39,2020-11-08,749,N,VIIRS,n,2,303.61,7.09,D,0
30.67469,75.38631,334.02,0.45,0.39,2020-11-08,749,N,VIIRS,l,2,305.92,5.32,D,0
30.67479,75.67031,334.16,0.44,0.38,2020-11-08,749,N,VIIRS,n,2,302.42,2.7,D,0
30.675,75.9813,340.62,0.43,0.38,2020-11-08,749,N,VIIRS,n,2,302.93,3.87,D,0
30.67502,76.06359,333.31,0.42,0.38,2020-11-08,749,N,VIIRS,n,2,303.61,3.76,D,0
30.67547,75.30882,332.34,0.45,0.39,2020-11-08,749,N,VIIRS,l,2,302.41,2.45,D,0
30.67552,75.39093,330.6,0.45,0.39,2020-11-08,749,N,VIIRS,n,2,304.6,3.67,D,0
30.67554,75.20651,341.79,0.45,0.39,2020-11-08,749,N,VIIRS,n,2,305.04,5.16,D,0
30.67783,75.03326,342.85,0.46,0.39,2020-11-08,749,N,VIIRS,n,2,302.13,3.15,D,0
30.6794,75.55108,333.7,0.44,0.38,2020-11-08,749,N,VIIRS,n,2,302.26,2.33,D,0
30.68019,75.65963,332.48,0.44,0.38,2020-11-08,749,N,VIIRS,n,2,302.51,1.66,D,0
30.6804,75.04755,337.12,0.46,0.39,2020-11-08,749,N,VIIRS,n,2,303.57,6.4,D,0
30.68286,75.79936,335.19,0.43,0.38,2020-11-08,749,N,VIIRS,l,2,306.27,11.69,D,0
30.68297,75.06183,345.38,0.46,0.39,2020-11-08,749,N,VIIRS,n,2,306.13,11.25,D,0
30.68333,75.12603,347.57,0.46,0.39,2020-11-08,749,N,VIIRS,n,2,308.04,10.47,D,0
30.68335,75.86421,341.97,0.43,0.38,2020-11-08,749,N,VIIRS,n,2,303.96,6.56,D,0
30.68442,75.8083,334.19,0.43,0.38,2020-11-08,749,N,VIIRS,n,2,303.37,4.29,D,0
30.68469,75.1749,334.5,0.45,0.39,2020-11-08,749,N,VIIRS,n,2,306.39,3.68,D,0
30.68483,75.42236,331.65,0.44,0.39,2020-11-08,749,N,VIIRS,n,2,302.66,1.94,D,0
30.68654,75.06096,345.94,0.46,0.39,2020-11-08,749,N,VIIRS,n,2,303.51,17.78,D,0
30.68692,75.31094,332.46,0.45,0.39,2020-11-08,749,N,VIIRS,l,2,305.31,3.26,D,0
30.68704,75.20864,334.67,0.45,0.39,2020-11-08,749,N,VIIRS,n,2,303.16,3.29,D,0
30.68803,75.93235,331.92,0.43,0.38,2020-11-08,749,N,VIIRS,n,2,303.89,2.71,D,0
30.68813,75.44075,334.65,0.44,0.39,2020-11-08,749,N,VIIRS,n,2,306.32,3.99,D,0
30.68835,75.42152,331.65,0.44,0.39,2020-11-08,749,N,VIIRS,n,2,303.48,1.94,D,0
30.68895,75.44534,346.65,0.44,0.39,2020-11-08,749,N,VIIRS,n,2,304.16,9.12,D,0
30.68978,75.44993,335.82,0.44,0.39,2020-11-08,749,N,VIIRS,n,2,305.99,9.12,D,0
30.69016,75.77903,334.43,0.43,0.38,2020-11-08,749,N,VIIRS,n,2,303.28,2.98,D,0
30.69086,75.59578,333.19,0.44,0.38,2020-11-08,749,N,VIIRS,l,2,304.16,3.67,D,0
30.69201,75.48286,331.34,0.44,0.39,2020-11-08,749,N,VIIRS,n,2,302.09,1.37,D,0
30.6929,75.62836,337.16,0.44,0.38,2020-11-08,749,N,VIIRS,n,2,302.93,3.86,D,0
30.69299,75.03457,335.38,0.46,0.39,2020-11-08,749,N,VIIRS,n,2,302.19,2.35,D,0
30.69384,75.1432,348.52,0.46,0.39,2020-11-08,749,N,VIIRS,n,2,310.83,22.18,D,0
30.69388,75.47287,340.03,0.44,0.39,2020-11-08,749,N,VIIRS,n,2,304.34,3.64,D,0
30.69461,75.33332,343.67,0.45,0.39,2020-11-08,749,N,VIIRS,n,2,304.69,7.07,D,0
30.69468,75.14792,343.35,0.46,0.39,2020-11-08,749,N,VIIRS,n,2,314.13,22.18,D,0
30.69571,75.02892,330.24,0.46,0.39,2020-11-08,749,N,VIIRS,l,2,300.98,2.36,D,0
30.69571,75.1329,343.8,0.46,0.39,2020-11-08,749,N,VIIRS,n,2,311.95,34.56,D,0
30.69601,75.19669,336.03,0.45,0.39,2020-11-08,749,N,VIIRS,l,2,308.02,16.93,D,0
30.69656,75.0337,350.46,0.46,0.39,2020-11-08,749,N,VIIRS,n,2,303.21,8.53,D,0
30.6974,75.14235,341.74,0.46,0.39,2020-11-08,749,N,VIIRS,l,2,316.08,22.18,D,0
30.69749,75.53395,346.76,0.44,0.38,2020-11-08,749,N,VIIRS,n,2,303.65,5.32,D,0
30.69825,75.14706,335.16,0.46,0.39,2020-11-08,749,N,VIIRS,l,2,305.35,22.18,D,0
30.69831,75.80505,345.37,0.43,0.38,2020-11-08,749,N,VIIRS,n,2,301.52,6.32,D,0
30.69919,75.00098,346.57,0.46,0.39,2020-11-08,749,N,VIIRS,n,2,300.74,7.7,D,0
30.69956,75.19584,349.67,0.45,0.39,2020-11-08,749,N,VIIRS,n,2,312.33,16.93,D,0
30.70084,75.2444,334.65,0.45,0.39,2020-11-08,749,N,VIIRS,n,2,304.16,4.06,D,0
30.70095,75.01052,335.19,0.46,0.39,2020-11-08,749,N,VIIRS,n,2,304.61,3.68,D,0
30.70136,75.78107,335.57,0.43,0.38,2020-11-08,749,N,VIIRS,n,2,303.87,4.56,D,0
30.70167,75.24908,334.23,0.45,0.39,2020-11-08,749,N,VIIRS,n,2,301.05,4.11,D,0
30.70172,75.76234,334.32,0.43,0.38,2020-11-08,749,N,VIIRS,l,2,304.4,4.58,D,0
30.70181,75.1462,334.46,0.46,0.39,2020-11-08,749,N,VIIRS,n,2,303.95,7.34,D,0
30.7025,75.76682,332.41,0.43,0.38,2020-11-08,749,N,VIIRS,n,2,301.38,4.58,D,0
30.70388,75.01199,336,0.46,0.39,2020-11-08,749,N,VIIRS,n,2,302.52,5.73,D,0
30.70442,75.47037,332.54,0.44,0.39,2020-11-08,749,N,VIIRS,n,2,301.39,1.73,D,0
30.70458,75.22398,333.21,0.45,0.39,2020-11-08,749,N,VIIRS,l,2,303.82,7.61,D,0
30.70473,75.01678,335.9,0.46,0.39,2020-11-08,749,N,VIIRS,n,2,304.61,5.73,D,0
30.70506,75.55589,334.06,0.44,0.38,2020-11-08,749,N,VIIRS,n,2,302.36,3.87,D,0
30.7054,75.01443,341.33,0.46,0.39,2020-11-08,749,N,VIIRS,n,2,305.58,8.88,D,0
30.70712,75.05101,345.87,0.46,0.39,2020-11-08,749,N,VIIRS,n,2,304.48,8.29,D,0
30.70723,75.87715,331.68,0.43,0.38,2020-11-08,749,N,VIIRS,n,2,301.48,3.34,D,0
30.70833,75.20351,333.87,0.45,0.39,2020-11-08,749,N,VIIRS,l,2,305.39,3.77,D,0
30.70858,75.61656,342.15,0.44,0.38,2020-11-08,749,N,VIIRS,n,2,302.74,3.15,D,0
30.70881,75.05337,333.7,0.46,0.39,2020-11-08,749,N,VIIRS,l,2,305.1,4.83,D,0
30.71053,75.40183,340.19,0.45,0.39,2020-11-08,749,N,VIIRS,n,2,313.48,32.56,D,0
30.71064,75.04299,334.11,0.46,0.39,2020-11-08,749,N,VIIRS,n,2,303.61,5.79,D,0
30.71168,75.00792,346.97,0.46,0.39,2020-11-08,749,N,VIIRS,n,2,305.98,13.81,D,0
30.71325,75.05726,330.72,0.46,0.39,2020-11-08,749,N,VIIRS,l,2,303.53,2.63,D,0
30.7145,76.31195,334.76,0.42,0.37,2020-11-08,749,N,VIIRS,n,2,306.33,7.37,D,0
30.71526,75.00706,344.52,0.46,0.39,2020-11-08,749,N,VIIRS,n,2,302.23,13.81,D,0
30.71585,75.24567,346.04,0.45,0.39,2020-11-08,749,N,VIIRS,n,2,307.67,14.04,D,0
30.71637,75.55797,334.28,0.44,0.38,2020-11-08,749,N,VIIRS,l,2,304.86,2.47,D,0
30.71718,75.56252,348.94,0.44,0.38,2020-11-08,749,N,VIIRS,n,2,305.37,9.99,D,0
30.71772,75.15221,333.8,0.46,0.39,2020-11-08,749,N,VIIRS,n,2,303.67,1.78,D,0
30.71791,76.31116,331.93,0.42,0.37,2020-11-08,749,N,VIIRS,n,2,301.93,2.68,D,0
30.72028,75.39471,336.17,0.45,0.39,2020-11-08,749,N,VIIRS,n,2,305.6,4.4,D,0
30.72095,75.54266,334.01,0.44,0.38,2020-11-08,749,N,VIIRS,l,2,305.63,8.81,D,0
30.72144,75.29784,336.47,0.45,0.39,2020-11-08,749,N,VIIRS,n,2,305.69,7.6,D,0
30.72273,75.40855,330.51,0.45,0.39,2020-11-08,749,N,VIIRS,n,2,301.93,1.8,D,0
30.7228,75.47078,340.17,0.44,0.39,2020-11-08,749,N,VIIRS,n,2,303.54,3.93,D,0
30.72311,75.57533,339.12,0.44,0.38,2020-11-08,749,N,VIIRS,n,2,305.33,7.67,D,0
30.72657,75.45077,332.94,0.44,0.39,2020-11-08,749,N,VIIRS,n,2,302.39,3.98,D,0
30.7266,75.5745,332,0.44,0.38,2020-11-08,749,N,VIIRS,n,2,302.04,2.3,D,0
30.72731,75.2478,331.91,0.45,0.39,2020-11-08,749,N,VIIRS,n,2,304.92,7.62,D,0
30.72738,75.45535,332.73,0.44,0.39,2020-11-08,749,N,VIIRS,l,2,303.3,6.42,D,0
30.72956,75.48827,331.43,0.44,0.39,2020-11-08,749,N,VIIRS,l,2,302.29,1.25,D,0
30.73023,75.0482,341.11,0.46,0.39,2020-11-08,749,N,VIIRS,n,2,309.12,26.33,D,0
30.73032,75.844,332.32,0.43,0.38,2020-11-08,749,N,VIIRS,n,2,300.9,7.35,D,0
30.73043,75.00837,346.28,0.46,0.39,2020-11-08,749,N,VIIRS,n,2,305.03,9.99,D,0
30.73085,75.24694,340.84,0.45,0.39,2020-11-08,749,N,VIIRS,n,2,308.28,7.62,D,0
30.7309,75.45452,338.04,0.44,0.39,2020-11-08,749,N,VIIRS,n,2,303.87,6.42,D,0
30.73126,76.03693,337.94,0.42,0.38,2020-11-08,749,N,VIIRS,n,2,302.24,3.72,D,0
30.73199,75.56376,340.89,0.44,0.38,2020-11-08,749,N,VIIRS,n,2,302.54,5.23,D,0
30.7382,75.49576,331.24,0.44,0.38,2020-11-08,749,N,VIIRS,l,2,305.82,2.04,D,0
30.73968,75.79193,346.32,0.43,0.38,2020-11-08,749,N,VIIRS,n,2,305.44,10.04,D,0
30.74002,75.36111,347.31,0.45,0.39,2020-11-08,749,N,VIIRS,n,2,306.97,7.5,D,0
30.74124,75.26393,333.97,0.45,0.39,2020-11-08,749,N,VIIRS,n,2,303.81,2.16,D,0
30.74203,75.01054,332.87,0.46,0.39,2020-11-08,749,N,VIIRS,l,2,305.01,14.32,D,0
30.74268,76.06165,333.3,0.42,0.38,2020-11-08,749,N,VIIRS,n,2,302.81,2.58,D,0
30.74279,75.03524,336.07,0.46,0.39,2020-11-08,749,N,VIIRS,n,2,304.72,7.44,D,0
30.74303,75.13895,344.04,0.46,0.39,2020-11-08,749,N,VIIRS,n,2,313.99,34.08,D,0
30.74348,76.27396,332.71,0.42,0.37,2020-11-08,749,N,VIIRS,n,2,302.89,4.03,D,0
30.74387,75.26585,331.32,0.45,0.39,2020-11-08,749,N,VIIRS,n,2,301.83,1.86,D,0
30.7444,75.06461,337.07,0.46,0.39,2020-11-08,749,N,VIIRS,n,2,302.98,3.64,D,0
30.74504,76.03374,333.44,0.42,0.38,2020-11-08,749,N,VIIRS,n,2,303.95,1.26,D,0
30.74574,75.51777,338.93,0.44,0.38,2020-11-08,749,N,VIIRS,n,2,300.22,3.44,D,0
30.74621,75.60297,332.69,0.44,0.38,2020-11-08,749,N,VIIRS,n,2,301.85,2.01,D,0
30.74809,75.04388,331.16,0.46,0.39,2020-11-08,749,N,VIIRS,n,2,304.26,2.07,D,0
30.74887,75.19152,339.02,0.45,0.39,2020-11-08,749,N,VIIRS,n,2,307.15,3.97,D,0
30.74926,75.25484,339.47,0.45,0.39,2020-11-08,749,N,VIIRS,n,2,303.86,7.12,D,0
30.74953,75.49783,367,0.44,0.38,2020-11-08,749,N,VIIRS,l,2,326.92,37.64,D,0
30.75062,75.48328,340.7,0.44,0.39,2020-11-08,749,N,VIIRS,n,2,301.86,3.67,D,0
30.75067,75.05814,353.59,0.46,0.39,2020-11-08,749,N,VIIRS,n,2,315.04,19.91,D,0
30.75105,75.73335,345.91,0.43,0.38,2020-11-08,749,N,VIIRS,n,2,303.94,9.53,D,0
30.75171,75.16633,336.87,0.45,0.39,2020-11-08,749,N,VIIRS,n,2,305.86,4.65,D,0
30.75213,76.09588,339.46,0.42,0.38,2020-11-08,749,N,VIIRS,n,2,305.45,7.59,D,0
30.75304,75.497,337.46,0.44,0.38,2020-11-08,749,N,VIIRS,n,2,301.02,37.64,D,0
30.75396,75.21962,334.48,0.45,0.39,2020-11-08,749,N,VIIRS,l,2,305.43,4.84,D,0
30.75411,75.0771,334.34,0.46,0.39,2020-11-08,749,N,VIIRS,n,2,301.85,4.29,D,0
30.75424,75.05727,342.64,0.46,0.39,2020-11-08,749,N,VIIRS,n,2,304.19,19.91,D,0
30.75449,75.01748,330.51,0.46,0.39,2020-11-08,749,N,VIIRS,l,2,303.37,3.73,D,0
30.75466,75.91795,332.13,0.43,0.38,2020-11-08,749,N,VIIRS,n,2,301.79,2.84,D,0
30.75543,75.92238,333.33,0.43,0.38,2020-11-08,749,N,VIIRS,n,2,303.21,2.84,D,0
30.7555,75.38631,338.61,0.45,0.39,2020-11-08,749,N,VIIRS,n,2,304.85,3.91,D,0
30.75581,75.20941,334.28,0.45,0.39,2020-11-08,749,N,VIIRS,l,2,305.15,4.79,D,0
30.75595,76.28457,331.54,0.42,0.37,2020-11-08,749,N,VIIRS,n,2,303.01,3.73,D,0
30.75596,75.06677,333.99,0.46,0.39,2020-11-08,749,N,VIIRS,n,2,302.73,8.61,D,0
30.75668,76.28888,333.28,0.42,0.37,2020-11-08,749,N,VIIRS,n,2,302.99,3.99,D,0
30.75768,75.07624,341.04,0.46,0.39,2020-11-08,749,N,VIIRS,n,2,301.67,4.29,D,0
30.75873,75.46703,344.95,0.44,0.39,2020-11-08,749,N,VIIRS,n,2,308.42,11.69,D,0
30.75889,75.92157,335.07,0.43,0.38,2020-11-08,749,N,VIIRS,n,2,303.09,10.56,D,0
30.75892,75.02139,337.52,0.46,0.39,2020-11-08,749,N,VIIRS,l,2,312.42,39.34,D,0
30.7592,75.22811,344.73,0.45,0.39,2020-11-08,749,N,VIIRS,n,2,305.61,9.67,D,0
30.75983,75.39008,331.06,0.45,0.39,2020-11-08,749,N,VIIRS,l,2,303.18,3.45,D,0
30.76089,75.23746,330.99,0.45,0.39,2020-11-08,749,N,VIIRS,l,2,301.38,1.75,D,0
30.76218,75.52814,339.51,0.44,0.38,2020-11-08,749,N,VIIRS,n,2,305.26,6.42,D,0
30.76354,75.94807,342.36,0.43,0.38,2020-11-08,749,N,VIIRS,n,2,303.14,4.36,D,0
30.76431,75.9525,333.83,0.43,0.38,2020-11-08,749,N,VIIRS,n,2,301.36,3.09,D,0
30.76434,75.66463,334.08,0.44,0.38,2020-11-08,749,N,VIIRS,n,2,303.07,5.11,D,0
30.7646,75.8926,335.51,0.43,0.38,2020-11-08,749,N,VIIRS,n,2,301.32,6.11,D,0
30.76486,75.83246,341.72,0.43,0.38,2020-11-08,749,N,VIIRS,n,2,305.33,9.84,D,0
30.76513,75.66914,333.06,0.44,0.38,2020-11-08,749,N,VIIRS,n,2,302.4,5.11,D,0
30.76522,75.34309,335.36,0.45,0.39,2020-11-08,749,N,VIIRS,n,2,302.86,2.71,D,0
30.7656,75.20217,342.87,0.45,0.39,2020-11-08,749,N,VIIRS,n,2,306.74,4.19,D,0
30.76627,75.48911,330.05,0.44,0.38,2020-11-08,749,N,VIIRS,l,2,301.77,0.96,D,0
30.76817,75.4791,343.02,0.44,0.39,2020-11-08,749,N,VIIRS,n,2,304.33,7.33,D,0
30.76844,75.72926,339.89,0.43,0.38,2020-11-08,749,N,VIIRS,n,2,302.22,4.17,D,0
30.76915,75.20132,351.87,0.45,0.39,2020-11-08,749,N,VIIRS,n,2,306.43,10.56,D,0
30.76977,75.48827,335.24,0.44,0.38,2020-11-08,749,N,VIIRS,n,2,302.91,6.71,D,0
30.77032,75.16676,333.39,0.45,0.39,2020-11-08,749,N,VIIRS,l,2,304.12,14.7,D,0
30.77067,75.5972,333.44,0.44,0.38,2020-11-08,749,N,VIIRS,n,2,303.33,3.89,D,0
30.77146,75.60174,338.44,0.44,0.38,2020-11-08,749,N,VIIRS,n,2,303.27,3.89,D,0
30.77274,75.62972,334.01,0.44,0.38,2020-11-08,749,N,VIIRS,l,2,305.31,4.07,D,0
30.77287,75.18085,335.23,0.45,0.39,2020-11-08,749,N,VIIRS,n,2,304.42,2.75,D,0
30.77365,75.08227,345.59,0.46,0.39,2020-11-08,749,N,VIIRS,n,2,304.55,8.85,D,0
30.77638,75.67119,336.42,0.44,0.38,2020-11-08,749,N,VIIRS,n,2,304.24,3.77,D,0
30.77655,75.60997,333.5,0.44,0.38,2020-11-08,749,N,VIIRS,n,2,303.03,2.76,D,0
30.77686,75.59102,337.01,0.44,0.38,2020-11-08,749,N,VIIRS,n,2,300.65,3.76,D,0
30.77721,75.08141,342.77,0.46,0.39,2020-11-08,749,N,VIIRS,n,2,304.65,10.72,D,0
30.77727,75.36913,330.6,0.45,0.39,2020-11-08,749,N,VIIRS,l,2,303.13,3.85,D,0
30.77907,75.07108,345.58,0.46,0.39,2020-11-08,749,N,VIIRS,n,2,314.65,27.44,D,0
30.77913,75.35906,330.36,0.45,0.39,2020-11-08,749,N,VIIRS,n,2,301.66,1.21,D,0
30.77963,76.31946,346.82,0.42,0.37,2020-11-08,749,N,VIIRS,n,2,307.38,15.33,D,0
30.78004,75.60915,334.55,0.44,0.38,2020-11-08,749,N,VIIRS,n,2,302.27,2.76,D,0
30.78007,75.05598,330.44,0.46,0.39,2020-11-08,749,N,VIIRS,n,2,301.02,2.09,D,0
30.78063,75.8195,336.81,0.43,0.38,2020-11-08,749,N,VIIRS,n,2,301.68,3.26,D,0
30.78077,75.08054,336.27,0.46,0.39,2020-11-08,749,N,VIIRS,n,2,304.55,10.72,D,0
30.78129,75.53311,337.9,0.44,0.38,2020-11-08,749,N,VIIRS,n,2,304.32,2.41,D,0
30.78161,75.45444,333.01,0.44,0.39,2020-11-08,749,N,VIIRS,n,2,304.68,2.38,D,0
30.78206,76.35462,332.15,0.41,0.37,2020-11-08,749,N,VIIRS,n,2,301.05,3.64,D,0
30.78279,76.35892,336.42,0.41,0.37,2020-11-08,749,N,VIIRS,n,2,304.83,3.64,D,0
30.78308,75.40141,334.46,0.44,0.39,2020-11-08,749,N,VIIRS,l,2,305.3,4,D,0
30.78379,75.03524,345.64,0.46,0.39,2020-11-08,749,N,VIIRS,n,2,305.59,10.52,D,0
30.78479,75.53227,340.64,0.44,0.38,2020-11-08,749,N,VIIRS,n,2,303.64,4.9,D,0
30.78514,75.76266,334.98,0.43,0.38,2020-11-08,749,N,VIIRS,n,2,302.43,2.83,D,0
30.78556,75.33341,339.98,0.45,0.39,2020-11-08,749,N,VIIRS,n,2,302.93,4.72,D,0
30.78808,75.16248,335.18,0.45,0.39,2020-11-08,749,N,VIIRS,n,2,305.21,2.58,D,0
30.78885,76.05199,336.07,0.42,0.38,2020-11-08,749,N,VIIRS,n,2,302.03,2.5,D,0
30.78906,75.63998,337.63,0.44,0.38,2020-11-08,749,N,VIIRS,n,2,305.53,5.83,D,0
30.78941,75.21109,334.03,0.45,0.39,2020-11-08,749,N,VIIRS,n,2,304.63,2.51,D,0
30.79094,75.40434,333.37,0.44,0.39,2020-11-08,749,N,VIIRS,n,2,302.99,2.5,D,0
30.79336,75.83044,334.43,0.43,0.38,2020-11-08,749,N,VIIRS,n,2,302.4,9.37,D,0
30.79349,75.04778,338.78,0.46,0.39,2020-11-08,749,N,VIIRS,n,2,306.26,15.8,D,0
30.79386,75.56332,331.26,0.44,0.38,2020-11-08,749,N,VIIRS,n,2,302.68,1.98,D,0
30.79401,75.44193,331.53,0.44,0.39,2020-11-08,749,N,VIIRS,n,2,304.74,2.04,D,0
30.79448,75.32162,337.33,0.45,0.39,2020-11-08,749,N,VIIRS,n,2,301.76,3.46,D,0
30.79469,75.71374,330.94,0.43,0.38,2020-11-08,749,N,VIIRS,n,2,300.98,1.74,D,0
30.79485,75.79761,335.59,0.43,0.38,2020-11-08,749,N,VIIRS,n,2,303.93,6.73,D,0
30.79519,76.18107,334.89,0.42,0.38,2020-11-08,749,N,VIIRS,l,2,307.61,5.25,D,0
30.79531,75.32624,346.62,0.45,0.39,2020-11-08,749,N,VIIRS,n,2,305.2,6.59,D,0
30.79593,76.18542,334.35,0.42,0.38,2020-11-08,749,N,VIIRS,l,2,305.95,5.25,D,0
30.79613,75.33087,335,0.45,0.39,2020-11-08,749,N,VIIRS,n,2,302.02,6.59,D,0
30.79651,75.00228,339.26,0.46,0.39,2020-11-08,749,N,VIIRS,n,2,306.95,4.29,D,0
30.79682,75.82963,337.38,0.43,0.38,2020-11-08,749,N,VIIRS,n,2,304.31,9.37,D,0
30.79706,75.04691,347.1,0.46,0.39,2020-11-08,749,N,VIIRS,n,2,311.52,15.8,D,0
30.79708,76.18156,343.49,0.42,0.38,2020-11-08,749,N,VIIRS,n,2,309.65,10.38,D,0
30.79712,75.76917,337.55,0.43,0.38,2020-11-08,749,N,VIIRS,n,2,301.54,8.13,D,0
30.79817,75.71292,332.59,0.43,0.38,2020-11-08,749,N,VIIRS,n,2,301.64,1.74,D,0
30.80033,75.49768,331.7,0.44,0.38,2020-11-08,749,N,VIIRS,n,2,305.57,2.43,D,0
30.8007,75.31529,335.74,0.45,0.39,2020-11-08,749,N,VIIRS,n,2,305.5,5.27,D,0
30.80215,75.07538,345.22,0.46,0.39,2020-11-08,749,N,VIIRS,n,2,304.32,6.54,D,0
30.80265,75.92521,335.65,0.43,0.38,2020-11-08,749,N,VIIRS,n,2,303.93,5.08,D,0
30.80424,75.31445,338.58,0.45,0.39,2020-11-08,749,N,VIIRS,l,2,309.97,16.05,D,0
30.80433,75.12908,344.9,0.46,0.39,2020-11-08,749,N,VIIRS,n,2,306.19,13.97,D,0
30.80452,75.10935,332.82,0.46,0.39,2020-11-08,749,N,VIIRS,l,2,303.25,3.15,D,0
30.80507,75.31908,333.67,0.45,0.39,2020-11-08,749,N,VIIRS,n,2,303.38,16.05,D,0
30.80523,75.38171,333.24,0.45,0.39,2020-11-08,749,N,VIIRS,l,2,305.07,4.7,D,0
30.80545,75.36241,333.3,0.45,0.39,2020-11-08,749,N,VIIRS,n,2,302.59,4.08,D,0
30.80602,75.13852,336.92,0.45,0.39,2020-11-08,749,N,VIIRS,n,2,305.24,5.27,D,0
30.80881,75.29884,343.91,0.45,0.39,2020-11-08,749,N,VIIRS,n,2,304.32,4.32,D,0
30.80894,75.00922,331.94,0.46,0.39,2020-11-08,749,N,VIIRS,l,2,305.22,1.93,D,0
30.80993,75.01076,332.52,0.46,0.39,2020-11-08,749,N,VIIRS,n,2,303.91,1.39,D,0
30.81,75.63505,337.36,0.44,0.38,2020-11-08,749,N,VIIRS,n,2,306.06,4.13,D,0
30.81065,75.63715,335.82,0.44,0.38,2020-11-08,749,N,VIIRS,n,2,303.22,3.05,D,0
30.81414,75.57504,334.28,0.44,0.38,2020-11-08,749,N,VIIRS,n,2,302.35,2.6,D,0
30.81638,75.40308,341.34,0.44,0.39,2020-11-08,749,N,VIIRS,n,2,303.67,5.51,D,0
30.81706,75.09645,342.4,0.46,0.39,2020-11-08,749,N,VIIRS,n,2,304.24,6.25,D,0
30.82185,75.06072,335.01,0.46,0.39,2020-11-08,749,N,VIIRS,l,2,305.3,2.32,D,0
30.82188,75.31021,331.12,0.45,0.39,2020-11-08,749,N,VIIRS,l,2,304.16,1.77,D,0
30.8225,75.08527,334.97,0.46,0.39,2020-11-08,749,N,VIIRS,n,2,302.72,4.55,D,0
30.82254,75.25185,333,0.45,0.39,2020-11-08,749,N,VIIRS,l,2,305.59,4.85,D,0
30.82297,75.08192,346.91,0.46,0.39,2020-11-08,749,N,VIIRS,n,2,303.89,5.7,D,0
30.82374,75.44443,330.92,0.44,0.39,2020-11-08,749,N,VIIRS,n,2,300.86,3.37,D,0
30.82374,75.94327,331.9,0.43,0.38,2020-11-08,749,N,VIIRS,n,2,300.74,1.44,D,0
30.82383,75.08664,335.24,0.46,0.39,2020-11-08,749,N,VIIRS,n,2,302.87,5.04,D,0
30.82398,75.28065,338.36,0.45,0.39,2020-11-08,749,N,VIIRS,n,2,304.23,4.67,D,0
30.82606,75.0844,346.81,0.46,0.39,2020-11-08,749,N,VIIRS,n,2,302.74,4.55,D,0
30.8263,75.23149,335.89,0.45,0.39,2020-11-08,749,N,VIIRS,n,2,304.69,5.33,D,0
30.82713,75.23617,345.57,0.45,0.39,2020-11-08,749,N,VIIRS,n,2,303.32,5.33,D,0
30.82751,75.27979,332,0.45,0.39,2020-11-08,749,N,VIIRS,n,2,301.02,2.16,D,0
30.83055,76.3756,332.63,0.41,0.37,2020-11-08,749,N,VIIRS,n,2,302.68,2.86,D,0
30.83069,75.38046,344.21,0.44,0.39,2020-11-08,749,N,VIIRS,n,2,308.01,19.88,D,0
30.83117,75.3418,341.32,0.45,0.39,2020-11-08,749,N,VIIRS,n,2,306.38,19.24,D,0
30.8315,75.23997,339.23,0.45,0.39,2020-11-08,749,N,VIIRS,n,2,303.93,7.96,D,0
30.83309,75.70223,334.33,0.43,0.38,2020-11-08,749,N,VIIRS,n,2,302.27,2.82,D,0
30.83457,75.54655,333.32,0.44,0.38,2020-11-08,749,N,VIIRS,n,2,303.58,1.78,D,0
30.83736,75.7059,330.44,0.43,0.38,2020-11-08,749,N,VIIRS,n,2,300.36,2.93,D,0
30.83807,75.54572,332.92,0.44,0.38,2020-11-08,749,N,VIIRS,n,2,301.56,2.14,D,0
30.83967,75.11237,334,0.46,0.39,2020-11-08,749,N,VIIRS,l,2,304.74,10.44,D,0
30.84114,75.6863,332.87,0.43,0.38,2020-11-08,749,N,VIIRS,n,2,301.05,2.23,D,0
30.84339,75.34853,334.05,0.45,0.39,2020-11-08,749,N,VIIRS,n,2,301.41,1.75,D,0
30.84417,76.37251,330,0.41,0.37,2020-11-08,749,N,VIIRS,n,2,302.47,1.79,D,0
30.84565,75.23657,338.86,0.45,0.39,2020-11-08,749,N,VIIRS,n,2,306.8,10.61,D,0
30.84624,75.26073,332.68,0.45,0.39,2020-11-08,749,N,VIIRS,n,2,303.74,1.71,D,0
30.84648,75.24123,350.76,0.45,0.39,2020-11-08,749,N,VIIRS,n,2,305.92,10.61,D,0
30.84691,75.34768,340.44,0.45,0.39,2020-11-08,749,N,VIIRS,n,2,303.32,7.71,D,0
30.84722,75.39092,335.06,0.44,0.39,2020-11-08,749,N,VIIRS,n,2,302.3,2.63,D,0
30.84754,75.22638,333.85,0.45,0.39,2020-11-08,749,N,VIIRS,n,2,305.53,3.62,D,0
30.84765,75.23766,334.54,0.45,0.39,2020-11-08,749,N,VIIRS,n,2,305.4,2.53,D,0
30.8485,75.24231,330.61,0.45,0.39,2020-11-08,749,N,VIIRS,n,2,300.82,2.53,D,0
30.84864,75.22282,339.37,0.45,0.39,2020-11-08,749,N,VIIRS,n,2,305.85,6.53,D,0
30.84935,75.12479,340.8,0.45,0.39,2020-11-08,749,N,VIIRS,n,2,305.84,12.48,D,0
30.85099,75.37079,341.9,0.45,0.39,2020-11-08,749,N,VIIRS,n,2,304.73,8.08,D,0
30.85108,75.22552,334.46,0.45,0.39,2020-11-08,749,N,VIIRS,n,2,304.57,3.62,D,0
30.85207,75.35609,335.49,0.45,0.39,2020-11-08,749,N,VIIRS,n,2,302.84,4.38,D,0
30.8537,75.36533,345.95,0.45,0.39,2020-11-08,749,N,VIIRS,n,2,305.1,6.33,D,0
30.8561,76.40094,332.09,0.41,0.37,2020-11-08,749,N,VIIRS,l,2,302.44,3.34,D,0
30.85616,75.44149,337.04,0.44,0.39,2020-11-08,749,N,VIIRS,n,2,305.46,4.09,D,0
30.85693,75.2888,333.51,0.45,0.39,2020-11-08,749,N,VIIRS,n,2,303.07,2.68,D,0
30.85722,75.36449,334.21,0.45,0.39,2020-11-08,749,N,VIIRS,n,2,305.11,3.42,D,0
30.85731,75.12778,353.03,0.45,0.39,2020-11-08,749,N,VIIRS,n,2,304.28,11.44,D,0
30.85739,76.11792,335.15,0.42,0.38,2020-11-08,749,N,VIIRS,n,2,303.19,2.59,D,0
30.85842,75.21559,337.33,0.45,0.39,2020-11-08,749,N,VIIRS,n,2,304.1,4.37,D,0
30.85887,75.15684,346.42,0.45,0.39,2020-11-08,749,N,VIIRS,n,2,306.02,13.91,D,0
30.86157,75.15129,335.5,0.45,0.39,2020-11-08,749,N,VIIRS,n,2,304.71,9.45,D,0
30.86166,75.00815,340.82,0.46,0.39,2020-11-08,749,N,VIIRS,n,2,311.31,28.5,D,0
30.86175,75.53536,334.36,0.44,0.38,2020-11-08,749,N,VIIRS,l,2,305.44,2.24,D,0
30.86433,75.24825,332.6,0.45,0.39,2020-11-08,749,N,VIIRS,n,2,302.63,7.67,D,0
30.86569,75.07156,337.49,0.46,0.39,2020-11-08,749,N,VIIRS,n,2,306.5,2.85,D,0
30.86609,75.01204,335.01,0.46,0.39,2020-11-08,749,N,VIIRS,n,2,305.41,3.11,D,0
30.86895,75.57626,342.59,0.44,0.38,2020-11-08,749,N,VIIRS,n,2,304.51,7.62,D,0
30.86944,76.31319,342.16,0.41,0.37,2020-11-08,749,N,VIIRS,n,2,301.44,5.4,D,0
30.87261,75.61783,334.47,0.44,0.38,2020-11-08,749,N,VIIRS,n,2,302.71,2.62,D,0
30.8729,75.2753,338.49,0.45,0.39,2020-11-08,749,N,VIIRS,n,2,303.9,6.18,D,0
30.87383,75.36197,336.67,0.44,0.39,2020-11-08,749,N,VIIRS,n,2,303.8,3.32,D,0
30.87482,75.36027,336.97,0.45,0.39,2020-11-08,749,N,VIIRS,n,2,303.69,3.08,D,0
30.87531,75.61249,331.39,0.44,0.38,2020-11-08,749,N,VIIRS,n,2,302.38,2.62,D,0
30.87644,75.36951,345.09,0.44,0.39,2020-11-08,749,N,VIIRS,n,2,304.09,5.17,D,0
30.87679,75.23553,334.45,0.45,0.39,2020-11-08,749,N,VIIRS,n,2,303.97,4.31,D,0
30.87901,75.37035,333.27,0.44,0.39,2020-11-08,749,N,VIIRS,l,2,305.29,11.44,D,0
30.87967,76.31085,332.66,0.41,0.37,2020-11-08,749,N,VIIRS,n,2,300.21,3.48,D,0
30.88033,75.23468,332.72,0.45,0.39,2020-11-08,749,N,VIIRS,n,2,302.23,4.31,D,0
30.8804,76.31516,340.04,0.41,0.37,2020-11-08,749,N,VIIRS,n,2,303.98,9.53,D,0
30.88117,75.23934,346.75,0.45,0.39,2020-11-08,749,N,VIIRS,n,2,304.02,8.45,D,0
30.88122,76.15315,334.36,0.42,0.38,2020-11-08,749,N,VIIRS,n,2,303.09,2.91,D,0
30.88192,76.00042,336.84,0.42,0.38,2020-11-08,749,N,VIIRS,n,2,304.14,3.7,D,0
30.88234,75.10205,336.72,0.46,0.39,2020-11-08,749,N,VIIRS,n,2,307.12,15.7,D,0
30.8827,75.1658,334.8,0.45,0.39,2020-11-08,749,N,VIIRS,l,2,305.25,2.14,D,0
30.88572,75.22365,337.49,0.45,0.39,2020-11-08,749,N,VIIRS,n,2,308.12,15.4,D,0
30.88625,75.16494,331.31,0.45,0.39,2020-11-08,749,N,VIIRS,l,2,305.93,1.71,D,0
30.8865,75.02197,339.53,0.46,0.39,2020-11-08,749,N,VIIRS,n,2,306.21,5.08,D,0
30.88684,75.45465,344.37,0.44,0.38,2020-11-08,749,N,VIIRS,n,2,307.19,24.93,D,0
30.8869,75.08617,335.57,0.46,0.39,2020-11-08,749,N,VIIRS,n,2,302.95,2.14,D,0
30.88744,75.45312,348.1,0.44,0.38,2020-11-08,749,N,VIIRS,n,2,314.87,19.54,D,0
30.88759,75.11063,334.25,0.45,0.39,2020-11-08,749,N,VIIRS,l,2,304.99,3.13,D,0
30.88791,75.35861,333.19,0.44,0.39,2020-11-08,749,N,VIIRS,l,2,304.17,3.91,D,0
30.88836,75.01159,330.34,0.46,0.39,2020-11-08,749,N,VIIRS,l,2,304.49,6.28,D,0
30.88843,75.11535,334.02,0.45,0.39,2020-11-08,749,N,VIIRS,n,2,302.55,3.13,D,0
30.88921,75.01634,336.5,0.46,0.39,2020-11-08,749,N,VIIRS,l,2,308.09,6.28,D,0
30.88926,75.22279,337.34,0.45,0.39,2020-11-08,749,N,VIIRS,n,2,304.84,8.01,D,0
30.89007,75.0211,339.54,0.46,0.39,2020-11-08,749,N,VIIRS,n,2,307.05,12.11,D,0
30.89035,75.45382,341.89,0.44,0.38,2020-11-08,749,N,VIIRS,n,2,306.18,24.93,D,0
30.89095,75.45229,340.1,0.44,0.38,2020-11-08,749,N,VIIRS,n,2,304.22,19.54,D,0
30.89105,76.0939,332.89,0.42,0.38,2020-11-08,749,N,VIIRS,n,2,302.04,3,D,0
30.89165,75.15384,331.04,0.45,0.39,2020-11-08,749,N,VIIRS,l,2,301.86,2.49,D,0
30.89284,75.1192,333.1,0.45,0.39,2020-11-08,749,N,VIIRS,n,2,301.92,9.04,D,0
30.8952,76.17252,338.79,0.42,0.38,2020-11-08,749,N,VIIRS,n,2,306.81,9.96,D,0
30.89593,76.17686,332.16,0.42,0.38,2020-11-08,749,N,VIIRS,n,2,300.55,6.95,D,0
30.89768,75.57417,334.72,0.44,0.38,2020-11-08,749,N,VIIRS,n,2,302.85,4.56,D,0
30.89805,75.31281,337.85,0.45,0.39,2020-11-08,749,N,VIIRS,n,2,304.12,2.56,D,0
30.89806,75.02412,339.88,0.46,0.39,2020-11-08,749,N,VIIRS,n,2,310.24,13.56,D,0
30.89867,75.33678,332.46,0.45,0.39,2020-11-08,749,N,VIIRS,n,2,305.37,1.53,D,0
30.90005,75.44673,337.44,0.44,0.38,2020-11-08,749,N,VIIRS,n,2,304.48,4.58,D,0
30.90009,76.36862,330.69,0.41,0.37,2020-11-08,749,N,VIIRS,l,2,302.41,3.75,D,0
30.90033,75.34602,333.36,0.45,0.39,2020-11-08,749,N,VIIRS,n,2,301.29,3.52,D,0
30.90054,75.32669,335.47,0.45,0.39,2020-11-08,749,N,VIIRS,n,2,304.23,3.13,D,0
30.90087,75.45131,333.23,0.44,0.38,2020-11-08,749,N,VIIRS,l,2,303.29,4.58,D,0
30.90162,75.02325,346.73,0.46,0.39,2020-11-08,749,N,VIIRS,n,2,305.51,13.56,D,0
30.90241,75.3166,336.24,0.45,0.39,2020-11-08,749,N,VIIRS,n,2,303.98,2.56,D,0
30.90247,75.028,330.78,0.46,0.39,2020-11-08,749,N,VIIRS,n,2,304.99,3.03,D,0
30.90438,75.45048,332.29,0.44,0.38,2020-11-08,749,N,VIIRS,l,2,302.81,4.58,D,0
30.905,75.14571,336.65,0.45,0.39,2020-11-08,749,N,VIIRS,n,2,303.75,4.56,D,0
30.90528,76.48283,336.83,0.41,0.37,2020-11-08,749,N,VIIRS,n,2,303.28,3.85,D,0
30.90531,75.29173,347.73,0.45,0.39,2020-11-08,749,N,VIIRS,n,2,305.05,10.09,D,0
30.9055,75.3544,345.61,0.44,0.39,2020-11-08,749,N,VIIRS,n,2,301.95,8.38,D,0
30.90675,75.23805,338.61,0.45,0.39,2020-11-08,749,N,VIIRS,n,2,302.58,8.72,D,0
30.90784,76.39355,336.63,0.41,0.37,2020-11-08,749,N,VIIRS,n,2,300.64,2.6,D,0
30.90798,75.20367,338.81,0.45,0.39,2020-11-08,749,N,VIIRS,n,2,303.14,6.1,D,0
30.90855,75.14484,340.76,0.45,0.39,2020-11-08,749,N,VIIRS,n,2,304.83,4.56,D,0
30.90867,76.48206,344.36,0.41,0.37,2020-11-08,749,N,VIIRS,n,2,300.93,3.85,D,0
30.9094,75.5997,334.92,0.44,0.38,2020-11-08,749,N,VIIRS,n,2,302.74,3.16,D,0
30.90977,75.00639,345.41,0.46,0.39,2020-11-08,749,N,VIIRS,n,2,306.28,6.78,D,0
30.90979,76.3842,345.18,0.41,0.37,2020-11-08,749,N,VIIRS,n,2,309.22,18.23,D,0
30.91009,75.25668,345.47,0.45,0.39,2020-11-08,749,N,VIIRS,n,2,301.38,5.91,D,0
30.91028,75.31953,342.15,0.45,0.39,2020-11-08,749,N,VIIRS,n,2,304.62,3.42,D,0
30.91124,76.39277,338.41,0.41,0.37,2020-11-08,749,N,VIIRS,n,2,300.5,11.68,D,0
30.91147,75.51064,334.23,0.44,0.38,2020-11-08,749,N,VIIRS,l,2,306.08,4.73,D,0
30.91307,76.13861,341.05,0.42,0.38,2020-11-08,749,N,VIIRS,n,2,303.1,3.71,D,0
30.91381,75.31869,338.63,0.45,0.39,2020-11-08,749,N,VIIRS,n,2,305.58,8.78,D,0
30.91588,76.05179,333.12,0.42,0.38,2020-11-08,749,N,VIIRS,n,2,302.1,2.14,D,0
30.91759,75.44257,332.32,0.44,0.38,2020-11-08,749,N,VIIRS,n,2,302.07,2.94,D,0
30.91898,75.47084,340.88,0.44,0.38,2020-11-08,749,N,VIIRS,n,2,302.43,3.21,D,0
30.92131,75.19558,337.1,0.45,0.39,2020-11-08,749,N,VIIRS,n,2,304.44,8.23,D,0
30.92238,76.21312,338.25,0.42,0.37,2020-11-08,749,N,VIIRS,n,2,304.21,3.36,D,0
30.92413,76.38538,338.52,0.41,0.37,2020-11-08,749,N,VIIRS,n,2,302.96,3.61,D,0
30.92525,75.15551,334.64,0.45,0.39,2020-11-08,749,N,VIIRS,l,2,306.32,9.36,D,0
30.92656,75.65677,333.68,0.43,0.38,2020-11-08,749,N,VIIRS,n,2,302.71,6.1,D,0
30.92679,75.65794,339.29,0.43,0.38,2020-11-08,749,N,VIIRS,n,2,303.69,7.18,D,0
30.9288,75.15465,342.68,0.45,0.39,2020-11-08,749,N,VIIRS,n,2,308.47,18.61,D,0
30.92898,75.56803,332.84,0.44,0.38,2020-11-08,749,N,VIIRS,n,2,302.04,3.64,D,0
30.93027,75.65713,338.55,0.43,0.38,2020-11-08,749,N,VIIRS,n,2,302.53,4.47,D,0
30.93587,75.38077,334.17,0.44,0.39,2020-11-08,749,N,VIIRS,n,2,302.94,3.37,D,0
30.93643,75.65099,332.9,0.43,0.38,2020-11-08,749,N,VIIRS,n,2,304.08,2.52,D,0
30.93894,75.27397,334.7,0.45,0.39,2020-11-08,749,N,VIIRS,n,2,302.87,2.2,D,0
30.93944,75.15208,349.46,0.45,0.39,2020-11-08,749,N,VIIRS,n,2,310.4,26.1,D,0
30.93985,75.11271,337.49,0.45,0.39,2020-11-08,749,N,VIIRS,n,2,307.41,5.81,D,0
30.94076,75.40835,348.01,0.44,0.39,2020-11-08,749,N,VIIRS,n,2,304.74,13.48,D,0
30.9414,75.05025,346.85,0.46,0.39,2020-11-08,749,N,VIIRS,n,2,306.27,10.75,D,0
30.94166,75.15343,333.99,0.45,0.39,2020-11-08,749,N,VIIRS,n,2,303.05,17.23,D,0
30.94191,75.11414,344.74,0.45,0.39,2020-11-08,749,N,VIIRS,n,2,302.69,6.87,D,0
30.94215,75.4986,337.1,0.44,0.38,2020-11-08,749,N,VIIRS,n,2,300.83,2.98,D,0
30.94247,75.27312,341.59,0.45,0.39,2020-11-08,749,N,VIIRS,n,2,305.58,7.13,D,0
30.94339,75.64933,337.27,0.43,0.38,2020-11-08,749,N,VIIRS,n,2,304.04,3.1,D,0
30.94637,76.06291,332.23,0.42,0.38,2020-11-08,749,N,VIIRS,n,2,300.6,2.25,D,0
30.94762,75.18619,334.61,0.45,0.39,2020-11-08,749,N,VIIRS,n,2,303.77,1.97,D,0
30.9484,75.0683,332.93,0.46,0.39,2020-11-08,749,N,VIIRS,n,2,302.07,10.72,D,0
30.94883,75.57747,330.26,0.44,0.38,2020-11-08,749,N,VIIRS,l,2,301.66,1.47,D,0
30.94914,75.09274,340.29,0.45,0.39,2020-11-08,749,N,VIIRS,n,2,304.36,3.88,D,0
30.9511,75.06271,334.47,0.46,0.39,2020-11-08,749,N,VIIRS,n,2,302.8,1.79,D,0
30.95125,75.34344,340.17,0.44,0.39,2020-11-08,749,N,VIIRS,n,2,302.88,4.91,D,0
30.95196,75.06744,344.44,0.46,0.39,2020-11-08,749,N,VIIRS,n,2,307.12,10.72,D,0
30.95237,75.3912,342.39,0.44,0.39,2020-11-08,749,N,VIIRS,n,2,312.18,23.42,D,0
30.95308,76.3092,330.26,0.41,0.37,2020-11-08,749,N,VIIRS,n,2,302.74,1.01,D,0
30.95363,75.60462,331.25,0.44,0.38,2020-11-08,749,N,VIIRS,n,2,299.37,2.48,D,0
30.95371,75.19934,339.18,0.45,0.39,2020-11-08,749,N,VIIRS,n,2,304.98,5.44,D,0
30.95565,75.20191,336.56,0.45,0.39,2020-11-08,749,N,VIIRS,n,2,305.53,5.16,D,0
30.95701,75.66487,332.72,0.43,0.38,2020-11-08,749,N,VIIRS,n,2,302.02,4.18,D,0
30.9574,75.17896,347.55,0.45,0.39,2020-11-08,749,N,VIIRS,n,2,306.9,6.45,D,0
30.95828,75.52796,333.6,0.44,0.38,2020-11-08,749,N,VIIRS,n,2,303.91,3.68,D,0
30.95828,75.69262,345.72,0.43,0.38,2020-11-08,749,N,VIIRS,n,2,301.17,3.6,D,0
30.95854,75.32243,340.9,0.45,0.39,2020-11-08,749,N,VIIRS,n,2,303.43,5.13,D,0
30.95908,75.53252,332.17,0.44,0.38,2020-11-08,749,N,VIIRS,n,2,300.81,3.68,D,0
30.96093,75.1781,333.12,0.45,0.39,2020-11-08,749,N,VIIRS,n,2,302.47,3.79,D,0
30.96093,75.27351,335.23,0.45,0.39,2020-11-08,749,N,VIIRS,n,2,302.11,2.79,D,0
30.96175,75.6918,333.19,0.43,0.38,2020-11-08,749,N,VIIRS,n,2,300.76,3.6,D,0
30.962,75.26537,338.03,0.45,0.39,2020-11-08,749,N,VIIRS,n,2,302.17,3.65,D,0
30.96278,75.1679,334.08,0.45,0.39,2020-11-08,749,N,VIIRS,n,2,304.11,2.04,D,0
30.96318,75.43168,333.98,0.44,0.38,2020-11-08,749,N,VIIRS,l,2,306.71,9.93,D,0
30.96368,75.27464,332.94,0.45,0.39,2020-11-08,749,N,VIIRS,n,2,302.08,4.61,D,0
30.96507,75.42168,344.84,0.44,0.38,2020-11-08,749,N,VIIRS,n,2,305.92,15.52,D,0
30.96668,75.43085,333.15,0.44,0.38,2020-11-08,749,N,VIIRS,n,2,301.18,9.93,D,0
30.96676,75.10815,333.53,0.45,0.39,2020-11-08,749,N,VIIRS,n,2,302.32,5.27,D,0
30.96686,75.21079,345.51,0.45,0.39,2020-11-08,749,N,VIIRS,n,2,305.91,13.7,D,0
30.96754,75.23493,334.82,0.45,0.39,2020-11-08,749,N,VIIRS,n,2,303.72,3.12,D,0
30.96854,75.64809,332.27,0.43,0.38,2020-11-08,749,N,VIIRS,n,2,301.25,4.4,D,0
30.97047,75.41082,335.86,0.44,0.39,2020-11-08,749,N,VIIRS,n,2,303.11,5.6,D,0
30.97145,75.07257,330.77,0.46,0.39,2020-11-08,749,N,VIIRS,n,2,305.16,6.82,D,0
30.97231,75.07729,333.46,0.45,0.39,2020-11-08,749,N,VIIRS,n,2,306.47,6.82,D,0
30.97611,75.26198,333.37,0.45,0.39,2020-11-08,749,N,VIIRS,n,2,303.17,6.6,D,0
30.97964,75.26112,330.6,0.45,0.39,2020-11-08,749,N,VIIRS,l,2,302.04,6.6,D,0
30.9798,75.13932,336.74,0.45,0.39,2020-11-08,749,N,VIIRS,n,2,302.94,4.7,D,0
30.98056,75.04075,345.15,0.46,0.39,2020-11-08,749,N,VIIRS,n,2,309.12,19.08,D,0
30.98065,75.14401,334.59,0.45,0.39,2020-11-08,749,N,VIIRS,n,2,301.19,4.7,D,0
30.98065,75.24635,344.39,0.45,0.39,2020-11-08,749,N,VIIRS,n,2,307.03,12.92,D,0
30.98297,75.07471,336.6,0.45,0.39,2020-11-08,749,N,VIIRS,l,2,307.49,25.25,D,0
30.98335,75.24084,343.18,0.45,0.39,2020-11-08,749,N,VIIRS,n,2,309.71,28.46,D,0
30.98418,75.24549,343.6,0.45,0.39,2020-11-08,749,N,VIIRS,n,2,304.96,12.92,D,0
30.9842,75.14316,337.55,0.45,0.39,2020-11-08,749,N,VIIRS,n,2,300.61,5.65,D,0
30.98652,75.07384,347.38,0.45,0.39,2020-11-08,749,N,VIIRS,n,2,306.6,15.21,D,0
30.98656,75.1768,331.06,0.45,0.39,2020-11-08,749,N,VIIRS,n,2,301.42,1.76,D,0
30.98798,75.30745,333.76,0.45,0.39,2020-11-08,749,N,VIIRS,n,2,302.04,2.27,D,0
30.98842,75.16659,343.35,0.45,0.39,2020-11-08,749,N,VIIRS,n,2,309.05,21.57,D,0
30.98862,75.33139,332.56,0.44,0.39,2020-11-08,749,N,VIIRS,n,2,301.85,2.28,D,0
30.98909,75.19083,338.26,0.45,0.39,2020-11-08,749,N,VIIRS,n,2,305.71,3.76,D,0
30.9909,75.36448,335.28,0.44,0.39,2020-11-08,749,N,VIIRS,n,2,304.48,5.39,D,0
30.99213,75.14614,344.4,0.45,0.39,2020-11-08,749,N,VIIRS,n,2,304.52,11.39,D,0
30.99224,75.02307,338.91,0.46,0.39,2020-11-08,749,N,VIIRS,n,2,305.54,4.07,D,0
30.99347,75.19464,334.44,0.45,0.39,2020-11-08,749,N,VIIRS,l,2,305.07,15.81,D,0
30.99634,75.06653,333.93,0.46,0.39,2020-11-08,749,N,VIIRS,l,2,305.68,4.11,D,0
30.99719,75.07127,334.21,0.45,0.39,2020-11-08,749,N,VIIRS,l,2,304.54,4.11,D,0
30.99989,75.06567,334.15,0.46,0.39,2020-11-08,749,N,VIIRS,n,2,303.4,5.01,D,0
30.00207,75.17235,334.35,0.55,0.51,2020-11-09,730,N,VIIRS,n,2,300.64,3.49,D,0
30.00337,75.67495,335.82,0.51,0.49,2020-11-09,730,N,VIIRS,n,2,300.54,4.39,D,0
30.00564,75.25414,345.58,0.54,0.51,2020-11-09,730,N,VIIRS,n,2,301.42,8.96,D,0
30.00673,76.11393,351.04,0.48,0.48,2020-11-09,730,N,VIIRS,n,2,305.23,10.62,D,0
30.01017,75.09826,337.74,0.55,0.51,2020-11-09,730,N,VIIRS,n,2,301.24,11.47,D,0
30.01142,75.1039,340.19,0.55,0.51,2020-11-09,730,N,VIIRS,n,2,300.88,14.31,D,0
30.01426,76.12753,340.48,0.48,0.48,2020-11-09,730,N,VIIRS,n,2,303.68,5.72,D,0
30.01454,75.66068,341.08,0.51,0.49,2020-11-09,730,N,VIIRS,n,2,301.12,7.79,D,0
30.01821,75.76463,348.39,0.5,0.49,2020-11-09,730,N,VIIRS,n,2,302.01,11.85,D,0
30.01902,75.65941,335.59,0.51,0.49,2020-11-09,730,N,VIIRS,n,2,299.62,3.68,D,0
30.02389,75.16013,337.14,0.55,0.51,2020-11-09,730,N,VIIRS,n,2,300.07,5.86,D,0
30.02456,75.64111,335.56,0.51,0.5,2020-11-09,730,N,VIIRS,n,2,298.25,4.4,D,0
30.02508,75.90398,330.37,0.5,0.49,2020-11-09,730,N,VIIRS,n,2,298.41,1.67,D,0
30.02696,76.03456,343.4,0.49,0.48,2020-11-09,730,N,VIIRS,n,2,302.46,9.94,D,0
30.02711,76.01334,334.54,0.49,0.48,2020-11-09,730,N,VIIRS,n,2,301.13,3.54,D,0
30.02891,76.06568,341.06,0.49,0.48,2020-11-09,730,N,VIIRS,n,2,302.02,9.4,D,0
30.02963,76.11279,341.53,0.48,0.48,2020-11-09,730,N,VIIRS,n,2,301.77,7.17,D,0
30.03097,75.01368,336.36,0.56,0.51,2020-11-09,730,N,VIIRS,n,2,298.77,5.05,D,0
30.0334,75.59381,338.46,0.52,0.5,2020-11-09,730,N,VIIRS,n,2,302.01,5.32,D,0
30.03463,75.36255,341.85,0.53,0.5,2020-11-09,730,N,VIIRS,n,2,304.39,11.12,D,0
30.03574,75.35921,341.13,0.53,0.5,2020-11-09,730,N,VIIRS,n,2,302.76,7.4,D,0
30.03622,75.21587,340.73,0.54,0.51,2020-11-09,730,N,VIIRS,n,2,302.71,19.39,D,0
30.03784,76.04208,334.93,0.49,0.48,2020-11-09,730,N,VIIRS,n,2,301.47,2.21,D,0
30.03873,75.5076,336.11,0.52,0.5,2020-11-09,730,N,VIIRS,n,2,300.79,3.05,D,0
30.04159,75.38647,343.82,0.53,0.5,2020-11-09,730,N,VIIRS,n,2,305.86,12.32,D,0
30.04325,75.50629,341.82,0.52,0.5,2020-11-09,730,N,VIIRS,n,2,300.48,5.6,D,0
30.044,75.38299,346.61,0.53,0.5,2020-11-09,730,N,VIIRS,n,2,308.82,19.31,D,0
30.0449,75.71305,341.12,0.51,0.49,2020-11-09,730,N,VIIRS,n,2,301.42,8.99,D,0
30.04561,75.05785,332.2,0.55,0.51,2020-11-09,730,N,VIIRS,n,2,301.44,7.83,D,0
30.04574,76.01341,330.45,0.49,0.48,2020-11-09,730,N,VIIRS,l,2,300.83,4.71,D,0
30.04671,76.14981,336.75,0.48,0.48,2020-11-09,730,N,VIIRS,n,2,303.22,2.25,D,0
30.04741,75.41363,338.95,0.53,0.5,2020-11-09,730,N,VIIRS,n,2,301.02,4.81,D,0
30.04796,76.13383,341.07,0.48,0.48,2020-11-09,730,N,VIIRS,n,2,301.58,5.19,D,0
30.04926,75.99349,340.97,0.49,0.49,2020-11-09,730,N,VIIRS,n,2,301.43,4.88,D,0
30.0494,75.16465,349.86,0.55,0.51,2020-11-09,730,N,VIIRS,n,2,301.86,12.95,D,0
30.05035,75.9985,332.94,0.49,0.48,2020-11-09,730,N,VIIRS,n,2,302.16,4.88,D,0
30.05087,75.28226,334.96,0.54,0.51,2020-11-09,730,N,VIIRS,n,2,302.44,3.8,D,0
30.05107,76.1486,346.34,0.48,0.48,2020-11-09,730,N,VIIRS,n,2,304.37,7.35,D,0
30.05136,75.9959,350.22,0.49,0.49,2020-11-09,730,N,VIIRS,n,2,303.15,8.76,D,0
30.0537,75.97096,333.76,0.49,0.49,2020-11-09,730,N,VIIRS,n,2,300.28,3.7,D,0
30.05445,75.51723,334.12,0.52,0.5,2020-11-09,730,N,VIIRS,n,2,300.23,2.61,D,0
30.0548,76.10051,340.8,0.48,0.48,2020-11-09,730,N,VIIRS,n,2,303.86,7.69,D,0
30.05564,76.12646,340.5,0.48,0.48,2020-11-09,730,N,VIIRS,n,2,304.3,5.03,D,0
30.05573,75.51975,333.3,0.52,0.5,2020-11-09,730,N,VIIRS,n,2,299.99,2.35,D,0
30.05593,75.9733,333.41,0.49,0.49,2020-11-09,730,N,VIIRS,n,2,300.43,3.05,D,0
30.05792,76.11536,341.25,0.48,0.48,2020-11-09,730,N,VIIRS,n,2,304.07,7.26,D,0
30.05824,75.88391,337.63,0.5,0.49,2020-11-09,730,N,VIIRS,n,2,300.08,4.15,D,0
30.05919,75.97476,340.88,0.49,0.49,2020-11-09,730,N,VIIRS,n,2,301.54,9.57,D,0
30.0593,75.60327,333.84,0.51,0.5,2020-11-09,730,N,VIIRS,n,2,301.77,5.23,D,0
30.06021,76.10426,331.66,0.48,0.48,2020-11-09,730,N,VIIRS,l,2,303.57,3.97,D,0
30.06028,75.41289,343.15,0.53,0.5,2020-11-09,730,N,VIIRS,n,2,301.34,7.18,D,0
30.06109,76.06941,355.78,0.48,0.48,2020-11-09,730,N,VIIRS,n,2,301.81,11.91,D,0
30.06166,76.06704,341.71,0.48,0.48,2020-11-09,730,N,VIIRS,n,2,300.81,5.88,D,0
30.0627,76.07201,346.14,0.48,0.48,2020-11-09,730,N,VIIRS,n,2,299.75,9.4,D,0
30.06416,75.14249,336.68,0.55,0.51,2020-11-09,730,N,VIIRS,n,2,300.49,7.75,D,0
30.0657,76.00483,352.67,0.49,0.48,2020-11-09,730,N,VIIRS,n,2,301.02,7.02,D,0
30.0669,75.96728,343.24,0.49,0.49,2020-11-09,730,N,VIIRS,n,2,302.52,7.63,D,0
30.06833,75.6454,343.44,0.51,0.49,2020-11-09,730,N,VIIRS,n,2,299.33,4.79,D,0
30.07102,75.09769,356.7,0.55,0.51,2020-11-09,730,N,VIIRS,n,2,304.31,16.36,D,0
30.0713,75.96604,336.71,0.49,0.49,2020-11-09,730,N,VIIRS,n,2,299.56,7.63,D,0
30.07325,76.03976,331.29,0.49,0.48,2020-11-09,730,N,VIIRS,n,2,301.54,2.91,D,0
30.07403,75.09776,349.38,0.55,0.51,2020-11-09,730,N,VIIRS,n,2,303.2,15.84,D,0
30.07495,75.28117,341.39,0.54,0.51,2020-11-09,730,N,VIIRS,n,2,304.7,17.13,D,0
30.07511,76.1127,341.68,0.48,0.48,2020-11-09,730,N,VIIRS,n,2,304.62,11.59,D,0
30.07578,75.94345,331.58,0.49,0.49,2020-11-09,730,N,VIIRS,n,2,300.46,3.06,D,0
30.07642,76.11543,344.28,0.48,0.48,2020-11-09,730,N,VIIRS,n,2,304.88,10.63,D,0
30.07672,75.99115,340.9,0.49,0.48,2020-11-09,730,N,VIIRS,n,2,302.53,4.22,D,0
30.07841,75.69252,343.27,0.51,0.49,2020-11-09,730,N,VIIRS,n,2,301.69,9.93,D,0
30.08,75.21503,340.79,0.54,0.51,2020-11-09,730,N,VIIRS,n,2,301.72,5.53,D,0
30.08134,75.92583,344.07,0.49,0.49,2020-11-09,730,N,VIIRS,n,2,301.37,9.09,D,0
30.08219,75.99493,332.2,0.49,0.48,2020-11-09,730,N,VIIRS,n,2,301.82,3.77,D,0
30.08236,76.16588,333.82,0.48,0.48,2020-11-09,730,N,VIIRS,n,2,305.31,4.42,D,0
30.08243,76.16794,347.21,0.48,0.48,2020-11-09,730,N,VIIRS,n,2,307.8,12.52,D,0
30.08338,76.17078,356.22,0.48,0.48,2020-11-09,730,N,VIIRS,n,2,308.42,17.3,D,0
30.08348,76.17283,341.2,0.48,0.48,2020-11-09,730,N,VIIRS,n,2,306.19,10.46,D,0
30.08455,75.32505,341.24,0.53,0.5,2020-11-09,730,N,VIIRS,n,2,303.03,4.68,D,0
30.08622,75.53081,331.89,0.52,0.5,2020-11-09,730,N,VIIRS,n,2,300.84,4.06,D,0
30.08737,75.66781,341.68,0.51,0.49,2020-11-09,730,N,VIIRS,n,2,303.26,6.66,D,0
30.08739,75.53612,367,0.52,0.5,2020-11-09,730,N,VIIRS,h,2,304.98,24.97,D,0
30.08792,75.31826,334.49,0.53,0.5,2020-11-09,730,N,VIIRS,n,2,300.12,4.68,D,0
30.0882,75.67009,340.84,0.51,0.49,2020-11-09,730,N,VIIRS,n,2,302.59,6.35,D,0
30.08924,75.47893,355.54,0.52,0.5,2020-11-09,730,N,VIIRS,n,2,303.74,11.55,D,0
30.09056,76.077,335.01,0.48,0.48,2020-11-09,730,N,VIIRS,n,2,303.54,5.96,D,0
30.09098,75.99247,340.28,0.49,0.48,2020-11-09,730,N,VIIRS,n,2,303.62,6.02,D,0
30.09162,76.08195,340.49,0.48,0.48,2020-11-09,730,N,VIIRS,n,2,301.86,5.96,D,0
30.09184,75.66654,341.92,0.51,0.49,2020-11-09,730,N,VIIRS,n,2,301,6.66,D,0
30.09185,76.03986,340.28,0.49,0.48,2020-11-09,730,N,VIIRS,n,2,303.31,5.96,D,0
30.09189,75.53484,340.18,0.52,0.5,2020-11-09,730,N,VIIRS,n,2,300.46,7.62,D,0
30.09268,75.66883,334.53,0.51,0.49,2020-11-09,730,N,VIIRS,n,2,300.13,3.8,D,0
30.09811,76.09061,333.54,0.48,0.48,2020-11-09,730,N,VIIRS,n,2,303.91,2.25,D,0
30.1024,75.27322,331.31,0.54,0.51,2020-11-09,730,N,VIIRS,l,2,302.47,5.17,D,0
30.10416,75.34839,342.24,0.53,0.5,2020-11-09,730,N,VIIRS,n,2,304.02,10.56,D,0
30.10587,75.42282,346.92,0.53,0.5,2020-11-09,730,N,VIIRS,n,2,304.47,7.86,D,0
30.10628,76.1717,333.94,0.48,0.48,2020-11-09,730,N,VIIRS,n,2,303.69,1.44,D,0
30.10831,76.02997,337.41,0.49,0.48,2020-11-09,730,N,VIIRS,n,2,300.75,3.37,D,0
30.10933,75.63635,336.19,0.51,0.49,2020-11-09,730,N,VIIRS,n,2,302.1,3.07,D,0
30.11388,75.0913,355.33,0.55,0.51,2020-11-09,730,N,VIIRS,n,2,303.1,15.97,D,0
30.11413,75.97004,334.24,0.49,0.49,2020-11-09,730,N,VIIRS,n,2,301.68,4.4,D,0
30.11422,75.74541,334.02,0.5,0.49,2020-11-09,730,N,VIIRS,n,2,298.4,2.55,D,0
30.11536,75.1861,342.77,0.54,0.51,2020-11-09,730,N,VIIRS,n,2,303.82,6.39,D,0
30.11573,76.06475,349.01,0.48,0.48,2020-11-09,730,N,VIIRS,n,2,302.19,6.58,D,0
30.11689,76.19975,331.73,0.47,0.48,2020-11-09,730,N,VIIRS,l,2,302.52,6.5,D,0
30.11748,75.17366,345.62,0.54,0.51,2020-11-09,730,N,VIIRS,n,2,308.27,20.29,D,0
30.1187,75.48187,340.56,0.52,0.5,2020-11-09,730,N,VIIRS,n,2,301.68,3.5,D,0
30.11872,75.17921,339.14,0.54,0.51,2020-11-09,730,N,VIIRS,n,2,302.47,20.29,D,0
30.11935,75.6168,332.67,0.51,0.5,2020-11-09,730,N,VIIRS,n,2,301.4,8.94,D,0
30.12049,75.62206,342.34,0.51,0.49,2020-11-09,730,N,VIIRS,n,2,302.29,8.94,D,0
30.12092,75.93615,341.29,0.49,0.49,2020-11-09,730,N,VIIRS,n,2,300.57,5.78,D,0
30.12152,75.38384,334.72,0.53,0.5,2020-11-09,730,N,VIIRS,n,2,301.81,5.97,D,0
30.12544,75.16544,333.47,0.54,0.51,2020-11-09,730,N,VIIRS,n,2,301.26,4,D,0
30.12945,75.97638,341.99,0.49,0.48,2020-11-09,730,N,VIIRS,n,2,301.86,4.39,D,0
30.13096,76.07098,331.6,0.48,0.48,2020-11-09,730,N,VIIRS,n,2,304.75,3.38,D,0
30.13134,75.25796,341.93,0.54,0.51,2020-11-09,730,N,VIIRS,n,2,302.99,13.56,D,0
30.13201,76.07594,333.57,0.48,0.48,2020-11-09,730,N,VIIRS,l,2,304.23,5.15,D,0
30.13256,75.26347,335.6,0.54,0.51,2020-11-09,730,N,VIIRS,n,2,300.59,5.46,D,0
30.13288,75.04374,331.32,0.55,0.51,2020-11-09,730,N,VIIRS,n,2,300.47,1.99,D,0
30.1333,75.87582,330.84,0.49,0.49,2020-11-09,730,N,VIIRS,n,2,298.79,2.42,D,0
30.13371,75.55111,340.65,0.52,0.5,2020-11-09,730,N,VIIRS,n,2,301.58,6.55,D,0
30.13521,75.38447,338.83,0.53,0.5,2020-11-09,730,N,VIIRS,n,2,302.93,3.06,D,0
30.13632,75.38534,340.14,0.53,0.5,2020-11-09,730,N,VIIRS,n,2,302.85,4.31,D,0
30.13653,75.89959,335.4,0.49,0.49,2020-11-09,730,N,VIIRS,n,2,300.7,3.53,D,0
30.13671,76.03259,340.94,0.49,0.48,2020-11-09,730,N,VIIRS,n,2,300.56,9.58,D,0
30.13741,75.65616,333.96,0.51,0.49,2020-11-09,730,N,VIIRS,n,2,299.67,2.96,D,0
30.13829,75.35479,337.89,0.53,0.5,2020-11-09,730,N,VIIRS,n,2,304.36,5.68,D,0
30.13957,75.35555,342.3,0.53,0.5,2020-11-09,730,N,VIIRS,n,2,304.56,5.15,D,0
30.14066,75.94128,341.3,0.49,0.49,2020-11-09,730,N,VIIRS,n,2,301.72,5.48,D,0
30.14156,75.54324,344.88,0.52,0.5,2020-11-09,730,N,VIIRS,n,2,303.01,18.15,D,0
30.14202,75.19613,336.93,0.54,0.51,2020-11-09,730,N,VIIRS,n,2,301.19,3.48,D,0
30.14211,75.93764,331.14,0.49,0.49,2020-11-09,730,N,VIIRS,n,2,301.46,3.14,D,0
30.14213,75.87334,330.42,0.49,0.49,2020-11-09,730,N,VIIRS,n,2,299.44,2.7,D,0
30.14278,75.57099,340.99,0.51,0.5,2020-11-09,730,N,VIIRS,n,2,300.86,3.53,D,0
30.14293,75.26634,331.54,0.54,0.51,2020-11-09,730,N,VIIRS,n,2,300.45,2.29,D,0
30.14661,75.19481,345.33,0.54,0.51,2020-11-09,730,N,VIIRS,n,2,304.46,19.13,D,0
30.14842,75.24719,331.65,0.54,0.51,2020-11-09,730,N,VIIRS,n,2,301.65,9.21,D,0
30.14909,75.40348,333.26,0.53,0.5,2020-11-09,730,N,VIIRS,n,2,301.95,3.43,D,0
30.14927,75.05103,334.55,0.55,0.51,2020-11-09,730,N,VIIRS,n,2,302.02,4.55,D,0
30.14935,75.22931,330.52,0.54,0.51,2020-11-09,730,N,VIIRS,n,2,300.47,3.13,D,0
30.15005,75.40439,334.53,0.53,0.5,2020-11-09,730,N,VIIRS,n,2,302.43,4.79,D,0
30.15231,75.01999,345.99,0.55,0.51,2020-11-09,730,N,VIIRS,n,2,304.46,10.75,D,0
30.153,75.24587,353.91,0.54,0.51,2020-11-09,730,N,VIIRS,n,2,302.12,9.21,D,0
30.15396,75.13939,335.08,0.54,0.51,2020-11-09,730,N,VIIRS,n,2,302.67,2.97,D,0
30.15468,75.42595,334.16,0.52,0.5,2020-11-09,730,N,VIIRS,n,2,301.46,4.4,D,0
30.15524,75.97655,341.54,0.49,0.48,2020-11-09,730,N,VIIRS,n,2,303.32,3.6,D,0
30.15687,75.97401,341.18,0.49,0.48,2020-11-09,730,N,VIIRS,n,2,302.29,5.55,D,0
30.1572,75.93127,337.37,0.49,0.49,2020-11-09,730,N,VIIRS,n,2,301.85,5.75,D,0
30.1576,75.70568,335.73,0.51,0.49,2020-11-09,730,N,VIIRS,n,2,299.13,3.7,D,0
30.1576,75.8582,335.9,0.5,0.49,2020-11-09,730,N,VIIRS,n,2,299.25,6.25,D,0
30.15843,75.53279,341.71,0.52,0.5,2020-11-09,730,N,VIIRS,n,2,304.91,13.45,D,0
30.15971,75.93273,338.11,0.49,0.49,2020-11-09,730,N,VIIRS,n,2,301.85,7.64,D,0
30.16008,75.36584,343.71,0.53,0.5,2020-11-09,730,N,VIIRS,n,2,303.93,16.25,D,0
30.1604,75.10175,334.72,0.55,0.51,2020-11-09,730,N,VIIRS,n,2,302.66,3.29,D,0
30.16204,75.68237,342.07,0.51,0.49,2020-11-09,730,N,VIIRS,n,2,302.19,8.44,D,0
30.16299,76.02523,341.79,0.49,0.48,2020-11-09,730,N,VIIRS,n,2,304.16,3.47,D,0
30.16389,75.2953,340.37,0.53,0.5,2020-11-09,730,N,VIIRS,n,2,301.99,2.82,D,0
30.16438,75.34152,334.07,0.53,0.5,2020-11-09,730,N,VIIRS,n,2,302.43,3.63,D,0
30.16491,76.04249,335.46,0.48,0.48,2020-11-09,730,N,VIIRS,n,2,303.89,2.29,D,0
30.16498,76.02142,344.24,0.48,0.48,2020-11-09,730,N,VIIRS,n,2,303.99,5.97,D,0
30.16737,76.024,333.41,0.49,0.48,2020-11-09,730,N,VIIRS,n,2,302.95,3.47,D,0
30.16763,75.75224,338.67,0.5,0.49,2020-11-09,730,N,VIIRS,n,2,299.76,3.28,D,0
30.16828,76.01524,330.22,0.49,0.48,2020-11-09,730,N,VIIRS,l,2,303.61,2.54,D,0
30.16986,75.69669,336.75,0.51,0.49,2020-11-09,730,N,VIIRS,n,2,298.72,3.41,D,0
30.1707,76.01779,341.13,0.49,0.48,2020-11-09,730,N,VIIRS,n,2,303.17,5.04,D,0
30.1717,76.13272,347.74,0.48,0.48,2020-11-09,730,N,VIIRS,n,2,303.08,5.64,D,0
30.17267,76.01402,333.71,0.49,0.48,2020-11-09,730,N,VIIRS,n,2,301.02,2.54,D,0
30.17371,75.36191,335.07,0.53,0.5,2020-11-09,730,N,VIIRS,n,2,300.75,3.1,D,0
30.17562,76.09186,339.97,0.48,0.48,2020-11-09,730,N,VIIRS,n,2,302.61,7.43,D,0
30.17651,76.08968,348.02,0.48,0.48,2020-11-09,730,N,VIIRS,n,2,303.43,5.72,D,0
30.17661,75.30905,336.23,0.53,0.5,2020-11-09,730,N,VIIRS,n,2,300.46,2.84,D,0
30.1769,75.46397,330.6,0.52,0.5,2020-11-09,730,N,VIIRS,n,2,299.4,4.71,D,0
30.17927,76.00159,336.6,0.49,0.48,2020-11-09,730,N,VIIRS,n,2,303.67,3,D,0
30.1807,75.26128,335.41,0.54,0.5,2020-11-09,730,N,VIIRS,n,2,301.65,4.89,D,0
30.18423,76.11031,338.29,0.48,0.48,2020-11-09,730,N,VIIRS,n,2,302.68,3.12,D,0
30.185,76.10817,337.54,0.48,0.48,2020-11-09,730,N,VIIRS,n,2,303.49,2.17,D,0
30.18741,76.12502,332.71,0.48,0.48,2020-11-09,730,N,VIIRS,n,2,305.14,1.8,D,0
30.18752,76.10419,341.78,0.48,0.48,2020-11-09,730,N,VIIRS,n,2,301.88,6.57,D,0
30.18754,75.38096,339.21,0.53,0.5,2020-11-09,730,N,VIIRS,n,2,303.92,10.5,D,0
30.18808,76.12294,332.81,0.48,0.48,2020-11-09,730,N,VIIRS,n,2,304.85,2.13,D,0
30.18873,75.38637,338.94,0.53,0.5,2020-11-09,730,N,VIIRS,n,2,301.11,10.44,D,0
30.18935,76.10695,342.15,0.48,0.48,2020-11-09,730,N,VIIRS,n,2,303.48,5.92,D,0
30.19028,75.43741,340.04,0.52,0.5,2020-11-09,730,N,VIIRS,n,2,302.68,5.92,D,0
30.19065,76.17922,340.78,0.47,0.48,2020-11-09,730,N,VIIRS,n,2,303.05,3.49,D,0
30.19423,76.15238,344.1,0.48,0.48,2020-11-09,730,N,VIIRS,n,2,307.28,14.5,D,0
30.19441,75.25733,334.46,0.54,0.5,2020-11-09,730,N,VIIRS,n,2,301.97,4.29,D,0
30.19466,76.17992,367,0.47,0.48,2020-11-09,730,N,VIIRS,h,2,308.26,11.54,D,0
30.19493,76.1385,341.5,0.48,0.48,2020-11-09,730,N,VIIRS,n,2,304.9,10.51,D,0
30.19499,76.17802,343.02,0.47,0.48,2020-11-09,730,N,VIIRS,n,2,307.67,8.88,D,0
30.19551,76.13647,345.82,0.48,0.48,2020-11-09,730,N,VIIRS,n,2,308.19,14.13,D,0
30.19559,75.54899,353.54,0.51,0.5,2020-11-09,730,N,VIIRS,n,2,303.08,15.82,D,0
30.19585,76.1641,333.13,0.48,0.48,2020-11-09,730,N,VIIRS,n,2,302.01,5.2,D,0
30.196,76.18289,331.24,0.47,0.48,2020-11-09,730,N,VIIRS,n,2,302.61,5.63,D,0
30.19728,76.16704,340.21,0.48,0.48,2020-11-09,730,N,VIIRS,n,2,301.71,4.47,D,0
30.19809,76.15316,351.74,0.48,0.48,2020-11-09,730,N,VIIRS,n,2,306.31,16.22,D,0
30.19857,76.15117,337.98,0.48,0.48,2020-11-09,730,N,VIIRS,n,2,303.39,5.27,D,0
30.19898,75.256,345.36,0.54,0.5,2020-11-09,730,N,VIIRS,n,2,303,8.38,D,0
30.19928,76.1373,341.69,0.48,0.48,2020-11-09,730,N,VIIRS,n,2,302.18,10.51,D,0
30.20002,76.01165,341.53,0.48,0.48,2020-11-09,730,N,VIIRS,n,2,304.06,8.29,D,0
30.20024,75.14969,331.76,0.54,0.51,2020-11-09,730,N,VIIRS,l,2,302.66,2.68,D,0
30.20138,75.57536,335.45,0.51,0.5,2020-11-09,730,N,VIIRS,n,2,301.3,4.02,D,0
30.20257,75.15232,332.35,0.54,0.51,2020-11-09,730,N,VIIRS,n,2,302.9,2.56,D,0
30.20315,75.34192,333.34,0.53,0.5,2020-11-09,730,N,VIIRS,n,2,301.32,1.73,D,0
30.20568,75.97303,332.42,0.49,0.48,2020-11-09,730,N,VIIRS,n,2,302.24,4.07,D,0
30.20686,76.25687,331.78,0.47,0.48,2020-11-09,730,N,VIIRS,n,2,302.72,2.1,D,0
30.20779,75.67487,340.33,0.51,0.49,2020-11-09,730,N,VIIRS,n,2,299.18,6.34,D,0
30.20888,75.34604,334.51,0.53,0.5,2020-11-09,730,N,VIIRS,n,2,301.78,3.34,D,0
30.20972,75.67842,339.27,0.51,0.49,2020-11-09,730,N,VIIRS,n,2,298.4,10.91,D,0
30.21295,75.64989,340.69,0.51,0.49,2020-11-09,730,N,VIIRS,n,2,299.14,6.14,D,0
30.21305,75.67197,330.11,0.51,0.49,2020-11-09,730,N,VIIRS,n,2,297.85,3.18,D,0
30.21406,75.43629,333.11,0.52,0.5,2020-11-09,730,N,VIIRS,n,2,301.96,3.26,D,0
30.21609,75.59906,340.1,0.51,0.49,2020-11-09,730,N,VIIRS,n,2,300.69,2.66,D,0
30.21644,75.29173,340.64,0.53,0.5,2020-11-09,730,N,VIIRS,n,2,300.28,3.98,D,0
30.21739,76.17876,353.98,0.47,0.48,2020-11-09,730,N,VIIRS,n,2,307.88,21.5,D,0
30.21839,75.83566,330.12,0.5,0.49,2020-11-09,730,N,VIIRS,n,2,298.67,3.92,D,0
30.21962,75.29385,338.21,0.53,0.5,2020-11-09,730,N,VIIRS,n,2,301.43,5.42,D,0
30.22099,75.29041,337.33,0.53,0.5,2020-11-09,730,N,VIIRS,n,2,300.94,3.98,D,0
30.22189,75.64737,334.74,0.51,0.49,2020-11-09,730,N,VIIRS,n,2,299.85,3.28,D,0
30.22254,75.17609,341.06,0.54,0.51,2020-11-09,730,N,VIIRS,n,2,304.13,8.25,D,0
30.22276,75.58601,339.71,0.51,0.49,2020-11-09,730,N,VIIRS,n,2,300.8,6.66,D,0
30.22636,75.64611,340.36,0.51,0.49,2020-11-09,730,N,VIIRS,n,2,298.98,7.22,D,0
30.22643,75.76286,330.75,0.5,0.49,2020-11-09,730,N,VIIRS,n,2,300.3,5.37,D,0
30.22654,75.96184,331.93,0.49,0.48,2020-11-09,730,N,VIIRS,n,2,301.6,2.03,D,0
30.22721,75.36379,339.41,0.53,0.5,2020-11-09,730,N,VIIRS,n,2,301.39,7.95,D,0
30.22728,76.16056,338.66,0.47,0.48,2020-11-09,730,N,VIIRS,n,2,304.79,2.86,D,0
30.22757,76.24773,344.08,0.47,0.48,2020-11-09,730,N,VIIRS,n,2,304.58,10.05,D,0
30.22779,75.76098,332.79,0.5,0.49,2020-11-09,730,N,VIIRS,n,2,300.39,2.99,D,0
30.23123,75.47116,342.1,0.52,0.5,2020-11-09,730,N,VIIRS,n,2,303.08,6.39,D,0
30.23265,76.16423,341.25,0.47,0.48,2020-11-09,730,N,VIIRS,n,2,303.11,7.56,D,0
30.23319,75.94933,336.53,0.49,0.48,2020-11-09,730,N,VIIRS,n,2,302.62,3.51,D,0
30.23435,75.41905,333.54,0.52,0.5,2020-11-09,730,N,VIIRS,n,2,300.24,5.35,D,0
30.2345,75.20793,337.25,0.54,0.51,2020-11-09,730,N,VIIRS,n,2,301.12,3.54,D,0
30.23621,75.58219,345.1,0.51,0.49,2020-11-09,730,N,VIIRS,n,2,301.69,7,D,0
30.23758,75.94809,339.18,0.49,0.48,2020-11-09,730,N,VIIRS,n,2,299.52,4.58,D,0
30.2382,76.01675,337.2,0.48,0.48,2020-11-09,730,N,VIIRS,n,2,301.73,4.06,D,0
30.23824,75.52559,341.52,0.52,0.5,2020-11-09,730,N,VIIRS,n,2,301.08,4.43,D,0
30.23843,75.33474,341.23,0.53,0.5,2020-11-09,730,N,VIIRS,n,2,304.6,6.7,D,0
30.23952,75.33142,339.39,0.53,0.5,2020-11-09,730,N,VIIRS,n,2,303.36,3.22,D,0
30.24023,75.12365,341.14,0.54,0.51,2020-11-09,730,N,VIIRS,n,2,303.43,9.26,D,0
30.24183,75.58617,335.79,0.51,0.49,2020-11-09,730,N,VIIRS,n,2,299.78,3.63,D,0
30.24381,76.23811,337.26,0.47,0.48,2020-11-09,730,N,VIIRS,n,2,302.86,3.15,D,0
30.24539,75.08047,350.76,0.55,0.51,2020-11-09,730,N,VIIRS,n,2,305.85,8.58,D,0
30.24547,75.25738,346.01,0.53,0.5,2020-11-09,730,N,VIIRS,n,2,305.51,13.46,D,0
30.24662,75.08607,334.14,0.55,0.51,2020-11-09,730,N,VIIRS,n,2,300.62,8.58,D,0
30.24863,75.93436,332.39,0.49,0.48,2020-11-09,730,N,VIIRS,n,2,299.79,1.5,D,0
30.24953,75.96066,340.64,0.49,0.48,2020-11-09,730,N,VIIRS,n,2,301.77,6.16,D,0
30.25,75.07912,343.79,0.55,0.51,2020-11-09,730,N,VIIRS,n,2,303.02,9.12,D,0
30.25083,76.18491,340.67,0.47,0.48,2020-11-09,730,N,VIIRS,n,2,302.61,4.19,D,0
30.25138,75.43125,330.9,0.52,0.5,2020-11-09,730,N,VIIRS,n,2,300.39,2.72,D,0
30.25207,76.36244,343.01,0.46,0.47,2020-11-09,730,N,VIIRS,n,2,311.9,44.76,D,0
30.25213,75.06655,334.52,0.55,0.51,2020-11-09,730,N,VIIRS,n,2,303.28,4.7,D,0
30.2522,75.15572,336.85,0.54,0.51,2020-11-09,730,N,VIIRS,n,2,301.29,3.58,D,0
30.25392,75.95942,341.79,0.49,0.48,2020-11-09,730,N,VIIRS,n,2,302.43,6.16,D,0
30.25401,75.53231,338.36,0.51,0.5,2020-11-09,730,N,VIIRS,n,2,301.16,5.97,D,0
30.25544,75.43294,351.29,0.52,0.5,2020-11-09,730,N,VIIRS,n,2,306.22,24.08,D,0
30.2559,75.42994,339.14,0.52,0.5,2020-11-09,730,N,VIIRS,n,2,303.94,11.92,D,0
30.25648,75.13081,331.03,0.54,0.51,2020-11-09,730,N,VIIRS,n,2,302.49,3.43,D,0
30.25657,75.67617,340.21,0.51,0.49,2020-11-09,730,N,VIIRS,n,2,300.86,12.94,D,0
30.25706,75.43531,340.94,0.52,0.5,2020-11-09,730,N,VIIRS,n,2,300.64,13.08,D,0
30.25748,75.57053,340.99,0.51,0.5,2020-11-09,730,N,VIIRS,n,2,300.44,4.79,D,0
30.25881,76.24414,333.54,0.47,0.48,2020-11-09,730,N,VIIRS,n,2,302.62,3.06,D,0
30.25996,75.73553,332.63,0.5,0.49,2020-11-09,730,N,VIIRS,n,2,297.65,3.14,D,0
30.26016,75.14751,341.96,0.54,0.51,2020-11-09,730,N,VIIRS,n,2,304.51,10.93,D,0
30.26041,75.9682,330.51,0.49,0.48,2020-11-09,730,N,VIIRS,n,2,300.63,1.3,D,0
30.26102,75.67491,334.51,0.51,0.49,2020-11-09,730,N,VIIRS,n,2,299.25,7.98,D,0
30.2614,75.38839,330.22,0.52,0.5,2020-11-09,730,N,VIIRS,n,2,302.42,2.52,D,0
30.26187,76.25858,346,0.47,0.48,2020-11-09,730,N,VIIRS,n,2,303.02,6.51,D,0
30.26188,75.3969,340.77,0.52,0.5,2020-11-09,730,N,VIIRS,n,2,301.92,4.31,D,0
30.26216,75.70208,341.02,0.5,0.49,2020-11-09,730,N,VIIRS,n,2,301.43,6.28,D,0
30.26217,75.72397,347.93,0.5,0.49,2020-11-09,730,N,VIIRS,n,2,299.66,7.24,D,0
30.263,75.52975,338.82,0.51,0.5,2020-11-09,730,N,VIIRS,n,2,300.62,6.14,D,0
30.26371,75.39916,342.22,0.52,0.5,2020-11-09,730,N,VIIRS,n,2,300.51,5.6,D,0
30.26402,75.38486,333.37,0.52,0.5,2020-11-09,730,N,VIIRS,n,2,302.79,2.38,D,0
30.26423,75.57977,340.07,0.51,0.49,2020-11-09,730,N,VIIRS,n,2,299.42,7.3,D,0
30.2645,75.32148,334.29,0.53,0.5,2020-11-09,730,N,VIIRS,n,2,302.76,4.12,D,0
30.26462,76.20674,342.57,0.47,0.48,2020-11-09,730,N,VIIRS,n,2,308.47,13.54,D,0
30.26466,76.37903,332.47,0.46,0.47,2020-11-09,730,N,VIIRS,n,2,301.97,3.42,D,0
30.26566,75.43571,343.74,0.52,0.5,2020-11-09,730,N,VIIRS,n,2,302.86,8.9,D,0
30.26569,76.29815,335.97,0.47,0.47,2020-11-09,730,N,VIIRS,n,2,303.37,2.9,D,0
30.26689,75.33233,340.23,0.53,0.5,2020-11-09,730,N,VIIRS,n,2,303.09,7.15,D,0
30.26724,75.43809,340.81,0.52,0.5,2020-11-09,730,N,VIIRS,n,2,302.7,9.15,D,0
30.26803,75.22755,336.04,0.54,0.5,2020-11-09,730,N,VIIRS,n,2,299.83,2.27,D,0
30.26812,75.13928,342.2,0.54,0.51,2020-11-09,730,N,VIIRS,n,2,302.43,8.87,D,0
30.269,75.98696,339.1,0.49,0.48,2020-11-09,730,N,VIIRS,n,2,302.9,3.88,D,0
30.26904,75.03165,333.55,0.55,0.51,2020-11-09,730,N,VIIRS,l,2,305.2,4.97,D,0
30.26904,75.32017,336.98,0.53,0.5,2020-11-09,730,N,VIIRS,n,2,301.64,4.12,D,0
30.26935,75.05556,341.46,0.55,0.51,2020-11-09,730,N,VIIRS,n,2,304.3,9.51,D,0
30.26947,76.33749,340.87,0.46,0.47,2020-11-09,730,N,VIIRS,n,2,305.81,7.73,D,0
30.26994,75.75996,340.05,0.5,0.49,2020-11-09,730,N,VIIRS,n,2,299.47,4.28,D,0
30.27145,75.03469,333.29,0.55,0.51,2020-11-09,730,N,VIIRS,n,2,302.88,6.9,D,0
30.27191,76.13259,341.89,0.48,0.48,2020-11-09,730,N,VIIRS,n,2,304.65,5.03,D,0
30.27217,75.74844,332.23,0.5,0.49,2020-11-09,730,N,VIIRS,n,2,297.04,7.48,D,0
30.27327,75.18497,333.34,0.54,0.51,2020-11-09,730,N,VIIRS,n,2,300.53,7.15,D,0
30.27421,75.16703,340.7,0.54,0.51,2020-11-09,730,N,VIIRS,n,2,303.07,10.28,D,0
30.27457,75.1018,330.93,0.54,0.51,2020-11-09,730,N,VIIRS,n,2,300.93,2.29,D,0
30.27702,75.11297,334.34,0.54,0.51,2020-11-09,730,N,VIIRS,n,2,302.74,4.91,D,0
30.27803,75.4265,337.16,0.52,0.5,2020-11-09,730,N,VIIRS,n,2,301.14,2.69,D,0
30.27884,75.64777,331.46,0.51,0.49,2020-11-09,730,N,VIIRS,n,2,298.24,2.57,D,0
30.27934,76.31965,342.9,0.46,0.47,2020-11-09,730,N,VIIRS,n,2,302.65,4.49,D,0
30.27995,75.63086,336.38,0.51,0.49,2020-11-09,730,N,VIIRS,n,2,297.97,2.83,D,0
30.27997,75.67503,349.16,0.5,0.49,2020-11-09,730,N,VIIRS,n,2,304.15,20.11,D,0
30.2804,75.10605,338.6,0.54,0.51,2020-11-09,730,N,VIIRS,n,2,301.61,4.91,D,0
30.28135,76.32917,332.7,0.46,0.47,2020-11-09,730,N,VIIRS,l,2,304.21,3.78,D,0
30.28148,75.31081,333.06,0.53,0.5,2020-11-09,730,N,VIIRS,n,2,300.84,1.51,D,0
30.28267,76.22729,333.37,0.47,0.48,2020-11-09,730,N,VIIRS,n,2,302.2,3.42,D,0
30.28308,76.35889,332.26,0.46,0.47,2020-11-09,730,N,VIIRS,n,2,302.36,2.43,D,0
30.28431,75.36758,330.24,0.53,0.5,2020-11-09,730,N,VIIRS,n,2,299.67,2.63,D,0
30.28441,75.69575,333.64,0.5,0.49,2020-11-09,730,N,VIIRS,n,2,299.83,16.47,D,0
30.28552,75.70092,341.61,0.5,0.49,2020-11-09,730,N,VIIRS,n,2,305.63,16.47,D,0
30.28581,75.28642,340.6,0.53,0.5,2020-11-09,730,N,VIIRS,n,2,306.78,12.89,D,0
30.28613,75.94342,341.93,0.49,0.48,2020-11-09,730,N,VIIRS,n,2,306.68,13.69,D,0
30.28687,75.40117,335.27,0.52,0.5,2020-11-09,730,N,VIIRS,n,2,301.07,7.05,D,0
30.29091,75.01926,330.73,0.55,0.51,2020-11-09,730,N,VIIRS,n,2,301.41,2.76,D,0
30.29165,76.35651,352.77,0.46,0.47,2020-11-09,730,N,VIIRS,n,2,306.7,21.83,D,0
30.2923,76.03656,339.22,0.48,0.48,2020-11-09,730,N,VIIRS,n,2,304.08,4.75,D,0
30.29274,75.93094,340.69,0.49,0.48,2020-11-09,730,N,VIIRS,n,2,301.87,4.95,D,0
30.29312,76.16797,330.59,0.47,0.48,2020-11-09,730,N,VIIRS,n,2,303.61,2.13,D,0
30.29666,76.03535,341.74,0.48,0.48,2020-11-09,730,N,VIIRS,n,2,304.1,4.75,D,0
30.29723,76.33988,330.34,0.46,0.47,2020-11-09,730,N,VIIRS,n,2,300.48,2.01,D,0
30.2976,75.77929,341.58,0.5,0.49,2020-11-09,730,N,VIIRS,n,2,301.8,10.53,D,0
30.29803,75.97711,335.22,0.48,0.48,2020-11-09,730,N,VIIRS,n,2,303.03,1.78,D,0
30.29926,75.25932,337.63,0.53,0.5,2020-11-09,730,N,VIIRS,n,2,303.14,6.49,D,0
30.29944,75.41464,332.09,0.52,0.5,2020-11-09,730,N,VIIRS,n,2,301.6,4.41,D,0
30.29957,75.11595,342.1,0.54,0.51,2020-11-09,730,N,VIIRS,n,2,301.93,6.25,D,0
30.30123,75.11185,330.74,0.54,0.51,2020-11-09,730,N,VIIRS,n,2,298.82,8.78,D,0
30.30211,75.4706,350.38,0.52,0.5,2020-11-09,730,N,VIIRS,n,2,300.85,8.18,D,0
30.30429,75.45866,330.45,0.52,0.5,2020-11-09,730,N,VIIRS,n,2,300.86,3.32,D,0
30.3053,75.18504,334.39,0.54,0.51,2020-11-09,730,N,VIIRS,n,2,303.35,3.91,D,0
30.30717,75.55901,333.28,0.51,0.49,2020-11-09,730,N,VIIRS,n,2,298.8,3.61,D,0
30.30758,75.29752,342.63,0.53,0.5,2020-11-09,730,N,VIIRS,n,2,304.59,6.2,D,0
30.30773,75.1867,333.92,0.54,0.51,2020-11-09,730,N,VIIRS,n,2,302.85,3.81,D,0
30.30996,75.70493,350.46,0.5,0.49,2020-11-09,730,N,VIIRS,n,2,299.72,8.21,D,0
30.30998,75.98958,345.24,0.48,0.48,2020-11-09,730,N,VIIRS,n,2,304.35,5.26,D,0
30.3101,75.70186,331.64,0.5,0.49,2020-11-09,730,N,VIIRS,n,2,296.78,5.1,D,0
30.31081,76.03662,340.45,0.48,0.48,2020-11-09,730,N,VIIRS,n,2,303.72,4.92,D,0
30.31123,75.70701,346.18,0.5,0.49,2020-11-09,730,N,VIIRS,n,2,299.73,5.1,D,0
30.31187,76.04156,340.71,0.48,0.48,2020-11-09,730,N,VIIRS,n,2,304.13,7.34,D,0
30.31198,75.42809,334.37,0.52,0.5,2020-11-09,730,N,VIIRS,n,2,301.2,4.52,D,0
30.31372,76.09319,332.52,0.48,0.48,2020-11-09,730,N,VIIRS,n,2,302.43,2.96,D,0
30.31546,75.09948,331.32,0.54,0.51,2020-11-09,730,N,VIIRS,n,2,300.48,3.64,D,0
30.31645,75.62302,331.56,0.51,0.49,2020-11-09,730,N,VIIRS,n,2,299.24,4.23,D,0
30.31684,75.93479,339.85,0.49,0.48,2020-11-09,730,N,VIIRS,l,2,310.46,30.58,D,0
30.3193,75.05076,333.1,0.55,0.51,2020-11-09,730,N,VIIRS,n,2,301.38,4.08,D,0
30.32004,75.68259,337.3,0.5,0.49,2020-11-09,730,N,VIIRS,n,2,299.38,12.76,D,0
30.32117,75.68775,348.89,0.5,0.49,2020-11-09,730,N,VIIRS,n,2,304.31,33.11,D,0
30.32186,75.58267,338.69,0.51,0.49,2020-11-09,730,N,VIIRS,n,2,301.5,4.13,D,0
30.32238,75.17424,339.01,0.54,0.51,2020-11-09,730,N,VIIRS,n,2,304.5,3.3,D,0
30.32307,75.76664,340.49,0.5,0.49,2020-11-09,730,N,VIIRS,n,2,301.86,7.52,D,0
30.3233,76.11641,346.35,0.48,0.48,2020-11-09,730,N,VIIRS,n,2,303.62,6.64,D,0
30.32361,75.7634,343.14,0.5,0.49,2020-11-09,730,N,VIIRS,n,2,302,7.25,D,0
30.32483,75.17583,333.69,0.54,0.51,2020-11-09,730,N,VIIRS,n,2,304.02,4.59,D,0
30.32583,75.88966,330.31,0.49,0.49,2020-11-09,730,N,VIIRS,l,2,302.42,2.98,D,0
30.32674,75.2373,332.07,0.53,0.5,2020-11-09,730,N,VIIRS,n,2,299.56,2.47,D,0
30.32726,75.04244,350.84,0.55,0.51,2020-11-09,730,N,VIIRS,n,2,304.95,15.58,D,0
30.32761,75.23363,337.41,0.53,0.5,2020-11-09,730,N,VIIRS,n,2,302.27,3.88,D,0
30.32813,75.02422,340.82,0.55,0.51,2020-11-09,730,N,VIIRS,n,2,303.09,12.24,D,0
30.33275,75.02287,347.35,0.55,0.51,2020-11-09,730,N,VIIRS,n,2,304.7,12.24,D,0
30.33312,75.3707,343.9,0.52,0.5,2020-11-09,730,N,VIIRS,n,2,304.26,8.81,D,0
30.33429,75.37608,333,0.52,0.5,2020-11-09,730,N,VIIRS,n,2,300.98,8.81,D,0
30.33756,75.58931,339.88,0.51,0.49,2020-11-09,730,N,VIIRS,n,2,300.39,3.6,D,0
30.33808,75.25967,341.73,0.53,0.5,2020-11-09,730,N,VIIRS,n,2,304.73,7.34,D,0
30.3392,75.83458,330.62,0.49,0.49,2020-11-09,730,N,VIIRS,n,2,303.24,3.21,D,0
30.34011,75.29726,330.05,0.53,0.5,2020-11-09,730,N,VIIRS,l,2,301.93,1.1,D,0
30.34072,75.25655,343.23,0.53,0.5,2020-11-09,730,N,VIIRS,n,2,305.16,7.26,D,0
30.34129,75.73668,338.18,0.5,0.49,2020-11-09,730,N,VIIRS,n,2,301.05,3.85,D,0
30.34176,75.29917,330.43,0.53,0.5,2020-11-09,730,N,VIIRS,l,2,301.77,3.75,D,0
30.3421,75.61019,339.83,0.51,0.49,2020-11-09,730,N,VIIRS,n,2,299.62,6.96,D,0
30.34771,75.26614,342.34,0.53,0.5,2020-11-09,730,N,VIIRS,n,2,307.14,14.22,D,0
30.34795,75.86202,335.29,0.49,0.49,2020-11-09,730,N,VIIRS,n,2,301.82,3.59,D,0
30.35129,75.76101,340.69,0.5,0.49,2020-11-09,730,N,VIIRS,n,2,301.71,7.78,D,0
30.35133,75.28248,340.5,0.53,0.5,2020-11-09,730,N,VIIRS,n,2,302.02,2.85,D,0
30.3519,75.06507,332.93,0.54,0.51,2020-11-09,730,N,VIIRS,n,2,299.5,5.39,D,0
30.35198,75.15391,339.13,0.54,0.51,2020-11-09,730,N,VIIRS,n,2,302.14,4.79,D,0
30.35313,75.07068,338.95,0.54,0.51,2020-11-09,730,N,VIIRS,n,2,301.87,5.39,D,0
30.35649,75.06373,367,0.54,0.51,2020-11-09,730,N,VIIRS,h,2,303.07,16.39,D,0
30.35686,75.17601,341.04,0.54,0.51,2020-11-09,730,N,VIIRS,n,2,306.04,10.86,D,0
30.35959,75.47104,344.51,0.52,0.5,2020-11-09,730,N,VIIRS,n,2,303.92,16.67,D,0
30.35989,76.13717,333.09,0.47,0.48,2020-11-09,730,N,VIIRS,n,2,302.52,2.55,D,0
30.36015,75.80177,332.87,0.49,0.49,2020-11-09,730,N,VIIRS,n,2,300.72,4.96,D,0
30.3605,76.1833,337.26,0.47,0.48,2020-11-09,730,N,VIIRS,n,2,303.01,2.83,D,0
30.36233,75.06798,341.34,0.54,0.51,2020-11-09,730,N,VIIRS,n,2,303.24,16.39,D,0
30.36259,75.37363,341.79,0.52,0.5,2020-11-09,730,N,VIIRS,n,2,303.17,7.78,D,0
30.36263,75.37685,367,0.52,0.5,2020-11-09,730,N,VIIRS,h,2,303.2,13.11,D,0
30.36375,75.379,340.83,0.52,0.5,2020-11-09,730,N,VIIRS,n,2,301.86,7.78,D,0
30.36403,75.29615,340.84,0.53,0.5,2020-11-09,730,N,VIIRS,n,2,302,10.11,D,0
30.36463,76.09446,334.92,0.48,0.48,2020-11-09,730,N,VIIRS,n,2,302.74,3.08,D,0
30.36497,75.27854,330.1,0.53,0.5,2020-11-09,730,N,VIIRS,l,2,302.25,1.54,D,0
30.36738,75.28942,339.86,0.53,0.5,2020-11-09,730,N,VIIRS,n,2,302.39,6.48,D,0
30.36789,75.77255,341.28,0.5,0.49,2020-11-09,730,N,VIIRS,n,2,302.21,6.76,D,0
30.37538,76.10181,340.92,0.48,0.48,2020-11-09,730,N,VIIRS,n,2,304.44,5.34,D,0
30.37973,75.16936,343.03,0.54,0.51,2020-11-09,730,N,VIIRS,n,2,308.18,80.8,D,0
30.37994,75.96987,330.91,0.48,0.48,2020-11-09,730,N,VIIRS,n,2,301.79,3.22,D,0
30.38071,75.37167,348.86,0.52,0.5,2020-11-09,730,N,VIIRS,n,2,303.69,7.24,D,0
30.38287,75.35961,355.21,0.52,0.5,2020-11-09,730,N,VIIRS,n,2,303.68,14.77,D,0
30.38296,75.95002,335.06,0.48,0.48,2020-11-09,730,N,VIIRS,n,2,303.44,2.88,D,0
30.38363,76.22791,332.98,0.47,0.48,2020-11-09,730,N,VIIRS,n,2,302.8,4.96,D,0
30.38465,76.23271,341.91,0.47,0.48,2020-11-09,730,N,VIIRS,n,2,304.21,4.96,D,0
30.38509,76.10428,330.31,0.48,0.48,2020-11-09,730,N,VIIRS,n,2,301.77,2.23,D,0
30.38525,75.91765,334.66,0.49,0.48,2020-11-09,730,N,VIIRS,n,2,303.21,7.11,D,0
30.38614,76.28299,330.79,0.46,0.47,2020-11-09,730,N,VIIRS,l,2,303.92,1.37,D,0
30.38619,75.13216,348.4,0.54,0.51,2020-11-09,730,N,VIIRS,n,2,307.6,17.48,D,0
30.38651,75.26653,338.96,0.53,0.5,2020-11-09,730,N,VIIRS,n,2,303.41,4.11,D,0
30.38674,75.28958,348.99,0.53,0.5,2020-11-09,730,N,VIIRS,n,2,304.18,10.32,D,0
30.38675,75.64161,355.53,0.5,0.49,2020-11-09,730,N,VIIRS,n,2,303.17,18.38,D,0
30.3887,75.51631,343.37,0.51,0.5,2020-11-09,730,N,VIIRS,n,2,306.03,11.34,D,0
30.38891,75.51881,367,0.51,0.5,2020-11-09,730,N,VIIRS,h,2,305.49,18.71,D,0
30.38943,76.10305,345.19,0.48,0.48,2020-11-09,730,N,VIIRS,n,2,305.96,6.27,D,0
30.38964,75.9164,346.9,0.49,0.48,2020-11-09,730,N,VIIRS,n,2,303.62,7.11,D,0
30.38986,75.52158,340.59,0.51,0.49,2020-11-09,730,N,VIIRS,n,2,301.6,11.34,D,0
30.39008,75.67914,336.76,0.5,0.49,2020-11-09,730,N,VIIRS,n,2,300.47,3.48,D,0
30.39045,76.10794,332.42,0.47,0.48,2020-11-09,730,N,VIIRS,n,2,303.37,6.27,D,0
30.39106,75.2652,340.66,0.53,0.5,2020-11-09,730,N,VIIRS,n,2,304.81,4.79,D,0
30.39172,75.11282,344.85,0.54,0.51,2020-11-09,730,N,VIIRS,n,2,305.69,11.53,D,0
30.39191,75.35701,341.66,0.52,0.5,2020-11-09,730,N,VIIRS,n,2,306.12,10.54,D,0
30.39211,75.37981,338.45,0.52,0.5,2020-11-09,730,N,VIIRS,n,2,302.86,2.26,D,0
30.39265,75.09479,337.45,0.54,0.51,2020-11-09,730,N,VIIRS,n,2,300.39,6.69,D,0
30.39318,75.51504,339.97,0.51,0.5,2020-11-09,730,N,VIIRS,n,2,302.24,11.34,D,0
30.39339,75.51752,351.65,0.51,0.5,2020-11-09,730,N,VIIRS,n,2,305.25,17.3,D,0
30.39343,75.56221,336.93,0.51,0.49,2020-11-09,730,N,VIIRS,n,2,299.15,4.06,D,0
30.39434,75.5203,340.2,0.51,0.49,2020-11-09,730,N,VIIRS,n,2,302.01,11.34,D,0
30.39526,75.35033,341,0.52,0.5,2020-11-09,730,N,VIIRS,n,2,304.56,9.37,D,0
30.39558,76.37081,337.65,0.46,0.47,2020-11-09,730,N,VIIRS,n,2,305.2,2.51,D,0
30.3963,75.11148,347.72,0.54,0.51,2020-11-09,730,N,VIIRS,n,2,302.25,8.93,D,0
30.39634,75.22301,343.2,0.53,0.5,2020-11-09,730,N,VIIRS,n,2,302.21,8.49,D,0
30.39644,75.35571,330.17,0.52,0.5,2020-11-09,730,N,VIIRS,l,2,301.02,10.54,D,0
30.39655,75.79685,348.9,0.49,0.49,2020-11-09,730,N,VIIRS,n,2,301.51,8.27,D,0
30.40008,75.68178,335.74,0.5,0.49,2020-11-09,730,N,VIIRS,n,2,300.29,2.47,D,0
30.40026,75.56876,331.27,0.51,0.49,2020-11-09,730,N,VIIRS,n,2,298.85,4.71,D,0
30.40155,75.29108,341.92,0.53,0.5,2020-11-09,730,N,VIIRS,n,2,303.14,5.25,D,0
30.40215,75.51247,333.07,0.51,0.5,2020-11-09,730,N,VIIRS,n,2,303.31,4.07,D,0
30.40274,75.29649,335.64,0.53,0.5,2020-11-09,730,N,VIIRS,n,2,303.5,6.72,D,0
30.40425,75.21487,336.46,0.53,0.5,2020-11-09,730,N,VIIRS,n,2,302.03,3.58,D,0
30.40516,76.43771,351.72,0.45,0.47,2020-11-09,730,N,VIIRS,n,2,306.27,7.15,D,0
30.40549,75.75105,330.57,0.5,0.49,2020-11-09,730,N,VIIRS,n,2,300.1,2.61,D,0
30.406,75.92767,347.02,0.49,0.48,2020-11-09,730,N,VIIRS,n,2,302.56,5.28,D,0
30.40609,75.28975,330.64,0.53,0.5,2020-11-09,730,N,VIIRS,n,2,302.14,4.15,D,0
30.40663,75.51119,331.23,0.51,0.5,2020-11-09,730,N,VIIRS,n,2,302.31,3.23,D,0
30.40727,75.29518,332.52,0.53,0.5,2020-11-09,730,N,VIIRS,n,2,300.59,4.49,D,0
30.40782,75.69597,338.43,0.5,0.49,2020-11-09,730,N,VIIRS,n,2,299.69,2.32,D,0
30.408,76.15128,332.73,0.47,0.48,2020-11-09,730,N,VIIRS,n,2,301.24,2.99,D,0
30.41128,75.60148,330.93,0.51,0.49,2020-11-09,730,N,VIIRS,n,2,300.93,3.41,D,0
30.41417,75.13914,335.99,0.54,0.51,2020-11-09,730,N,VIIRS,n,2,301.62,9.42,D,0
30.41594,75.909,330.88,0.49,0.48,2020-11-09,730,N,VIIRS,n,2,304,3.49,D,0
30.41608,75.13522,341.67,0.54,0.51,2020-11-09,730,N,VIIRS,n,2,302.98,5.35,D,0
30.41671,75.33841,346.56,0.52,0.5,2020-11-09,730,N,VIIRS,n,2,305.69,7.26,D,0
30.41751,75.66862,332.32,0.5,0.49,2020-11-09,730,N,VIIRS,n,2,299.6,2.84,D,0
30.41932,75.03101,344.64,0.55,0.51,2020-11-09,730,N,VIIRS,n,2,302.58,11.69,D,0
30.42123,75.3371,336.8,0.52,0.5,2020-11-09,730,N,VIIRS,n,2,304.05,7.26,D,0
30.42316,76.43769,342.66,0.45,0.47,2020-11-09,730,N,VIIRS,n,2,307.7,5.88,D,0
30.42353,75.52313,340.39,0.51,0.49,2020-11-09,730,N,VIIRS,n,2,302.08,9.88,D,0
30.42594,75.55587,333.12,0.51,0.49,2020-11-09,730,N,VIIRS,n,2,299.95,1.53,D,0
30.42623,75.62221,352.46,0.5,0.49,2020-11-09,730,N,VIIRS,n,2,302.95,21.09,D,0
30.42668,76.23796,342.21,0.47,0.47,2020-11-09,730,N,VIIRS,n,2,309.6,20.41,D,0
30.42702,75.15305,340.89,0.54,0.51,2020-11-09,730,N,VIIRS,n,2,302.32,6.86,D,0
30.42741,76.24111,343.35,0.47,0.47,2020-11-09,730,N,VIIRS,n,2,310.51,16.41,D,0
30.43003,75.15469,346.85,0.54,0.51,2020-11-09,730,N,VIIRS,n,2,300.88,8.41,D,0
30.43072,76.23512,338.69,0.47,0.47,2020-11-09,730,N,VIIRS,n,2,304.6,16.41,D,0
30.43097,76.23676,352.14,0.47,0.47,2020-11-09,730,N,VIIRS,n,2,306.31,20.41,D,0
30.43159,75.15173,340.56,0.54,0.51,2020-11-09,730,N,VIIRS,n,2,301.97,6.86,D,0
30.43171,76.23991,343.26,0.47,0.47,2020-11-09,730,N,VIIRS,n,2,305.13,16.41,D,0
30.43283,75.15723,339.57,0.54,0.51,2020-11-09,730,N,VIIRS,n,2,301.13,6.86,D,0
30.43305,75.41348,334.84,0.52,0.5,2020-11-09,730,N,VIIRS,n,2,303.77,3.59,D,0
30.43342,75.48111,334.2,0.51,0.5,2020-11-09,730,N,VIIRS,n,2,301.79,2.59,D,0
30.43383,75.57028,340.61,0.51,0.49,2020-11-09,730,N,VIIRS,n,2,303.47,8.94,D,0
30.4342,75.75371,348.5,0.5,0.49,2020-11-09,730,N,VIIRS,n,2,302.97,7.28,D,0
30.43524,75.0144,334.8,0.55,0.51,2020-11-09,730,N,VIIRS,n,2,301.91,6.25,D,0
30.43547,75.10351,340.51,0.54,0.51,2020-11-09,730,N,VIIRS,n,2,304.2,8.23,D,0
30.4355,75.75063,337.21,0.5,0.49,2020-11-09,730,N,VIIRS,n,2,301.43,4.83,D,0
30.43661,75.75571,338.06,0.5,0.49,2020-11-09,730,N,VIIRS,n,2,301.11,4.39,D,0
30.43772,76.20438,330.52,0.47,0.48,2020-11-09,730,N,VIIRS,n,2,303.82,1.88,D,0
30.43821,75.54679,331.03,0.51,0.49,2020-11-09,730,N,VIIRS,l,2,301.47,4.38,D,0
30.43991,76.38839,331.54,0.46,0.47,2020-11-09,730,N,VIIRS,l,2,304.03,3.95,D,0
30.44006,75.10217,341.01,0.54,0.51,2020-11-09,730,N,VIIRS,n,2,301.92,8.23,D,0
30.44181,75.36546,336.73,0.52,0.5,2020-11-09,730,N,VIIRS,n,2,304.2,3.16,D,0
30.44197,75.15459,356.3,0.54,0.51,2020-11-09,730,N,VIIRS,n,2,303.77,14.31,D,0
30.44218,75.43349,341.54,0.52,0.5,2020-11-09,730,N,VIIRS,n,2,303.5,7.16,D,0
30.44447,76.17185,332.61,0.47,0.48,2020-11-09,730,N,VIIRS,n,2,301.17,3.39,D,0
30.45055,75.96259,341.86,0.48,0.48,2020-11-09,730,N,VIIRS,n,2,304.32,5.11,D,0
30.45101,75.06344,340.76,0.54,0.51,2020-11-09,730,N,VIIRS,n,2,301.26,9.3,D,0
30.45155,75.5207,333.28,0.51,0.49,2020-11-09,730,N,VIIRS,n,2,300.89,2.59,D,0
30.45246,76.33999,340.62,0.46,0.47,2020-11-09,730,N,VIIRS,n,2,304.64,5.49,D,0
30.45338,76.34133,350.23,0.46,0.47,2020-11-09,730,N,VIIRS,n,2,303.96,6.2,D,0
30.45403,75.03283,333.94,0.54,0.51,2020-11-09,730,N,VIIRS,n,2,299.58,3.16,D,0
30.45507,75.19172,340.07,0.53,0.5,2020-11-09,730,N,VIIRS,n,2,302.53,7.28,D,0
30.456,76.37894,341.46,0.46,0.47,2020-11-09,730,N,VIIRS,n,2,304.2,7.57,D,0
30.45629,75.1972,343.04,0.53,0.5,2020-11-09,730,N,VIIRS,n,2,301.97,7.28,D,0
30.45658,75.13272,341.32,0.54,0.51,2020-11-09,730,N,VIIRS,n,2,302.91,10.13,D,0
30.45684,75.06768,355.52,0.54,0.51,2020-11-09,730,N,VIIRS,n,2,309.72,34.26,D,0
30.45697,76.38364,342.08,0.46,0.47,2020-11-09,730,N,VIIRS,n,2,305.39,7.57,D,0
30.45716,76.38016,345.34,0.46,0.47,2020-11-09,730,N,VIIRS,n,2,307.08,14.14,D,0
30.45781,75.13825,340.45,0.54,0.51,2020-11-09,730,N,VIIRS,n,2,302.2,10.13,D,0
30.45869,75.7278,332.48,0.5,0.49,2020-11-09,730,N,VIIRS,n,2,299.79,4.31,D,0
30.45899,75.84888,342.14,0.49,0.49,2020-11-09,730,N,VIIRS,n,2,304.18,11.66,D,0
30.45952,75.01331,336.4,0.55,0.51,2020-11-09,730,N,VIIRS,n,2,301.77,4.06,D,0
30.45992,75.21362,342.65,0.53,0.5,2020-11-09,730,N,VIIRS,n,2,304.06,8.18,D,0
30.46091,75.84553,350.15,0.49,0.49,2020-11-09,730,N,VIIRS,n,2,308.87,32,D,0
30.46222,75.31112,341.56,0.52,0.5,2020-11-09,730,N,VIIRS,n,2,302.61,3.7,D,0
30.46339,75.84763,342.14,0.49,0.49,2020-11-09,730,N,VIIRS,n,2,302.21,19.14,D,0
30.46377,75.4892,330.58,0.51,0.5,2020-11-09,730,N,VIIRS,n,2,303.13,2.23,D,0
30.46377,76.41654,342.17,0.45,0.47,2020-11-09,730,N,VIIRS,n,2,303.38,4.51,D,0
30.46383,75.25308,341.53,0.53,0.5,2020-11-09,730,N,VIIRS,n,2,304.87,18.55,D,0
30.46416,76.41296,340.5,0.45,0.47,2020-11-09,730,N,VIIRS,n,2,302.39,2.95,D,0
30.46417,75.31317,340.56,0.52,0.5,2020-11-09,730,N,VIIRS,n,2,301.42,4.84,D,0
30.46448,75.21229,342.26,0.53,0.5,2020-11-09,730,N,VIIRS,n,2,299.05,8.18,D,0
30.46643,75.80651,331.64,0.49,0.49,2020-11-09,730,N,VIIRS,n,2,301.53,1.99,D,0
30.4666,75.02319,337.6,0.54,0.51,2020-11-09,730,N,VIIRS,n,2,299.84,6.8,D,0
30.4675,75.00497,341.01,0.55,0.51,2020-11-09,730,N,VIIRS,n,2,302.22,6.27,D,0
30.46751,75.68172,356.42,0.5,0.49,2020-11-09,730,N,VIIRS,n,2,303.51,15.47,D,0
30.46811,75.44294,338.31,0.52,0.5,2020-11-09,730,N,VIIRS,n,2,302.21,6.43,D,0
30.47194,75.68047,331.55,0.5,0.49,2020-11-09,730,N,VIIRS,n,2,301.29,4,D,0
30.47244,75.02744,336.51,0.54,0.51,2020-11-09,730,N,VIIRS,n,2,302.9,6.8,D,0
30.47275,76.32597,346.98,0.46,0.47,2020-11-09,730,N,VIIRS,n,2,304.46,13.31,D,0
30.47279,75.50899,341.23,0.51,0.49,2020-11-09,730,N,VIIRS,n,2,304.11,6.5,D,0
30.47304,75.16315,340.28,0.53,0.5,2020-11-09,730,N,VIIRS,n,2,300.07,5.62,D,0
30.47528,75.73935,332.14,0.5,0.49,2020-11-09,730,N,VIIRS,n,2,300.44,2.63,D,0
30.4757,75.95023,332.93,0.48,0.48,2020-11-09,730,N,VIIRS,n,2,300.35,3.89,D,0
30.4763,75.83049,330.86,0.49,0.49,2020-11-09,730,N,VIIRS,n,2,303.8,3.01,D,0
30.47704,75.0261,341.07,0.54,0.51,2020-11-09,730,N,VIIRS,n,2,301.37,3.94,D,0
30.47825,75.94663,330.88,0.48,0.48,2020-11-09,730,N,VIIRS,n,2,300.48,3.35,D,0
30.4826,75.42477,340.05,0.52,0.5,2020-11-09,730,N,VIIRS,n,2,301.95,6.16,D,0
30.48361,76.22719,331.99,0.47,0.47,2020-11-09,730,N,VIIRS,n,2,302.66,1.51,D,0
30.48381,75.42712,347.39,0.52,0.5,2020-11-09,730,N,VIIRS,n,2,302.88,8.27,D,0
30.48407,75.56143,334.66,0.51,0.49,2020-11-09,730,N,VIIRS,n,2,303.58,4.13,D,0
30.48409,75.03595,340.53,0.54,0.51,2020-11-09,730,N,VIIRS,n,2,301.22,6.2,D,0
30.48433,75.49726,335.56,0.51,0.49,2020-11-09,730,N,VIIRS,n,2,303.16,2.83,D,0
30.48509,75.49984,339.69,0.51,0.49,2020-11-09,730,N,VIIRS,n,2,301.98,4.15,D,0
30.48673,76.39187,355.88,0.46,0.47,2020-11-09,730,N,VIIRS,n,2,305.47,14.71,D,0
30.48701,76.3719,341.32,0.46,0.47,2020-11-09,730,N,VIIRS,n,2,303.63,4.76,D,0
30.48746,75.33819,330.23,0.52,0.5,2020-11-09,730,N,VIIRS,n,2,299.81,3.44,D,0
30.48746,75.68696,341.45,0.5,0.49,2020-11-09,730,N,VIIRS,n,2,302.75,5.37,D,0
30.48813,76.44096,341.06,0.45,0.47,2020-11-09,730,N,VIIRS,n,2,304.76,2.92,D,0
30.4894,75.19341,338.45,0.53,0.5,2020-11-09,730,N,VIIRS,n,2,299.94,7.01,D,0
30.49013,75.98006,340.78,0.48,0.48,2020-11-09,730,N,VIIRS,n,2,302.95,3.41,D,0
30.49028,76.36601,334.8,0.46,0.47,2020-11-09,730,N,VIIRS,n,2,301.37,4.07,D,0
30.4906,75.19889,341.28,0.53,0.5,2020-11-09,730,N,VIIRS,n,2,300.52,7.01,D,0
30.4907,75.76736,342.27,0.49,0.49,2020-11-09,730,N,VIIRS,n,2,308.35,9.72,D,0
30.49076,75.11098,349.06,0.54,0.51,2020-11-09,730,N,VIIRS,n,2,303.24,11.48,D,0
30.49172,75.9825,341.64,0.48,0.48,2020-11-09,730,N,VIIRS,n,2,304.22,3.92,D,0
30.49298,75.53665,337.82,0.51,0.49,2020-11-09,730,N,VIIRS,n,2,303.35,3.71,D,0
30.49362,75.53922,347.87,0.51,0.49,2020-11-09,730,N,VIIRS,n,2,303.87,6.86,D,0
30.4941,75.54189,330.38,0.51,0.49,2020-11-09,730,N,VIIRS,n,2,300.98,4.32,D,0
30.49493,75.41558,346.34,0.52,0.5,2020-11-09,730,N,VIIRS,n,2,301.48,7.34,D,0
30.49511,75.43808,350.72,0.51,0.5,2020-11-09,730,N,VIIRS,n,2,302.73,6.33,D,0
30.49516,75.19756,330.45,0.53,0.5,2020-11-09,730,N,VIIRS,n,2,298.85,7.62,D,0
30.49563,75.24386,341.61,0.53,0.5,2020-11-09,730,N,VIIRS,n,2,300.53,7.72,D,0
30.49586,75.15649,342.28,0.53,0.5,2020-11-09,730,N,VIIRS,n,2,300.54,7.19,D,0
30.49744,75.44868,339.97,0.51,0.5,2020-11-09,730,N,VIIRS,n,2,302.2,12.76,D,0
30.4986,75.45396,342.24,0.51,0.5,2020-11-09,730,N,VIIRS,n,2,303.88,15.68,D,0
30.50017,75.13177,353.29,0.54,0.51,2020-11-09,730,N,VIIRS,n,2,304.29,11.05,D,0
30.50017,75.24254,349.22,0.53,0.5,2020-11-09,730,N,VIIRS,n,2,299.89,7.72,D,0
30.50025,75.89819,338.34,0.49,0.48,2020-11-09,730,N,VIIRS,n,2,299.72,2.98,D,0
30.50158,75.27101,337.88,0.53,0.5,2020-11-09,730,N,VIIRS,n,2,300.34,4.55,D,0
30.50185,76.14042,342.94,0.47,0.48,2020-11-09,730,N,VIIRS,n,2,303.09,6.2,D,0
30.5019,75.51176,335.47,0.51,0.49,2020-11-09,730,N,VIIRS,n,2,303.88,9.89,D,0
30.50241,75.51442,331.45,0.51,0.49,2020-11-09,730,N,VIIRS,l,2,304.11,4.1,D,0
30.50255,75.25341,332.01,0.53,0.5,2020-11-09,730,N,VIIRS,n,2,300.12,3.88,D,0
30.50449,75.02909,337,0.54,0.51,2020-11-09,730,N,VIIRS,n,2,306.8,13.22,D,0
30.50574,75.03468,340.64,0.54,0.51,2020-11-09,730,N,VIIRS,n,2,303.82,13.22,D,0
30.50619,75.15932,331,0.53,0.5,2020-11-09,730,N,VIIRS,l,2,302.14,5.59,D,0
30.50638,75.51048,337.86,0.51,0.49,2020-11-09,730,N,VIIRS,n,2,304.51,9.89,D,0
30.50658,75.4685,340.41,0.51,0.5,2020-11-09,730,N,VIIRS,n,2,301.71,2.87,D,0
30.50688,75.51315,353.79,0.51,0.49,2020-11-09,730,N,VIIRS,n,2,306.77,29.73,D,0
30.50701,75.84315,334.4,0.49,0.48,2020-11-09,730,N,VIIRS,n,2,304,2.58,D,0
30.50707,75.0292,341.88,0.54,0.51,2020-11-09,730,N,VIIRS,n,2,309.35,17.88,D,0
30.50743,75.42892,334.96,0.52,0.5,2020-11-09,730,N,VIIRS,n,2,301.13,3.38,D,0
30.5075,75.51572,340.78,0.51,0.49,2020-11-09,730,N,VIIRS,n,2,301.63,21.11,D,0
30.50829,75.03479,335.42,0.54,0.51,2020-11-09,730,N,VIIRS,n,2,303.43,14.18,D,0
30.50969,75.98502,342.04,0.48,0.48,2020-11-09,730,N,VIIRS,n,2,303.11,4.79,D,0
30.51028,76.07325,337.08,0.47,0.48,2020-11-09,730,N,VIIRS,n,2,302.63,5.98,D,0
30.51123,75.33703,341.57,0.52,0.5,2020-11-09,730,N,VIIRS,n,2,302.8,10.89,D,0
30.51126,76.07594,341.81,0.47,0.48,2020-11-09,730,N,VIIRS,n,2,302.78,5.24,D,0
30.51195,75.16351,343.35,0.53,0.5,2020-11-09,730,N,VIIRS,n,2,304.13,19.3,D,0
30.5134,75.32498,336.88,0.52,0.5,2020-11-09,730,N,VIIRS,n,2,304.11,13.65,D,0
30.51456,75.19773,333.89,0.53,0.5,2020-11-09,730,N,VIIRS,n,2,301.41,7.55,D,0
30.51457,75.33036,346.34,0.52,0.5,2020-11-09,730,N,VIIRS,n,2,302.64,13.65,D,0
30.51477,75.2209,338.26,0.53,0.5,2020-11-09,730,N,VIIRS,n,2,304.47,13.06,D,0
30.51489,76.35423,341.56,0.46,0.47,2020-11-09,730,N,VIIRS,n,2,304.74,7.46,D,0
30.51531,75.55244,332.7,0.51,0.49,2020-11-09,730,N,VIIRS,n,2,301.21,4.71,D,0
30.51575,75.33573,341.82,0.52,0.5,2020-11-09,730,N,VIIRS,n,2,305.97,12.63,D,0
30.51588,76.35893,335.15,0.46,0.47,2020-11-09,730,N,VIIRS,n,2,302.62,7.46,D,0
30.51596,75.22636,330.34,0.53,0.5,2020-11-09,730,N,VIIRS,n,2,299.59,13.06,D,0
30.51608,75.55497,354.08,0.51,0.49,2020-11-09,730,N,VIIRS,n,2,301.89,9.01,D,0
30.51642,75.55766,343.86,0.51,0.49,2020-11-09,730,N,VIIRS,n,2,301.05,8.21,D,0
30.5171,75.53802,344.63,0.51,0.49,2020-11-09,730,N,VIIRS,n,2,303.96,11.25,D,0
30.51909,75.32906,345.68,0.52,0.5,2020-11-09,730,N,VIIRS,n,2,303.18,13.65,D,0
30.51932,75.21957,340.26,0.53,0.5,2020-11-09,730,N,VIIRS,n,2,300.09,5.53,D,0
30.51978,76.31288,339.62,0.46,0.47,2020-11-09,730,N,VIIRS,n,2,302.09,2.04,D,0
30.52003,75.46464,331.25,0.51,0.5,2020-11-09,730,N,VIIRS,n,2,301.13,2.4,D,0
30.52118,75.46992,334.14,0.51,0.5,2020-11-09,730,N,VIIRS,n,2,301.83,3.43,D,0
30.52144,75.3398,348.2,0.52,0.5,2020-11-09,730,N,VIIRS,n,2,300.88,12.63,D,0
30.52149,75.20733,345.25,0.53,0.5,2020-11-09,730,N,VIIRS,n,2,300.84,7,D,0
30.52159,76.19114,341.65,0.47,0.48,2020-11-09,730,N,VIIRS,n,2,301.57,7.86,D,0
30.52272,75.74202,343.29,0.49,0.49,2020-11-09,730,N,VIIRS,n,2,304.96,7.91,D,0
30.52505,75.2237,335.33,0.53,0.5,2020-11-09,730,N,VIIRS,n,2,300.24,5.53,D,0
30.52521,75.59656,330.43,0.5,0.49,2020-11-09,730,N,VIIRS,n,2,301.37,3.29,D,0
30.52528,75.59937,349.48,0.5,0.49,2020-11-09,730,N,VIIRS,n,2,303.41,9.55,D,0
30.52604,75.206,339.6,0.53,0.5,2020-11-09,730,N,VIIRS,n,2,299.72,5.43,D,0
30.52635,75.60175,341.72,0.5,0.49,2020-11-09,730,N,VIIRS,n,2,303.79,6.99,D,0
30.52636,76.30103,342.34,0.46,0.47,2020-11-09,730,N,VIIRS,n,2,304.4,5.72,D,0
30.52833,75.00427,339.32,0.54,0.51,2020-11-09,730,N,VIIRS,n,2,304.4,11.41,D,0
30.52868,76.35538,341.22,0.46,0.47,2020-11-09,730,N,VIIRS,n,2,304.35,4.79,D,0
30.52958,75.00987,341.45,0.54,0.51,2020-11-09,730,N,VIIRS,n,2,304.23,17.46,D,0
30.53164,76.10856,338.27,0.47,0.48,2020-11-09,730,N,VIIRS,n,2,303.75,3.95,D,0
30.5318,76.08791,342.98,0.47,0.48,2020-11-09,730,N,VIIRS,n,2,303.8,10.46,D,0
30.5321,76.04644,344.76,0.48,0.48,2020-11-09,730,N,VIIRS,n,2,303.18,7.82,D,0
30.53245,75.47788,337.08,0.51,0.49,2020-11-09,730,N,VIIRS,n,2,301.85,2.58,D,0
30.5328,75.34792,346.63,0.52,0.5,2020-11-09,730,N,VIIRS,n,2,304.67,6.54,D,0
30.53317,76.46294,337.14,0.45,0.47,2020-11-09,730,N,VIIRS,n,2,303.14,3.04,D,0
30.53332,75.02663,339.2,0.54,0.51,2020-11-09,730,N,VIIRS,n,2,300.85,2.62,D,0
30.53348,75.46078,341.15,0.51,0.5,2020-11-09,730,N,VIIRS,n,2,302.88,10.48,D,0
30.53449,76.0146,336.13,0.48,0.48,2020-11-09,730,N,VIIRS,n,2,302.19,3.34,D,0
30.53659,76.02441,338.34,0.48,0.48,2020-11-09,730,N,VIIRS,n,2,302.98,8.62,D,0
30.53749,76.05012,347.24,0.47,0.48,2020-11-09,730,N,VIIRS,n,2,303.21,7.82,D,0
30.53764,76.0293,342.54,0.48,0.48,2020-11-09,730,N,VIIRS,n,2,303.77,8.62,D,0
30.53881,75.16055,333.06,0.53,0.5,2020-11-09,730,N,VIIRS,n,2,301.31,3.95,D,0
30.5395,75.33457,334.23,0.52,0.5,2020-11-09,730,N,VIIRS,n,2,301.32,7.73,D,0
30.53961,75.57589,340.2,0.5,0.49,2020-11-09,730,N,VIIRS,n,2,301.97,4.68,D,0
30.54019,75.78015,350.48,0.49,0.49,2020-11-09,730,N,VIIRS,n,2,306.88,21.06,D,0
30.5405,75.161,333.15,0.53,0.5,2020-11-09,730,N,VIIRS,n,2,300.99,3.13,D,0
30.54201,76.44082,342.09,0.45,0.47,2020-11-09,730,N,VIIRS,n,2,306.78,10.02,D,0
30.54347,76.29625,334.04,0.46,0.47,2020-11-09,730,N,VIIRS,n,2,302.9,2.38,D,0
30.54534,75.62378,330.18,0.5,0.49,2020-11-09,730,N,VIIRS,n,2,301.31,2.54,D,0
30.54616,76.04768,340.63,0.47,0.48,2020-11-09,730,N,VIIRS,n,2,302.63,2.14,D,0
30.54626,76.43965,341.92,0.45,0.47,2020-11-09,730,N,VIIRS,n,2,304.6,10.02,D,0
30.54631,76.15567,341.51,0.47,0.48,2020-11-09,730,N,VIIRS,n,2,301.75,5.28,D,0
30.54764,75.65592,354.26,0.5,0.49,2020-11-09,730,N,VIIRS,n,2,304.87,14.19,D,0
30.54964,76.36945,335.37,0.46,0.47,2020-11-09,730,N,VIIRS,n,2,303.38,2.6,D,0
30.55029,75.73955,333.01,0.49,0.49,2020-11-09,730,N,VIIRS,n,2,302.53,1.05,D,0
30.55222,75.74144,333.08,0.49,0.49,2020-11-09,730,N,VIIRS,n,2,302.53,2.95,D,0
30.55388,75.5108,343.65,0.51,0.49,2020-11-09,730,N,VIIRS,n,2,305.65,12.71,D,0
30.55403,75.55516,330.31,0.51,0.49,2020-11-09,730,N,VIIRS,l,2,303.48,3.27,D,0
30.55523,75.31857,332.13,0.52,0.5,2020-11-09,730,N,VIIRS,n,2,301.61,5.12,D,0
30.55716,75.26061,334.63,0.53,0.5,2020-11-09,730,N,VIIRS,n,2,301.23,4.97,D,0
30.55721,75.50427,344.57,0.51,0.49,2020-11-09,730,N,VIIRS,n,2,307.8,12.71,D,0
30.55729,75.5265,347.2,0.51,0.49,2020-11-09,730,N,VIIRS,n,2,301.59,7.82,D,0
30.55905,75.31631,331.78,0.52,0.5,2020-11-09,730,N,VIIRS,n,2,300.89,4.59,D,0
30.56062,75.52,334.68,0.51,0.49,2020-11-09,730,N,VIIRS,n,2,302.48,10.21,D,0
30.56097,75.10722,346.53,0.54,0.51,2020-11-09,730,N,VIIRS,n,2,310.8,74.23,D,0
30.56128,75.21794,333.37,0.53,0.5,2020-11-09,730,N,VIIRS,n,2,302.56,5.51,D,0
30.56169,75.34975,347.4,0.52,0.5,2020-11-09,730,N,VIIRS,n,2,302.38,9.76,D,0
30.56169,75.50298,342.85,0.51,0.49,2020-11-09,730,N,VIIRS,n,2,302.59,12.44,D,0
30.56184,75.26395,337.68,0.53,0.5,2020-11-09,730,N,VIIRS,n,2,302.83,6.92,D,0
30.56218,75.35077,352.24,0.52,0.5,2020-11-09,730,N,VIIRS,n,2,302.4,9.68,D,0
30.56229,76.05869,341.7,0.47,0.48,2020-11-09,730,N,VIIRS,n,2,302.69,4.68,D,0
30.56509,75.51871,342.07,0.51,0.49,2020-11-09,730,N,VIIRS,n,2,301.7,3.64,D,0
30.56577,76.03177,344.83,0.48,0.48,2020-11-09,730,N,VIIRS,n,2,302.84,3.81,D,0
30.56644,75.3711,341.3,0.52,0.5,2020-11-09,730,N,VIIRS,n,2,302.23,8.19,D,0
30.56662,76.05746,332.88,0.47,0.48,2020-11-09,730,N,VIIRS,n,2,301.2,4.68,D,0
30.5668,75.37218,347.61,0.52,0.5,2020-11-09,730,N,VIIRS,n,2,301.57,5.46,D,0
30.56738,75.3538,342.32,0.52,0.5,2020-11-09,730,N,VIIRS,n,2,304.05,9.76,D,0
30.56785,75.35481,343.1,0.52,0.5,2020-11-09,730,N,VIIRS,n,2,304.66,13.36,D,0
30.57005,75.3428,339.78,0.52,0.5,2020-11-09,730,N,VIIRS,n,2,304.04,7.14,D,0
30.57499,75.12662,334.44,0.53,0.5,2020-11-09,730,N,VIIRS,n,2,301.55,15.4,D,0
30.57561,75.08531,344.77,0.54,0.51,2020-11-09,730,N,VIIRS,n,2,306.81,14.45,D,0
30.57592,75.30573,342.72,0.52,0.5,2020-11-09,730,N,VIIRS,n,2,302.25,5.03,D,0
30.5762,75.13213,340.58,0.53,0.5,2020-11-09,730,N,VIIRS,n,2,301.46,15.4,D,0
30.57636,75.57087,337.04,0.5,0.49,2020-11-09,730,N,VIIRS,n,2,302.82,2.39,D,0
30.57712,75.02569,342.8,0.54,0.51,2020-11-09,730,N,VIIRS,n,2,301.97,5.82,D,0
30.57811,76.28349,334.34,0.46,0.47,2020-11-09,730,N,VIIRS,n,2,302.94,2.43,D,0
30.58018,75.08398,344.28,0.54,0.51,2020-11-09,730,N,VIIRS,n,2,302.01,7.14,D,0
30.58085,75.78705,344.59,0.49,0.49,2020-11-09,730,N,VIIRS,n,2,303.11,7.21,D,0
30.582,75.68423,335.09,0.5,0.49,2020-11-09,730,N,VIIRS,n,2,302.79,8.88,D,0
30.58282,75.31516,342.95,0.52,0.5,2020-11-09,730,N,VIIRS,n,2,300.63,8.11,D,0
30.58311,75.68934,341.09,0.5,0.49,2020-11-09,730,N,VIIRS,n,2,305.57,8.88,D,0
30.58422,75.65094,342.31,0.5,0.49,2020-11-09,730,N,VIIRS,n,2,303.07,6.16,D,0
30.58613,75.19915,330.21,0.53,0.5,2020-11-09,730,N,VIIRS,n,2,300.95,3.39,D,0
30.58863,75.60587,354.03,0.5,0.49,2020-11-09,730,N,VIIRS,n,2,301.81,11.8,D,0
30.58972,75.56702,339.59,0.5,0.49,2020-11-09,730,N,VIIRS,n,2,303.25,6.38,D,0
30.58973,75.58906,339.66,0.5,0.49,2020-11-09,730,N,VIIRS,n,2,303.44,2.61,D,0
30.59013,75.36993,330.16,0.52,0.5,2020-11-09,730,N,VIIRS,l,2,300.91,2.85,D,0
30.59083,75.57222,349.77,0.5,0.49,2020-11-09,730,N,VIIRS,n,2,303.16,11.57,D,0
30.59196,75.59943,342.87,0.5,0.49,2020-11-09,730,N,VIIRS,n,2,303.71,7.66,D,0
30.59268,75.40311,330.73,0.51,0.5,2020-11-09,730,N,VIIRS,n,2,301.93,1.86,D,0
30.59279,75.40424,330.49,0.52,0.5,2020-11-09,730,N,VIIRS,n,2,302.03,1.95,D,0
30.59426,75.01471,339.51,0.54,0.51,2020-11-09,730,N,VIIRS,n,2,303.78,18.7,D,0
30.59467,76.0599,341.31,0.47,0.48,2020-11-09,730,N,VIIRS,n,2,301.48,3.97,D,0
30.59548,75.02029,341.51,0.54,0.51,2020-11-09,730,N,VIIRS,n,2,305.43,18.7,D,0
30.59675,75.01741,347.41,0.54,0.51,2020-11-09,730,N,VIIRS,n,2,313.86,65.71,D,0
30.59689,75.24804,341,0.53,0.5,2020-11-09,730,N,VIIRS,n,2,300.95,4.91,D,0
30.59809,75.90966,333.61,0.48,0.48,2020-11-09,730,N,VIIRS,n,2,301.53,2.36,D,0
30.59836,76.35774,334.29,0.46,0.47,2020-11-09,730,N,VIIRS,n,2,303.22,2.18,D,0
30.59845,76.42197,331.47,0.45,0.47,2020-11-09,730,N,VIIRS,n,2,303.4,1.49,D,0
30.59885,75.01337,339.04,0.54,0.51,2020-11-09,730,N,VIIRS,n,2,300.98,18.7,D,0
30.59977,75.19518,338.7,0.53,0.5,2020-11-09,730,N,VIIRS,n,2,301.89,5.68,D,0
30.60007,75.01896,341.56,0.54,0.51,2020-11-09,730,N,VIIRS,n,2,301.02,18.7,D,0
30.60096,75.20064,340.09,0.53,0.5,2020-11-09,730,N,VIIRS,n,2,301.71,7.87,D,0
30.60335,75.21152,339.37,0.53,0.5,2020-11-09,730,N,VIIRS,n,2,302.29,6.07,D,0
30.60453,75.10625,330.05,0.54,0.5,2020-11-09,730,N,VIIRS,l,2,302.22,5.86,D,0
30.60468,75.89726,332.08,0.48,0.48,2020-11-09,730,N,VIIRS,l,2,302.08,3.04,D,0
30.60501,75.79091,340.84,0.49,0.49,2020-11-09,730,N,VIIRS,n,2,304.89,16.3,D,0
30.6051,75.03275,340.37,0.54,0.51,2020-11-09,730,N,VIIRS,n,2,301.8,5.29,D,0
30.6076,75.04386,331.58,0.54,0.51,2020-11-09,730,N,VIIRS,n,2,300.16,4.98,D,0
30.60832,75.2562,342.97,0.52,0.5,2020-11-09,730,N,VIIRS,n,2,300.79,8.91,D,0
30.60863,75.56711,341.19,0.5,0.49,2020-11-09,730,N,VIIRS,n,2,303.14,5.09,D,0
30.60953,75.56549,346.49,0.5,0.49,2020-11-09,730,N,VIIRS,n,2,302.09,6.17,D,0
30.60969,75.03142,340.84,0.54,0.51,2020-11-09,730,N,VIIRS,n,2,303.03,13.7,D,0
30.60973,75.48353,340.75,0.51,0.49,2020-11-09,730,N,VIIRS,n,2,302.94,11.17,D,0
30.60982,75.17483,337.26,0.53,0.5,2020-11-09,730,N,VIIRS,n,2,301.38,8.21,D,0
30.61005,75.087,333.77,0.54,0.51,2020-11-09,730,N,VIIRS,n,2,302.3,6.93,D,0
30.61012,75.48215,341.66,0.51,0.49,2020-11-09,730,N,VIIRS,n,2,304.01,7.62,D,0
30.61074,75.0455,335.63,0.54,0.51,2020-11-09,730,N,VIIRS,n,2,300.65,2.99,D,0
30.61101,75.18029,341.14,0.53,0.5,2020-11-09,730,N,VIIRS,n,2,303.21,8.21,D,0
30.61168,75.02743,344.92,0.54,0.51,2020-11-09,730,N,VIIRS,n,2,306.44,17.47,D,0
30.61226,75.91093,340.47,0.48,0.48,2020-11-09,730,N,VIIRS,n,2,304.29,9.23,D,0
30.6125,76.10123,341.25,0.47,0.48,2020-11-09,730,N,VIIRS,n,2,303.1,4.39,D,0
30.61259,75.06603,333.63,0.54,0.51,2020-11-09,730,N,VIIRS,n,2,301.35,8.66,D,0
30.61317,75.16802,340.83,0.53,0.5,2020-11-09,730,N,VIIRS,n,2,301.55,4.32,D,0
30.61383,75.07156,341.94,0.54,0.51,2020-11-09,730,N,VIIRS,n,2,308.79,16.77,D,0
30.61414,75.15028,337.49,0.53,0.5,2020-11-09,730,N,VIIRS,n,2,301.99,3.61,D,0
30.61427,75.03008,340.77,0.54,0.51,2020-11-09,730,N,VIIRS,n,2,302.09,13.7,D,0
30.61558,75.06771,350.84,0.54,0.51,2020-11-09,730,N,VIIRS,n,2,308.92,39.12,D,0
30.61717,75.0647,331.19,0.54,0.51,2020-11-09,730,N,VIIRS,n,2,299.3,4.74,D,0
30.61718,75.23063,333.33,0.53,0.5,2020-11-09,730,N,VIIRS,n,2,300.47,2.83,D,0
30.61841,75.07022,341.28,0.54,0.51,2020-11-09,730,N,VIIRS,n,2,301.06,10.59,D,0
30.61992,75.9035,335.35,0.48,0.48,2020-11-09,730,N,VIIRS,n,2,301.84,2.51,D,0
30.62036,75.79725,336.86,0.49,0.48,2020-11-09,730,N,VIIRS,n,2,301.68,3.87,D,0
30.62128,75.31542,346.88,0.52,0.5,2020-11-09,730,N,VIIRS,n,2,302.76,7.82,D,0
30.62279,75.98132,343.63,0.48,0.48,2020-11-09,730,N,VIIRS,n,2,303.33,4.85,D,0
30.62332,75.87614,340.52,0.48,0.48,2020-11-09,730,N,VIIRS,n,2,302.38,5.26,D,0
30.62359,75.81234,330.78,0.49,0.48,2020-11-09,730,N,VIIRS,n,2,300.16,2.53,D,0
30.62404,75.66131,354.89,0.5,0.49,2020-11-09,730,N,VIIRS,n,2,306.97,26.68,D,0
30.62466,75.1763,345,0.53,0.5,2020-11-09,730,N,VIIRS,n,2,302.33,10.63,D,0
30.63176,75.04273,337.12,0.54,0.51,2020-11-09,730,N,VIIRS,n,2,303.78,6.17,D,0
30.63373,75.09514,332.49,0.54,0.5,2020-11-09,730,N,VIIRS,l,2,302.53,3.5,D,0
30.63453,75.4416,330.87,0.51,0.49,2020-11-09,730,N,VIIRS,n,2,302.07,2.51,D,0
30.63648,75.62362,340.54,0.5,0.49,2020-11-09,730,N,VIIRS,n,2,303.21,6.44,D,0
30.63853,75.61892,331.72,0.5,0.49,2020-11-09,730,N,VIIRS,n,2,302.94,3.69,D,0
30.63925,76.10074,340.06,0.47,0.48,2020-11-09,730,N,VIIRS,n,2,302.07,3.08,D,0
30.63962,75.62408,335.74,0.5,0.49,2020-11-09,730,N,VIIRS,n,2,301.41,4.61,D,0
30.64142,75.74294,331.7,0.49,0.49,2020-11-09,730,N,VIIRS,n,2,303.09,2.59,D,0
30.64246,75.12445,340.63,0.53,0.5,2020-11-09,730,N,VIIRS,n,2,301.98,3.47,D,0
30.64331,75.20297,340.63,0.53,0.5,2020-11-09,730,N,VIIRS,n,2,300.66,4.15,D,0
30.64348,75.77456,337,0.49,0.49,2020-11-09,730,N,VIIRS,n,2,301.01,3.88,D,0
30.64421,75.19961,345.19,0.53,0.5,2020-11-09,730,N,VIIRS,n,2,301.44,8.46,D,0
30.64566,75.12678,340.37,0.53,0.5,2020-11-09,730,N,VIIRS,n,2,301.58,7.08,D,0
30.64617,75.53841,345.03,0.5,0.49,2020-11-09,730,N,VIIRS,n,2,301.51,5.01,D,0
30.6507,75.5592,331.34,0.5,0.49,2020-11-09,730,N,VIIRS,n,2,300.06,2.49,D,0
30.65086,75.83121,339.54,0.49,0.48,2020-11-09,730,N,VIIRS,n,2,302.09,2.82,D,0
30.65441,75.37963,348.26,0.52,0.5,2020-11-09,730,N,VIIRS,n,2,306.01,18.08,D,0
30.65447,75.7699,339.37,0.49,0.49,2020-11-09,730,N,VIIRS,n,2,300.55,3.77,D,0
30.65491,75.49154,340.85,0.51,0.49,2020-11-09,730,N,VIIRS,n,2,303.43,6.1,D,0
30.65666,75.7708,339.54,0.49,0.49,2020-11-09,730,N,VIIRS,n,2,300.98,3.22,D,0
30.65766,75.00554,342.38,0.54,0.51,2020-11-09,730,N,VIIRS,n,2,301.26,6.63,D,0
30.6588,75.70414,351.65,0.49,0.49,2020-11-09,730,N,VIIRS,n,2,305.08,17.3,D,0
30.65882,76.19211,334.26,0.46,0.47,2020-11-09,730,N,VIIRS,n,2,300.95,4.09,D,0
30.66252,75.88615,341.87,0.48,0.48,2020-11-09,730,N,VIIRS,n,2,304.38,9.1,D,0
30.66346,76.25633,330.38,0.46,0.47,2020-11-09,730,N,VIIRS,n,2,301.02,2.37,D,0
30.66358,75.89112,341.22,0.48,0.48,2020-11-09,730,N,VIIRS,n,2,303,9.1,D,0
30.66416,75.23154,335.86,0.52,0.5,2020-11-09,730,N,VIIRS,n,2,301.38,2.73,D,0
30.66559,75.36508,341.06,0.52,0.5,2020-11-09,730,N,VIIRS,n,2,303.59,8.8,D,0
30.66589,76.01073,332.43,0.47,0.48,2020-11-09,730,N,VIIRS,n,2,302.17,2.53,D,0
30.66649,75.6749,347.98,0.5,0.49,2020-11-09,730,N,VIIRS,n,2,301.72,8.39,D,0
30.66673,75.90603,331.73,0.48,0.48,2020-11-09,730,N,VIIRS,l,2,302.09,3.95,D,0
30.66736,75.54888,340.59,0.5,0.49,2020-11-09,730,N,VIIRS,n,2,302.3,6.85,D,0
30.66893,75.35844,334.69,0.52,0.5,2020-11-09,730,N,VIIRS,n,2,301.06,7.42,D,0
30.66972,75.78848,342.46,0.49,0.48,2020-11-09,730,N,VIIRS,n,2,303.6,7.52,D,0
30.67069,75.5424,331.6,0.5,0.49,2020-11-09,730,N,VIIRS,l,2,301.95,4.59,D,0
30.67088,76.05585,334.15,0.47,0.48,2020-11-09,730,N,VIIRS,n,2,301.16,2.23,D,0
30.67092,75.69528,341.01,0.49,0.49,2020-11-09,730,N,VIIRS,n,2,303.19,5.83,D,0
30.67204,75.7863,342.3,0.49,0.48,2020-11-09,730,N,VIIRS,n,2,305.13,5.33,D,0
30.67228,75.3518,335.6,0.52,0.5,2020-11-09,730,N,VIIRS,n,2,299.8,7.42,D,0
30.67234,75.35465,355.52,0.52,0.5,2020-11-09,730,N,VIIRS,n,2,301.5,11.21,D,0
30.67818,75.07629,338.84,0.54,0.5,2020-11-09,730,N,VIIRS,n,2,300.93,4.96,D,0
30.6803,75.38902,342.05,0.51,0.5,2020-11-09,730,N,VIIRS,n,2,303.87,6.19,D,0
30.68264,75.42207,343.36,0.51,0.49,2020-11-09,730,N,VIIRS,n,2,303.09,7,D,0
30.68391,75.38518,343.28,0.51,0.5,2020-11-09,730,N,VIIRS,n,2,307.18,15.96,D,0
30.6842,75.30015,331.44,0.52,0.5,2020-11-09,730,N,VIIRS,n,2,300.54,2.2,D,0
30.68479,75.38772,345.41,0.51,0.5,2020-11-09,730,N,VIIRS,n,2,307.21,23.41,D,0
30.68508,75.39046,342.73,0.51,0.5,2020-11-09,730,N,VIIRS,n,2,305.25,15.96,D,0
30.68593,75.39302,341.39,0.51,0.5,2020-11-09,730,N,VIIRS,n,2,304.93,7.2,D,0
30.68646,75.41814,344.18,0.51,0.49,2020-11-09,730,N,VIIRS,n,2,303.41,5.69,D,0
30.68699,75.37579,336.75,0.51,0.5,2020-11-09,730,N,VIIRS,n,2,301.09,2.63,D,0
30.68712,75.42078,350.03,0.51,0.49,2020-11-09,730,N,VIIRS,n,2,304.28,7,D,0
30.68723,75.46548,331.77,0.51,0.49,2020-11-09,730,N,VIIRS,n,2,299.99,1.7,D,0
30.68747,75.68516,338.65,0.49,0.49,2020-11-09,730,N,VIIRS,n,2,302.87,4.64,D,0
30.68756,76.00459,343.83,0.47,0.48,2020-11-09,730,N,VIIRS,n,2,305.67,14,D,0
30.68763,75.42341,330.22,0.51,0.49,2020-11-09,730,N,VIIRS,l,2,303.93,5.69,D,0
30.68775,75.20741,343.76,0.53,0.5,2020-11-09,730,N,VIIRS,n,2,302.34,10.53,D,0
30.68945,75.45369,333.31,0.51,0.49,2020-11-09,730,N,VIIRS,n,2,301.33,2.95,D,0
30.68963,75.5645,349.99,0.5,0.49,2020-11-09,730,N,VIIRS,n,2,301.12,8.63,D,0
30.69074,75.56968,349.5,0.5,0.49,2020-11-09,730,N,VIIRS,n,2,303.77,24.55,D,0
30.69171,75.37728,335.08,0.51,0.5,2020-11-09,730,N,VIIRS,n,2,301.02,6.83,D,0
30.69518,75.69917,340.55,0.49,0.49,2020-11-09,730,N,VIIRS,n,2,302.16,3.85,D,0
30.69699,75.11761,331.66,0.53,0.5,2020-11-09,730,N,VIIRS,n,2,301.47,2.24,D,0
30.69848,75.51781,341.52,0.51,0.49,2020-11-09,730,N,VIIRS,n,2,304.88,3.82,D,0
30.70106,75.28957,341.38,0.52,0.5,2020-11-09,730,N,VIIRS,n,2,304.22,7.91,D,0
30.70249,75.09849,333.41,0.53,0.5,2020-11-09,730,N,VIIRS,n,2,301.78,2.82,D,0
30.70284,75.73466,344.29,0.49,0.49,2020-11-09,730,N,VIIRS,n,2,301.79,6.5,D,0
30.70362,75.32296,336.85,0.52,0.5,2020-11-09,730,N,VIIRS,n,2,301.85,7.15,D,0
30.7038,75.80394,346.5,0.49,0.48,2020-11-09,730,N,VIIRS,n,2,302.03,11.81,D,0
30.70632,75.24799,334.95,0.52,0.5,2020-11-09,730,N,VIIRS,n,2,302.46,4.38,D,0
30.70641,75.98717,333.09,0.47,0.48,2020-11-09,730,N,VIIRS,n,2,301.48,3.2,D,0
30.70654,75.27084,339.21,0.52,0.5,2020-11-09,730,N,VIIRS,n,2,303.65,14.7,D,0
30.70772,75.27621,343.39,0.52,0.5,2020-11-09,730,N,VIIRS,n,2,306.65,25.84,D,0
30.70902,75.43404,334.88,0.51,0.49,2020-11-09,730,N,VIIRS,n,2,302.38,9.68,D,0
30.70955,75.43668,338.27,0.51,0.49,2020-11-09,730,N,VIIRS,n,2,301.02,6.16,D,0
30.70966,75.24128,337.19,0.52,0.5,2020-11-09,730,N,VIIRS,n,2,300.87,4.38,D,0
30.71018,75.43929,344.42,0.51,0.49,2020-11-09,730,N,VIIRS,n,2,304.27,9.68,D,0
30.71041,75.20078,337.12,0.53,0.5,2020-11-09,730,N,VIIRS,n,2,300.68,3.39,D,0
30.71067,75.44194,346.31,0.51,0.49,2020-11-09,730,N,VIIRS,n,2,303.5,14.11,D,0
30.71084,75.24668,346.31,0.52,0.5,2020-11-09,730,N,VIIRS,n,2,301.53,4.38,D,0
30.71183,75.36021,340.23,0.51,0.5,2020-11-09,730,N,VIIRS,n,2,302.92,13.99,D,0
30.71256,75.18859,345.72,0.53,0.5,2020-11-09,730,N,VIIRS,n,2,305.27,14.62,D,0
30.7138,75.47723,333.02,0.51,0.49,2020-11-09,730,N,VIIRS,n,2,300.84,3.94,D,0
30.71394,75.67757,330.66,0.49,0.49,2020-11-09,730,N,VIIRS,l,2,301.03,0.99,D,0
30.71405,75.47998,333.85,0.51,0.49,2020-11-09,730,N,VIIRS,n,2,301.1,3.09,D,0
30.71439,75.26284,337.81,0.52,0.5,2020-11-09,730,N,VIIRS,n,2,302.14,5.81,D,0
30.7146,76.32696,332.42,0.45,0.47,2020-11-09,730,N,VIIRS,n,2,302.83,1.91,D,0
30.71465,75.43801,357.47,0.51,0.49,2020-11-09,730,N,VIIRS,n,2,304.24,9.68,D,0
30.71568,75.1587,342.41,0.53,0.5,2020-11-09,730,N,VIIRS,n,2,302.29,5.56,D,0
30.71912,75.43672,330.31,0.51,0.49,2020-11-09,730,N,VIIRS,n,2,299.98,3.01,D,0
30.72207,75.8887,330.65,0.48,0.48,2020-11-09,730,N,VIIRS,l,2,300.89,1.5,D,0
30.72215,75.12191,348.15,0.53,0.5,2020-11-09,730,N,VIIRS,n,2,303.64,17.03,D,0
30.72344,75.02519,333.95,0.54,0.51,2020-11-09,730,N,VIIRS,n,2,300.25,4.19,D,0
30.72399,75.61491,335.38,0.5,0.49,2020-11-09,730,N,VIIRS,n,2,300.53,2.45,D,0
30.73153,75.69414,331.02,0.49,0.49,2020-11-09,730,N,VIIRS,n,2,300.4,1.85,D,0
30.73174,75.9122,331.39,0.48,0.48,2020-11-09,730,N,VIIRS,n,2,299.77,1.96,D,0
30.73484,75.44334,335.26,0.51,0.49,2020-11-09,730,N,VIIRS,n,2,299.29,5.02,D,0
30.73545,75.05701,344.98,0.54,0.5,2020-11-09,730,N,VIIRS,n,2,300.16,6.79,D,0
30.7362,75.88992,330.45,0.48,0.48,2020-11-09,730,N,VIIRS,l,2,301.09,2.8,D,0
30.73738,75.8738,340.45,0.48,0.48,2020-11-09,730,N,VIIRS,n,2,300.94,3.72,D,0
30.73754,75.05883,336.72,0.54,0.5,2020-11-09,730,N,VIIRS,n,2,300.33,5.46,D,0
30.73814,75.26163,330.27,0.52,0.5,2020-11-09,730,N,VIIRS,l,2,302.01,2.57,D,0
30.73963,75.31248,335.37,0.52,0.5,2020-11-09,730,N,VIIRS,n,2,300.95,3.12,D,0
30.73977,75.18063,343.32,0.53,0.5,2020-11-09,730,N,VIIRS,n,2,304.76,9.24,D,0
30.74006,75.3802,339.19,0.51,0.5,2020-11-09,730,N,VIIRS,n,2,301.88,4.21,D,0
30.74164,75.27775,340.91,0.52,0.5,2020-11-09,730,N,VIIRS,n,2,300.48,7.88,D,0
30.74281,75.28311,340.91,0.52,0.5,2020-11-09,730,N,VIIRS,n,2,300.57,7.88,D,0
30.74411,75.15618,339.53,0.53,0.5,2020-11-09,730,N,VIIRS,n,2,302.52,5.42,D,0
30.74664,75.76504,349.54,0.49,0.48,2020-11-09,730,N,VIIRS,n,2,307.19,19.46,D,0
30.74839,75.1582,342.94,0.53,0.5,2020-11-09,730,N,VIIRS,n,2,302.7,8.89,D,0
30.74879,75.02956,330.66,0.54,0.51,2020-11-09,730,N,VIIRS,l,2,300.93,3.32,D,0
30.75186,75.49953,343.43,0.5,0.49,2020-11-09,730,N,VIIRS,n,2,303.37,8.92,D,0
30.75257,75.66103,341.4,0.49,0.49,2020-11-09,730,N,VIIRS,n,2,302.95,14.77,D,0
30.75385,75.24559,342.6,0.52,0.5,2020-11-09,730,N,VIIRS,n,2,304.11,7.22,D,0
30.75459,75.66291,345.07,0.49,0.49,2020-11-09,730,N,VIIRS,n,2,302.17,11.46,D,0
30.75589,75.65466,345.14,0.5,0.49,2020-11-09,730,N,VIIRS,n,2,300.23,7.64,D,0
30.75626,75.23656,340.82,0.52,0.5,2020-11-09,730,N,VIIRS,n,2,302.59,5.78,D,0
30.75632,75.49825,342.07,0.5,0.49,2020-11-09,730,N,VIIRS,n,2,300.94,8.92,D,0
30.75721,75.23888,334.63,0.52,0.5,2020-11-09,730,N,VIIRS,n,2,302.31,7.22,D,0
30.75812,75.8626,330.43,0.48,0.48,2020-11-09,730,N,VIIRS,n,2,300.08,3.68,D,0
30.76123,75.67184,341.36,0.49,0.49,2020-11-09,730,N,VIIRS,n,2,302.43,6.85,D,0
30.76196,75.06686,347.83,0.53,0.5,2020-11-09,730,N,VIIRS,n,2,302.33,15.68,D,0
30.76916,75.3605,341.55,0.51,0.5,2020-11-09,730,N,VIIRS,n,2,302.32,5.12,D,0
30.77074,76.0517,330.45,0.47,0.48,2020-11-09,730,N,VIIRS,n,2,302.43,2.43,D,0
30.77177,76.05655,348.76,0.47,0.48,2020-11-09,730,N,VIIRS,n,2,301.42,8.02,D,0
30.77258,75.18006,345.42,0.53,0.5,2020-11-09,730,N,VIIRS,n,2,302.25,8.65,D,0
30.77411,75.22819,343.53,0.52,0.5,2020-11-09,730,N,VIIRS,n,2,303.77,6.95,D,0
30.77433,75.23131,353.74,0.52,0.5,2020-11-09,730,N,VIIRS,n,2,303.92,12.74,D,0
30.77528,75.23358,341.42,0.52,0.5,2020-11-09,730,N,VIIRS,n,2,302.7,9.15,D,0
30.7765,76.1217,330.03,0.47,0.47,2020-11-09,730,N,VIIRS,n,2,301,2.1,D,0
30.77776,75.05048,346.44,0.53,0.5,2020-11-09,730,N,VIIRS,n,2,304.23,15.65,D,0
30.78099,75.5901,338.01,0.5,0.49,2020-11-09,730,N,VIIRS,n,2,301.91,5.6,D,0
30.78169,75.00217,341.17,0.54,0.51,2020-11-09,730,N,VIIRS,n,2,303.03,9.54,D,0
30.78534,75.10675,344.28,0.53,0.5,2020-11-09,730,N,VIIRS,n,2,302.98,6.96,D,0
30.78589,76.14445,337.75,0.46,0.47,2020-11-09,730,N,VIIRS,n,2,300.83,5.01,D,0
30.78626,75.0008,342.04,0.54,0.51,2020-11-09,730,N,VIIRS,n,2,305.3,9.54,D,0
30.78831,75.38304,334.73,0.51,0.49,2020-11-09,730,N,VIIRS,n,2,300.22,3.64,D,0
30.79215,75.20312,330.38,0.52,0.5,2020-11-09,730,N,VIIRS,n,2,301.45,8,D,0
30.79302,75.85264,333.94,0.48,0.48,2020-11-09,730,N,VIIRS,n,2,301.77,5.93,D,0
30.79334,75.20853,341.31,0.52,0.5,2020-11-09,730,N,VIIRS,n,2,306.18,19.68,D,0
30.79623,75.85393,337.6,0.48,0.48,2020-11-09,730,N,VIIRS,n,2,300.84,4.82,D,0
30.7976,75.62347,340.31,0.5,0.49,2020-11-09,730,N,VIIRS,n,2,301.71,8.97,D,0
30.79865,75.51917,340.43,0.5,0.49,2020-11-09,730,N,VIIRS,n,2,302.01,4.83,D,0
30.79897,76.29147,330.34,0.45,0.47,2020-11-09,730,N,VIIRS,n,2,300.19,3.75,D,0
30.80045,75.1314,341.94,0.53,0.5,2020-11-09,730,N,VIIRS,n,2,302.66,7.73,D,0
30.80165,75.13686,336.83,0.53,0.5,2020-11-09,730,N,VIIRS,n,2,301.99,7.14,D,0
30.80402,75.25692,339.06,0.52,0.5,2020-11-09,730,N,VIIRS,n,2,302.8,3.47,D,0
30.81441,76.3219,332.45,0.45,0.47,2020-11-09,730,N,VIIRS,n,2,301.86,2.96,D,0
30.81443,75.28239,335.09,0.52,0.5,2020-11-09,730,N,VIIRS,n,2,301.08,4.06,D,0
30.815,76.28203,335.51,0.46,0.47,2020-11-09,730,N,VIIRS,n,2,300.42,3.19,D,0
30.8154,76.32657,331.39,0.45,0.47,2020-11-09,730,N,VIIRS,n,2,300.46,4.23,D,0
30.81623,75.70994,332.65,0.49,0.49,2020-11-09,730,N,VIIRS,n,2,300.55,4.57,D,0
30.8165,75.40017,341.64,0.51,0.49,2020-11-09,730,N,VIIRS,n,2,301.76,4.9,D,0
30.81832,75.21275,341.45,0.52,0.5,2020-11-09,730,N,VIIRS,n,2,301.27,8.12,D,0
30.81903,76.36504,333.72,0.45,0.47,2020-11-09,730,N,VIIRS,n,2,303.4,4.02,D,0
30.82025,76.28554,339.84,0.45,0.47,2020-11-09,730,N,VIIRS,n,2,301.47,3.15,D,0
30.82029,75.06731,339.49,0.53,0.5,2020-11-09,730,N,VIIRS,n,2,302.11,5.48,D,0
30.82063,75.70868,335.47,0.49,0.49,2020-11-09,730,N,VIIRS,n,2,299.19,4.57,D,0
30.82183,76.25018,342.25,0.46,0.47,2020-11-09,730,N,VIIRS,n,2,304.64,37.41,D,0
30.82282,76.2549,333.14,0.46,0.47,2020-11-09,730,N,VIIRS,n,2,300.7,21.3,D,0
30.82364,75.06047,331.23,0.53,0.5,2020-11-09,730,N,VIIRS,n,2,303.5,5.57,D,0
30.82484,75.06599,340.43,0.53,0.5,2020-11-09,730,N,VIIRS,n,2,301.66,5.57,D,0
30.82626,75.95004,341.58,0.47,0.48,2020-11-09,730,N,VIIRS,n,2,298.64,5.26,D,0
30.82693,75.06263,350.97,0.53,0.5,2020-11-09,730,N,VIIRS,n,2,302.78,8.46,D,0
30.82708,76.2537,342.47,0.46,0.47,2020-11-09,730,N,VIIRS,n,2,304.36,21.3,D,0
30.82743,75.60944,330.01,0.5,0.49,2020-11-09,730,N,VIIRS,l,2,300.04,4.18,D,0
30.83125,75.27179,340.87,0.52,0.5,2020-11-09,730,N,VIIRS,n,2,299.58,6.02,D,0
30.83337,75.41206,335.7,0.51,0.49,2020-11-09,730,N,VIIRS,n,2,301.4,5.91,D,0
30.83342,75.12754,336.06,0.53,0.5,2020-11-09,730,N,VIIRS,n,2,301.81,3.58,D,0
30.83453,75.4173,339.84,0.51,0.49,2020-11-09,730,N,VIIRS,n,2,302.24,5.91,D,0
30.83516,76.07632,330.04,0.47,0.47,2020-11-09,730,N,VIIRS,n,2,298.87,1.74,D,0
30.83593,76.07938,347.92,0.47,0.48,2020-11-09,730,N,VIIRS,n,2,299.99,12.24,D,0
30.8362,76.08115,346.41,0.47,0.47,2020-11-09,730,N,VIIRS,n,2,299.52,10.89,D,0
30.83721,76.06364,338.26,0.47,0.48,2020-11-09,730,N,VIIRS,n,2,301.37,4.53,D,0
30.83739,76.06547,349.96,0.47,0.48,2020-11-09,730,N,VIIRS,n,2,303.92,6.29,D,0
30.83798,75.11183,340.81,0.53,0.5,2020-11-09,730,N,VIIRS,n,2,301.44,4.05,D,0
30.8381,75.28117,333.77,0.52,0.5,2020-11-09,730,N,VIIRS,n,2,299.35,4.94,D,0
30.83935,75.15472,331.12,0.53,0.5,2020-11-09,730,N,VIIRS,n,2,301.73,3.13,D,0
30.84001,75.39896,330.57,0.51,0.49,2020-11-09,730,N,VIIRS,n,2,300.08,2.54,D,0
30.84012,75.11394,333.67,0.53,0.5,2020-11-09,730,N,VIIRS,n,2,299.77,3.87,D,0
30.84027,75.44348,333.5,0.51,0.49,2020-11-09,730,N,VIIRS,n,2,300.03,3.12,D,0
30.84107,75.01736,335.65,0.54,0.5,2020-11-09,730,N,VIIRS,n,2,302.33,3.67,D,0
30.84773,75.00362,340.84,0.54,0.51,2020-11-09,730,N,VIIRS,n,2,302.82,16.16,D,0
30.8481,75.02704,332.44,0.53,0.5,2020-11-09,730,N,VIIRS,n,2,302.87,3.39,D,0
30.84822,75.66306,347.17,0.49,0.49,2020-11-09,730,N,VIIRS,n,2,300.14,7.13,D,0
30.85113,75.66473,332.72,0.49,0.49,2020-11-09,730,N,VIIRS,n,2,299.12,7.64,D,0
30.85508,75.29324,340.95,0.52,0.5,2020-11-09,730,N,VIIRS,n,2,301.32,5.83,D,0
30.85943,75.26925,330.09,0.52,0.5,2020-11-09,730,N,VIIRS,n,2,300.49,2.58,D,0
30.86146,75.23443,341.44,0.52,0.5,2020-11-09,730,N,VIIRS,n,2,302.59,11.19,D,0
30.86509,75.27328,334.37,0.52,0.5,2020-11-09,730,N,VIIRS,n,2,299.77,2.58,D,0
30.8683,75.24387,330.24,0.52,0.5,2020-11-09,730,N,VIIRS,n,2,301.07,2.21,D,0
30.87037,76.20135,336.13,0.46,0.47,2020-11-09,730,N,VIIRS,n,2,301.94,3.21,D,0
30.87041,76.19805,339.91,0.46,0.47,2020-11-09,730,N,VIIRS,n,2,301.2,2.27,D,0
30.87151,75.2401,330.33,0.52,0.5,2020-11-09,730,N,VIIRS,n,2,299.39,2.93,D,0
30.87349,76.3251,339.59,0.45,0.47,2020-11-09,730,N,VIIRS,n,2,305.26,8.65,D,0
30.87446,76.32977,338.89,0.45,0.47,2020-11-09,730,N,VIIRS,n,2,303,9.12,D,0
30.8749,76.17669,339.1,0.46,0.47,2020-11-09,730,N,VIIRS,n,2,300.28,4.72,D,0
30.87534,75.27878,331.75,0.52,0.5,2020-11-09,730,N,VIIRS,n,2,298.92,1.47,D,0
30.87637,75.0011,341.37,0.54,0.5,2020-11-09,730,N,VIIRS,n,2,302.64,4.46,D,0
30.87866,75.70516,340.84,0.49,0.48,2020-11-09,730,N,VIIRS,n,2,302.08,4.56,D,0
30.88257,75.42007,345.05,0.51,0.49,2020-11-09,730,N,VIIRS,n,2,302.93,10.11,D,0
30.88451,75.19055,340.03,0.52,0.5,2020-11-09,730,N,VIIRS,n,2,303.39,9.47,D,0
30.8857,75.19595,330.25,0.52,0.5,2020-11-09,730,N,VIIRS,n,2,301.51,8.78,D,0
30.88944,76.00961,341.27,0.47,0.48,2020-11-09,730,N,VIIRS,n,2,304.87,8.04,D,0
30.89249,75.37807,344.65,0.51,0.49,2020-11-09,730,N,VIIRS,n,2,305.19,12.18,D,0
30.89378,75.31864,350.96,0.51,0.5,2020-11-09,730,N,VIIRS,n,2,303.8,15.35,D,0
30.89454,75.32128,340.58,0.51,0.5,2020-11-09,730,N,VIIRS,n,2,303.74,11.97,D,0
30.89653,75.37398,335.97,0.51,0.49,2020-11-09,730,N,VIIRS,n,2,299.26,4.36,D,0
30.89696,75.37676,342.96,0.51,0.49,2020-11-09,730,N,VIIRS,n,2,300.19,12.18,D,0
30.89829,75.47096,340.03,0.5,0.49,2020-11-09,730,N,VIIRS,n,2,300.52,4.02,D,0
30.90181,75.11628,340.92,0.53,0.5,2020-11-09,730,N,VIIRS,n,2,301.06,5.89,D,0
30.90274,75.46967,338.7,0.5,0.49,2020-11-09,730,N,VIIRS,n,2,300.35,4.41,D,0
30.9034,75.05762,341.34,0.53,0.5,2020-11-09,730,N,VIIRS,n,2,302.53,3.57,D,0
30.90508,75.32661,335.61,0.51,0.5,2020-11-09,730,N,VIIRS,n,2,299.93,6.6,D,0
30.90515,75.1095,333.94,0.53,0.5,2020-11-09,730,N,VIIRS,n,2,300.26,2.76,D,0
30.90578,75.32925,349.85,0.51,0.5,2020-11-09,730,N,VIIRS,n,2,300.66,6.65,D,0
30.90615,75.59475,337.56,0.5,0.49,2020-11-09,730,N,VIIRS,n,2,301.41,2.77,D,0
30.90625,75.3319,334.48,0.51,0.49,2020-11-09,730,N,VIIRS,n,2,300.17,6.6,D,0
30.9113,75.2683,330.27,0.52,0.5,2020-11-09,730,N,VIIRS,n,2,298.87,4.5,D,0
30.91455,76.2356,338.98,0.46,0.47,2020-11-09,730,N,VIIRS,n,2,302.15,3.91,D,0
30.91463,75.26167,340.77,0.52,0.5,2020-11-09,730,N,VIIRS,n,2,301.19,11.19,D,0
30.91499,75.50472,330.57,0.5,0.49,2020-11-09,730,N,VIIRS,l,2,301.52,4.12,D,0
30.91554,76.2403,337.2,0.46,0.47,2020-11-09,730,N,VIIRS,n,2,301.57,4.97,D,0
30.91795,75.255,340.25,0.52,0.5,2020-11-09,730,N,VIIRS,n,2,300.48,11.53,D,0
30.91912,75.26034,341.81,0.52,0.5,2020-11-09,730,N,VIIRS,n,2,300.57,11.53,D,0
30.92537,75.20151,343.41,0.52,0.5,2020-11-09,730,N,VIIRS,n,2,303.98,7.37,D,0
30.92716,75.5396,354.87,0.5,0.49,2020-11-09,730,N,VIIRS,n,2,307.5,18.13,D,0
30.92878,76.02099,341.95,0.47,0.48,2020-11-09,730,N,VIIRS,n,2,303.17,4.64,D,0
30.92903,76.02399,341.14,0.47,0.48,2020-11-09,730,N,VIIRS,n,2,302.22,4.76,D,0
30.92967,75.17731,346.19,0.52,0.5,2020-11-09,730,N,VIIRS,n,2,302.71,6.66,D,0
30.92987,75.20019,336.38,0.52,0.5,2020-11-09,730,N,VIIRS,n,2,300.11,7.37,D,0
30.93159,75.53831,353.19,0.5,0.49,2020-11-09,730,N,VIIRS,n,2,299.47,18.13,D,0
30.93201,76.12511,339.61,0.46,0.47,2020-11-09,730,N,VIIRS,n,2,303.85,6.56,D,0
30.93629,76.1239,331.73,0.46,0.47,2020-11-09,730,N,VIIRS,n,2,300.6,6.56,D,0
30.94575,75.07428,341.16,0.53,0.5,2020-11-09,730,N,VIIRS,n,2,301.19,5.23,D,0
30.94671,75.67484,330.99,0.49,0.49,2020-11-09,730,N,VIIRS,n,2,299.34,2.96,D,0
30.94824,75.4147,353.84,0.51,0.49,2020-11-09,730,N,VIIRS,n,2,302.41,20.29,D,0
30.95016,75.35838,340.42,0.51,0.49,2020-11-09,730,N,VIIRS,n,2,301.4,8.32,D,0
30.95135,76.01971,343.28,0.47,0.48,2020-11-09,730,N,VIIRS,n,2,302.38,5.51,D,0
30.95206,75.51836,332.49,0.5,0.49,2020-11-09,730,N,VIIRS,n,2,300.76,2.89,D,0
30.95375,75.22173,343.73,0.52,0.5,2020-11-09,730,N,VIIRS,n,2,301.37,5.8,D,0
30.95385,75.08932,340.97,0.53,0.5,2020-11-09,730,N,VIIRS,n,2,301.07,4.96,D,0
30.95484,76.23424,330.73,0.46,0.47,2020-11-09,730,N,VIIRS,n,2,300.55,0.68,D,0
30.95508,75.24979,346.3,0.52,0.5,2020-11-09,730,N,VIIRS,n,2,299.72,6.54,D,0
30.96114,75.3215,332.1,0.51,0.49,2020-11-09,730,N,VIIRS,n,2,300.27,4.41,D,0
30.9616,75.21371,342.12,0.52,0.5,2020-11-09,730,N,VIIRS,n,2,303.42,12.84,D,0
30.9643,75.53123,340.79,0.5,0.49,2020-11-09,730,N,VIIRS,n,2,301.07,5.39,D,0
30.96458,75.63969,338.73,0.49,0.49,2020-11-09,730,N,VIIRS,n,2,300.44,4.48,D,0
30.96462,75.16127,330.25,0.52,0.5,2020-11-09,730,N,VIIRS,n,2,300.49,2.76,D,0
30.96548,75.55817,339.15,0.5,0.49,2020-11-09,730,N,VIIRS,n,2,300.33,9.75,D,0
30.96585,75.36497,341.5,0.51,0.49,2020-11-09,730,N,VIIRS,n,2,301.27,11.01,D,0
30.9666,75.63679,338.55,0.49,0.49,2020-11-09,730,N,VIIRS,n,2,300.72,4.46,D,0
30.96937,75.40297,341.03,0.51,0.49,2020-11-09,730,N,VIIRS,n,2,302.56,4.04,D,0
30.97373,76.30335,338.99,0.45,0.47,2020-11-09,730,N,VIIRS,n,2,303.48,2.73,D,0
30.97905,75.31626,336.43,0.51,0.49,2020-11-09,730,N,VIIRS,n,2,300.85,4.86,D,0
30.99333,75.24991,348.31,0.52,0.5,2020-11-09,730,N,VIIRS,n,2,303.43,11.6,D,0
30.99438,75.23256,342.08,0.52,0.5,2020-11-09,730,N,VIIRS,n,2,304.74,12.9,D,0
30.9455,75.07764,340.95,0.53,0.5,2020-11-09,731,N,VIIRS,n,2,301.08,4.69,D,0
30.9537,75.09265,342.17,0.53,0.5,2020-11-09,731,N,VIIRS,n,2,303.26,9.84,D,0
30.96265,75.00256,341.62,0.53,0.5,2020-11-09,731,N,VIIRS,n,2,301.95,5.15,D,0
30.96493,75.16436,335.06,0.52,0.5,2020-11-09,731,N,VIIRS,n,2,300.44,3.85,D,0
30.98757,75.0711,341.46,0.53,0.5,2020-11-09,731,N,VIIRS,n,2,300.72,5.77,D,0
30.98877,75.07654,338,0.53,0.5,2020-11-09,731,N,VIIRS,n,2,300.77,6.96,D,0
30.99303,75.24738,341.05,0.52,0.5,2020-11-09,731,N,VIIRS,n,2,303.62,12.7,D,0
30.99397,75.23009,354.55,0.52,0.5,2020-11-09,731,N,VIIRS,n,2,304.75,18.45,D,0
30.42881,75.02495,304.8,0.5,0.66,2020-11-09,1954,N,VIIRS,n,2,283.34,1.2,N,0