latitude,longitude,bright_ti4,scan,track,acq_date,acq_time,satellite,instrument,confidence,version,bright_ti5,frp,daynight,type
30.00038,75.49934,367,0.49,0.65,2020-11-10,711,N,VIIRS,h,2,304.82,14.85,D,0
30.00172,75.8717,332.03,0.47,0.64,2020-11-10,711,N,VIIRS,n,2,301.89,2.6,D,0
30.00207,75.82471,351.21,0.47,0.64,2020-11-10,711,N,VIIRS,n,2,303.77,6.2,D,0
30.00252,75.85064,344.39,0.47,0.64,2020-11-10,711,N,VIIRS,n,2,301.88,6.76,D,0
30.00275,76.11039,347.81,0.45,0.63,2020-11-10,711,N,VIIRS,n,2,304.51,4.33,D,0
30.00722,75.72304,330.43,0.48,0.64,2020-11-10,711,N,VIIRS,l,2,303.07,2.3,D,0
30.00824,75.65349,332.42,0.48,0.65,2020-11-10,711,N,VIIRS,l,2,302.74,5.85,D,0
30.01429,76.13167,338.29,0.45,0.63,2020-11-10,711,N,VIIRS,n,2,303.74,3.38,D,0
30.01688,75.80931,344.68,0.47,0.64,2020-11-10,711,N,VIIRS,n,2,302.33,3.39,D,0
30.01861,75.64465,355.05,0.48,0.65,2020-11-10,711,N,VIIRS,n,2,303.66,8.84,D,0
30.02466,75.93637,333.14,0.46,0.64,2020-11-10,711,N,VIIRS,l,2,303.18,4.23,D,0
30.02512,75.88982,330.1,0.47,0.64,2020-11-10,711,N,VIIRS,l,2,300.7,4.4,D,0
30.02641,75.93463,343.97,0.46,0.64,2020-11-10,711,N,VIIRS,n,2,303.64,5.02,D,0
30.0321,75.74649,350.15,0.47,0.64,2020-11-10,711,N,VIIRS,n,2,304.56,6.85,D,0
30.03819,75.91644,347.84,0.46,0.64,2020-11-10,711,N,VIIRS,n,2,302.82,8.26,D,0
30.03942,75.9212,344.36,0.46,0.64,2020-11-10,711,N,VIIRS,n,2,304.24,10.12,D,0
30.04595,75.60323,355.92,0.48,0.65,2020-11-10,711,N,VIIRS,n,2,301.49,6.88,D,0
30.046,76.11114,331.83,0.45,0.63,2020-11-10,711,N,VIIRS,n,2,301.33,2.31,D,0
30.04721,75.60818,341.25,0.48,0.65,2020-11-10,711,N,VIIRS,n,2,301.29,6.88,D,0
30.04902,75.71433,367,0.48,0.64,2020-11-10,711,N,VIIRS,h,2,304.16,8.47,D,0
30.05095,76.1104,337.31,0.45,0.63,2020-11-10,711,N,VIIRS,n,2,300.3,2.75,D,0
30.05241,76.03841,334.49,0.46,0.63,2020-11-10,711,N,VIIRS,n,2,303.15,2.21,D,0
30.0527,76.0888,348.87,0.45,0.63,2020-11-10,711,N,VIIRS,n,2,303.74,6.03,D,0
30.05386,76.09344,345.23,0.45,0.63,2020-11-10,711,N,VIIRS,n,2,303.2,6.03,D,0
30.05698,76.03791,336.5,0.46,0.63,2020-11-10,711,N,VIIRS,n,2,301.86,3.34,D,0
30.05754,76.08815,367,0.45,0.63,2020-11-10,711,N,VIIRS,h,2,307.44,21.13,D,0
30.05837,76.08691,346.79,0.45,0.63,2020-11-10,711,N,VIIRS,n,2,304.28,5.13,D,0
30.05954,76.09155,335.31,0.45,0.63,2020-11-10,711,N,VIIRS,n,2,303.03,5.13,D,0
30.0651,75.77753,339.16,0.47,0.64,2020-11-10,711,N,VIIRS,n,2,303.31,6.31,D,0
30.0687,75.96281,332.91,0.46,0.64,2020-11-10,711,N,VIIRS,l,2,303.29,4.93,D,0
30.07673,75.69971,334.34,0.48,0.64,2020-11-10,711,N,VIIRS,n,2,301.47,3.76,D,0
30.07922,75.88217,344.05,0.46,0.64,2020-11-10,711,N,VIIRS,n,2,301.66,7.16,D,0
30.08043,75.88692,347.04,0.46,0.64,2020-11-10,711,N,VIIRS,n,2,301.69,9.51,D,0
30.08105,75.93822,330.67,0.46,0.64,2020-11-10,711,N,VIIRS,n,2,301.91,2.01,D,0
30.08373,75.97314,348.9,0.46,0.63,2020-11-10,711,N,VIIRS,n,2,304.7,4.62,D,0
30.08996,76.02194,367,0.46,0.63,2020-11-10,711,N,VIIRS,h,2,304.85,10.53,D,0
30.0959,76.0453,333.69,0.45,0.63,2020-11-10,711,N,VIIRS,n,2,300.98,2.64,D,0
30.10159,76.04341,335.04,0.45,0.63,2020-11-10,711,N,VIIRS,n,2,302.11,2.64,D,0
30.10245,75.90023,350.37,0.46,0.64,2020-11-10,711,N,VIIRS,n,2,302.6,6.62,D,0
30.13157,75.9419,352.88,0.46,0.64,2020-11-10,711,N,VIIRS,n,2,302.01,6.95,D,0
30.1349,75.93053,331.04,0.46,0.64,2020-11-10,711,N,VIIRS,n,2,299.78,4.67,D,0
30.13806,76.0414,344.53,0.45,0.63,2020-11-10,711,N,VIIRS,n,2,303.86,7.5,D,0
30.13823,76.06654,353.33,0.45,0.63,2020-11-10,711,N,VIIRS,n,2,305.54,5.73,D,0
30.16093,76.05901,337.28,0.45,0.63,2020-11-10,711,N,VIIRS,n,2,305.18,2.42,D,0
30.18169,76.14207,367,0.45,0.63,2020-11-10,711,N,VIIRS,h,2,307.59,8.96,D,0
30.18189,76.21619,367,0.44,0.63,2020-11-10,711,N,VIIRS,h,2,305.97,10.48,D,0
30.18734,76.14021,367,0.45,0.63,2020-11-10,711,N,VIIRS,h,2,302.4,8.96,D,0
30.18982,76.24792,330.31,0.44,0.62,2020-11-10,711,N,VIIRS,l,2,302.47,4.19,D,0
30.0017,75.4955,367,0.49,0.65,2020-11-10,712,N,VIIRS,h,2,301.61,9.61,D,0
30.00302,75.50052,336.15,0.49,0.65,2020-11-10,712,N,VIIRS,n,2,301.15,10.71,D,0
30.0181,75.03901,346.85,0.52,0.67,2020-11-10,712,N,VIIRS,n,2,302.5,5.87,D,0
30.02212,75.03432,334.06,0.52,0.67,2020-11-10,712,N,VIIRS,n,2,297.61,7.54,D,0
30.02262,75.52666,336.43,0.49,0.65,2020-11-10,712,N,VIIRS,n,2,301.08,3.86,D,0
30.0228,75.35611,354.88,0.5,0.66,2020-11-10,712,N,VIIRS,n,2,301.24,6.7,D,0
30.03693,75.53272,332.46,0.49,0.65,2020-11-10,712,N,VIIRS,n,2,300.17,1.97,D,0
30.03749,75.46157,334.61,0.49,0.65,2020-11-10,712,N,VIIRS,n,2,299.96,3.99,D,0
30.03936,75.07477,332.91,0.52,0.67,2020-11-10,712,N,VIIRS,n,2,300.63,3.01,D,0
30.04335,75.23692,333.26,0.51,0.66,2020-11-10,712,N,VIIRS,n,2,301.83,2.86,D,0
30.04407,75.5844,333.17,0.48,0.65,2020-11-10,712,N,VIIRS,n,2,299.71,2.69,D,0
30.04579,75.7118,335.78,0.48,0.64,2020-11-10,712,N,VIIRS,n,2,303.76,7.11,D,0
30.04706,75.71666,367,0.48,0.64,2020-11-10,712,N,VIIRS,h,2,305.63,7.11,D,0
30.04922,75.60412,367,0.48,0.65,2020-11-10,712,N,VIIRS,h,2,303.8,13.31,D,0
30.04953,75.08858,337.93,0.52,0.66,2020-11-10,712,N,VIIRS,n,2,300.61,3.7,D,0
30.06931,75.77776,348.9,0.47,0.64,2020-11-10,712,N,VIIRS,n,2,303.49,6.24,D,0
30.07133,75.54284,331.21,0.49,0.65,2020-11-10,712,N,VIIRS,n,2,299.49,2.81,D,0
30.07475,75.70218,338.45,0.48,0.64,2020-11-10,712,N,VIIRS,n,2,301.93,3.48,D,0
30.08423,75.34272,351.73,0.5,0.66,2020-11-10,712,N,VIIRS,n,2,301.48,8.63,D,0
30.08544,75.59736,367,0.48,0.65,2020-11-10,712,N,VIIRS,h,2,305.18,19.8,D,0
30.08574,75.40126,331.07,0.49,0.65,2020-11-10,712,N,VIIRS,n,2,300.3,3.53,D,0
30.08705,75.40634,337.81,0.49,0.65,2020-11-10,712,N,VIIRS,n,2,300.13,5.88,D,0
30.0872,75.40258,351.9,0.49,0.65,2020-11-10,712,N,VIIRS,n,2,301.87,4.9,D,0
30.09438,75.28352,352.87,0.5,0.66,2020-11-10,712,N,VIIRS,n,2,302.28,10.47,D,0
30.09573,75.28865,355.57,0.5,0.66,2020-11-10,712,N,VIIRS,n,2,303.78,10.47,D,0
30.10164,75.90199,348.61,0.46,0.64,2020-11-10,712,N,VIIRS,n,2,302.79,6.27,D,0
30.10471,75.62302,341.82,0.48,0.65,2020-11-10,712,N,VIIRS,n,2,300.41,3.53,D,0
30.10664,75.38306,331.62,0.5,0.65,2020-11-10,712,N,VIIRS,n,2,300.24,2.38,D,0
30.10691,75.55785,332.81,0.48,0.65,2020-11-10,712,N,VIIRS,n,2,300.75,2.11,D,0
30.10775,75.65932,336.33,0.48,0.64,2020-11-10,712,N,VIIRS,n,2,300.25,7.25,D,0
30.11023,75.29488,343.08,0.5,0.66,2020-11-10,712,N,VIIRS,n,2,300.23,4.38,D,0
30.11371,75.3327,367,0.5,0.66,2020-11-10,712,N,VIIRS,h,2,303.67,13.21,D,0
30.11704,75.71981,334.66,0.47,0.64,2020-11-10,712,N,VIIRS,n,2,301.66,2.02,D,0
30.12218,75.44387,348.06,0.49,0.65,2020-11-10,712,N,VIIRS,n,2,300.03,4.29,D,0
30.12304,75.36839,342.64,0.5,0.65,2020-11-10,712,N,VIIRS,n,2,299.66,8.51,D,0
30.12394,75.44511,367,0.49,0.65,2020-11-10,712,N,VIIRS,h,2,301.76,7.54,D,0
30.12411,75.94077,330.49,0.46,0.64,2020-11-10,712,N,VIIRS,l,2,300.87,2.47,D,0
30.12416,75.60041,349.21,0.48,0.65,2020-11-10,712,N,VIIRS,n,2,301.79,6.42,D,0
30.12437,75.37347,367,0.49,0.65,2020-11-10,712,N,VIIRS,h,2,302.92,17.25,D,0
30.12515,75.65347,335.44,0.48,0.64,2020-11-10,712,N,VIIRS,n,2,301.81,3.35,D,0
30.12531,75.72756,348.17,0.47,0.64,2020-11-10,712,N,VIIRS,n,2,302.88,15.18,D,0
30.12656,75.73241,367,0.47,0.64,2020-11-10,712,N,VIIRS,h,2,308.14,15.18,D,0
30.12672,75.60098,340.54,0.48,0.65,2020-11-10,712,N,VIIRS,n,2,302.41,6.13,D,0
30.12983,75.93887,342.06,0.46,0.64,2020-11-10,712,N,VIIRS,n,2,300.59,6.05,D,0
30.13074,75.57674,334.2,0.48,0.65,2020-11-10,712,N,VIIRS,n,2,299.66,1.89,D,0
30.13105,75.94357,330.28,0.46,0.63,2020-11-10,712,N,VIIRS,l,2,300.37,5.31,D,0
30.13626,75.41898,331.57,0.49,0.65,2020-11-10,712,N,VIIRS,n,2,299.8,4.09,D,0
30.13672,75.34715,352.87,0.5,0.66,2020-11-10,712,N,VIIRS,n,2,302.16,6.93,D,0
30.13757,75.42403,333.27,0.49,0.65,2020-11-10,712,N,VIIRS,n,2,300.23,5.4,D,0
30.13808,76.04266,367,0.45,0.63,2020-11-10,712,N,VIIRS,h,2,305.24,7.54,D,0
30.13839,76.0677,342.67,0.45,0.63,2020-11-10,712,N,VIIRS,n,2,304.3,6.92,D,0
30.14212,75.91432,332.87,0.46,0.64,2020-11-10,712,N,VIIRS,n,2,302.85,3.64,D,0
30.14377,76.0408,332.01,0.45,0.63,2020-11-10,712,N,VIIRS,n,2,301.96,2.04,D,0
30.1469,75.0377,330.01,0.52,0.67,2020-11-10,712,N,VIIRS,n,2,301.35,4,D,0
30.14897,75.54901,343.28,0.48,0.65,2020-11-10,712,N,VIIRS,n,2,300.05,3.7,D,0
30.14938,75.5181,332.55,0.49,0.65,2020-11-10,712,N,VIIRS,n,2,299.58,2.08,D,0
30.15127,75.5981,349.45,0.48,0.65,2020-11-10,712,N,VIIRS,n,2,301.36,7.43,D,0
30.15448,75.5955,367,0.48,0.65,2020-11-10,712,N,VIIRS,h,2,301.75,7.73,D,0
30.15708,75.59617,367,0.48,0.65,2020-11-10,712,N,VIIRS,h,2,301.77,7.43,D,0
30.1578,76.07135,331.19,0.45,0.63,2020-11-10,712,N,VIIRS,l,2,302.74,2.12,D,0
30.15904,75.58861,341.78,0.48,0.65,2020-11-10,712,N,VIIRS,n,2,301.73,7.73,D,0
30.1611,76.06025,346.84,0.45,0.63,2020-11-10,712,N,VIIRS,n,2,305.03,4.36,D,0
30.16115,75.79416,337.98,0.47,0.64,2020-11-10,712,N,VIIRS,n,2,303.07,2.39,D,0
30.16289,75.3493,334.3,0.5,0.65,2020-11-10,712,N,VIIRS,n,2,301.48,5.24,D,0
30.17001,75.30244,330.76,0.5,0.66,2020-11-10,712,N,VIIRS,n,2,300.06,4.86,D,0
30.17272,75.51022,356.3,0.49,0.65,2020-11-10,712,N,VIIRS,n,2,302.22,6.65,D,0
30.17342,75.43929,367,0.49,0.65,2020-11-10,712,N,VIIRS,h,2,301.74,6.5,D,0
30.17401,75.51518,336.78,0.48,0.65,2020-11-10,712,N,VIIRS,n,2,301.69,6.65,D,0
30.17706,75.76918,331.66,0.47,0.64,2020-11-10,712,N,VIIRS,l,2,301.68,3.5,D,0
30.17789,76.14948,330.21,0.45,0.63,2020-11-10,712,N,VIIRS,n,2,302.7,2.14,D,0
30.1812,76.13851,344.49,0.45,0.63,2020-11-10,712,N,VIIRS,n,2,305.3,5.66,D,0
30.18237,76.14308,367,0.45,0.63,2020-11-10,712,N,VIIRS,h,2,307.08,5.66,D,0
30.18296,76.21688,367,0.44,0.62,2020-11-10,712,N,VIIRS,h,2,306.53,10.47,D,0
30.18685,76.13666,332.46,0.45,0.63,2020-11-10,712,N,VIIRS,n,2,303,5.66,D,0
30.18756,75.54303,345.15,0.48,0.65,2020-11-10,712,N,VIIRS,n,2,301.65,6.63,D,0
30.18802,76.14124,331.89,0.45,0.63,2020-11-10,712,N,VIIRS,n,2,301.76,5.66,D,0
30.18884,75.54798,343.51,0.48,0.65,2020-11-10,712,N,VIIRS,n,2,300.39,9.6,D,0
30.18948,76.05088,354.56,0.45,0.63,2020-11-10,712,N,VIIRS,n,2,303.9,5.36,D,0
30.18992,76.244,340.77,0.44,0.62,2020-11-10,712,N,VIIRS,n,2,303.36,4.68,D,0
30.1923,75.40482,344.86,0.49,0.65,2020-11-10,712,N,VIIRS,n,2,301.68,4.38,D,0
30.1925,75.61096,350.35,0.48,0.65,2020-11-10,712,N,VIIRS,n,2,301.39,6.13,D,0
30.19309,75.31076,336.95,0.5,0.66,2020-11-10,712,N,VIIRS,n,2,300.9,4.12,D,0
30.19337,75.16483,338.22,0.51,0.66,2020-11-10,712,N,VIIRS,n,2,300.72,3.24,D,0
30.19621,75.40414,345.91,0.49,0.65,2020-11-10,712,N,VIIRS,n,2,300.96,8.22,D,0
30.19684,75.43135,334.24,0.49,0.65,2020-11-10,712,N,VIIRS,n,2,301.92,3.77,D,0
30.19752,75.30968,346.53,0.5,0.66,2020-11-10,712,N,VIIRS,n,2,301.52,7.82,D,0
30.19899,75.30878,330.1,0.5,0.66,2020-11-10,712,N,VIIRS,n,2,301.18,2.85,D,0
30.20172,75.80656,334.14,0.47,0.64,2020-11-10,712,N,VIIRS,n,2,303.13,3.13,D,0
30.20274,75.37989,347.1,0.49,0.65,2020-11-10,712,N,VIIRS,n,2,301.39,5.56,D,0
30.20275,75.3301,341.53,0.5,0.65,2020-11-10,712,N,VIIRS,n,2,300.72,3.93,D,0
30.20434,75.32912,342.78,0.5,0.65,2020-11-10,712,N,VIIRS,n,2,301.18,4.6,D,0
30.20458,75.37869,337.88,0.49,0.65,2020-11-10,712,N,VIIRS,n,2,299.08,2.5,D,0
30.2071,75.76439,345.85,0.47,0.64,2020-11-10,712,N,VIIRS,n,2,302.12,4.64,D,0
30.20746,76.16943,367,0.44,0.63,2020-11-10,712,N,VIIRS,h,2,306.68,13.11,D,0
30.21082,75.77879,330.22,0.47,0.64,2020-11-10,712,N,VIIRS,n,2,299.06,0.46,D,0
30.21192,75.58844,330.36,0.48,0.65,2020-11-10,712,N,VIIRS,n,2,298.75,1.92,D,0
30.2137,75.61983,341.5,0.48,0.64,2020-11-10,712,N,VIIRS,n,2,300.8,7.7,D,0
30.21744,75.20744,350.21,0.5,0.66,2020-11-10,712,N,VIIRS,n,2,303.14,5.69,D,0
30.21772,75.58646,332.13,0.48,0.65,2020-11-10,712,N,VIIRS,n,2,298.51,1.92,D,0
30.218,75.30787,334.75,0.5,0.66,2020-11-10,712,N,VIIRS,n,2,300.05,4.84,D,0
30.21822,75.95126,344.4,0.46,0.63,2020-11-10,712,N,VIIRS,n,2,303.24,8.37,D,0
30.21933,75.31296,345.73,0.5,0.66,2020-11-10,712,N,VIIRS,n,2,301.84,8.19,D,0
30.21933,75.94988,356.43,0.46,0.63,2020-11-10,712,N,VIIRS,n,2,304.41,6.37,D,0
30.22126,75.51466,332.35,0.48,0.65,2020-11-10,712,N,VIIRS,n,2,300.03,5.14,D,0
30.22416,75.11078,335.04,0.51,0.66,2020-11-10,712,N,VIIRS,n,2,300.42,5.39,D,0
30.22539,75.11401,340.66,0.51,0.66,2020-11-10,712,N,VIIRS,n,2,301.24,3.97,D,0
30.22555,75.56776,337.4,0.48,0.65,2020-11-10,712,N,VIIRS,n,2,300.41,3.5,D,0
30.23088,76.11716,331.31,0.45,0.63,2020-11-10,712,N,VIIRS,n,2,303.33,4.04,D,0
30.23205,76.12175,343.73,0.45,0.63,2020-11-10,712,N,VIIRS,n,2,302.69,5.86,D,0
30.23233,75.49545,336.18,0.48,0.65,2020-11-10,712,N,VIIRS,n,2,299.54,4.21,D,0
30.23383,75.77109,367,0.47,0.64,2020-11-10,712,N,VIIRS,h,2,303.39,9.86,D,0
30.23485,75.49393,338.16,0.48,0.65,2020-11-10,712,N,VIIRS,n,2,300.77,3.1,D,0
30.23507,75.77589,355.12,0.47,0.64,2020-11-10,712,N,VIIRS,n,2,303.96,7.47,D,0
30.2363,75.78069,331.29,0.47,0.64,2020-11-10,712,N,VIIRS,l,2,303.48,7.47,D,0
30.24302,75.35464,367,0.49,0.65,2020-11-10,712,N,VIIRS,h,2,302.11,10.05,D,0
30.24697,75.79794,332.78,0.47,0.64,2020-11-10,712,N,VIIRS,n,2,301.87,1.54,D,0
30.24779,75.59158,332.69,0.48,0.65,2020-11-10,712,N,VIIRS,n,2,300.34,2.28,D,0
30.25004,75.5648,334.25,0.48,0.65,2020-11-10,712,N,VIIRS,n,2,299.92,2.2,D,0
30.25297,75.56311,330.18,0.48,0.65,2020-11-10,712,N,VIIRS,n,2,299.82,3.8,D,0
30.25417,75.89855,367,0.46,0.63,2020-11-10,712,N,VIIRS,h,2,304.89,9.23,D,0
30.25419,75.61604,330.22,0.48,0.64,2020-11-10,712,N,VIIRS,l,2,301.12,3.15,D,0
30.25677,75.61594,335.07,0.48,0.64,2020-11-10,712,N,VIIRS,n,2,301.28,2.55,D,0
30.25805,75.11633,344.49,0.51,0.66,2020-11-10,712,N,VIIRS,n,2,303.12,4.4,D,0
30.25882,75.46416,332.35,0.49,0.65,2020-11-10,712,N,VIIRS,n,2,302.86,3.04,D,0
30.25916,75.11948,343,0.51,0.66,2020-11-10,712,N,VIIRS,n,2,303.43,5.41,D,0
30.2593,75.63555,351.98,0.47,0.64,2020-11-10,712,N,VIIRS,n,2,298.66,6.87,D,0
30.26052,75.2989,342.38,0.5,0.66,2020-11-10,712,N,VIIRS,n,2,300.18,5.73,D,0
30.26177,75.63555,347.52,0.48,0.64,2020-11-10,712,N,VIIRS,n,2,297.95,3.78,D,0
30.26651,75.34667,343.34,0.49,0.65,2020-11-10,712,N,VIIRS,n,2,302.1,3.46,D,0
30.26661,75.05058,339.3,0.51,0.66,2020-11-10,712,N,VIIRS,n,2,300.96,6.22,D,0
30.26674,75.65507,339.14,0.47,0.64,2020-11-10,712,N,VIIRS,n,2,301.46,6.29,D,0
30.26692,75.66469,345.24,0.47,0.64,2020-11-10,712,N,VIIRS,n,2,303.35,7.79,D,0
30.26775,75.59554,353.03,0.48,0.64,2020-11-10,712,N,VIIRS,n,2,301.44,6.69,D,0
30.26922,75.66481,367,0.47,0.64,2020-11-10,712,N,VIIRS,h,2,302.56,7.39,D,0
30.26993,75.79022,367,0.47,0.64,2020-11-10,712,N,VIIRS,h,2,304.16,6.51,D,0
30.27017,75.65306,348.14,0.47,0.64,2020-11-10,712,N,VIIRS,n,2,301.81,7.44,D,0
30.2704,75.59531,347.31,0.48,0.64,2020-11-10,712,N,VIIRS,n,2,301.23,5.84,D,0
30.27459,75.97814,337.64,0.45,0.63,2020-11-10,712,N,VIIRS,n,2,301.77,3.15,D,0
30.27504,75.40421,336.09,0.49,0.65,2020-11-10,712,N,VIIRS,n,2,299.65,4.11,D,0
30.27693,75.33756,341.85,0.49,0.65,2020-11-10,712,N,VIIRS,n,2,301.35,5.33,D,0
30.27802,76.08739,338.93,0.45,0.63,2020-11-10,712,N,VIIRS,n,2,303.3,4.07,D,0
30.27827,76.08646,345.13,0.45,0.63,2020-11-10,712,N,VIIRS,n,2,304.14,4.43,D,0
30.28062,75.59654,331.29,0.48,0.64,2020-11-10,712,N,VIIRS,n,2,301.04,2.92,D,0
30.28201,75.55334,356.5,0.48,0.65,2020-11-10,712,N,VIIRS,n,2,299.77,12.5,D,0
30.28329,75.55827,367,0.48,0.65,2020-11-10,712,N,VIIRS,h,2,300.64,12.5,D,0
30.28426,75.65889,342.18,0.47,0.64,2020-11-10,712,N,VIIRS,n,2,301.3,5.07,D,0
30.285,75.09573,344.17,0.51,0.66,2020-11-10,712,N,VIIRS,n,2,303.05,4.69,D,0
30.28505,75.99488,341.21,0.45,0.63,2020-11-10,712,N,VIIRS,n,2,301.58,7.7,D,0
30.28623,75.99953,367,0.45,0.63,2020-11-10,712,N,VIIRS,h,2,304.2,7.7,D,0
30.28654,75.65893,367,0.47,0.64,2020-11-10,712,N,VIIRS,h,2,302.8,9.21,D,0
30.28679,75.7887,333.18,0.46,0.64,2020-11-10,712,N,VIIRS,n,2,301.05,5.02,D,0
30.28979,76.01345,334.09,0.45,0.63,2020-11-10,712,N,VIIRS,n,2,303.05,4.64,D,0
30.29004,75.65694,348.86,0.47,0.64,2020-11-10,712,N,VIIRS,n,2,301.92,6.51,D,0
30.29357,75.7188,336.95,0.47,0.64,2020-11-10,712,N,VIIRS,n,2,303.57,3.61,D,0
30.29547,75.58087,348.9,0.48,0.64,2020-11-10,712,N,VIIRS,n,2,302.75,20.17,D,0
30.2955,75.719,331.24,0.47,0.64,2020-11-10,712,N,VIIRS,n,2,302.73,2.81,D,0
30.29674,75.58578,367,0.48,0.64,2020-11-10,712,N,VIIRS,h,2,301.95,20.17,D,0
30.29734,75.06868,332.68,0.51,0.66,2020-11-10,712,N,VIIRS,n,2,299.73,1.88,D,0
30.29745,75.5642,330.59,0.48,0.65,2020-11-10,712,N,VIIRS,n,2,299.23,2.88,D,0
30.29777,75.4183,367,0.49,0.65,2020-11-10,712,N,VIIRS,h,2,305.66,15.23,D,0
30.29834,75.41421,354.87,0.49,0.65,2020-11-10,712,N,VIIRS,n,2,302.17,20.95,D,0
30.29967,75.41921,367,0.49,0.65,2020-11-10,712,N,VIIRS,h,2,303.62,26.23,D,0
30.30233,75.4113,331.41,0.49,0.65,2020-11-10,712,N,VIIRS,n,2,299.03,9.42,D,0
30.30362,75.41632,367,0.49,0.65,2020-11-10,712,N,VIIRS,h,2,300.62,16.15,D,0
30.3096,75.70818,367,0.47,0.64,2020-11-10,712,N,VIIRS,h,2,303.5,9.36,D,0
30.31287,75.69663,352.45,0.47,0.64,2020-11-10,712,N,VIIRS,n,2,300.62,5.82,D,0
30.31322,75.15403,332.74,0.5,0.66,2020-11-10,712,N,VIIRS,n,2,302.07,4.5,D,0
30.31338,75.60145,333.3,0.48,0.64,2020-11-10,712,N,VIIRS,n,2,299.55,2.79,D,0
30.31373,75.13129,367,0.51,0.66,2020-11-10,712,N,VIIRS,h,2,301.77,9.23,D,0
30.31456,75.40327,330.48,0.49,0.65,2020-11-10,712,N,VIIRS,n,2,300.36,3.75,D,0
30.31686,75.54158,333.56,0.48,0.65,2020-11-10,712,N,VIIRS,n,2,300.46,2.23,D,0
30.31706,75.73701,336.35,0.47,0.64,2020-11-10,712,N,VIIRS,n,2,301.86,3.85,D,0
30.31985,75.40527,348.7,0.49,0.65,2020-11-10,712,N,VIIRS,n,2,301.95,7.58,D,0
30.31998,75.17988,339.24,0.5,0.66,2020-11-10,712,N,VIIRS,n,2,302.37,3.9,D,0
30.32041,75.4013,330.21,0.49,0.65,2020-11-10,712,N,VIIRS,n,2,299.62,4.45,D,0
30.32245,75.43322,341.81,0.49,0.65,2020-11-10,712,N,VIIRS,n,2,299.36,3.94,D,0
30.32571,75.10147,350.07,0.51,0.66,2020-11-10,712,N,VIIRS,n,2,302.17,7.53,D,0
30.32608,75.10433,337.12,0.51,0.66,2020-11-10,712,N,VIIRS,n,2,301.19,7.01,D,0
30.32678,76.32987,332.7,0.43,0.62,2020-11-10,712,N,VIIRS,l,2,302.97,2.59,D,0
30.32755,75.43533,336.95,0.49,0.65,2020-11-10,712,N,VIIRS,n,2,299.02,5.1,D,0
30.32798,76.33002,335.45,0.43,0.62,2020-11-10,712,N,VIIRS,n,2,302.82,3.06,D,0
30.32904,75.83146,351.17,0.46,0.64,2020-11-10,712,N,VIIRS,n,2,303.05,5.48,D,0
30.33026,75.832,348.56,0.46,0.64,2020-11-10,712,N,VIIRS,n,2,303.18,5.1,D,0
30.33083,75.42335,331.11,0.49,0.65,2020-11-10,712,N,VIIRS,n,2,300.07,1.91,D,0
30.33156,75.24874,351.89,0.5,0.66,2020-11-10,712,N,VIIRS,n,2,301.5,5.59,D,0
30.33276,75.57891,367,0.48,0.64,2020-11-10,712,N,VIIRS,h,2,299.76,11.17,D,0
30.33402,75.58382,367,0.48,0.64,2020-11-10,712,N,VIIRS,h,2,300.36,11.17,D,0
30.33422,75.47802,330.05,0.48,0.65,2020-11-10,712,N,VIIRS,n,2,299.37,1.96,D,0
30.33839,75.69852,367,0.47,0.64,2020-11-10,712,N,VIIRS,h,2,304.3,16.89,D,0
30.33963,75.70334,335.98,0.47,0.64,2020-11-10,712,N,VIIRS,n,2,303.4,15.44,D,0
30.33977,75.45831,367,0.48,0.65,2020-11-10,712,N,VIIRS,h,2,305.21,14.76,D,0
30.34066,75.45421,355.65,0.48,0.65,2020-11-10,712,N,VIIRS,n,2,299.53,13.43,D,0
30.34196,75.45918,367,0.48,0.65,2020-11-10,712,N,VIIRS,h,2,301.12,20.39,D,0
30.342,76.19453,339.04,0.44,0.62,2020-11-10,712,N,VIIRS,n,2,305.68,5.7,D,0
30.34547,75.15125,367,0.5,0.66,2020-11-10,712,N,VIIRS,h,2,306.92,18.18,D,0
30.34552,75.15422,355.4,0.5,0.66,2020-11-10,712,N,VIIRS,n,2,304.71,9.69,D,0
30.34686,75.46127,340.56,0.48,0.65,2020-11-10,712,N,VIIRS,n,2,300.69,14.76,D,0
30.34779,75.45719,342.18,0.48,0.65,2020-11-10,712,N,VIIRS,n,2,300.32,4.81,D,0
30.34889,75.56812,340.08,0.48,0.64,2020-11-10,712,N,VIIRS,n,2,300.17,3.45,D,0
30.34901,75.19244,341.48,0.5,0.66,2020-11-10,712,N,VIIRS,n,2,302.68,6.51,D,0
30.34902,76.27006,367,0.44,0.62,2020-11-10,712,N,VIIRS,h,2,304.64,12.49,D,0
30.34908,75.46216,348.85,0.48,0.65,2020-11-10,712,N,VIIRS,n,2,300.78,4.81,D,0
30.35143,75.15218,342.05,0.5,0.66,2020-11-10,712,N,VIIRS,n,2,299.7,9.69,D,0
30.35264,75.58281,333.83,0.48,0.64,2020-11-10,712,N,VIIRS,n,2,300.72,3.33,D,0
30.3548,76.05187,330.78,0.45,0.63,2020-11-10,712,N,VIIRS,n,2,303.35,1.91,D,0
30.3554,75.34016,343.46,0.49,0.65,2020-11-10,712,N,VIIRS,n,2,301.89,4.51,D,0
30.35835,75.00459,355.54,0.51,0.66,2020-11-10,712,N,VIIRS,n,2,302.62,6.78,D,0
30.36003,75.38239,349.75,0.49,0.65,2020-11-10,712,N,VIIRS,n,2,299.26,7.93,D,0
30.36134,75.38739,347.75,0.49,0.65,2020-11-10,712,N,VIIRS,n,2,299.51,11.07,D,0
30.36332,76.18259,338.76,0.44,0.62,2020-11-10,712,N,VIIRS,n,2,302.45,2.79,D,0
30.36651,75.35832,338.9,0.49,0.65,2020-11-10,712,N,VIIRS,n,2,302.2,2.21,D,0
30.37129,75.89923,336.21,0.46,0.63,2020-11-10,712,N,VIIRS,n,2,302.37,2.78,D,0
30.37497,75.59645,330.47,0.47,0.64,2020-11-10,712,N,VIIRS,n,2,299.45,3.12,D,0
30.37567,75.70812,342.58,0.47,0.64,2020-11-10,712,N,VIIRS,n,2,301.42,3.73,D,0
30.37784,75.70615,333.07,0.47,0.64,2020-11-10,712,N,VIIRS,n,2,301.42,2.82,D,0
30.37816,75.30486,330.56,0.49,0.65,2020-11-10,712,N,VIIRS,n,2,300.87,2.5,D,0
30.37838,76.02286,330.46,0.45,0.63,2020-11-10,712,N,VIIRS,n,2,303.48,1.81,D,0
30.38275,75.44536,367,0.48,0.65,2020-11-10,712,N,VIIRS,h,2,301.62,11.62,D,0
30.3834,75.68983,352.4,0.47,0.64,2020-11-10,712,N,VIIRS,n,2,303.02,8.52,D,0
30.38474,76.49146,349.08,0.42,0.61,2020-11-10,712,N,VIIRS,n,2,301.38,4.44,D,0
30.38689,75.6926,339.23,0.47,0.64,2020-11-10,712,N,VIIRS,n,2,301.07,6.14,D,0
30.38693,76.49112,344.42,0.42,0.61,2020-11-10,712,N,VIIRS,n,2,301.77,5.47,D,0
30.38782,75.51365,334.61,0.48,0.65,2020-11-10,712,N,VIIRS,n,2,300.6,3.95,D,0
30.39038,75.52351,367,0.48,0.65,2020-11-10,712,N,VIIRS,h,2,302.73,11.04,D,0
30.39731,75.57446,367,0.48,0.64,2020-11-10,712,N,VIIRS,h,2,301.51,12.37,D,0
30.3982,75.34982,344.17,0.49,0.65,2020-11-10,712,N,VIIRS,n,2,301.68,4.41,D,0
30.39828,75.08224,367,0.51,0.66,2020-11-10,712,N,VIIRS,h,2,302.85,10.37,D,0
30.399,75.28662,336.9,0.49,0.65,2020-11-10,712,N,VIIRS,n,2,302.31,3.88,D,0
30.39979,75.28336,342.26,0.49,0.65,2020-11-10,712,N,VIIRS,n,2,302.02,3,D,0
30.40292,75.35136,348.23,0.49,0.65,2020-11-10,712,N,VIIRS,n,2,302.47,6.36,D,0
30.414,75.94566,345.54,0.45,0.63,2020-11-10,712,N,VIIRS,n,2,303.07,4.93,D,0
30.41719,75.57838,337.82,0.47,0.64,2020-11-10,712,N,VIIRS,n,2,299.85,5.19,D,0
30.41845,75.58327,340.4,0.47,0.64,2020-11-10,712,N,VIIRS,n,2,300.85,8.65,D,0
30.41871,75.74438,334.62,0.46,0.64,2020-11-10,712,N,VIIRS,n,2,302.32,1.85,D,0
30.42061,75.2652,367,0.49,0.65,2020-11-10,712,N,VIIRS,h,2,301.29,6.99,D,0
30.42204,76.09779,330.39,0.44,0.63,2020-11-10,712,N,VIIRS,l,2,301,3.58,D,0
30.42472,75.08448,367,0.51,0.66,2020-11-10,712,N,VIIRS,h,2,308.68,24.71,D,0
30.42649,75.26318,355.51,0.49,0.65,2020-11-10,712,N,VIIRS,n,2,301.19,6.99,D,0
30.43115,76.10959,332.47,0.44,0.63,2020-11-10,712,N,VIIRS,l,2,303.07,2.78,D,0
30.43303,75.50577,367,0.48,0.65,2020-11-10,712,N,VIIRS,h,2,303.75,11.86,D,0
30.43552,75.50283,367,0.48,0.65,2020-11-10,712,N,VIIRS,h,2,301.31,13.95,D,0
30.44442,75.35596,345.06,0.49,0.65,2020-11-10,712,N,VIIRS,n,2,301.19,4.39,D,0
30.44712,75.49887,352.56,0.48,0.65,2020-11-10,712,N,VIIRS,n,2,300.45,7.65,D,0
30.44915,75.49497,350.77,0.48,0.65,2020-11-10,712,N,VIIRS,n,2,299.23,6.91,D,0
30.45013,75.3047,337.07,0.49,0.65,2020-11-10,712,N,VIIRS,n,2,301.73,4.06,D,0
30.45082,75.78147,330.67,0.46,0.64,2020-11-10,712,N,VIIRS,l,2,300.98,2.41,D,0
30.45163,75.68777,349.58,0.47,0.64,2020-11-10,712,N,VIIRS,n,2,299.5,6.36,D,0
30.45325,75.64535,345.09,0.47,0.64,2020-11-10,712,N,VIIRS,n,2,302.84,4.09,D,0
30.45401,75.02308,330.04,0.51,0.66,2020-11-10,712,N,VIIRS,n,2,302.99,2.08,D,0
30.45575,75.72808,336.22,0.46,0.64,2020-11-10,712,N,VIIRS,n,2,300.23,3.45,D,0
30.45811,75.384,343.2,0.49,0.65,2020-11-10,712,N,VIIRS,n,2,301.82,6.45,D,0
30.45856,75.61723,338.11,0.47,0.64,2020-11-10,712,N,VIIRS,n,2,301.58,4.04,D,0
30.45941,75.38899,343.48,0.49,0.65,2020-11-10,712,N,VIIRS,n,2,302.78,9.25,D,0
30.4598,75.62209,335.16,0.47,0.64,2020-11-10,712,N,VIIRS,n,2,301.87,5.56,D,0
30.46132,75.15081,355.63,0.5,0.66,2020-11-10,712,N,VIIRS,n,2,300.58,16.19,D,0
30.46193,75.15277,367,0.5,0.66,2020-11-10,712,N,VIIRS,h,2,306.49,20.92,D,0
30.46251,75.61782,347.71,0.47,0.64,2020-11-10,712,N,VIIRS,n,2,300.5,3.15,D,0
30.46265,75.15596,367,0.5,0.66,2020-11-10,712,N,VIIRS,h,2,302.87,21.84,D,0
30.46393,75.382,342,0.49,0.65,2020-11-10,712,N,VIIRS,n,2,298.67,5.47,D,0
30.46393,75.7357,338.51,0.46,0.64,2020-11-10,712,N,VIIRS,n,2,301.44,4.84,D,0
30.46461,75.4089,347.68,0.48,0.65,2020-11-10,712,N,VIIRS,n,2,303.71,7.62,D,0
30.46524,75.38699,337.5,0.49,0.65,2020-11-10,712,N,VIIRS,n,2,298.03,6.22,D,0
30.46661,75.84281,354.42,0.46,0.63,2020-11-10,712,N,VIIRS,n,2,301.25,10.05,D,0
30.47278,75.60911,348.73,0.47,0.64,2020-11-10,712,N,VIIRS,n,2,302.51,5.48,D,0
30.47462,75.60651,346.66,0.47,0.64,2020-11-10,712,N,VIIRS,n,2,303.23,7.06,D,0
30.47521,75.17965,330.96,0.5,0.66,2020-11-10,712,N,VIIRS,n,2,299.28,2.59,D,0
30.47543,75.58508,334.63,0.47,0.64,2020-11-10,712,N,VIIRS,n,2,300.81,2.28,D,0
30.4756,75.378,367,0.49,0.65,2020-11-10,712,N,VIIRS,h,2,304.98,7.47,D,0
30.476,75.18153,343.52,0.5,0.66,2020-11-10,712,N,VIIRS,n,2,300.01,3.09,D,0
30.47882,75.46342,367,0.48,0.65,2020-11-10,712,N,VIIRS,h,2,303.5,10.72,D,0
30.47887,75.81821,367,0.46,0.63,2020-11-10,712,N,VIIRS,h,2,304.73,9.67,D,0
30.48079,75.39796,346.62,0.48,0.65,2020-11-10,712,N,VIIRS,n,2,300.45,4.37,D,0
30.48225,75.01006,337.18,0.51,0.66,2020-11-10,712,N,VIIRS,n,2,300.63,1.94,D,0
30.48233,75.62164,343.67,0.47,0.64,2020-11-10,712,N,VIIRS,n,2,303.3,4.19,D,0
30.48284,75.61421,341,0.47,0.64,2020-11-10,712,N,VIIRS,n,2,301.48,4.5,D,0
30.48337,75.40792,357.07,0.48,0.65,2020-11-10,712,N,VIIRS,n,2,302.57,9.98,D,0
30.48407,75.61905,345.58,0.47,0.64,2020-11-10,712,N,VIIRS,n,2,302.13,4.5,D,0
30.48683,75.61487,346.8,0.47,0.64,2020-11-10,712,N,VIIRS,n,2,302.61,6.9,D,0
30.48719,75.47133,356.02,0.48,0.65,2020-11-10,712,N,VIIRS,n,2,301.72,10.36,D,0
30.48915,75.45452,367,0.48,0.65,2020-11-10,712,N,VIIRS,h,2,304.74,7.32,D,0
30.48982,75.43272,330.03,0.48,0.65,2020-11-10,712,N,VIIRS,n,2,301.69,2.1,D,0
30.49043,75.45947,345.17,0.48,0.65,2020-11-10,712,N,VIIRS,n,2,301.6,7.32,D,0
30.49887,75.22164,333.35,0.49,0.65,2020-11-10,712,N,VIIRS,n,2,299.67,4.3,D,0
30.49893,75.37006,367,0.49,0.65,2020-11-10,712,N,VIIRS,h,2,308.46,14.37,D,0
30.49991,75.22336,331.63,0.49,0.65,2020-11-10,712,N,VIIRS,n,2,299.47,2.55,D,0
30.50273,75.43375,332.73,0.48,0.65,2020-11-10,712,N,VIIRS,n,2,299.51,2.44,D,0
30.50339,75.63034,343.07,0.47,0.64,2020-11-10,712,N,VIIRS,n,2,304.47,4.64,D,0
30.50401,75.4387,330.43,0.48,0.65,2020-11-10,712,N,VIIRS,l,2,300.97,5.99,D,0
30.50913,75.45847,355.84,0.48,0.65,2020-11-10,712,N,VIIRS,n,2,303.16,9.05,D,0
30.51416,75.10674,333.87,0.5,0.66,2020-11-10,712,N,VIIRS,n,2,299.78,7.12,D,0
30.51872,75.09955,334.9,0.5,0.66,2020-11-10,712,N,VIIRS,n,2,301.23,9.62,D,0
30.52007,75.10471,348.64,0.5,0.66,2020-11-10,712,N,VIIRS,n,2,300.06,7.12,D,0
30.52162,75.40203,339.32,0.48,0.65,2020-11-10,712,N,VIIRS,n,2,303.24,3.75,D,0
30.52472,75.02385,334.38,0.51,0.66,2020-11-10,712,N,VIIRS,n,2,301.88,2.99,D,0
30.52541,75.39896,351.89,0.48,0.65,2020-11-10,712,N,VIIRS,n,2,304.12,6.48,D,0
30.52577,75.02581,332.6,0.51,0.66,2020-11-10,712,N,VIIRS,n,2,301.4,8.03,D,0
30.52608,75.02906,331.15,0.51,0.66,2020-11-10,712,N,VIIRS,n,2,300.89,2.99,D,0
30.52929,75.01657,350.46,0.51,0.66,2020-11-10,712,N,VIIRS,n,2,302.88,5.66,D,0
30.53003,75.11816,332.6,0.5,0.66,2020-11-10,712,N,VIIRS,n,2,300.86,1.77,D,0
30.53031,75.01856,344.69,0.51,0.66,2020-11-10,712,N,VIIRS,n,2,301.52,10.38,D,0
30.53074,75.3209,352.35,0.49,0.65,2020-11-10,712,N,VIIRS,n,2,304.31,7.67,D,0
30.53238,75.32228,348.59,0.49,0.65,2020-11-10,712,N,VIIRS,n,2,304.47,6.81,D,0
30.53805,75.27106,367,0.49,0.65,2020-11-10,712,N,VIIRS,h,2,305.88,13.88,D,0
30.53891,75.17664,342.29,0.5,0.66,2020-11-10,712,N,VIIRS,n,2,299.47,9.07,D,0
30.54099,75.08617,367,0.5,0.66,2020-11-10,712,N,VIIRS,h,2,304.98,16.21,D,0
30.54102,75.08277,367,0.5,0.66,2020-11-10,712,N,VIIRS,h,2,304.56,12.83,D,0
30.5424,75.08793,335.19,0.5,0.66,2020-11-10,712,N,VIIRS,n,2,300.93,11.79,D,0
30.5439,75.26904,344.93,0.49,0.65,2020-11-10,712,N,VIIRS,n,2,301.85,5.11,D,0
30.54536,75.32328,333.55,0.49,0.65,2020-11-10,712,N,VIIRS,n,2,302.55,4.44,D,0
30.5454,75.79234,352.2,0.46,0.63,2020-11-10,712,N,VIIRS,n,2,302.68,7.64,D,0
30.54786,75.28417,332.98,0.49,0.65,2020-11-10,712,N,VIIRS,n,2,300.59,3.53,D,0
30.54794,75.41282,338.48,0.48,0.65,2020-11-10,712,N,VIIRS,n,2,300.38,3.62,D,0
30.54855,75.13982,367,0.5,0.66,2020-11-10,712,N,VIIRS,h,2,306.5,22.13,D,0
30.54956,75.21739,330.12,0.49,0.65,2020-11-10,712,N,VIIRS,l,2,301.63,3.34,D,0
30.55465,75.5034,335.55,0.48,0.64,2020-11-10,712,N,VIIRS,n,2,301.05,1.7,D,0
30.55913,75.40005,352.5,0.48,0.65,2020-11-10,712,N,VIIRS,n,2,303.88,4.46,D,0
30.55972,75.91795,347.1,0.45,0.63,2020-11-10,712,N,VIIRS,n,2,302.15,5.63,D,0
30.55976,75.9195,334.18,0.45,0.63,2020-11-10,712,N,VIIRS,n,2,301.52,3.75,D,0
30.56129,75.21333,337.47,0.49,0.65,2020-11-10,712,N,VIIRS,n,2,302.23,5.48,D,0
30.56246,75.04479,334.08,0.5,0.66,2020-11-10,712,N,VIIRS,n,2,299.03,4.62,D,0
30.56371,75.04678,345.73,0.5,0.66,2020-11-10,712,N,VIIRS,n,2,300.35,4.91,D,0
30.57362,75.1869,331.16,0.49,0.65,2020-11-10,712,N,VIIRS,n,2,302.49,3.13,D,0
30.57642,75.49967,330.02,0.48,0.64,2020-11-10,712,N,VIIRS,n,2,298.43,2.1,D,0
30.58104,75.06342,345.98,0.5,0.66,2020-11-10,712,N,VIIRS,n,2,302.03,5.81,D,0
30.58241,75.06857,339.36,0.5,0.66,2020-11-10,712,N,VIIRS,n,2,299.97,5.81,D,0
30.58596,75.1604,335.71,0.5,0.66,2020-11-10,712,N,VIIRS,n,2,299.94,2.5,D,0
30.5865,75.15685,337.14,0.5,0.65,2020-11-10,712,N,VIIRS,n,2,300.34,2.14,D,0
30.58823,75.21171,367,0.49,0.65,2020-11-10,712,N,VIIRS,h,2,307.14,11.02,D,0
30.59194,75.20829,347.75,0.49,0.65,2020-11-10,712,N,VIIRS,n,2,301.22,8.46,D,0
30.59326,75.21338,349,0.49,0.65,2020-11-10,712,N,VIIRS,n,2,302.03,11.75,D,0
30.59401,75.29022,331.62,0.49,0.65,2020-11-10,712,N,VIIRS,n,2,300.24,5.87,D,0
30.5966,75.29131,337.85,0.49,0.65,2020-11-10,712,N,VIIRS,n,2,302.01,3.42,D,0
30.59725,75.37619,331.14,0.48,0.65,2020-11-10,712,N,VIIRS,l,2,301.36,6.04,D,0
30.59726,75.32731,330.88,0.49,0.65,2020-11-10,712,N,VIIRS,n,2,302.56,2.65,D,0
30.59793,75.29632,344.57,0.49,0.65,2020-11-10,712,N,VIIRS,n,2,302.05,3.42,D,0
30.60096,75.16299,333.51,0.5,0.65,2020-11-10,712,N,VIIRS,n,2,300.86,1.85,D,0
30.60307,75.37421,354.1,0.48,0.65,2020-11-10,712,N,VIIRS,n,2,302.66,6.04,D,0
30.60393,76.01958,350.39,0.44,0.63,2020-11-10,712,N,VIIRS,n,2,304.38,4.9,D,0
30.60437,75.59744,344.89,0.47,0.64,2020-11-10,712,N,VIIRS,n,2,300.43,6.54,D,0
30.60503,75.25896,338.48,0.49,0.65,2020-11-10,712,N,VIIRS,n,2,302.28,3.94,D,0
30.60614,75.25514,330.55,0.49,0.65,2020-11-10,712,N,VIIRS,n,2,300.31,3.99,D,0
30.62153,75.46999,333.18,0.48,0.64,2020-11-10,712,N,VIIRS,n,2,302.04,1.9,D,0
30.62219,75.80223,331.18,0.46,0.63,2020-11-10,712,N,VIIRS,n,2,300.2,1.3,D,0
30.62278,75.0996,367,0.5,0.66,2020-11-10,712,N,VIIRS,h,2,303.76,15.25,D,0
30.62502,75.25418,367,0.49,0.65,2020-11-10,712,N,VIIRS,h,2,304.94,4.69,D,0
30.62529,75.1824,336.87,0.49,0.65,2020-11-10,712,N,VIIRS,n,2,302.59,3.3,D,0
30.6284,75.851,352.29,0.45,0.63,2020-11-10,712,N,VIIRS,n,2,301.81,5.23,D,0
30.62938,75.57321,331.9,0.47,0.64,2020-11-10,712,N,VIIRS,n,2,299.21,2.23,D,0
30.63087,75.25219,344.04,0.49,0.65,2020-11-10,712,N,VIIRS,n,2,302.02,4.69,D,0
30.63406,75.11812,352.14,0.5,0.66,2020-11-10,712,N,VIIRS,n,2,302.18,6.73,D,0
30.63653,75.40587,348.51,0.48,0.65,2020-11-10,712,N,VIIRS,n,2,303.42,8.43,D,0
30.63659,75.41843,330.48,0.48,0.65,2020-11-10,712,N,VIIRS,n,2,302.25,2.07,D,0
30.63903,75.89291,332.83,0.45,0.63,2020-11-10,712,N,VIIRS,n,2,299.36,5.89,D,0
30.6398,75.40659,367,0.48,0.65,2020-11-10,712,N,VIIRS,h,2,303.55,7.42,D,0
30.64145,75.88306,333.48,0.45,0.63,2020-11-10,712,N,VIIRS,n,2,300.7,2.9,D,0
30.64148,75.04814,338.91,0.5,0.66,2020-11-10,712,N,VIIRS,n,2,301.87,3.44,D,0
30.64162,75.04736,336.11,0.5,0.66,2020-11-10,712,N,VIIRS,n,2,302.13,7.96,D,0
30.64234,75.88171,340.23,0.45,0.63,2020-11-10,712,N,VIIRS,n,2,300.94,2.99,D,0
30.64438,75.05766,331.45,0.5,0.66,2020-11-10,712,N,VIIRS,l,2,301.67,6.15,D,0
30.64718,75.11919,367,0.5,0.66,2020-11-10,712,N,VIIRS,h,2,303.05,9.52,D,0
30.65146,75.49869,333.54,0.47,0.64,2020-11-10,712,N,VIIRS,n,2,302.75,3.31,D,0
30.65332,75.16721,367,0.49,0.65,2020-11-10,712,N,VIIRS,h,2,305.23,12.88,D,0
30.65347,75.49632,332.56,0.47,0.64,2020-11-10,712,N,VIIRS,n,2,302.08,2.3,D,0
30.65481,75.04843,334.13,0.5,0.66,2020-11-10,712,N,VIIRS,n,2,301.08,3.34,D,0
30.6629,75.00612,347.32,0.5,0.66,2020-11-10,712,N,VIIRS,n,2,301.46,6.45,D,0
30.66293,75.00673,339.25,0.5,0.66,2020-11-10,712,N,VIIRS,n,2,301.04,8.58,D,0
30.66536,75.11208,333.45,0.5,0.66,2020-11-10,712,N,VIIRS,n,2,302.87,5.36,D,0
30.66616,75.11819,337.26,0.5,0.66,2020-11-10,712,N,VIIRS,n,2,302.77,6.18,D,0
30.66618,75.85966,367,0.45,0.63,2020-11-10,712,N,VIIRS,h,2,301.54,8.73,D,0
30.66672,75.11719,336.62,0.5,0.66,2020-11-10,712,N,VIIRS,n,2,301.96,4.98,D,0
30.66684,75.36503,367,0.48,0.65,2020-11-10,712,N,VIIRS,h,2,312.14,22.27,D,0
30.66715,75.85818,367,0.45,0.63,2020-11-10,712,N,VIIRS,h,2,301.52,6.68,D,0
30.66814,75.36998,341.95,0.48,0.65,2020-11-10,712,N,VIIRS,n,2,298.6,22.27,D,0
30.66881,75.00406,367,0.5,0.66,2020-11-10,712,N,VIIRS,h,2,301.87,9.07,D,0
30.66884,75.00464,367,0.5,0.66,2020-11-10,712,N,VIIRS,h,2,302.51,8.58,D,0
30.67073,75.37989,341.41,0.48,0.65,2020-11-10,712,N,VIIRS,n,2,301.61,10.99,D,0
30.67678,76.21011,332.93,0.43,0.62,2020-11-10,712,N,VIIRS,n,2,293.93,2.84,D,0
30.6778,75.49327,332.73,0.47,0.64,2020-11-10,712,N,VIIRS,n,2,301.56,1.87,D,0
30.6848,75.161,331.21,0.49,0.65,2020-11-10,712,N,VIIRS,n,2,302.75,2.51,D,0
30.68571,75.04344,346.82,0.5,0.66,2020-11-10,712,N,VIIRS,n,2,302.03,6.08,D,0
30.68941,75.80618,330.96,0.45,0.63,2020-11-10,712,N,VIIRS,n,2,298.83,3.08,D,0
30.69356,75.77422,341.02,0.46,0.63,2020-11-10,712,N,VIIRS,n,2,298.93,3.9,D,0
30.69614,75.03416,367,0.5,0.66,2020-11-10,712,N,VIIRS,h,2,302.86,11.35,D,0
30.70024,75.04964,333.1,0.5,0.66,2020-11-10,712,N,VIIRS,n,2,301.52,3.4,D,0
30.70687,75.22596,367,0.49,0.65,2020-11-10,712,N,VIIRS,h,2,305.05,11.46,D,0
30.70809,75.22467,367,0.49,0.65,2020-11-10,712,N,VIIRS,h,2,303.88,14.43,D,0
30.70811,75.59524,343.8,0.47,0.64,2020-11-10,712,N,VIIRS,n,2,299.39,4.49,D,0
30.70884,75.25821,334.6,0.49,0.65,2020-11-10,712,N,VIIRS,n,2,302.08,3.53,D,0
30.70946,75.59309,335.38,0.47,0.64,2020-11-10,712,N,VIIRS,n,2,299.91,4.35,D,0
30.70948,75.23604,332.65,0.49,0.65,2020-11-10,712,N,VIIRS,n,2,300.89,10.02,D,0
30.71014,75.26324,337.07,0.49,0.65,2020-11-10,712,N,VIIRS,n,2,300.71,5.93,D,0
30.71022,75.25675,346.2,0.49,0.65,2020-11-10,712,N,VIIRS,n,2,303.59,4.98,D,0
30.71075,75.2347,334.84,0.49,0.65,2020-11-10,712,N,VIIRS,n,2,300.71,3.17,D,0
30.71144,75.26825,340.37,0.49,0.65,2020-11-10,712,N,VIIRS,n,2,300.08,5.93,D,0
30.71155,75.26177,339.89,0.49,0.65,2020-11-10,712,N,VIIRS,n,2,300.07,4.98,D,0
30.71273,75.27325,349.88,0.49,0.65,2020-11-10,712,N,VIIRS,n,2,301.14,9.49,D,0
30.71288,75.26678,330.91,0.49,0.65,2020-11-10,712,N,VIIRS,n,2,299.44,5.72,D,0
30.71368,75.47215,331.41,0.47,0.64,2020-11-10,712,N,VIIRS,n,2,301.85,1.81,D,0
30.7142,75.27178,350.59,0.49,0.65,2020-11-10,712,N,VIIRS,n,2,300.7,5.72,D,0
30.71468,75.25618,336.25,0.49,0.65,2020-11-10,712,N,VIIRS,n,2,305.05,3.94,D,0
30.71608,75.64972,331.29,0.46,0.64,2020-11-10,712,N,VIIRS,n,2,299.1,1.41,D,0
30.71671,75.74731,367,0.46,0.63,2020-11-10,712,N,VIIRS,h,2,304.46,17.12,D,0
30.71721,75.74579,367,0.46,0.63,2020-11-10,712,N,VIIRS,h,2,302.85,17.26,D,0
30.71946,75.47018,367,0.47,0.64,2020-11-10,712,N,VIIRS,h,2,302.25,7.21,D,0
30.72001,75.14887,353.53,0.49,0.65,2020-11-10,712,N,VIIRS,n,2,303.22,7.89,D,0
30.72047,75.30325,341.14,0.48,0.65,2020-11-10,712,N,VIIRS,n,2,302.79,6.91,D,0
30.72134,75.15394,330.61,0.49,0.65,2020-11-10,712,N,VIIRS,n,2,301.24,7.75,D,0
30.72176,75.30824,353.26,0.48,0.65,2020-11-10,712,N,VIIRS,n,2,305.58,6.91,D,0
30.72213,75.3017,336.89,0.48,0.65,2020-11-10,712,N,VIIRS,n,2,302.99,9.75,D,0
30.72228,75.38374,335.72,0.48,0.65,2020-11-10,712,N,VIIRS,n,2,300.74,3.01,D,0
30.72344,75.30667,367,0.48,0.65,2020-11-10,712,N,VIIRS,h,2,306.97,17.53,D,0
30.72444,76.35147,340.43,0.42,0.61,2020-11-10,712,N,VIIRS,n,2,300.11,4.37,D,0
30.72564,75.73407,339.05,0.46,0.63,2020-11-10,712,N,VIIRS,n,2,300.5,3.79,D,0
30.7262,75.73246,335.01,0.46,0.63,2020-11-10,712,N,VIIRS,n,2,300.44,3.48,D,0
30.72629,75.30123,330.25,0.48,0.65,2020-11-10,712,N,VIIRS,l,2,302.89,6.52,D,0
30.72788,75.05691,352.96,0.5,0.66,2020-11-10,712,N,VIIRS,n,2,300.74,7.81,D,0
30.72906,75.13464,333.03,0.49,0.65,2020-11-10,712,N,VIIRS,n,2,301.49,2.33,D,0
30.73561,75.03736,334.12,0.5,0.66,2020-11-10,712,N,VIIRS,n,2,299.25,3.83,D,0
30.73813,75.7795,331.97,0.45,0.63,2020-11-10,712,N,VIIRS,n,2,298.96,2.3,D,0
30.74003,75.45249,336.82,0.47,0.64,2020-11-10,712,N,VIIRS,n,2,300.04,2.41,D,0
30.74016,75.03013,334.65,0.5,0.66,2020-11-10,712,N,VIIRS,n,2,299.7,4.28,D,0
30.74052,75.20254,346.19,0.49,0.65,2020-11-10,712,N,VIIRS,n,2,302.19,4.34,D,0
30.74151,75.03529,333.06,0.5,0.66,2020-11-10,712,N,VIIRS,n,2,299.34,5.24,D,0
30.74204,75.25675,367,0.49,0.65,2020-11-10,712,N,VIIRS,h,2,307.04,18.81,D,0
30.74255,75.46227,344.58,0.47,0.64,2020-11-10,712,N,VIIRS,n,2,301.52,4.83,D,0
30.74581,75.22267,334.22,0.49,0.65,2020-11-10,712,N,VIIRS,n,2,300.67,1.83,D,0
30.75413,75.059,355.96,0.5,0.66,2020-11-10,712,N,VIIRS,n,2,303.56,6.54,D,0
30.75555,75.53709,339.01,0.47,0.64,2020-11-10,712,N,VIIRS,n,2,300.95,3.02,D,0
30.75594,75.38186,339.64,0.48,0.64,2020-11-10,712,N,VIIRS,n,2,301.08,3.96,D,0
30.75629,75.06044,355.94,0.5,0.66,2020-11-10,712,N,VIIRS,n,2,303.69,9.04,D,0
30.76183,75.16208,337.19,0.49,0.65,2020-11-10,712,N,VIIRS,n,2,301.89,3.5,D,0
30.76188,75.03945,332.97,0.5,0.66,2020-11-10,712,N,VIIRS,n,2,300.72,2.56,D,0
30.7626,75.03587,331.81,0.5,0.66,2020-11-10,712,N,VIIRS,n,2,302.59,2,D,0
30.76364,75.8317,330.71,0.45,0.63,2020-11-10,712,N,VIIRS,n,2,299.96,2.1,D,0
30.76523,75.19949,330.71,0.49,0.65,2020-11-10,712,N,VIIRS,l,2,301.9,5.13,D,0
30.7702,75.9548,344.72,0.44,0.63,2020-11-10,712,N,VIIRS,n,2,299.23,3.95,D,0
30.77094,75.95566,343.95,0.44,0.63,2020-11-10,712,N,VIIRS,n,2,299.3,5.54,D,0
30.77822,75.02811,340.26,0.5,0.66,2020-11-10,712,N,VIIRS,n,2,303.56,3.19,D,0
30.77882,75.17828,350.7,0.49,0.65,2020-11-10,712,N,VIIRS,n,2,303.68,7.5,D,0
30.77939,75.15594,367,0.49,0.65,2020-11-10,712,N,VIIRS,h,2,301.61,12.37,D,0
30.78071,75.16102,367,0.49,0.65,2020-11-10,712,N,VIIRS,h,2,301.6,12.37,D,0
30.7821,75.15706,367,0.49,0.65,2020-11-10,712,N,VIIRS,h,2,302.73,10.89,D,0
30.78345,75.16212,330.26,0.49,0.65,2020-11-10,712,N,VIIRS,n,2,299.08,10.89,D,0
30.78619,75.32845,341.79,0.48,0.65,2020-11-10,712,N,VIIRS,n,2,301.88,3.13,D,0
30.79385,75.00811,332.46,0.5,0.66,2020-11-10,712,N,VIIRS,n,2,302.96,2.79,D,0
30.79492,75.11731,341.82,0.49,0.65,2020-11-10,712,N,VIIRS,n,2,302.35,6.13,D,0
30.7958,76.2952,353.56,0.42,0.61,2020-11-10,712,N,VIIRS,n,2,302.17,4.62,D,0
30.79613,75.11356,345.67,0.49,0.65,2020-11-10,712,N,VIIRS,n,2,302.56,5.68,D,0
30.79748,75.11864,334.62,0.49,0.65,2020-11-10,712,N,VIIRS,n,2,302.6,6.38,D,0
30.80108,75.57782,335.72,0.46,0.64,2020-11-10,712,N,VIIRS,n,2,299.49,3.85,D,0
30.80231,75.31744,367,0.48,0.65,2020-11-10,712,N,VIIRS,h,2,303.25,10.62,D,0
30.80354,75.57825,342.28,0.46,0.64,2020-11-10,712,N,VIIRS,n,2,300.48,3.37,D,0
30.81152,75.00188,341.99,0.5,0.66,2020-11-10,712,N,VIIRS,n,2,302.9,4.74,D,0
30.81164,75.85208,339.46,0.45,0.63,2020-11-10,712,N,VIIRS,n,2,297.75,3.45,D,0
30.81463,75.71915,346.78,0.46,0.63,2020-11-10,712,N,VIIRS,n,2,298.75,4.95,D,0
30.81968,75.03281,330.03,0.5,0.66,2020-11-10,712,N,VIIRS,l,2,302.76,3.5,D,0
30.82047,75.25344,330.73,0.48,0.65,2020-11-10,712,N,VIIRS,l,2,301.6,3.1,D,0
30.82111,76.34805,334.54,0.42,0.61,2020-11-10,712,N,VIIRS,n,2,299.18,3.53,D,0
30.82475,75.37963,343.85,0.48,0.64,2020-11-10,712,N,VIIRS,n,2,301.53,3.3,D,0
30.82759,75.70309,335.66,0.46,0.63,2020-11-10,712,N,VIIRS,n,2,300.16,4.82,D,0
30.82809,75.69918,331.21,0.46,0.63,2020-11-10,712,N,VIIRS,n,2,298.9,4.28,D,0
30.82893,75.26139,331.78,0.48,0.65,2020-11-10,712,N,VIIRS,n,2,301.07,2.69,D,0
30.83246,75.34654,339.87,0.48,0.64,2020-11-10,712,N,VIIRS,n,2,301.29,5.09,D,0
30.83377,75.35147,337.39,0.48,0.64,2020-11-10,712,N,VIIRS,n,2,301.69,5.09,D,0
30.83574,75.34899,349.31,0.48,0.65,2020-11-10,712,N,VIIRS,n,2,301.28,5.22,D,0
30.83584,75.30039,330.21,0.48,0.65,2020-11-10,712,N,VIIRS,n,2,299.95,4.31,D,0
30.83712,75.30536,330.87,0.48,0.65,2020-11-10,712,N,VIIRS,n,2,299.45,4.31,D,0
30.8374,75.42856,367,0.47,0.64,2020-11-10,712,N,VIIRS,h,2,303.12,14.14,D,0
30.83942,75.30109,367,0.48,0.65,2020-11-10,712,N,VIIRS,h,2,302.76,11.68,D,0
30.84164,75.29839,353.17,0.48,0.65,2020-11-10,712,N,VIIRS,n,2,304,4.31,D,0
30.84863,76.33888,338.52,0.42,0.61,2020-11-10,712,N,VIIRS,n,2,298.3,2.84,D,0
30.86143,75.35084,367,0.48,0.64,2020-11-10,712,N,VIIRS,h,2,302.86,9.65,D,0
30.86148,75.38474,343.48,0.47,0.64,2020-11-10,712,N,VIIRS,n,2,301.4,5.11,D,0
30.86272,75.00091,367,0.5,0.66,2020-11-10,712,N,VIIRS,h,2,306.74,14.5,D,0
30.864,75.00223,347.44,0.5,0.66,2020-11-10,712,N,VIIRS,n,2,302.82,8.76,D,0
30.86403,75.34647,345.48,0.48,0.64,2020-11-10,712,N,VIIRS,n,2,300.53,5.83,D,0
30.86447,75.38725,336.52,0.47,0.64,2020-11-10,712,N,VIIRS,n,2,301.43,4.82,D,0
30.86483,75.15603,347.02,0.49,0.65,2020-11-10,712,N,VIIRS,n,2,302.04,7.14,D,0
30.86531,75.35139,337.52,0.48,0.64,2020-11-10,712,N,VIIRS,n,2,300.06,5.83,D,0
30.86572,75.39214,337.35,0.47,0.64,2020-11-10,712,N,VIIRS,n,2,300.13,4.82,D,0
30.86615,75.16108,338.48,0.49,0.65,2020-11-10,712,N,VIIRS,n,2,298.57,7.86,D,0
30.86803,75.1439,331.91,0.49,0.65,2020-11-10,712,N,VIIRS,n,2,301,3,D,0
30.86855,75.38765,353.56,0.47,0.64,2020-11-10,712,N,VIIRS,n,2,301.99,9.02,D,0
30.87024,75.38524,332.31,0.47,0.64,2020-11-10,712,N,VIIRS,n,2,301.07,4.15,D,0
30.87289,76.31658,367,0.42,0.61,2020-11-10,712,N,VIIRS,h,2,305.46,10.83,D,0
30.8736,75.50228,333.06,0.47,0.64,2020-11-10,712,N,VIIRS,n,2,301.33,2.77,D,0
30.87581,76.31634,349.01,0.42,0.61,2020-11-10,712,N,VIIRS,n,2,299.92,7.64,D,0
30.87685,75.29903,338.34,0.48,0.65,2020-11-10,712,N,VIIRS,n,2,300.86,4.58,D,0
30.88203,75.36702,332.06,0.48,0.64,2020-11-10,712,N,VIIRS,n,2,301.21,1.78,D,0
30.89124,75.56933,338.32,0.46,0.64,2020-11-10,712,N,VIIRS,n,2,301.19,3.96,D,0
30.89141,75.13571,330.01,0.49,0.65,2020-11-10,712,N,VIIRS,l,2,302.2,1.37,D,0
30.89345,75.13662,330.44,0.49,0.65,2020-11-10,712,N,VIIRS,l,2,301.81,2.92,D,0
30.89426,75.02348,341.42,0.5,0.66,2020-11-10,712,N,VIIRS,n,2,304.16,2.66,D,0
30.89573,75.0248,339.12,0.5,0.65,2020-11-10,712,N,VIIRS,n,2,304.42,4.58,D,0
30.89753,75.00738,367,0.5,0.66,2020-11-10,712,N,VIIRS,h,2,305.51,11.66,D,0
30.89974,75.09406,335.11,0.49,0.65,2020-11-10,712,N,VIIRS,n,2,301.88,3.53,D,0
30.90205,75.0002,337.76,0.5,0.66,2020-11-10,712,N,VIIRS,n,2,301.43,5.11,D,0
30.90428,75.71272,355.68,0.45,0.63,2020-11-10,712,N,VIIRS,n,2,302.55,6.68,D,0
30.91549,75.3018,354.45,0.48,0.65,2020-11-10,712,N,VIIRS,n,2,301.9,8.02,D,0
30.91869,75.14265,338.23,0.49,0.65,2020-11-10,712,N,VIIRS,n,2,301.23,6.57,D,0
30.91999,75.14771,355.55,0.49,0.65,2020-11-10,712,N,VIIRS,n,2,303.32,6.57,D,0
30.92082,75.14359,367,0.49,0.65,2020-11-10,712,N,VIIRS,h,2,303.07,15.18,D,0
30.92128,75.29978,334.69,0.48,0.65,2020-11-10,712,N,VIIRS,n,2,299.95,3.78,D,0
30.92246,75.19785,330.29,0.48,0.65,2020-11-10,712,N,VIIRS,n,2,301.84,2,D,0
30.93086,75.08491,356.19,0.49,0.65,2020-11-10,712,N,VIIRS,n,2,307.99,16.14,D,0
30.93219,75.08999,338.76,0.49,0.65,2020-11-10,712,N,VIIRS,n,2,301.17,16.14,D,0
30.93805,75.08796,331.35,0.49,0.65,2020-11-10,712,N,VIIRS,n,2,300.33,2.29,D,0
30.94046,75.1697,343.81,0.49,0.65,2020-11-10,712,N,VIIRS,n,2,301.54,3.83,D,0
30.94593,75.41936,354.52,0.47,0.64,2020-11-10,712,N,VIIRS,n,2,300.65,6.12,D,0
30.94651,75.22602,330.84,0.48,0.65,2020-11-10,712,N,VIIRS,n,2,299.79,1.39,D,0
30.94912,75.22665,340.19,0.48,0.65,2020-11-10,712,N,VIIRS,n,2,301.03,5.52,D,0
30.95165,75.53814,334.29,0.46,0.64,2020-11-10,712,N,VIIRS,n,2,299.04,2.11,D,0
30.95756,75.23458,348.87,0.48,0.65,2020-11-10,712,N,VIIRS,n,2,301.62,6.33,D,0
30.96336,75.23257,332.97,0.48,0.65,2020-11-10,712,N,VIIRS,n,2,300.48,3.98,D,0
30.97307,75.24544,334.78,0.48,0.65,2020-11-10,712,N,VIIRS,n,2,300.17,3.35,D,0
30.98796,75.65476,341.98,0.46,0.63,2020-11-10,712,N,VIIRS,n,2,298.79,3.07,D,0
30.00012,75.80062,336.52,0.51,0.66,2020-11-10,852,N,VIIRS,n,2,302.83,6.52,D,0
30.00056,76.06158,333.63,0.53,0.67,2020-11-10,852,N,VIIRS,n,2,302.41,7.04,D,0
30.00062,75.9437,335.94,0.52,0.67,2020-11-10,852,N,VIIRS,n,2,302.06,3.18,D,0
30.00121,75.83878,345.07,0.51,0.66,2020-11-10,852,N,VIIRS,n,2,301.94,6.23,D,0
30.00142,75.72993,356.08,0.5,0.66,2020-11-10,852,N,VIIRS,n,2,300.92,7.51,D,0
30.00171,75.73531,335.6,0.5,0.66,2020-11-10,852,N,VIIRS,n,2,298.46,7.51,D,0
30.00186,76.03867,343.11,0.52,0.67,2020-11-10,852,N,VIIRS,n,2,300.9,10.97,D,0
30.00198,75.73008,355.08,0.5,0.66,2020-11-10,852,N,VIIRS,n,2,300.83,9.58,D,0
30.00218,76.04427,367,0.53,0.67,2020-11-10,852,N,VIIRS,h,2,301.33,13.5,D,0
30.00232,75.73545,340.65,0.5,0.66,2020-11-10,852,N,VIIRS,n,2,298.85,10.35,D,0
30.00244,75.83869,342.78,0.51,0.66,2020-11-10,852,N,VIIRS,n,2,301.99,5.66,D,0
30.00269,75.98262,340.54,0.52,0.67,2020-11-10,852,N,VIIRS,n,2,301.69,13.61,D,0
30.00299,75.8716,335.48,0.51,0.66,2020-11-10,852,N,VIIRS,n,2,299.24,2.38,D,0
30.00299,75.98819,367,0.52,0.67,2020-11-10,852,N,VIIRS,h,2,304.31,13.61,D,0
30.00306,75.64928,342.97,0.5,0.66,2020-11-10,852,N,VIIRS,n,2,299.24,9.18,D,0
30.00317,76.06111,333.57,0.53,0.67,2020-11-10,852,N,VIIRS,n,2,301.96,1.7,D,0
30.00329,75.9938,356.89,0.52,0.67,2020-11-10,852,N,VIIRS,l,2,300.43,20.07,D,0
30.00383,76.0724,341.27,0.53,0.67,2020-11-10,852,N,VIIRS,n,2,302.82,5.93,D,0
30.00418,75.89359,336.68,0.51,0.66,2020-11-10,852,N,VIIRS,n,2,299.67,7.5,D,0
30.00435,75.56425,353.92,0.49,0.65,2020-11-10,852,N,VIIRS,n,2,299.43,8.27,D,0
30.00441,75.78394,348.57,0.51,0.66,2020-11-10,852,N,VIIRS,n,2,302.22,6.81,D,0
30.00443,75.87147,333.55,0.51,0.66,2020-11-10,852,N,VIIRS,n,2,299.22,1.52,D,0
30.00465,75.5695,340.66,0.49,0.65,2020-11-10,852,N,VIIRS,n,2,297.93,11.5,D,0
30.00506,76.02737,332.26,0.52,0.67,2020-11-10,852,N,VIIRS,l,2,304.78,4.52,D,0
30.00515,75.98788,367,0.52,0.67,2020-11-10,852,N,VIIRS,h,2,301.4,11.02,D,0
30.00531,75.78395,349.03,0.51,0.66,2020-11-10,852,N,VIIRS,n,2,302.05,7.45,D,0
30.00547,76.10067,344.74,0.53,0.67,2020-11-10,852,N,VIIRS,n,2,304.23,5.68,D,0
30.00743,76.07244,353.78,0.53,0.67,2020-11-10,852,N,VIIRS,n,2,302.07,8.07,D,0
30.00771,75.84383,344.09,0.51,0.66,2020-11-10,852,N,VIIRS,n,2,300.96,3.96,D,0
30.00832,75.52715,355.37,0.49,0.65,2020-11-10,852,N,VIIRS,n,2,300.87,10.7,D,0
30.00897,75.84373,345.55,0.51,0.66,2020-11-10,852,N,VIIRS,n,2,300.84,6.97,D,0
30.0112,75.79438,333.66,0.51,0.66,2020-11-10,852,N,VIIRS,n,2,300.86,7.87,D,0
30.01137,75.57961,330.7,0.49,0.65,2020-11-10,852,N,VIIRS,n,2,298.03,2.1,D,0
30.0144,76.03783,330.14,0.52,0.67,2020-11-10,852,N,VIIRS,l,2,302.9,2.75,D,0
30.01442,75.52669,356.2,0.49,0.65,2020-11-10,852,N,VIIRS,n,2,298.23,7.61,D,0
30.01503,75.64311,355.38,0.5,0.66,2020-11-10,852,N,VIIRS,n,2,299.72,9.14,D,0
30.01633,75.06438,367,0.46,0.63,2020-11-10,852,N,VIIRS,h,2,302.58,15.51,D,0
30.01743,75.47418,367,0.49,0.65,2020-11-10,852,N,VIIRS,h,2,304.01,17.01,D,0
30.02021,75.734,349.39,0.5,0.66,2020-11-10,852,N,VIIRS,n,2,302.35,6.81,D,0
30.02082,75.53149,341.45,0.49,0.65,2020-11-10,852,N,VIIRS,n,2,299.46,7.61,D,0
30.02135,75.43754,332.15,0.48,0.65,2020-11-10,852,N,VIIRS,n,2,298.2,4.3,D,0
30.02326,76.01486,332.72,0.52,0.67,2020-11-10,852,N,VIIRS,n,2,301.86,3.14,D,0
30.02351,75.47374,341.13,0.49,0.65,2020-11-10,852,N,VIIRS,n,2,299.76,6.28,D,0
30.02446,75.09826,332.92,0.46,0.64,2020-11-10,852,N,VIIRS,n,2,298.38,4.04,D,0
30.02528,75.93645,352.04,0.52,0.67,2020-11-10,852,N,VIIRS,n,2,300.3,6.41,D,0
30.0271,75.43195,338.15,0.48,0.65,2020-11-10,852,N,VIIRS,n,2,298.74,4.3,D,0
30.0273,75.74974,342.96,0.5,0.66,2020-11-10,852,N,VIIRS,n,2,300.5,5.23,D,0
30.02741,75.4371,331.21,0.48,0.65,2020-11-10,852,N,VIIRS,n,2,298.9,4.3,D,0
30.02865,75.45775,334.57,0.49,0.65,2020-11-10,852,N,VIIRS,n,2,299.78,6.71,D,0
30.02886,75.16742,331.13,0.47,0.64,2020-11-10,852,N,VIIRS,n,2,298.05,4.86,D,0
30.02896,75.46292,367,0.49,0.65,2020-11-10,852,N,VIIRS,h,2,302.11,15.64,D,0
30.03033,75.58887,345.61,0.49,0.65,2020-11-10,852,N,VIIRS,n,2,298.92,7.3,D,0
30.03041,75.09781,344.92,0.46,0.64,2020-11-10,852,N,VIIRS,n,2,300.2,4.04,D,0
30.03166,76.05389,350.85,0.53,0.67,2020-11-10,852,N,VIIRS,n,2,300.08,8.76,D,0
30.03561,75.6791,339.37,0.5,0.66,2020-11-10,852,N,VIIRS,n,2,300.46,5.88,D,0
30.03621,75.90797,330.9,0.52,0.67,2020-11-10,852,N,VIIRS,n,2,298.84,5.1,D,0
30.0372,75.01864,352.26,0.46,0.63,2020-11-10,852,N,VIIRS,n,2,301.31,6.3,D,0
30.03732,76.04215,330.28,0.53,0.67,2020-11-10,852,N,VIIRS,n,2,298.95,6.62,D,0
30.03737,75.20684,337.23,0.47,0.64,2020-11-10,852,N,VIIRS,n,2,299.67,4.93,D,0
30.03763,76.04781,347.01,0.53,0.67,2020-11-10,852,N,VIIRS,n,2,300.61,8.76,D,0
30.03768,75.21184,344.37,0.47,0.64,2020-11-10,852,N,VIIRS,n,2,299.57,4.93,D,0
30.03836,75.94669,367,0.52,0.67,2020-11-10,852,N,VIIRS,h,2,301.13,14.37,D,0
30.03864,75.22686,343.6,0.47,0.64,2020-11-10,852,N,VIIRS,n,2,298.95,8.02,D,0
30.0395,75.20763,367,0.47,0.64,2020-11-10,852,N,VIIRS,h,2,301.78,6.23,D,0
30.03979,75.21263,330.66,0.47,0.64,2020-11-10,852,N,VIIRS,n,2,298.15,6.23,D,0
30.04038,76.09863,335.44,0.53,0.67,2020-11-10,852,N,VIIRS,n,2,301.68,2.68,D,0
30.04048,75.01912,367,0.46,0.63,2020-11-10,852,N,VIIRS,h,2,301.43,8.12,D,0
30.04182,75.89651,343.48,0.52,0.66,2020-11-10,852,N,VIIRS,n,2,299.33,8.41,D,0
30.04275,75.38946,330.96,0.48,0.65,2020-11-10,852,N,VIIRS,n,2,297.47,3.27,D,0
30.04331,75.49842,332.84,0.49,0.65,2020-11-10,852,N,VIIRS,n,2,297.59,2.98,D,0
30.04527,75.2364,342.61,0.47,0.64,2020-11-10,852,N,VIIRS,n,2,299.81,5.6,D,0
30.04711,75.87963,354.1,0.51,0.66,2020-11-10,852,N,VIIRS,n,2,300.81,10.15,D,0
30.04721,75.23722,338.34,0.47,0.64,2020-11-10,852,N,VIIRS,n,2,299.12,4.62,D,0
30.04742,75.5665,334.04,0.49,0.65,2020-11-10,852,N,VIIRS,n,2,296.14,2.85,D,0
30.05103,75.42502,367,0.48,0.65,2020-11-10,852,N,VIIRS,h,2,302.28,8.36,D,0
30.05182,75.42621,367,0.48,0.65,2020-11-10,852,N,VIIRS,h,2,303.3,12.51,D,0
30.05222,75.25104,348.91,0.47,0.64,2020-11-10,852,N,VIIRS,n,2,299.26,9.18,D,0
30.05379,75.24684,345.35,0.47,0.64,2020-11-10,852,N,VIIRS,n,2,299.51,5.64,D,0
30.05408,75.25187,337.96,0.47,0.64,2020-11-10,852,N,VIIRS,n,2,298.18,5.64,D,0
30.055,75.37432,332.87,0.48,0.65,2020-11-10,852,N,VIIRS,n,2,298.05,1.69,D,0
30.05606,76.15469,367,0.53,0.67,2020-11-10,852,N,VIIRS,h,2,305.83,7.61,D,0
30.058,75.34214,342.82,0.48,0.64,2020-11-10,852,N,VIIRS,n,2,299.26,4.09,D,0
30.05912,75.76382,331.92,0.51,0.66,2020-11-10,852,N,VIIRS,n,2,301.68,2.82,D,0
30.0593,75.34317,335.06,0.48,0.65,2020-11-10,852,N,VIIRS,n,2,298.69,4.82,D,0
30.05993,75.37279,331.89,0.48,0.65,2020-11-10,852,N,VIIRS,n,2,297.62,1.96,D,0
30.06209,75.31121,337.5,0.48,0.64,2020-11-10,852,N,VIIRS,n,2,297.44,10.19,D,0
30.06329,75.30704,342.24,0.48,0.64,2020-11-10,852,N,VIIRS,n,2,296.92,3.67,D,0
30.06358,75.31213,331.31,0.48,0.64,2020-11-10,852,N,VIIRS,n,2,296.32,3.67,D,0
30.06411,75.63968,332.86,0.5,0.66,2020-11-10,852,N,VIIRS,n,2,299.55,3.56,D,0
30.06567,75.17972,330.17,0.47,0.64,2020-11-10,852,N,VIIRS,n,2,299.13,2.1,D,0
30.06697,75.19965,337.34,0.47,0.64,2020-11-10,852,N,VIIRS,n,2,300.23,6.67,D,0
30.06743,76.01758,334.1,0.52,0.67,2020-11-10,852,N,VIIRS,n,2,299.89,7.14,D,0
30.0683,75.92244,334.31,0.52,0.67,2020-11-10,852,N,VIIRS,n,2,299.98,4.36,D,0
30.06844,75.31586,332.14,0.48,0.64,2020-11-10,852,N,VIIRS,n,2,297.39,6.17,D,0
30.06855,75.19035,332.42,0.47,0.64,2020-11-10,852,N,VIIRS,n,2,299.67,3.56,D,0
30.06895,75.5176,336.75,0.49,0.65,2020-11-10,852,N,VIIRS,n,2,298.43,2.99,D,0
30.06914,75.20034,345.76,0.47,0.64,2020-11-10,852,N,VIIRS,n,2,300.09,7.21,D,0
30.06964,76.17107,336.19,0.54,0.67,2020-11-10,852,N,VIIRS,n,2,302.18,5.91,D,0
30.07051,75.44437,348.39,0.48,0.65,2020-11-10,852,N,VIIRS,n,2,300,5.07,D,0
30.07059,75.65678,344.03,0.5,0.66,2020-11-10,852,N,VIIRS,n,2,301.87,5.23,D,0
30.07118,75.44555,333.65,0.49,0.65,2020-11-10,852,N,VIIRS,n,2,298.23,7.34,D,0
30.07121,75.65521,347.02,0.5,0.66,2020-11-10,852,N,VIIRS,n,2,302.1,4.25,D,0
30.07176,75.45592,330.63,0.49,0.65,2020-11-10,852,N,VIIRS,n,2,298.89,2.64,D,0
30.07198,75.87793,330.23,0.51,0.66,2020-11-10,852,N,VIIRS,l,2,301.38,3.38,D,0
30.07306,76.00594,341.85,0.52,0.67,2020-11-10,852,N,VIIRS,n,2,301.25,3.47,D,0
30.07375,76.13065,343.8,0.53,0.67,2020-11-10,852,N,VIIRS,n,2,302.75,4.24,D,0
30.07472,75.51196,332.59,0.49,0.65,2020-11-10,852,N,VIIRS,n,2,298.08,5.03,D,0
30.07498,75.51328,335.97,0.49,0.65,2020-11-10,852,N,VIIRS,n,2,298.41,6.28,D,0
30.07529,76.04527,349.91,0.53,0.67,2020-11-10,852,N,VIIRS,n,2,302.3,7.25,D,0
30.07644,75.53944,332.1,0.49,0.65,2020-11-10,852,N,VIIRS,n,2,297.81,1.7,D,0
30.07667,75.54335,330.57,0.49,0.65,2020-11-10,852,N,VIIRS,n,2,297.98,3.55,D,0
30.0774,75.34184,330.14,0.48,0.65,2020-11-10,852,N,VIIRS,n,2,296.78,2.93,D,0
30.07951,75.29981,367,0.47,0.64,2020-11-10,852,N,VIIRS,h,2,301.94,10.89,D,0
30.07964,75.9459,331.27,0.52,0.67,2020-11-10,852,N,VIIRS,l,2,301.81,4.72,D,0
30.0802,75.08493,335.67,0.46,0.64,2020-11-10,852,N,VIIRS,n,2,300.32,3.01,D,0
30.08049,75.31502,337.66,0.48,0.64,2020-11-10,852,N,VIIRS,n,2,297.18,4.95,D,0
30.08082,75.3201,332.24,0.48,0.64,2020-11-10,852,N,VIIRS,n,2,296.61,4.95,D,0
30.08106,75.30066,367,0.48,0.64,2020-11-10,852,N,VIIRS,h,2,302.94,18.94,D,0
30.08166,75.52329,335.69,0.49,0.65,2020-11-10,852,N,VIIRS,n,2,298.07,3.84,D,0
30.08179,75.52723,339.74,0.49,0.65,2020-11-10,852,N,VIIRS,n,2,298.76,5.64,D,0
30.08195,75.3159,350.99,0.48,0.64,2020-11-10,852,N,VIIRS,n,2,298.19,8.13,D,0
30.08213,75.8736,333.44,0.51,0.66,2020-11-10,852,N,VIIRS,n,2,301.42,5.45,D,0
30.0822,76.05617,330.96,0.53,0.67,2020-11-10,852,N,VIIRS,l,2,301.38,5.76,D,0
30.08251,76.00175,348.99,0.52,0.67,2020-11-10,852,N,VIIRS,n,2,301.13,8.63,D,0
30.08537,76.05803,337.05,0.53,0.67,2020-11-10,852,N,VIIRS,n,2,301.81,5.41,D,0
30.08579,75.70948,336.26,0.5,0.66,2020-11-10,852,N,VIIRS,n,2,302.33,3.5,D,0
30.08707,75.71319,338.4,0.5,0.66,2020-11-10,852,N,VIIRS,n,2,302.11,4.29,D,0
30.08725,75.62354,340.81,0.5,0.66,2020-11-10,852,N,VIIRS,n,2,299.83,4.08,D,0
30.08767,75.62205,342.9,0.5,0.66,2020-11-10,852,N,VIIRS,n,2,299.54,3.39,D,0
30.08805,75.52809,330.56,0.49,0.65,2020-11-10,852,N,VIIRS,n,2,298.36,3.84,D,0
30.08849,75.42867,333.74,0.48,0.65,2020-11-10,852,N,VIIRS,n,2,299.87,4.11,D,0
30.08877,76.00131,367,0.52,0.67,2020-11-10,852,N,VIIRS,h,2,302.4,8.63,D,0
30.08907,75.03501,346.74,0.46,0.63,2020-11-10,852,N,VIIRS,n,2,300.76,4.95,D,0
30.08956,76.18703,336.19,0.54,0.68,2020-11-10,852,N,VIIRS,l,2,306.97,7.78,D,0
30.08987,76.19277,352.71,0.54,0.68,2020-11-10,852,N,VIIRS,n,2,306.04,11.52,D,0
30.09068,75.36143,334.72,0.48,0.65,2020-11-10,852,N,VIIRS,n,2,297.74,3.43,D,0
30.09153,75.99911,338.01,0.52,0.67,2020-11-10,852,N,VIIRS,n,2,300.63,5.13,D,0
30.09185,76.00471,340.45,0.52,0.67,2020-11-10,852,N,VIIRS,n,2,300.33,5.13,D,0
30.09234,76.12373,335.98,0.53,0.67,2020-11-10,852,N,VIIRS,n,2,302.8,4.05,D,0
30.09277,75.39731,330.23,0.48,0.65,2020-11-10,852,N,VIIRS,n,2,298.03,4.15,D,0
30.09338,75.6231,349.08,0.5,0.66,2020-11-10,852,N,VIIRS,n,2,299.21,4.08,D,0
30.09356,75.5172,331.6,0.49,0.65,2020-11-10,852,N,VIIRS,n,2,297.67,14.75,D,0
30.0938,75.62165,330.55,0.5,0.66,2020-11-10,852,N,VIIRS,n,2,298.69,2,D,0
30.09445,75.98971,340.64,0.52,0.67,2020-11-10,852,N,VIIRS,n,2,301.47,5.35,D,0
30.09498,75.54211,330.2,0.49,0.65,2020-11-10,852,N,VIIRS,n,2,299.96,3.92,D,0
30.09505,75.5434,336.17,0.49,0.65,2020-11-10,852,N,VIIRS,n,2,299.53,2.9,D,0
30.09511,76.12572,335.44,0.53,0.67,2020-11-10,852,N,VIIRS,n,2,302.72,3.9,D,0
30.09635,75.45935,336.84,0.49,0.65,2020-11-10,852,N,VIIRS,n,2,298.73,2.97,D,0
30.09667,75.79562,332.86,0.51,0.66,2020-11-10,852,N,VIIRS,n,2,301.99,3.48,D,0
30.09701,75.26388,333.97,0.47,0.64,2020-11-10,852,N,VIIRS,n,2,297.36,5.01,D,0
30.09714,75.98752,348.85,0.52,0.67,2020-11-10,852,N,VIIRS,n,2,301.34,6.99,D,0
30.09761,75.27399,338.23,0.47,0.64,2020-11-10,852,N,VIIRS,n,2,297.84,3.86,D,0
30.09773,75.59085,349.55,0.49,0.65,2020-11-10,852,N,VIIRS,n,2,299.99,10.24,D,0
30.09795,75.58947,352.11,0.49,0.65,2020-11-10,852,N,VIIRS,n,2,299.92,8.07,D,0
30.09803,75.59615,367,0.5,0.65,2020-11-10,852,N,VIIRS,h,2,301.09,17.54,D,0
30.09828,75.59476,341.78,0.49,0.65,2020-11-10,852,N,VIIRS,n,2,299.31,8.81,D,0
30.09849,75.79933,336.85,0.51,0.66,2020-11-10,852,N,VIIRS,n,2,301.58,4.16,D,0
30.09861,75.60004,355.3,0.49,0.65,2020-11-10,852,N,VIIRS,n,2,301.05,8.81,D,0
30.09912,75.40202,367,0.48,0.65,2020-11-10,852,N,VIIRS,h,2,301.12,9.75,D,0
30.09936,75.51153,367,0.49,0.65,2020-11-10,852,N,VIIRS,h,2,309.59,14.75,D,0
30.09965,75.51675,332.18,0.49,0.65,2020-11-10,852,N,VIIRS,n,2,298.39,14.75,D,0
30.10028,75.21815,367,0.47,0.64,2020-11-10,852,N,VIIRS,h,2,301.42,6.95,D,0
30.10137,76.06056,349.12,0.53,0.67,2020-11-10,852,N,VIIRS,n,2,301.13,5.15,D,0
30.10153,75.44333,343.13,0.49,0.65,2020-11-10,852,N,VIIRS,n,2,300.38,4.23,D,0
30.1017,75.14288,367,0.47,0.64,2020-11-10,852,N,VIIRS,h,2,300.5,10.85,D,0
30.10451,76.06239,367,0.53,0.67,2020-11-10,852,N,VIIRS,h,2,300.74,13.85,D,0
30.10504,76.01511,332.01,0.52,0.67,2020-11-10,852,N,VIIRS,n,2,300.38,1.7,D,0
30.10536,75.20271,347.4,0.47,0.64,2020-11-10,852,N,VIIRS,n,2,302.05,6.1,D,0
30.10577,75.73511,339.64,0.5,0.66,2020-11-10,852,N,VIIRS,n,2,301.87,8.89,D,0
30.10628,75.2177,345.85,0.47,0.64,2020-11-10,852,N,VIIRS,n,2,298.39,6.95,D,0
30.10688,75.73347,330.72,0.5,0.66,2020-11-10,852,N,VIIRS,n,2,300.75,3.04,D,0
30.10722,75.73887,335.84,0.5,0.66,2020-11-10,852,N,VIIRS,n,2,301.83,3.04,D,0
30.10733,76.05451,338.6,0.53,0.67,2020-11-10,852,N,VIIRS,n,2,298.42,5.58,D,0
30.11057,75.60059,337.77,0.5,0.65,2020-11-10,852,N,VIIRS,n,2,300.63,4.22,D,0
30.11197,76.02596,340.96,0.52,0.67,2020-11-10,852,N,VIIRS,n,2,300.33,5.27,D,0
30.11341,75.04299,353.88,0.46,0.63,2020-11-10,852,N,VIIRS,n,2,299.99,7.36,D,0
30.11359,75.65371,332.45,0.5,0.66,2020-11-10,852,N,VIIRS,n,2,299.7,4.59,D,0
30.11372,75.04788,348.18,0.46,0.63,2020-11-10,852,N,VIIRS,n,2,299.18,7.36,D,0
30.11383,75.88246,367,0.52,0.66,2020-11-10,852,N,VIIRS,h,2,303.21,10.88,D,0
30.11395,75.14697,351.26,0.47,0.64,2020-11-10,852,N,VIIRS,n,2,300.2,7.19,D,0
30.11501,76.02205,338.58,0.53,0.67,2020-11-10,852,N,VIIRS,n,2,299.12,9.73,D,0
30.1151,75.68044,331.98,0.5,0.66,2020-11-10,852,N,VIIRS,n,2,300.73,6.9,D,0
30.11518,75.16685,357.25,0.47,0.64,2020-11-10,852,N,VIIRS,n,2,299.27,10.03,D,0
30.11527,75.0724,367,0.46,0.64,2020-11-10,852,N,VIIRS,h,2,304.37,17.51,D,0
30.1153,76.02768,367,0.53,0.67,2020-11-10,852,N,VIIRS,h,2,303,9.73,D,0
30.11585,75.88056,350.54,0.51,0.66,2020-11-10,852,N,VIIRS,n,2,300.63,7.88,D,0
30.11637,75.38525,367,0.48,0.65,2020-11-10,852,N,VIIRS,h,2,302.56,20.45,D,0
30.11791,75.62135,330.48,0.5,0.66,2020-11-10,852,N,VIIRS,n,2,297.99,4.81,D,0
30.11811,75.73425,333.54,0.5,0.66,2020-11-10,852,N,VIIRS,n,2,300.73,3.34,D,0
30.11823,76.02555,367,0.52,0.67,2020-11-10,852,N,VIIRS,h,2,302.95,11.62,D,0
30.11827,76.08418,338.09,0.53,0.67,2020-11-10,852,N,VIIRS,n,2,300.54,3.12,D,0
30.12084,75.16143,342.96,0.47,0.64,2020-11-10,852,N,VIIRS,n,2,298.37,3.54,D,0
30.12115,75.16641,331.29,0.47,0.64,2020-11-10,852,N,VIIRS,n,2,297.04,3.54,D,0
30.12125,75.68,346.34,0.5,0.66,2020-11-10,852,N,VIIRS,n,2,299.89,6.9,D,0
30.12189,75.47845,331.35,0.49,0.65,2020-11-10,852,N,VIIRS,n,2,299.03,2.18,D,0
30.12277,75.70687,342.61,0.5,0.66,2020-11-10,852,N,VIIRS,n,2,302.05,6.68,D,0
30.12281,75.49409,336.01,0.49,0.65,2020-11-10,852,N,VIIRS,n,2,297.66,4.42,D,0
30.12312,75.49932,330.9,0.49,0.65,2020-11-10,852,N,VIIRS,n,2,297.54,6.47,D,0
30.12387,76.12176,347.42,0.53,0.67,2020-11-10,852,N,VIIRS,n,2,303.52,6.29,D,0
30.12414,75.31282,333.83,0.48,0.64,2020-11-10,852,N,VIIRS,n,2,297.99,2.72,D,0
30.12515,75.97639,331.25,0.52,0.67,2020-11-10,852,N,VIIRS,n,2,298.56,2.65,D,0
30.12589,75.14607,350.59,0.47,0.64,2020-11-10,852,N,VIIRS,n,2,299.87,6.56,D,0
30.12612,75.44678,336.55,0.49,0.65,2020-11-10,852,N,VIIRS,n,2,298.44,3.3,D,0
30.12635,76.1179,337.61,0.53,0.67,2020-11-10,852,N,VIIRS,n,2,302.01,6.18,D,0
30.12665,76.12362,350.8,0.53,0.67,2020-11-10,852,N,VIIRS,n,2,303.75,10.71,D,0
30.12716,75.0715,342.39,0.46,0.64,2020-11-10,852,N,VIIRS,n,2,299.31,5.35,D,0
30.12766,75.47279,367,0.49,0.65,2020-11-10,852,N,VIIRS,h,2,299.76,10.19,D,0
30.12798,75.478,341.16,0.49,0.65,2020-11-10,852,N,VIIRS,n,2,298.94,12.09,D,0
30.12803,75.58337,343.76,0.49,0.65,2020-11-10,852,N,VIIRS,n,2,298.52,7.68,D,0
30.13018,76.12132,351.12,0.53,0.67,2020-11-10,852,N,VIIRS,n,2,302.44,6.29,D,0
30.13064,75.42048,337.62,0.48,0.65,2020-11-10,852,N,VIIRS,n,2,299.57,2.69,D,0
30.13167,75.54076,342.96,0.49,0.65,2020-11-10,852,N,VIIRS,n,2,300.25,4.74,D,0
30.13384,75.57765,339.94,0.49,0.65,2020-11-10,852,N,VIIRS,n,2,298.8,4.38,D,0
30.13437,75.48277,367,0.49,0.65,2020-11-10,852,N,VIIRS,h,2,301.42,12.09,D,0
30.13593,75.11547,339.66,0.46,0.64,2020-11-10,852,N,VIIRS,n,2,298.15,3.13,D,0
30.13671,75.42007,347.93,0.48,0.65,2020-11-10,852,N,VIIRS,n,2,298.16,4.5,D,0
30.13714,75.0412,331.74,0.46,0.63,2020-11-10,852,N,VIIRS,n,2,300.59,3.04,D,0
30.13744,75.33232,367,0.48,0.65,2020-11-10,852,N,VIIRS,h,2,304.45,26.16,D,0
30.13876,75.25576,331.26,0.47,0.64,2020-11-10,852,N,VIIRS,n,2,297.63,4.63,D,0
30.13936,75.07555,331.74,0.46,0.64,2020-11-10,852,N,VIIRS,n,2,300.01,2.72,D,0
30.13949,76.00913,330.34,0.52,0.67,2020-11-10,852,N,VIIRS,n,2,299.2,5.79,D,0
30.13972,75.17507,367,0.47,0.64,2020-11-10,852,N,VIIRS,h,2,301.2,5.2,D,0
30.13983,75.47193,332.11,0.49,0.65,2020-11-10,852,N,VIIRS,n,2,297.96,1.98,D,0
30.1405,75.03783,330.68,0.46,0.63,2020-11-10,852,N,VIIRS,n,2,300.62,2.63,D,0
30.14064,75.69483,339.44,0.5,0.66,2020-11-10,852,N,VIIRS,n,2,299.21,3.62,D,0
30.14254,75.17686,344.98,0.47,0.64,2020-11-10,852,N,VIIRS,n,2,299.85,8.39,D,0
30.14279,75.07711,338.8,0.46,0.64,2020-11-10,852,N,VIIRS,n,2,300.06,3.49,D,0
30.1454,75.22707,335.7,0.47,0.64,2020-11-10,852,N,VIIRS,n,2,300.1,4.2,D,0
30.14588,76.12807,342.72,0.53,0.67,2020-11-10,852,N,VIIRS,n,2,303.3,3.53,D,0
30.14591,75.47151,331.04,0.49,0.65,2020-11-10,852,N,VIIRS,n,2,298.25,1.98,D,0
30.14852,75.414,343.35,0.48,0.65,2020-11-10,852,N,VIIRS,n,2,298.84,5.41,D,0
30.14873,75.07665,333.7,0.46,0.64,2020-11-10,852,N,VIIRS,n,2,298.63,6.41,D,0
30.14902,75.08158,367,0.46,0.64,2020-11-10,852,N,VIIRS,h,2,301.26,12.68,D,0
30.14919,75.22974,338.5,0.47,0.64,2020-11-10,852,N,VIIRS,n,2,299.42,4.78,D,0
30.15014,75.34168,338.48,0.48,0.65,2020-11-10,852,N,VIIRS,n,2,297.54,8.39,D,0
30.15075,76.34313,339.77,0.55,0.68,2020-11-10,852,N,VIIRS,n,2,303.51,5.92,D,0
30.15085,75.76459,367,0.51,0.66,2020-11-10,852,N,VIIRS,h,2,306.48,18.03,D,0
30.15157,75.07959,367,0.46,0.64,2020-11-10,852,N,VIIRS,h,2,303.54,15.42,D,0
30.15168,75.23165,344,0.47,0.64,2020-11-10,852,N,VIIRS,n,2,299.38,7.04,D,0
30.15173,75.36726,331.92,0.48,0.65,2020-11-10,852,N,VIIRS,n,2,296.92,3.18,D,0
30.15335,75.15599,333.14,0.47,0.64,2020-11-10,852,N,VIIRS,n,2,298.68,4.32,D,0
30.15377,75.60286,331.65,0.5,0.65,2020-11-10,852,N,VIIRS,n,2,297.24,5.87,D,0
30.15509,75.13394,340.56,0.47,0.64,2020-11-10,852,N,VIIRS,n,2,300,3.89,D,0
30.15519,75.22933,334.89,0.47,0.64,2020-11-10,852,N,VIIRS,n,2,299.16,4.78,D,0
30.15523,75.32593,340.59,0.48,0.64,2020-11-10,852,N,VIIRS,n,2,298.92,3.67,D,0
30.15541,76.07034,331.13,0.53,0.67,2020-11-10,852,N,VIIRS,n,2,299.85,6.68,D,0
30.15559,75.04967,355.95,0.46,0.64,2020-11-10,852,N,VIIRS,n,2,300.05,8.28,D,0
30.15566,75.19598,342.61,0.47,0.64,2020-11-10,852,N,VIIRS,n,2,299.58,7.19,D,0
30.15677,75.86847,343.85,0.51,0.66,2020-11-10,852,N,VIIRS,n,2,300.28,2.56,D,0
30.15681,75.44987,336.4,0.49,0.65,2020-11-10,852,N,VIIRS,n,2,297.43,2.49,D,0
30.15685,75.32288,330.87,0.48,0.65,2020-11-10,852,N,VIIRS,n,2,297.7,5.46,D,0
30.1574,75.22616,337.24,0.47,0.64,2020-11-10,852,N,VIIRS,n,2,299.83,2.38,D,0
30.15816,75.13563,340.1,0.47,0.64,2020-11-10,852,N,VIIRS,n,2,298.53,4.6,D,0
30.15888,75.04626,351.35,0.46,0.64,2020-11-10,852,N,VIIRS,n,2,298.85,5.05,D,0
30.15926,75.19876,367,0.47,0.64,2020-11-10,852,N,VIIRS,h,2,304.34,21.2,D,0
30.15926,75.59184,330.98,0.5,0.65,2020-11-10,852,N,VIIRS,n,2,297.19,5.9,D,0
30.16034,75.07083,367,0.46,0.64,2020-11-10,852,N,VIIRS,h,2,303.49,18.12,D,0
30.16165,75.19552,355.55,0.47,0.64,2020-11-10,852,N,VIIRS,n,2,299.14,7.19,D,0
30.16194,75.20054,334.97,0.47,0.64,2020-11-10,852,N,VIIRS,n,2,297.25,16.15,D,0
30.16235,75.15337,335.99,0.47,0.64,2020-11-10,852,N,VIIRS,n,2,298.27,3.99,D,0
30.16282,75.06887,344.39,0.46,0.64,2020-11-10,852,N,VIIRS,n,2,299.59,7.34,D,0
30.16314,75.0738,367,0.46,0.64,2020-11-10,852,N,VIIRS,h,2,300.84,7.34,D,0
30.16414,75.37152,331.21,0.48,0.65,2020-11-10,852,N,VIIRS,n,2,296.59,2.71,D,0
30.16442,75.14014,356.97,0.47,0.64,2020-11-10,852,N,VIIRS,l,2,300.52,10.86,D,0
30.16448,75.47546,340.7,0.49,0.65,2020-11-10,852,N,VIIRS,n,2,299.76,7.08,D,0
30.16547,75.47777,345.2,0.49,0.65,2020-11-10,852,N,VIIRS,n,2,300.04,5.17,D,0
30.16574,75.39725,334.51,0.48,0.65,2020-11-10,852,N,VIIRS,n,2,298.19,2.2,D,0
30.16652,75.6099,331.76,0.5,0.66,2020-11-10,852,N,VIIRS,n,2,297.99,3.94,D,0
30.16666,75.61261,337.29,0.5,0.66,2020-11-10,852,N,VIIRS,n,2,298.15,4.44,D,0
30.16721,75.39944,330.23,0.48,0.65,2020-11-10,852,N,VIIRS,n,2,298.44,5.3,D,0
30.16735,75.13803,355.04,0.47,0.64,2020-11-10,852,N,VIIRS,n,2,299.04,9.9,D,0
30.16831,75.5382,346.96,0.49,0.65,2020-11-10,852,N,VIIRS,n,2,299.1,5.3,D,0
30.16863,75.10987,343.18,0.46,0.64,2020-11-10,852,N,VIIRS,n,2,298.65,4.44,D,0
30.16892,75.11484,335.34,0.46,0.64,2020-11-10,852,N,VIIRS,n,2,298.48,4.44,D,0
30.16892,75.54068,337.22,0.49,0.65,2020-11-10,852,N,VIIRS,n,2,297.66,5.61,D,0
30.1694,75.76331,348.6,0.51,0.66,2020-11-10,852,N,VIIRS,n,2,302.45,8.45,D,0
30.16951,75.12477,352.1,0.47,0.64,2020-11-10,852,N,VIIRS,n,2,298.81,6.89,D,0
30.16984,75.87865,347.03,0.52,0.66,2020-11-10,852,N,VIIRS,n,2,301.51,11.27,D,0
30.17169,75.11282,354.17,0.46,0.64,2020-11-10,852,N,VIIRS,n,2,300.77,7.49,D,0
30.17171,75.29916,367,0.48,0.64,2020-11-10,852,N,VIIRS,h,2,302.39,22.97,D,0
30.17266,75.12768,349.66,0.46,0.64,2020-11-10,852,N,VIIRS,n,2,299.7,8.04,D,0
30.17286,75.22297,330.3,0.47,0.64,2020-11-10,852,N,VIIRS,n,2,299.01,3.21,D,0
30.17348,75.29604,356.01,0.48,0.64,2020-11-10,852,N,VIIRS,n,2,298.26,14.61,D,0
30.17377,75.30115,355.97,0.48,0.64,2020-11-10,852,N,VIIRS,n,2,297.83,19.2,D,0
30.17422,75.20465,338.91,0.47,0.64,2020-11-10,852,N,VIIRS,n,2,296.82,4.08,D,0
30.17451,75.20967,334.59,0.47,0.64,2020-11-10,852,N,VIIRS,n,2,297.27,3.85,D,0
30.1748,75.2147,334.33,0.47,0.64,2020-11-10,852,N,VIIRS,n,2,298.44,3.85,D,0
30.17481,75.76584,331.49,0.51,0.66,2020-11-10,852,N,VIIRS,n,2,299.11,3.64,D,0
30.17553,75.66286,336.09,0.5,0.66,2020-11-10,852,N,VIIRS,n,2,297.99,3.98,D,0
30.17599,75.66551,331.94,0.5,0.66,2020-11-10,852,N,VIIRS,n,2,297.33,4.89,D,0
30.17611,75.67359,330.24,0.5,0.66,2020-11-10,852,N,VIIRS,n,2,297.66,7.37,D,0
30.17631,75.67087,343.53,0.5,0.66,2020-11-10,852,N,VIIRS,n,2,298.36,4.89,D,0
30.17697,75.47984,337.43,0.49,0.65,2020-11-10,852,N,VIIRS,n,2,298.38,4.6,D,0
30.17788,75.2075,350.26,0.47,0.64,2020-11-10,852,N,VIIRS,n,2,297.98,7.75,D,0
30.17916,75.41702,345.1,0.48,0.65,2020-11-10,852,N,VIIRS,n,2,299.16,3.18,D,0
30.17991,75.19917,336.02,0.47,0.64,2020-11-10,852,N,VIIRS,n,2,296.91,4.61,D,0
30.18082,75.25274,331.21,0.47,0.64,2020-11-10,852,N,VIIRS,n,2,296.85,5.03,D,0
30.18147,75.26285,343.86,0.47,0.64,2020-11-10,852,N,VIIRS,n,2,298.19,8.32,D,0
30.18317,75.2546,331.91,0.47,0.64,2020-11-10,852,N,VIIRS,n,2,297.13,2.91,D,0
30.18376,75.26473,367,0.47,0.64,2020-11-10,852,N,VIIRS,h,2,300.57,12.57,D,0
30.18412,75.1687,343.48,0.47,0.64,2020-11-10,852,N,VIIRS,n,2,298.5,5.41,D,0
30.18538,75.61668,344.28,0.5,0.66,2020-11-10,852,N,VIIRS,n,2,297.68,4.21,D,0
30.1855,75.61925,341.93,0.5,0.66,2020-11-10,852,N,VIIRS,n,2,297.51,6.07,D,0
30.18716,75.42913,330.76,0.49,0.65,2020-11-10,852,N,VIIRS,n,2,297.78,3.16,D,0
30.18801,75.36474,333.33,0.48,0.65,2020-11-10,852,N,VIIRS,n,2,297.21,1.95,D,0
30.18813,75.66733,337.68,0.5,0.66,2020-11-10,852,N,VIIRS,n,2,297.46,6.28,D,0
30.18888,75.24909,334.18,0.47,0.64,2020-11-10,852,N,VIIRS,n,2,298.14,2.91,D,0
30.18914,75.47897,330.37,0.49,0.65,2020-11-10,852,N,VIIRS,n,2,297.5,1.85,D,0
30.19069,76.13663,348.13,0.53,0.67,2020-11-10,852,N,VIIRS,n,2,303.91,7.74,D,0
30.191,76.14236,343.45,0.53,0.67,2020-11-10,852,N,VIIRS,n,2,302.74,9.63,D,0
30.19143,75.51556,331.95,0.49,0.65,2020-11-10,852,N,VIIRS,n,2,298.14,3.85,D,0
30.19188,75.51264,344.99,0.49,0.65,2020-11-10,852,N,VIIRS,n,2,299.48,3.61,D,0
30.19334,75.32532,337.76,0.48,0.65,2020-11-10,852,N,VIIRS,n,2,296.24,2.82,D,0
30.19412,75.44424,331.55,0.49,0.65,2020-11-10,852,N,VIIRS,n,2,300.01,3.37,D,0
30.19458,75.14285,336.53,0.47,0.64,2020-11-10,852,N,VIIRS,n,2,298.1,5.15,D,0
30.19469,75.56811,335.05,0.49,0.65,2020-11-10,852,N,VIIRS,n,2,298.6,6.57,D,0
30.19482,75.56524,343.49,0.49,0.65,2020-11-10,852,N,VIIRS,n,2,299.16,4.3,D,0
30.19488,75.14783,332.39,0.47,0.64,2020-11-10,852,N,VIIRS,n,2,298.64,6.47,D,0
30.19543,75.3612,345.62,0.48,0.65,2020-11-10,852,N,VIIRS,n,2,298.09,11.54,D,0
30.19573,75.36633,367,0.48,0.65,2020-11-10,852,N,VIIRS,h,2,299.2,11.54,D,0
30.19643,75.94118,334.78,0.52,0.67,2020-11-10,852,N,VIIRS,n,2,302.61,3.26,D,0
30.1972,76.0279,340.56,0.53,0.67,2020-11-10,852,N,VIIRS,n,2,302.03,5.25,D,0
30.19758,75.29428,345.3,0.48,0.64,2020-11-10,852,N,VIIRS,n,2,297.93,5.55,D,0
30.199,75.42306,340,0.48,0.65,2020-11-10,852,N,VIIRS,n,2,298.88,4.45,D,0
30.19903,76.24395,333.12,0.54,0.68,2020-11-10,852,N,VIIRS,l,2,303.85,4.28,D,0
30.19929,76.29295,336.33,0.55,0.68,2020-11-10,852,N,VIIRS,n,2,305.64,6.41,D,0
30.19983,75.55187,354.05,0.49,0.65,2020-11-10,852,N,VIIRS,n,2,298.64,7.02,D,0
30.20014,75.6611,345.23,0.5,0.66,2020-11-10,852,N,VIIRS,n,2,298.03,6.97,D,0
30.20019,75.4438,337.49,0.49,0.65,2020-11-10,852,N,VIIRS,n,2,299.61,3.37,D,0
30.20027,75.65849,331.37,0.5,0.66,2020-11-10,852,N,VIIRS,n,2,296.8,4.98,D,0
30.20035,75.55426,355.95,0.49,0.65,2020-11-10,852,N,VIIRS,n,2,299.27,9.14,D,0
30.20123,75.91293,335.69,0.52,0.67,2020-11-10,852,N,VIIRS,n,2,301.98,6.56,D,0
30.20131,76.29075,351.06,0.55,0.68,2020-11-10,852,N,VIIRS,n,2,306.76,6.23,D,0
30.20148,75.36073,352.05,0.48,0.65,2020-11-10,852,N,VIIRS,n,2,298.12,8.57,D,0
30.20291,75.90976,339.83,0.52,0.67,2020-11-10,852,N,VIIRS,n,2,302.73,3.45,D,0
30.20361,75.29385,348.35,0.48,0.64,2020-11-10,852,N,VIIRS,n,2,298.05,5.55,D,0
30.20378,75.50652,347.9,0.49,0.65,2020-11-10,852,N,VIIRS,n,2,298.93,5.45,D,0
30.20477,75.41745,337.49,0.48,0.65,2020-11-10,852,N,VIIRS,n,2,297.99,2.35,D,0
30.20527,75.53279,331.09,0.49,0.65,2020-11-10,852,N,VIIRS,n,2,296.95,1.47,D,0
30.20622,75.13699,332.13,0.47,0.64,2020-11-10,852,N,VIIRS,n,2,298.24,2.53,D,0
30.20866,75.70363,348.48,0.5,0.66,2020-11-10,852,N,VIIRS,n,2,299.32,3.6,D,0
30.20939,75.7064,348.99,0.5,0.66,2020-11-10,852,N,VIIRS,n,2,299.5,6.72,D,0
30.2117,75.22712,350.37,0.47,0.64,2020-11-10,852,N,VIIRS,n,2,298.1,8.51,D,0
30.212,75.23217,355.87,0.47,0.64,2020-11-10,852,N,VIIRS,n,2,298.77,8.51,D,0
30.21228,75.54813,341.23,0.49,0.65,2020-11-10,852,N,VIIRS,n,2,298.17,5.37,D,0
30.21318,75.56397,367,0.49,0.65,2020-11-10,852,N,VIIRS,h,2,301.04,9.26,D,0
30.21372,75.16148,355.5,0.47,0.64,2020-11-10,852,N,VIIRS,n,2,300.94,5.62,D,0
30.21444,75.27268,339.44,0.47,0.64,2020-11-10,852,N,VIIRS,n,2,297.8,6.22,D,0
30.21505,75.28284,330.49,0.48,0.64,2020-11-10,852,N,VIIRS,n,2,297.38,3.56,D,0
30.21558,76.35691,331.88,0.55,0.68,2020-11-10,852,N,VIIRS,n,2,301.71,1.02,D,0
30.21627,76.14074,335.26,0.53,0.67,2020-11-10,852,N,VIIRS,n,2,303.98,3.71,D,0
30.21687,75.31333,353.09,0.48,0.64,2020-11-10,852,N,VIIRS,n,2,300.01,6.75,D,0
30.21779,75.32867,353.8,0.48,0.65,2020-11-10,852,N,VIIRS,n,2,298.24,6.11,D,0
30.21839,75.54768,341.05,0.49,0.65,2020-11-10,852,N,VIIRS,n,2,297.23,5.37,D,0
30.21901,75.77912,352.16,0.51,0.66,2020-11-10,852,N,VIIRS,n,2,300.16,7.6,D,0
30.21923,75.25196,354.69,0.47,0.64,2020-11-10,852,N,VIIRS,n,2,300,11.66,D,0
30.21953,75.25703,334.36,0.47,0.64,2020-11-10,852,N,VIIRS,n,2,297.4,12.98,D,0
30.2197,75.16103,340.21,0.47,0.64,2020-11-10,852,N,VIIRS,n,2,298.17,5.62,D,0
30.22107,76.45799,349.68,0.56,0.69,2020-11-10,852,N,VIIRS,n,2,302.94,7.22,D,0
30.22145,75.39031,342.68,0.48,0.65,2020-11-10,852,N,VIIRS,n,2,298.71,5.43,D,0
30.22211,76.45587,333.18,0.56,0.69,2020-11-10,852,N,VIIRS,n,2,300.76,4.31,D,0
30.22239,76.46187,336.99,0.56,0.69,2020-11-10,852,N,VIIRS,n,2,302.04,5.58,D,0
30.2229,75.3129,367,0.48,0.64,2020-11-10,852,N,VIIRS,h,2,299.01,13.23,D,0
30.22401,75.23129,345.85,0.47,0.64,2020-11-10,852,N,VIIRS,n,2,299.47,5.33,D,0
30.22524,75.2515,367,0.47,0.64,2020-11-10,852,N,VIIRS,h,2,298.12,11.66,D,0
30.22555,75.25658,343.44,0.47,0.64,2020-11-10,852,N,VIIRS,n,2,297.67,12.98,D,0
30.22815,75.20065,367,0.47,0.64,2020-11-10,852,N,VIIRS,h,2,302.42,12.26,D,0
30.22832,75.30229,342.83,0.48,0.64,2020-11-10,852,N,VIIRS,n,2,299.7,3.88,D,0
30.2297,75.22581,333.61,0.47,0.64,2020-11-10,852,N,VIIRS,n,2,297.98,2.83,D,0
30.23001,75.23085,331.05,0.47,0.64,2020-11-10,852,N,VIIRS,n,2,296.89,2.83,D,0
30.2318,75.46245,330.65,0.49,0.65,2020-11-10,852,N,VIIRS,n,2,297.45,3.97,D,0
30.23216,76.02315,335.44,0.53,0.67,2020-11-10,852,N,VIIRS,n,2,300.71,4.95,D,0
30.23228,75.17007,333.37,0.47,0.64,2020-11-10,852,N,VIIRS,n,2,299.01,3.41,D,0
30.23576,75.12981,335.42,0.47,0.64,2020-11-10,852,N,VIIRS,n,2,299,5.8,D,0
30.23607,75.13478,334.68,0.47,0.64,2020-11-10,852,N,VIIRS,n,2,299.4,5.68,D,0
30.23641,76.38533,333.13,0.55,0.68,2020-11-10,852,N,VIIRS,l,2,304.35,4.83,D,0
30.23918,75.69609,335.98,0.5,0.66,2020-11-10,852,N,VIIRS,n,2,298.16,4.62,D,0
30.23953,75.09462,330.45,0.46,0.64,2020-11-10,852,N,VIIRS,n,2,297.97,3.6,D,0
30.24014,75.19974,334.31,0.47,0.64,2020-11-10,852,N,VIIRS,n,2,298.47,3.15,D,0
30.24041,75.7177,367,0.5,0.66,2020-11-10,852,N,VIIRS,h,2,298.12,10.52,D,0
30.24102,75.72854,339.29,0.51,0.66,2020-11-10,852,N,VIIRS,n,2,297.79,4.52,D,0
30.24215,75.09541,341.02,0.46,0.64,2020-11-10,852,N,VIIRS,n,2,299.08,3.66,D,0
30.24377,75.56181,330.46,0.49,0.65,2020-11-10,852,N,VIIRS,n,2,296.82,2.43,D,0
30.2461,75.29591,349.81,0.48,0.64,2020-11-10,852,N,VIIRS,n,2,299.93,6.63,D,0
30.24641,75.301,341.13,0.48,0.64,2020-11-10,852,N,VIIRS,n,2,298.52,6.63,D,0
30.24771,75.22448,367,0.47,0.64,2020-11-10,852,N,VIIRS,h,2,300.18,9.15,D,0
30.24841,75.64159,358.06,0.5,0.66,2020-11-10,852,N,VIIRS,n,2,301.07,9.5,D,0
30.24865,76.09609,343.41,0.53,0.67,2020-11-10,852,N,VIIRS,n,2,301.09,8.07,D,0
30.24953,75.22545,347.56,0.47,0.64,2020-11-10,852,N,VIIRS,n,2,298.99,7.8,D,0
30.25049,75.07889,351.13,0.46,0.64,2020-11-10,852,N,VIIRS,n,2,298.48,4.91,D,0
30.25082,75.57726,357.3,0.5,0.65,2020-11-10,852,N,VIIRS,l,2,298.59,12.62,D,0
30.25086,75.27515,339.71,0.48,0.64,2020-11-10,852,N,VIIRS,n,2,298.11,3.96,D,0
30.251,75.47682,343.27,0.49,0.65,2020-11-10,852,N,VIIRS,n,2,299.01,5.97,D,0
30.2524,75.10859,334.67,0.46,0.64,2020-11-10,852,N,VIIRS,n,2,300.08,2.97,D,0
30.25307,75.31075,347.59,0.48,0.64,2020-11-10,852,N,VIIRS,n,2,298.37,5.85,D,0
30.2532,75.0796,340.95,0.46,0.64,2020-11-10,852,N,VIIRS,n,2,297.15,3.19,D,0
30.25363,75.41917,343.22,0.48,0.65,2020-11-10,852,N,VIIRS,n,2,297.47,5.45,D,0
30.2537,75.32095,356.57,0.48,0.65,2020-11-10,852,N,VIIRS,n,2,299.58,11.84,D,0
30.25436,75.31186,344.36,0.48,0.65,2020-11-10,852,N,VIIRS,n,2,298.54,4.95,D,0
30.25471,76.21117,343.76,0.54,0.68,2020-11-10,852,N,VIIRS,n,2,304.69,5.07,D,0
30.25493,75.32207,351.69,0.48,0.65,2020-11-10,852,N,VIIRS,n,2,298.94,9.39,D,0
30.25695,75.57687,350.86,0.5,0.65,2020-11-10,852,N,VIIRS,n,2,297.52,12.62,D,0
30.25835,75.49733,367,0.49,0.65,2020-11-10,852,N,VIIRS,h,2,304.47,20.01,D,0
30.25868,75.28075,342.59,0.48,0.64,2020-11-10,852,N,VIIRS,n,2,298.94,7.83,D,0
30.26105,76.21077,367,0.54,0.68,2020-11-10,852,N,VIIRS,h,2,303.43,11.81,D,0
30.26289,76.24574,332.55,0.54,0.68,2020-11-10,852,N,VIIRS,n,2,302.16,3.5,D,0
30.26322,75.27935,341.64,0.48,0.64,2020-11-10,852,N,VIIRS,n,2,297.64,5.03,D,0
30.26471,75.28031,334.55,0.48,0.64,2020-11-10,852,N,VIIRS,n,2,297.97,2.1,D,0
30.26924,76.24532,338.32,0.54,0.68,2020-11-10,852,N,VIIRS,n,2,301.4,3.5,D,0
30.27316,75.74812,334.47,0.51,0.66,2020-11-10,852,N,VIIRS,n,2,297.34,8.17,D,0
30.27329,75.96971,337.19,0.52,0.67,2020-11-10,852,N,VIIRS,n,2,301.81,3.82,D,0
30.27408,75.02846,331.46,0.46,0.64,2020-11-10,852,N,VIIRS,n,2,298.01,4.39,D,0
30.27408,75.45425,367,0.49,0.65,2020-11-10,852,N,VIIRS,h,2,301.27,8.84,D,0
30.2742,75.34126,335.99,0.48,0.65,2020-11-10,852,N,VIIRS,n,2,298.38,2.56,D,0
30.27441,75.56648,350.11,0.5,0.65,2020-11-10,852,N,VIIRS,n,2,298.95,7.58,D,0
30.27449,75.45553,367,0.49,0.65,2020-11-10,852,N,VIIRS,h,2,301.54,14.39,D,0
30.27468,75.56498,339.91,0.49,0.65,2020-11-10,852,N,VIIRS,n,2,298.1,6.33,D,0
30.27536,75.36181,356.33,0.48,0.65,2020-11-10,852,N,VIIRS,n,2,300.02,6.25,D,0
30.27614,75.06292,339.44,0.46,0.64,2020-11-10,852,N,VIIRS,n,2,299.27,5.28,D,0
30.2763,75.39156,341.6,0.48,0.65,2020-11-10,852,N,VIIRS,n,2,297.5,4.26,D,0
30.27673,75.07281,355.83,0.46,0.64,2020-11-10,852,N,VIIRS,n,2,299.56,12.58,D,0
30.27702,75.07775,367,0.46,0.64,2020-11-10,852,N,VIIRS,h,2,301.15,12.58,D,0
30.27709,75.39277,354.96,0.48,0.65,2020-11-10,852,N,VIIRS,n,2,297.86,5.57,D,0
30.27723,75.12175,348.82,0.47,0.64,2020-11-10,852,N,VIIRS,n,2,301.75,5.56,D,0
30.27733,75.2896,337.59,0.48,0.64,2020-11-10,852,N,VIIRS,n,2,299.27,3.8,D,0
30.27776,75.72058,335.18,0.51,0.66,2020-11-10,852,N,VIIRS,n,2,297.39,1.94,D,0
30.27823,75.52372,367,0.49,0.65,2020-11-10,852,N,VIIRS,h,2,301.01,14.42,D,0
30.27824,75.52235,367,0.49,0.65,2020-11-10,852,N,VIIRS,h,2,300.16,15.93,D,0
30.27879,75.10753,339.97,0.47,0.64,2020-11-10,852,N,VIIRS,n,2,300.13,3.06,D,0
30.27902,75.24252,353.01,0.47,0.64,2020-11-10,852,N,VIIRS,n,2,300.61,7.5,D,0
30.27903,75.74226,341.94,0.51,0.66,2020-11-10,852,N,VIIRS,n,2,298.25,4.23,D,0
30.27913,75.33971,337.43,0.48,0.65,2020-11-10,852,N,VIIRS,n,2,297.81,4.26,D,0
30.27967,75.12246,334.48,0.47,0.64,2020-11-10,852,N,VIIRS,n,2,299.56,4.39,D,0
30.28016,75.45383,332.7,0.49,0.65,2020-11-10,852,N,VIIRS,n,2,297.69,2.37,D,0
30.28042,75.36023,336.62,0.48,0.65,2020-11-10,852,N,VIIRS,n,2,297.77,6.46,D,0
30.28072,75.24342,337.62,0.47,0.64,2020-11-10,852,N,VIIRS,n,2,298.83,6.49,D,0
30.28145,75.18665,367,0.47,0.64,2020-11-10,852,N,VIIRS,h,2,300.26,13.15,D,0
30.28177,75.19167,340.53,0.47,0.64,2020-11-10,852,N,VIIRS,n,2,298.1,17.01,D,0
30.28193,75.28822,357.38,0.48,0.64,2020-11-10,852,N,VIIRS,n,2,300.67,6.51,D,0
30.28209,75.06247,346.28,0.46,0.64,2020-11-10,852,N,VIIRS,n,2,298.7,5.28,D,0
30.28242,75.20174,330.34,0.47,0.64,2020-11-10,852,N,VIIRS,n,2,297.47,3.35,D,0
30.28258,75.29839,367,0.48,0.64,2020-11-10,852,N,VIIRS,h,2,300.58,13.93,D,0
30.28291,75.3035,338.06,0.48,0.64,2020-11-10,852,N,VIIRS,n,2,298.02,9.19,D,0
30.28336,75.28915,337.78,0.48,0.64,2020-11-10,852,N,VIIRS,n,2,297.23,3.8,D,0
30.28349,75.18747,367,0.47,0.64,2020-11-10,852,N,VIIRS,h,2,302.94,15.71,D,0
30.28395,75.29936,367,0.48,0.64,2020-11-10,852,N,VIIRS,h,2,300.9,15.02,D,0
30.28453,75.32905,345.44,0.48,0.65,2020-11-10,852,N,VIIRS,n,2,298.76,3.61,D,0
30.28571,75.33012,347.73,0.48,0.65,2020-11-10,852,N,VIIRS,n,2,298.84,6.27,D,0
30.28625,75.65511,331.43,0.5,0.66,2020-11-10,852,N,VIIRS,n,2,297.61,1.68,D,0
30.28629,75.34038,332.39,0.48,0.65,2020-11-10,852,N,VIIRS,n,2,298.18,6.83,D,0
30.28643,75.79276,337.55,0.51,0.66,2020-11-10,852,N,VIIRS,n,2,299.29,4.21,D,0
30.28782,75.47556,330.1,0.49,0.65,2020-11-10,852,N,VIIRS,n,2,299.27,4.97,D,0
30.28801,75.16194,332.87,0.47,0.64,2020-11-10,852,N,VIIRS,n,2,299.44,3.69,D,0
30.28841,75.7963,332.31,0.51,0.66,2020-11-10,852,N,VIIRS,n,2,300.42,5.33,D,0
30.29057,75.32861,336.31,0.48,0.65,2020-11-10,852,N,VIIRS,n,2,298.35,3.61,D,0
30.29089,75.33373,331.12,0.48,0.65,2020-11-10,852,N,VIIRS,n,2,298.41,9.92,D,0
30.29175,75.32967,331.55,0.48,0.65,2020-11-10,852,N,VIIRS,n,2,297.92,3.21,D,0
30.29189,75.02708,331.27,0.46,0.64,2020-11-10,852,N,VIIRS,n,2,297.64,1.89,D,0
30.29245,75.67243,331.84,0.5,0.66,2020-11-10,852,N,VIIRS,n,2,297.2,3.35,D,0
30.29263,75.7923,346.8,0.51,0.66,2020-11-10,852,N,VIIRS,n,2,300.82,6.31,D,0
30.29297,75.46342,335.76,0.49,0.65,2020-11-10,852,N,VIIRS,n,2,299.08,2.24,D,0
30.29333,75.46464,345.78,0.49,0.65,2020-11-10,852,N,VIIRS,n,2,300.44,3.27,D,0
30.29423,75.26785,331.74,0.48,0.64,2020-11-10,852,N,VIIRS,n,2,297.76,5.49,D,0
30.29429,75.79043,336.05,0.51,0.66,2020-11-10,852,N,VIIRS,n,2,299.95,5.33,D,0
30.29452,75.27295,348.5,0.48,0.64,2020-11-10,852,N,VIIRS,n,2,298.43,8.88,D,0
30.29513,75.40064,348.58,0.48,0.65,2020-11-10,852,N,VIIRS,n,2,297.82,6.46,D,0
30.29558,75.39663,337.29,0.48,0.65,2020-11-10,852,N,VIIRS,n,2,295.95,5.25,D,0
30.29587,75.40179,331.94,0.48,0.65,2020-11-10,852,N,VIIRS,n,2,296.92,5.25,D,0
30.2961,75.92894,344.75,0.52,0.67,2020-11-10,852,N,VIIRS,n,2,301.13,3.62,D,0
30.29685,75.52767,338.1,0.49,0.65,2020-11-10,852,N,VIIRS,n,2,297.18,7.06,D,0
30.29688,75.52635,344.22,0.49,0.65,2020-11-10,852,N,VIIRS,n,2,297.29,4.39,D,0
30.29727,75.21683,336.3,0.47,0.64,2020-11-10,852,N,VIIRS,n,2,299.77,2.9,D,0
30.29788,75.12608,342.29,0.47,0.64,2020-11-10,852,N,VIIRS,n,2,297.65,5.3,D,0
30.29906,75.463,335.3,0.49,0.65,2020-11-10,852,N,VIIRS,n,2,298.75,2.24,D,0
30.29965,75.25729,341.38,0.47,0.64,2020-11-10,852,N,VIIRS,n,2,300.66,3.86,D,0
30.29994,75.0611,356.57,0.46,0.64,2020-11-10,852,N,VIIRS,n,2,300.9,6.4,D,0
30.29998,75.16107,334.36,0.47,0.64,2020-11-10,852,N,VIIRS,n,2,298.68,3.7,D,0
30.30135,75.39103,335.12,0.48,0.65,2020-11-10,852,N,VIIRS,n,2,296.65,3.25,D,0
30.30148,75.18616,332.82,0.47,0.64,2020-11-10,852,N,VIIRS,n,2,298.41,1.99,D,0
30.30211,75.73691,331.57,0.51,0.66,2020-11-10,852,N,VIIRS,n,2,297.84,1.69,D,0
30.30264,75.30825,347.93,0.48,0.65,2020-11-10,852,N,VIIRS,n,2,299.43,9.25,D,0
30.30266,75.52066,336.3,0.49,0.65,2020-11-10,852,N,VIIRS,n,2,297.35,4.39,D,0
30.30266,75.52195,342.19,0.49,0.65,2020-11-10,852,N,VIIRS,n,2,297.56,7.85,D,0
30.30414,75.54838,339.34,0.49,0.65,2020-11-10,852,N,VIIRS,n,2,299.11,4.39,D,0
30.30463,75.5523,331.24,0.49,0.65,2020-11-10,852,N,VIIRS,n,2,298.15,2.9,D,0
30.30503,75.34934,339.03,0.48,0.65,2020-11-10,852,N,VIIRS,n,2,299.13,3,D,0
30.30589,75.06067,336.46,0.46,0.64,2020-11-10,852,N,VIIRS,n,2,297.12,6.4,D,0
30.30626,75.16563,335.82,0.47,0.64,2020-11-10,852,N,VIIRS,n,2,298.88,4.4,D,0
30.30656,75.17065,340.02,0.47,0.64,2020-11-10,852,N,VIIRS,n,2,299.46,6.59,D,0
30.30683,75.70934,349.55,0.51,0.66,2020-11-10,852,N,VIIRS,n,2,299.14,8.08,D,0
30.30707,75.82985,331.49,0.51,0.66,2020-11-10,852,N,VIIRS,n,2,301.55,1.65,D,0
30.30798,75.70768,353.35,0.5,0.66,2020-11-10,852,N,VIIRS,n,2,299.37,10.15,D,0
30.31034,75.66036,339.68,0.5,0.66,2020-11-10,852,N,VIIRS,n,2,297.71,8.3,D,0
30.31108,75.24625,331.38,0.47,0.64,2020-11-10,852,N,VIIRS,n,2,298.88,2.24,D,0
30.3112,75.65882,352.47,0.5,0.66,2020-11-10,852,N,VIIRS,n,2,298.15,5.64,D,0
30.31271,75.70349,367,0.5,0.66,2020-11-10,852,N,VIIRS,h,2,301.67,13.13,D,0
30.31279,75.48429,339.38,0.49,0.65,2020-11-10,852,N,VIIRS,n,2,298.14,4.92,D,0
30.313,75.70892,349.96,0.51,0.66,2020-11-10,852,N,VIIRS,n,2,297.88,13.13,D,0
30.3133,75.71436,339.53,0.51,0.66,2020-11-10,852,N,VIIRS,n,2,298.45,8.6,D,0
30.31382,75.70185,367,0.5,0.66,2020-11-10,852,N,VIIRS,h,2,298.95,10.15,D,0
30.31398,75.50529,348.27,0.49,0.65,2020-11-10,852,N,VIIRS,n,2,300.03,5.01,D,0
30.31415,75.70728,348.46,0.5,0.66,2020-11-10,852,N,VIIRS,n,2,297.48,10.15,D,0
30.3144,75.30225,343.81,0.48,0.65,2020-11-10,852,N,VIIRS,n,2,299.27,4.8,D,0
30.31448,75.71271,367,0.5,0.66,2020-11-10,852,N,VIIRS,h,2,299.12,18.99,D,0
30.31619,75.23064,353.9,0.47,0.64,2020-11-10,852,N,VIIRS,n,2,299.69,7.92,D,0
30.3171,75.67071,343.79,0.5,0.66,2020-11-10,852,N,VIIRS,n,2,297.47,8.71,D,0
30.31817,75.57935,340.36,0.5,0.66,2020-11-10,852,N,VIIRS,n,2,297.29,3.36,D,0
30.31828,75.47337,342.51,0.49,0.65,2020-11-10,852,N,VIIRS,n,2,298.42,4.94,D,0
30.31854,75.16977,331.05,0.47,0.64,2020-11-10,852,N,VIIRS,n,2,298.63,2.88,D,0
30.32037,75.19992,355.4,0.47,0.64,2020-11-10,852,N,VIIRS,n,2,299.83,11.94,D,0
30.32166,75.42602,330.42,0.49,0.65,2020-11-10,852,N,VIIRS,n,2,296.87,2.48,D,0
30.32195,75.43122,335.03,0.49,0.65,2020-11-10,852,N,VIIRS,n,2,297.21,2.48,D,0
30.32433,75.26567,346.22,0.48,0.64,2020-11-10,852,N,VIIRS,n,2,299.35,4.11,D,0
30.32654,75.72974,348.86,0.51,0.66,2020-11-10,852,N,VIIRS,n,2,299.84,4.24,D,0
30.32722,75.0195,356.4,0.46,0.64,2020-11-10,852,N,VIIRS,n,2,299.23,12.18,D,0
30.328,75.327,330.54,0.48,0.65,2020-11-10,852,N,VIIRS,n,2,299.5,2.75,D,0
30.32805,75.12889,330.68,0.47,0.64,2020-11-10,852,N,VIIRS,n,2,298.9,4.4,D,0
30.32837,75.99627,342.62,0.53,0.67,2020-11-10,852,N,VIIRS,n,2,303.26,5.53,D,0
30.3299,75.15886,335.98,0.47,0.64,2020-11-10,852,N,VIIRS,n,2,297.51,3.2,D,0
30.33035,75.26524,335.16,0.48,0.64,2020-11-10,852,N,VIIRS,n,2,297.21,4.11,D,0
30.33073,75.58383,349.87,0.5,0.66,2020-11-10,852,N,VIIRS,n,2,298.55,6.7,D,0
30.33092,75.69683,334.75,0.5,0.66,2020-11-10,852,N,VIIRS,n,2,298,3.05,D,0
30.3313,75.99416,336.46,0.52,0.67,2020-11-10,852,N,VIIRS,n,2,300.59,4.32,D,0
30.33194,75.6051,367,0.5,0.66,2020-11-10,852,N,VIIRS,h,2,302.73,21,D,0
30.3325,75.30094,335.95,0.48,0.65,2020-11-10,852,N,VIIRS,n,2,298.62,6.51,D,0
30.33285,75.62113,353.25,0.5,0.66,2020-11-10,852,N,VIIRS,n,2,301.18,8.09,D,0
30.33325,76.13676,330.43,0.54,0.67,2020-11-10,852,N,VIIRS,n,2,301.22,2.93,D,0
30.3335,75.41993,341.43,0.49,0.65,2020-11-10,852,N,VIIRS,n,2,298.04,7.22,D,0
30.33398,76.10431,339.19,0.53,0.67,2020-11-10,852,N,VIIRS,n,2,301.4,4.17,D,0
30.33526,75.1484,335.78,0.47,0.64,2020-11-10,852,N,VIIRS,n,2,299.14,4.41,D,0
30.33564,75.0585,340.12,0.46,0.64,2020-11-10,852,N,VIIRS,n,2,300.51,5.42,D,0
30.33588,75.67484,336.07,0.5,0.66,2020-11-10,852,N,VIIRS,n,2,299.09,7.36,D,0
30.33607,75.25972,333.48,0.48,0.64,2020-11-10,852,N,VIIRS,n,2,297.62,3.02,D,0
30.33619,75.3626,333.36,0.48,0.65,2020-11-10,852,N,VIIRS,n,2,297.83,3.41,D,0
30.33769,75.70721,332.6,0.51,0.66,2020-11-10,852,N,VIIRS,n,2,298.55,2.65,D,0
30.33946,75.31589,335.17,0.48,0.65,2020-11-10,852,N,VIIRS,n,2,299.09,3.08,D,0
30.3405,76.26434,343.34,0.54,0.68,2020-11-10,852,N,VIIRS,n,2,302.12,6.67,D,0
30.34128,75.05312,331.77,0.46,0.64,2020-11-10,852,N,VIIRS,n,2,298.75,5.59,D,0
30.3416,75.05808,336.81,0.46,0.64,2020-11-10,852,N,VIIRS,n,2,298.64,5.42,D,0
30.34225,76.26653,343.81,0.55,0.68,2020-11-10,852,N,VIIRS,n,2,302.13,6.76,D,0
30.34435,75.05218,342.15,0.46,0.64,2020-11-10,852,N,VIIRS,n,2,299.36,6.7,D,0
30.34503,75.4087,332.03,0.49,0.65,2020-11-10,852,N,VIIRS,n,2,300.47,2.85,D,0
30.34561,75.21835,354.43,0.47,0.64,2020-11-10,852,N,VIIRS,n,2,300.8,8.37,D,0
30.34565,75.41908,351.59,0.49,0.65,2020-11-10,852,N,VIIRS,n,2,299.83,5.54,D,0
30.34723,75.0527,345.25,0.46,0.64,2020-11-10,852,N,VIIRS,n,2,299.65,4.57,D,0
30.3482,75.56658,367,0.5,0.65,2020-11-10,852,N,VIIRS,h,2,299.48,7.56,D,0
30.3482,75.67397,367,0.5,0.66,2020-11-10,852,N,VIIRS,h,2,302.94,16.59,D,0
30.34861,75.36689,332.46,0.48,0.65,2020-11-10,852,N,VIIRS,n,2,299.87,2.91,D,0
30.35172,75.41863,341.96,0.49,0.65,2020-11-10,852,N,VIIRS,n,2,299.28,5.54,D,0
30.35221,75.63593,346.66,0.5,0.66,2020-11-10,852,N,VIIRS,n,2,297.98,7.74,D,0
30.35432,75.56615,330.03,0.5,0.65,2020-11-10,852,N,VIIRS,n,2,297.95,6.92,D,0
30.35464,75.57148,351.23,0.5,0.65,2020-11-10,852,N,VIIRS,n,2,299.9,14.71,D,0
30.35556,75.58744,336.68,0.5,0.66,2020-11-10,852,N,VIIRS,n,2,298.25,3.84,D,0
30.3567,75.5023,349.7,0.49,0.65,2020-11-10,852,N,VIIRS,n,2,299.87,4.67,D,0
30.35825,75.22758,367,0.47,0.64,2020-11-10,852,N,VIIRS,h,2,299.1,15.32,D,0
30.35887,75.14166,338.24,0.47,0.64,2020-11-10,852,N,VIIRS,n,2,297.4,8.69,D,0
30.35919,75.14666,367,0.47,0.64,2020-11-10,852,N,VIIRS,h,2,301.5,18.34,D,0
30.36027,75.2269,356.37,0.47,0.64,2020-11-10,852,N,VIIRS,l,2,301.65,14.58,D,0
30.36267,75.2019,330.35,0.47,0.64,2020-11-10,852,N,VIIRS,n,2,297.71,2.55,D,0
30.36316,76.30059,335.62,0.55,0.68,2020-11-10,852,N,VIIRS,n,2,301.39,4.89,D,0
30.36394,75.2221,347.24,0.47,0.64,2020-11-10,852,N,VIIRS,n,2,297.4,13.9,D,0
30.36419,75.62973,338.35,0.5,0.66,2020-11-10,852,N,VIIRS,n,2,297.7,3.29,D,0
30.36422,75.08553,337.56,0.46,0.64,2020-11-10,852,N,VIIRS,n,2,298.76,5.22,D,0
30.36422,75.13126,357.07,0.47,0.64,2020-11-10,852,N,VIIRS,l,2,299.72,6.3,D,0
30.36426,75.22715,367,0.47,0.64,2020-11-10,852,N,VIIRS,h,2,301.28,15.32,D,0
30.36544,75.44379,343.7,0.49,0.65,2020-11-10,852,N,VIIRS,n,2,299.33,5.59,D,0
30.36614,75.44349,345.18,0.49,0.65,2020-11-10,852,N,VIIRS,n,2,299.36,5.78,D,0
30.36627,75.22645,367,0.47,0.64,2020-11-10,852,N,VIIRS,h,2,298.06,12.77,D,0
30.36653,75.1254,336.36,0.47,0.64,2020-11-10,852,N,VIIRS,n,2,298.29,3.64,D,0
30.36681,75.13039,354.99,0.47,0.64,2020-11-10,852,N,VIIRS,n,2,298.52,7,D,0
30.3671,75.13538,331.99,0.47,0.64,2020-11-10,852,N,VIIRS,n,2,297.49,7,D,0
30.36868,75.20148,347.35,0.47,0.64,2020-11-10,852,N,VIIRS,n,2,298.51,4.18,D,0
30.36892,75.82019,350.26,0.51,0.66,2020-11-10,852,N,VIIRS,n,2,302.34,4.89,D,0
30.36988,75.12585,337.64,0.47,0.64,2020-11-10,852,N,VIIRS,n,2,298.71,6.3,D,0
30.37012,75.73222,334.72,0.51,0.66,2020-11-10,852,N,VIIRS,n,2,300.07,5.75,D,0
30.37058,75.42776,334.62,0.49,0.65,2020-11-10,852,N,VIIRS,n,2,299.24,2.56,D,0
30.37084,75.20071,342.9,0.47,0.64,2020-11-10,852,N,VIIRS,n,2,298.34,8.71,D,0
30.37137,75.42738,333.77,0.49,0.65,2020-11-10,852,N,VIIRS,n,2,299.09,2.96,D,0
30.37155,76.09615,334.69,0.53,0.67,2020-11-10,852,N,VIIRS,n,2,300.68,4.19,D,0
30.37201,75.32856,331.44,0.48,0.65,2020-11-10,852,N,VIIRS,n,2,297.97,2.69,D,0
30.37252,75.36002,367,0.48,0.65,2020-11-10,852,N,VIIRS,h,2,302.6,11.1,D,0
30.37308,75.45874,331.65,0.49,0.65,2020-11-10,852,N,VIIRS,n,2,299.18,2.3,D,0
30.37328,75.08563,331.23,0.46,0.64,2020-11-10,852,N,VIIRS,n,2,298.61,3.7,D,0
30.37372,75.35949,367,0.48,0.65,2020-11-10,852,N,VIIRS,h,2,303.02,9.88,D,0
30.37475,75.39622,367,0.48,0.65,2020-11-10,852,N,VIIRS,h,2,302.67,9.02,D,0
30.37513,75.81978,335.39,0.51,0.66,2020-11-10,852,N,VIIRS,n,2,300.75,4.89,D,0
30.37573,75.39574,367,0.48,0.65,2020-11-10,852,N,VIIRS,h,2,302.26,11.17,D,0
30.37574,75.28708,333.29,0.48,0.64,2020-11-10,852,N,VIIRS,n,2,298.44,3.5,D,0
30.37615,75.08463,332.34,0.46,0.64,2020-11-10,852,N,VIIRS,n,2,297.74,3.96,D,0
30.3766,75.23136,353,0.47,0.64,2020-11-10,852,N,VIIRS,n,2,299.37,4.47,D,0
30.37666,75.3287,334,0.48,0.65,2020-11-10,852,N,VIIRS,n,2,297.51,3.02,D,0
30.37698,75.0505,340.35,0.46,0.64,2020-11-10,852,N,VIIRS,n,2,298.28,6.06,D,0
30.37742,75.0051,367,0.46,0.63,2020-11-10,852,N,VIIRS,h,2,302.98,10.82,D,0
30.37831,75.67191,351.11,0.5,0.66,2020-11-10,852,N,VIIRS,n,2,299.09,7.46,D,0
30.37858,75.23062,367,0.47,0.64,2020-11-10,852,N,VIIRS,h,2,301.01,11.12,D,0
30.37888,75.23571,348.9,0.47,0.64,2020-11-10,852,N,VIIRS,n,2,298.01,11.12,D,0
30.37902,75.67187,350.4,0.5,0.66,2020-11-10,852,N,VIIRS,n,2,299.41,5.51,D,0
30.37939,75.18047,349.86,0.47,0.64,2020-11-10,852,N,VIIRS,n,2,299.06,4.5,D,0
30.37952,75.47432,333.68,0.49,0.65,2020-11-10,852,N,VIIRS,n,2,297.9,3.76,D,0
30.38003,75.47404,333.55,0.49,0.65,2020-11-10,852,N,VIIRS,n,2,298.27,3.28,D,0
30.38005,75.04943,346.72,0.46,0.64,2020-11-10,852,N,VIIRS,n,2,298.47,5.95,D,0
30.38261,75.23094,355.73,0.47,0.64,2020-11-10,852,N,VIIRS,n,2,303.9,22.62,D,0
30.38293,75.23601,352.8,0.47,0.64,2020-11-10,852,N,VIIRS,n,2,297.93,24.43,D,0
30.38336,75.00464,335.55,0.46,0.63,2020-11-10,852,N,VIIRS,n,2,296.75,10.82,D,0
30.3837,75.44254,355.75,0.49,0.65,2020-11-10,852,N,VIIRS,n,2,301.32,8.92,D,0
30.38395,75.01448,356.75,0.46,0.64,2020-11-10,852,N,VIIRS,n,2,301.49,26.85,D,0
30.38424,75.0194,350.69,0.46,0.64,2020-11-10,852,N,VIIRS,n,2,297.69,18.71,D,0
30.38439,75.3328,333.29,0.48,0.65,2020-11-10,852,N,VIIRS,n,2,297.92,5,D,0
30.3844,75.44216,354.24,0.49,0.65,2020-11-10,852,N,VIIRS,n,2,300.91,5.71,D,0
30.38449,75.87458,331.83,0.52,0.67,2020-11-10,852,N,VIIRS,n,2,299.92,3.27,D,0
30.3846,75.23018,357,0.47,0.64,2020-11-10,852,N,VIIRS,l,2,299.55,11.12,D,0
30.38489,75.23526,350.95,0.47,0.64,2020-11-10,852,N,VIIRS,n,2,297.22,11.12,D,0
30.38527,75.36949,330.04,0.48,0.65,2020-11-10,852,N,VIIRS,n,2,298.86,3.96,D,0
30.38538,75.18005,338.32,0.47,0.64,2020-11-10,852,N,VIIRS,n,2,296.64,4.5,D,0
30.38548,75.57452,347.28,0.5,0.66,2020-11-10,852,N,VIIRS,n,2,298.26,8.49,D,0
30.38559,75.57469,347.38,0.5,0.66,2020-11-10,852,N,VIIRS,n,2,297.68,5.61,D,0
30.38577,75.57987,367,0.5,0.66,2020-11-10,852,N,VIIRS,h,2,299.08,8.49,D,0
30.38591,75.58003,367,0.5,0.66,2020-11-10,852,N,VIIRS,h,2,298.89,17.35,D,0
30.38606,75.58521,335.86,0.5,0.66,2020-11-10,852,N,VIIRS,n,2,297.25,11.06,D,0
30.38734,76.03791,343.82,0.53,0.67,2020-11-10,852,N,VIIRS,n,2,302.79,4.31,D,0
30.38907,75.33298,341.27,0.48,0.65,2020-11-10,852,N,VIIRS,n,2,298.7,2.11,D,0
30.38915,75.53185,367,0.49,0.65,2020-11-10,852,N,VIIRS,h,2,299.17,9.57,D,0
30.3893,75.53158,367,0.49,0.65,2020-11-10,852,N,VIIRS,h,2,299.01,10.72,D,0
30.39179,75.25008,342.94,0.48,0.64,2020-11-10,852,N,VIIRS,n,2,298.33,4.76,D,0
30.39218,75.79106,332.45,0.51,0.66,2020-11-10,852,N,VIIRS,n,2,298.44,2.17,D,0
30.39344,75.07332,353.83,0.46,0.64,2020-11-10,852,N,VIIRS,n,2,299.22,6.71,D,0
30.3936,75.4053,332.11,0.49,0.65,2020-11-10,852,N,VIIRS,n,2,299.58,2.28,D,0
30.3947,75.99234,336.21,0.53,0.67,2020-11-10,852,N,VIIRS,n,2,300.51,2.92,D,0
30.39518,75.73599,331.14,0.51,0.66,2020-11-10,852,N,VIIRS,n,2,299.48,1.11,D,0
30.39709,75.67599,334.56,0.5,0.66,2020-11-10,852,N,VIIRS,n,2,300.13,2.67,D,0
30.39783,75.67603,335.43,0.5,0.66,2020-11-10,852,N,VIIRS,n,2,300.18,4.2,D,0
30.39825,75.69766,353.05,0.51,0.66,2020-11-10,852,N,VIIRS,n,2,300.64,9.62,D,0
30.39911,75.69762,354.72,0.5,0.66,2020-11-10,852,N,VIIRS,n,2,301.05,10.11,D,0
30.39943,75.49936,348.42,0.49,0.65,2020-11-10,852,N,VIIRS,n,2,299.21,5.65,D,0
30.39967,75.17832,331.39,0.47,0.64,2020-11-10,852,N,VIIRS,n,2,297.43,2.65,D,0
30.39973,76.38751,347.86,0.55,0.68,2020-11-10,852,N,VIIRS,n,2,303.84,10.2,D,0
30.39978,75.49902,352.25,0.49,0.65,2020-11-10,852,N,VIIRS,n,2,299.42,7.9,D,0
30.40005,76.39348,347.98,0.56,0.68,2020-11-10,852,N,VIIRS,n,2,302.84,12.92,D,0
30.40152,75.64324,330.38,0.5,0.66,2020-11-10,852,N,VIIRS,n,2,298.77,3.17,D,0
30.40554,75.49892,346.1,0.49,0.65,2020-11-10,852,N,VIIRS,n,2,298.25,5.65,D,0
30.40589,75.49856,344.31,0.49,0.65,2020-11-10,852,N,VIIRS,n,2,297.69,4.68,D,0
30.40592,75.61062,367,0.5,0.66,2020-11-10,852,N,VIIRS,h,2,302.45,15.89,D,0
30.4062,75.28999,330.5,0.48,0.65,2020-11-10,852,N,VIIRS,n,2,296.54,9.91,D,0
30.40625,75.61076,367,0.5,0.66,2020-11-10,852,N,VIIRS,h,2,302.75,19.58,D,0
30.4065,75.29509,336.27,0.48,0.65,2020-11-10,852,N,VIIRS,n,2,297.54,9.91,D,0
30.40686,75.09729,347.28,0.47,0.64,2020-11-10,852,N,VIIRS,n,2,298.56,7.48,D,0
30.40848,75.54649,367,0.49,0.65,2020-11-10,852,N,VIIRS,h,2,300.48,14,D,0
30.40854,75.54619,367,0.49,0.65,2020-11-10,852,N,VIIRS,h,2,300.59,7.66,D,0
30.40858,75.33105,344.07,0.48,0.65,2020-11-10,852,N,VIIRS,n,2,300.1,7.16,D,0
30.40951,75.04224,338.53,0.46,0.64,2020-11-10,852,N,VIIRS,n,2,297.81,4.16,D,0
30.41044,75.25893,330.67,0.48,0.64,2020-11-10,852,N,VIIRS,n,2,297.54,3.33,D,0
30.41223,75.28955,356.55,0.48,0.65,2020-11-10,852,N,VIIRS,n,2,303.95,9.91,D,0
30.41253,75.29465,341.84,0.48,0.65,2020-11-10,852,N,VIIRS,n,2,296.9,9.91,D,0
30.41347,75.52454,354.89,0.49,0.65,2020-11-10,852,N,VIIRS,n,2,299.2,7.85,D,0
30.41406,75.21782,353.63,0.47,0.64,2020-11-10,852,N,VIIRS,n,2,299.05,14,D,0
30.41466,75.54575,349.85,0.49,0.65,2020-11-10,852,N,VIIRS,n,2,297.88,7.66,D,0
30.41469,75.77306,334.69,0.51,0.66,2020-11-10,852,N,VIIRS,n,2,299.73,3.96,D,0
30.41494,75.13183,350.67,0.47,0.64,2020-11-10,852,N,VIIRS,n,2,297.81,9.55,D,0
30.41525,75.13686,367,0.47,0.64,2020-11-10,852,N,VIIRS,h,2,300.21,15.25,D,0
30.41602,75.77299,337.92,0.51,0.66,2020-11-10,852,N,VIIRS,n,2,299.42,2.65,D,0
30.41615,75.15187,367,0.47,0.64,2020-11-10,852,N,VIIRS,h,2,302.2,12.34,D,0
30.41631,75.8837,348.08,0.52,0.67,2020-11-10,852,N,VIIRS,n,2,299.4,6.47,D,0
30.41827,75.28912,343.52,0.48,0.65,2020-11-10,852,N,VIIRS,n,2,296.32,5.58,D,0
30.41857,75.29423,341.21,0.48,0.65,2020-11-10,852,N,VIIRS,n,2,296.83,5.58,D,0
30.41899,75.5135,333.51,0.49,0.65,2020-11-10,852,N,VIIRS,n,2,296.79,7.71,D,0
30.41929,75.51879,356.35,0.49,0.65,2020-11-10,852,N,VIIRS,l,2,301.37,17.07,D,0
30.42053,75.88354,340.26,0.52,0.67,2020-11-10,852,N,VIIRS,n,2,297.9,5.59,D,0
30.42068,75.22752,330.45,0.47,0.64,2020-11-10,852,N,VIIRS,n,2,297.39,4.67,D,0
30.42153,75.14143,333.24,0.47,0.64,2020-11-10,852,N,VIIRS,n,2,297.68,6.78,D,0
30.42183,75.14642,351.77,0.47,0.64,2020-11-10,852,N,VIIRS,n,2,299.19,11.7,D,0
30.42376,75.59859,337.45,0.5,0.66,2020-11-10,852,N,VIIRS,n,2,298.99,5.6,D,0
30.42609,75.42343,330.16,0.49,0.65,2020-11-10,852,N,VIIRS,n,2,299.73,4.07,D,0
30.42947,76.22587,346.09,0.54,0.68,2020-11-10,852,N,VIIRS,n,2,303.07,12.82,D,0
30.42973,75.27804,343.37,0.48,0.64,2020-11-10,852,N,VIIRS,n,2,298.74,5.65,D,0
30.43001,75.49154,340,0.49,0.65,2020-11-10,852,N,VIIRS,n,2,297.82,6.25,D,0
30.43118,75.20134,349.52,0.47,0.64,2020-11-10,852,N,VIIRS,n,2,299.56,6.55,D,0
30.4314,76.22041,356.17,0.54,0.68,2020-11-10,852,N,VIIRS,n,2,304.29,14.8,D,0
30.43169,76.22626,367,0.54,0.68,2020-11-10,852,N,VIIRS,h,2,304.21,14.8,D,0
30.4317,75.63032,337.56,0.5,0.66,2020-11-10,852,N,VIIRS,n,2,298.75,3.67,D,0
30.43247,75.42821,351.75,0.49,0.65,2020-11-10,852,N,VIIRS,n,2,303.24,4.07,D,0
30.4343,75.35509,347.72,0.48,0.65,2020-11-10,852,N,VIIRS,n,2,299.51,7.1,D,0
30.43472,75.16061,349.64,0.47,0.64,2020-11-10,852,N,VIIRS,n,2,301.19,7.98,D,0
30.43546,75.27248,335.43,0.48,0.64,2020-11-10,852,N,VIIRS,n,2,297.04,7.48,D,0
30.43551,76.21966,343.05,0.54,0.68,2020-11-10,852,N,VIIRS,n,2,302.39,14.66,D,0
30.43576,75.2776,334.29,0.48,0.64,2020-11-10,852,N,VIIRS,n,2,296.49,5.65,D,0
30.43583,76.22548,367,0.54,0.68,2020-11-10,852,N,VIIRS,h,2,302.62,12.82,D,0
30.43718,75.20091,367,0.47,0.64,2020-11-10,852,N,VIIRS,h,2,298.8,13.29,D,0
30.43732,75.51221,331.54,0.49,0.65,2020-11-10,852,N,VIIRS,n,2,295.39,2.16,D,0
30.43757,76.37331,367,0.55,0.68,2020-11-10,852,N,VIIRS,h,2,303.29,9.93,D,0
30.43845,75.64065,354.76,0.5,0.66,2020-11-10,852,N,VIIRS,n,2,300.59,9,D,0
30.43891,76.37396,367,0.55,0.68,2020-11-10,852,N,VIIRS,h,2,304.3,11.98,D,0
30.43945,75.54935,331.1,0.5,0.65,2020-11-10,852,N,VIIRS,n,2,297.82,4.82,D,0
30.43975,75.55466,345.09,0.5,0.65,2020-11-10,852,N,VIIRS,n,2,298.34,4.82,D,0
30.44018,75.05486,339.71,0.46,0.64,2020-11-10,852,N,VIIRS,n,2,299.47,4.05,D,0
30.44026,75.25168,348.61,0.48,0.64,2020-11-10,852,N,VIIRS,n,2,298.6,3.92,D,0
30.44117,75.68928,336.05,0.5,0.66,2020-11-10,852,N,VIIRS,n,2,300.03,8.57,D,0
30.44118,75.26695,331.61,0.48,0.64,2020-11-10,852,N,VIIRS,n,2,297.9,3.36,D,0
30.44248,75.60268,330.81,0.5,0.66,2020-11-10,852,N,VIIRS,n,2,298.29,1.98,D,0
30.44344,75.51179,340.08,0.49,0.65,2020-11-10,852,N,VIIRS,n,2,295.96,6.41,D,0
30.44404,75.52234,330.54,0.49,0.65,2020-11-10,852,N,VIIRS,n,2,297.75,8.88,D,0
30.44422,75.1196,340.39,0.47,0.64,2020-11-10,852,N,VIIRS,n,2,299.05,7.6,D,0
30.44473,75.22579,367,0.47,0.64,2020-11-10,852,N,VIIRS,h,2,300.48,8.12,D,0
30.44614,75.05443,334.23,0.46,0.64,2020-11-10,852,N,VIIRS,n,2,298.62,4.05,D,0
30.44617,75.45354,343.93,0.49,0.65,2020-11-10,852,N,VIIRS,n,2,301.11,7.47,D,0
30.44618,75.55954,330.81,0.5,0.65,2020-11-10,852,N,VIIRS,n,2,297.34,4.32,D,0
30.4472,75.2665,330.96,0.48,0.64,2020-11-10,852,N,VIIRS,n,2,296.62,3.36,D,0
30.4487,75.06001,333.75,0.46,0.64,2020-11-10,852,N,VIIRS,n,2,298.1,5.1,D,0
30.44919,75.20005,333.03,0.47,0.64,2020-11-10,852,N,VIIRS,n,2,298.62,2.65,D,0
30.45106,75.23045,331.01,0.47,0.64,2020-11-10,852,N,VIIRS,n,2,299.64,9.05,D,0
30.45137,75.23553,367,0.47,0.64,2020-11-10,852,N,VIIRS,h,2,302.19,18.41,D,0
30.45241,75.05898,345.19,0.46,0.64,2020-11-10,852,N,VIIRS,n,2,298.83,5.64,D,0
30.45267,75.0248,331.86,0.46,0.64,2020-11-10,852,N,VIIRS,n,2,297.2,6.72,D,0
30.45296,75.02975,356.44,0.46,0.64,2020-11-10,852,N,VIIRS,l,2,299.01,6.72,D,0
30.45335,75.07387,333.21,0.46,0.64,2020-11-10,852,N,VIIRS,n,2,296.58,5.95,D,0
30.45348,75.14487,335,0.47,0.64,2020-11-10,852,N,VIIRS,n,2,297.27,3.96,D,0
30.45366,75.07884,333.8,0.46,0.64,2020-11-10,852,N,VIIRS,n,2,297.68,5.95,D,0
30.45523,75.06948,347.2,0.46,0.64,2020-11-10,852,N,VIIRS,n,2,298.22,12.19,D,0
30.45551,75.07446,340.38,0.46,0.64,2020-11-10,852,N,VIIRS,n,2,296.96,10.36,D,0
30.45557,75.40565,344.7,0.49,0.65,2020-11-10,852,N,VIIRS,n,2,299.55,4.25,D,0
30.4563,75.62865,330.41,0.5,0.66,2020-11-10,852,N,VIIRS,l,2,300.81,1.62,D,0
30.45649,75.12376,367,0.47,0.64,2020-11-10,852,N,VIIRS,h,2,308.6,32.43,D,0
30.45775,75.14379,337.5,0.47,0.64,2020-11-10,852,N,VIIRS,n,2,297.39,3.71,D,0
30.45806,75.11935,334.73,0.47,0.64,2020-11-10,852,N,VIIRS,n,2,298.13,18.62,D,0
30.45834,75.12437,367,0.47,0.64,2020-11-10,852,N,VIIRS,h,2,305.32,31.5,D,0
30.459,75.06847,367,0.46,0.64,2020-11-10,852,N,VIIRS,h,2,300.72,17.43,D,0
30.45931,75.07344,347.62,0.46,0.64,2020-11-10,852,N,VIIRS,n,2,298.79,5.95,D,0
30.45938,75.68259,333.01,0.5,0.66,2020-11-10,852,N,VIIRS,n,2,299.34,2.18,D,0
30.45948,75.0392,339.41,0.46,0.64,2020-11-10,852,N,VIIRS,n,2,297.47,6.68,D,0
30.45976,75.04416,355.85,0.46,0.64,2020-11-10,852,N,VIIRS,n,2,299.82,11.94,D,0
30.46119,75.06902,333.5,0.46,0.64,2020-11-10,852,N,VIIRS,n,2,297.26,6.48,D,0
30.46133,75.40003,367,0.49,0.65,2020-11-10,852,N,VIIRS,h,2,302.9,12.49,D,0
30.46147,75.07401,342.82,0.46,0.64,2020-11-10,852,N,VIIRS,n,2,298.12,6.63,D,0
30.46151,75.20423,333.5,0.47,0.64,2020-11-10,852,N,VIIRS,n,2,299.34,3.18,D,0
30.46287,75.20502,341.86,0.47,0.64,2020-11-10,852,N,VIIRS,n,2,299.7,4.4,D,0
30.46314,75.97647,331.12,0.53,0.67,2020-11-10,852,N,VIIRS,n,2,301.01,2.42,D,0
30.46337,75.0432,367,0.46,0.64,2020-11-10,852,N,VIIRS,h,2,300.64,8.03,D,0
30.46372,75.23975,335.95,0.47,0.64,2020-11-10,852,N,VIIRS,n,2,299.21,2.81,D,0
30.46486,75.24061,341.82,0.48,0.64,2020-11-10,852,N,VIIRS,n,2,299.02,3.76,D,0
30.46529,75.26521,367,0.48,0.64,2020-11-10,852,N,VIIRS,h,2,303.62,11.38,D,0
30.46555,75.68217,334.51,0.5,0.66,2020-11-10,852,N,VIIRS,n,2,299.6,2.09,D,0
30.46599,75.26099,333.69,0.48,0.64,2020-11-10,852,N,VIIRS,n,2,297.99,7.79,D,0
30.46628,75.26611,367,0.48,0.64,2020-11-10,852,N,VIIRS,h,2,301.97,15.34,D,0
30.46717,75.1742,339.15,0.47,0.64,2020-11-10,852,N,VIIRS,n,2,297.72,3.13,D,0
30.46726,75.49956,350.26,0.49,0.65,2020-11-10,852,N,VIIRS,n,2,298.92,9.2,D,0
30.46788,75.51009,345.2,0.49,0.65,2020-11-10,852,N,VIIRS,n,2,298.53,9.13,D,0
30.46847,75.21899,336.8,0.47,0.64,2020-11-10,852,N,VIIRS,n,2,298.66,2.36,D,0
30.46932,75.04276,340.29,0.46,0.64,2020-11-10,852,N,VIIRS,n,2,298.08,8.03,D,0
30.46974,75.2198,332.05,0.47,0.64,2020-11-10,852,N,VIIRS,n,2,298.64,2.8,D,0
30.47075,76.2414,367,0.54,0.68,2020-11-10,852,N,VIIRS,h,2,305,16.48,D,0
30.47132,75.26479,347.21,0.48,0.64,2020-11-10,852,N,VIIRS,n,2,297.77,11.38,D,0
30.47138,75.03828,367,0.46,0.64,2020-11-10,852,N,VIIRS,h,2,300.1,10.86,D,0
30.47167,75.04324,367,0.46,0.64,2020-11-10,852,N,VIIRS,h,2,299.58,20.33,D,0
30.47168,75.90257,331.94,0.52,0.67,2020-11-10,852,N,VIIRS,n,2,299.35,4.57,D,0
30.47304,75.00784,331.36,0.46,0.64,2020-11-10,852,N,VIIRS,n,2,297.2,2.95,D,0
30.47353,75.30061,343.3,0.48,0.65,2020-11-10,852,N,VIIRS,n,2,297.45,5.91,D,0
30.47384,75.30573,339.37,0.48,0.65,2020-11-10,852,N,VIIRS,n,2,297.86,7.06,D,0
30.47404,75.52158,332.63,0.49,0.65,2020-11-10,852,N,VIIRS,n,2,298.37,5.73,D,0
30.4743,75.30154,367,0.48,0.65,2020-11-10,852,N,VIIRS,h,2,299.45,5.76,D,0
30.47432,75.52686,334.34,0.49,0.65,2020-11-10,852,N,VIIRS,n,2,297.93,5.69,D,0
30.47494,75.52554,342.94,0.49,0.65,2020-11-10,852,N,VIIRS,n,2,298.73,5.7,D,0
30.47495,75.03738,352.03,0.46,0.64,2020-11-10,852,N,VIIRS,n,2,298.64,23.16,D,0
30.47528,75.04234,367,0.46,0.64,2020-11-10,852,N,VIIRS,h,2,304.04,39.29,D,0
30.47553,76.08983,331.27,0.53,0.67,2020-11-10,852,N,VIIRS,l,2,302.86,4.38,D,0
30.47633,75.65432,344.29,0.5,0.66,2020-11-10,852,N,VIIRS,n,2,301.16,7.17,D,0
30.47704,75.03288,334.72,0.46,0.64,2020-11-10,852,N,VIIRS,n,2,296.8,10.86,D,0
30.47714,75.58018,330.03,0.5,0.66,2020-11-10,852,N,VIIRS,n,2,298.18,3.93,D,0
30.47733,75.03783,356.33,0.46,0.64,2020-11-10,852,N,VIIRS,n,2,297.39,10.86,D,0
30.47762,75.04279,367,0.46,0.64,2020-11-10,852,N,VIIRS,h,2,296.75,20.33,D,0
30.47808,75.57876,349.05,0.5,0.66,2020-11-10,852,N,VIIRS,n,2,299.18,6.22,D,0
30.47898,75.0074,333.01,0.46,0.64,2020-11-10,852,N,VIIRS,n,2,296.42,2.95,D,0
30.48018,75.40916,353.65,0.49,0.65,2020-11-10,852,N,VIIRS,n,2,301.58,6.29,D,0
30.48029,75.41026,351.45,0.49,0.65,2020-11-10,852,N,VIIRS,n,2,301.87,6.3,D,0
30.48328,75.57975,341.29,0.5,0.66,2020-11-10,852,N,VIIRS,n,2,298.92,3.93,D,0
30.48416,75.05229,330.18,0.46,0.64,2020-11-10,852,N,VIIRS,n,2,297.45,3.31,D,0
30.48509,75.807,330.74,0.51,0.66,2020-11-10,852,N,VIIRS,l,2,301.45,4.16,D,0
30.48571,75.51014,345.02,0.49,0.65,2020-11-10,852,N,VIIRS,n,2,298.55,5.62,D,0
30.48606,75.11659,342.15,0.47,0.64,2020-11-10,852,N,VIIRS,n,2,297.89,2.77,D,0
30.48622,75.50887,346.83,0.49,0.65,2020-11-10,852,N,VIIRS,n,2,298.84,5.3,D,0
30.48628,75.52073,367,0.49,0.65,2020-11-10,852,N,VIIRS,h,2,302,15.93,D,0
30.48656,75.52602,333.15,0.49,0.65,2020-11-10,852,N,VIIRS,n,2,298.64,12.97,D,0
30.48686,75.51945,348.18,0.49,0.65,2020-11-10,852,N,VIIRS,n,2,299.46,15.31,D,0
30.48717,75.52473,367,0.49,0.65,2020-11-10,852,N,VIIRS,h,2,300.75,16.03,D,0
30.48742,75.54194,343.72,0.5,0.65,2020-11-10,852,N,VIIRS,n,2,299.46,4.84,D,0
30.48795,75.1171,348.33,0.47,0.64,2020-11-10,852,N,VIIRS,n,2,297.79,6.25,D,0
30.48813,75.54061,337.64,0.49,0.65,2020-11-10,852,N,VIIRS,n,2,298.98,3.6,D,0
30.48856,75.56328,342.21,0.5,0.66,2020-11-10,852,N,VIIRS,n,2,300.41,3.4,D,0
30.48867,75.80288,334.38,0.51,0.66,2020-11-10,852,N,VIIRS,n,2,300.75,4.07,D,0
30.48895,75.80841,333.48,0.51,0.66,2020-11-10,852,N,VIIRS,n,2,300.16,6.17,D,0
30.48899,76.34698,367,0.55,0.68,2020-11-10,852,N,VIIRS,h,2,306.65,28.15,D,0
30.4894,75.56192,338.86,0.5,0.66,2020-11-10,852,N,VIIRS,n,2,300.57,2.77,D,0
30.49012,75.05184,340.49,0.46,0.64,2020-11-10,852,N,VIIRS,n,2,297.97,3.31,D,0
30.49036,75.27883,336.96,0.48,0.64,2020-11-10,852,N,VIIRS,n,2,297.07,2.97,D,0
30.49126,75.27967,345.27,0.48,0.65,2020-11-10,852,N,VIIRS,n,2,297.79,3.1,D,0
30.49131,75.8066,340.13,0.51,0.66,2020-11-10,852,N,VIIRS,n,2,300.93,4.16,D,0
30.4922,75.21217,353.96,0.47,0.64,2020-11-10,852,N,VIIRS,n,2,299.98,6.67,D,0
30.49321,75.20782,355.09,0.47,0.64,2020-11-10,852,N,VIIRS,n,2,299.42,10.07,D,0
30.4935,75.21291,342.91,0.47,0.64,2020-11-10,852,N,VIIRS,n,2,298.65,11.48,D,0
30.49505,75.45654,336.22,0.49,0.65,2020-11-10,852,N,VIIRS,n,2,299.12,4.91,D,0
30.49523,75.45539,333.34,0.49,0.65,2020-11-10,852,N,VIIRS,n,2,299.22,1.6,D,0
30.4957,75.14678,355.74,0.47,0.64,2020-11-10,852,N,VIIRS,n,2,298.59,15.44,D,0
30.49599,75.15181,367,0.47,0.64,2020-11-10,852,N,VIIRS,h,2,301.1,16.02,D,0
30.49628,75.15685,335.65,0.47,0.64,2020-11-10,852,N,VIIRS,n,2,296.92,16.02,D,0
30.49764,76.0311,348.01,0.53,0.67,2020-11-10,852,N,VIIRS,n,2,301.41,6.2,D,0
30.49824,75.40372,336.09,0.49,0.65,2020-11-10,852,N,VIIRS,n,2,299.07,3.23,D,0
30.49952,75.95146,353.61,0.52,0.67,2020-11-10,852,N,VIIRS,n,2,301.69,6.8,D,0
30.49983,75.95709,330.68,0.52,0.67,2020-11-10,852,N,VIIRS,n,2,299.66,6.8,D,0
30.50047,76.0825,344.13,0.53,0.67,2020-11-10,852,N,VIIRS,n,2,304.49,4.77,D,0
30.50055,75.02616,348.52,0.46,0.64,2020-11-10,852,N,VIIRS,n,2,298.35,4.44,D,0
30.50061,75.34526,346.7,0.48,0.65,2020-11-10,852,N,VIIRS,n,2,298.85,11.64,D,0
30.50069,75.23286,331.02,0.48,0.64,2020-11-10,852,N,VIIRS,n,2,298.39,2.43,D,0
30.50093,75.35043,367,0.48,0.65,2020-11-10,852,N,VIIRS,h,2,301.33,11.64,D,0
30.5011,75.34619,355.79,0.48,0.65,2020-11-10,852,N,VIIRS,n,2,301.24,11.66,D,0
30.50139,75.35136,346.02,0.48,0.65,2020-11-10,852,N,VIIRS,n,2,298.74,11.66,D,0
30.50187,75.25323,348.88,0.48,0.64,2020-11-10,852,N,VIIRS,n,2,298.67,5.74,D,0
30.50216,75.25834,334.11,0.48,0.64,2020-11-10,852,N,VIIRS,n,2,296.88,5.74,D,0
30.50228,75.1564,333.02,0.47,0.64,2020-11-10,852,N,VIIRS,n,2,297.38,2.64,D,0
30.50245,75.26345,331.58,0.48,0.64,2020-11-10,852,N,VIIRS,n,2,297.13,4.58,D,0
30.50252,75.95305,367,0.52,0.67,2020-11-10,852,N,VIIRS,h,2,303.33,14.26,D,0
30.50257,75.16145,334.28,0.47,0.64,2020-11-10,852,N,VIIRS,n,2,298.09,5.07,D,0
30.50275,75.26855,349.95,0.48,0.64,2020-11-10,852,N,VIIRS,n,2,298,4.58,D,0
30.50375,75.18166,335.81,0.47,0.64,2020-11-10,852,N,VIIRS,n,2,297.14,2.73,D,0
30.50451,75.29934,332.78,0.48,0.65,2020-11-10,852,N,VIIRS,n,2,299.89,2.82,D,0
30.50553,75.21206,367,0.47,0.64,2020-11-10,852,N,VIIRS,h,2,301,11.37,D,0
30.5056,75.11077,331.95,0.47,0.64,2020-11-10,852,N,VIIRS,n,2,297.07,9.29,D,0
30.50589,75.11578,356.8,0.47,0.64,2020-11-10,852,N,VIIRS,l,2,300.5,9.29,D,0
30.50641,75.22733,337.03,0.47,0.64,2020-11-10,852,N,VIIRS,n,2,300.37,3.32,D,0
30.50789,75.25279,330.65,0.48,0.64,2020-11-10,852,N,VIIRS,n,2,298.09,6.29,D,0
30.51026,75.29375,367,0.48,0.65,2020-11-10,852,N,VIIRS,h,2,306.26,18.61,D,0
30.51156,75.83304,331.33,0.52,0.66,2020-11-10,852,N,VIIRS,n,2,301.31,3.43,D,0
30.51182,76.05881,339.99,0.53,0.67,2020-11-10,852,N,VIIRS,n,2,301.78,2.23,D,0
30.51233,75.3298,343.38,0.48,0.65,2020-11-10,852,N,VIIRS,n,2,301.6,4.1,D,0
30.51275,75.03021,337.98,0.46,0.64,2020-11-10,852,N,VIIRS,n,2,299.53,4.93,D,0
30.51277,75.13037,367,0.47,0.64,2020-11-10,852,N,VIIRS,h,2,302.49,12.75,D,0
30.51332,75.24218,338.18,0.48,0.64,2020-11-10,852,N,VIIRS,n,2,298.35,7.36,D,0
30.51362,75.24727,356.63,0.48,0.64,2020-11-10,852,N,VIIRS,n,2,299.67,7.36,D,0
30.51397,75.57762,330.43,0.5,0.66,2020-11-10,852,N,VIIRS,n,2,296.82,1.59,D,0
30.51419,76.06061,331.25,0.53,0.67,2020-11-10,852,N,VIIRS,n,2,300.68,3.25,D,0
30.51575,75.07992,367,0.47,0.64,2020-11-10,852,N,VIIRS,h,2,299.62,15.82,D,0
30.51687,75.71148,338.55,0.51,0.66,2020-11-10,852,N,VIIRS,n,2,298.61,3.47,D,0
30.51863,75.55046,346.47,0.5,0.66,2020-11-10,852,N,VIIRS,n,2,301.44,5.09,D,0
30.51927,75.34485,332.86,0.48,0.65,2020-11-10,852,N,VIIRS,n,2,299.91,4.43,D,0
30.51965,75.24683,330.47,0.48,0.64,2020-11-10,852,N,VIIRS,n,2,298.45,2.61,D,0
30.52056,75.1601,347.97,0.47,0.64,2020-11-10,852,N,VIIRS,n,2,298.04,5.79,D,0
30.52069,76.33902,340.55,0.55,0.68,2020-11-10,852,N,VIIRS,n,2,300.12,3.66,D,0
30.52337,75.82117,347.27,0.51,0.66,2020-11-10,852,N,VIIRS,n,2,300.53,4.65,D,0
30.52357,75.21076,333.12,0.47,0.64,2020-11-10,852,N,VIIRS,n,2,298.51,2.71,D,0
30.52364,76.12341,341.36,0.54,0.68,2020-11-10,852,N,VIIRS,n,2,301.65,4.22,D,0
30.52413,75.11945,337.41,0.47,0.64,2020-11-10,852,N,VIIRS,n,2,298.69,5.44,D,0
30.52652,75.98373,351.26,0.53,0.67,2020-11-10,852,N,VIIRS,n,2,299.95,10.58,D,0
30.52713,75.82246,367,0.52,0.66,2020-11-10,852,N,VIIRS,h,2,304.52,12.31,D,0
30.52738,75.07406,358.11,0.47,0.64,2020-11-10,852,N,VIIRS,n,2,299.05,7.53,D,0
30.52933,75.98526,367,0.53,0.67,2020-11-10,852,N,VIIRS,h,2,300.59,11.45,D,0
30.52959,75.82077,339.99,0.51,0.66,2020-11-10,852,N,VIIRS,n,2,300.78,4.65,D,0
30.52969,75.01404,367,0.46,0.64,2020-11-10,852,N,VIIRS,h,2,300.62,10.96,D,0
30.52989,75.31816,350.22,0.48,0.65,2020-11-10,852,N,VIIRS,n,2,301.25,5.19,D,0
30.53514,75.73906,333.08,0.51,0.66,2020-11-10,852,N,VIIRS,n,2,301.56,6.01,D,0
30.53544,75.74451,333.59,0.51,0.66,2020-11-10,852,N,VIIRS,n,2,301.56,6.01,D,0
30.53624,75.0235,330.39,0.46,0.64,2020-11-10,852,N,VIIRS,n,2,296.99,5.39,D,0
30.53836,75.35911,332.51,0.48,0.65,2020-11-10,852,N,VIIRS,n,2,296.65,4.75,D,0
30.5384,75.79951,338.02,0.51,0.66,2020-11-10,852,N,VIIRS,n,2,300.59,2.67,D,0
30.53866,75.36429,334.96,0.48,0.65,2020-11-10,852,N,VIIRS,n,2,296.97,6.41,D,0
30.53915,75.16889,351.71,0.47,0.64,2020-11-10,852,N,VIIRS,n,2,298.55,8.51,D,0
30.53946,75.17396,343.71,0.47,0.64,2020-11-10,852,N,VIIRS,n,2,297.76,8.51,D,0
30.53962,75.07817,353.77,0.47,0.64,2020-11-10,852,N,VIIRS,n,2,300.78,7.1,D,0
30.54168,75.31215,339.91,0.48,0.65,2020-11-10,852,N,VIIRS,n,2,299.9,6.63,D,0
30.54229,75.32247,337.69,0.48,0.65,2020-11-10,852,N,VIIRS,n,2,299.94,3.01,D,0
30.54239,75.12313,332.73,0.47,0.64,2020-11-10,852,N,VIIRS,n,2,297.45,4.61,D,0
30.54268,76.04537,344.01,0.53,0.67,2020-11-10,852,N,VIIRS,n,2,301.01,3.72,D,0
30.54283,75.2298,367,0.48,0.64,2020-11-10,852,N,VIIRS,h,2,303.71,11.63,D,0
30.54332,75.66198,339.31,0.5,0.66,2020-11-10,852,N,VIIRS,n,2,298.9,6.53,D,0
30.54374,75.04785,335.01,0.46,0.64,2020-11-10,852,N,VIIRS,n,2,297.71,3.74,D,0
30.54513,76.04704,335.19,0.53,0.67,2020-11-10,852,N,VIIRS,n,2,300.51,5.94,D,0
30.54559,75.07774,337.86,0.47,0.64,2020-11-10,852,N,VIIRS,n,2,296.68,5.1,D,0
30.54589,75.28087,350.07,0.48,0.65,2020-11-10,852,N,VIIRS,n,2,301.98,6.2,D,0
30.54655,75.50054,331.71,0.49,0.65,2020-11-10,852,N,VIIRS,n,2,297.79,4.9,D,0
30.54716,75.51114,339.69,0.49,0.65,2020-11-10,852,N,VIIRS,n,2,298.35,2.6,D,0
30.54949,75.66158,352.92,0.5,0.66,2020-11-10,852,N,VIIRS,n,2,300.62,6.53,D,0
30.55039,75.25484,334.71,0.48,0.64,2020-11-10,852,N,VIIRS,n,2,299.19,3.99,D,0
30.55053,75.15792,337.58,0.47,0.64,2020-11-10,852,N,VIIRS,n,2,297.95,4.35,D,0
30.55139,76.31336,332.62,0.55,0.68,2020-11-10,852,N,VIIRS,n,2,302.26,3.6,D,0
30.55174,75.48425,350.84,0.49,0.65,2020-11-10,852,N,VIIRS,n,2,300.6,5.29,D,0
30.55196,76.30959,330.93,0.55,0.68,2020-11-10,852,N,VIIRS,l,2,300.99,3.97,D,0
30.55291,76.07526,334.46,0.53,0.67,2020-11-10,852,N,VIIRS,n,2,301.67,3.43,D,0
30.55674,75.79276,344.47,0.51,0.66,2020-11-10,852,N,VIIRS,n,2,302.09,6.42,D,0
30.55693,75.46803,355.47,0.49,0.65,2020-11-10,852,N,VIIRS,n,2,306.36,14,D,0
30.55724,75.47328,349.24,0.49,0.65,2020-11-10,852,N,VIIRS,n,2,301.32,14,D,0
30.55789,75.14412,347.52,0.47,0.64,2020-11-10,852,N,VIIRS,n,2,298.19,4.07,D,0
30.55795,75.03861,330.1,0.46,0.64,2020-11-10,852,N,VIIRS,n,2,297.06,2.6,D,0
30.56013,75.31603,367,0.48,0.65,2020-11-10,852,N,VIIRS,h,2,303.39,15.74,D,0
30.56087,75.43085,332.32,0.49,0.65,2020-11-10,852,N,VIIRS,n,2,298.84,2.83,D,0
30.56276,75.25912,347.92,0.48,0.64,2020-11-10,852,N,VIIRS,n,2,301.04,4.96,D,0
30.56315,75.16715,367,0.47,0.64,2020-11-10,852,N,VIIRS,h,2,301.52,17.61,D,0
30.56501,75.16387,367,0.47,0.64,2020-11-10,852,N,VIIRS,h,2,299.1,14.91,D,0
30.5652,75.50455,345.15,0.49,0.65,2020-11-10,852,N,VIIRS,n,2,299.79,2.7,D,0
30.56529,75.16894,331.16,0.47,0.64,2020-11-10,852,N,VIIRS,n,2,296.59,12.91,D,0
30.56674,75.53111,367,0.5,0.65,2020-11-10,852,N,VIIRS,h,2,299.72,6.58,D,0
30.56987,75.0377,334.81,0.46,0.64,2020-11-10,852,N,VIIRS,n,2,296.48,2,D,0
30.571,75.49884,330.37,0.49,0.65,2020-11-10,852,N,VIIRS,n,2,299.13,3.26,D,0
30.57131,75.50414,331.23,0.49,0.65,2020-11-10,852,N,VIIRS,n,2,299.92,3.26,D,0
30.57187,75.07254,367,0.47,0.64,2020-11-10,852,N,VIIRS,h,2,301.11,13.37,D,0
30.57258,75.03079,334.65,0.46,0.64,2020-11-10,852,N,VIIRS,n,2,296.93,2.53,D,0
30.57328,75.20403,349.16,0.47,0.64,2020-11-10,852,N,VIIRS,n,2,301.91,10,D,0
30.5738,75.34101,342.26,0.48,0.65,2020-11-10,852,N,VIIRS,n,2,300.92,5.34,D,0
30.5746,75.33794,344.84,0.48,0.65,2020-11-10,852,N,VIIRS,n,2,301,7.16,D,0
30.57473,75.56266,341.27,0.5,0.66,2020-11-10,852,N,VIIRS,n,2,298.84,9.31,D,0
30.57479,75.06558,337.54,0.46,0.64,2020-11-10,852,N,VIIRS,n,2,296.94,6.51,D,0
30.57488,75.34312,332.06,0.48,0.65,2020-11-10,852,N,VIIRS,n,2,299.09,6.65,D,0
30.57512,75.07057,334.23,0.47,0.64,2020-11-10,852,N,VIIRS,n,2,296.44,6.51,D,0
30.57525,75.02734,332.31,0.46,0.64,2020-11-10,852,N,VIIRS,n,2,296.17,4.62,D,0
30.57543,75.07555,367,0.47,0.64,2020-11-10,852,N,VIIRS,h,2,301.76,17.29,D,0
30.57591,75.91435,351.25,0.52,0.67,2020-11-10,852,N,VIIRS,n,2,302.14,8.36,D,0
30.57737,75.20177,367,0.47,0.64,2020-11-10,852,N,VIIRS,h,2,302.22,7.71,D,0
30.57765,75.11053,333.87,0.47,0.64,2020-11-10,852,N,VIIRS,n,2,297.82,2.03,D,0
30.57784,75.07209,332.4,0.47,0.64,2020-11-10,852,N,VIIRS,n,2,295.95,4.12,D,0
30.57786,75.17815,350.16,0.47,0.64,2020-11-10,852,N,VIIRS,n,2,298.52,5.78,D,0
30.57816,75.84133,339.13,0.52,0.67,2020-11-10,852,N,VIIRS,n,2,301.24,3.43,D,0
30.57829,75.31476,330.18,0.48,0.65,2020-11-10,852,N,VIIRS,n,2,298.33,1.23,D,0
30.57927,75.97633,343.53,0.53,0.67,2020-11-10,852,N,VIIRS,n,2,298.66,3.18,D,0
30.57985,75.10715,339.63,0.47,0.64,2020-11-10,852,N,VIIRS,n,2,297.37,7.56,D,0
30.57986,75.21375,367,0.47,0.64,2020-11-10,852,N,VIIRS,h,2,304.02,17.51,D,0
30.57986,75.34059,348.16,0.48,0.65,2020-11-10,852,N,VIIRS,n,2,299.08,5.34,D,0
30.58013,75.11217,367,0.47,0.64,2020-11-10,852,N,VIIRS,h,2,299.93,7.56,D,0
30.58144,75.36652,354.54,0.48,0.65,2020-11-10,852,N,VIIRS,n,2,299.67,8.92,D,0
30.58176,75.3717,340.74,0.48,0.65,2020-11-10,852,N,VIIRS,n,2,298.68,10.33,D,0
30.58237,75.36866,367,0.49,0.65,2020-11-10,852,N,VIIRS,h,2,302.51,13.84,D,0
30.58256,75.00024,332,0.46,0.64,2020-11-10,852,N,VIIRS,n,2,297.52,7.09,D,0
30.58364,75.11009,367,0.47,0.64,2020-11-10,852,N,VIIRS,h,2,299.74,9.04,D,0
30.58402,75.21153,352.3,0.47,0.64,2020-11-10,852,N,VIIRS,n,2,300.06,17.69,D,0
30.58433,75.21662,353.22,0.47,0.64,2020-11-10,852,N,VIIRS,n,2,299.86,15.85,D,0
30.58525,75.09666,332.11,0.47,0.64,2020-11-10,852,N,VIIRS,n,2,299.04,3.17,D,0
30.58815,75.7108,336.17,0.51,0.66,2020-11-10,852,N,VIIRS,n,2,301.35,2.53,D,0
30.58865,75.09468,337.18,0.47,0.64,2020-11-10,852,N,VIIRS,n,2,299.53,5.75,D,0
30.58899,75.72723,344.51,0.51,0.66,2020-11-10,852,N,VIIRS,n,2,300.91,6.41,D,0
30.59011,75.62891,340.95,0.5,0.66,2020-11-10,852,N,VIIRS,n,2,300.87,6.37,D,0
30.59058,75.72986,335.89,0.51,0.66,2020-11-10,852,N,VIIRS,n,2,300.15,4.36,D,0
30.59094,75.0912,337.19,0.47,0.64,2020-11-10,852,N,VIIRS,n,2,299.33,3.88,D,0
30.5911,75.63164,346.28,0.5,0.66,2020-11-10,852,N,VIIRS,n,2,301.1,12.9,D,0
30.59393,75.68034,335.81,0.51,0.66,2020-11-10,852,N,VIIRS,n,2,300.51,4.2,D,0
30.59428,75.04584,331.26,0.46,0.64,2020-11-10,852,N,VIIRS,n,2,296.9,1.91,D,0
30.59514,75.60692,331.72,0.5,0.66,2020-11-10,852,N,VIIRS,n,2,297.32,4.03,D,0
30.59599,75.6231,367,0.5,0.66,2020-11-10,852,N,VIIRS,h,2,303.73,13.28,D,0
30.59663,75.62048,340.8,0.5,0.66,2020-11-10,852,N,VIIRS,n,2,298.16,12.32,D,0
30.59682,75.88232,367,0.52,0.67,2020-11-10,852,N,VIIRS,h,2,305.81,12.9,D,0
30.59694,75.62585,367,0.5,0.66,2020-11-10,852,N,VIIRS,h,2,301.75,12.9,D,0
30.59741,76.07823,357.09,0.53,0.67,2020-11-10,852,N,VIIRS,n,2,302.49,9.65,D,0
30.59826,75.66636,343.18,0.51,0.66,2020-11-10,852,N,VIIRS,n,2,298.86,3.01,D,0
30.59848,75.01561,337.99,0.46,0.64,2020-11-10,852,N,VIIRS,n,2,296.24,3.97,D,0
30.59878,75.02056,334.17,0.46,0.64,2020-11-10,852,N,VIIRS,n,2,295.95,3.97,D,0
30.59937,75.88471,367,0.52,0.67,2020-11-10,852,N,VIIRS,h,2,304.86,11.7,D,0
30.59984,75.14102,330.18,0.47,0.64,2020-11-10,852,N,VIIRS,n,2,297.82,3.48,D,0
30.6012,75.80647,335.09,0.51,0.66,2020-11-10,852,N,VIIRS,n,2,301.44,3.32,D,0
30.60215,75.62266,367,0.5,0.66,2020-11-10,852,N,VIIRS,h,2,299.75,13.28,D,0
30.60243,75.62805,330.22,0.5,0.66,2020-11-10,852,N,VIIRS,n,2,297.59,11.11,D,0
30.60272,75.63346,330.05,0.5,0.66,2020-11-10,852,N,VIIRS,n,2,297.69,11.11,D,0
30.6031,75.62544,348.74,0.5,0.66,2020-11-10,852,N,VIIRS,n,2,299.97,11.39,D,0
30.60313,75.52576,339.18,0.5,0.65,2020-11-10,852,N,VIIRS,n,2,301.21,3.93,D,0
30.60349,75.52863,348.49,0.5,0.65,2020-11-10,852,N,VIIRS,n,2,302.25,5.75,D,0
30.6045,75.78687,354.2,0.51,0.66,2020-11-10,852,N,VIIRS,n,2,302.57,10.26,D,0
30.60591,75.81457,345.75,0.52,0.66,2020-11-10,852,N,VIIRS,n,2,300.32,5.06,D,0
30.60615,75.78395,350.94,0.51,0.66,2020-11-10,852,N,VIIRS,n,2,302.72,7.06,D,0
30.60773,75.81159,334.77,0.51,0.66,2020-11-10,852,N,VIIRS,n,2,298.97,7.36,D,0
30.60857,75.08486,339.49,0.47,0.64,2020-11-10,852,N,VIIRS,n,2,298.66,4.32,D,0
30.60886,75.08987,336.65,0.47,0.64,2020-11-10,852,N,VIIRS,n,2,298.59,4.32,D,0
30.60936,75.20133,342.16,0.47,0.64,2020-11-10,852,N,VIIRS,n,2,299.54,2.97,D,0
30.61008,76.0232,338.87,0.53,0.67,2020-11-10,852,N,VIIRS,n,2,300.15,4.98,D,0
30.61024,75.21662,343.76,0.48,0.64,2020-11-10,852,N,VIIRS,n,2,298.69,4.51,D,0
30.61068,75.01966,349.49,0.46,0.64,2020-11-10,852,N,VIIRS,n,2,298.24,4.16,D,0
30.61073,75.90952,367,0.52,0.67,2020-11-10,852,N,VIIRS,h,2,304.17,9.28,D,0
30.61153,75.45901,345.21,0.49,0.65,2020-11-10,852,N,VIIRS,n,2,301.06,8.42,D,0
30.61159,75.45595,344.33,0.49,0.65,2020-11-10,852,N,VIIRS,n,2,301.12,5.6,D,0
30.61186,75.46428,340.3,0.49,0.65,2020-11-10,852,N,VIIRS,n,2,301.21,8.27,D,0
30.61189,75.46123,346.18,0.49,0.65,2020-11-10,852,N,VIIRS,n,2,301.62,5.6,D,0
30.61218,75.46652,339.19,0.49,0.65,2020-11-10,852,N,VIIRS,n,2,301.26,5.91,D,0
30.61276,75.05442,331.71,0.46,0.64,2020-11-10,852,N,VIIRS,n,2,296.83,4.89,D,0
30.61314,75.90631,367,0.52,0.67,2020-11-10,852,N,VIIRS,h,2,303.03,12.67,D,0
30.61345,75.91193,347.25,0.52,0.67,2020-11-10,852,N,VIIRS,n,2,301.06,15.97,D,0
30.61418,75.39255,338.98,0.49,0.65,2020-11-10,852,N,VIIRS,n,2,299.58,4.29,D,0
30.61448,75.39779,338.35,0.49,0.65,2020-11-10,852,N,VIIRS,n,2,300.55,4.29,D,0
30.61471,75.8643,345.63,0.52,0.67,2020-11-10,852,N,VIIRS,n,2,302.56,5.83,D,0
30.61525,75.30386,336.51,0.48,0.65,2020-11-10,852,N,VIIRS,n,2,298.9,2.99,D,0
30.61604,76.07131,350.58,0.53,0.67,2020-11-10,852,N,VIIRS,n,2,301.27,7.64,D,0
30.61626,75.21618,345.38,0.48,0.64,2020-11-10,852,N,VIIRS,n,2,297.86,4.51,D,0
30.61682,75.43974,355.5,0.49,0.65,2020-11-10,852,N,VIIRS,n,2,300.24,7.76,D,0
30.61699,75.90908,350.53,0.52,0.67,2020-11-10,852,N,VIIRS,n,2,301.1,9.28,D,0
30.61742,75.56223,342.52,0.5,0.66,2020-11-10,852,N,VIIRS,n,2,300.3,5.49,D,0
30.61769,75.55981,338.72,0.5,0.66,2020-11-10,852,N,VIIRS,n,2,300.43,6.22,D,0
30.61864,76.06864,350.6,0.53,0.67,2020-11-10,852,N,VIIRS,n,2,301.3,5.34,D,0
30.6202,75.18013,331.74,0.47,0.64,2020-11-10,852,N,VIIRS,n,2,298.68,2.62,D,0
30.62071,75.29311,330.22,0.48,0.65,2020-11-10,852,N,VIIRS,n,2,299.39,3.75,D,0
30.62179,75.64304,341.1,0.5,0.66,2020-11-10,852,N,VIIRS,n,2,299.2,3.54,D,0
30.62201,75.10905,367,0.47,0.64,2020-11-10,852,N,VIIRS,h,2,301.31,11.3,D,0
30.62261,75.1191,335.64,0.47,0.64,2020-11-10,852,N,VIIRS,n,2,298.25,13.4,D,0
30.62291,75.12413,337.28,0.47,0.64,2020-11-10,852,N,VIIRS,n,2,297.47,8.92,D,0
30.62356,75.56181,348.25,0.5,0.66,2020-11-10,852,N,VIIRS,n,2,299.17,5.49,D,0
30.62621,75.1797,336.41,0.47,0.64,2020-11-10,852,N,VIIRS,n,2,298.16,2.62,D,0
30.62753,75.41262,344.83,0.49,0.65,2020-11-10,852,N,VIIRS,n,2,299.37,5.51,D,0
30.62914,75.33401,356.38,0.48,0.65,2020-11-10,852,N,VIIRS,n,2,301.82,9.99,D,0
30.6297,75.5614,355.79,0.5,0.66,2020-11-10,852,N,VIIRS,n,2,299.97,8.23,D,0
30.63023,75.80176,330.91,0.51,0.66,2020-11-10,852,N,VIIRS,n,2,297.82,2.16,D,0
30.6304,75.25111,367,0.48,0.64,2020-11-10,852,N,VIIRS,h,2,301.76,6.84,D,0
30.63081,75.81287,336.28,0.52,0.66,2020-11-10,852,N,VIIRS,n,2,299.14,2.83,D,0
30.63295,75.81554,333.71,0.52,0.66,2020-11-10,852,N,VIIRS,n,2,298.4,2.89,D,0
30.63648,75.6856,335.19,0.51,0.66,2020-11-10,852,N,VIIRS,n,2,297.87,3.89,D,0
30.63824,75.28151,344.36,0.48,0.65,2020-11-10,852,N,VIIRS,n,2,301.85,4.76,D,0
30.63845,75.08267,367,0.47,0.64,2020-11-10,852,N,VIIRS,h,2,302.27,9.88,D,0
30.64088,75.12281,367,0.47,0.64,2020-11-10,852,N,VIIRS,h,2,302.84,13.87,D,0
30.64179,75.13792,345.48,0.47,0.64,2020-11-10,852,N,VIIRS,n,2,300.89,6.36,D,0
30.6421,75.14296,336.53,0.47,0.64,2020-11-10,852,N,VIIRS,n,2,299.17,8.04,D,0
30.6424,75.14799,337.13,0.47,0.64,2020-11-10,852,N,VIIRS,n,2,297.89,8.04,D,0
30.64272,75.98367,337.47,0.53,0.67,2020-11-10,852,N,VIIRS,n,2,302.28,3.95,D,0
30.64307,75.36433,341.69,0.49,0.65,2020-11-10,852,N,VIIRS,n,2,300.81,3.25,D,0
30.64472,75.08725,331.41,0.47,0.64,2020-11-10,852,N,VIIRS,n,2,297.23,9.88,D,0
30.6452,75.29653,352.7,0.48,0.65,2020-11-10,852,N,VIIRS,n,2,302.72,7.26,D,0
30.64692,75.53879,331.22,0.5,0.66,2020-11-10,852,N,VIIRS,n,2,298.92,3.48,D,0
30.64728,75.22934,367,0.48,0.64,2020-11-10,852,N,VIIRS,h,2,302.77,11.7,D,0
30.6484,75.14757,367,0.47,0.64,2020-11-10,852,N,VIIRS,h,2,298.78,8.04,D,0
30.6487,75.15262,349.05,0.47,0.64,2020-11-10,852,N,VIIRS,n,2,297.2,14.37,D,0
30.65085,75.1881,346.04,0.47,0.64,2020-11-10,852,N,VIIRS,n,2,299.63,4.21,D,0
30.65116,75.19318,331.87,0.47,0.64,2020-11-10,852,N,VIIRS,n,2,299.88,6.51,D,0
30.65153,75.51169,339.05,0.49,0.65,2020-11-10,852,N,VIIRS,n,2,299.52,2.17,D,0
30.65226,76.10696,367,0.54,0.68,2020-11-10,852,N,VIIRS,h,2,303.55,14.04,D,0
30.65296,75.02649,334.39,0.46,0.64,2020-11-10,852,N,VIIRS,n,2,296.93,4.75,D,0
30.65365,75.54903,343.35,0.5,0.66,2020-11-10,852,N,VIIRS,n,2,299.8,6.97,D,0
30.6542,75.0464,331.67,0.46,0.64,2020-11-10,852,N,VIIRS,n,2,298.33,3.33,D,0
30.6544,75.14716,367,0.47,0.64,2020-11-10,852,N,VIIRS,h,2,300.76,8.78,D,0
30.65471,75.15219,354.34,0.47,0.64,2020-11-10,852,N,VIIRS,n,2,299.23,12.8,D,0
30.65483,75.9122,349.56,0.52,0.67,2020-11-10,852,N,VIIRS,n,2,302.57,6.99,D,0
30.65485,75.01721,367,0.46,0.64,2020-11-10,852,N,VIIRS,h,2,302.15,10.03,D,0
30.65546,75.26478,330.17,0.48,0.65,2020-11-10,852,N,VIIRS,n,2,298.75,3.03,D,0
30.65819,75.6297,345.14,0.5,0.66,2020-11-10,852,N,VIIRS,n,2,299.13,5.99,D,0
30.6583,75.01613,367,0.46,0.64,2020-11-10,852,N,VIIRS,h,2,301.67,8.56,D,0
30.66039,75.14671,340.53,0.47,0.64,2020-11-10,852,N,VIIRS,n,2,298.51,8.78,D,0
30.66101,75.15681,338.39,0.47,0.64,2020-11-10,852,N,VIIRS,n,2,297.66,12.8,D,0
30.66134,75.79974,331.54,0.51,0.66,2020-11-10,852,N,VIIRS,n,2,299.11,4.18,D,0
30.66211,75.14759,336.52,0.47,0.64,2020-11-10,852,N,VIIRS,n,2,298.28,3.88,D,0
30.66256,75.18215,334.95,0.47,0.64,2020-11-10,852,N,VIIRS,n,2,300.1,2.83,D,0
30.66408,75.51616,367,0.5,0.65,2020-11-10,852,N,VIIRS,h,2,304.98,14.09,D,0
30.66644,75.05048,333.07,0.46,0.64,2020-11-10,852,N,VIIRS,n,2,298.01,2.48,D,0
30.66713,75.23927,335.6,0.48,0.64,2020-11-10,852,N,VIIRS,n,2,298.13,2.06,D,0
30.66783,75.14208,331.25,0.47,0.64,2020-11-10,852,N,VIIRS,n,2,299.98,3.88,D,0
30.66795,75.17157,342.26,0.47,0.64,2020-11-10,852,N,VIIRS,n,2,301.72,4.72,D,0
30.66926,75.00042,367,0.46,0.64,2020-11-10,852,N,VIIRS,h,2,302.76,14.06,D,0
30.67076,75.2174,335.38,0.48,0.64,2020-11-10,852,N,VIIRS,n,2,301.26,4.56,D,0
30.67084,75.02522,351.84,0.46,0.64,2020-11-10,852,N,VIIRS,n,2,302.2,6.55,D,0
30.67187,75.00099,346.7,0.46,0.64,2020-11-10,852,N,VIIRS,n,2,298.5,10.96,D,0
30.67204,75.21839,367,0.48,0.64,2020-11-10,852,N,VIIRS,h,2,303.77,9.88,D,0
30.67266,75.66679,337.14,0.51,0.66,2020-11-10,852,N,VIIRS,n,2,300.26,3.66,D,0
30.67301,75.89972,339.31,0.52,0.67,2020-11-10,852,N,VIIRS,n,2,302.03,5.28,D,0
30.67329,75.02583,352.62,0.46,0.64,2020-11-10,852,N,VIIRS,n,2,301.85,7.78,D,0
30.67572,75.72137,342.52,0.51,0.66,2020-11-10,852,N,VIIRS,n,2,299.34,5.01,D,0
30.67678,75.21696,351.14,0.48,0.64,2020-11-10,852,N,VIIRS,n,2,300.49,4.56,D,0
30.67898,75.25279,332.75,0.48,0.65,2020-11-10,852,N,VIIRS,n,2,299.05,2.51,D,0
30.67982,75.367,341.39,0.49,0.65,2020-11-10,852,N,VIIRS,n,2,302,5.19,D,0
30.68001,75.79849,330.88,0.51,0.66,2020-11-10,852,N,VIIRS,n,2,298.9,3.23,D,0
30.68018,75.36821,334.3,0.49,0.65,2020-11-10,852,N,VIIRS,n,2,301.1,3.47,D,0
30.68303,75.53774,336.65,0.5,0.66,2020-11-10,852,N,VIIRS,n,2,301.94,4.41,D,0
30.68326,75.42456,356.38,0.49,0.65,2020-11-10,852,N,VIIRS,n,2,300.7,8.19,D,0
30.68327,75.42589,367,0.49,0.65,2020-11-10,852,N,VIIRS,h,2,302.05,11.84,D,0
30.68407,75.13995,330.33,0.47,0.64,2020-11-10,852,N,VIIRS,n,2,299.57,2.26,D,0
30.68596,75.26781,354.27,0.48,0.65,2020-11-10,852,N,VIIRS,n,2,299.84,4.84,D,0
30.68693,75.26878,349.19,0.48,0.65,2020-11-10,852,N,VIIRS,n,2,298.79,5.48,D,0
30.69006,75.32567,330.11,0.48,0.65,2020-11-10,852,N,VIIRS,n,2,298.28,1.75,D,0
30.69478,75.11895,345.53,0.47,0.64,2020-11-10,852,N,VIIRS,n,2,299.16,5.12,D,0
30.6951,75.12399,340.29,0.47,0.64,2020-11-10,852,N,VIIRS,n,2,299.37,5.12,D,0
30.69521,75.09446,337.08,0.47,0.64,2020-11-10,852,N,VIIRS,n,2,298.73,4.38,D,0
30.69586,75.54758,336.12,0.5,0.66,2020-11-10,852,N,VIIRS,n,2,298.77,6.75,D,0
30.6966,76.35218,337.76,0.56,0.68,2020-11-10,852,N,VIIRS,n,2,300.32,4.5,D,0
30.69666,75.11966,367,0.47,0.64,2020-11-10,852,N,VIIRS,h,2,299.98,11.82,D,0
30.69708,75.25156,335.8,0.48,0.65,2020-11-10,852,N,VIIRS,n,2,299.82,2.83,D,0
30.69815,75.25248,341.04,0.48,0.65,2020-11-10,852,N,VIIRS,n,2,299.31,4.22,D,0
30.70086,75.52574,343.21,0.5,0.66,2020-11-10,852,N,VIIRS,n,2,300.45,4.71,D,0
30.70115,75.53108,335.54,0.5,0.66,2020-11-10,852,N,VIIRS,n,2,300.35,4.71,D,0
30.70179,75.52969,353.26,0.5,0.66,2020-11-10,852,N,VIIRS,n,2,302.13,8.59,D,0
30.70215,75.23576,334.61,0.48,0.64,2020-11-10,852,N,VIIRS,n,2,299.5,2.42,D,0
30.70314,75.56862,337.42,0.5,0.66,2020-11-10,852,N,VIIRS,n,2,299.42,3.06,D,0
30.70337,75.55643,335.63,0.5,0.66,2020-11-10,852,N,VIIRS,n,2,298.96,2.78,D,0
30.70412,76.12691,342.12,0.54,0.68,2020-11-10,852,N,VIIRS,n,2,301.34,7.31,D,0
30.70459,75.79132,338.7,0.51,0.66,2020-11-10,852,N,VIIRS,n,2,298.25,3.12,D,0
30.70615,75.18005,330.23,0.47,0.64,2020-11-10,852,N,VIIRS,l,2,300.47,2.99,D,0
30.7089,75.34406,335.58,0.48,0.65,2020-11-10,852,N,VIIRS,n,2,299.51,5.18,D,0
30.70911,75.33994,336.78,0.48,0.65,2020-11-10,852,N,VIIRS,n,2,299.92,2.61,D,0
30.71111,75.58282,330.45,0.5,0.66,2020-11-10,852,N,VIIRS,n,2,299.1,2.47,D,0
30.71184,76.27362,367,0.55,0.68,2020-11-10,852,N,VIIRS,h,2,301.14,8.22,D,0
30.72164,76.33869,367,0.55,0.68,2020-11-10,852,N,VIIRS,h,2,302.13,13.13,D,0
30.72211,76.33526,349.97,0.55,0.68,2020-11-10,852,N,VIIRS,n,2,300.64,8.87,D,0
30.72239,76.34123,335.72,0.56,0.68,2020-11-10,852,N,VIIRS,n,2,299.28,10.56,D,0
30.723,75.95508,341.4,0.53,0.67,2020-11-10,852,N,VIIRS,n,2,300.46,4.37,D,0
30.72437,75.28682,338.77,0.48,0.65,2020-11-10,852,N,VIIRS,n,2,297.66,2.51,D,0
30.72626,75.21444,330.5,0.48,0.64,2020-11-10,852,N,VIIRS,n,2,297.95,1.19,D,0
30.7302,75.1783,367,0.47,0.64,2020-11-10,852,N,VIIRS,h,2,301.42,11.63,D,0
30.73042,75.28639,345.71,0.48,0.65,2020-11-10,852,N,VIIRS,n,2,298.44,8.51,D,0
30.73071,75.29156,349.34,0.48,0.65,2020-11-10,852,N,VIIRS,n,2,298.15,11.75,D,0
30.73173,75.82859,332.71,0.52,0.67,2020-11-10,852,N,VIIRS,n,2,297.69,3.27,D,0
30.73204,75.83416,331.03,0.52,0.67,2020-11-10,852,N,VIIRS,n,2,297.36,3.27,D,0
30.73387,75.5665,354.38,0.5,0.66,2020-11-10,852,N,VIIRS,n,2,301.19,7.16,D,0
30.73397,75.34865,334.87,0.49,0.65,2020-11-10,852,N,VIIRS,n,2,300.68,3.24,D,0
30.73547,75.83002,341.78,0.52,0.67,2020-11-10,852,N,VIIRS,n,2,298.64,4.48,D,0
30.73587,75.27563,334.3,0.48,0.65,2020-11-10,852,N,VIIRS,n,2,298.2,4.85,D,0
30.73766,75.30666,333.01,0.48,0.65,2020-11-10,852,N,VIIRS,n,2,298.52,3.74,D,0
30.73784,75.41676,335.24,0.49,0.65,2020-11-10,852,N,VIIRS,n,2,299.13,4.44,D,0
30.74438,75.53352,346.73,0.5,0.66,2020-11-10,852,N,VIIRS,n,2,300.97,6.3,D,0
30.74494,75.22336,367,0.48,0.64,2020-11-10,852,N,VIIRS,h,2,301.05,8.22,D,0
30.74524,75.22849,336.82,0.48,0.64,2020-11-10,852,N,VIIRS,n,2,298.63,9.86,D,0
30.74632,75.04547,340.2,0.47,0.64,2020-11-10,852,N,VIIRS,n,2,298.84,3.43,D,0
30.7532,75.58139,367,0.5,0.66,2020-11-10,852,N,VIIRS,h,2,300.1,7.05,D,0
30.75579,75.00472,344.16,0.46,0.64,2020-11-10,852,N,VIIRS,n,2,296.28,4.26,D,0
30.75639,75.21227,342.6,0.48,0.64,2020-11-10,852,N,VIIRS,n,2,299.6,4.64,D,0
30.75821,76.02719,331.02,0.53,0.67,2020-11-10,852,N,VIIRS,n,2,299.32,2.59,D,0
30.75915,75.46828,341.91,0.49,0.65,2020-11-10,852,N,VIIRS,n,2,299.2,5.36,D,0
30.75978,75.7009,331.1,0.51,0.66,2020-11-10,852,N,VIIRS,n,2,298.86,2.81,D,0
30.76118,75.19143,334.29,0.47,0.64,2020-11-10,852,N,VIIRS,n,2,297.66,3.01,D,0
30.76188,75.30496,330.93,0.48,0.65,2020-11-10,852,N,VIIRS,n,2,297.55,3.46,D,0
30.76219,75.31013,341.03,0.48,0.65,2020-11-10,852,N,VIIRS,n,2,298.67,6.39,D,0
30.7625,75.31532,353.08,0.48,0.65,2020-11-10,852,N,VIIRS,n,2,299.06,6.39,D,0
30.76403,75.34133,350.63,0.48,0.65,2020-11-10,852,N,VIIRS,n,2,299.36,6.19,D,0
30.76751,75.19612,330.59,0.48,0.64,2020-11-10,852,N,VIIRS,n,2,298.49,6.15,D,0
30.77009,75.3409,353.51,0.48,0.65,2020-11-10,852,N,VIIRS,n,2,298.33,7.34,D,0
30.77045,75.45157,340.98,0.49,0.65,2020-11-10,852,N,VIIRS,n,2,300.15,4.29,D,0
30.7726,75.18037,335.17,0.47,0.64,2020-11-10,852,N,VIIRS,n,2,298.94,5.79,D,0
30.77483,75.18254,367,0.47,0.64,2020-11-10,852,N,VIIRS,h,2,301.38,15.83,D,0
30.77647,75.0483,336.13,0.47,0.64,2020-11-10,852,N,VIIRS,n,2,299.69,2.7,D,0
30.77671,75.78269,335.7,0.51,0.66,2020-11-10,852,N,VIIRS,n,2,298.32,3.16,D,0
30.77781,75.57974,335.87,0.5,0.66,2020-11-10,852,N,VIIRS,n,2,296.78,7.55,D,0
30.77861,75.17995,367,0.47,0.64,2020-11-10,852,N,VIIRS,h,2,300.27,5.79,D,0
30.78337,75.15921,333.65,0.47,0.64,2020-11-10,852,N,VIIRS,n,2,297.97,2.69,D,0
30.78366,75.57394,334.58,0.5,0.66,2020-11-10,852,N,VIIRS,n,2,300.61,3.84,D,0
30.78559,75.09808,367,0.47,0.64,2020-11-10,852,N,VIIRS,h,2,302.87,11.32,D,0
30.78612,75.61713,357.01,0.5,0.66,2020-11-10,852,N,VIIRS,n,2,299.89,8.12,D,0
30.78643,75.62255,337.87,0.5,0.66,2020-11-10,852,N,VIIRS,n,2,297.92,8.12,D,0
30.7866,75.51745,343.4,0.5,0.66,2020-11-10,852,N,VIIRS,n,2,300.97,3.82,D,0
30.7867,75.51989,347.85,0.5,0.66,2020-11-10,852,N,VIIRS,n,2,300.26,6.32,D,0
30.78691,75.41869,346.55,0.49,0.65,2020-11-10,852,N,VIIRS,n,2,301.98,7.27,D,0
30.78733,75.30048,331.77,0.48,0.65,2020-11-10,852,N,VIIRS,n,2,297.28,5.81,D,0
30.78742,75.41605,367,0.49,0.65,2020-11-10,852,N,VIIRS,h,2,303.94,13.33,D,0
30.78747,75.08491,339.33,0.47,0.64,2020-11-10,852,N,VIIRS,n,2,300.74,9.95,D,0
30.78753,75.42921,345.68,0.49,0.65,2020-11-10,852,N,VIIRS,n,2,301.65,8.91,D,0
30.78777,75.23067,367,0.48,0.64,2020-11-10,852,N,VIIRS,h,2,302.45,14.83,D,0
30.78804,75.09502,367,0.47,0.64,2020-11-10,852,N,VIIRS,h,2,302.34,8,D,0
30.78833,75.10006,336.59,0.47,0.64,2020-11-10,852,N,VIIRS,n,2,299.5,8,D,0
30.78942,75.22781,367,0.48,0.65,2020-11-10,852,N,VIIRS,h,2,302.78,14.65,D,0
30.78966,75.26151,344.87,0.48,0.65,2020-11-10,852,N,VIIRS,n,2,299.98,8.08,D,0
30.78975,75.12532,350.01,0.47,0.64,2020-11-10,852,N,VIIRS,n,2,300.36,6.1,D,0
30.79095,75.08755,347.7,0.47,0.64,2020-11-10,852,N,VIIRS,n,2,301.28,4.98,D,0
30.79112,75.25867,367,0.48,0.65,2020-11-10,852,N,VIIRS,h,2,301.14,8.08,D,0
30.79126,75.09261,333.01,0.47,0.64,2020-11-10,852,N,VIIRS,n,2,299.51,5.31,D,0
30.7914,75.26382,338.18,0.48,0.65,2020-11-10,852,N,VIIRS,n,2,298.7,8.08,D,0
30.79158,75.09764,345.58,0.47,0.64,2020-11-10,852,N,VIIRS,n,2,300.37,5.31,D,0
30.79187,75.61982,330.48,0.5,0.66,2020-11-10,852,N,VIIRS,n,2,297.88,3.89,D,0
30.79217,75.30283,345.1,0.48,0.65,2020-11-10,852,N,VIIRS,n,2,297.64,4.14,D,0
30.79301,75.41826,335.14,0.49,0.65,2020-11-10,852,N,VIIRS,n,2,300.46,7.27,D,0
30.79403,75.09457,355.66,0.47,0.64,2020-11-10,852,N,VIIRS,n,2,301.74,8,D,0
30.79407,75.33405,341.7,0.48,0.65,2020-11-10,852,N,VIIRS,n,2,297.92,3.64,D,0
30.79537,75.33649,346.55,0.49,0.65,2020-11-10,852,N,VIIRS,n,2,298.37,5.41,D,0
30.7957,75.2611,367,0.48,0.65,2020-11-10,852,N,VIIRS,h,2,299.64,8.08,D,0
30.79661,75.14005,331.34,0.47,0.64,2020-11-10,852,N,VIIRS,n,2,298.62,3.38,D,0
30.79678,75.36263,332.95,0.49,0.65,2020-11-10,852,N,VIIRS,n,2,298.54,3.06,D,0
30.80077,75.34405,330.75,0.49,0.65,2020-11-10,852,N,VIIRS,n,2,298.5,6.71,D,0
30.80302,75.28136,336.53,0.48,0.65,2020-11-10,852,N,VIIRS,n,2,297.75,4.1,D,0
30.80415,75.50014,336.25,0.5,0.65,2020-11-10,852,N,VIIRS,n,2,301.83,7.28,D,0
30.80415,75.50267,367,0.5,0.65,2020-11-10,852,N,VIIRS,h,2,305.61,9.37,D,0
30.80435,75.27848,339.95,0.48,0.65,2020-11-10,852,N,VIIRS,n,2,297.05,5.78,D,0
30.80443,75.50549,357.15,0.5,0.66,2020-11-10,852,N,VIIRS,n,2,301.98,7.28,D,0
30.80875,75.27577,330.32,0.48,0.65,2020-11-10,852,N,VIIRS,n,2,296.78,4.1,D,0
30.80966,75.05297,367,0.47,0.64,2020-11-10,852,N,VIIRS,h,2,307.63,19.38,D,0
30.81012,75.27287,341.19,0.48,0.65,2020-11-10,852,N,VIIRS,n,2,297.08,2.79,D,0
30.81226,75.43287,367,0.49,0.65,2020-11-10,852,N,VIIRS,h,2,302.54,12.26,D,0
30.8125,75.5397,335.03,0.5,0.66,2020-11-10,852,N,VIIRS,n,2,300.29,3.92,D,0
30.81296,75.43548,367,0.49,0.65,2020-11-10,852,N,VIIRS,h,2,301.47,11.22,D,0
30.81316,75.1134,333.57,0.47,0.64,2020-11-10,852,N,VIIRS,n,2,299.02,5.56,D,0
30.81374,75.12353,335.42,0.47,0.64,2020-11-10,852,N,VIIRS,n,2,299.32,3.75,D,0
30.81374,75.77487,330.7,0.51,0.66,2020-11-10,852,N,VIIRS,n,2,297.84,1.9,D,0
30.81597,75.60728,348.43,0.5,0.66,2020-11-10,852,N,VIIRS,n,2,301.73,6.31,D,0
30.81663,75.60973,335.03,0.5,0.66,2020-11-10,852,N,VIIRS,n,2,299.35,7.75,D,0
30.82111,75.82787,334.28,0.52,0.67,2020-11-10,852,N,VIIRS,n,2,297.37,4.87,D,0
30.82312,75.83001,340.11,0.52,0.67,2020-11-10,852,N,VIIRS,n,2,297.71,3.82,D,0
30.82367,75.08728,333.34,0.47,0.64,2020-11-10,852,N,VIIRS,n,2,301.29,6.59,D,0
30.82397,75.09233,367,0.47,0.64,2020-11-10,852,N,VIIRS,h,2,303.37,12.27,D,0
30.82426,75.53097,343.72,0.5,0.66,2020-11-10,852,N,VIIRS,n,2,302.68,6.76,D,0
30.82446,75.53355,344.91,0.5,0.66,2020-11-10,852,N,VIIRS,n,2,301.55,5.5,D,0
30.83003,75.3027,341.34,0.48,0.65,2020-11-10,852,N,VIIRS,n,2,297.88,5.46,D,0
30.83032,75.30789,353.77,0.48,0.65,2020-11-10,852,N,VIIRS,n,2,298.79,10.11,D,0
30.8304,75.53055,346,0.5,0.66,2020-11-10,852,N,VIIRS,n,2,299.28,6.76,D,0
30.83323,75.14761,340.41,0.47,0.64,2020-11-10,852,N,VIIRS,n,2,299,3.55,D,0
30.8362,75.19869,346.4,0.48,0.64,2020-11-10,852,N,VIIRS,n,2,304.1,30.91,D,0
30.8365,75.20381,367,0.48,0.64,2020-11-10,852,N,VIIRS,h,2,304.23,41.51,D,0
30.83655,75.10159,337.71,0.47,0.64,2020-11-10,852,N,VIIRS,n,2,300.25,4.95,D,0
30.84297,75.53508,335.41,0.5,0.66,2020-11-10,852,N,VIIRS,n,2,298.54,3.09,D,0
30.84555,76.00463,337.64,0.53,0.67,2020-11-10,852,N,VIIRS,n,2,301.35,4.29,D,0
30.84612,75.06049,335.81,0.47,0.64,2020-11-10,852,N,VIIRS,n,2,295.08,6.36,D,0
30.84641,75.0655,356.96,0.47,0.64,2020-11-10,852,N,VIIRS,n,2,293.78,6.36,D,0
30.84821,75.30139,352.59,0.48,0.65,2020-11-10,852,N,VIIRS,n,2,299.6,10.12,D,0
30.8515,75.35876,351.89,0.49,0.65,2020-11-10,852,N,VIIRS,n,2,303.53,27.4,D,0
30.8518,75.36401,367,0.49,0.65,2020-11-10,852,N,VIIRS,h,2,305.57,27.4,D,0
30.85384,75.62105,344.06,0.5,0.66,2020-11-10,852,N,VIIRS,n,2,298.8,5.13,D,0
30.85756,75.15099,343.84,0.47,0.64,2020-11-10,852,N,VIIRS,n,2,299.23,4.72,D,0
30.85942,75.285,335.37,0.48,0.65,2020-11-10,852,N,VIIRS,n,2,297.88,3.6,D,0
30.86306,75.34747,341.16,0.49,0.65,2020-11-10,852,N,VIIRS,n,2,299.26,4.18,D,0
30.86353,76.33287,337.72,0.56,0.68,2020-11-10,852,N,VIIRS,n,2,300.41,4.88,D,0
30.8648,75.17095,354.72,0.47,0.64,2020-11-10,852,N,VIIRS,n,2,300.74,8,D,0
30.86481,76.33078,338.97,0.56,0.68,2020-11-10,852,N,VIIRS,n,2,300.46,4.2,D,0
30.86542,76.24904,367,0.55,0.68,2020-11-10,852,N,VIIRS,h,2,302.01,11.36,D,0
30.86548,75.28456,331.06,0.48,0.65,2020-11-10,852,N,VIIRS,n,2,296.77,3.6,D,0
30.86589,75.08941,345.61,0.47,0.64,2020-11-10,852,N,VIIRS,n,2,299.5,6.15,D,0
30.86602,75.1914,345.56,0.48,0.64,2020-11-10,852,N,VIIRS,n,2,299.02,9.7,D,0
30.86712,75.1096,331.57,0.47,0.64,2020-11-10,852,N,VIIRS,n,2,296.78,4.75,D,0
30.8672,76.24689,367,0.55,0.68,2020-11-10,852,N,VIIRS,h,2,301.43,9.34,D,0
30.86743,75.11465,367,0.47,0.64,2020-11-10,852,N,VIIRS,h,2,299.45,4.75,D,0
30.86786,75.22223,334.84,0.48,0.65,2020-11-10,852,N,VIIRS,n,2,297.96,4.73,D,0
30.86799,75.08792,339.67,0.47,0.64,2020-11-10,852,N,VIIRS,n,2,300.71,3.34,D,0
30.86938,75.1132,353.36,0.47,0.64,2020-11-10,852,N,VIIRS,n,2,299.04,12.41,D,0
30.87236,75.61985,356.15,0.5,0.66,2020-11-10,852,N,VIIRS,n,2,299.94,12.97,D,0
30.87605,75.25785,367,0.48,0.65,2020-11-10,852,N,VIIRS,h,2,299.99,11.95,D,0
30.87666,75.26819,367,0.48,0.65,2020-11-10,852,N,VIIRS,h,2,299.14,15.46,D,0
30.87676,75.47911,343.79,0.49,0.65,2020-11-10,852,N,VIIRS,n,2,302.21,3.35,D,0
30.87697,75.27337,337.2,0.48,0.65,2020-11-10,852,N,VIIRS,n,2,297.7,14.31,D,0
30.87768,75.26691,343.07,0.48,0.65,2020-11-10,852,N,VIIRS,n,2,297.95,8.59,D,0
30.87796,75.2721,356.01,0.48,0.65,2020-11-10,852,N,VIIRS,n,2,299.09,8.59,D,0
30.87962,75.21623,331.82,0.48,0.64,2020-11-10,852,N,VIIRS,n,2,297.91,1.25,D,0
30.8821,75.25743,333.26,0.48,0.65,2020-11-10,852,N,VIIRS,n,2,299.01,1.97,D,0
30.88266,75.36079,335.56,0.49,0.65,2020-11-10,852,N,VIIRS,n,2,299.69,2.66,D,0
30.88314,75.37769,344.89,0.49,0.65,2020-11-10,852,N,VIIRS,n,2,300.93,5.71,D,0
30.88349,75.37659,341.47,0.49,0.65,2020-11-10,852,N,VIIRS,n,2,300.87,3.2,D,0
30.88407,76.32964,331.25,0.56,0.68,2020-11-10,852,N,VIIRS,n,2,296.15,4.32,D,0
30.88531,75.62992,340.41,0.51,0.66,2020-11-10,852,N,VIIRS,n,2,299.73,4.16,D,0
30.89375,75.45555,367,0.49,0.65,2020-11-10,852,N,VIIRS,h,2,304.44,11.98,D,0
30.89389,75.4566,367,0.49,0.65,2020-11-10,852,N,VIIRS,h,2,305.06,11.79,D,0
30.89709,75.20469,332.83,0.48,0.64,2020-11-10,852,N,VIIRS,n,2,298.02,4.7,D,0
30.89858,75.32932,337.92,0.49,0.65,2020-11-10,852,N,VIIRS,n,2,297.24,2.84,D,0
30.8988,75.10088,333.52,0.47,0.64,2020-11-10,852,N,VIIRS,n,2,295.53,2.88,D,0
30.90373,75.41228,342.22,0.49,0.65,2020-11-10,852,N,VIIRS,n,2,299.76,3.67,D,0
30.90501,75.13749,354.27,0.47,0.64,2020-11-10,852,N,VIIRS,n,2,299.91,8,D,0
30.90681,75.13596,345.1,0.47,0.64,2020-11-10,852,N,VIIRS,n,2,298.92,6.11,D,0
30.90822,75.26994,330.18,0.48,0.65,2020-11-10,852,N,VIIRS,n,2,297,4.47,D,0
30.90914,75.30244,330.71,0.48,0.65,2020-11-10,852,N,VIIRS,n,2,298.74,9.94,D,0
30.90946,75.30765,367,0.48,0.65,2020-11-10,852,N,VIIRS,h,2,303.6,9.94,D,0
30.90994,75.30112,340.91,0.48,0.65,2020-11-10,852,N,VIIRS,n,2,299.19,7.06,D,0
30.91022,75.30634,367,0.48,0.65,2020-11-10,852,N,VIIRS,h,2,301.12,12.23,D,0
30.91041,75.3233,337.78,0.48,0.65,2020-11-10,852,N,VIIRS,n,2,297.96,6.8,D,0
30.91051,75.31155,338.71,0.48,0.65,2020-11-10,852,N,VIIRS,n,2,298.2,12.23,D,0
30.91096,76.35256,350.82,0.56,0.69,2020-11-10,852,N,VIIRS,n,2,301.61,8.87,D,0
30.91108,75.32199,345.28,0.49,0.65,2020-11-10,852,N,VIIRS,n,2,298.15,6.53,D,0
30.91137,75.32722,330.07,0.49,0.65,2020-11-10,852,N,VIIRS,n,2,297.19,4.74,D,0
30.91426,75.16101,342.57,0.47,0.64,2020-11-10,852,N,VIIRS,n,2,299.42,8.68,D,0
30.91484,75.17122,349.97,0.48,0.64,2020-11-10,852,N,VIIRS,n,2,301.29,13.88,D,0
30.91487,76.05607,330.09,0.54,0.68,2020-11-10,852,N,VIIRS,n,2,299.05,2.66,D,0
30.91513,75.17634,367,0.48,0.64,2020-11-10,852,N,VIIRS,h,2,306.49,13.88,D,0
30.91562,75.07937,332.61,0.47,0.64,2020-11-10,852,N,VIIRS,n,2,296.6,2.95,D,0
30.91613,75.41785,349.73,0.49,0.65,2020-11-10,852,N,VIIRS,n,2,300.56,10.81,D,0
30.91622,75.41672,337.55,0.49,0.65,2020-11-10,852,N,VIIRS,n,2,299.52,6.13,D,0
30.91651,75.422,351.47,0.49,0.65,2020-11-10,852,N,VIIRS,n,2,299.72,9.56,D,0
30.91708,75.10464,338,0.47,0.64,2020-11-10,852,N,VIIRS,n,2,292.91,3.94,D,0
30.91859,75.23803,333.17,0.48,0.65,2020-11-10,852,N,VIIRS,n,2,298.47,2.17,D,0
30.92086,75.17078,336.24,0.48,0.64,2020-11-10,852,N,VIIRS,n,2,301.56,4.7,D,0
30.92347,75.21696,337.06,0.48,0.65,2020-11-10,852,N,VIIRS,n,2,297.27,2.86,D,0
30.92525,75.35785,367,0.49,0.65,2020-11-10,852,N,VIIRS,h,2,302.25,10.39,D,0
30.92593,75.59914,338.96,0.5,0.66,2020-11-10,852,N,VIIRS,n,2,300.74,6.65,D,0
30.92622,75.60458,346.84,0.5,0.66,2020-11-10,852,N,VIIRS,n,2,299.63,8.78,D,0
30.92695,75.60009,353.14,0.5,0.66,2020-11-10,852,N,VIIRS,n,2,301.73,11.13,D,0
30.92813,75.29989,344.81,0.48,0.65,2020-11-10,852,N,VIIRS,n,2,298.03,8.33,D,0
30.92836,75.52836,367,0.5,0.66,2020-11-10,852,N,VIIRS,h,2,302.29,10.34,D,0
30.92842,75.3051,332.35,0.48,0.65,2020-11-10,852,N,VIIRS,n,2,296.81,12.71,D,0
30.92895,75.5294,367,0.5,0.66,2020-11-10,852,N,VIIRS,h,2,302.38,8.4,D,0
30.92945,75.00771,335.6,0.46,0.64,2020-11-10,852,N,VIIRS,n,2,288.05,2.2,D,0
30.93141,76.21926,339.25,0.55,0.68,2020-11-10,852,N,VIIRS,n,2,300.21,8.89,D,0
30.93215,75.26308,337.18,0.48,0.65,2020-11-10,852,N,VIIRS,n,2,298.17,4.57,D,0
30.9336,75.07806,344.16,0.47,0.64,2020-11-10,852,N,VIIRS,n,2,300.26,5.61,D,0
30.93537,75.10845,353.66,0.47,0.64,2020-11-10,852,N,VIIRS,n,2,296.43,15.46,D,0
30.93567,75.11353,352.33,0.47,0.64,2020-11-10,852,N,VIIRS,n,2,294.49,15.46,D,0
30.9382,75.26266,367,0.48,0.65,2020-11-10,852,N,VIIRS,h,2,299.44,24.56,D,0
30.93833,75.15933,344.08,0.47,0.64,2020-11-10,852,N,VIIRS,n,2,301.73,7.58,D,0
30.93918,75.38863,348.38,0.49,0.65,2020-11-10,852,N,VIIRS,n,2,301.17,7.09,D,0
30.94288,75.03189,336.92,0.47,0.64,2020-11-10,852,N,VIIRS,n,2,298.77,3.8,D,0
30.94318,75.03691,331.43,0.47,0.64,2020-11-10,852,N,VIIRS,n,2,299.02,5.09,D,0
30.94473,75.60334,347.01,0.5,0.66,2020-11-10,852,N,VIIRS,n,2,302.49,8.1,D,0
30.94706,75.64701,335.12,0.51,0.66,2020-11-10,852,N,VIIRS,n,2,300.8,5.64,D,0
30.94796,76.32026,335.17,0.56,0.68,2020-11-10,852,N,VIIRS,n,2,299.14,4.11,D,0
30.9489,76.32,334.86,0.56,0.68,2020-11-10,852,N,VIIRS,n,2,298.59,3.68,D,0
30.94967,75.69644,341.21,0.51,0.66,2020-11-10,852,N,VIIRS,n,2,299.79,9.32,D,0
30.9515,75.28259,339.91,0.48,0.65,2020-11-10,852,N,VIIRS,n,2,297.6,8.35,D,0
30.95186,75.18404,367,0.48,0.64,2020-11-10,852,N,VIIRS,h,2,301.73,10.45,D,0
30.95187,75.08185,336.63,0.47,0.64,2020-11-10,852,N,VIIRS,n,2,300.19,7.04,D,0
30.95205,75.51066,338,0.5,0.66,2020-11-10,852,N,VIIRS,n,2,298.54,8.69,D,0
30.95216,75.18917,331.15,0.48,0.64,2020-11-10,852,N,VIIRS,n,2,299.69,10.15,D,0
30.95217,75.08691,367,0.47,0.64,2020-11-10,852,N,VIIRS,h,2,305.93,25.62,D,0
30.95294,75.52679,367,0.5,0.66,2020-11-10,852,N,VIIRS,h,2,301.09,13.49,D,0
30.95324,75.53217,367,0.5,0.66,2020-11-10,852,N,VIIRS,h,2,302.59,13.49,D,0
30.95342,76.30192,367,0.55,0.68,2020-11-10,852,N,VIIRS,h,2,302.48,10.18,D,0
30.95404,75.43547,340.1,0.49,0.65,2020-11-10,852,N,VIIRS,n,2,298.65,3.79,D,0
30.95448,76.30159,367,0.55,0.68,2020-11-10,852,N,VIIRS,h,2,301.76,15.36,D,0
30.95785,75.08141,343.44,0.47,0.64,2020-11-10,852,N,VIIRS,n,2,299.62,7.04,D,0
30.95972,75.65164,337.08,0.51,0.66,2020-11-10,852,N,VIIRS,n,2,300.49,3.24,D,0
30.96361,75.17809,341.49,0.48,0.64,2020-11-10,852,N,VIIRS,n,2,300.52,7.63,D,0
30.96391,75.18321,367,0.48,0.64,2020-11-10,852,N,VIIRS,h,2,302.79,7.63,D,0
30.97085,75.19817,344.31,0.48,0.64,2020-11-10,852,N,VIIRS,n,2,299.41,6.84,D,0
30.97146,75.20846,354.12,0.48,0.65,2020-11-10,852,N,VIIRS,n,2,299.07,25.32,D,0
30.97177,75.21362,367,0.48,0.65,2020-11-10,852,N,VIIRS,h,2,305.12,25.32,D,0
30.97574,75.28094,332.81,0.48,0.65,2020-11-10,852,N,VIIRS,n,2,299.07,4.65,D,0
30.97688,75.19777,347.85,0.48,0.64,2020-11-10,852,N,VIIRS,n,2,296.1,6.84,D,0
30.98702,75.23574,352.12,0.48,0.65,2020-11-10,852,N,VIIRS,n,2,295.7,5.73,D,0
30.98957,75.20724,367,0.48,0.65,2020-11-10,852,N,VIIRS,h,2,303.01,22.18,D,0
30.99139,75.20435,367,0.48,0.65,2020-11-10,852,N,VIIRS,h,2,299.23,14.56,D,0
30.99143,75.23819,348.15,0.48,0.65,2020-11-10,852,N,VIIRS,n,2,295.5,13.8,D,0
30.99316,75.58374,337.85,0.5,0.66,2020-11-10,852,N,VIIRS,n,2,299.88,5.93,D,0
30.99335,75.24049,343.5,0.48,0.65,2020-11-10,852,N,VIIRS,n,2,299.22,5.46,D,0
30.99883,75.2297,335.21,0.48,0.65,2020-11-10,852,N,VIIRS,n,2,296.18,5.67,D,0
30.36026,76.43049,327.28,0.78,0.78,2020-11-11,653,N,VIIRS,n,2,294.79,6.73,D,0
30.36494,76.42922,329.5,0.78,0.78,2020-11-11,653,N,VIIRS,n,2,294.5,4.14,D,0
30.00012,75.36622,340.59,0.5,0.49,2020-11-11,833,N,VIIRS,n,2,301.27,8.94,D,0
30.00037,75.36301,354.44,0.5,0.49,2020-11-11,833,N,VIIRS,n,2,302.9,11.17,D,0
30.00047,75.65699,343.12,0.52,0.5,2020-11-11,833,N,VIIRS,n,2,300.96,9.91,D,0
30.00104,75.32923,354.64,0.49,0.49,2020-11-11,833,N,VIIRS,n,2,301.98,13.23,D,0
30.00202,75.33117,340.25,0.5,0.49,2020-11-11,833,N,VIIRS,n,2,301.82,15.63,D,0
30.00293,75.5368,341.08,0.51,0.49,2020-11-11,833,N,VIIRS,n,2,300.59,8.48,D,0
30.00344,75.54214,335.9,0.51,0.49,2020-11-11,833,N,VIIRS,n,2,299.18,8.48,D,0
30.00459,75.80072,341.91,0.53,0.5,2020-11-11,833,N,VIIRS,n,2,302.05,10.51,D,0
30.00563,75.76147,335.56,0.52,0.5,2020-11-11,833,N,VIIRS,n,2,300.45,3.56,D,0
30.00639,75.47717,348.13,0.5,0.49,2020-11-11,833,N,VIIRS,n,2,310.51,30.15,D,0
30.0064,75.47942,353.6,0.51,0.49,2020-11-11,833,N,VIIRS,n,2,310.95,53.07,D,0
30.00664,75.53327,340.96,0.51,0.49,2020-11-11,833,N,VIIRS,n,2,300.34,4.27,D,0
30.00691,75.48246,335.83,0.51,0.49,2020-11-11,833,N,VIIRS,n,2,300.17,18.64,D,0
30.00699,75.53091,337.74,0.51,0.49,2020-11-11,833,N,VIIRS,n,2,300.16,4.4,D,0
30.0076,75.54398,337.94,0.51,0.49,2020-11-11,833,N,VIIRS,n,2,298.34,3.28,D,0
30.00854,75.54694,331.87,0.51,0.49,2020-11-11,833,N,VIIRS,n,2,297.99,2.28,D,0
30.00904,75.45766,343.01,0.5,0.49,2020-11-11,833,N,VIIRS,n,2,300.6,4.93,D,0
30.01027,75.27251,342.25,0.49,0.49,2020-11-11,833,N,VIIRS,n,2,304.12,19.57,D,0
30.01337,75.9469,332.3,0.54,0.51,2020-11-11,833,N,VIIRS,n,2,301.08,3.43,D,0
30.01414,75.3139,335.23,0.49,0.49,2020-11-11,833,N,VIIRS,n,2,300.68,3.24,D,0
30.01489,76.01568,342.44,0.54,0.51,2020-11-11,833,N,VIIRS,n,2,303.55,10.3,D,0
30.01501,75.47078,336.57,0.5,0.49,2020-11-11,833,N,VIIRS,n,2,299.73,7.42,D,0
30.01505,75.47301,350.57,0.51,0.49,2020-11-11,833,N,VIIRS,n,2,302.42,14.97,D,0
30.01543,75.37702,330.13,0.5,0.49,2020-11-11,833,N,VIIRS,n,2,299.84,5.3,D,0
30.01552,75.47607,340.95,0.5,0.49,2020-11-11,833,N,VIIRS,n,2,301.31,7.42,D,0
30.01591,75.38226,341.99,0.5,0.49,2020-11-11,833,N,VIIRS,n,2,301.91,5.3,D,0
30.02075,75.28688,341.98,0.49,0.49,2020-11-11,833,N,VIIRS,n,2,301.13,4.94,D,0
30.02191,75.39743,334.79,0.5,0.49,2020-11-11,833,N,VIIRS,n,2,299.42,3.38,D,0
30.02253,75.50436,338.96,0.51,0.49,2020-11-11,833,N,VIIRS,n,2,300.39,6.75,D,0
30.02322,75.50739,333.93,0.51,0.49,2020-11-11,833,N,VIIRS,n,2,300.6,5.23,D,0
30.02324,75.02962,330.3,0.48,0.48,2020-11-11,833,N,VIIRS,n,2,300.15,2.19,D,0
30.02328,75.90014,331.08,0.54,0.5,2020-11-11,833,N,VIIRS,n,2,299.46,2.92,D,0
30.0235,75.515,336.98,0.51,0.49,2020-11-11,833,N,VIIRS,n,2,300.64,4.74,D,0
30.02374,75.51271,335.29,0.51,0.49,2020-11-11,833,N,VIIRS,n,2,300.85,4.52,D,0
30.02431,75.67868,333.53,0.52,0.5,2020-11-11,833,N,VIIRS,n,2,301.74,2.45,D,0
30.02538,75.92266,335.57,0.54,0.51,2020-11-11,833,N,VIIRS,n,2,301.45,2.72,D,0
30.02556,75.14642,341.65,0.48,0.48,2020-11-11,833,N,VIIRS,n,2,301.81,5.36,D,0
30.02564,75.67597,341.47,0.52,0.5,2020-11-11,833,N,VIIRS,n,2,303.95,9.3,D,0
30.0285,76.11299,330.95,0.55,0.51,2020-11-11,833,N,VIIRS,n,2,300.03,3.68,D,0
30.02893,75.67812,339.64,0.52,0.5,2020-11-11,833,N,VIIRS,n,2,302.45,3.9,D,0
30.03034,75.59017,353.55,0.51,0.5,2020-11-11,833,N,VIIRS,n,2,304.81,16.26,D,0
30.03036,75.24397,339.68,0.49,0.49,2020-11-11,833,N,VIIRS,n,2,301.04,4.39,D,0
30.03052,75.15094,340.53,0.48,0.48,2020-11-11,833,N,VIIRS,n,2,300.82,5.36,D,0
30.0307,75.49257,345.19,0.51,0.49,2020-11-11,833,N,VIIRS,n,2,301.75,15.52,D,0
30.03108,75.58769,341.63,0.51,0.5,2020-11-11,833,N,VIIRS,n,2,303.56,9.88,D,0
30.0316,75.59308,337.42,0.51,0.5,2020-11-11,833,N,VIIRS,n,2,300.86,9.88,D,0
30.03168,76.04269,343.66,0.55,0.51,2020-11-11,833,N,VIIRS,n,2,305.45,22.7,D,0
30.03221,76.04844,346.51,0.55,0.51,2020-11-11,833,N,VIIRS,n,2,300.66,21.57,D,0
30.0329,75.22289,341.39,0.49,0.48,2020-11-11,833,N,VIIRS,n,2,301.86,5.41,D,0
30.03402,75.14026,333.84,0.48,0.48,2020-11-11,833,N,VIIRS,n,2,301.74,2.92,D,0
30.03554,75.10937,338.54,0.48,0.48,2020-11-11,833,N,VIIRS,n,2,300.57,5.44,D,0
30.03603,75.11443,341.99,0.48,0.48,2020-11-11,833,N,VIIRS,n,2,300.57,4.63,D,0
30.03704,75.07856,341.09,0.48,0.48,2020-11-11,833,N,VIIRS,n,2,301.87,12.76,D,0
30.0371,75.74663,342.01,0.52,0.5,2020-11-11,833,N,VIIRS,n,2,303.96,10.44,D,0
30.03738,75.46491,330.19,0.5,0.49,2020-11-11,833,N,VIIRS,n,2,300.37,2.66,D,0
30.03846,75.96118,332.27,0.54,0.51,2020-11-11,833,N,VIIRS,n,2,301.16,4.83,D,0
30.03853,76.11769,340.33,0.55,0.51,2020-11-11,833,N,VIIRS,n,2,298.85,4.88,D,0
30.03886,75.48082,332.3,0.51,0.49,2020-11-11,833,N,VIIRS,n,2,302.06,3.43,D,0
30.03899,75.96686,340.97,0.54,0.51,2020-11-11,833,N,VIIRS,n,2,302.46,7.02,D,0
30.03931,75.81909,342.07,0.53,0.5,2020-11-11,833,N,VIIRS,n,2,302.11,14.58,D,0
30.03945,75.74342,342.48,0.52,0.5,2020-11-11,833,N,VIIRS,n,2,303.34,15.83,D,0
30.04,75.10881,340.19,0.48,0.48,2020-11-11,833,N,VIIRS,n,2,301.2,5.13,D,0
30.04051,75.06796,332.01,0.48,0.48,2020-11-11,833,N,VIIRS,n,2,302.07,2.4,D,0
30.04105,75.93797,335.79,0.54,0.51,2020-11-11,833,N,VIIRS,n,2,300.84,3.99,D,0
30.0411,75.9896,340.42,0.54,0.51,2020-11-11,833,N,VIIRS,n,2,304.47,11.54,D,0
30.04134,75.26345,346.03,0.49,0.49,2020-11-11,833,N,VIIRS,n,2,300.96,6.43,D,0
30.04145,75.17014,339.69,0.49,0.48,2020-11-11,833,N,VIIRS,n,2,300.12,2.61,D,0
30.04163,75.99529,340.99,0.54,0.51,2020-11-11,833,N,VIIRS,n,2,301.55,11.54,D,0
30.04168,75.82156,342.52,0.53,0.5,2020-11-11,833,N,VIIRS,n,2,301.83,10.94,D,0
30.04183,75.66555,349.22,0.52,0.5,2020-11-11,833,N,VIIRS,n,2,304.41,11.55,D,0
30.04264,75.94073,346.46,0.54,0.51,2020-11-11,833,N,VIIRS,n,2,301.6,7.03,D,0
30.04379,75.53417,339.88,0.51,0.49,2020-11-11,833,N,VIIRS,n,2,301.92,12.96,D,0
30.04381,75.28926,343.2,0.49,0.49,2020-11-11,833,N,VIIRS,n,2,302.49,5.88,D,0
30.04497,75.06741,350.32,0.48,0.48,2020-11-11,833,N,VIIRS,n,2,306.17,17.27,D,0
30.04585,75.26289,345.7,0.49,0.49,2020-11-11,833,N,VIIRS,n,2,301.75,10.31,D,0
30.04587,76.04105,345.34,0.55,0.51,2020-11-11,833,N,VIIRS,n,2,301.73,14.64,D,0
30.04644,76.09923,337.12,0.55,0.51,2020-11-11,833,N,VIIRS,n,2,300.19,4.16,D,0
30.04645,75.665,341.51,0.52,0.5,2020-11-11,833,N,VIIRS,n,2,301.09,3.69,D,0
30.04676,75.56638,332.46,0.51,0.49,2020-11-11,833,N,VIIRS,n,2,299.55,4.52,D,0
30.04725,75.90302,335.38,0.54,0.5,2020-11-11,833,N,VIIRS,n,2,301.98,5.62,D,0
30.04832,75.28871,342.69,0.49,0.49,2020-11-11,833,N,VIIRS,n,2,300.57,13.9,D,0
30.04838,75.53362,342.46,0.51,0.49,2020-11-11,833,N,VIIRS,n,2,299.97,12.96,D,0
30.04858,75.90006,340.29,0.54,0.51,2020-11-11,833,N,VIIRS,n,2,299.9,7.12,D,0
30.04892,75.15379,346.42,0.48,0.48,2020-11-11,833,N,VIIRS,n,2,305.3,18.47,D,0
30.04931,75.29906,351.56,0.49,0.49,2020-11-11,833,N,VIIRS,n,2,301.45,10.42,D,0
30.04986,75.54971,340.33,0.51,0.49,2020-11-11,833,N,VIIRS,n,2,300.6,4.06,D,0
30.04991,75.93123,341.56,0.54,0.51,2020-11-11,833,N,VIIRS,n,2,302.07,7.76,D,0
30.05016,76.13986,330.07,0.55,0.51,2020-11-11,833,N,VIIRS,l,2,301.68,2.75,D,0
30.05041,75.70876,342.79,0.52,0.5,2020-11-11,833,N,VIIRS,n,2,304.1,18.75,D,0
30.05045,75.93689,341.81,0.54,0.51,2020-11-11,833,N,VIIRS,n,2,301.32,7.76,D,0
30.05098,75.94254,337.49,0.54,0.51,2020-11-11,833,N,VIIRS,n,2,299.66,4.36,D,0
30.05122,76.1515,332.56,0.55,0.51,2020-11-11,833,N,VIIRS,l,2,303.15,4.65,D,0
30.05151,75.9482,331.36,0.54,0.51,2020-11-11,833,N,VIIRS,n,2,298.52,4.36,D,0
30.05155,75.93395,352.39,0.54,0.51,2020-11-11,833,N,VIIRS,n,2,301.16,12.69,D,0
30.05191,75.13803,332.05,0.48,0.48,2020-11-11,833,N,VIIRS,n,2,297.69,12.46,D,0
30.05234,75.28298,342.39,0.49,0.49,2020-11-11,833,N,VIIRS,n,2,303.89,9.99,D,0
30.05234,75.5766,330.87,0.51,0.5,2020-11-11,833,N,VIIRS,n,2,300.74,1.7,D,0
30.05254,75.94528,347.09,0.54,0.51,2020-11-11,833,N,VIIRS,n,2,298.48,7.1,D,0
30.05282,76.16901,344.98,0.56,0.51,2020-11-11,833,N,VIIRS,n,2,302.7,4.51,D,0
30.05364,75.97091,335.61,0.54,0.51,2020-11-11,833,N,VIIRS,n,2,302.39,4.56,D,0
30.05417,75.97659,338.83,0.54,0.51,2020-11-11,833,N,VIIRS,n,2,302.47,6.65,D,0
30.05502,75.97369,349.46,0.54,0.51,2020-11-11,833,N,VIIRS,n,2,302.42,8.71,D,0
30.05628,75.37202,343.03,0.5,0.49,2020-11-11,833,N,VIIRS,n,2,300.72,10.75,D,0
30.05639,75.13747,344.22,0.48,0.48,2020-11-11,833,N,VIIRS,n,2,304,12.46,D,0
30.05688,75.2355,341.73,0.49,0.49,2020-11-11,833,N,VIIRS,n,2,301.25,5.45,D,0
30.05694,75.57604,342.1,0.51,0.5,2020-11-11,833,N,VIIRS,n,2,304.53,11.01,D,0
30.05791,76.0165,342.72,0.54,0.51,2020-11-11,833,N,VIIRS,n,2,301.59,10.52,D,0
30.05849,76.01366,343.96,0.54,0.51,2020-11-11,833,N,VIIRS,n,2,301.07,12.47,D,0
30.05935,75.80821,344.66,0.53,0.5,2020-11-11,833,N,VIIRS,n,2,301.29,5.01,D,0
30.06154,75.5755,332.82,0.51,0.5,2020-11-11,833,N,VIIRS,n,2,299.26,11.01,D,0
30.06167,76.05668,335.05,0.55,0.51,2020-11-11,833,N,VIIRS,n,2,299.62,3.83,D,0
30.06198,76.05392,346.09,0.55,0.51,2020-11-11,833,N,VIIRS,n,2,300.49,7.04,D,0
30.06373,75.0296,350.18,0.48,0.48,2020-11-11,833,N,VIIRS,n,2,300.89,7.74,D,0
30.06413,75.55342,334.85,0.51,0.49,2020-11-11,833,N,VIIRS,n,2,298.28,5.3,D,0
30.06451,75.81323,332.4,0.53,0.5,2020-11-11,833,N,VIIRS,n,2,299.34,5.01,D,0
30.06513,75.56417,345.72,0.51,0.49,2020-11-11,833,N,VIIRS,n,2,301.83,12.85,D,0
30.0664,76.05613,334.8,0.55,0.51,2020-11-11,833,N,VIIRS,n,2,298.24,3.83,D,0
30.06664,75.58034,338.31,0.51,0.5,2020-11-11,833,N,VIIRS,n,2,302.4,10.07,D,0
30.06714,75.58574,337.43,0.51,0.5,2020-11-11,833,N,VIIRS,n,2,300.41,13.2,D,0
30.06734,75.89786,330.37,0.54,0.51,2020-11-11,833,N,VIIRS,n,2,299.74,7.02,D,0
30.06784,75.90349,348.1,0.54,0.51,2020-11-11,833,N,VIIRS,n,2,300.28,7.02,D,0
30.06805,75.64591,330.02,0.52,0.5,2020-11-11,833,N,VIIRS,n,2,301.67,1.74,D,0
30.06844,75.70107,340.4,0.52,0.5,2020-11-11,833,N,VIIRS,n,2,301.1,11.31,D,0
30.06864,75.60195,351.53,0.51,0.5,2020-11-11,833,N,VIIRS,n,2,301.98,7.45,D,0
30.07034,75.47164,342.77,0.51,0.49,2020-11-11,833,N,VIIRS,n,2,301.83,2.67,D,0
30.07153,75.89166,341.09,0.54,0.5,2020-11-11,833,N,VIIRS,n,2,300.37,4.51,D,0
30.07221,76.0671,342.24,0.55,0.51,2020-11-11,833,N,VIIRS,n,2,299.3,6.4,D,0
30.07246,76.06435,346.9,0.55,0.51,2020-11-11,833,N,VIIRS,n,2,300.77,9.4,D,0
30.07274,75.59599,338.02,0.51,0.5,2020-11-11,833,N,VIIRS,n,2,300.3,7.45,D,0
30.07342,75.4071,336.35,0.5,0.49,2020-11-11,833,N,VIIRS,n,2,301.87,2.67,D,0
30.07423,76.14031,333.53,0.55,0.51,2020-11-11,833,N,VIIRS,n,2,303.23,3.93,D,0
30.07449,76.14297,332.21,0.55,0.51,2020-11-11,833,N,VIIRS,n,2,302.34,2.57,D,0
30.07641,76.0608,345.62,0.55,0.51,2020-11-11,833,N,VIIRS,n,2,300.5,9.8,D,0
30.07669,76.05803,341.37,0.55,0.51,2020-11-11,833,N,VIIRS,n,2,300.39,9.4,D,0
30.07695,76.06656,341.59,0.55,0.51,2020-11-11,833,N,VIIRS,n,2,298.56,6.4,D,0
30.07745,75.44933,342.79,0.5,0.49,2020-11-11,833,N,VIIRS,n,2,302.36,7.15,D,0
30.0779,75.55177,341.45,0.51,0.49,2020-11-11,833,N,VIIRS,n,2,300.65,9.29,D,0
30.07804,76.07809,343.99,0.55,0.51,2020-11-11,833,N,VIIRS,n,2,299.56,8.15,D,0
30.0782,76.07536,341.67,0.55,0.51,2020-11-11,833,N,VIIRS,n,2,299.74,8.15,D,0
30.07892,75.27451,336.04,0.49,0.49,2020-11-11,833,N,VIIRS,n,2,299.35,2.56,D,0
30.07925,76.14243,344.06,0.55,0.51,2020-11-11,833,N,VIIRS,n,2,300.54,5.07,D,0
30.07949,76.14558,341.32,0.55,0.51,2020-11-11,833,N,VIIRS,n,2,300.03,6.66,D,0
30.08506,75.48063,333.13,0.51,0.49,2020-11-11,833,N,VIIRS,n,2,300.03,2.94,D,0
30.08556,75.43764,334.86,0.5,0.49,2020-11-11,833,N,VIIRS,n,2,299.86,5.42,D,0
30.08706,75.40543,355.2,0.5,0.49,2020-11-11,833,N,VIIRS,n,2,302.76,18.34,D,0
30.08768,75.20324,332.13,0.49,0.48,2020-11-11,833,N,VIIRS,n,2,299.83,2.29,D,0
30.08921,76.09164,354.34,0.55,0.51,2020-11-11,833,N,VIIRS,n,2,301.3,12.99,D,0
30.08957,75.38387,340.71,0.5,0.49,2020-11-11,833,N,VIIRS,n,2,300.06,6.02,D,0
30.09065,75.58838,344.86,0.51,0.5,2020-11-11,833,N,VIIRS,n,2,300.38,6.89,D,0
30.09156,76.00981,340.54,0.54,0.51,2020-11-11,833,N,VIIRS,n,2,300.54,7.33,D,0
30.09371,75.62086,330.03,0.52,0.5,2020-11-11,833,N,VIIRS,n,2,300.43,2.34,D,0
30.09473,75.53348,336.17,0.51,0.49,2020-11-11,833,N,VIIRS,n,2,299.29,4.35,D,0
30.09576,75.59323,354.64,0.51,0.5,2020-11-11,833,N,VIIRS,n,2,304.73,27.22,D,0
30.09838,75.26962,332.78,0.49,0.49,2020-11-11,833,N,VIIRS,n,2,301,2,D,0
30.09851,75.28783,332.09,0.49,0.49,2020-11-11,833,N,VIIRS,n,2,299.78,1.69,D,0
30.10029,75.29037,336.94,0.49,0.49,2020-11-11,833,N,VIIRS,n,2,300.52,3.63,D,0
30.10135,75.15501,333.55,0.49,0.48,2020-11-11,833,N,VIIRS,n,2,300.03,2.97,D,0
30.10231,75.4678,334.72,0.51,0.49,2020-11-11,833,N,VIIRS,n,2,301.98,3.69,D,0
30.1031,75.07787,340.26,0.48,0.48,2020-11-11,833,N,VIIRS,n,2,300.76,6.24,D,0
30.10386,75.48376,341,0.51,0.49,2020-11-11,833,N,VIIRS,n,2,301.3,9.11,D,0
30.10445,75.58672,355.67,0.51,0.5,2020-11-11,833,N,VIIRS,n,2,302.78,20.4,D,0
30.10596,75.55385,331.82,0.51,0.49,2020-11-11,833,N,VIIRS,n,2,298.88,4.38,D,0
30.10673,75.31058,346.91,0.5,0.49,2020-11-11,833,N,VIIRS,n,2,302.72,13.34,D,0
30.10724,75.37645,339.39,0.5,0.49,2020-11-11,833,N,VIIRS,n,2,300.91,4.94,D,0
30.10961,75.3075,339.2,0.49,0.49,2020-11-11,833,N,VIIRS,n,2,300.69,8.3,D,0
30.11012,75.31269,336.18,0.5,0.49,2020-11-11,833,N,VIIRS,n,2,298.66,10.09,D,0
30.11116,76.17744,339.58,0.56,0.51,2020-11-11,833,N,VIIRS,n,2,300.69,4.55,D,0
30.11242,76.08309,333.4,0.55,0.51,2020-11-11,833,N,VIIRS,n,2,302.86,4.23,D,0
30.11294,76.08887,341.85,0.55,0.51,2020-11-11,833,N,VIIRS,n,2,305.47,13.21,D,0
30.11308,75.53128,333.72,0.51,0.49,2020-11-11,833,N,VIIRS,n,2,299.5,2.92,D,0
30.11326,75.53436,338.91,0.51,0.49,2020-11-11,833,N,VIIRS,n,2,299.56,3.62,D,0
30.11352,75.48798,332.49,0.51,0.49,2020-11-11,833,N,VIIRS,n,2,298.88,2.26,D,0
30.11353,75.23639,340.68,0.49,0.49,2020-11-11,833,N,VIIRS,n,2,302.13,9.46,D,0
30.11431,75.14825,334.16,0.48,0.48,2020-11-11,833,N,VIIRS,n,2,300.66,3.11,D,0
30.11503,75.06109,344.44,0.48,0.48,2020-11-11,833,N,VIIRS,n,2,311.54,50.56,D,0
30.11592,75.41795,341.36,0.5,0.49,2020-11-11,833,N,VIIRS,n,2,301.94,9.82,D,0
30.11595,75.26221,339.01,0.49,0.49,2020-11-11,833,N,VIIRS,n,2,300.83,7.29,D,0
30.11626,75.31468,343.66,0.5,0.49,2020-11-11,833,N,VIIRS,n,2,299.86,6.79,D,0
30.11636,75.41546,349.23,0.5,0.49,2020-11-11,833,N,VIIRS,n,2,301.69,14.07,D,0
30.11643,75.26739,340.42,0.49,0.49,2020-11-11,833,N,VIIRS,n,2,300.26,7.29,D,0
30.11684,75.38058,332.42,0.5,0.49,2020-11-11,833,N,VIIRS,n,2,299.18,2.98,D,0
30.11707,75.22554,341.19,0.49,0.49,2020-11-11,833,N,VIIRS,n,2,302.56,8.83,D,0
30.11717,76.08253,341.54,0.55,0.51,2020-11-11,833,N,VIIRS,n,2,303.4,4.23,D,0
30.11753,75.37801,350.34,0.5,0.49,2020-11-11,833,N,VIIRS,n,2,302.19,13.5,D,0
30.11821,76.09412,341.14,0.55,0.51,2020-11-11,833,N,VIIRS,n,2,301.24,13.21,D,0
30.11834,75.98938,339.76,0.54,0.51,2020-11-11,833,N,VIIRS,n,2,302,3.77,D,0
30.11852,75.241,344.01,0.49,0.49,2020-11-11,833,N,VIIRS,n,2,302.01,10.84,D,0
30.11867,75.19421,342.85,0.49,0.48,2020-11-11,833,N,VIIRS,n,2,300.28,4.64,D,0
30.1217,75.17829,339.46,0.49,0.48,2020-11-11,833,N,VIIRS,n,2,301.45,5.04,D,0
30.12292,75.64263,340.86,0.52,0.5,2020-11-11,833,N,VIIRS,n,2,302.36,3.75,D,0
30.1234,76.15239,340.68,0.56,0.51,2020-11-11,833,N,VIIRS,n,2,301.25,5.51,D,0
30.12383,76.21168,338.3,0.56,0.51,2020-11-11,833,N,VIIRS,n,2,302.58,3.18,D,0
30.12398,75.64474,342.68,0.52,0.5,2020-11-11,833,N,VIIRS,n,2,302.21,6.47,D,0
30.12463,75.45975,344.57,0.51,0.49,2020-11-11,833,N,VIIRS,n,2,299.66,6.34,D,0
30.1248,75.4573,340.12,0.51,0.49,2020-11-11,833,N,VIIRS,n,2,299.89,5.55,D,0
30.12754,75.64207,330.41,0.52,0.5,2020-11-11,833,N,VIIRS,n,2,301.34,3.75,D,0
30.12759,75.38741,332.23,0.5,0.49,2020-11-11,833,N,VIIRS,n,2,300.98,4.17,D,0
30.1277,76.09304,343.83,0.55,0.51,2020-11-11,833,N,VIIRS,n,2,304.44,28.23,D,0
30.13021,75.61974,336.68,0.52,0.5,2020-11-11,833,N,VIIRS,n,2,300.68,4.65,D,0
30.13068,75.17718,334.48,0.49,0.48,2020-11-11,833,N,VIIRS,n,2,300.89,32.4,D,0
30.13112,75.6219,335.15,0.52,0.5,2020-11-11,833,N,VIIRS,n,2,300.63,2.95,D,0
30.13116,75.18229,350.48,0.49,0.48,2020-11-11,833,N,VIIRS,n,2,313.32,32.4,D,0
30.13214,75.38686,336.58,0.5,0.49,2020-11-11,833,N,VIIRS,n,2,300.28,4.17,D,0
30.13295,75.44556,337.19,0.5,0.49,2020-11-11,833,N,VIIRS,n,2,302.47,11.97,D,0
30.13344,75.45088,341.68,0.51,0.49,2020-11-11,833,N,VIIRS,n,2,304.79,19.77,D,0
30.13351,75.55055,341.92,0.51,0.49,2020-11-11,833,N,VIIRS,n,2,300.96,4.13,D,0
30.13356,75.55363,331.3,0.51,0.5,2020-11-11,833,N,VIIRS,n,2,299.3,9.88,D,0
30.13432,75.07397,342.46,0.48,0.48,2020-11-11,833,N,VIIRS,n,2,301.82,6.76,D,0
30.13511,75.96435,341.61,0.54,0.51,2020-11-11,833,N,VIIRS,n,2,301.05,12.01,D,0
30.13775,75.10935,347.79,0.48,0.48,2020-11-11,833,N,VIIRS,n,2,303.9,11.56,D,0
30.13791,75.30147,339.19,0.5,0.49,2020-11-11,833,N,VIIRS,n,2,299.47,7.59,D,0
30.13824,75.11443,349.27,0.48,0.48,2020-11-11,833,N,VIIRS,n,2,310.63,39.49,D,0
30.13877,75.95243,338.27,0.54,0.51,2020-11-11,833,N,VIIRS,n,2,301.69,2.81,D,0
30.13983,75.96379,334.53,0.54,0.51,2020-11-11,833,N,VIIRS,n,2,300.01,5.59,D,0
30.13984,76.01582,340.46,0.55,0.51,2020-11-11,833,N,VIIRS,n,2,301.18,6.1,D,0
30.14061,75.58008,330.23,0.51,0.5,2020-11-11,833,N,VIIRS,n,2,298.2,3.13,D,0
30.14292,75.50363,338.62,0.51,0.49,2020-11-11,833,N,VIIRS,n,2,299.54,4.71,D,0
30.14391,76.32957,330.24,0.57,0.52,2020-11-11,833,N,VIIRS,n,2,301.86,2.31,D,0
30.14517,75.42801,341.31,0.5,0.49,2020-11-11,833,N,VIIRS,n,2,301.51,11.43,D,0
30.14562,75.19085,335.52,0.49,0.48,2020-11-11,833,N,VIIRS,n,2,298.78,3.55,D,0
30.14615,75.43861,344.3,0.5,0.49,2020-11-11,833,N,VIIRS,n,2,300.97,6.03,D,0
30.14862,75.46519,342.39,0.51,0.49,2020-11-11,833,N,VIIRS,n,2,303.24,15.13,D,0
30.14882,76.11409,337.3,0.55,0.51,2020-11-11,833,N,VIIRS,n,2,300.3,3.79,D,0
30.14928,75.94349,336.57,0.54,0.51,2020-11-11,833,N,VIIRS,n,2,301.65,7.42,D,0
30.14934,75.37413,337.77,0.5,0.49,2020-11-11,833,N,VIIRS,n,2,299.66,3.7,D,0
30.14992,75.33164,336.9,0.5,0.49,2020-11-11,833,N,VIIRS,n,2,300.52,12.32,D,0
30.15011,75.19029,337.27,0.49,0.48,2020-11-11,833,N,VIIRS,n,2,299.26,3.55,D,0
30.15042,75.33688,347.23,0.5,0.49,2020-11-11,833,N,VIIRS,n,2,302.46,12.32,D,0
30.15068,75.05664,331.68,0.48,0.48,2020-11-11,833,N,VIIRS,n,2,300.94,3.23,D,0
30.15184,75.93944,340.89,0.54,0.51,2020-11-11,833,N,VIIRS,n,2,300.69,4.86,D,0
30.15343,75.95647,332.4,0.54,0.51,2020-11-11,833,N,VIIRS,n,2,302.45,3.24,D,0
30.1536,75.6721,330.91,0.52,0.5,2020-11-11,833,N,VIIRS,n,2,298.96,4.36,D,0
30.15388,75.37357,332.73,0.5,0.49,2020-11-11,833,N,VIIRS,n,2,298.94,3.36,D,0
30.1541,75.67757,340.61,0.52,0.5,2020-11-11,833,N,VIIRS,n,2,299.94,7.31,D,0
30.15497,75.95432,335.65,0.54,0.51,2020-11-11,833,N,VIIRS,n,2,302.47,2.42,D,0
30.1561,75.20514,335.54,0.49,0.48,2020-11-11,833,N,VIIRS,n,2,300.69,3.66,D,0
30.15686,75.40517,331.32,0.5,0.49,2020-11-11,833,N,VIIRS,n,2,298.46,4.71,D,0
30.15765,75.5127,342.82,0.51,0.49,2020-11-11,833,N,VIIRS,n,2,300.74,6.48,D,0
30.15852,75.57246,340.47,0.51,0.5,2020-11-11,833,N,VIIRS,n,2,301.43,2.99,D,0
30.15854,75.27791,336.61,0.49,0.49,2020-11-11,833,N,VIIRS,n,2,300,3.92,D,0
30.15861,75.18407,333.85,0.49,0.48,2020-11-11,833,N,VIIRS,n,2,300.06,2.6,D,0
30.16234,75.82219,331.03,0.53,0.5,2020-11-11,833,N,VIIRS,n,2,301.53,2.31,D,0
30.16256,75.27216,342.17,0.49,0.49,2020-11-11,833,N,VIIRS,n,2,302.13,10.3,D,0
30.16356,75.28254,342.58,0.49,0.49,2020-11-11,833,N,VIIRS,n,2,300.17,8.4,D,0
30.16451,75.01427,332.86,0.48,0.48,2020-11-11,833,N,VIIRS,n,2,300.54,3.32,D,0
30.16508,75.11107,342.81,0.48,0.48,2020-11-11,833,N,VIIRS,n,2,301.54,5.51,D,0
30.16547,75.3988,338.64,0.5,0.49,2020-11-11,833,N,VIIRS,n,2,299.58,3.92,D,0
30.16656,75.31377,331.35,0.5,0.49,2020-11-11,833,N,VIIRS,n,2,299.2,3.06,D,0
30.16809,75.96055,330.91,0.54,0.51,2020-11-11,833,N,VIIRS,n,2,301.07,1.1,D,0
30.17097,75.45709,340.92,0.51,0.49,2020-11-11,833,N,VIIRS,n,2,301.4,13.14,D,0
30.1714,75.51104,345.75,0.51,0.49,2020-11-11,833,N,VIIRS,n,2,302.25,12.21,D,0
30.17257,75.37661,342.83,0.5,0.49,2020-11-11,833,N,VIIRS,n,2,302.62,14.55,D,0
30.17357,75.38714,330.2,0.5,0.49,2020-11-11,833,N,VIIRS,n,2,298.47,3.5,D,0
30.17378,75.03526,344.46,0.48,0.48,2020-11-11,833,N,VIIRS,n,2,303.03,4.87,D,0
30.17406,75.1563,340.9,0.49,0.48,2020-11-11,833,N,VIIRS,n,2,301.33,4,D,0
30.17454,75.44588,331.07,0.51,0.49,2020-11-11,833,N,VIIRS,n,2,297.89,3.66,D,0
30.17463,75.69733,341.4,0.52,0.5,2020-11-11,833,N,VIIRS,n,2,300.03,5.69,D,0
30.17484,75.59791,340.66,0.52,0.5,2020-11-11,833,N,VIIRS,n,2,301.25,10.13,D,0
30.17511,75.26016,342.44,0.49,0.49,2020-11-11,833,N,VIIRS,n,2,301.39,7.84,D,0
30.17534,75.60333,331.79,0.52,0.5,2020-11-11,833,N,VIIRS,n,2,298.13,10.13,D,0
30.17541,75.03321,341.02,0.48,0.48,2020-11-11,833,N,VIIRS,n,2,302.04,2.92,D,0
30.17548,75.07906,335.85,0.48,0.48,2020-11-11,833,N,VIIRS,n,2,299.99,5.17,D,0
30.17607,75.17673,340.11,0.49,0.48,2020-11-11,833,N,VIIRS,n,2,300.25,5.68,D,0
30.1761,75.22347,334.04,0.49,0.49,2020-11-11,833,N,VIIRS,n,2,300.44,3.26,D,0
30.17708,75.4241,335.65,0.5,0.49,2020-11-11,833,N,VIIRS,n,2,299.98,4.41,D,0
30.18059,75.05991,333.43,0.48,0.48,2020-11-11,833,N,VIIRS,n,2,303.17,3.38,D,0
30.18178,75.72433,339.28,0.52,0.5,2020-11-11,833,N,VIIRS,n,2,300,5.31,D,0
30.18188,75.05276,331.66,0.48,0.48,2020-11-11,833,N,VIIRS,l,2,301.67,3.11,D,0
30.18404,75.16541,333.51,0.49,0.48,2020-11-11,833,N,VIIRS,n,2,298.57,4.47,D,0
30.18406,75.5968,336.85,0.52,0.5,2020-11-11,833,N,VIIRS,n,2,299.3,3.22,D,0
30.18411,75.54753,344.35,0.51,0.5,2020-11-11,833,N,VIIRS,n,2,302.42,8.25,D,0
30.18417,75.4501,338.04,0.51,0.49,2020-11-11,833,N,VIIRS,n,2,300.3,3.67,D,0
30.18602,75.16722,333.79,0.49,0.48,2020-11-11,833,N,VIIRS,n,2,298.78,4.43,D,0
30.18643,75.72378,330.85,0.52,0.5,2020-11-11,833,N,VIIRS,n,2,297.5,3.43,D,0
30.18664,75.57453,353.29,0.51,0.5,2020-11-11,833,N,VIIRS,n,2,303.72,23.92,D,0
30.18721,75.48209,337.53,0.51,0.49,2020-11-11,833,N,VIIRS,n,2,299.41,4.19,D,0
30.18795,75.74036,333.87,0.53,0.5,2020-11-11,833,N,VIIRS,n,2,298.62,6.88,D,0
30.18814,75.14108,354.5,0.49,0.48,2020-11-11,833,N,VIIRS,n,2,305.86,28.05,D,0
30.19025,75.5142,341.03,0.51,0.49,2020-11-11,833,N,VIIRS,n,2,302.46,4.44,D,0
30.19048,75.13879,335.31,0.48,0.48,2020-11-11,833,N,VIIRS,n,2,302.05,17.1,D,0
30.19076,75.51955,336.03,0.51,0.49,2020-11-11,833,N,VIIRS,n,2,300.66,5.16,D,0
30.19099,75.14388,342.29,0.49,0.48,2020-11-11,833,N,VIIRS,n,2,301.07,17.1,D,0
30.19144,76.15462,332.1,0.56,0.51,2020-11-11,833,N,VIIRS,n,2,299.81,2.51,D,0
30.19178,75.43305,333.76,0.5,0.49,2020-11-11,833,N,VIIRS,n,2,298.88,4.79,D,0
30.19229,75.43835,339.5,0.5,0.49,2020-11-11,833,N,VIIRS,n,2,300.08,4.79,D,0
30.1926,75.73981,337.22,0.53,0.5,2020-11-11,833,N,VIIRS,n,2,297.39,6.88,D,0
30.19386,76.07182,336.71,0.55,0.51,2020-11-11,833,N,VIIRS,n,2,302.97,18.81,D,0
30.19433,75.45963,340.73,0.51,0.49,2020-11-11,833,N,VIIRS,n,2,302.41,15.44,D,0
30.19437,76.07763,341.89,0.55,0.51,2020-11-11,833,N,VIIRS,n,2,303.06,18.81,D,0
30.19469,75.97277,340.14,0.54,0.51,2020-11-11,833,N,VIIRS,n,2,301.94,3.13,D,0
30.19484,75.51363,340.96,0.51,0.49,2020-11-11,833,N,VIIRS,n,2,301.44,9.3,D,0
30.19534,75.51899,341.33,0.51,0.49,2020-11-11,833,N,VIIRS,n,2,300.92,13.98,D,0
30.19734,75.39494,333.78,0.5,0.49,2020-11-11,833,N,VIIRS,n,2,300.35,3.22,D,0
30.1987,75.80658,330.37,0.53,0.5,2020-11-11,833,N,VIIRS,n,2,299.37,2.83,D,0
30.19888,75.65562,340.63,0.52,0.5,2020-11-11,833,N,VIIRS,n,2,299.99,6.9,D,0
30.19891,75.55666,341.98,0.51,0.5,2020-11-11,833,N,VIIRS,n,2,301.72,5.71,D,0
30.19954,75.02184,340.68,0.48,0.48,2020-11-11,833,N,VIIRS,n,2,302.6,3.36,D,0
30.19996,76.14178,340.43,0.56,0.51,2020-11-11,833,N,VIIRS,n,2,299.48,5,D,0
30.2004,75.42664,342.36,0.5,0.49,2020-11-11,833,N,VIIRS,n,2,300.78,4.36,D,0
30.20043,75.47508,341.17,0.51,0.49,2020-11-11,833,N,VIIRS,n,2,302.21,5.48,D,0
30.20176,75.29891,334.6,0.5,0.49,2020-11-11,833,N,VIIRS,n,2,300.13,2.61,D,0
30.20193,75.44256,342.1,0.51,0.49,2020-11-11,833,N,VIIRS,n,2,300.87,4.26,D,0
30.2024,75.29583,333.86,0.5,0.49,2020-11-11,833,N,VIIRS,n,2,300.12,4.19,D,0
30.20291,75.40493,331.38,0.5,0.49,2020-11-11,833,N,VIIRS,n,2,299.65,3,D,0
30.20501,75.47453,340.81,0.51,0.49,2020-11-11,833,N,VIIRS,n,2,299.74,5.48,D,0
30.20709,75.69348,336,0.52,0.5,2020-11-11,833,N,VIIRS,n,2,298.48,3.15,D,0
30.20963,75.77148,340.8,0.53,0.5,2020-11-11,833,N,VIIRS,n,2,299.81,4.31,D,0
30.21004,75.43085,331.16,0.5,0.49,2020-11-11,833,N,VIIRS,l,2,301.59,4.89,D,0
30.21019,75.67645,342.44,0.52,0.5,2020-11-11,833,N,VIIRS,n,2,301.82,15.51,D,0
30.21066,75.78261,342.66,0.53,0.5,2020-11-11,833,N,VIIRS,n,2,300.44,5.97,D,0
30.21076,75.43858,331.88,0.51,0.49,2020-11-11,833,N,VIIRS,l,2,302.32,5.76,D,0
30.21149,75.39559,331.67,0.5,0.49,2020-11-11,833,N,VIIRS,n,2,300.88,3.75,D,0
30.21248,75.15874,341.91,0.49,0.48,2020-11-11,833,N,VIIRS,n,2,301.89,6.58,D,0
30.21276,75.65398,347.66,0.52,0.5,2020-11-11,833,N,VIIRS,n,2,301.24,10.62,D,0
30.21359,75.12242,348.25,0.48,0.48,2020-11-11,833,N,VIIRS,n,2,305.71,10.37,D,0
30.21364,75.46808,340.15,0.51,0.49,2020-11-11,833,N,VIIRS,n,2,299.58,3.55,D,0
30.2137,75.51681,334.64,0.51,0.49,2020-11-11,833,N,VIIRS,n,2,301.07,4.6,D,0
30.21391,75.32915,331.47,0.5,0.49,2020-11-11,833,N,VIIRS,n,2,300.48,2.35,D,0
30.21434,75.03525,331.19,0.48,0.48,2020-11-11,833,N,VIIRS,l,2,304.26,21.57,D,0
30.21482,75.04028,342.23,0.48,0.48,2020-11-11,833,N,VIIRS,n,2,305.13,21.57,D,0
30.21508,75.48662,349.73,0.51,0.49,2020-11-11,833,N,VIIRS,n,2,303.45,17.18,D,0
30.2157,75.48945,341.11,0.51,0.49,2020-11-11,833,N,VIIRS,n,2,302.53,16.77,D,0
30.21601,75.14795,341.06,0.49,0.48,2020-11-11,833,N,VIIRS,n,2,300.54,5.39,D,0
30.21633,76.16363,333.78,0.56,0.51,2020-11-11,833,N,VIIRS,n,2,302.03,3.4,D,0
30.21684,76.16951,337.58,0.56,0.51,2020-11-11,833,N,VIIRS,n,2,302.32,3.4,D,0
30.21697,75.15818,343.27,0.49,0.48,2020-11-11,833,N,VIIRS,n,2,299.85,6.58,D,0
30.21712,75.25721,340.92,0.49,0.49,2020-11-11,833,N,VIIRS,n,2,300.03,8.32,D,0
30.21748,75.51347,336.91,0.51,0.49,2020-11-11,833,N,VIIRS,n,2,300.21,2.31,D,0
30.21807,75.12186,337.74,0.48,0.48,2020-11-11,833,N,VIIRS,n,2,300.27,3.29,D,0
30.21893,75.5296,341.19,0.51,0.49,2020-11-11,833,N,VIIRS,n,2,299.56,4.48,D,0
30.21941,75.53499,336.28,0.51,0.5,2020-11-11,833,N,VIIRS,n,2,300.41,4.48,D,0
30.21946,75.67534,336.29,0.52,0.5,2020-11-11,833,N,VIIRS,n,2,300.37,6.14,D,0
30.21984,75.53237,335.45,0.51,0.49,2020-11-11,833,N,VIIRS,n,2,299.67,7.33,D,0
30.22035,75.53774,334.52,0.51,0.49,2020-11-11,833,N,VIIRS,n,2,300.4,3.25,D,0
30.2211,76.16307,332.36,0.56,0.51,2020-11-11,833,N,VIIRS,n,2,302.13,3.4,D,0
30.22131,75.20436,343.14,0.49,0.49,2020-11-11,833,N,VIIRS,n,2,299.15,8.24,D,0
30.22197,75.60325,347.65,0.52,0.5,2020-11-11,833,N,VIIRS,n,2,301.57,10.52,D,0
30.22352,75.52905,336.42,0.51,0.49,2020-11-11,833,N,VIIRS,n,2,299.14,4.48,D,0
30.22352,75.61956,330.26,0.52,0.5,2020-11-11,833,N,VIIRS,n,2,300.03,3.58,D,0
30.22455,75.28783,333.66,0.5,0.49,2020-11-11,833,N,VIIRS,n,2,299.28,3.21,D,0
30.22497,75.54522,333.88,0.51,0.5,2020-11-11,833,N,VIIRS,n,2,300.32,5.84,D,0
30.22509,75.10043,343.28,0.48,0.48,2020-11-11,833,N,VIIRS,n,2,300.01,5.66,D,0
30.22525,76.21031,343.68,0.56,0.52,2020-11-11,833,N,VIIRS,n,2,301.5,6.89,D,0
30.22547,75.54258,343.35,0.51,0.5,2020-11-11,833,N,VIIRS,n,2,300.82,4.46,D,0
30.22567,75.2509,341.12,0.49,0.49,2020-11-11,833,N,VIIRS,n,2,302.89,9.03,D,0
30.22582,75.20381,341.83,0.49,0.49,2020-11-11,833,N,VIIRS,n,2,301.58,4.65,D,0
30.22595,75.15706,340.68,0.49,0.48,2020-11-11,833,N,VIIRS,n,2,298.77,6.28,D,0
30.22618,75.50697,340.94,0.51,0.49,2020-11-11,833,N,VIIRS,n,2,302.38,12.46,D,0
30.22631,75.35644,340.19,0.5,0.49,2020-11-11,833,N,VIIRS,n,2,300.64,8.45,D,0
30.22665,75.61633,340.46,0.52,0.5,2020-11-11,833,N,VIIRS,n,2,300.86,8.19,D,0
30.22679,75.3617,341.5,0.5,0.49,2020-11-11,833,N,VIIRS,n,2,301.1,8.45,D,0
30.22694,75.50978,343.12,0.51,0.49,2020-11-11,833,N,VIIRS,n,2,303.01,12.06,D,0
30.22736,75.46645,342.29,0.51,0.49,2020-11-11,833,N,VIIRS,n,2,303.76,5.05,D,0
30.22737,75.46889,341.33,0.51,0.49,2020-11-11,833,N,VIIRS,n,2,303.85,7.53,D,0
30.22751,75.12585,339.98,0.48,0.48,2020-11-11,833,N,VIIRS,n,2,302.72,4.17,D,0
30.22814,75.61901,337,0.52,0.5,2020-11-11,833,N,VIIRS,n,2,299.33,3.58,D,0
30.23019,75.25034,341.48,0.49,0.49,2020-11-11,833,N,VIIRS,n,2,300.76,8.6,D,0
30.23052,75.66013,333,0.52,0.5,2020-11-11,833,N,VIIRS,n,2,297.96,5.52,D,0
30.23068,75.40395,331.21,0.5,0.49,2020-11-11,833,N,VIIRS,n,2,299.95,1.58,D,0
30.23076,75.50641,343.24,0.51,0.49,2020-11-11,833,N,VIIRS,n,2,301.64,12.46,D,0
30.23101,75.66561,342.65,0.52,0.5,2020-11-11,833,N,VIIRS,n,2,299.17,5.52,D,0
30.23153,75.50924,341.5,0.51,0.49,2020-11-11,833,N,VIIRS,n,2,300.63,9.83,D,0
30.23231,75.6627,339.09,0.52,0.5,2020-11-11,833,N,VIIRS,n,2,298.07,10.99,D,0
30.23341,75.72382,354.36,0.53,0.5,2020-11-11,833,N,VIIRS,n,2,299.76,7.22,D,0
30.23524,75.4034,343.65,0.5,0.49,2020-11-11,833,N,VIIRS,n,2,300.07,7.89,D,0
30.23616,75.26535,340.06,0.49,0.49,2020-11-11,833,N,VIIRS,n,2,299.5,9.02,D,0
30.23636,75.72633,347.68,0.53,0.5,2020-11-11,833,N,VIIRS,n,2,298.42,10.32,D,0
30.23806,75.72327,332.75,0.53,0.5,2020-11-11,833,N,VIIRS,n,2,297.29,7.22,D,0
30.23859,75.72881,340.36,0.53,0.5,2020-11-11,833,N,VIIRS,n,2,297.73,7.22,D,0
30.239,75.10381,337.26,0.48,0.48,2020-11-11,833,N,VIIRS,n,2,302.28,2.96,D,0
30.24092,75.36529,341.63,0.5,0.49,2020-11-11,833,N,VIIRS,n,2,305.79,17.25,D,0
30.24559,76.4451,332.62,0.58,0.52,2020-11-11,833,N,VIIRS,n,2,301.42,2.06,D,0
30.24755,75.33789,331.22,0.5,0.49,2020-11-11,833,N,VIIRS,n,2,299.68,7.8,D,0
30.24784,75.19587,340.97,0.49,0.49,2020-11-11,833,N,VIIRS,n,2,303.8,13.47,D,0
30.24785,75.69699,338.54,0.52,0.5,2020-11-11,833,N,VIIRS,n,2,298.66,4.91,D,0
30.24815,75.93196,339.98,0.54,0.51,2020-11-11,833,N,VIIRS,n,2,301.85,3.85,D,0
30.24897,75.06666,351.96,0.48,0.48,2020-11-11,833,N,VIIRS,n,2,301.4,7.76,D,0
30.24936,75.69404,330.43,0.52,0.5,2020-11-11,833,N,VIIRS,n,2,298.67,2.27,D,0
30.2494,75.40701,340.74,0.5,0.49,2020-11-11,833,N,VIIRS,n,2,299.15,4.13,D,0
30.24981,75.21649,333.45,0.49,0.49,2020-11-11,833,N,VIIRS,n,2,300.21,3.95,D,0
30.25061,75.3216,351.8,0.5,0.49,2020-11-11,833,N,VIIRS,n,2,304.35,21.37,D,0
30.25233,75.1953,341.51,0.49,0.49,2020-11-11,833,N,VIIRS,n,2,301.97,12.94,D,0
30.25242,75.10213,342.6,0.48,0.48,2020-11-11,833,N,VIIRS,n,2,306.87,21.72,D,0
30.25297,75.39586,333.28,0.5,0.49,2020-11-11,833,N,VIIRS,n,2,300.47,3,D,0
30.25443,75.07623,334.32,0.48,0.48,2020-11-11,833,N,VIIRS,n,2,300.24,3.88,D,0
30.25489,75.12759,340.92,0.49,0.48,2020-11-11,833,N,VIIRS,n,2,301.26,6.69,D,0
30.25539,75.13271,347.46,0.49,0.48,2020-11-11,833,N,VIIRS,n,2,300.44,7.71,D,0
30.2568,75.48697,333.5,0.51,0.49,2020-11-11,833,N,VIIRS,n,2,299.29,3.69,D,0
30.2569,75.10157,343.37,0.48,0.48,2020-11-11,833,N,VIIRS,n,2,304.89,21.72,D,0
30.25715,75.54134,340.36,0.51,0.5,2020-11-11,833,N,VIIRS,n,2,300.35,3.43,D,0
30.25792,75.75741,330.32,0.53,0.5,2020-11-11,833,N,VIIRS,n,2,299.85,5.99,D,0
30.25902,75.4112,343.02,0.5,0.49,2020-11-11,833,N,VIIRS,n,2,300.35,5.43,D,0
30.26037,75.13725,336.13,0.49,0.48,2020-11-11,833,N,VIIRS,n,2,299.34,7.71,D,0
30.26037,75.7599,333.41,0.53,0.5,2020-11-11,833,N,VIIRS,n,2,298.68,4.5,D,0
30.26049,75.81068,331.15,0.53,0.5,2020-11-11,833,N,VIIRS,n,2,300.64,3.88,D,0
30.26138,75.48641,332.19,0.51,0.49,2020-11-11,833,N,VIIRS,n,2,298.51,9.42,D,0
30.26374,75.56243,342.36,0.51,0.5,2020-11-11,833,N,VIIRS,n,2,302.84,16.53,D,0
30.26477,75.27761,338.88,0.5,0.49,2020-11-11,833,N,VIIRS,n,2,299.95,4.56,D,0
30.26596,75.48586,354.71,0.51,0.49,2020-11-11,833,N,VIIRS,n,2,303.37,9.42,D,0
30.26634,75.10554,330.39,0.48,0.48,2020-11-11,833,N,VIIRS,n,2,298.92,5.13,D,0
30.26734,75.11571,351.74,0.48,0.48,2020-11-11,833,N,VIIRS,n,2,301.37,7.59,D,0
30.26741,75.70583,341.99,0.52,0.5,2020-11-11,833,N,VIIRS,n,2,298.24,6.42,D,0
30.26871,75.61681,341.45,0.52,0.5,2020-11-11,833,N,VIIRS,n,2,301.82,7.98,D,0
30.26921,75.62225,339.34,0.52,0.5,2020-11-11,833,N,VIIRS,n,2,301.38,7.56,D,0
30.27056,75.68871,352.92,0.52,0.5,2020-11-11,833,N,VIIRS,n,2,302.61,12.41,D,0
30.27082,75.10498,334.62,0.48,0.48,2020-11-11,833,N,VIIRS,n,2,298.6,6.93,D,0
30.27295,75.56132,339.48,0.51,0.5,2020-11-11,833,N,VIIRS,n,2,301.79,8.79,D,0
30.27344,75.56674,340.79,0.51,0.5,2020-11-11,833,N,VIIRS,n,2,301.65,13.38,D,0
30.27401,75.88609,339.91,0.54,0.51,2020-11-11,833,N,VIIRS,n,2,301.83,2.94,D,0
30.27432,75.14069,354.62,0.49,0.48,2020-11-11,833,N,VIIRS,n,2,306.45,19.28,D,0
30.2748,75.09934,346.02,0.48,0.48,2020-11-11,833,N,VIIRS,n,2,300.4,6.93,D,0
30.27503,76.11886,336.26,0.56,0.51,2020-11-11,833,N,VIIRS,n,2,301.72,3.1,D,0
30.27518,76.12136,338.01,0.55,0.51,2020-11-11,833,N,VIIRS,n,2,301.97,3.44,D,0
30.27563,75.49013,341.23,0.51,0.49,2020-11-11,833,N,VIIRS,n,2,304.13,13.43,D,0
30.27633,75.30258,347.62,0.5,0.49,2020-11-11,833,N,VIIRS,n,2,304.51,20.18,D,0
30.27833,75.32352,339.79,0.5,0.49,2020-11-11,833,N,VIIRS,n,2,300.07,1.83,D,0
30.27883,75.18683,355.15,0.49,0.49,2020-11-11,833,N,VIIRS,n,2,302.36,15.62,D,0
30.28179,75.98592,337.1,0.54,0.51,2020-11-11,833,N,VIIRS,n,2,300.67,2.43,D,0
30.28302,75.98892,337.07,0.55,0.51,2020-11-11,833,N,VIIRS,n,2,301.28,4.33,D,0
30.28356,76.10606,349.95,0.55,0.51,2020-11-11,833,N,VIIRS,n,2,304.16,7.81,D,0
30.28363,76.1086,341.6,0.55,0.51,2020-11-11,833,N,VIIRS,n,2,304.89,6.86,D,0
30.28388,75.28582,340.47,0.5,0.49,2020-11-11,833,N,VIIRS,n,2,302.26,6.1,D,0
30.28425,75.07624,334.2,0.48,0.48,2020-11-11,833,N,VIIRS,n,2,300.42,3.41,D,0
30.28475,75.1084,337.66,0.48,0.48,2020-11-11,833,N,VIIRS,n,2,299.65,6.59,D,0
30.28538,75.25405,341.12,0.49,0.49,2020-11-11,833,N,VIIRS,n,2,302.13,9,D,0
30.2862,75.07738,337.9,0.48,0.48,2020-11-11,833,N,VIIRS,n,2,302.01,2.85,D,0
30.28639,75.26443,340.18,0.49,0.49,2020-11-11,833,N,VIIRS,n,2,300.78,4.44,D,0
30.2864,75.35974,339.3,0.5,0.49,2020-11-11,833,N,VIIRS,n,2,300.24,11.68,D,0
30.28676,75.55968,340.17,0.51,0.5,2020-11-11,833,N,VIIRS,n,2,300.72,3.37,D,0
30.2869,75.36502,342.28,0.5,0.49,2020-11-11,833,N,VIIRS,n,2,304.69,11.68,D,0
30.28707,75.10679,332.5,0.48,0.48,2020-11-11,833,N,VIIRS,n,2,299.73,1.36,D,0
30.28728,75.13392,330.78,0.49,0.48,2020-11-11,833,N,VIIRS,n,2,300.47,2.73,D,0
30.28894,75.94766,346,0.54,0.51,2020-11-11,833,N,VIIRS,n,2,301.7,7.47,D,0
30.28935,75.20118,340.42,0.49,0.49,2020-11-11,833,N,VIIRS,n,2,300.1,6.39,D,0
30.28979,75.59225,333.54,0.52,0.5,2020-11-11,833,N,VIIRS,n,2,298.58,3.89,D,0
30.29087,75.21668,341.98,0.49,0.49,2020-11-11,833,N,VIIRS,n,2,302.63,11.08,D,0
30.29137,75.55911,341.47,0.51,0.5,2020-11-11,833,N,VIIRS,n,2,298.95,3.37,D,0
30.29138,75.22185,345.45,0.49,0.49,2020-11-11,833,N,VIIRS,n,2,300.96,8.8,D,0
30.29289,75.23738,334.71,0.49,0.49,2020-11-11,833,N,VIIRS,n,2,298.95,6.7,D,0
30.29366,75.94709,350.74,0.54,0.51,2020-11-11,833,N,VIIRS,n,2,300.76,6.84,D,0
30.29391,75.13175,330.55,0.49,0.48,2020-11-11,833,N,VIIRS,n,2,298.62,4.52,D,0
30.29391,75.24776,342.52,0.49,0.49,2020-11-11,833,N,VIIRS,n,2,305.61,14.45,D,0
30.29417,75.95283,335.56,0.54,0.51,2020-11-11,833,N,VIIRS,n,2,300.18,6.84,D,0
30.29442,75.25294,338.62,0.49,0.49,2020-11-11,833,N,VIIRS,n,2,300.42,14.17,D,0
30.29538,75.21614,346.09,0.49,0.49,2020-11-11,833,N,VIIRS,n,2,305.42,11.08,D,0
30.29547,75.31084,331.51,0.5,0.49,2020-11-11,833,N,VIIRS,n,2,301.85,2.57,D,0
30.29551,76.02244,335.28,0.55,0.51,2020-11-11,833,N,VIIRS,n,2,299.72,3.29,D,0
30.29576,75.05427,340.26,0.48,0.48,2020-11-11,833,N,VIIRS,n,2,299.52,5.31,D,0
30.29582,76.08105,343.32,0.55,0.51,2020-11-11,833,N,VIIRS,n,2,302.33,6.36,D,0
30.29589,75.2213,333.8,0.49,0.49,2020-11-11,833,N,VIIRS,n,2,299.39,8.8,D,0
30.29605,75.04032,345.02,0.48,0.48,2020-11-11,833,N,VIIRS,n,2,302.29,9.69,D,0
30.2963,75.71358,338.07,0.53,0.5,2020-11-11,833,N,VIIRS,n,2,300.93,4.94,D,0
30.297,75.21468,334.52,0.49,0.49,2020-11-11,833,N,VIIRS,n,2,300.38,6.18,D,0
30.29703,75.42272,353.67,0.51,0.49,2020-11-11,833,N,VIIRS,n,2,304.82,25.49,D,0
30.29747,75.21986,341.18,0.49,0.49,2020-11-11,833,N,VIIRS,n,2,301.55,6.18,D,0
30.29753,76.04559,339.03,0.55,0.51,2020-11-11,833,N,VIIRS,n,2,301.06,5.5,D,0
30.29768,75.10166,334.21,0.48,0.48,2020-11-11,833,N,VIIRS,n,2,298.76,5.56,D,0
30.29771,75.99303,344.01,0.55,0.51,2020-11-11,833,N,VIIRS,n,2,301.73,7,D,0
30.2988,75.03855,340.68,0.48,0.48,2020-11-11,833,N,VIIRS,n,2,300.43,12.99,D,0
30.29918,76.28989,339.32,0.57,0.52,2020-11-11,833,N,VIIRS,n,2,300.87,5.46,D,0
30.29983,75.14656,338.3,0.49,0.48,2020-11-11,833,N,VIIRS,n,2,299.52,4.05,D,0
30.29995,75.26279,342.43,0.49,0.49,2020-11-11,833,N,VIIRS,n,2,303.21,10.12,D,0
30.30047,76.29214,341.38,0.57,0.52,2020-11-11,833,N,VIIRS,n,2,301.48,5.33,D,0
30.30097,75.27319,340.84,0.5,0.49,2020-11-11,833,N,VIIRS,n,2,301.08,3.69,D,0
30.30101,75.66282,356.02,0.52,0.5,2020-11-11,833,N,VIIRS,n,2,299.98,13.46,D,0
30.30114,75.09093,337.56,0.48,0.48,2020-11-11,833,N,VIIRS,n,2,298.78,5.09,D,0
30.30146,75.71857,341.17,0.53,0.5,2020-11-11,833,N,VIIRS,n,2,301.08,8.34,D,0
30.30165,75.09602,340.77,0.48,0.48,2020-11-11,833,N,VIIRS,n,2,299.86,5.56,D,0
30.3022,75.88279,342.42,0.54,0.51,2020-11-11,833,N,VIIRS,n,2,304.48,12.32,D,0
30.30241,75.12553,331.35,0.49,0.48,2020-11-11,833,N,VIIRS,n,2,298.09,4.31,D,0
30.30277,75.15273,331.58,0.49,0.48,2020-11-11,833,N,VIIRS,n,2,301.41,2.98,D,0
30.30404,75.09436,342.36,0.48,0.48,2020-11-11,833,N,VIIRS,n,2,302.77,14.83,D,0
30.30421,75.04809,346.54,0.48,0.48,2020-11-11,833,N,VIIRS,n,2,304.56,25.32,D,0
30.30482,75.17326,334.62,0.49,0.48,2020-11-11,833,N,VIIRS,n,2,300.59,5.95,D,0
30.30499,75.10455,355.67,0.48,0.48,2020-11-11,833,N,VIIRS,n,2,300.48,10.39,D,0
30.30532,75.17839,343.58,0.49,0.48,2020-11-11,833,N,VIIRS,n,2,305.81,16.2,D,0
30.30622,75.16656,343.38,0.49,0.48,2020-11-11,833,N,VIIRS,n,2,302.44,3.35,D,0
30.30718,75.17685,355.77,0.49,0.49,2020-11-11,833,N,VIIRS,n,2,304.23,21.68,D,0
30.30755,75.08362,345.07,0.48,0.48,2020-11-11,833,N,VIIRS,n,2,300.63,4.73,D,0
30.30769,75.28169,331.04,0.5,0.49,2020-11-11,833,N,VIIRS,l,2,301.67,3.96,D,0
30.3088,75.16757,343.57,0.49,0.48,2020-11-11,833,N,VIIRS,n,2,301.79,5.95,D,0
30.30914,75.357,331.99,0.5,0.49,2020-11-11,833,N,VIIRS,n,2,299.45,2.41,D,0
30.30923,75.45361,337.76,0.51,0.49,2020-11-11,833,N,VIIRS,n,2,300.03,6.14,D,0
30.30984,75.35583,330.58,0.5,0.49,2020-11-11,833,N,VIIRS,n,2,299.65,3.03,D,0
30.3108,75.61731,335.02,0.52,0.5,2020-11-11,833,N,VIIRS,n,2,299.63,3.46,D,0
30.31317,75.35118,333.1,0.5,0.49,2020-11-11,833,N,VIIRS,n,2,300.73,3.58,D,0
30.3133,75.1449,346.17,0.49,0.48,2020-11-11,833,N,VIIRS,n,2,302.09,15.47,D,0
30.31391,75.34998,341.31,0.5,0.49,2020-11-11,833,N,VIIRS,n,2,300.84,3.03,D,0
30.3141,75.0571,340.72,0.48,0.48,2020-11-11,833,N,VIIRS,n,2,300.09,4.84,D,0
30.31531,75.26493,341.14,0.5,0.49,2020-11-11,833,N,VIIRS,n,2,305.34,14.19,D,0
30.31731,75.13921,340.1,0.49,0.48,2020-11-11,833,N,VIIRS,n,2,300.89,5.4,D,0
30.31745,75.53956,341.19,0.51,0.5,2020-11-11,833,N,VIIRS,n,2,300.95,6.37,D,0
30.31779,75.14433,335.95,0.49,0.48,2020-11-11,833,N,VIIRS,n,2,298.8,5.4,D,0
30.31848,75.55039,341.57,0.51,0.5,2020-11-11,833,N,VIIRS,n,2,298.39,3.91,D,0
30.31855,75.26578,353.22,0.49,0.49,2020-11-11,833,N,VIIRS,n,2,304.83,14.45,D,0
30.31899,75.55581,330.21,0.51,0.5,2020-11-11,833,N,VIIRS,n,2,298.35,3.91,D,0
30.31923,75.15974,338.68,0.49,0.48,2020-11-11,833,N,VIIRS,n,2,301.32,30.97,D,0
30.31972,75.16488,354.22,0.49,0.48,2020-11-11,833,N,VIIRS,n,2,312.89,30.97,D,0
30.31983,75.26436,341.12,0.5,0.49,2020-11-11,833,N,VIIRS,n,2,300.69,5.62,D,0
30.3202,75.17003,342.31,0.49,0.48,2020-11-11,833,N,VIIRS,n,2,300.6,7.65,D,0
30.32061,75.28663,341.19,0.5,0.49,2020-11-11,833,N,VIIRS,n,2,302.27,3.98,D,0
30.32176,75.28527,340.69,0.5,0.49,2020-11-11,833,N,VIIRS,n,2,301.81,8.97,D,0
30.3223,75.49441,340.25,0.51,0.49,2020-11-11,833,N,VIIRS,n,2,300.59,7.4,D,0
30.32251,75.49535,336.12,0.51,0.49,2020-11-11,833,N,VIIRS,n,2,299.98,4.28,D,0
30.32278,75.35534,348.04,0.5,0.49,2020-11-11,833,N,VIIRS,n,2,300.56,9.32,D,0
30.3229,75.10231,339.48,0.48,0.48,2020-11-11,833,N,VIIRS,n,2,299.64,5.02,D,0
30.32349,75.35413,340.18,0.5,0.49,2020-11-11,833,N,VIIRS,n,2,299.77,5.95,D,0
30.32567,75.57697,347.69,0.52,0.5,2020-11-11,833,N,VIIRS,n,2,300.58,11.54,D,0
30.3259,75.38058,333.76,0.5,0.49,2020-11-11,833,N,VIIRS,n,2,298.94,2.6,D,0
30.32713,76.00127,331.85,0.55,0.51,2020-11-11,833,N,VIIRS,n,2,302.22,3.97,D,0
30.32792,75.25284,340.72,0.49,0.49,2020-11-11,833,N,VIIRS,n,2,301.76,6.76,D,0
30.32856,75.56471,330.92,0.52,0.5,2020-11-11,833,N,VIIRS,n,2,300.64,2.92,D,0
30.32924,75.56554,330.92,0.52,0.5,2020-11-11,833,N,VIIRS,n,2,300.67,1.57,D,0
30.3293,75.52081,340.94,0.51,0.5,2020-11-11,833,N,VIIRS,n,2,301.78,7.09,D,0
30.32969,75.52172,342.35,0.51,0.5,2020-11-11,833,N,VIIRS,n,2,303.41,7.52,D,0
30.32978,75.52622,332.09,0.51,0.5,2020-11-11,833,N,VIIRS,n,2,299.35,7.09,D,0
30.32985,75.67056,348.09,0.52,0.5,2020-11-11,833,N,VIIRS,n,2,302.31,7.69,D,0
30.32992,75.3812,335.33,0.5,0.49,2020-11-11,833,N,VIIRS,n,2,299.01,6.22,D,0
30.33046,75.38002,333.05,0.5,0.49,2020-11-11,833,N,VIIRS,n,2,299.07,3.86,D,0
30.3305,75.23149,331.61,0.49,0.49,2020-11-11,833,N,VIIRS,n,2,300.65,2.99,D,0
30.33325,75.31034,330.95,0.5,0.49,2020-11-11,833,N,VIIRS,l,2,301.19,4.37,D,0
30.33356,75.41832,344.53,0.51,0.49,2020-11-11,833,N,VIIRS,n,2,302.7,15.95,D,0
30.33385,75.4172,356.33,0.51,0.49,2020-11-11,833,N,VIIRS,n,2,302.45,15.92,D,0
30.33392,75.61456,334.48,0.52,0.5,2020-11-11,833,N,VIIRS,n,2,300.24,6.07,D,0
30.33417,75.17349,331.9,0.49,0.49,2020-11-11,833,N,VIIRS,n,2,299.81,2.11,D,0
30.33609,75.73692,333.45,0.53,0.5,2020-11-11,833,N,VIIRS,n,2,299.69,3.43,D,0
30.33925,75.32555,349.67,0.5,0.49,2020-11-11,833,N,VIIRS,n,2,308.53,23.3,D,0
30.33972,76.03491,335.68,0.55,0.51,2020-11-11,833,N,VIIRS,n,2,302.09,5.15,D,0
30.34096,75.00775,340.88,0.48,0.48,2020-11-11,833,N,VIIRS,n,2,299.42,4.03,D,0
30.34236,75.80397,348.58,0.53,0.5,2020-11-11,833,N,VIIRS,n,2,302.23,8.58,D,0
30.34246,75.26158,345.62,0.5,0.49,2020-11-11,833,N,VIIRS,n,2,304.99,11.57,D,0
30.34377,75.47549,336.92,0.51,0.49,2020-11-11,833,N,VIIRS,n,2,301.61,4.93,D,0
30.34392,75.27724,338.46,0.5,0.49,2020-11-11,833,N,VIIRS,n,2,303.47,6.93,D,0
30.34394,75.82085,334.14,0.53,0.5,2020-11-11,833,N,VIIRS,n,2,300.53,3.48,D,0
30.34441,75.28246,341.19,0.5,0.49,2020-11-11,833,N,VIIRS,n,2,304.61,12.23,D,0
30.346,75.2506,339.99,0.49,0.49,2020-11-11,833,N,VIIRS,n,2,301.18,12.98,D,0
30.34671,75.5078,331.88,0.51,0.49,2020-11-11,833,N,VIIRS,n,2,300.29,3.99,D,0
30.34704,75.80342,335.52,0.53,0.5,2020-11-11,833,N,VIIRS,n,2,298.29,5.17,D,0
30.34744,75.70756,345.05,0.53,0.5,2020-11-11,833,N,VIIRS,n,2,301.92,6.51,D,0
30.34955,76.25393,334.86,0.57,0.52,2020-11-11,833,N,VIIRS,n,2,301.8,5.13,D,0
30.34964,75.54023,340.93,0.51,0.5,2020-11-11,833,N,VIIRS,n,2,300.47,7.5,D,0
30.35046,75.70642,342.92,0.53,0.5,2020-11-11,833,N,VIIRS,n,2,301.24,7,D,0
30.35049,75.44756,330.29,0.51,0.49,2020-11-11,833,N,VIIRS,n,2,300.44,1.59,D,0
30.35052,75.25005,367,0.49,0.49,2020-11-11,833,N,VIIRS,h,2,306.38,12.98,D,0
30.35077,75.10918,344.81,0.49,0.48,2020-11-11,833,N,VIIRS,n,2,300.91,6.9,D,0
30.35131,75.50725,341.64,0.51,0.49,2020-11-11,833,N,VIIRS,n,2,301.54,14.31,D,0
30.3543,75.05211,342.87,0.48,0.48,2020-11-11,833,N,VIIRS,n,2,303.52,9.66,D,0
30.35434,75.85896,331.89,0.54,0.51,2020-11-11,833,N,VIIRS,n,2,299.72,1.94,D,0
30.35702,75.27034,346.33,0.5,0.49,2020-11-11,833,N,VIIRS,n,2,303.59,6.42,D,0
30.3578,75.71754,331,0.53,0.5,2020-11-11,833,N,VIIRS,n,2,301.49,1.94,D,0
30.35819,75.58318,341.22,0.52,0.5,2020-11-11,833,N,VIIRS,n,2,300.87,5.9,D,0
30.35829,75.0005,335.74,0.48,0.48,2020-11-11,833,N,VIIRS,n,2,300.33,3.58,D,0
30.35877,75.05154,342.08,0.48,0.48,2020-11-11,833,N,VIIRS,n,2,299.43,9.66,D,0
30.36074,75.71643,340.2,0.53,0.5,2020-11-11,833,N,VIIRS,n,2,301.93,4.31,D,0
30.36101,75.77276,337.72,0.53,0.5,2020-11-11,833,N,VIIRS,n,2,298.26,5.85,D,0
30.36132,75.56626,341.96,0.52,0.5,2020-11-11,833,N,VIIRS,n,2,302.87,8.7,D,0
30.36245,75.717,330.43,0.53,0.5,2020-11-11,833,N,VIIRS,n,2,300.5,1.94,D,0
30.36309,75.77322,337.1,0.53,0.5,2020-11-11,833,N,VIIRS,n,2,298.89,2.55,D,0
30.3636,75.48943,332.03,0.51,0.49,2020-11-11,833,N,VIIRS,n,2,301.44,2.56,D,0
30.36394,75.9854,337.23,0.55,0.51,2020-11-11,833,N,VIIRS,n,2,301.51,7.4,D,0
30.36731,75.42929,342.96,0.51,0.49,2020-11-11,833,N,VIIRS,n,2,302.83,7.66,D,0
30.36766,76.02586,336.35,0.55,0.51,2020-11-11,833,N,VIIRS,n,2,299.13,4.78,D,0
30.36818,75.14845,343.47,0.49,0.48,2020-11-11,833,N,VIIRS,n,2,303.57,11.22,D,0
30.36819,75.48886,349.98,0.51,0.49,2020-11-11,833,N,VIIRS,n,2,301.2,7.72,D,0
30.36855,75.29539,341.05,0.5,0.49,2020-11-11,833,N,VIIRS,n,2,302.29,7.06,D,0
30.36932,76.20349,333.28,0.56,0.52,2020-11-11,833,N,VIIRS,n,2,300.86,1.94,D,0
30.37514,75.03412,340.14,0.48,0.48,2020-11-11,833,N,VIIRS,n,2,298.67,7.25,D,0
30.37517,75.17364,342.7,0.49,0.49,2020-11-11,833,N,VIIRS,n,2,304.13,24.21,D,0
30.37617,75.13708,341.18,0.49,0.48,2020-11-11,833,N,VIIRS,n,2,302.07,7.01,D,0
30.37708,75.33689,343.54,0.5,0.49,2020-11-11,833,N,VIIRS,n,2,307.17,12.68,D,0
30.37908,75.35802,334.97,0.5,0.49,2020-11-11,833,N,VIIRS,n,2,301.06,6.59,D,0
30.3799,76.10692,344.83,0.56,0.51,2020-11-11,833,N,VIIRS,n,2,302.71,10.32,D,0
30.38031,76.10652,346.25,0.56,0.51,2020-11-11,833,N,VIIRS,n,2,302.46,9.34,D,0
30.3811,75.04874,350.13,0.48,0.48,2020-11-11,833,N,VIIRS,n,2,304.41,13.23,D,0
30.3816,75.05382,341.1,0.48,0.48,2020-11-11,833,N,VIIRS,n,2,301.06,13.23,D,0
30.38162,75.33633,345.69,0.5,0.49,2020-11-11,833,N,VIIRS,n,2,301.06,12.49,D,0
30.38217,75.24616,344.07,0.49,0.49,2020-11-11,833,N,VIIRS,n,2,303.72,12.14,D,0
30.38263,75.34689,335.7,0.5,0.49,2020-11-11,833,N,VIIRS,n,2,299.32,9.36,D,0
30.38366,75.30946,330.72,0.5,0.49,2020-11-11,833,N,VIIRS,l,2,301.62,1.9,D,0
30.38368,75.26179,341.83,0.5,0.49,2020-11-11,833,N,VIIRS,n,2,305.1,9.82,D,0
30.38377,75.60777,343.75,0.52,0.5,2020-11-11,833,N,VIIRS,n,2,301.29,6.92,D,0
30.38411,75.07925,338.95,0.48,0.48,2020-11-11,833,N,VIIRS,n,2,298.92,5.01,D,0
30.38456,75.03807,335.25,0.48,0.48,2020-11-11,833,N,VIIRS,n,2,298.67,3.85,D,0
30.38601,75.00723,339.18,0.48,0.48,2020-11-11,833,N,VIIRS,n,2,300.49,6.06,D,0
30.38607,75.05326,342.06,0.48,0.48,2020-11-11,833,N,VIIRS,n,2,298.58,13.23,D,0
30.38613,75.09965,337.35,0.48,0.48,2020-11-11,833,N,VIIRS,n,2,298.96,6.17,D,0
30.38694,75.03967,336.58,0.48,0.48,2020-11-11,833,N,VIIRS,n,2,299.3,2.69,D,0
30.38778,75.65168,341.41,0.52,0.5,2020-11-11,833,N,VIIRS,n,2,301.75,10.79,D,0
30.38787,75.0498,337.05,0.48,0.48,2020-11-11,833,N,VIIRS,n,2,299.6,5.42,D,0
30.38811,75.0037,341.42,0.48,0.48,2020-11-11,833,N,VIIRS,n,2,302.02,4.22,D,0
30.3906,75.09907,352.66,0.48,0.48,2020-11-11,833,N,VIIRS,n,2,300.44,6.17,D,0
30.39072,76.27959,340.95,0.57,0.52,2020-11-11,833,N,VIIRS,n,2,302.57,5.5,D,0
30.39111,75.10417,336.74,0.49,0.48,2020-11-11,833,N,VIIRS,n,2,298.37,6.17,D,0
30.39211,75.09567,330.53,0.49,0.48,2020-11-11,833,N,VIIRS,n,2,298.05,2.71,D,0
30.39242,75.65113,343.08,0.52,0.5,2020-11-11,833,N,VIIRS,n,2,300.26,7.56,D,0
30.39252,75.60118,340.68,0.52,0.5,2020-11-11,833,N,VIIRS,n,2,301.11,7.22,D,0
30.39258,75.10078,340.62,0.49,0.48,2020-11-11,833,N,VIIRS,n,2,299.06,5.02,D,0
30.39265,75.50227,331.5,0.51,0.49,2020-11-11,833,N,VIIRS,n,2,300.61,18.65,D,0
30.39315,75.50765,343.45,0.51,0.5,2020-11-11,833,N,VIIRS,n,2,307.71,18.65,D,0
30.39373,75.41531,332.67,0.51,0.49,2020-11-11,833,N,VIIRS,n,2,302.63,9.07,D,0
30.39424,75.42064,367,0.51,0.49,2020-11-11,833,N,VIIRS,h,2,305.31,9.07,D,0
30.39481,76.27892,333.71,0.57,0.52,2020-11-11,833,N,VIIRS,n,2,300.43,7.71,D,0
30.39508,75.0985,334.54,0.48,0.48,2020-11-11,833,N,VIIRS,n,2,299.32,3.57,D,0
30.3957,75.19724,340.66,0.49,0.49,2020-11-11,833,N,VIIRS,n,2,301.11,6.83,D,0
30.39618,75.54012,342.09,0.51,0.5,2020-11-11,833,N,VIIRS,n,2,301.34,5.12,D,0
30.39621,75.20241,340.79,0.49,0.49,2020-11-11,833,N,VIIRS,n,2,299.66,9.12,D,0
30.39659,75.0951,333.68,0.49,0.48,2020-11-11,833,N,VIIRS,n,2,298.17,2.71,D,0
30.39666,75.16056,341.06,0.49,0.48,2020-11-11,833,N,VIIRS,n,2,299.37,5.03,D,0
30.39706,75.10021,330.94,0.49,0.48,2020-11-11,833,N,VIIRS,n,2,297.89,5.02,D,0
30.39777,75.15724,331.45,0.49,0.49,2020-11-11,833,N,VIIRS,n,2,299.16,4.21,D,0
30.39824,75.1624,333.62,0.49,0.49,2020-11-11,833,N,VIIRS,n,2,298.81,6.17,D,0
30.3983,75.41476,337.49,0.51,0.49,2020-11-11,833,N,VIIRS,n,2,302.29,5.07,D,0
30.39957,75.09795,338.5,0.48,0.48,2020-11-11,833,N,VIIRS,n,2,298.1,3.57,D,0
30.39963,76.16418,333.55,0.56,0.51,2020-11-11,833,N,VIIRS,n,2,299.74,5.81,D,0
30.39966,76.16384,336.52,0.56,0.52,2020-11-11,833,N,VIIRS,n,2,299.85,3.88,D,0
30.40077,75.24915,331.73,0.49,0.49,2020-11-11,833,N,VIIRS,n,2,300.52,3.95,D,0
30.40148,75.00202,340.93,0.48,0.48,2020-11-11,833,N,VIIRS,n,2,301.74,2.85,D,0
30.40269,75.17548,337.43,0.49,0.49,2020-11-11,833,N,VIIRS,n,2,301.34,7.92,D,0
30.40417,75.17733,348.66,0.49,0.49,2020-11-11,833,N,VIIRS,n,2,301.94,10.28,D,0
30.40445,75.05614,332.08,0.48,0.48,2020-11-11,833,N,VIIRS,n,2,299.34,2.64,D,0
30.40532,75.63847,350.99,0.52,0.5,2020-11-11,833,N,VIIRS,n,2,302.16,16.29,D,0
30.40558,75.79586,332.06,0.53,0.5,2020-11-11,833,N,VIIRS,n,2,299.6,3.27,D,0
30.40719,75.17492,347.5,0.49,0.49,2020-11-11,833,N,VIIRS,n,2,304.56,7.92,D,0
30.40796,75.51681,344.64,0.51,0.5,2020-11-11,833,N,VIIRS,n,2,301.82,5.41,D,0
30.40826,76.26527,331.44,0.57,0.52,2020-11-11,833,N,VIIRS,n,2,300.59,2.54,D,0
30.40867,75.17677,342.19,0.49,0.49,2020-11-11,833,N,VIIRS,n,2,303.1,16.13,D,0
30.40872,75.19041,343.28,0.49,0.49,2020-11-11,833,N,VIIRS,n,2,300.5,8.54,D,0
30.4089,76.26543,331.09,0.57,0.52,2020-11-11,833,N,VIIRS,n,2,300.61,3.09,D,0
30.40897,75.42966,341.56,0.51,0.49,2020-11-11,833,N,VIIRS,n,2,303.51,9.14,D,0
30.4101,75.1923,345.16,0.49,0.49,2020-11-11,833,N,VIIRS,n,2,301.09,7.17,D,0
30.41182,75.01604,341.28,0.48,0.48,2020-11-11,833,N,VIIRS,n,2,303.62,14.53,D,0
30.4122,75.17952,334.65,0.49,0.49,2020-11-11,833,N,VIIRS,n,2,299.44,12.02,D,0
30.41253,75.61539,340.28,0.52,0.5,2020-11-11,833,N,VIIRS,n,2,302.64,3.3,D,0
30.41255,75.51624,330.68,0.51,0.5,2020-11-11,833,N,VIIRS,n,2,300.11,5.41,D,0
30.41261,75.07244,341.03,0.48,0.48,2020-11-11,833,N,VIIRS,n,2,300.37,6.73,D,0
30.41354,75.42912,338.25,0.51,0.49,2020-11-11,833,N,VIIRS,n,2,300.37,9.14,D,0
30.41365,75.18138,353.66,0.49,0.49,2020-11-11,833,N,VIIRS,n,2,304.32,16,D,0
30.41373,75.03628,343.93,0.48,0.48,2020-11-11,833,N,VIIRS,n,2,302.77,9.18,D,0
30.41559,75.30251,336.07,0.5,0.49,2020-11-11,833,N,VIIRS,n,2,301.67,3.97,D,0
30.41614,75.55421,335.66,0.52,0.5,2020-11-11,833,N,VIIRS,n,2,300.29,3.36,D,0
30.41671,75.17898,338.93,0.49,0.49,2020-11-11,833,N,VIIRS,n,2,299.17,12.02,D,0
30.41715,75.51569,336.28,0.51,0.5,2020-11-11,833,N,VIIRS,n,2,301.31,3.7,D,0
30.41722,75.18415,344.96,0.49,0.49,2020-11-11,833,N,VIIRS,n,2,306.65,12.02,D,0
30.41733,75.92645,353.78,0.54,0.51,2020-11-11,833,N,VIIRS,n,2,303.3,13.25,D,0
30.41816,75.18082,347.92,0.49,0.49,2020-11-11,833,N,VIIRS,n,2,302.15,20.79,D,0
30.4187,75.53195,331.28,0.51,0.5,2020-11-11,833,N,VIIRS,n,2,301.17,3.78,D,0
30.42122,75.01997,340.2,0.48,0.48,2020-11-11,833,N,VIIRS,n,2,300.43,3.49,D,0
30.42188,75.12302,339.61,0.49,0.48,2020-11-11,833,N,VIIRS,n,2,299.44,8.99,D,0
30.42236,75.12816,344.88,0.49,0.48,2020-11-11,833,N,VIIRS,n,2,303.49,18.24,D,0
30.42371,75.29089,339.56,0.5,0.49,2020-11-11,833,N,VIIRS,n,2,300.67,4.36,D,0
30.42424,75.00426,337.21,0.48,0.48,2020-11-11,833,N,VIIRS,n,2,300.54,10.02,D,0
30.42459,75.05547,336.64,0.48,0.48,2020-11-11,833,N,VIIRS,n,2,298.49,4.16,D,0
30.42492,75.10709,341.23,0.49,0.48,2020-11-11,833,N,VIIRS,n,2,300.54,4.69,D,0
30.42579,76.29976,342.11,0.57,0.52,2020-11-11,833,N,VIIRS,n,2,305.38,21.7,D,0
30.42822,75.3896,334.92,0.5,0.49,2020-11-11,833,N,VIIRS,n,2,302.3,3.93,D,0
30.4283,75.39193,337.25,0.51,0.49,2020-11-11,833,N,VIIRS,n,2,303.5,3.34,D,0
30.42915,76.05952,338.3,0.55,0.51,2020-11-11,833,N,VIIRS,n,2,302.04,2.96,D,0
30.43153,75.87287,337.59,0.54,0.51,2020-11-11,833,N,VIIRS,n,2,301.52,7.28,D,0
30.43356,75.34834,344.38,0.5,0.49,2020-11-11,833,N,VIIRS,n,2,305.09,8.02,D,0
30.43372,75.3514,343.62,0.5,0.49,2020-11-11,833,N,VIIRS,n,2,302.97,11.27,D,0
30.43404,75.35363,344.38,0.5,0.49,2020-11-11,833,N,VIIRS,n,2,301.23,8.02,D,0
30.43424,75.3567,354.72,0.5,0.49,2020-11-11,833,N,VIIRS,n,2,302.76,14.14,D,0
30.43453,75.35894,341.28,0.5,0.49,2020-11-11,833,N,VIIRS,n,2,301.87,7.72,D,0
30.43503,75.57109,340.64,0.52,0.5,2020-11-11,833,N,VIIRS,n,2,299.23,4.02,D,0
30.43522,75.16825,334.45,0.49,0.49,2020-11-11,833,N,VIIRS,n,2,299.32,3.59,D,0
30.43551,75.57656,334.08,0.52,0.5,2020-11-11,833,N,VIIRS,n,2,299.59,4.88,D,0
30.43555,75.51349,353.7,0.51,0.5,2020-11-11,833,N,VIIRS,n,2,304.66,9.47,D,0
30.43626,75.76956,332.15,0.53,0.5,2020-11-11,833,N,VIIRS,n,2,301.36,1.86,D,0
30.43655,75.03855,334.46,0.48,0.48,2020-11-11,833,N,VIIRS,n,2,298.96,2.52,D,0
30.43666,75.57381,346.54,0.52,0.5,2020-11-11,833,N,VIIRS,n,2,298.96,8.49,D,0
30.43673,75.43412,341.24,0.51,0.49,2020-11-11,833,N,VIIRS,n,2,303.13,24.08,D,0
30.43674,75.53783,343.15,0.52,0.5,2020-11-11,833,N,VIIRS,n,2,301.87,4.63,D,0
30.43694,75.4317,350.6,0.51,0.49,2020-11-11,833,N,VIIRS,n,2,311.81,48.47,D,0
30.43713,76.434,333.77,0.58,0.52,2020-11-11,833,N,VIIRS,n,2,300.03,2.77,D,0
30.43729,75.1419,341.46,0.49,0.48,2020-11-11,833,N,VIIRS,n,2,299.96,12.93,D,0
30.43729,75.83205,341.39,0.54,0.51,2020-11-11,833,N,VIIRS,n,2,302.64,7.55,D,0
30.43763,75.53515,341.06,0.51,0.5,2020-11-11,833,N,VIIRS,n,2,301.99,4.44,D,0
30.43775,75.63461,342.39,0.52,0.5,2020-11-11,833,N,VIIRS,n,2,301.95,11.17,D,0
30.43801,75.0538,340.83,0.48,0.48,2020-11-11,833,N,VIIRS,n,2,298.96,4.28,D,0
30.43846,75.25196,347.3,0.5,0.49,2020-11-11,833,N,VIIRS,n,2,301.01,6.06,D,0
30.43893,75.51012,333.81,0.51,0.5,2020-11-11,833,N,VIIRS,n,2,300.73,10.91,D,0
30.43941,75.51555,341.57,0.51,0.5,2020-11-11,833,N,VIIRS,n,2,303.6,10.91,D,0
30.43972,75.16769,340.91,0.49,0.49,2020-11-11,833,N,VIIRS,n,2,299.51,3.59,D,0
30.44015,75.51294,350.64,0.51,0.5,2020-11-11,833,N,VIIRS,n,2,300.68,9.47,D,0
30.44053,75.03292,339.53,0.48,0.48,2020-11-11,833,N,VIIRS,n,2,304.22,12.94,D,0
30.44235,75.29391,335.48,0.5,0.49,2020-11-11,833,N,VIIRS,n,2,299.44,3.15,D,0
30.44243,75.68432,342.94,0.53,0.5,2020-11-11,833,N,VIIRS,n,2,305.81,17.59,D,0
30.44256,75.00706,340.79,0.48,0.48,2020-11-11,833,N,VIIRS,n,2,301.18,3.71,D,0
30.44423,75.67567,333.75,0.53,0.5,2020-11-11,833,N,VIIRS,n,2,299.74,13.31,D,0
30.44433,75.12022,340.31,0.49,0.48,2020-11-11,833,N,VIIRS,n,2,300.59,4.75,D,0
30.44499,75.03236,337.86,0.48,0.48,2020-11-11,833,N,VIIRS,n,2,298.3,12.94,D,0
30.4452,75.68678,344.95,0.53,0.5,2020-11-11,833,N,VIIRS,n,2,306.99,25.93,D,0
30.44629,75.14079,340.37,0.49,0.48,2020-11-11,833,N,VIIRS,n,2,298.5,3.37,D,0
30.44638,76.2005,341.96,0.56,0.52,2020-11-11,833,N,VIIRS,n,2,303.47,5.8,D,0
30.44646,75.04759,332.93,0.48,0.48,2020-11-11,833,N,VIIRS,n,2,298.35,4.81,D,0
30.44684,75.53404,340.71,0.51,0.5,2020-11-11,833,N,VIIRS,n,2,301.63,6.32,D,0
30.44708,75.68378,344.1,0.53,0.5,2020-11-11,833,N,VIIRS,n,2,299.57,17.59,D,0
30.44746,75.5891,332.98,0.52,0.5,2020-11-11,833,N,VIIRS,n,2,299.57,3.22,D,0
30.44911,75.219,347.29,0.49,0.49,2020-11-11,833,N,VIIRS,n,2,301.6,9.95,D,0
30.45009,75.22942,339.72,0.49,0.49,2020-11-11,833,N,VIIRS,n,2,302.99,19.44,D,0
30.45029,75.13508,333.52,0.49,0.48,2020-11-11,833,N,VIIRS,n,2,298.91,9.74,D,0
30.45057,75.53614,347.47,0.52,0.5,2020-11-11,833,N,VIIRS,n,2,301.48,9.18,D,0
30.45068,75.18729,340.37,0.49,0.49,2020-11-11,833,N,VIIRS,n,2,300.22,8.39,D,0
30.45099,75.00089,342.63,0.48,0.48,2020-11-11,833,N,VIIRS,n,2,300.95,8.62,D,0
30.454,75.27122,333.53,0.5,0.49,2020-11-11,833,N,VIIRS,n,2,300.73,6.6,D,0
30.45452,75.86445,339.79,0.54,0.51,2020-11-11,833,N,VIIRS,n,2,299.82,4.55,D,0
30.45528,75.13967,345.48,0.49,0.48,2020-11-11,833,N,VIIRS,n,2,302.13,9.74,D,0
30.45584,75.09806,354.74,0.49,0.48,2020-11-11,833,N,VIIRS,n,2,304.66,13.77,D,0
30.45688,75.06177,342.36,0.48,0.48,2020-11-11,833,N,VIIRS,n,2,300.41,8.1,D,0
30.45692,75.01548,341.5,0.48,0.48,2020-11-11,833,N,VIIRS,n,2,300.16,7.64,D,0
30.45706,75.25495,351.96,0.5,0.49,2020-11-11,833,N,VIIRS,n,2,302.2,7.07,D,0
30.45711,75.8412,343.26,0.54,0.51,2020-11-11,833,N,VIIRS,n,2,301.69,7.71,D,0
30.45737,75.06686,349.42,0.48,0.48,2020-11-11,833,N,VIIRS,n,2,301.77,8.1,D,0
30.45787,75.07196,338.34,0.48,0.48,2020-11-11,833,N,VIIRS,n,2,299.35,6.24,D,0
30.45793,75.31329,338.66,0.5,0.49,2020-11-11,833,N,VIIRS,n,2,301.03,9.39,D,0
30.45816,75.85255,341.25,0.54,0.51,2020-11-11,833,N,VIIRS,n,2,301.42,11.46,D,0
30.45829,75.36678,342.09,0.5,0.49,2020-11-11,833,N,VIIRS,n,2,305.22,8.24,D,0
30.45843,75.31857,340.06,0.5,0.49,2020-11-11,833,N,VIIRS,n,2,301.51,9.39,D,0
30.45878,75.37209,332.01,0.5,0.49,2020-11-11,833,N,VIIRS,n,2,302.71,8.24,D,0
30.45886,75.84402,340.53,0.54,0.51,2020-11-11,833,N,VIIRS,n,2,300.7,9.16,D,0
30.45934,75.84969,332.73,0.54,0.51,2020-11-11,833,N,VIIRS,n,2,298.5,9.16,D,0
30.46033,75.0975,344.49,0.49,0.48,2020-11-11,833,N,VIIRS,n,2,302.09,13.77,D,0
30.46038,75.7526,333.21,0.53,0.5,2020-11-11,833,N,VIIRS,n,2,301.99,2.86,D,0
30.46082,75.86677,333.36,0.54,0.51,2020-11-11,833,N,VIIRS,n,2,300.4,3.61,D,0
30.46089,75.00987,341.71,0.48,0.48,2020-11-11,833,N,VIIRS,n,2,301.66,7.64,D,0
30.46149,75.3022,337.57,0.5,0.49,2020-11-11,833,N,VIIRS,n,2,299.58,4.21,D,0
30.4623,75.118,342.07,0.49,0.48,2020-11-11,833,N,VIIRS,n,2,300.32,3.3,D,0
30.46233,75.84634,333.42,0.54,0.51,2020-11-11,833,N,VIIRS,n,2,299.75,7.71,D,0
30.46258,75.26487,339.01,0.5,0.49,2020-11-11,833,N,VIIRS,n,2,299.88,5.52,D,0
30.46307,75.27012,340.38,0.5,0.49,2020-11-11,833,N,VIIRS,n,2,300.07,7.62,D,0
30.46335,75.37154,341.84,0.5,0.49,2020-11-11,833,N,VIIRS,n,2,303.33,3.7,D,0
30.46365,75.22775,330.2,0.49,0.49,2020-11-11,833,N,VIIRS,n,2,299.79,4.09,D,0
30.46404,75.84914,341.88,0.54,0.51,2020-11-11,833,N,VIIRS,n,2,302.78,9.16,D,0
30.46421,75.58417,340.86,0.52,0.5,2020-11-11,833,N,VIIRS,n,2,302.42,5.96,D,0
30.46427,75.13857,331.11,0.49,0.48,2020-11-11,833,N,VIIRS,n,2,299.67,1.79,D,0
30.4653,75.10206,347.24,0.49,0.48,2020-11-11,833,N,VIIRS,n,2,302.81,9.98,D,0
30.46533,75.05554,334.46,0.48,0.48,2020-11-11,833,N,VIIRS,n,2,299.4,1.97,D,0
30.46535,75.00932,331.29,0.48,0.48,2020-11-11,833,N,VIIRS,n,2,298.97,2.96,D,0
30.46674,75.16434,342.99,0.49,0.49,2020-11-11,833,N,VIIRS,n,2,301.28,8.02,D,0
30.46702,75.84578,346.21,0.54,0.51,2020-11-11,833,N,VIIRS,n,2,301.87,11.21,D,0
30.46917,76.35005,356.77,0.58,0.52,2020-11-11,833,N,VIIRS,n,2,304.07,12.81,D,0
30.46972,75.19543,337.9,0.49,0.49,2020-11-11,833,N,VIIRS,n,2,298.61,4.36,D,0
30.47031,75.60005,341.11,0.52,0.5,2020-11-11,833,N,VIIRS,n,2,301.77,10.62,D,0
30.47088,75.40293,340.97,0.51,0.49,2020-11-11,833,N,VIIRS,n,2,303.39,11.65,D,0
30.47113,75.50626,330.18,0.51,0.5,2020-11-11,833,N,VIIRS,n,2,300.62,2.97,D,0
30.47229,75.03409,367,0.48,0.48,2020-11-11,833,N,VIIRS,h,2,304.02,12.86,D,0
30.47426,75.14775,352.52,0.49,0.49,2020-11-11,833,N,VIIRS,n,2,300.92,9.78,D,0
30.47475,75.1529,339.77,0.49,0.49,2020-11-11,833,N,VIIRS,n,2,299.81,7.19,D,0
30.47577,75.02339,333.48,0.48,0.48,2020-11-11,833,N,VIIRS,n,2,298.68,2.36,D,0
30.47617,75.26321,337.54,0.5,0.49,2020-11-11,833,N,VIIRS,n,2,300.56,3.13,D,0
30.47676,75.03353,355.27,0.48,0.48,2020-11-11,833,N,VIIRS,n,2,300.2,10.97,D,0
30.47683,75.46732,340.54,0.51,0.49,2020-11-11,833,N,VIIRS,n,2,300.56,5.52,D,0
30.47721,75.22607,332.42,0.49,0.49,2020-11-11,833,N,VIIRS,n,2,299.78,2.96,D,0
30.47856,75.74477,339.66,0.53,0.5,2020-11-11,833,N,VIIRS,n,2,302.82,7.02,D,0
30.47925,75.15234,355.66,0.49,0.49,2020-11-11,833,N,VIIRS,n,2,300.75,11.82,D,0
30.47966,75.29998,341.52,0.5,0.49,2020-11-11,833,N,VIIRS,n,2,299.87,9.46,D,0
30.48531,76.36673,341.19,0.58,0.52,2020-11-11,833,N,VIIRS,n,2,299.88,4.53,D,0
30.4881,75.43876,337.63,0.51,0.49,2020-11-11,833,N,VIIRS,n,2,300.59,3.54,D,0
30.4907,75.67014,330.63,0.53,0.5,2020-11-11,833,N,VIIRS,n,2,302.35,2.37,D,0
30.49268,75.4382,330.6,0.51,0.49,2020-11-11,833,N,VIIRS,n,2,299.42,3.54,D,0
30.49323,75.39482,342.18,0.51,0.49,2020-11-11,833,N,VIIRS,n,2,303.73,9.65,D,0
30.49345,75.59733,336.68,0.52,0.5,2020-11-11,833,N,VIIRS,n,2,303.23,3.46,D,0
30.49884,75.30832,341.16,0.5,0.49,2020-11-11,833,N,VIIRS,n,2,301.51,4.92,D,0
30.49932,76.35902,335.6,0.58,0.52,2020-11-11,833,N,VIIRS,n,2,300.59,3.55,D,0
30.49987,75.01242,344.12,0.48,0.48,2020-11-11,833,N,VIIRS,n,2,304.45,23.74,D,0
30.50155,75.00993,342.81,0.48,0.48,2020-11-11,833,N,VIIRS,n,2,304.87,14.7,D,0
30.50199,76.35637,341.19,0.58,0.52,2020-11-11,833,N,VIIRS,n,2,301.13,5.76,D,0
30.502,76.33411,342.01,0.57,0.52,2020-11-11,833,N,VIIRS,n,2,300.99,6.67,D,0
30.50408,75.03529,334.39,0.48,0.48,2020-11-11,833,N,VIIRS,n,2,302.02,4.09,D,0
30.50483,76.33142,341.35,0.58,0.52,2020-11-11,833,N,VIIRS,n,2,300.9,5.26,D,0
30.50569,75.09708,335.07,0.49,0.48,2020-11-11,833,N,VIIRS,n,2,301.24,2.45,D,0
30.50587,75.23841,343.45,0.5,0.49,2020-11-11,833,N,VIIRS,n,2,299.57,5.41,D,0
30.50637,75.24364,346.79,0.5,0.49,2020-11-11,833,N,VIIRS,n,2,299.89,13.13,D,0
30.50641,76.11929,341.7,0.56,0.51,2020-11-11,833,N,VIIRS,n,2,302.54,6.5,D,0
30.50643,75.33947,352.05,0.5,0.49,2020-11-11,833,N,VIIRS,n,2,309.35,28.56,D,0
30.50647,76.11587,341.86,0.56,0.51,2020-11-11,833,N,VIIRS,n,2,302.04,12.01,D,0
30.50671,75.03728,335.03,0.48,0.48,2020-11-11,833,N,VIIRS,n,2,301.48,2.86,D,0
30.50708,75.74712,341.43,0.53,0.5,2020-11-11,833,N,VIIRS,n,2,303.09,4.87,D,0
30.50792,75.0992,339.69,0.49,0.48,2020-11-11,833,N,VIIRS,n,2,300.99,2.91,D,0
30.50924,75.13302,346.4,0.49,0.48,2020-11-11,833,N,VIIRS,n,2,301.5,8.97,D,0
30.51077,75.13009,340.43,0.49,0.48,2020-11-11,833,N,VIIRS,n,2,300.89,11.08,D,0
30.51119,76.11874,341.23,0.56,0.51,2020-11-11,833,N,VIIRS,n,2,300.33,5.19,D,0
30.51146,75.2961,338.56,0.5,0.49,2020-11-11,833,N,VIIRS,n,2,301.26,7.91,D,0
30.51197,75.30138,341.27,0.5,0.49,2020-11-11,833,N,VIIRS,n,2,302.84,7.91,D,0
30.51246,75.6006,341.93,0.52,0.5,2020-11-11,833,N,VIIRS,n,2,302.65,5.39,D,0
30.51375,75.01582,332.09,0.48,0.48,2020-11-11,833,N,VIIRS,n,2,299.55,4.35,D,0
30.51508,75.43007,346.7,0.51,0.49,2020-11-11,833,N,VIIRS,n,2,305.43,16.87,D,0
30.51616,76.06468,341.84,0.55,0.51,2020-11-11,833,N,VIIRS,n,2,302.51,6.01,D,0
30.51761,75.60554,339.6,0.52,0.5,2020-11-11,833,N,VIIRS,n,2,301.79,5.39,D,0
30.51821,75.01526,341.45,0.48,0.48,2020-11-11,833,N,VIIRS,n,2,302.62,8.82,D,0
30.51842,75.22633,347.25,0.49,0.49,2020-11-11,833,N,VIIRS,n,2,301.29,6.54,D,0
30.51917,75.52245,333.65,0.51,0.5,2020-11-11,833,N,VIIRS,n,2,301.26,14.47,D,0
30.51934,75.22353,340.79,0.5,0.49,2020-11-11,833,N,VIIRS,n,2,302.62,12.65,D,0
30.51968,75.52788,342.34,0.52,0.5,2020-11-11,833,N,VIIRS,n,2,306.62,14.47,D,0
30.52268,75.01469,342.4,0.48,0.48,2020-11-11,833,N,VIIRS,n,2,302.48,8.82,D,0
30.52364,76.04015,332.56,0.55,0.51,2020-11-11,833,N,VIIRS,n,2,302.18,3.33,D,0
30.52429,75.52733,342.33,0.52,0.5,2020-11-11,833,N,VIIRS,n,2,302.65,18.51,D,0
30.52491,75.08669,351.86,0.49,0.48,2020-11-11,833,N,VIIRS,n,2,307.53,29.19,D,0
30.52516,75.34254,342.46,0.5,0.49,2020-11-11,833,N,VIIRS,n,2,302.64,10.26,D,0
30.52531,75.33992,349.38,0.5,0.49,2020-11-11,833,N,VIIRS,n,2,302.88,8.95,D,0
30.52565,76.32533,335.42,0.57,0.52,2020-11-11,833,N,VIIRS,n,2,300.22,3.14,D,0
30.52687,75.60443,332.19,0.52,0.5,2020-11-11,833,N,VIIRS,n,2,302.1,3.06,D,0
30.52738,75.60992,332.68,0.52,0.5,2020-11-11,833,N,VIIRS,n,2,300.69,4.37,D,0
30.52773,75.3691,334.96,0.5,0.49,2020-11-11,833,N,VIIRS,n,2,299.91,3.17,D,0
30.52819,75.37186,334.25,0.51,0.49,2020-11-11,833,N,VIIRS,n,2,299.96,1.66,D,0
30.52889,75.72757,341.85,0.53,0.5,2020-11-11,833,N,VIIRS,n,2,302.59,6.06,D,0
30.52892,75.08101,336.42,0.49,0.48,2020-11-11,833,N,VIIRS,n,2,299.22,4.13,D,0
30.5294,75.08613,351.52,0.49,0.48,2020-11-11,833,N,VIIRS,n,2,298.71,29.19,D,0
30.53229,75.36855,330.75,0.5,0.49,2020-11-11,833,N,VIIRS,n,2,299.4,3.17,D,0
30.53261,75.16921,343.19,0.49,0.49,2020-11-11,833,N,VIIRS,n,2,304.43,23.93,D,0
30.53315,76.03905,331.7,0.55,0.51,2020-11-11,833,N,VIIRS,n,2,300.36,4.82,D,0
30.53339,75.22706,355.3,0.5,0.49,2020-11-11,833,N,VIIRS,n,2,302.13,10.75,D,0
30.53582,75.10611,340.99,0.49,0.48,2020-11-11,833,N,VIIRS,n,2,301.41,5.81,D,0
30.53615,75.15829,334.45,0.49,0.49,2020-11-11,833,N,VIIRS,n,2,301.03,6.52,D,0
30.53644,76.35863,330.96,0.58,0.52,2020-11-11,833,N,VIIRS,n,2,299.69,2.53,D,0
30.53775,75.12671,333.38,0.49,0.48,2020-11-11,833,N,VIIRS,n,2,298.61,3.14,D,0
30.53851,76.38313,340.94,0.58,0.52,2020-11-11,833,N,VIIRS,n,2,301.59,5.57,D,0
30.53888,75.23695,342.46,0.5,0.49,2020-11-11,833,N,VIIRS,n,2,303.91,14.19,D,0
30.5392,75.5863,345.87,0.52,0.5,2020-11-11,833,N,VIIRS,n,2,303.4,16.43,D,0
30.53946,76.05605,330.86,0.55,0.51,2020-11-11,833,N,VIIRS,l,2,301.11,2.96,D,0
30.53967,75.54202,336.05,0.52,0.5,2020-11-11,833,N,VIIRS,n,2,300.13,4.51,D,0
30.53987,75.35152,341.72,0.5,0.49,2020-11-11,833,N,VIIRS,n,2,300.22,6.67,D,0
30.53995,75.34889,349.78,0.5,0.49,2020-11-11,833,N,VIIRS,n,2,300.76,10.74,D,0
30.54013,75.49799,335.02,0.51,0.5,2020-11-11,833,N,VIIRS,n,2,301.98,6.93,D,0
30.54066,75.15772,350.66,0.49,0.49,2020-11-11,833,N,VIIRS,n,2,301.94,16.11,D,0
30.54142,75.36745,341.58,0.5,0.49,2020-11-11,833,N,VIIRS,n,2,302.82,9.83,D,0
30.54188,75.37019,341.95,0.51,0.49,2020-11-11,833,N,VIIRS,n,2,303.38,6.62,D,0
30.54211,75.17329,341.98,0.49,0.49,2020-11-11,833,N,VIIRS,n,2,302.51,7.12,D,0
30.54259,75.17848,356.06,0.49,0.49,2020-11-11,833,N,VIIRS,n,2,300.12,20.16,D,0
30.54339,75.68076,347.4,0.53,0.5,2020-11-11,833,N,VIIRS,n,2,302.94,5.44,D,0
30.54434,75.5005,341.63,0.51,0.5,2020-11-11,833,N,VIIRS,n,2,301.63,8.61,D,0
30.54444,75.84552,337.35,0.54,0.51,2020-11-11,833,N,VIIRS,n,2,301.83,3.88,D,0
30.54473,75.49745,348,0.51,0.5,2020-11-11,833,N,VIIRS,n,2,300.45,6.93,D,0
30.54637,75.07365,332.33,0.49,0.48,2020-11-11,833,N,VIIRS,n,2,300.26,3.99,D,0
30.54662,75.17272,337.42,0.49,0.49,2020-11-11,833,N,VIIRS,n,2,298.08,7.12,D,0
30.54664,75.32124,342.05,0.5,0.49,2020-11-11,833,N,VIIRS,n,2,304.11,17.08,D,0
30.54686,75.07877,334.44,0.49,0.48,2020-11-11,833,N,VIIRS,n,2,300.49,3.99,D,0
30.5481,75.33714,346.59,0.5,0.49,2020-11-11,833,N,VIIRS,n,2,302.16,9.67,D,0
30.54899,75.00625,331.15,0.48,0.48,2020-11-11,833,N,VIIRS,n,2,299.97,2.58,D,0
30.54988,75.06285,340,0.48,0.48,2020-11-11,833,N,VIIRS,n,2,300.12,6.12,D,0
30.55002,75.60168,335.28,0.52,0.5,2020-11-11,833,N,VIIRS,n,2,302.43,2,D,0
30.55004,75.35842,331.97,0.5,0.49,2020-11-11,833,N,VIIRS,n,2,301.4,3.13,D,0
30.55021,75.31009,341.81,0.5,0.49,2020-11-11,833,N,VIIRS,n,2,300.39,3.33,D,0
30.55485,75.06741,338.97,0.49,0.48,2020-11-11,833,N,VIIRS,n,2,298.84,6.12,D,0
30.55534,75.07253,341.11,0.49,0.48,2020-11-11,833,N,VIIRS,n,2,301.42,14.01,D,0
30.55602,75.22427,352.98,0.5,0.49,2020-11-11,833,N,VIIRS,n,2,300.9,8.83,D,0
30.55687,75.28256,340.01,0.5,0.49,2020-11-11,833,N,VIIRS,n,2,300.45,4.39,D,0
30.55737,75.04641,338.13,0.48,0.48,2020-11-11,833,N,VIIRS,n,2,299.23,4.83,D,0
30.55841,75.01022,336.13,0.48,0.48,2020-11-11,833,N,VIIRS,n,2,300.51,5.3,D,0
30.56024,75.12391,352.43,0.49,0.48,2020-11-11,833,N,VIIRS,n,2,302.05,11.94,D,0
30.56113,76.08322,344.89,0.56,0.51,2020-11-11,833,N,VIIRS,n,2,300.8,5.62,D,0
30.56136,75.04075,346.11,0.48,0.48,2020-11-11,833,N,VIIRS,n,2,298.35,4.83,D,0
30.56152,75.23416,330.45,0.5,0.49,2020-11-11,833,N,VIIRS,n,2,301.23,3.32,D,0
30.56479,75.6254,342.88,0.52,0.5,2020-11-11,833,N,VIIRS,n,2,304.59,16.28,D,0
30.56538,75.476,330.96,0.51,0.5,2020-11-11,833,N,VIIRS,n,2,300.31,4.13,D,0
30.56602,75.6221,338.15,0.52,0.5,2020-11-11,833,N,VIIRS,n,2,304.85,17.67,D,0
30.56633,75.0453,350.33,0.48,0.48,2020-11-11,833,N,VIIRS,n,2,302.11,9.11,D,0
30.56655,75.62762,341.35,0.52,0.5,2020-11-11,833,N,VIIRS,n,2,300.41,15.99,D,0
30.56824,75.77179,332.08,0.53,0.5,2020-11-11,833,N,VIIRS,n,2,302.32,2.19,D,0
30.56879,75.07085,341.3,0.49,0.48,2020-11-11,833,N,VIIRS,n,2,299.51,5.64,D,0
30.56943,75.62486,345.29,0.52,0.5,2020-11-11,833,N,VIIRS,n,2,301.88,16.28,D,0
30.57,75.27563,341.02,0.5,0.49,2020-11-11,833,N,VIIRS,n,2,302.6,4,D,0
30.5703,75.03963,332.43,0.48,0.48,2020-11-11,833,N,VIIRS,n,2,298.62,9.11,D,0
30.57621,75.14808,342.07,0.49,0.49,2020-11-11,833,N,VIIRS,n,2,299.46,3.86,D,0
30.57677,75.05949,334.06,0.48,0.48,2020-11-11,833,N,VIIRS,n,2,298.38,4.14,D,0
30.57752,75.99864,342.5,0.55,0.51,2020-11-11,833,N,VIIRS,n,2,300.81,5.77,D,0
30.57776,75.06973,357.19,0.49,0.48,2020-11-11,833,N,VIIRS,n,2,305.54,22.28,D,0
30.57777,75.02323,337.94,0.48,0.48,2020-11-11,833,N,VIIRS,n,2,300.11,4.63,D,0
30.57849,76.00231,340.23,0.55,0.51,2020-11-11,833,N,VIIRS,n,2,301.35,10.86,D,0
30.57917,75.47435,337.11,0.51,0.5,2020-11-11,833,N,VIIRS,n,2,300.72,3.63,D,0
30.57963,76.29233,353.68,0.57,0.52,2020-11-11,833,N,VIIRS,n,2,303.15,28.47,D,0
30.5805,75.69658,333.57,0.53,0.5,2020-11-11,833,N,VIIRS,n,2,300.84,3.63,D,0
30.58415,75.52872,342.44,0.52,0.5,2020-11-11,833,N,VIIRS,n,2,303.83,16.37,D,0
30.58637,75.45161,340.77,0.51,0.49,2020-11-11,833,N,VIIRS,n,2,308.12,23.33,D,0
30.58716,75.26289,348.65,0.5,0.49,2020-11-11,833,N,VIIRS,n,2,303.31,9.36,D,0
30.58861,75.32683,341.69,0.5,0.49,2020-11-11,833,N,VIIRS,n,2,301.35,3.6,D,0
30.58871,75.04252,341.61,0.48,0.48,2020-11-11,833,N,VIIRS,n,2,301.7,4.83,D,0
30.58973,75.09942,343.43,0.49,0.48,2020-11-11,833,N,VIIRS,n,2,301.63,6.29,D,0
30.59216,75.31567,340.85,0.5,0.49,2020-11-11,833,N,VIIRS,n,2,302.46,4.14,D,0
30.59221,75.07832,338.05,0.49,0.48,2020-11-11,833,N,VIIRS,n,2,301.01,3.89,D,0
30.59223,75.12518,347.25,0.49,0.49,2020-11-11,833,N,VIIRS,n,2,299.58,5.54,D,0
30.59319,75.04195,341.11,0.48,0.48,2020-11-11,833,N,VIIRS,n,2,301.8,4.33,D,0
30.59422,75.09887,345.77,0.49,0.48,2020-11-11,833,N,VIIRS,n,2,301.36,6.29,D,0
30.59471,75.29395,343.19,0.5,0.49,2020-11-11,833,N,VIIRS,n,2,303.62,12.72,D,0
30.59472,75.104,342.22,0.49,0.48,2020-11-11,833,N,VIIRS,n,2,301.66,6.29,D,0
30.59647,75.51071,334.36,0.52,0.5,2020-11-11,833,N,VIIRS,n,2,300.96,3.63,D,0
30.5967,75.07777,342.28,0.49,0.48,2020-11-11,833,N,VIIRS,n,2,299.89,8.63,D,0
30.59671,75.31512,335.08,0.5,0.49,2020-11-11,833,N,VIIRS,n,2,300.69,4.14,D,0
30.59857,75.48298,339.9,0.51,0.5,2020-11-11,833,N,VIIRS,n,2,304.13,4.84,D,0
30.59869,75.38491,339.92,0.51,0.49,2020-11-11,833,N,VIIRS,n,2,298.89,3.26,D,0
30.60178,75.27174,335.9,0.5,0.49,2020-11-11,833,N,VIIRS,n,2,301.27,2.93,D,0
30.60252,75.78486,338.9,0.54,0.5,2020-11-11,833,N,VIIRS,n,2,301.19,6.02,D,0
30.60417,76.13215,340.8,0.56,0.52,2020-11-11,833,N,VIIRS,n,2,301.95,10.2,D,0
30.60421,75.10804,338.94,0.49,0.48,2020-11-11,833,N,VIIRS,n,2,304.67,9.86,D,0
30.60425,76.13608,341.47,0.56,0.52,2020-11-11,833,N,VIIRS,n,2,302.04,7.88,D,0
30.6043,75.34644,339.12,0.5,0.49,2020-11-11,833,N,VIIRS,n,2,304.09,10.07,D,0
30.60472,75.11319,337.93,0.49,0.48,2020-11-11,833,N,VIIRS,n,2,300.54,9.86,D,0
30.6048,75.35176,341.38,0.5,0.49,2020-11-11,833,N,VIIRS,n,2,301.11,11.09,D,0
30.60561,75.03008,341.18,0.48,0.48,2020-11-11,833,N,VIIRS,n,2,301.11,5.23,D,0
30.60566,75.1098,354.73,0.49,0.48,2020-11-11,833,N,VIIRS,n,2,305.42,18.78,D,0
30.60756,75.03168,351.03,0.48,0.48,2020-11-11,833,N,VIIRS,n,2,300.91,10.25,D,0
30.60876,75.15455,342.84,0.49,0.49,2020-11-11,833,N,VIIRS,n,2,299.21,5.68,D,0
30.60882,75.44345,356.1,0.51,0.49,2020-11-11,833,N,VIIRS,n,2,304.79,19.34,D,0
30.60944,75.15124,339.58,0.49,0.49,2020-11-11,833,N,VIIRS,n,2,299.48,6.95,D,0
30.61391,75.30232,346.48,0.5,0.49,2020-11-11,833,N,VIIRS,n,2,303.48,6.51,D,0
30.61436,75.55276,357.16,0.52,0.5,2020-11-11,833,N,VIIRS,n,2,304.36,10.85,D,0
30.61455,75.02897,340.44,0.48,0.48,2020-11-11,833,N,VIIRS,n,2,299.39,4.77,D,0
30.6146,75.01013,334.25,0.48,0.48,2020-11-11,833,N,VIIRS,n,2,300.99,6.33,D,0
30.61506,75.03407,336.86,0.48,0.48,2020-11-11,833,N,VIIRS,n,2,300.21,6.38,D,0
30.61651,75.03055,347.66,0.48,0.48,2020-11-11,833,N,VIIRS,n,2,301.04,7.29,D,0
30.61734,75.19559,341,0.49,0.49,2020-11-11,833,N,VIIRS,n,2,300.87,4.28,D,0
30.61822,75.19756,344.5,0.49,0.49,2020-11-11,833,N,VIIRS,n,2,300.52,5.59,D,0
30.61829,75.15864,334.68,0.49,0.49,2020-11-11,833,N,VIIRS,n,2,299,3.02,D,0
30.61893,75.15531,342.47,0.49,0.49,2020-11-11,833,N,VIIRS,n,2,299.31,4.42,D,0
30.61898,75.55222,346.56,0.52,0.5,2020-11-11,833,N,VIIRS,n,2,299.99,10.85,D,0
30.61908,75.00957,341.73,0.48,0.48,2020-11-11,833,N,VIIRS,n,2,301.92,6.33,D,0
30.62194,75.04021,354.6,0.48,0.48,2020-11-11,833,N,VIIRS,n,2,307.99,36.37,D,0
30.62359,75.40358,340.56,0.51,0.49,2020-11-11,833,N,VIIRS,n,2,301.55,6.42,D,0
30.62546,75.02943,347.61,0.48,0.48,2020-11-11,833,N,VIIRS,n,2,300.85,8.77,D,0
30.62766,75.39767,367,0.51,0.49,2020-11-11,833,N,VIIRS,h,2,302.17,13.15,D,0
30.62869,75.4084,345.32,0.51,0.49,2020-11-11,833,N,VIIRS,n,2,301.19,10.42,D,0
30.63097,75.89101,342.75,0.54,0.51,2020-11-11,833,N,VIIRS,n,2,301.74,5.36,D,0
30.63231,75.64542,349.23,0.53,0.5,2020-11-11,833,N,VIIRS,n,2,300.6,11.55,D,0
30.63336,75.60612,341.23,0.52,0.5,2020-11-11,833,N,VIIRS,n,2,301.64,3.02,D,0
30.6345,75.23053,341.34,0.5,0.49,2020-11-11,833,N,VIIRS,n,2,301.24,8.66,D,0
30.63515,75.23254,348.83,0.5,0.49,2020-11-11,833,N,VIIRS,n,2,301.79,8.67,D,0
30.63522,75.08527,344.74,0.49,0.48,2020-11-11,833,N,VIIRS,n,2,300.66,6.71,D,0
30.63542,75.62823,334.78,0.52,0.5,2020-11-11,833,N,VIIRS,n,2,300.19,8.31,D,0
30.64006,75.62768,342.11,0.52,0.5,2020-11-11,833,N,VIIRS,n,2,299.93,7.5,D,0
30.64601,75.4032,341.14,0.51,0.49,2020-11-11,833,N,VIIRS,n,2,301.8,7.32,D,0
30.64614,75.10476,337.58,0.49,0.48,2020-11-11,833,N,VIIRS,n,2,297.94,2.81,D,0
30.64681,75.20988,339,0.5,0.49,2020-11-11,833,N,VIIRS,n,2,301.31,5.27,D,0
30.64701,75.40621,341.23,0.51,0.49,2020-11-11,833,N,VIIRS,n,2,302.27,7.24,D,0
30.64729,75.21513,338.78,0.5,0.49,2020-11-11,833,N,VIIRS,n,2,300.25,5.27,D,0
30.64741,75.31654,354.18,0.5,0.49,2020-11-11,833,N,VIIRS,n,2,307.09,22.15,D,0
30.64795,75.42476,340.85,0.51,0.49,2020-11-11,833,N,VIIRS,n,2,302.48,5.55,D,0
30.64832,75.03173,343.95,0.48,0.48,2020-11-11,833,N,VIIRS,n,2,301.59,12.15,D,0
30.64857,75.42234,340.8,0.51,0.49,2020-11-11,833,N,VIIRS,n,2,302.76,4.99,D,0
30.6493,75.04197,336.1,0.48,0.48,2020-11-11,833,N,VIIRS,n,2,299.85,3.8,D,0
30.64967,75.0939,341.42,0.49,0.48,2020-11-11,833,N,VIIRS,n,2,305.12,7.92,D,0
30.64988,75.44636,339.68,0.51,0.49,2020-11-11,833,N,VIIRS,n,2,301.12,3.24,D,0
30.65064,75.4439,337.4,0.51,0.49,2020-11-11,833,N,VIIRS,n,2,300.6,3.61,D,0
30.65085,75.20409,332.19,0.5,0.49,2020-11-11,833,N,VIIRS,n,2,301.4,2.35,D,0
30.6528,75.03119,342,0.48,0.48,2020-11-11,833,N,VIIRS,n,2,298.26,5.02,D,0
30.65329,75.0363,337.33,0.48,0.48,2020-11-11,833,N,VIIRS,n,2,298.79,5.02,D,0
30.65343,75.18263,339.59,0.49,0.49,2020-11-11,833,N,VIIRS,n,2,300.23,3.74,D,0
30.65417,75.09334,343.21,0.49,0.48,2020-11-11,833,N,VIIRS,n,2,301.19,7.92,D,0
30.65465,75.0985,330.77,0.49,0.48,2020-11-11,833,N,VIIRS,n,2,297.94,7.92,D,0
30.66448,75.61063,336.71,0.52,0.5,2020-11-11,833,N,VIIRS,n,2,299.42,4.65,D,0
30.66476,75.01417,344.57,0.48,0.48,2020-11-11,833,N,VIIRS,n,2,302.16,9.72,D,0
30.66498,75.74335,340.72,0.53,0.5,2020-11-11,833,N,VIIRS,n,2,301.56,11.49,D,0
30.66519,75.54675,341.37,0.52,0.5,2020-11-11,833,N,VIIRS,n,2,302.15,6.82,D,0
30.6655,75.74899,340.72,0.53,0.5,2020-11-11,833,N,VIIRS,n,2,301.09,11.49,D,0
30.66558,75.95701,331.62,0.55,0.51,2020-11-11,833,N,VIIRS,n,2,299.76,3.59,D,0
30.66609,75.85796,331.77,0.54,0.51,2020-11-11,833,N,VIIRS,n,2,298.55,2.55,D,0
30.66688,75.74593,354.85,0.53,0.5,2020-11-11,833,N,VIIRS,n,2,303.16,21.23,D,0
30.66787,75.54333,339.01,0.52,0.5,2020-11-11,833,N,VIIRS,n,2,300.95,7.4,D,0
30.66958,75.69176,335.59,0.53,0.5,2020-11-11,833,N,VIIRS,n,2,301.57,3.33,D,0
30.67018,75.74844,347.89,0.53,0.5,2020-11-11,833,N,VIIRS,n,2,301.66,9.05,D,0
30.67133,75.68857,333.61,0.53,0.5,2020-11-11,833,N,VIIRS,n,2,301.09,5.4,D,0
30.6718,75.28138,330.18,0.5,0.49,2020-11-11,833,N,VIIRS,n,2,300.65,3.2,D,0
30.67205,75.75102,339.64,0.53,0.5,2020-11-11,833,N,VIIRS,n,2,300.27,8.89,D,0
30.67248,75.54277,343.44,0.52,0.5,2020-11-11,833,N,VIIRS,n,2,302.47,10.08,D,0
30.67461,75.11692,331.24,0.49,0.49,2020-11-11,833,N,VIIRS,n,2,300.66,4.46,D,0
30.68813,75.06828,335.48,0.49,0.48,2020-11-11,833,N,VIIRS,n,2,299.79,1.87,D,0
30.69339,75.8954,340.96,0.54,0.51,2020-11-11,833,N,VIIRS,n,2,301.48,5.88,D,0
30.6941,75.52355,343.86,0.52,0.5,2020-11-11,833,N,VIIRS,n,2,302.45,12.6,D,0
30.6943,75.89832,340.83,0.54,0.51,2020-11-11,833,N,VIIRS,n,2,300.36,8.36,D,0
30.69446,75.73695,334.22,0.53,0.5,2020-11-11,833,N,VIIRS,n,2,299.96,3.88,D,0
30.69458,75.23058,340.57,0.5,0.49,2020-11-11,833,N,VIIRS,n,2,301.5,4.79,D,0
30.69508,75.23583,333.06,0.5,0.49,2020-11-11,833,N,VIIRS,n,2,299.8,5.19,D,0
30.69509,75.96539,333.27,0.55,0.51,2020-11-11,833,N,VIIRS,n,2,301.84,2.63,D,0
30.69554,75.96848,337.54,0.55,0.51,2020-11-11,833,N,VIIRS,n,2,301.75,5.77,D,0
30.69874,76.06287,354.61,0.56,0.51,2020-11-11,833,N,VIIRS,n,2,304.27,14.27,D,0
30.69891,76.05955,340.76,0.56,0.51,2020-11-11,833,N,VIIRS,n,2,300.87,6.58,D,0
30.69911,75.23003,340.98,0.5,0.49,2020-11-11,833,N,VIIRS,n,2,299.97,5.09,D,0
30.69944,76.06543,341.71,0.56,0.51,2020-11-11,833,N,VIIRS,n,2,304.02,11.05,D,0
30.69995,75.79928,335.12,0.54,0.51,2020-11-11,833,N,VIIRS,n,2,299.82,4.35,D,0
30.70063,75.15047,336.47,0.49,0.49,2020-11-11,833,N,VIIRS,n,2,302.73,3.63,D,0
30.70199,75.40733,347.51,0.51,0.49,2020-11-11,833,N,VIIRS,n,2,300.27,7.79,D,0
30.70275,75.88567,334.19,0.54,0.51,2020-11-11,833,N,VIIRS,n,2,299.64,3.42,D,0
30.70434,75.53342,335.83,0.52,0.5,2020-11-11,833,N,VIIRS,n,2,301.56,3.05,D,0
30.70562,75.65063,337.29,0.53,0.5,2020-11-11,833,N,VIIRS,n,2,298.3,5.01,D,0
30.71071,75.25526,348.9,0.5,0.49,2020-11-11,833,N,VIIRS,n,2,301.35,10.19,D,0
30.71111,75.10058,350.7,0.49,0.49,2020-11-11,833,N,VIIRS,n,2,303.18,12.6,D,0
30.71116,75.40623,344.71,0.51,0.49,2020-11-11,833,N,VIIRS,n,2,299.9,5.14,D,0
30.71171,75.21785,342.53,0.5,0.49,2020-11-11,833,N,VIIRS,n,2,307.47,31.34,D,0
30.71229,75.67242,334.27,0.53,0.5,2020-11-11,833,N,VIIRS,n,2,299.94,6.12,D,0
30.7126,75.0861,331.53,0.49,0.48,2020-11-11,833,N,VIIRS,n,2,302.9,2.86,D,0
30.71412,75.10157,355.94,0.49,0.49,2020-11-11,833,N,VIIRS,n,2,304.79,18.51,D,0
30.71423,75.24415,340.47,0.5,0.49,2020-11-11,833,N,VIIRS,n,2,301.21,3.31,D,0
30.71561,75.10001,341.42,0.49,0.49,2020-11-11,833,N,VIIRS,n,2,301.73,12.6,D,0
30.71601,75.02853,341.05,0.48,0.48,2020-11-11,833,N,VIIRS,n,2,300.48,8.52,D,0
30.71611,75.5598,333.36,0.52,0.5,2020-11-11,833,N,VIIRS,n,2,299.91,5.46,D,0
30.7162,75.76867,332.39,0.54,0.5,2020-11-11,833,N,VIIRS,n,2,299.2,2.44,D,0
30.71661,75.56532,346.75,0.52,0.5,2020-11-11,833,N,VIIRS,n,2,300.74,5.46,D,0
30.71797,75.02682,339.47,0.48,0.48,2020-11-11,833,N,VIIRS,n,2,299.4,7.39,D,0
30.71869,75.14827,342.03,0.49,0.49,2020-11-11,833,N,VIIRS,n,2,301.66,5.63,D,0
30.71979,75.25416,339.15,0.5,0.49,2020-11-11,833,N,VIIRS,n,2,300.41,3.66,D,0
30.71988,75.14677,330.98,0.49,0.49,2020-11-11,833,N,VIIRS,n,2,300.38,3.49,D,0
30.73195,75.28478,345.85,0.5,0.49,2020-11-11,833,N,VIIRS,n,2,313.23,35.61,D,0
30.73224,75.28352,347.29,0.5,0.49,2020-11-11,833,N,VIIRS,n,2,312.77,60.64,D,0
30.7324,75.24194,349.03,0.5,0.49,2020-11-11,833,N,VIIRS,n,2,307.38,33.05,D,0
30.73297,75.24062,345.45,0.5,0.49,2020-11-11,833,N,VIIRS,n,2,312.38,41.38,D,0
30.73385,75.20984,340.9,0.5,0.49,2020-11-11,833,N,VIIRS,n,2,301.5,4.33,D,0
30.73385,75.80683,331.09,0.54,0.51,2020-11-11,833,N,VIIRS,n,2,299.46,2.5,D,0
30.73464,75.20844,339.55,0.5,0.49,2020-11-11,833,N,VIIRS,n,2,301.51,5.78,D,0
30.73631,75.88765,332.83,0.54,0.51,2020-11-11,833,N,VIIRS,n,2,299.17,3.17,D,0
30.7365,75.28424,343.23,0.5,0.49,2020-11-11,833,N,VIIRS,n,2,302.45,35.61,D,0
30.73679,75.28296,349.12,0.5,0.49,2020-11-11,833,N,VIIRS,n,2,303.56,10.85,D,0
30.73693,75.2414,341.76,0.5,0.49,2020-11-11,833,N,VIIRS,n,2,299.45,7.13,D,0
30.73764,75.09206,340.96,0.49,0.49,2020-11-11,833,N,VIIRS,n,2,301.77,8.38,D,0
30.73781,75.04507,330.84,0.49,0.48,2020-11-11,833,N,VIIRS,n,2,300.4,2.52,D,0
30.73845,75.00353,333.27,0.48,0.48,2020-11-11,833,N,VIIRS,n,2,300.06,9.08,D,0
30.74052,75.88134,334.56,0.54,0.51,2020-11-11,833,N,VIIRS,n,2,301.35,6.19,D,0
30.74166,75.08633,336.81,0.49,0.48,2020-11-11,833,N,VIIRS,n,2,300.96,8.38,D,0
30.74182,75.53454,337.7,0.52,0.5,2020-11-11,833,N,VIIRS,n,2,300.4,6.01,D,0
30.74285,75.54552,350.84,0.52,0.5,2020-11-11,833,N,VIIRS,n,2,300.62,9.36,D,0
30.74576,75.88658,340.09,0.54,0.51,2020-11-11,833,N,VIIRS,n,2,300.16,5.33,D,0
30.74615,75.08576,341.39,0.49,0.48,2020-11-11,833,N,VIIRS,n,2,299.97,5.39,D,0
30.74615,75.33571,344.78,0.51,0.49,2020-11-11,833,N,VIIRS,n,2,303.68,11.79,D,0
30.74621,75.33687,357.11,0.51,0.49,2020-11-11,833,N,VIIRS,n,2,302.99,16.3,D,0
30.74923,75.52718,347.2,0.52,0.5,2020-11-11,833,N,VIIRS,n,2,301.61,9.6,D,0
30.74953,75.12204,331.17,0.49,0.49,2020-11-11,833,N,VIIRS,n,2,302.37,2,D,0
30.74997,75.27598,341.64,0.5,0.49,2020-11-11,833,N,VIIRS,n,2,302.53,6.95,D,0
30.75055,75.52796,342.17,0.52,0.5,2020-11-11,833,N,VIIRS,n,2,301.62,10.31,D,0
30.75175,75.04853,333.96,0.49,0.48,2020-11-11,833,N,VIIRS,n,2,300.35,2.92,D,0
30.75333,75.0172,331.48,0.48,0.48,2020-11-11,833,N,VIIRS,n,2,300.46,2.27,D,0
30.75357,75.57675,330.46,0.52,0.5,2020-11-11,833,N,VIIRS,n,2,298.25,1.73,D,0
30.75423,75.76997,331.01,0.54,0.51,2020-11-11,833,N,VIIRS,n,2,298.62,2.91,D,0
30.75732,75.01151,340.52,0.48,0.48,2020-11-11,833,N,VIIRS,n,2,300.7,6.87,D,0
30.75965,75.08407,340.63,0.49,0.48,2020-11-11,833,N,VIIRS,n,2,299.91,4.29,D,0
30.76358,75.92541,330.48,0.55,0.51,2020-11-11,833,N,VIIRS,n,2,299.81,5.41,D,0
30.76782,75.22032,337.51,0.5,0.49,2020-11-11,833,N,VIIRS,n,2,300.84,4.33,D,0
30.76989,75.94227,333.8,0.55,0.51,2020-11-11,833,N,VIIRS,n,2,299.88,3.05,D,0
30.77321,75.03546,342.7,0.49,0.48,2020-11-11,833,N,VIIRS,n,2,301.66,5.61,D,0
30.7761,75.11352,348.18,0.49,0.49,2020-11-11,833,N,VIIRS,n,2,304.08,8.58,D,0
30.77856,75.13952,341.7,0.49,0.49,2020-11-11,833,N,VIIRS,n,2,304.42,19.66,D,0
30.7811,75.11816,335.13,0.49,0.49,2020-11-11,833,N,VIIRS,n,2,300.21,8.58,D,0
30.78159,75.12335,342,0.49,0.49,2020-11-11,833,N,VIIRS,n,2,301.89,9.57,D,0
30.78614,75.07556,335.47,0.49,0.48,2020-11-11,833,N,VIIRS,n,2,300.26,4.71,D,0
30.78709,75.1332,337.98,0.49,0.49,2020-11-11,833,N,VIIRS,n,2,300.5,7.62,D,0
30.7895,75.45599,348.41,0.51,0.5,2020-11-11,833,N,VIIRS,n,2,300.37,8.61,D,0
30.79055,75.84008,333.19,0.54,0.51,2020-11-11,833,N,VIIRS,n,2,301.23,4.8,D,0
30.79729,75.59396,340.14,0.52,0.5,2020-11-11,833,N,VIIRS,n,2,299.78,3.4,D,0
30.79847,75.30233,334.17,0.5,0.49,2020-11-11,833,N,VIIRS,n,2,300.36,2.67,D,0
30.8022,75.4931,338.24,0.52,0.5,2020-11-11,833,N,VIIRS,n,2,300.92,4.13,D,0
30.80311,75.01619,338.29,0.48,0.48,2020-11-11,833,N,VIIRS,n,2,302.52,3.42,D,0
30.80313,75.06301,334.54,0.49,0.48,2020-11-11,833,N,VIIRS,n,2,300.96,1.98,D,0
30.80509,75.27464,342.35,0.5,0.49,2020-11-11,833,N,VIIRS,n,2,301.02,3.67,D,0
30.8059,75.43203,341.67,0.51,0.5,2020-11-11,833,N,VIIRS,n,2,300.85,4.88,D,0
30.80678,75.70022,334.32,0.53,0.5,2020-11-11,833,N,VIIRS,n,2,299.65,2.23,D,0
30.80681,75.49255,340.52,0.52,0.5,2020-11-11,833,N,VIIRS,n,2,300.05,4.13,D,0
30.80761,76.25631,341.51,0.57,0.52,2020-11-11,833,N,VIIRS,n,2,299.65,5.88,D,0
30.80763,75.25288,338.73,0.5,0.49,2020-11-11,833,N,VIIRS,n,2,299.9,4.01,D,0
30.80964,75.27408,348.12,0.5,0.49,2020-11-11,833,N,VIIRS,n,2,301.04,11.29,D,0
30.81066,75.14083,340.41,0.49,0.49,2020-11-11,833,N,VIIRS,n,2,300.79,6.51,D,0
30.81161,75.05673,352.86,0.49,0.48,2020-11-11,833,N,VIIRS,n,2,302.94,9.63,D,0
30.81315,75.05855,341.62,0.49,0.48,2020-11-11,833,N,VIIRS,n,2,305.32,13.31,D,0
30.81565,75.09811,340.98,0.49,0.49,2020-11-11,833,N,VIIRS,n,2,300.22,3.42,D,0
30.81571,75.28949,330.61,0.5,0.49,2020-11-11,833,N,VIIRS,n,2,299.82,3.69,D,0
30.81611,75.05618,347.81,0.49,0.48,2020-11-11,833,N,VIIRS,n,2,302.81,11.35,D,0
30.81644,75.09482,340.69,0.49,0.49,2020-11-11,833,N,VIIRS,n,2,301.36,4,D,0
30.81713,75.7104,330.81,0.53,0.5,2020-11-11,833,N,VIIRS,n,2,298.79,2.35,D,0
30.81774,75.26237,343.78,0.5,0.49,2020-11-11,833,N,VIIRS,n,2,301.87,11.04,D,0
30.81823,75.21949,337.62,0.5,0.49,2020-11-11,833,N,VIIRS,n,2,299.83,1.99,D,0
30.81979,75.68732,351.37,0.53,0.5,2020-11-11,833,N,VIIRS,n,2,300.21,11.13,D,0
30.82077,75.29427,345.97,0.5,0.49,2020-11-11,833,N,VIIRS,n,2,299.03,8,D,0
30.82077,75.34293,345.18,0.51,0.49,2020-11-11,833,N,VIIRS,n,2,301.45,12.9,D,0
30.82142,75.09945,342,0.49,0.49,2020-11-11,833,N,VIIRS,n,2,301.51,10.34,D,0
30.82517,75.10219,340.22,0.49,0.49,2020-11-11,833,N,VIIRS,n,2,299.96,10.42,D,0
30.82654,75.02374,339.28,0.49,0.48,2020-11-11,833,N,VIIRS,n,2,301.78,4.18,D,0
30.8275,75.72061,340.68,0.53,0.5,2020-11-11,833,N,VIIRS,n,2,300.06,4.79,D,0
30.82782,75.22367,332.18,0.5,0.49,2020-11-11,833,N,VIIRS,n,2,299.28,2.28,D,0
30.83234,76.2779,331.36,0.58,0.52,2020-11-11,833,N,VIIRS,n,2,298.45,5.92,D,0
30.83236,75.22313,332.13,0.5,0.49,2020-11-11,833,N,VIIRS,n,2,298.56,5.49,D,0
30.83244,75.31985,340.91,0.51,0.49,2020-11-11,833,N,VIIRS,n,2,302.67,13.41,D,0
30.83285,75.62349,334.91,0.53,0.5,2020-11-11,833,N,VIIRS,n,2,299.75,4.11,D,0
30.83285,76.28403,339.88,0.58,0.52,2020-11-11,833,N,VIIRS,n,2,298,5.92,D,0
30.83398,76.27801,330.85,0.58,0.52,2020-11-11,833,N,VIIRS,n,2,298.26,4.28,D,0
30.83452,76.28412,334.81,0.58,0.52,2020-11-11,833,N,VIIRS,n,2,296.72,6.59,D,0
30.83627,75.76547,337.08,0.54,0.51,2020-11-11,833,N,VIIRS,n,2,300.48,4.6,D,0
30.83638,76.0947,340.68,0.56,0.52,2020-11-11,833,N,VIIRS,n,2,300.36,5.95,D,0
30.83753,75.07644,336.04,0.49,0.49,2020-11-11,833,N,VIIRS,n,2,301.47,3.94,D,0
30.83776,75.13752,340.17,0.49,0.49,2020-11-11,833,N,VIIRS,n,2,302.63,16.86,D,0
30.83876,75.13949,354.71,0.49,0.49,2020-11-11,833,N,VIIRS,n,2,303.54,19.01,D,0
30.83997,75.25433,345.06,0.5,0.49,2020-11-11,833,N,VIIRS,n,2,300.96,12.6,D,0
30.84022,75.25655,341.82,0.5,0.49,2020-11-11,833,N,VIIRS,n,2,300.08,9.73,D,0
30.84185,75.12328,334.29,0.49,0.49,2020-11-11,833,N,VIIRS,n,2,299.26,4.23,D,0
30.84447,75.40794,335.48,0.51,0.49,2020-11-11,833,N,VIIRS,n,2,298.65,2.22,D,0
30.84522,75.40538,335.05,0.51,0.49,2020-11-11,833,N,VIIRS,n,2,298.42,3.7,D,0
30.84571,75.36952,337.05,0.51,0.49,2020-11-11,833,N,VIIRS,n,2,298.89,3.77,D,0
30.8462,75.36704,333.78,0.51,0.49,2020-11-11,833,N,VIIRS,n,2,299.39,3,D,0
30.84666,75.38031,344.88,0.51,0.49,2020-11-11,833,N,VIIRS,n,2,311.15,58.88,D,0
30.84723,75.37781,352.98,0.51,0.49,2020-11-11,833,N,VIIRS,n,2,311.95,47.01,D,0
30.84836,75.5376,333.83,0.52,0.5,2020-11-11,833,N,VIIRS,n,2,299.27,3.28,D,0
30.8498,75.26076,339.93,0.5,0.49,2020-11-11,833,N,VIIRS,n,2,299.05,2.69,D,0
30.85005,75.31465,333.61,0.51,0.49,2020-11-11,833,N,VIIRS,n,2,298.06,2.88,D,0
30.8501,75.26383,334.56,0.5,0.49,2020-11-11,833,N,VIIRS,n,2,298.79,2.37,D,0
30.85098,75.22304,342.03,0.5,0.49,2020-11-11,833,N,VIIRS,n,2,298.94,3.28,D,0
30.85184,75.13259,340.83,0.49,0.49,2020-11-11,833,N,VIIRS,n,2,300.61,5.49,D,0
30.85342,75.35223,340.91,0.51,0.49,2020-11-11,833,N,VIIRS,n,2,300.98,10.08,D,0
30.85433,75.35518,341.07,0.51,0.49,2020-11-11,833,N,VIIRS,n,2,300.91,10.65,D,0
30.85492,75.4097,331.49,0.51,0.49,2020-11-11,833,N,VIIRS,n,2,297.71,2.81,D,0
30.85724,75.50021,351.93,0.52,0.5,2020-11-11,833,N,VIIRS,n,2,302.74,10.02,D,0
30.85862,75.49747,340.91,0.52,0.5,2020-11-11,833,N,VIIRS,n,2,300.47,4.32,D,0
30.86018,76.31814,341.11,0.58,0.52,2020-11-11,833,N,VIIRS,n,2,301.25,9.18,D,0
30.862,75.24314,341,0.5,0.49,2020-11-11,833,N,VIIRS,n,2,301.26,12.63,D,0
30.86296,75.10487,340.33,0.49,0.49,2020-11-11,833,N,VIIRS,n,2,301.16,13.89,D,0
30.86306,75.35651,337.39,0.51,0.49,2020-11-11,833,N,VIIRS,n,2,298.85,4.23,D,0
30.86344,75.11008,342.06,0.49,0.49,2020-11-11,833,N,VIIRS,n,2,304.56,13.89,D,0
30.86442,75.12048,340.59,0.49,0.49,2020-11-11,833,N,VIIRS,n,2,302.08,12.41,D,0
30.86764,75.35596,334.85,0.51,0.49,2020-11-11,833,N,VIIRS,n,2,299.19,3.98,D,0
30.86783,75.30706,338.23,0.51,0.49,2020-11-11,833,N,VIIRS,n,2,298.29,4.35,D,0
30.86865,75.21554,356.39,0.5,0.49,2020-11-11,833,N,VIIRS,n,2,301.67,11.81,D,0
30.86899,75.26917,333.92,0.5,0.49,2020-11-11,833,N,VIIRS,n,2,299.45,5.71,D,0
30.87203,75.54037,334.45,0.52,0.5,2020-11-11,833,N,VIIRS,n,2,300.24,2.74,D,0
30.8776,75.41491,342.48,0.51,0.5,2020-11-11,833,N,VIIRS,n,2,301.23,12.04,D,0
30.87781,75.60135,343.93,0.53,0.5,2020-11-11,833,N,VIIRS,n,2,301.46,5.36,D,0
30.87888,75.48096,337.6,0.52,0.5,2020-11-11,833,N,VIIRS,n,2,300.42,3.39,D,0
30.87989,75.59813,340.92,0.53,0.5,2020-11-11,833,N,VIIRS,n,2,301.98,6.08,D,0
30.88041,75.14495,338.39,0.49,0.49,2020-11-11,833,N,VIIRS,n,2,298.42,3.61,D,0
30.88245,75.6008,335.97,0.53,0.5,2020-11-11,833,N,VIIRS,n,2,300.79,5.36,D,0
30.88375,75.22974,340.3,0.5,0.49,2020-11-11,833,N,VIIRS,n,2,300.06,5.4,D,0
30.88564,75.45249,348.25,0.52,0.5,2020-11-11,833,N,VIIRS,n,2,302.03,10.88,D,0
30.88721,75.26692,356.09,0.5,0.49,2020-11-11,833,N,VIIRS,n,2,301.36,12.95,D,0
30.88807,75.32631,333.32,0.51,0.49,2020-11-11,833,N,VIIRS,n,2,299.9,3.49,D,0
30.88903,75.09113,343.82,0.49,0.49,2020-11-11,833,N,VIIRS,n,2,302.99,6.93,D,0
30.88933,76.31491,347.77,0.58,0.52,2020-11-11,833,N,VIIRS,n,2,300.09,7.5,D,0
30.89116,75.30966,336.83,0.51,0.49,2020-11-11,833,N,VIIRS,n,2,300.12,3.72,D,0
30.89226,75.27169,341.23,0.5,0.49,2020-11-11,833,N,VIIRS,n,2,300.26,6.05,D,0
30.89255,75.52939,341.64,0.52,0.5,2020-11-11,833,N,VIIRS,n,2,300.73,4.54,D,0
30.89272,75.47931,338.02,0.52,0.5,2020-11-11,833,N,VIIRS,n,2,299.29,3.64,D,0
30.8971,75.68682,331,0.53,0.5,2020-11-11,833,N,VIIRS,n,2,298.37,3.58,D,0
30.89759,75.69245,332.41,0.53,0.5,2020-11-11,833,N,VIIRS,n,2,298.02,4.81,D,0
30.89781,75.28181,332.27,0.5,0.49,2020-11-11,833,N,VIIRS,n,2,299.23,3.14,D,0
30.89966,75.55649,341.32,0.52,0.5,2020-11-11,833,N,VIIRS,n,2,300.43,8.47,D,0
30.89979,75.66372,349.11,0.53,0.5,2020-11-11,833,N,VIIRS,n,2,299.85,7.06,D,0
30.90129,75.31928,356.35,0.51,0.49,2020-11-11,833,N,VIIRS,n,2,300.37,13.11,D,0
30.90399,75.20053,343.83,0.5,0.49,2020-11-11,833,N,VIIRS,n,2,301.56,7.93,D,0
30.90593,75.27004,340.38,0.5,0.49,2020-11-11,833,N,VIIRS,n,2,299.2,5.43,D,0
30.90944,75.30745,342.45,0.51,0.49,2020-11-11,833,N,VIIRS,n,2,301.14,8.75,D,0
30.90949,75.25884,341.75,0.5,0.49,2020-11-11,833,N,VIIRS,n,2,300.37,7.67,D,0
30.91063,75.67953,340.73,0.53,0.5,2020-11-11,833,N,VIIRS,n,2,300.98,8.57,D,0
30.91068,75.47163,341.36,0.52,0.5,2020-11-11,833,N,VIIRS,n,2,299.82,8.92,D,0
30.91307,75.10398,331.63,0.49,0.49,2020-11-11,833,N,VIIRS,l,2,301.67,2.19,D,0
30.91307,75.15157,347.29,0.5,0.49,2020-11-11,833,N,VIIRS,n,2,302.01,6.76,D,0
30.9153,75.67898,337.85,0.53,0.5,2020-11-11,833,N,VIIRS,n,2,298.66,6.24,D,0
30.91601,75.32838,331.06,0.51,0.49,2020-11-11,833,N,VIIRS,n,2,299.21,2.49,D,0
30.91608,75.23119,335.05,0.5,0.49,2020-11-11,833,N,VIIRS,n,2,301.34,2.76,D,0
30.91825,76.2785,342.56,0.58,0.52,2020-11-11,833,N,VIIRS,n,2,299.7,6.27,D,0
30.92211,75.34399,337.89,0.51,0.49,2020-11-11,833,N,VIIRS,n,2,300.37,4.33,D,0
30.92377,75.00569,335.54,0.49,0.48,2020-11-11,833,N,VIIRS,n,2,301.09,3.86,D,0
30.9255,76.28014,338.59,0.58,0.52,2020-11-11,833,N,VIIRS,n,2,299.94,5.54,D,0
30.92588,75.07872,348.04,0.49,0.49,2020-11-11,833,N,VIIRS,n,2,301.7,7,D,0
30.92649,75.00808,334.53,0.49,0.48,2020-11-11,833,N,VIIRS,n,2,302.34,3.6,D,0
30.92795,76.2774,340.8,0.58,0.52,2020-11-11,833,N,VIIRS,n,2,300.24,4.48,D,0
30.92858,75.07578,339.05,0.49,0.49,2020-11-11,833,N,VIIRS,n,2,301.06,10.07,D,0
30.92944,75.06776,343.34,0.49,0.49,2020-11-11,833,N,VIIRS,n,2,303.75,10.73,D,0
30.93257,75.60893,338.79,0.53,0.5,2020-11-11,833,N,VIIRS,n,2,300.02,5.27,D,0
30.93258,75.07003,342.31,0.49,0.49,2020-11-11,833,N,VIIRS,n,2,304.93,21.7,D,0
30.93395,75.0672,347.67,0.49,0.49,2020-11-11,833,N,VIIRS,n,2,301.05,10.73,D,0
30.93483,75.33159,345.33,0.51,0.49,2020-11-11,833,N,VIIRS,n,2,300.2,8.65,D,0
30.93532,75.43555,333.51,0.51,0.5,2020-11-11,833,N,VIIRS,n,2,299.23,3.74,D,0
30.93563,75.10124,332.79,0.49,0.49,2020-11-11,833,N,VIIRS,n,2,302.89,2.6,D,0
30.9368,75.09843,332.88,0.49,0.49,2020-11-11,833,N,VIIRS,n,2,302.09,3.07,D,0
30.93736,75.30956,332.41,0.51,0.49,2020-11-11,833,N,VIIRS,n,2,299.63,3.12,D,0
30.9381,75.07986,336.28,0.49,0.49,2020-11-11,833,N,VIIRS,n,2,301.97,8.95,D,0
30.93838,75.46836,330.62,0.52,0.5,2020-11-11,833,N,VIIRS,n,2,297.79,2.65,D,0
30.93861,75.08506,341.29,0.49,0.49,2020-11-11,833,N,VIIRS,n,2,301.93,11.17,D,0
30.93988,75.08224,351.56,0.49,0.49,2020-11-11,833,N,VIIRS,n,2,306.37,27.72,D,0
30.94069,76.31326,340.87,0.58,0.52,2020-11-11,833,N,VIIRS,n,2,300.65,9.5,D,0
30.94278,76.30927,335.8,0.58,0.52,2020-11-11,833,N,VIIRS,n,2,300.32,3.82,D,0
30.94657,75.55663,330.52,0.52,0.5,2020-11-11,833,N,VIIRS,n,2,298.87,2.82,D,0
30.94796,75.72672,354.31,0.54,0.5,2020-11-11,833,N,VIIRS,n,2,299.52,8.54,D,0
30.94937,75.19505,356.64,0.5,0.49,2020-11-11,833,N,VIIRS,n,2,303.08,12.89,D,0
30.94992,75.19241,340.54,0.5,0.49,2020-11-11,833,N,VIIRS,n,2,303.25,8.28,D,0
30.95041,75.19769,338.95,0.5,0.49,2020-11-11,833,N,VIIRS,n,2,300.87,8.28,D,0
30.9535,75.18127,330.65,0.5,0.49,2020-11-11,833,N,VIIRS,n,2,300.26,3.01,D,0
30.9548,75.49422,340.48,0.52,0.5,2020-11-11,833,N,VIIRS,n,2,300.05,7.41,D,0
30.95888,75.09042,352.29,0.49,0.49,2020-11-11,833,N,VIIRS,n,2,301.04,9.92,D,0
30.96097,75.06385,340.68,0.49,0.49,2020-11-11,833,N,VIIRS,n,2,299.79,5.29,D,0
30.96242,75.07944,338.72,0.49,0.49,2020-11-11,833,N,VIIRS,n,2,299.79,3.61,D,0
30.96257,75.62804,340.69,0.53,0.5,2020-11-11,833,N,VIIRS,n,2,298.98,6.46,D,0
30.96548,75.21191,333.42,0.5,0.49,2020-11-11,833,N,VIIRS,n,2,301.7,6.51,D,0
30.96596,75.21722,340.72,0.5,0.49,2020-11-11,833,N,VIIRS,n,2,302.24,6.51,D,0
30.96655,76.32909,343.09,0.58,0.52,2020-11-11,833,N,VIIRS,n,2,301.6,9.54,D,0
30.96905,75.20075,340.44,0.5,0.49,2020-11-11,833,N,VIIRS,n,2,302.28,20.04,D,0
30.96954,75.20605,344.48,0.5,0.49,2020-11-11,833,N,VIIRS,n,2,308.81,20.04,D,0
30.97082,75.27048,331.92,0.5,0.49,2020-11-11,833,N,VIIRS,n,2,299.39,2.25,D,0
30.97723,75.44479,331.73,0.52,0.5,2020-11-11,833,N,VIIRS,n,2,299.48,1.87,D,0
30.97752,75.04605,341.8,0.49,0.49,2020-11-11,833,N,VIIRS,n,2,298.4,3.57,D,0
30.97957,75.01962,341.18,0.49,0.48,2020-11-11,833,N,VIIRS,n,2,299.55,5.71,D,0
30.98144,75.08764,341.23,0.49,0.49,2020-11-11,833,N,VIIRS,n,2,300.46,10.84,D,0
30.98907,75.26827,342.48,0.5,0.49,2020-11-11,833,N,VIIRS,n,2,302.03,8.61,D,0
30.99497,75.08597,346.54,0.49,0.49,2020-11-11,833,N,VIIRS,n,2,301.78,13.55,D,0
30.99532,75.18686,340.67,0.5,0.49,2020-11-11,833,N,VIIRS,n,2,301.53,10.39,D,0
30.99547,75.09119,343.41,0.49,0.49,2020-11-11,833,N,VIIRS,n,2,305.32,25.25,D,0
30.00051,75.6846,336.64,0.44,0.39,2020-11-12,814,N,VIIRS,n,2,301.63,3.75,D,0
30.00168,75.6656,341.73,0.44,0.39,2020-11-12,814,N,VIIRS,n,2,303.31,23.65,D,0
30.00231,75.78356,336.87,0.45,0.39,2020-11-12,814,N,VIIRS,n,2,301.54,4.07,D,0
30.0029,75.75974,330.32,0.45,0.39,2020-11-12,814,N,VIIRS,l,2,301.19,2.68,D,0
30.00344,75.65122,335.49,0.44,0.39,2020-11-12,814,N,VIIRS,n,2,303.15,8.28,D,0
30.00386,76.05726,334.34,0.46,0.39,2020-11-12,814,N,VIIRS,n,2,300.54,2.89,D,0
30.00404,75.65582,347.08,0.44,0.39,2020-11-12,814,N,VIIRS,n,2,301.86,11.54,D,0
30.00467,75.85938,347.41,0.45,0.39,2020-11-12,814,N,VIIRS,n,2,305.66,8.5,D,0
30.00485,75.25038,333.13,0.43,0.38,2020-11-12,814,N,VIIRS,n,2,293.49,2.85,D,0
30.00649,75.37344,334.23,0.43,0.38,2020-11-12,814,N,VIIRS,n,2,300.37,7.53,D,0
30.00758,75.65521,345.51,0.44,0.39,2020-11-12,814,N,VIIRS,n,2,304.68,15.96,D,0
30.00761,75.68341,332.63,0.44,0.39,2020-11-12,814,N,VIIRS,n,2,300.34,2.32,D,0
30.00809,75.46993,332.43,0.44,0.38,2020-11-12,814,N,VIIRS,n,2,296.68,3.21,D,0
30.0082,75.94516,341.73,0.45,0.39,2020-11-12,814,N,VIIRS,n,2,303.34,6.17,D,0
30.00866,75.47445,332.07,0.44,0.38,2020-11-12,814,N,VIIRS,n,2,292.03,3.21,D,0
30.00884,75.8922,332.99,0.45,0.39,2020-11-12,814,N,VIIRS,n,2,300.81,2.07,D,0
30.01001,75.93042,330.8,0.45,0.39,2020-11-12,814,N,VIIRS,n,2,300.72,2.17,D,0
30.01064,75.87753,334.82,0.45,0.39,2020-11-12,814,N,VIIRS,n,2,302.07,2.6,D,0
30.01109,75.62647,334.36,0.44,0.38,2020-11-12,814,N,VIIRS,n,2,302.22,7.99,D,0
30.01183,75.80097,336.57,0.45,0.39,2020-11-12,814,N,VIIRS,n,2,302.85,2.63,D,0
30.01218,76.12425,340.05,0.46,0.39,2020-11-12,814,N,VIIRS,n,2,300.46,6.06,D,0
30.01401,76.10927,344.89,0.46,0.39,2020-11-12,814,N,VIIRS,n,2,301.91,10.12,D,0
30.0152,76.11887,331.39,0.46,0.39,2020-11-12,814,N,VIIRS,n,2,300.29,8.45,D,0
30.01547,75.58488,340.56,0.44,0.38,2020-11-12,814,N,VIIRS,n,2,297.5,25.74,D,0
30.0158,76.12366,334.08,0.46,0.39,2020-11-12,814,N,VIIRS,n,2,298.92,6.71,D,0
30.01599,75.9487,344.67,0.45,0.39,2020-11-12,814,N,VIIRS,n,2,302.52,11.91,D,0
30.01634,75.58351,344.59,0.44,0.38,2020-11-12,814,N,VIIRS,n,2,300.95,22.65,D,0
30.01699,76.13327,331.26,0.46,0.39,2020-11-12,814,N,VIIRS,n,2,299.01,2.65,D,0
30.0172,75.87164,333.73,0.45,0.39,2020-11-12,814,N,VIIRS,n,2,300.01,2.67,D,0
30.0178,75.87634,331.89,0.45,0.39,2020-11-12,814,N,VIIRS,n,2,300.49,2.67,D,0
30.01785,75.57514,331.85,0.44,0.38,2020-11-12,814,N,VIIRS,n,2,299.79,2.66,D,0
30.01865,75.46813,343.65,0.44,0.38,2020-11-12,814,N,VIIRS,n,2,290.29,4.65,D,0
30.01882,75.65802,335.56,0.44,0.39,2020-11-12,814,N,VIIRS,n,2,302.25,30.45,D,0
30.01898,75.82835,330.59,0.45,0.39,2020-11-12,814,N,VIIRS,l,2,303.82,3.14,D,0
30.01958,75.83302,334.73,0.45,0.39,2020-11-12,814,N,VIIRS,l,2,304.78,7.3,D,0
30.02078,75.92863,333.25,0.45,0.39,2020-11-12,814,N,VIIRS,n,2,301.4,2.51,D,0
30.0223,75.30204,338.84,0.43,0.38,2020-11-12,814,N,VIIRS,n,2,296.62,7.65,D,0
30.02237,75.65742,335,0.44,0.39,2020-11-12,814,N,VIIRS,n,2,299.89,34.75,D,0
30.02255,75.82776,333.07,0.45,0.39,2020-11-12,814,N,VIIRS,n,2,302.58,4.8,D,0
30.02315,75.83243,334.64,0.45,0.39,2020-11-12,814,N,VIIRS,n,2,303.63,7.37,D,0
30.02435,76.015,334.24,0.46,0.39,2020-11-12,814,N,VIIRS,n,2,302.62,4.77,D,0
30.02492,76.04893,347.56,0.46,0.39,2020-11-12,814,N,VIIRS,n,2,303.45,11.84,D,0
30.02596,75.63931,337.65,0.44,0.39,2020-11-12,814,N,VIIRS,n,2,299.06,2.81,D,0
30.02841,75.6014,345.5,0.44,0.38,2020-11-12,814,N,VIIRS,n,2,300.41,10.64,D,0
30.02924,75.4386,330.52,0.44,0.38,2020-11-12,814,N,VIIRS,n,2,296.98,1.74,D,0
30.02988,75.27792,330.29,0.43,0.38,2020-11-12,814,N,VIIRS,n,2,295.54,3.23,D,0
30.02988,75.33276,344.85,0.43,0.38,2020-11-12,814,N,VIIRS,n,2,301.54,11.36,D,0
30.03206,75.10547,335.7,0.42,0.38,2020-11-12,814,N,VIIRS,n,2,298.71,2.87,D,0
30.0327,75.84994,335.02,0.45,0.39,2020-11-12,814,N,VIIRS,n,2,303.96,4.65,D,0
30.03316,75.58189,336.27,0.44,0.38,2020-11-12,814,N,VIIRS,n,2,299.45,6.33,D,0
30.03554,75.10487,336.87,0.42,0.38,2020-11-12,814,N,VIIRS,n,2,297.37,7.99,D,0
30.03568,75.84466,347.56,0.45,0.39,2020-11-12,814,N,VIIRS,n,2,305.45,8.66,D,0
30.03572,75.29517,332,0.43,0.38,2020-11-12,814,N,VIIRS,n,2,296.4,2.12,D,0
30.03674,75.55328,353.52,0.44,0.38,2020-11-12,814,N,VIIRS,n,2,304.61,14.51,D,0
30.03694,75.94042,334.08,0.45,0.39,2020-11-12,814,N,VIIRS,n,2,300.7,2.1,D,0
30.03853,75.53901,338.43,0.44,0.38,2020-11-12,814,N,VIIRS,n,2,297.98,3.85,D,0
30.0402,75.60877,331.27,0.44,0.38,2020-11-12,814,N,VIIRS,n,2,299.68,1.71,D,0
30.04055,76.11472,332.44,0.46,0.39,2020-11-12,814,N,VIIRS,n,2,296.5,3.12,D,0
30.0427,75.2666,337.65,0.43,0.38,2020-11-12,814,N,VIIRS,n,2,297.85,18.34,D,0
30.04374,75.60817,336.01,0.44,0.38,2020-11-12,814,N,VIIRS,n,2,299.43,7.12,D,0
30.04524,75.86221,335.82,0.45,0.39,2020-11-12,814,N,VIIRS,n,2,303.1,1.96,D,0
30.04595,75.98239,341.09,0.46,0.39,2020-11-12,814,N,VIIRS,n,2,300.53,3.26,D,0
30.04619,75.266,346.07,0.43,0.38,2020-11-12,814,N,VIIRS,n,2,303.33,18.34,D,0
30.04645,75.87158,333.35,0.45,0.39,2020-11-12,814,N,VIIRS,n,2,301.13,3.09,D,0
30.04658,76.04538,338.92,0.46,0.39,2020-11-12,814,N,VIIRS,n,2,296.6,3.24,D,0
30.04658,76.10394,345.44,0.46,0.39,2020-11-12,814,N,VIIRS,n,2,295.87,7.31,D,0
30.04718,76.10874,343.21,0.46,0.39,2020-11-12,814,N,VIIRS,n,2,296.55,10.77,D,0
30.04727,75.19312,344.48,0.43,0.38,2020-11-12,814,N,VIIRS,n,2,295.14,10.28,D,0
30.04766,75.88097,334.82,0.45,0.39,2020-11-12,814,N,VIIRS,n,2,302.85,10.14,D,0
30.04786,75.87282,339.78,0.45,0.39,2020-11-12,814,N,VIIRS,n,2,301.57,5.98,D,0
30.04845,75.87752,338.04,0.45,0.39,2020-11-12,814,N,VIIRS,n,2,302.38,8.95,D,0
30.04959,76.04001,332.98,0.46,0.39,2020-11-12,814,N,VIIRS,n,2,296.13,5.43,D,0
30.05019,76.04478,351.07,0.46,0.39,2020-11-12,814,N,VIIRS,n,2,297.19,5.43,D,0
30.05024,75.6024,339,0.44,0.38,2020-11-12,814,N,VIIRS,n,2,300.48,5.67,D,0
30.05076,75.99127,335.68,0.46,0.39,2020-11-12,814,N,VIIRS,n,2,301.87,5.01,D,0
30.05142,75.25144,342.62,0.43,0.38,2020-11-12,814,N,VIIRS,n,2,300.22,9.73,D,0
30.05149,75.33362,344.96,0.43,0.38,2020-11-12,814,N,VIIRS,n,2,295.57,6.8,D,0
30.0535,75.10625,333.26,0.42,0.38,2020-11-12,814,N,VIIRS,n,2,296.92,3.44,D,0
30.05586,75.12386,334.63,0.42,0.38,2020-11-12,814,N,VIIRS,n,2,297.27,3.06,D,0
30.05762,75.13708,334.63,0.43,0.38,2020-11-12,814,N,VIIRS,n,2,297.05,5.63,D,0
30.05801,76.04836,335.07,0.46,0.39,2020-11-12,814,N,VIIRS,n,2,295.38,11.14,D,0
30.05973,75.42416,339.63,0.43,0.38,2020-11-12,814,N,VIIRS,n,2,294.71,4.3,D,0
30.06091,75.48872,334.27,0.44,0.38,2020-11-12,814,N,VIIRS,n,2,298.26,2.15,D,0
30.06149,75.5491,330.64,0.44,0.38,2020-11-12,814,N,VIIRS,n,2,300,5.27,D,0
30.06204,75.92815,330.57,0.45,0.39,2020-11-12,814,N,VIIRS,n,2,302.31,2.02,D,0
30.06208,75.55366,332.53,0.44,0.38,2020-11-12,814,N,VIIRS,n,2,301.7,9.31,D,0
30.06212,75.89925,337.29,0.45,0.39,2020-11-12,814,N,VIIRS,n,2,309.97,41.53,D,0
30.06329,75.90868,344.13,0.45,0.39,2020-11-12,814,N,VIIRS,n,2,303.86,15.58,D,0
30.06466,76.07166,338.02,0.46,0.39,2020-11-12,814,N,VIIRS,n,2,295.09,3.29,D,0
30.06488,75.71758,330.45,0.45,0.39,2020-11-12,814,N,VIIRS,n,2,299.57,4.05,D,0
30.06491,75.68923,336.78,0.44,0.39,2020-11-12,814,N,VIIRS,n,2,301.1,7.07,D,0
30.06797,75.54334,343.65,0.44,0.38,2020-11-12,814,N,VIIRS,n,2,298.81,5.05,D,0
30.06827,76.07105,338.01,0.46,0.39,2020-11-12,814,N,VIIRS,n,2,295.42,6.18,D,0
30.06971,75.44555,330.86,0.44,0.38,2020-11-12,814,N,VIIRS,n,2,297.83,3.79,D,0
30.07003,75.14145,331.76,0.43,0.38,2020-11-12,814,N,VIIRS,n,2,294.94,3.45,D,0
30.0703,75.45008,330.46,0.44,0.38,2020-11-12,814,N,VIIRS,n,2,297.3,3.73,D,0
30.07144,75.68341,334.33,0.44,0.39,2020-11-12,814,N,VIIRS,n,2,299.06,6.75,D,0
30.07567,75.97905,336.96,0.46,0.39,2020-11-12,814,N,VIIRS,n,2,298.65,8.16,D,0
30.07738,75.64474,338.78,0.44,0.39,2020-11-12,814,N,VIIRS,n,2,303.99,4.04,D,0
30.07858,75.56954,345.77,0.44,0.38,2020-11-12,814,N,VIIRS,n,2,300.14,9.73,D,0
30.07858,75.62575,339.21,0.44,0.39,2020-11-12,814,N,VIIRS,n,2,301.5,5.21,D,0
30.07936,75.0767,336.66,0.42,0.38,2020-11-12,814,N,VIIRS,n,2,297.81,6.74,D,0
30.08093,75.64414,340.14,0.44,0.39,2020-11-12,814,N,VIIRS,n,2,301.91,4.04,D,0
30.08163,76.14726,331.28,0.46,0.39,2020-11-12,814,N,VIIRS,n,2,298.68,2.72,D,0
30.08174,76.14896,340.93,0.46,0.39,2020-11-12,814,N,VIIRS,n,2,300.44,3.9,D,0
30.08275,75.18451,333.98,0.43,0.38,2020-11-12,814,N,VIIRS,n,2,291.25,5.84,D,0
30.08287,75.97786,335.85,0.46,0.39,2020-11-12,814,N,VIIRS,n,2,300.04,14.02,D,0
30.0839,75.19337,343.08,0.43,0.38,2020-11-12,814,N,VIIRS,n,2,296.98,11.6,D,0
30.08647,75.97727,336.85,0.46,0.39,2020-11-12,814,N,VIIRS,n,2,299.49,14.02,D,0
30.08915,75.79424,332.54,0.45,0.39,2020-11-12,814,N,VIIRS,l,2,302.82,18,D,0
30.08945,75.32255,335.34,0.43,0.38,2020-11-12,814,N,VIIRS,n,2,293.6,5.93,D,0
30.08974,75.79891,341.62,0.45,0.39,2020-11-12,814,N,VIIRS,n,2,311.01,18,D,0
30.09037,75.5769,331.37,0.44,0.38,2020-11-12,814,N,VIIRS,n,2,300.85,4.62,D,0
30.09208,75.50667,332.27,0.44,0.38,2020-11-12,814,N,VIIRS,n,2,300.02,2.93,D,0
30.09273,75.56715,344.75,0.44,0.38,2020-11-12,814,N,VIIRS,n,2,304.44,20.65,D,0
30.09312,75.26458,331.31,0.43,0.38,2020-11-12,814,N,VIIRS,n,2,298.98,3.81,D,0
30.09332,75.79831,336.02,0.45,0.39,2020-11-12,814,N,VIIRS,n,2,300.11,18,D,0
30.09388,75.83164,331.31,0.45,0.39,2020-11-12,814,N,VIIRS,l,2,304.67,10.51,D,0
30.09506,75.52944,336.73,0.44,0.38,2020-11-12,814,N,VIIRS,n,2,301.39,6.96,D,0
30.09556,75.11894,330.17,0.43,0.38,2020-11-12,814,N,VIIRS,n,2,294.13,2.1,D,0
30.09639,75.40166,338.9,0.43,0.38,2020-11-12,814,N,VIIRS,n,2,302.61,14.04,D,0
30.09663,75.40403,343.64,0.43,0.38,2020-11-12,814,N,VIIRS,n,2,300.93,6.68,D,0
30.09716,75.29588,341.05,0.43,0.38,2020-11-12,814,N,VIIRS,n,2,293.3,6.18,D,0
30.09783,75.21822,337.91,0.43,0.38,2020-11-12,814,N,VIIRS,n,2,297.95,5.08,D,0
30.09807,75.60838,337.13,0.44,0.38,2020-11-12,814,N,VIIRS,n,2,301.99,4.34,D,0
30.09924,75.58945,332.71,0.44,0.38,2020-11-12,814,N,VIIRS,n,2,300.6,1.96,D,0
30.10015,75.40344,334.95,0.43,0.38,2020-11-12,814,N,VIIRS,n,2,297.28,6.68,D,0
30.10122,76.09666,335.52,0.46,0.39,2020-11-12,814,N,VIIRS,n,2,298.7,4.44,D,0
30.10134,75.05488,344.16,0.42,0.38,2020-11-12,814,N,VIIRS,n,2,305.88,25.7,D,0
30.10161,75.60778,348.96,0.44,0.38,2020-11-12,814,N,VIIRS,n,2,304.08,10.23,D,0
30.10399,75.40498,332.35,0.43,0.38,2020-11-12,814,N,VIIRS,n,2,297.48,1.55,D,0
30.10417,75.29467,331.08,0.43,0.38,2020-11-12,814,N,VIIRS,n,2,292.28,2.05,D,0
30.10556,76.04217,332.62,0.46,0.39,2020-11-12,814,N,VIIRS,n,2,297.32,4.99,D,0
30.10615,76.04695,331.96,0.46,0.39,2020-11-12,814,N,VIIRS,n,2,297.01,4.99,D,0
30.10715,75.12596,337.55,0.43,0.38,2020-11-12,814,N,VIIRS,n,2,295.65,4.66,D,0
30.10721,76.11531,334.34,0.46,0.39,2020-11-12,814,N,VIIRS,n,2,301.92,4.83,D,0
30.10759,75.71042,347.37,0.45,0.39,2020-11-12,814,N,VIIRS,n,2,300.55,7.99,D,0
30.11084,76.11472,330.55,0.46,0.39,2020-11-12,814,N,VIIRS,n,2,299.87,4.83,D,0
30.11107,75.37611,344.09,0.43,0.38,2020-11-12,814,N,VIIRS,n,2,298,10.63,D,0
30.11208,75.46838,344.83,0.44,0.38,2020-11-12,814,N,VIIRS,n,2,302.05,8.36,D,0
30.11213,76.06549,336.4,0.46,0.39,2020-11-12,814,N,VIIRS,n,2,300.42,5.27,D,0
30.11347,75.64337,336.48,0.44,0.39,2020-11-12,814,N,VIIRS,n,2,301.95,3.42,D,0
30.1157,75.41221,331.87,0.44,0.38,2020-11-12,814,N,VIIRS,n,2,297.77,2.47,D,0
30.11587,75.19238,335.23,0.43,0.38,2020-11-12,814,N,VIIRS,n,2,294.35,5.25,D,0
30.1163,76.09908,345.04,0.46,0.39,2020-11-12,814,N,VIIRS,n,2,307.99,33.17,D,0
30.11635,75.36138,330.67,0.43,0.38,2020-11-12,814,N,VIIRS,n,2,298.89,1.59,D,0
30.1169,75.39354,333.77,0.43,0.38,2020-11-12,814,N,VIIRS,n,2,300.67,3.83,D,0
30.11694,76.07449,333.5,0.46,0.39,2020-11-12,814,N,VIIRS,n,2,301.22,2.37,D,0
30.11701,75.11973,332.7,0.43,0.38,2020-11-12,814,N,VIIRS,n,2,296.16,4.19,D,0
30.11761,75.233,332.02,0.43,0.38,2020-11-12,814,N,VIIRS,n,2,297.48,2.94,D,0
30.11797,75.4581,332.57,0.44,0.38,2020-11-12,814,N,VIIRS,n,2,303.29,5.7,D,0
30.11868,75.3794,335.33,0.43,0.38,2020-11-12,814,N,VIIRS,n,2,300.54,6.11,D,0
30.12,76.03979,331.06,0.46,0.39,2020-11-12,814,N,VIIRS,n,2,297.82,3.07,D,0
30.12052,76.10331,330.11,0.46,0.39,2020-11-12,814,N,VIIRS,l,2,300.79,2.3,D,0
30.12066,75.72719,337.79,0.45,0.39,2020-11-12,814,N,VIIRS,n,2,303.91,10.68,D,0
30.1215,75.4575,338.4,0.44,0.38,2020-11-12,814,N,VIIRS,n,2,300.01,5.7,D,0
30.12219,75.3788,330.33,0.43,0.38,2020-11-12,814,N,VIIRS,n,2,298.87,1.7,D,0
30.12274,75.05564,338.46,0.42,0.38,2020-11-12,814,N,VIIRS,n,2,298.42,11.45,D,0
30.1229,76.12257,337.24,0.46,0.39,2020-11-12,814,N,VIIRS,n,2,298.9,2.44,D,0
30.12328,75.44328,335.13,0.44,0.38,2020-11-12,814,N,VIIRS,n,2,299.73,6.12,D,0
30.1234,75.33262,337.68,0.43,0.38,2020-11-12,814,N,VIIRS,n,2,294.94,7.97,D,0
30.12388,75.03748,333.17,0.42,0.38,2020-11-12,814,N,VIIRS,n,2,297.33,2.9,D,0
30.12409,75.62048,345.27,0.44,0.39,2020-11-12,814,N,VIIRS,n,2,302.18,8.5,D,0
30.12444,75.45236,333.93,0.44,0.38,2020-11-12,814,N,VIIRS,n,2,304.29,20.35,D,0
30.12449,75.06883,336.38,0.42,0.38,2020-11-12,814,N,VIIRS,n,2,297.35,6.2,D,0
30.12459,75.28658,331.99,0.43,0.38,2020-11-12,814,N,VIIRS,n,2,298.27,4.2,D,0
30.12467,75.61798,333.68,0.44,0.39,2020-11-12,814,N,VIIRS,n,2,303.49,8.69,D,0
30.12504,75.04626,343.11,0.42,0.38,2020-11-12,814,N,VIIRS,n,2,305.14,20.68,D,0
30.12563,75.05064,346.81,0.42,0.38,2020-11-12,814,N,VIIRS,n,2,301.31,11.45,D,0
30.1268,75.44268,332.62,0.44,0.38,2020-11-12,814,N,VIIRS,n,2,299.86,6.12,D,0
30.12684,75.41492,335.77,0.44,0.38,2020-11-12,814,N,VIIRS,n,2,299.4,2.94,D,0
30.12789,75.86911,335.32,0.45,0.39,2020-11-12,814,N,VIIRS,n,2,301.63,4.42,D,0
30.12904,76.02368,334.98,0.46,0.39,2020-11-12,814,N,VIIRS,n,2,301.36,4.66,D,0
30.13078,75.53035,330.84,0.44,0.38,2020-11-12,814,N,VIIRS,n,2,299.47,1.75,D,0
30.13096,75.39114,331.88,0.43,0.38,2020-11-12,814,N,VIIRS,n,2,299.65,2.12,D,0
30.13125,75.59109,334.55,0.44,0.38,2020-11-12,814,N,VIIRS,n,2,300.66,4.23,D,0
30.13131,75.56298,333.84,0.44,0.38,2020-11-12,814,N,VIIRS,n,2,299.82,3.88,D,0
30.13274,75.34938,342.38,0.43,0.38,2020-11-12,814,N,VIIRS,n,2,299.92,5.67,D,0
30.13437,76.1256,333.41,0.46,0.39,2020-11-12,814,N,VIIRS,n,2,300.13,3.32,D,0
30.13445,75.41824,333.35,0.44,0.38,2020-11-12,814,N,VIIRS,n,2,302.55,5.22,D,0
30.13596,75.59969,335.13,0.44,0.39,2020-11-12,814,N,VIIRS,n,2,301.21,3.06,D,0
30.13625,75.34878,340.39,0.43,0.38,2020-11-12,814,N,VIIRS,n,2,299.34,5.67,D,0
30.13692,75.69379,332.94,0.45,0.39,2020-11-12,814,N,VIIRS,n,2,299.36,1.82,D,0
30.13717,75.58071,337.42,0.44,0.38,2020-11-12,814,N,VIIRS,n,2,299.36,3.98,D,0
30.13723,75.55261,345.55,0.44,0.38,2020-11-12,814,N,VIIRS,n,2,304.39,13.14,D,0
30.13797,75.41764,333.1,0.44,0.38,2020-11-12,814,N,VIIRS,n,2,298.28,5.22,D,0
30.138,75.36228,342.6,0.43,0.38,2020-11-12,814,N,VIIRS,n,2,301.31,10.06,D,0
30.13927,75.92984,334.22,0.45,0.39,2020-11-12,814,N,VIIRS,n,2,298.92,2.92,D,0
30.14076,75.55202,345.32,0.44,0.38,2020-11-12,814,N,VIIRS,n,2,298.3,13.14,D,0
30.14105,76.09013,333.61,0.46,0.39,2020-11-12,814,N,VIIRS,n,2,302,1.85,D,0
30.14266,75.4261,332.72,0.44,0.38,2020-11-12,814,N,VIIRS,n,2,300.23,4.17,D,0
30.14736,75.35148,338.1,0.43,0.38,2020-11-12,814,N,VIIRS,n,2,299.36,3.37,D,0
30.14834,75.61169,336.5,0.44,0.39,2020-11-12,814,N,VIIRS,n,2,300.05,4.82,D,0
30.1485,75.47147,335.58,0.44,0.38,2020-11-12,814,N,VIIRS,n,2,302.75,6.7,D,0
30.1497,75.39716,341.61,0.43,0.38,2020-11-12,814,N,VIIRS,n,2,297.9,2.67,D,0
30.14992,75.71055,332.57,0.45,0.39,2020-11-12,814,N,VIIRS,n,2,301.31,4.58,D,0
30.15263,75.36437,330.83,0.43,0.38,2020-11-12,814,N,VIIRS,n,2,297.96,1.87,D,0
30.15345,75.07279,333.54,0.42,0.38,2020-11-12,814,N,VIIRS,n,2,296.49,5.57,D,0
30.15381,75.40108,332.42,0.43,0.38,2020-11-12,814,N,VIIRS,n,2,301.25,6.87,D,0
30.15605,75.5869,332.76,0.44,0.38,2020-11-12,814,N,VIIRS,n,2,301.22,5.18,D,0
30.15611,76.18125,334.35,0.47,0.39,2020-11-12,814,N,VIIRS,n,2,304.04,9.45,D,0
30.15634,75.06779,331.84,0.42,0.38,2020-11-12,814,N,VIIRS,n,2,297.49,3.22,D,0
30.15655,75.17626,331.93,0.43,0.38,2020-11-12,814,N,VIIRS,n,2,295.75,5.94,D,0
30.15659,75.20352,330.89,0.43,0.38,2020-11-12,814,N,VIIRS,n,2,296.26,2.5,D,0
30.15667,75.56336,333.72,0.44,0.38,2020-11-12,814,N,VIIRS,n,2,301.85,4.14,D,0
30.15692,75.76641,336.28,0.45,0.39,2020-11-12,814,N,VIIRS,n,2,302.55,9.14,D,0
30.1579,75.3773,340.41,0.43,0.38,2020-11-12,814,N,VIIRS,n,2,303.87,17.29,D,0
30.15804,75.05399,332.58,0.42,0.38,2020-11-12,814,N,VIIRS,n,2,296.73,2.47,D,0
30.15908,75.46967,330.66,0.44,0.38,2020-11-12,814,N,VIIRS,n,2,298.9,2.46,D,0
30.1591,75.05481,330.25,0.42,0.38,2020-11-12,814,N,VIIRS,n,2,296.26,2.51,D,0
30.16138,75.57192,335.52,0.44,0.38,2020-11-12,814,N,VIIRS,n,2,301.67,5.99,D,0
30.16199,75.35358,330.36,0.43,0.38,2020-11-12,814,N,VIIRS,n,2,297.41,2,D,0
30.16446,75.07539,346.84,0.42,0.38,2020-11-12,814,N,VIIRS,n,2,298.76,9.48,D,0
30.16503,75.86077,344.45,0.45,0.39,2020-11-12,814,N,VIIRS,n,2,302.06,11.08,D,0
30.16542,75.66062,334.58,0.44,0.39,2020-11-12,814,N,VIIRS,n,2,301.13,5.86,D,0
30.16544,75.07624,336.34,0.42,0.38,2020-11-12,814,N,VIIRS,n,2,301.24,29.46,D,0
30.16848,75.45878,333.58,0.44,0.38,2020-11-12,814,N,VIIRS,n,2,301.23,5.25,D,0
30.17132,75.31522,333.92,0.43,0.38,2020-11-12,814,N,VIIRS,n,2,297.84,3.33,D,0
30.17142,75.45364,333.4,0.44,0.38,2020-11-12,814,N,VIIRS,n,2,301.58,5.25,D,0
30.17242,76.07519,334.56,0.46,0.39,2020-11-12,814,N,VIIRS,n,2,304.45,6.07,D,0
30.17258,75.60289,348.01,0.44,0.39,2020-11-12,814,N,VIIRS,n,2,305.69,19.3,D,0
30.17317,75.60749,350.88,0.44,0.39,2020-11-12,814,N,VIIRS,n,2,302.45,19.3,D,0
30.17519,75.85427,332.06,0.45,0.39,2020-11-12,814,N,VIIRS,n,2,300.7,1.95,D,0
30.17533,75.26413,332.7,0.43,0.38,2020-11-12,814,N,VIIRS,n,2,292.72,4.77,D,0
30.17844,75.67735,337.89,0.45,0.39,2020-11-12,814,N,VIIRS,n,2,298.9,4.15,D,0
30.17908,75.48486,336.55,0.44,0.38,2020-11-12,814,N,VIIRS,n,2,300.49,3.8,D,0
30.17957,76.01537,333.65,0.46,0.39,2020-11-12,814,N,VIIRS,n,2,297.24,5.27,D,0
30.18079,75.41496,332.25,0.44,0.38,2020-11-12,814,N,VIIRS,n,2,299,2.41,D,0
30.18081,75.44275,336.28,0.44,0.38,2020-11-12,814,N,VIIRS,n,2,301.48,4.25,D,0
30.18201,75.47971,332.76,0.44,0.38,2020-11-12,814,N,VIIRS,n,2,301.25,3.8,D,0
30.18214,75.17747,338.7,0.43,0.38,2020-11-12,814,N,VIIRS,n,2,297.31,6.18,D,0
30.18431,75.41436,341.4,0.44,0.38,2020-11-12,814,N,VIIRS,n,2,307.37,34.52,D,0
30.18499,75.55856,343.58,0.44,0.38,2020-11-12,814,N,VIIRS,n,2,301.36,5.04,D,0
30.18506,76.05843,344.36,0.46,0.39,2020-11-12,814,N,VIIRS,n,2,303.52,4.61,D,0
30.18544,76.05627,346.8,0.46,0.39,2020-11-12,814,N,VIIRS,n,2,304.59,5.16,D,0
30.18554,75.47912,333.79,0.44,0.38,2020-11-12,814,N,VIIRS,n,2,301.58,5.99,D,0
30.18701,76.16139,334.36,0.47,0.39,2020-11-12,814,N,VIIRS,n,2,300.31,2.38,D,0
30.18816,76.11189,330.29,0.46,0.39,2020-11-12,814,N,VIIRS,n,2,302.12,2.12,D,0
30.18901,75.42282,338.58,0.44,0.38,2020-11-12,814,N,VIIRS,n,2,301.67,3.78,D,0
30.1902,75.43188,342.95,0.44,0.38,2020-11-12,814,N,VIIRS,n,2,303.59,12.43,D,0
30.19087,75.52016,341.33,0.44,0.38,2020-11-12,814,N,VIIRS,n,2,310.8,46.76,D,0
30.19253,75.42222,343.94,0.44,0.38,2020-11-12,814,N,VIIRS,n,2,301.42,8.44,D,0
30.19263,75.50586,335.65,0.44,0.38,2020-11-12,814,N,VIIRS,n,2,304.86,17.92,D,0
30.19355,75.94291,342.07,0.46,0.39,2020-11-12,814,N,VIIRS,n,2,301.25,11.59,D,0
30.19359,75.34817,333.1,0.43,0.38,2020-11-12,814,N,VIIRS,n,2,297.87,3.19,D,0
30.1944,75.77444,333.98,0.45,0.39,2020-11-12,814,N,VIIRS,n,2,302.18,7.03,D,0
30.1947,75.33076,333.35,0.43,0.38,2020-11-12,814,N,VIIRS,n,2,298.17,3.69,D,0
30.19472,75.32957,333.74,0.43,0.38,2020-11-12,814,N,VIIRS,n,2,299.34,3.94,D,0
30.19499,75.77911,337.55,0.45,0.39,2020-11-12,814,N,VIIRS,n,2,306.39,14.55,D,0
30.1971,75.29358,333.95,0.43,0.38,2020-11-12,814,N,VIIRS,n,2,300.98,9,D,0
30.19729,75.04814,334.07,0.42,0.38,2020-11-12,814,N,VIIRS,n,2,297.52,3.32,D,0
30.19821,75.33015,334.78,0.43,0.38,2020-11-12,814,N,VIIRS,n,2,296.08,3.69,D,0
30.19823,75.32897,331.32,0.43,0.38,2020-11-12,814,N,VIIRS,n,2,296.62,3.94,D,0
30.19913,75.52809,335.5,0.44,0.38,2020-11-12,814,N,VIIRS,n,2,303.21,8.98,D,0
30.20064,76.2117,335.46,0.47,0.4,2020-11-12,814,N,VIIRS,n,2,302.92,3.08,D,0
30.20102,76.21363,334.07,0.47,0.4,2020-11-12,814,N,VIIRS,n,2,301.75,2.72,D,0
30.20143,76.15701,342.18,0.47,0.39,2020-11-12,814,N,VIIRS,n,2,303.4,7.29,D,0
30.20154,75.60271,346.87,0.44,0.39,2020-11-12,814,N,VIIRS,n,2,301.13,7.67,D,0
30.20269,75.55556,347.22,0.44,0.38,2020-11-12,814,N,VIIRS,n,2,304.14,8.61,D,0
30.20392,75.62114,333.62,0.44,0.39,2020-11-12,814,N,VIIRS,n,2,301.68,5.71,D,0
30.20625,75.58311,330.92,0.44,0.38,2020-11-12,814,N,VIIRS,n,2,301.13,1.38,D,0
30.20628,75.61132,335.31,0.44,0.39,2020-11-12,814,N,VIIRS,n,2,300.99,2.39,D,0
30.20631,75.69635,336.69,0.45,0.39,2020-11-12,814,N,VIIRS,n,2,301.53,7.96,D,0
30.20808,75.65345,339.83,0.44,0.39,2020-11-12,814,N,VIIRS,n,2,299.56,3.04,D,0
30.20888,75.16374,333.4,0.43,0.38,2020-11-12,814,N,VIIRS,n,2,291.02,3.3,D,0
30.21003,75.19993,333.75,0.43,0.38,2020-11-12,814,N,VIIRS,n,2,285.32,9.21,D,0
30.21011,76.07674,333.38,0.46,0.39,2020-11-12,814,N,VIIRS,n,2,300.55,3.43,D,0
30.21152,75.54002,337.9,0.44,0.38,2020-11-12,814,N,VIIRS,n,2,301.36,3.9,D,0
30.21195,76.06173,344.35,0.46,0.39,2020-11-12,814,N,VIIRS,n,2,300.73,7.41,D,0
30.21223,75.65748,332.59,0.44,0.39,2020-11-12,814,N,VIIRS,n,2,296.53,3.04,D,0
30.21285,75.74751,333.68,0.45,0.39,2020-11-12,814,N,VIIRS,n,2,301.64,2.69,D,0
30.21285,75.80484,341.71,0.45,0.39,2020-11-12,814,N,VIIRS,n,2,301.22,2.83,D,0
30.21372,75.48029,339.02,0.44,0.38,2020-11-12,814,N,VIIRS,n,2,300.39,4.68,D,0
30.21384,75.42448,332.24,0.44,0.38,2020-11-12,814,N,VIIRS,n,2,300.14,3.51,D,0
30.21411,75.17647,347.52,0.43,0.38,2020-11-12,814,N,VIIRS,n,2,288.21,6.61,D,0
30.21436,75.4569,337.04,0.44,0.38,2020-11-12,814,N,VIIRS,n,2,300.69,3.22,D,0
30.21437,75.47887,339.48,0.44,0.38,2020-11-12,814,N,VIIRS,n,2,300.75,4.32,D,0
30.21438,76.05153,339.61,0.46,0.39,2020-11-12,814,N,VIIRS,n,2,302.08,3.38,D,0
30.21491,75.45552,335,0.44,0.38,2020-11-12,814,N,VIIRS,n,2,301.31,3.92,D,0
30.21506,75.53943,342.85,0.44,0.38,2020-11-12,814,N,VIIRS,n,2,303.76,15.09,D,0
30.21629,75.57672,337.79,0.44,0.38,2020-11-12,814,N,VIIRS,n,2,301.58,3.48,D,0
30.21643,75.80424,330.58,0.45,0.39,2020-11-12,814,N,VIIRS,n,2,299.62,2.83,D,0
30.21748,75.58591,347.09,0.44,0.39,2020-11-12,814,N,VIIRS,n,2,299.79,6.55,D,0
30.21789,75.4563,330.98,0.44,0.38,2020-11-12,814,N,VIIRS,l,2,301.13,4.42,D,0
30.218,76.05093,331.38,0.46,0.39,2020-11-12,814,N,VIIRS,l,2,302.46,3.38,D,0
30.2181,75.31754,343.14,0.43,0.38,2020-11-12,814,N,VIIRS,n,2,300.64,10.96,D,0
30.21847,75.46085,334.09,0.44,0.38,2020-11-12,814,N,VIIRS,n,2,299.94,4.42,D,0
30.21859,76.05573,343.75,0.46,0.39,2020-11-12,814,N,VIIRS,n,2,305.12,16.91,D,0
30.21888,76.35591,332.97,0.47,0.4,2020-11-12,814,N,VIIRS,n,2,301.59,3.15,D,0
30.22097,75.36774,336.15,0.43,0.38,2020-11-12,814,N,VIIRS,n,2,299.37,6.75,D,0
30.22123,76.22826,336.78,0.47,0.4,2020-11-12,814,N,VIIRS,n,2,305.17,2.87,D,0
30.22167,75.20704,345.73,0.43,0.38,2020-11-12,814,N,VIIRS,n,2,289.82,18.19,D,0
30.22204,76.35855,341.03,0.48,0.4,2020-11-12,814,N,VIIRS,n,2,304.99,5.79,D,0
30.22219,75.32143,335.24,0.43,0.38,2020-11-12,814,N,VIIRS,n,2,302.57,10.65,D,0
30.22237,75.73641,332.96,0.45,0.39,2020-11-12,814,N,VIIRS,n,2,297.48,1.89,D,0
30.22274,75.35359,334.75,0.43,0.38,2020-11-12,814,N,VIIRS,n,2,296.33,8.3,D,0
30.22449,75.36713,345.68,0.43,0.38,2020-11-12,814,N,VIIRS,n,2,302.58,6.75,D,0
30.22451,75.33946,331.47,0.43,0.38,2020-11-12,814,N,VIIRS,n,2,296.96,3.06,D,0
30.22488,76.22765,335.89,0.47,0.4,2020-11-12,814,N,VIIRS,n,2,304.1,2.87,D,0
30.22514,75.28877,332.98,0.43,0.38,2020-11-12,814,N,VIIRS,n,2,293.52,6.2,D,0
30.22561,75.40393,332.93,0.44,0.38,2020-11-12,814,N,VIIRS,n,2,300.45,2.73,D,0
30.22619,75.40846,332.3,0.44,0.38,2020-11-12,814,N,VIIRS,n,2,299.45,2.86,D,0
30.22705,75.65971,332.93,0.44,0.39,2020-11-12,814,N,VIIRS,n,2,299.11,7.1,D,0
30.22799,75.06533,335.84,0.42,0.38,2020-11-12,814,N,VIIRS,n,2,297.67,5.14,D,0
30.22824,75.56667,341.73,0.44,0.38,2020-11-12,814,N,VIIRS,n,2,303.54,9.98,D,0
30.2283,75.7259,345.24,0.45,0.39,2020-11-12,814,N,VIIRS,n,2,299.44,6.93,D,0
30.22923,75.18295,331.81,0.43,0.38,2020-11-12,814,N,VIIRS,n,2,287.67,2.31,D,0
30.22927,75.56513,335.09,0.44,0.38,2020-11-12,814,N,VIIRS,n,2,302.98,9.22,D,0
30.23291,75.62095,332.46,0.44,0.39,2020-11-12,814,N,VIIRS,n,2,298.53,3.27,D,0
30.23445,75.36082,341.55,0.43,0.38,2020-11-12,814,N,VIIRS,n,2,297.15,13.24,D,0
30.2352,75.62197,334.28,0.44,0.39,2020-11-12,814,N,VIIRS,n,2,299.14,3.38,D,0
30.23565,75.28696,346.14,0.43,0.38,2020-11-12,814,N,VIIRS,n,2,290.67,6.6,D,0
30.23649,75.57466,340.36,0.44,0.39,2020-11-12,814,N,VIIRS,n,2,301.48,16.31,D,0
30.23667,75.76261,341.2,0.45,0.39,2020-11-12,814,N,VIIRS,n,2,304.1,8.64,D,0
30.23716,75.68169,330.85,0.45,0.39,2020-11-12,814,N,VIIRS,n,2,300.52,2.56,D,0
30.23723,75.49493,337.18,0.44,0.38,2020-11-12,814,N,VIIRS,n,2,301.48,5.29,D,0
30.23781,75.4995,332.51,0.44,0.38,2020-11-12,814,N,VIIRS,n,2,299.45,3.91,D,0
30.23796,75.36021,340.54,0.43,0.38,2020-11-12,814,N,VIIRS,n,2,298.05,13.24,D,0
30.2412,75.58327,334.08,0.44,0.39,2020-11-12,814,N,VIIRS,n,2,302,5,D,0
30.24192,75.50346,333.81,0.44,0.38,2020-11-12,814,N,VIIRS,n,2,301.96,3.91,D,0
30.24324,75.71536,331.53,0.45,0.39,2020-11-12,814,N,VIIRS,n,2,299.46,2.48,D,0
30.24372,76.22958,334.09,0.47,0.4,2020-11-12,814,N,VIIRS,n,2,305.08,5.46,D,0
30.24383,75.32232,333.34,0.43,0.38,2020-11-12,814,N,VIIRS,n,2,293.77,1.84,D,0
30.2441,75.60632,341.15,0.44,0.39,2020-11-12,814,N,VIIRS,n,2,301.88,4.84,D,0
30.24486,75.11213,333.5,0.43,0.38,2020-11-12,814,N,VIIRS,n,2,294.59,2.76,D,0
30.24731,75.40486,335.82,0.44,0.38,2020-11-12,814,N,VIIRS,n,2,304.71,30.67,D,0
30.24737,76.22899,333.48,0.47,0.4,2020-11-12,814,N,VIIRS,n,2,301.13,5.46,D,0
30.24757,76.41519,334.81,0.48,0.4,2020-11-12,814,N,VIIRS,n,2,301.29,5.71,D,0
30.2485,75.35841,343.44,0.43,0.38,2020-11-12,814,N,VIIRS,n,2,296.83,18.37,D,0
30.24854,75.74155,341.07,0.45,0.39,2020-11-12,814,N,VIIRS,n,2,301,5.14,D,0
30.24972,75.7381,332.49,0.45,0.39,2020-11-12,814,N,VIIRS,n,2,299.88,1.94,D,0
30.24993,75.65257,340.09,0.45,0.39,2020-11-12,814,N,VIIRS,n,2,299.29,6.28,D,0
30.25103,75.6903,333.56,0.45,0.39,2020-11-12,814,N,VIIRS,n,2,300.79,8.02,D,0
30.25119,75.07936,339.37,0.42,0.38,2020-11-12,814,N,VIIRS,n,2,296.06,12.31,D,0
30.25246,75.55788,346.62,0.44,0.38,2020-11-12,814,N,VIIRS,n,2,299.42,4.75,D,0
30.25318,75.31151,339.86,0.43,0.38,2020-11-12,814,N,VIIRS,n,2,291.11,4.71,D,0
30.25534,76.14325,334.44,0.47,0.39,2020-11-12,814,N,VIIRS,n,2,305.04,3.73,D,0
30.25707,75.1236,351.29,0.43,0.38,2020-11-12,814,N,VIIRS,n,2,287.31,16.47,D,0
30.25779,75.5429,332.46,0.44,0.38,2020-11-12,814,N,VIIRS,n,2,300.17,1.84,D,0
30.2584,75.51936,332.77,0.44,0.38,2020-11-12,814,N,VIIRS,n,2,302.41,2.86,D,0
30.25898,76.14265,335.46,0.47,0.39,2020-11-12,814,N,VIIRS,n,2,304.71,3.73,D,0
30.25947,75.61316,343.27,0.44,0.39,2020-11-12,814,N,VIIRS,n,2,301.88,5.15,D,0
30.26055,75.67921,335.09,0.45,0.39,2020-11-12,814,N,VIIRS,n,2,303.03,4.31,D,0
30.26113,75.68385,340.73,0.45,0.39,2020-11-12,814,N,VIIRS,n,2,300.25,6.88,D,0
30.26118,75.6554,338.53,0.45,0.39,2020-11-12,814,N,VIIRS,n,2,310.91,31.7,D,0
30.26198,75.40697,334.66,0.44,0.38,2020-11-12,814,N,VIIRS,n,2,301.14,7.94,D,0
30.2625,76.29159,335.63,0.47,0.4,2020-11-12,814,N,VIIRS,n,2,301.29,5.48,D,0
30.26298,75.64089,340,0.44,0.39,2020-11-12,814,N,VIIRS,n,2,300.69,5.99,D,0
30.26303,75.22271,330.01,0.43,0.38,2020-11-12,814,N,VIIRS,n,2,281.13,3.98,D,0
30.26368,75.56068,331.93,0.44,0.38,2020-11-12,814,N,VIIRS,l,2,303.42,7.43,D,0
30.26415,75.65016,333.83,0.45,0.39,2020-11-12,814,N,VIIRS,n,2,298.75,5.22,D,0
30.26426,75.56527,333.31,0.44,0.38,2020-11-12,814,N,VIIRS,n,2,300.19,7.43,D,0
30.26474,75.6548,335.34,0.45,0.39,2020-11-12,814,N,VIIRS,n,2,300.93,7,D,0
30.26477,75.20871,335.4,0.43,0.38,2020-11-12,814,N,VIIRS,n,2,283.83,4.3,D,0
30.26654,75.6403,345.05,0.44,0.39,2020-11-12,814,N,VIIRS,n,2,301.31,5.99,D,0
30.26665,75.33223,340.01,0.43,0.38,2020-11-12,814,N,VIIRS,n,2,293,38.09,D,0
30.26682,76.23582,335.44,0.47,0.4,2020-11-12,814,N,VIIRS,n,2,304.36,7.22,D,0
30.26722,75.56007,335.47,0.44,0.38,2020-11-12,814,N,VIIRS,n,2,301.99,11.57,D,0
30.26826,75.20811,342.24,0.43,0.38,2020-11-12,814,N,VIIRS,n,2,283.02,4.3,D,0
30.26873,75.74444,335.27,0.45,0.39,2020-11-12,814,N,VIIRS,n,2,301.83,2.01,D,0
30.26903,75.43363,349.4,0.44,0.38,2020-11-12,814,N,VIIRS,n,2,302.33,6.55,D,0
30.27015,75.58308,330.53,0.44,0.39,2020-11-12,814,N,VIIRS,n,2,301.44,2.27,D,0
30.27035,75.08959,333.87,0.43,0.38,2020-11-12,814,N,VIIRS,n,2,290.62,3.09,D,0
30.27071,75.61597,345.42,0.44,0.39,2020-11-12,814,N,VIIRS,n,2,302.42,5.48,D,0
30.27137,75.39611,333.79,0.44,0.38,2020-11-12,814,N,VIIRS,n,2,302.16,5.48,D,0
30.27196,75.40063,332.92,0.44,0.38,2020-11-12,814,N,VIIRS,n,2,300.37,4.22,D,0
30.27229,75.1846,339.73,0.43,0.38,2020-11-12,814,N,VIIRS,n,2,285.83,5.54,D,0
30.27253,75.3774,331.19,0.44,0.38,2020-11-12,814,N,VIIRS,n,2,299.86,1.94,D,0
30.27254,75.54509,342.92,0.44,0.38,2020-11-12,814,N,VIIRS,n,2,302.35,6.33,D,0
30.27406,76.32493,339.07,0.47,0.4,2020-11-12,814,N,VIIRS,n,2,302.86,4.39,D,0
30.27407,75.19798,336.77,0.43,0.38,2020-11-12,814,N,VIIRS,n,2,286.04,3.09,D,0
30.27541,75.653,347.02,0.45,0.39,2020-11-12,814,N,VIIRS,n,2,302.15,5.75,D,0
30.27548,75.40004,335.52,0.44,0.38,2020-11-12,814,N,VIIRS,n,2,303.2,7.57,D,0
30.27549,75.42788,339.87,0.44,0.38,2020-11-12,814,N,VIIRS,n,2,301.73,5.39,D,0
30.27723,75.61015,346.86,0.44,0.39,2020-11-12,814,N,VIIRS,n,2,301.56,7.16,D,0
30.27815,75.20184,345.11,0.43,0.38,2020-11-12,814,N,VIIRS,n,2,286.52,6.24,D,0
30.27849,75.11655,334.86,0.43,0.38,2020-11-12,814,N,VIIRS,n,2,280.83,3.18,D,0
30.27897,75.6524,341.8,0.45,0.39,2020-11-12,814,N,VIIRS,n,2,307.81,28.49,D,0
30.28021,75.54848,334.82,0.44,0.38,2020-11-12,814,N,VIIRS,n,2,303.03,5.83,D,0
30.2808,75.55309,333.16,0.44,0.38,2020-11-12,814,N,VIIRS,n,2,300.96,5.83,D,0
30.28105,75.19677,347.08,0.43,0.38,2020-11-12,814,N,VIIRS,n,2,284.74,6.24,D,0
30.28145,75.05717,331.97,0.42,0.38,2020-11-12,814,N,VIIRS,n,2,295.01,3.14,D,0
30.28165,75.20123,335.02,0.43,0.38,2020-11-12,814,N,VIIRS,n,2,283.64,6.24,D,0
30.28197,75.11594,336.5,0.43,0.38,2020-11-12,814,N,VIIRS,n,2,278.27,3.79,D,0
30.28302,75.32021,333.06,0.43,0.38,2020-11-12,814,N,VIIRS,n,2,288.08,4.53,D,0
30.28313,75.43123,345.94,0.44,0.38,2020-11-12,814,N,VIIRS,n,2,303.75,11.09,D,0
30.2849,75.64194,331.82,0.44,0.39,2020-11-12,814,N,VIIRS,n,2,301.77,2.05,D,0
30.28514,75.20064,334.42,0.43,0.38,2020-11-12,814,N,VIIRS,n,2,286.16,7.7,D,0
30.28535,75.1973,340.02,0.43,0.38,2020-11-12,814,N,VIIRS,n,2,284.95,4.87,D,0
30.28553,75.53351,338.52,0.44,0.38,2020-11-12,814,N,VIIRS,n,2,301.86,9.77,D,0
30.28563,76.38876,338.34,0.48,0.4,2020-11-12,814,N,VIIRS,n,2,299.76,6.35,D,0
30.28592,75.20176,333.53,0.43,0.38,2020-11-12,814,N,VIIRS,n,2,285.58,4.87,D,0
30.286,75.73677,338.87,0.45,0.39,2020-11-12,814,N,VIIRS,n,2,301.58,3.52,D,0
30.28662,75.71284,334.35,0.45,0.39,2020-11-12,814,N,VIIRS,n,2,299.86,2.02,D,0
30.28786,75.46766,351.64,0.44,0.38,2020-11-12,814,N,VIIRS,n,2,306.21,29,D,0
30.28864,75.20003,345.89,0.43,0.38,2020-11-12,814,N,VIIRS,n,2,285.79,7.7,D,0
30.28884,75.19669,331.77,0.43,0.38,2020-11-12,814,N,VIIRS,n,2,281.29,4.87,D,0
30.29139,75.46706,330.64,0.44,0.38,2020-11-12,814,N,VIIRS,n,2,297.45,2.97,D,0
30.29201,75.52771,344.89,0.44,0.38,2020-11-12,814,N,VIIRS,n,2,303.62,11.68,D,0
30.2928,75.93787,346.35,0.46,0.39,2020-11-12,814,N,VIIRS,n,2,303.98,9.54,D,0
30.29457,75.95216,338.53,0.46,0.39,2020-11-12,814,N,VIIRS,n,2,302.67,3.62,D,0
30.29478,75.02325,353.47,0.42,0.38,2020-11-12,814,N,VIIRS,n,2,310.25,34.86,D,0
30.2949,75.43853,336.38,0.44,0.38,2020-11-12,814,N,VIIRS,n,2,305.54,18.81,D,0
30.2961,75.47559,346.33,0.44,0.38,2020-11-12,814,N,VIIRS,n,2,298.85,11.55,D,0
30.2971,75.04089,335.66,0.42,0.38,2020-11-12,814,N,VIIRS,n,2,299.45,5.69,D,0
30.29794,75.63028,333.81,0.44,0.39,2020-11-12,814,N,VIIRS,n,2,299.73,2.15,D,0
30.29794,75.65869,334.5,0.45,0.39,2020-11-12,814,N,VIIRS,n,2,300.86,2.68,D,0
30.29825,75.02264,345.89,0.42,0.38,2020-11-12,814,N,VIIRS,n,2,298.19,5.31,D,0
30.29853,75.57829,345.23,0.44,0.39,2020-11-12,814,N,VIIRS,n,2,299.44,3.84,D,0
30.3015,75.6581,340.37,0.45,0.39,2020-11-12,814,N,VIIRS,n,2,299.3,3.93,D,0
30.30173,75.02204,330.81,0.42,0.38,2020-11-12,814,N,VIIRS,n,2,297.79,5.31,D,0
30.30231,75.02644,333.35,0.42,0.38,2020-11-12,814,N,VIIRS,n,2,299.9,5.31,D,0
30.30324,75.55868,333.2,0.44,0.38,2020-11-12,814,N,VIIRS,n,2,301.34,2.27,D,0
30.30346,75.00822,336.04,0.42,0.38,2020-11-12,814,N,VIIRS,n,2,298.35,3.84,D,0
30.30385,75.59152,330.61,0.44,0.39,2020-11-12,814,N,VIIRS,n,2,298.92,1.53,D,0
30.30386,75.70518,345.28,0.45,0.39,2020-11-12,814,N,VIIRS,n,2,304.57,13.67,D,0
30.30693,75.00761,332.24,0.42,0.38,2020-11-12,814,N,VIIRS,n,2,297.26,3.84,D,0
30.30722,75.42248,338.74,0.44,0.38,2020-11-12,814,N,VIIRS,n,2,299.76,2.74,D,0
30.30758,76.24116,332.78,0.47,0.4,2020-11-12,814,N,VIIRS,n,2,303.52,1.69,D,0
30.30867,75.02082,339.51,0.42,0.38,2020-11-12,814,N,VIIRS,n,2,298.28,4.89,D,0
30.30882,76.24401,331.04,0.47,0.4,2020-11-12,814,N,VIIRS,n,2,301.87,2.07,D,0
30.30955,75.41279,334.93,0.44,0.38,2020-11-12,814,N,VIIRS,n,2,300.87,3.34,D,0
30.31038,75.61401,346.98,0.44,0.39,2020-11-12,814,N,VIIRS,n,2,301.9,9.76,D,0
30.31074,75.42188,333.89,0.44,0.38,2020-11-12,814,N,VIIRS,n,2,299.17,2.74,D,0
30.31099,75.03847,333.2,0.42,0.38,2020-11-12,814,N,VIIRS,n,2,300.03,6.91,D,0
30.311,75.14725,334.34,0.43,0.38,2020-11-12,814,N,VIIRS,n,2,281.05,9.02,D,0
30.31183,75.40453,338.99,0.44,0.38,2020-11-12,814,N,VIIRS,n,2,300.61,3.84,D,0
30.31188,75.40311,332.58,0.44,0.38,2020-11-12,814,N,VIIRS,n,2,300.88,3.02,D,0
30.31241,75.40909,332.32,0.44,0.38,2020-11-12,814,N,VIIRS,n,2,298.89,3.84,D,0
30.31248,75.40765,333.97,0.44,0.38,2020-11-12,814,N,VIIRS,n,2,298.8,3.02,D,0
30.31337,75.69408,334.5,0.45,0.39,2020-11-12,814,N,VIIRS,n,2,301.55,4.28,D,0
30.31387,75.00639,332.92,0.42,0.38,2020-11-12,814,N,VIIRS,n,2,296.32,4.62,D,0
30.31393,75.61341,346.1,0.44,0.39,2020-11-12,814,N,VIIRS,n,2,301.9,9.76,D,0
30.3151,75.59434,334.65,0.44,0.39,2020-11-12,814,N,VIIRS,n,2,303.13,11.71,D,0
30.31569,75.59895,338.87,0.44,0.39,2020-11-12,814,N,VIIRS,n,2,300.09,5.04,D,0
30.31587,75.43641,340.91,0.44,0.38,2020-11-12,814,N,VIIRS,n,2,301.04,2.79,D,0
30.31629,75.60357,342.8,0.44,0.39,2020-11-12,814,N,VIIRS,n,2,298.99,5.04,D,0
30.31665,75.43948,338.58,0.44,0.38,2020-11-12,814,N,VIIRS,n,2,300.88,11.93,D,0
30.31734,75.00579,343.47,0.42,0.38,2020-11-12,814,N,VIIRS,n,2,298.99,9.87,D,0
30.31736,75.03284,333.56,0.42,0.38,2020-11-12,814,N,VIIRS,n,2,298.34,2.57,D,0
30.31997,75.44036,340.97,0.44,0.38,2020-11-12,814,N,VIIRS,n,2,304.4,21.18,D,0
30.32078,75.44344,333.23,0.44,0.38,2020-11-12,814,N,VIIRS,n,2,300.56,11.93,D,0
30.32092,75.52751,333.66,0.44,0.38,2020-11-12,814,N,VIIRS,n,2,301.9,3.14,D,0
30.32096,75.55568,340.61,0.44,0.38,2020-11-12,814,N,VIIRS,n,2,302,40.79,D,0
30.3217,75.81702,340.62,0.45,0.39,2020-11-12,814,N,VIIRS,n,2,306.6,9.35,D,0
30.322,75.04106,344.89,0.42,0.38,2020-11-12,814,N,VIIRS,n,2,301.33,13.91,D,0
30.32272,75.54129,332.16,0.44,0.38,2020-11-12,814,N,VIIRS,n,2,298.22,4.23,D,0
30.32283,75.62609,337.85,0.44,0.39,2020-11-12,814,N,VIIRS,n,2,301.29,6.82,D,0
30.32287,75.68298,333.29,0.45,0.39,2020-11-12,814,N,VIIRS,n,2,301.63,3.83,D,0
30.32298,75.40727,338.43,0.44,0.38,2020-11-12,814,N,VIIRS,n,2,302.24,4.62,D,0
30.32395,75.5787,346.94,0.44,0.39,2020-11-12,814,N,VIIRS,n,2,301.19,6.65,D,0
30.32446,75.52692,333.85,0.44,0.38,2020-11-12,814,N,VIIRS,n,2,299.61,3.14,D,0
30.32506,75.5315,331.61,0.44,0.38,2020-11-12,814,N,VIIRS,n,2,300.16,7.73,D,0
30.32592,75.40212,335.3,0.44,0.38,2020-11-12,814,N,VIIRS,n,2,304.25,5.95,D,0
30.32626,75.54069,343.92,0.44,0.38,2020-11-12,814,N,VIIRS,n,2,301.18,4.23,D,0
30.32685,75.52334,330.46,0.44,0.38,2020-11-12,814,N,VIIRS,n,2,300.56,2.32,D,0
30.32701,75.65855,337.42,0.45,0.39,2020-11-12,814,N,VIIRS,n,2,301.62,4.24,D,0
30.32755,75.47172,342,0.44,0.38,2020-11-12,814,N,VIIRS,n,2,304.52,11.99,D,0
30.32871,75.48087,345.27,0.44,0.38,2020-11-12,814,N,VIIRS,n,2,301.44,8.53,D,0
30.32937,75.99521,332.9,0.46,0.39,2020-11-12,814,N,VIIRS,n,2,303.64,2.63,D,0
30.32942,75.70567,343.39,0.45,0.39,2020-11-12,814,N,VIIRS,n,2,303.85,4.93,D,0
30.33109,75.47112,336.48,0.44,0.38,2020-11-12,814,N,VIIRS,n,2,299.85,11.99,D,0
30.3312,76.28249,330.17,0.47,0.4,2020-11-12,814,N,VIIRS,l,2,300.78,3.28,D,0
30.33233,75.64343,335.15,0.45,0.39,2020-11-12,814,N,VIIRS,l,2,306.95,20.76,D,0
30.33299,75.70506,345.09,0.45,0.39,2020-11-12,814,N,VIIRS,n,2,302.08,4.93,D,0
30.3342,75.35435,332.86,0.43,0.38,2020-11-12,814,N,VIIRS,n,2,297.4,4.07,D,0
30.33644,75.61907,333.28,0.44,0.39,2020-11-12,814,N,VIIRS,n,2,300.04,4.49,D,0
30.33655,75.34468,338.38,0.43,0.38,2020-11-12,814,N,VIIRS,n,2,296.06,4.95,D,0
30.33703,75.02038,336.89,0.42,0.38,2020-11-12,814,N,VIIRS,n,2,299.32,13.2,D,0
30.33718,75.2662,341.89,0.43,0.38,2020-11-12,814,N,VIIRS,n,2,273.1,9.1,D,0
30.3378,75.77114,335.13,0.45,0.39,2020-11-12,814,N,VIIRS,l,2,305.39,13.33,D,0
30.339,75.62023,343.99,0.44,0.39,2020-11-12,814,N,VIIRS,n,2,301.35,11.79,D,0
30.33938,75.03803,333.51,0.42,0.38,2020-11-12,814,N,VIIRS,n,2,297.81,4.26,D,0
30.33994,75.4556,346.72,0.44,0.38,2020-11-12,814,N,VIIRS,n,2,302.06,14.62,D,0
30.3406,75.6231,333.07,0.44,0.39,2020-11-12,814,N,VIIRS,n,2,299.48,5.91,D,0
30.34082,75.60574,334.74,0.44,0.39,2020-11-12,814,N,VIIRS,n,2,299.27,2.18,D,0
30.34132,76.09151,343.69,0.46,0.39,2020-11-12,814,N,VIIRS,n,2,304.99,9.3,D,0
30.34175,75.604,332.24,0.44,0.39,2020-11-12,814,N,VIIRS,n,2,299.54,2,D,0
30.343,75.33895,332.42,0.43,0.38,2020-11-12,814,N,VIIRS,n,2,292.7,2.4,D,0
30.3434,75.01476,334.86,0.42,0.38,2020-11-12,814,N,VIIRS,n,2,296.97,2.81,D,0
30.34351,75.42702,341.3,0.44,0.38,2020-11-12,814,N,VIIRS,n,2,303.76,4.42,D,0
30.34909,75.6138,334.27,0.44,0.39,2020-11-12,814,N,VIIRS,n,2,299.45,2.54,D,0
30.3491,75.74532,330.26,0.45,0.39,2020-11-12,814,N,VIIRS,n,2,304.07,2.61,D,0
30.3505,75.48184,340.66,0.44,0.38,2020-11-12,814,N,VIIRS,n,2,300.65,6.12,D,0
30.35229,75.46751,337.76,0.44,0.38,2020-11-12,814,N,VIIRS,n,2,300.87,3.42,D,0
30.35471,75.3462,337.25,0.43,0.38,2020-11-12,814,N,VIIRS,n,2,298.02,5.22,D,0
30.35567,75.57962,340.01,0.44,0.39,2020-11-12,814,N,VIIRS,n,2,303.59,22.71,D,0
30.35789,75.65497,339.23,0.45,0.39,2020-11-12,814,N,VIIRS,n,2,311.27,32.06,D,0
30.35958,75.00292,339.51,0.42,0.38,2020-11-12,814,N,VIIRS,n,2,297.4,6.02,D,0
30.36174,75.37279,337.23,0.44,0.38,2020-11-12,814,N,VIIRS,n,2,301.38,3.95,D,0
30.36287,75.49379,332.22,0.44,0.38,2020-11-12,814,N,VIIRS,n,2,299.04,1.87,D,0
30.36862,75.6247,341.82,0.45,0.39,2020-11-12,814,N,VIIRS,n,2,301.29,7.92,D,0
30.36876,75.48342,348.61,0.44,0.38,2020-11-12,814,N,VIIRS,n,2,304.54,10.92,D,0
30.36949,75.77718,335.18,0.45,0.39,2020-11-12,814,N,VIIRS,n,2,302.22,5.35,D,0
30.37159,75.61946,336.29,0.44,0.39,2020-11-12,814,N,VIIRS,n,2,301.73,7.92,D,0
30.37391,75.90198,334.59,0.46,0.39,2020-11-12,814,N,VIIRS,n,2,304.55,6.62,D,0
30.37463,75.33353,333.01,0.43,0.38,2020-11-12,814,N,VIIRS,n,2,294.42,9.64,D,0
30.37568,76.34088,336.9,0.48,0.4,2020-11-12,814,N,VIIRS,n,2,302.84,4.99,D,0
30.37683,75.90453,339.59,0.46,0.39,2020-11-12,814,N,VIIRS,n,2,304.86,7.62,D,0
30.37698,75.35164,340.32,0.44,0.38,2020-11-12,814,N,VIIRS,n,2,298.11,52.85,D,0
30.37821,76.23971,333.46,0.47,0.4,2020-11-12,814,N,VIIRS,n,2,303.36,3.91,D,0
30.37882,76.24462,333.93,0.47,0.4,2020-11-12,814,N,VIIRS,n,2,302.62,3.91,D,0
30.38226,75.61766,334.77,0.44,0.39,2020-11-12,814,N,VIIRS,n,2,300.08,4.65,D,0
30.38347,75.5702,333.31,0.44,0.39,2020-11-12,814,N,VIIRS,n,2,301.02,3.59,D,0
30.3837,76.19378,338.28,0.47,0.4,2020-11-12,814,N,VIIRS,n,2,304.22,2.41,D,0
30.38406,75.57481,331.01,0.44,0.39,2020-11-12,814,N,VIIRS,n,2,299.13,3.59,D,0
30.38408,76.47209,344.01,0.48,0.4,2020-11-12,814,N,VIIRS,n,2,298.26,14.51,D,0
30.38634,75.67871,331.61,0.45,0.39,2020-11-12,814,N,VIIRS,n,2,301.68,2.34,D,0
30.38635,75.34077,338.01,0.43,0.38,2020-11-12,814,N,VIIRS,n,2,300.74,41.91,D,0
30.38734,76.19319,331.42,0.47,0.4,2020-11-12,814,N,VIIRS,n,2,303.4,2.41,D,0
30.3874,75.77419,330.08,0.45,0.39,2020-11-12,814,N,VIIRS,l,2,301.4,0.68,D,0
30.38987,75.34017,346.69,0.43,0.38,2020-11-12,814,N,VIIRS,n,2,295.43,24.4,D,0
30.39046,75.3447,346.16,0.43,0.38,2020-11-12,814,N,VIIRS,n,2,299.11,17.86,D,0
30.39054,75.42832,347.44,0.44,0.38,2020-11-12,814,N,VIIRS,n,2,302.03,7.97,D,0
30.39387,75.82606,332.78,0.45,0.39,2020-11-12,814,N,VIIRS,n,2,301.96,1.62,D,0
30.3952,76.43956,337.63,0.48,0.4,2020-11-12,814,N,VIIRS,n,2,296.87,3.59,D,0
30.39668,75.90793,334.19,0.46,0.39,2020-11-12,814,N,VIIRS,n,2,297.67,3.74,D,0
30.39705,75.64836,332.9,0.45,0.39,2020-11-12,814,N,VIIRS,n,2,299.6,2.62,D,0
30.39767,75.59614,334.78,0.44,0.39,2020-11-12,814,N,VIIRS,n,2,299.41,4.52,D,0
30.39829,76.19141,346.39,0.47,0.4,2020-11-12,814,N,VIIRS,n,2,312.9,23.64,D,0
30.39942,75.49694,335.02,0.44,0.38,2020-11-12,814,N,VIIRS,n,2,300.23,2.67,D,0
30.39986,75.81541,332.77,0.45,0.39,2020-11-12,814,N,VIIRS,n,2,301.92,3.08,D,0
30.40003,75.55796,333.08,0.44,0.39,2020-11-12,814,N,VIIRS,n,2,297.71,3.55,D,0
30.40194,76.19082,345.23,0.47,0.4,2020-11-12,814,N,VIIRS,n,2,307.24,23.64,D,0
30.4024,75.54815,334.48,0.44,0.39,2020-11-12,814,N,VIIRS,n,2,300.42,8.91,D,0
30.40296,75.49634,344.69,0.44,0.38,2020-11-12,814,N,VIIRS,n,2,301.79,3.53,D,0
30.40298,75.66639,347.1,0.45,0.39,2020-11-12,814,N,VIIRS,n,2,301.32,8.68,D,0
30.40299,75.55276,336.32,0.44,0.39,2020-11-12,814,N,VIIRS,n,2,299.27,8.91,D,0
30.40339,75.36103,342.24,0.44,0.38,2020-11-12,814,N,VIIRS,n,2,305.17,21.06,D,0
30.40594,75.54755,343.68,0.44,0.39,2020-11-12,814,N,VIIRS,n,2,302.6,8.91,D,0
30.40636,75.86749,330.64,0.46,0.39,2020-11-12,814,N,VIIRS,n,2,301.74,3.56,D,0
30.40653,75.55215,340.53,0.44,0.39,2020-11-12,814,N,VIIRS,n,2,299.97,8.91,D,0
30.40695,75.87223,332.87,0.46,0.39,2020-11-12,814,N,VIIRS,n,2,301.36,6.3,D,0
30.40892,75.62739,306.3,0.45,0.39,2020-11-12,814,N,VIIRS,l,2,307.26,27,D,0
30.40952,75.63203,336.08,0.45,0.39,2020-11-12,814,N,VIIRS,n,2,303.81,30.12,D,0
30.4101,75.57986,334.86,0.44,0.39,2020-11-12,814,N,VIIRS,n,2,303.26,31.46,D,0
30.41123,75.50433,350.76,0.44,0.38,2020-11-12,814,N,VIIRS,n,2,308.21,16.57,D,0
30.41177,75.85207,332.75,0.45,0.39,2020-11-12,814,N,VIIRS,n,2,301.15,2.84,D,0
30.41306,75.57464,331.03,0.44,0.39,2020-11-12,814,N,VIIRS,n,2,299.05,3.94,D,0
30.41476,75.50372,338.59,0.44,0.38,2020-11-12,814,N,VIIRS,n,2,301.79,16.57,D,0
30.41483,75.78883,334.4,0.45,0.39,2020-11-12,814,N,VIIRS,n,2,302.07,5.28,D,0
30.41536,75.31841,332.41,0.43,0.38,2020-11-12,814,N,VIIRS,n,2,291.67,3.61,D,0
30.41834,75.53133,338.65,0.44,0.38,2020-11-12,814,N,VIIRS,n,2,300.57,3.59,D,0
30.41902,75.67799,336.13,0.45,0.39,2020-11-12,814,N,VIIRS,n,2,304.18,12.43,D,0
30.42021,75.68732,346.6,0.45,0.39,2020-11-12,814,N,VIIRS,n,2,303.03,10.83,D,0
30.42056,76.22498,332.67,0.47,0.4,2020-11-12,814,N,VIIRS,l,2,302.82,5.94,D,0
30.42132,75.55437,339.71,0.44,0.39,2020-11-12,814,N,VIIRS,n,2,299.12,2.87,D,0
30.42146,76.22768,340.01,0.47,0.4,2020-11-12,814,N,VIIRS,n,2,304.65,5.76,D,0
30.42496,75.66746,334.32,0.45,0.39,2020-11-12,814,N,VIIRS,n,2,299.52,11.18,D,0
30.42647,76.05982,337.05,0.46,0.39,2020-11-12,814,N,VIIRS,n,2,300.87,2.83,D,0
30.42677,75.73882,341.02,0.45,0.39,2020-11-12,814,N,VIIRS,n,2,304.36,9.35,D,0
30.42878,76.10892,342.36,0.47,0.39,2020-11-12,814,N,VIIRS,n,2,303.36,4.77,D,0
30.42913,75.67153,343.03,0.45,0.39,2020-11-12,814,N,VIIRS,n,2,306.66,11.18,D,0
30.43032,75.68086,333.4,0.45,0.39,2020-11-12,814,N,VIIRS,n,2,298.76,10.78,D,0
30.43035,75.79587,335.91,0.45,0.39,2020-11-12,814,N,VIIRS,n,2,305,7.92,D,0
30.43133,76.03928,331.98,0.46,0.39,2020-11-12,814,N,VIIRS,n,2,299.88,4.95,D,0
30.43193,76.04413,337.57,0.46,0.39,2020-11-12,814,N,VIIRS,n,2,304.91,14.22,D,0
30.43286,75.37105,337.99,0.44,0.38,2020-11-12,814,N,VIIRS,n,2,304.07,5.38,D,0
30.43453,75.82894,347.47,0.45,0.39,2020-11-12,814,N,VIIRS,n,2,302.23,8.69,D,0
30.43619,75.48254,336.26,0.44,0.38,2020-11-12,814,N,VIIRS,n,2,301.67,3.55,D,0
30.43622,75.64178,332.11,0.45,0.39,2020-11-12,814,N,VIIRS,n,2,299.36,2.85,D,0
30.43682,75.45901,345.78,0.44,0.38,2020-11-12,814,N,VIIRS,n,2,302.28,5.69,D,0
30.4375,75.73703,331.29,0.45,0.39,2020-11-12,814,N,VIIRS,n,2,302.05,2.74,D,0
30.43808,75.94495,338.88,0.46,0.39,2020-11-12,814,N,VIIRS,n,2,297.7,3.77,D,0
30.43844,75.52914,339.93,0.44,0.39,2020-11-12,814,N,VIIRS,n,2,299.91,3.37,D,0
30.43953,75.56671,335.67,0.44,0.39,2020-11-12,814,N,VIIRS,n,2,299.18,4.22,D,0
30.43992,75.84256,341.45,0.45,0.39,2020-11-12,814,N,VIIRS,n,2,301.31,4.23,D,0
30.44086,75.56522,337.64,0.44,0.39,2020-11-12,814,N,VIIRS,n,2,299.69,2.52,D,0
30.44282,75.39261,335.08,0.44,0.38,2020-11-12,814,N,VIIRS,n,2,303.24,3.56,D,0
30.44525,75.24404,331.79,0.43,0.38,2020-11-12,814,N,VIIRS,n,2,289.09,8.55,D,0
30.44531,76.30659,335.12,0.48,0.4,2020-11-12,814,N,VIIRS,n,2,306.65,3.91,D,0
30.44728,75.54179,338.21,0.44,0.39,2020-11-12,814,N,VIIRS,n,2,299.23,3.05,D,0
30.44747,75.42912,331.45,0.44,0.38,2020-11-12,814,N,VIIRS,n,2,288.58,6.52,D,0
30.44805,75.43369,335.67,0.44,0.38,2020-11-12,814,N,VIIRS,n,2,301.43,6.52,D,0
30.44934,75.2756,346.64,0.43,0.38,2020-11-12,814,N,VIIRS,n,2,299.59,16.3,D,0
30.4496,75.56028,333.09,0.44,0.39,2020-11-12,814,N,VIIRS,n,2,301.42,3.85,D,0
30.45018,75.5649,333.07,0.44,0.39,2020-11-12,814,N,VIIRS,n,2,299.91,3.85,D,0
30.45082,75.54118,346.51,0.44,0.39,2020-11-12,814,N,VIIRS,n,2,302.11,16.4,D,0
30.451,75.42852,330.7,0.44,0.38,2020-11-12,814,N,VIIRS,n,2,289.2,6.73,D,0
30.4513,75.8455,338.31,0.45,0.39,2020-11-12,814,N,VIIRS,n,2,301.3,11.23,D,0
30.45158,75.4331,336.19,0.44,0.38,2020-11-12,814,N,VIIRS,n,2,300.3,6.73,D,0
30.45204,75.52213,334.03,0.44,0.39,2020-11-12,814,N,VIIRS,n,2,300.76,6.08,D,0
30.45262,75.52674,337.33,0.44,0.39,2020-11-12,814,N,VIIRS,n,2,300.37,6.08,D,0
30.45417,75.72466,337.22,0.45,0.39,2020-11-12,814,N,VIIRS,n,2,304,4.26,D,0
30.45489,75.84492,332.76,0.45,0.39,2020-11-12,814,N,VIIRS,n,2,297.54,3.4,D,0
30.45608,76.05989,339.18,0.46,0.39,2020-11-12,814,N,VIIRS,n,2,307.15,12.2,D,0
30.45635,75.35773,340.96,0.44,0.38,2020-11-12,814,N,VIIRS,n,2,302.97,7.57,D,0
30.45722,75.77695,340.24,0.45,0.39,2020-11-12,814,N,VIIRS,n,2,305.45,10.04,D,0
30.45775,75.72406,331.6,0.45,0.39,2020-11-12,814,N,VIIRS,n,2,300.86,4.26,D,0
30.45859,75.48813,332.15,0.44,0.38,2020-11-12,814,N,VIIRS,n,2,301.02,2.23,D,0
30.45871,75.32023,331.75,0.43,0.38,2020-11-12,814,N,VIIRS,n,2,298.16,4.69,D,0
30.45903,75.5776,338.06,0.44,0.39,2020-11-12,814,N,VIIRS,n,2,300.95,4.02,D,0
30.45929,75.26927,341.49,0.43,0.38,2020-11-12,814,N,VIIRS,n,2,296.81,9.83,D,0
30.46031,76.06414,346.12,0.46,0.39,2020-11-12,814,N,VIIRS,n,2,302.03,6.05,D,0
30.46338,75.38444,341.85,0.44,0.38,2020-11-12,814,N,VIIRS,n,2,304.64,8.86,D,0
30.46474,76.37457,344.08,0.48,0.4,2020-11-12,814,N,VIIRS,n,2,307.13,17,D,0
30.46575,76.07809,333.2,0.46,0.39,2020-11-12,814,N,VIIRS,n,2,297.42,2.8,D,0
30.46636,76.08295,333.71,0.46,0.39,2020-11-12,814,N,VIIRS,n,2,298.32,2.8,D,0
30.4668,75.79462,334.41,0.45,0.39,2020-11-12,814,N,VIIRS,n,2,300.97,2.05,D,0
30.468,75.79586,335.51,0.45,0.39,2020-11-12,814,N,VIIRS,n,2,301.97,7.15,D,0
30.47039,75.79402,334.34,0.45,0.39,2020-11-12,814,N,VIIRS,n,2,298.98,4.29,D,0
30.47102,75.35986,335.18,0.44,0.38,2020-11-12,814,N,VIIRS,n,2,300.53,6.43,D,0
30.47104,75.82772,347.1,0.45,0.39,2020-11-12,814,N,VIIRS,n,2,302.17,12.83,D,0
30.4715,75.82428,331.83,0.45,0.39,2020-11-12,814,N,VIIRS,n,2,299.52,6.33,D,0
30.47208,75.82901,335.25,0.45,0.39,2020-11-12,814,N,VIIRS,n,2,300.4,6.33,D,0
30.47324,75.5752,346.5,0.44,0.39,2020-11-12,814,N,VIIRS,n,2,306.08,23.85,D,0
30.4733,75.2392,332.21,0.43,0.38,2020-11-12,814,N,VIIRS,n,2,291.25,7.26,D,0
30.47631,75.42887,354.81,0.44,0.38,2020-11-12,814,N,VIIRS,n,2,307.17,26.29,D,0
30.47653,75.89959,339.45,0.46,0.39,2020-11-12,814,N,VIIRS,n,2,303.35,9.04,D,0
30.47817,75.78934,334.74,0.45,0.39,2020-11-12,814,N,VIIRS,n,2,301.09,3.36,D,0
30.47883,75.76513,331.02,0.45,0.39,2020-11-12,814,N,VIIRS,l,2,301.8,2.11,D,0
30.47984,75.42827,339.92,0.44,0.38,2020-11-12,814,N,VIIRS,n,2,299.4,5.85,D,0
30.48007,75.74568,332.52,0.45,0.39,2020-11-12,814,N,VIIRS,n,2,302.13,2.04,D,0
30.48101,75.46555,333.74,0.44,0.38,2020-11-12,814,N,VIIRS,n,2,298.83,2.17,D,0
30.48199,75.67354,334.14,0.45,0.39,2020-11-12,814,N,VIIRS,n,2,298.71,4.47,D,0
30.48275,75.53578,335.43,0.44,0.39,2020-11-12,814,N,VIIRS,n,2,302.19,5.13,D,0
30.48395,75.40422,332.69,0.44,0.38,2020-11-12,814,N,VIIRS,n,2,299.04,2.1,D,0
30.48396,75.46036,351.91,0.44,0.38,2020-11-12,814,N,VIIRS,n,2,302.76,6.59,D,0
30.48455,75.46494,333.32,0.44,0.38,2020-11-12,814,N,VIIRS,n,2,299.85,6.59,D,0
30.48512,75.52595,335.51,0.44,0.39,2020-11-12,814,N,VIIRS,n,2,301.02,6.24,D,0
30.48568,75.33414,330.65,0.44,0.38,2020-11-12,814,N,VIIRS,n,2,298.21,2.07,D,0
30.48629,75.53517,338.63,0.44,0.39,2020-11-12,814,N,VIIRS,n,2,300.64,12.1,D,0
30.48631,75.50692,339.17,0.44,0.38,2020-11-12,814,N,VIIRS,n,2,300.1,3.42,D,0
30.48678,75.65364,346.19,0.45,0.39,2020-11-12,814,N,VIIRS,n,2,302.37,8.53,D,0
30.48688,75.53979,330.3,0.44,0.39,2020-11-12,814,N,VIIRS,n,2,298.99,12.1,D,0
30.48866,75.52535,337.86,0.44,0.39,2020-11-12,814,N,VIIRS,n,2,302.96,6.24,D,0
30.4892,75.33353,335.88,0.44,0.38,2020-11-12,814,N,VIIRS,n,2,299.13,3.07,D,0
30.48984,75.53457,344.82,0.44,0.39,2020-11-12,814,N,VIIRS,n,2,305.11,12.1,D,0
30.49094,75.31933,335.1,0.43,0.38,2020-11-12,814,N,VIIRS,n,2,296.95,3.54,D,0
30.49097,75.34716,343.6,0.44,0.38,2020-11-12,814,N,VIIRS,n,2,304.73,13.18,D,0
30.49099,76.46769,334.85,0.48,0.4,2020-11-12,814,N,VIIRS,n,2,302.61,5.42,D,0
30.49118,76.31438,346.35,0.48,0.4,2020-11-12,814,N,VIIRS,n,2,304.71,5.41,D,0
30.49187,75.81121,330.67,0.45,0.39,2020-11-12,814,N,VIIRS,n,2,295.94,2.58,D,0
30.49396,75.59539,336.79,0.45,0.39,2020-11-12,814,N,VIIRS,n,2,302.12,4.26,D,0
30.49398,75.48212,332.97,0.44,0.38,2020-11-12,814,N,VIIRS,n,2,300.37,2.61,D,0
30.49457,75.54322,331.73,0.44,0.39,2020-11-12,814,N,VIIRS,n,2,298.92,3.26,D,0
30.49575,75.55247,333.98,0.44,0.39,2020-11-12,814,N,VIIRS,n,2,299.91,3.6,D,0
30.49607,76.14268,337.49,0.47,0.4,2020-11-12,814,N,VIIRS,n,2,301.8,4.26,D,0
30.4973,75.25813,344.24,0.43,0.38,2020-11-12,814,N,VIIRS,n,2,299.9,9.52,D,0
30.49752,75.48151,333.62,0.44,0.38,2020-11-12,814,N,VIIRS,n,2,301.14,2.61,D,0
30.49809,75.42984,334.87,0.44,0.38,2020-11-12,814,N,VIIRS,n,2,300,4.48,D,0
30.49907,75.27165,343.56,0.43,0.38,2020-11-12,814,N,VIIRS,n,2,301.27,15.24,D,0
30.49971,76.14209,346.27,0.47,0.4,2020-11-12,814,N,VIIRS,n,2,304.71,28.42,D,0
30.50219,75.40578,335.93,0.44,0.38,2020-11-12,814,N,VIIRS,n,2,298.58,6.96,D,0
30.50284,75.60812,336.69,0.45,0.39,2020-11-12,814,N,VIIRS,n,2,297.63,4.43,D,0
30.50516,75.71271,344.84,0.45,0.39,2020-11-12,814,N,VIIRS,n,2,299.52,6.16,D,0
30.50517,75.68398,336.14,0.45,0.39,2020-11-12,814,N,VIIRS,n,2,303.23,10.17,D,0
30.50581,75.60288,332.78,0.45,0.39,2020-11-12,814,N,VIIRS,n,2,298.45,3.07,D,0
30.50768,76.41877,334.95,0.48,0.4,2020-11-12,814,N,VIIRS,n,2,304.79,2.98,D,0
30.5077,75.96934,334.79,0.46,0.39,2020-11-12,814,N,VIIRS,n,2,297.32,3.58,D,0
30.50873,75.71211,336.18,0.45,0.39,2020-11-12,814,N,VIIRS,n,2,298.22,5.21,D,0
30.50891,76.39809,338.06,0.48,0.4,2020-11-12,814,N,VIIRS,n,2,300.88,4.8,D,0
30.50929,75.74561,334.49,0.45,0.39,2020-11-12,814,N,VIIRS,n,2,299.53,1.95,D,0
30.50937,75.57384,336.22,0.44,0.39,2020-11-12,814,N,VIIRS,n,2,300.49,2.62,D,0
30.51209,75.34354,334.85,0.44,0.38,2020-11-12,814,N,VIIRS,n,2,299.18,3.23,D,0
30.51281,75.43201,334.65,0.44,0.38,2020-11-12,814,N,VIIRS,n,2,302.27,10.38,D,0
30.51351,75.2713,338.65,0.43,0.38,2020-11-12,814,N,VIIRS,n,2,302.91,19.35,D,0
30.51371,75.27377,340.78,0.43,0.38,2020-11-12,814,N,VIIRS,n,2,302.59,19.77,D,0
30.51475,75.22495,343.06,0.43,0.38,2020-11-12,814,N,VIIRS,n,2,297.25,16.06,D,0
30.51527,75.535,342.97,0.44,0.39,2020-11-12,814,N,VIIRS,n,2,301.46,8.56,D,0
30.51575,75.42683,330.45,0.44,0.38,2020-11-12,814,N,VIIRS,n,2,299.67,2.41,D,0
30.51707,75.72031,342.7,0.45,0.39,2020-11-12,814,N,VIIRS,n,2,301.43,4.83,D,0
30.51873,76.32517,342.37,0.48,0.4,2020-11-12,814,N,VIIRS,n,2,304.48,16.35,D,0
30.51943,75.56739,332.55,0.44,0.39,2020-11-12,814,N,VIIRS,n,2,300.09,2.73,D,0
30.52183,76.41139,339.25,0.48,0.4,2020-11-12,814,N,VIIRS,n,2,301.3,3.57,D,0
30.52587,75.2,333.42,0.43,0.38,2020-11-12,814,N,VIIRS,n,2,295.91,3.41,D,0
30.52648,75.50951,334.78,0.44,0.39,2020-11-12,814,N,VIIRS,n,2,299.4,5.25,D,0
30.52836,75.80997,334.15,0.45,0.39,2020-11-12,814,N,VIIRS,n,2,297.69,2.19,D,0
30.52922,76.44099,342.67,0.48,0.4,2020-11-12,814,N,VIIRS,n,2,305.89,9.38,D,0
30.53065,75.54185,341.39,0.44,0.39,2020-11-12,814,N,VIIRS,n,2,300.13,3.27,D,0
30.53086,76.12879,335.52,0.47,0.4,2020-11-12,814,N,VIIRS,n,2,298.66,4.02,D,0
30.53136,75.68915,339.9,0.45,0.39,2020-11-12,814,N,VIIRS,n,2,299.93,3.3,D,0
30.53177,75.98502,333.42,0.46,0.39,2020-11-12,814,N,VIIRS,n,2,295.1,3.13,D,0
30.53237,75.98984,334.32,0.46,0.39,2020-11-12,814,N,VIIRS,n,2,294.83,4.09,D,0
30.53273,75.33753,332.7,0.44,0.38,2020-11-12,814,N,VIIRS,n,2,298.82,2.24,D,0
30.53297,76.23875,331.66,0.47,0.4,2020-11-12,814,N,VIIRS,n,2,301.93,3.15,D,0
30.53315,75.70322,330.98,0.45,0.39,2020-11-12,814,N,VIIRS,n,2,300.79,1.97,D,0
30.53352,75.4801,337.28,0.44,0.38,2020-11-12,814,N,VIIRS,n,2,300.83,3.86,D,0
30.53375,75.70792,334.03,0.45,0.39,2020-11-12,814,N,VIIRS,n,2,300.11,3.35,D,0
30.53462,75.2123,333.09,0.43,0.38,2020-11-12,814,N,VIIRS,n,2,296.09,6.83,D,0
30.53598,75.47729,311.75,0.44,0.38,2020-11-12,814,N,VIIRS,l,2,312.46,15.02,D,0
30.53615,75.75556,335.8,0.45,0.39,2020-11-12,814,N,VIIRS,n,2,300.57,5,D,0
30.53651,75.50311,336.45,0.44,0.38,2020-11-12,814,N,VIIRS,n,2,300.88,2.78,D,0
30.53656,75.4819,334.19,0.44,0.38,2020-11-12,814,N,VIIRS,n,2,300.51,26.19,D,0
30.53706,75.47951,340.92,0.44,0.38,2020-11-12,814,N,VIIRS,n,2,313.18,43.67,D,0
30.53864,75.29939,331.67,0.43,0.38,2020-11-12,814,N,VIIRS,n,2,299.13,2,D,0
30.53888,75.50033,333.71,0.44,0.39,2020-11-12,814,N,VIIRS,n,2,302.73,5.3,D,0
30.53897,76.33715,338.36,0.48,0.4,2020-11-12,814,N,VIIRS,n,2,302.37,9.77,D,0
30.53952,75.47668,333.61,0.44,0.38,2020-11-12,814,N,VIIRS,n,2,300.74,15.02,D,0
30.54118,76.33875,346.57,0.48,0.4,2020-11-12,814,N,VIIRS,n,2,304.22,17.69,D,0
30.54162,75.21108,340.76,0.43,0.38,2020-11-12,814,N,VIIRS,n,2,297.42,6.51,D,0
30.54201,75.41058,342.55,0.44,0.38,2020-11-12,814,N,VIIRS,n,2,301.32,3.38,D,0
30.54265,76.33655,340.22,0.48,0.4,2020-11-12,814,N,VIIRS,n,2,300.22,9.77,D,0
30.54306,75.47607,334.18,0.44,0.38,2020-11-12,814,N,VIIRS,n,2,301.99,10.26,D,0
30.54364,75.48069,332.87,0.44,0.38,2020-11-12,814,N,VIIRS,n,2,302.36,5.32,D,0
30.5455,75.43809,333.74,0.44,0.38,2020-11-12,814,N,VIIRS,n,2,301.13,2.99,D,0
30.54555,75.40997,330.03,0.44,0.38,2020-11-12,814,N,VIIRS,n,2,299.54,3.38,D,0
30.54568,75.71552,331.99,0.45,0.39,2020-11-12,814,N,VIIRS,n,2,299.06,2.57,D,0
30.54719,75.48009,334.16,0.44,0.38,2020-11-12,814,N,VIIRS,n,2,301.65,5.32,D,0
30.54851,75.59567,335.24,0.45,0.39,2020-11-12,814,N,VIIRS,n,2,302.28,3.93,D,0
30.54915,75.62885,339.59,0.45,0.39,2020-11-12,814,N,VIIRS,n,2,304.11,12.98,D,0
30.54917,75.32542,340.09,0.44,0.38,2020-11-12,814,N,VIIRS,n,2,301.33,4.39,D,0
30.54925,75.71491,331.88,0.45,0.39,2020-11-12,814,N,VIIRS,n,2,298.94,2.57,D,0
30.55112,76.29649,331.41,0.48,0.4,2020-11-12,814,N,VIIRS,n,2,302.29,2.38,D,0
30.55184,75.51701,337.84,0.44,0.39,2020-11-12,814,N,VIIRS,n,2,301.88,2.24,D,0
30.55267,75.35273,336.32,0.44,0.38,2020-11-12,814,N,VIIRS,n,2,303.22,5.96,D,0
30.55267,75.59972,334.46,0.45,0.39,2020-11-12,814,N,VIIRS,n,2,301.15,3.07,D,0
30.55325,75.35728,335.05,0.44,0.38,2020-11-12,814,N,VIIRS,n,2,301.7,5.79,D,0
30.55432,75.45066,338.67,0.44,0.38,2020-11-12,814,N,VIIRS,n,2,302.3,12.08,D,0
30.55461,75.59707,338.13,0.45,0.39,2020-11-12,814,N,VIIRS,n,2,301.95,2.4,D,0
30.55504,75.31513,334.27,0.44,0.38,2020-11-12,814,N,VIIRS,n,2,302.79,5.07,D,0
30.5574,75.24988,344.2,0.43,0.38,2020-11-12,814,N,VIIRS,n,2,303.16,13.25,D,0
30.55857,75.28669,346.14,0.43,0.38,2020-11-12,814,N,VIIRS,n,2,300.59,7.43,D,0
30.55952,75.97062,332.65,0.46,0.39,2020-11-12,814,N,VIIRS,n,2,295.9,1.83,D,0
30.56126,75.5343,336.01,0.44,0.39,2020-11-12,814,N,VIIRS,n,2,300.39,7.11,D,0
30.56383,75.24414,331.75,0.43,0.38,2020-11-12,814,N,VIIRS,n,2,298.48,3.54,D,0
30.56442,75.27641,334.86,0.43,0.38,2020-11-12,814,N,VIIRS,n,2,302.65,5.58,D,0
30.56501,75.28094,342.09,0.43,0.38,2020-11-12,814,N,VIIRS,n,2,300.28,9.76,D,0
30.56597,75.73133,334.9,0.45,0.39,2020-11-12,814,N,VIIRS,n,2,303.66,6.37,D,0
30.56734,75.24354,335.7,0.43,0.38,2020-11-12,814,N,VIIRS,n,2,299.15,3.54,D,0
30.56789,75.19273,331.13,0.43,0.38,2020-11-12,814,N,VIIRS,n,2,293.01,4.03,D,0
30.56907,75.20174,336.2,0.43,0.38,2020-11-12,814,N,VIIRS,n,2,296.45,3.51,D,0
30.5697,75.28941,333.05,0.43,0.38,2020-11-12,814,N,VIIRS,n,2,301.37,6.32,D,0
30.56974,75.90521,347.08,0.46,0.39,2020-11-12,814,N,VIIRS,n,2,296.16,5.44,D,0
30.5749,75.19152,332.62,0.43,0.38,2020-11-12,814,N,VIIRS,n,2,294.97,7.76,D,0
30.57608,75.50815,347.64,0.44,0.39,2020-11-12,814,N,VIIRS,n,2,307.34,18.64,D,0
30.57675,75.34395,336.45,0.44,0.38,2020-11-12,814,N,VIIRS,n,2,302.19,4.23,D,0
30.57802,75.79686,334.13,0.45,0.39,2020-11-12,814,N,VIIRS,n,2,300.67,3.34,D,0
30.5806,75.65947,331.35,0.45,0.39,2020-11-12,814,N,VIIRS,n,2,300.67,2.5,D,0
30.58119,75.66415,332.69,0.45,0.39,2020-11-12,814,N,VIIRS,n,2,300.19,3.87,D,0
30.58374,75.53996,342.19,0.44,0.39,2020-11-12,814,N,VIIRS,n,2,301.22,4.53,D,0
30.58421,75.93219,333.6,0.46,0.39,2020-11-12,814,N,VIIRS,n,2,297.78,3.64,D,0
30.58868,75.78319,333.27,0.45,0.39,2020-11-12,814,N,VIIRS,n,2,299.62,3.7,D,0
30.59332,76.00444,340.53,0.46,0.39,2020-11-12,814,N,VIIRS,n,2,299.35,4.46,D,0
30.59695,76.00385,337.53,0.46,0.39,2020-11-12,814,N,VIIRS,n,2,299.69,3.8,D,0
30.59726,75.30788,331.08,0.44,0.38,2020-11-12,814,N,VIIRS,n,2,300.33,2.46,D,0
30.59734,75.56135,334.1,0.44,0.39,2020-11-12,814,N,VIIRS,n,2,301.78,4.1,D,0
30.59786,75.31242,333.11,0.44,0.38,2020-11-12,814,N,VIIRS,n,2,302.15,4.52,D,0
30.59795,75.45262,335.72,0.44,0.38,2020-11-12,814,N,VIIRS,n,2,302.33,3.86,D,0
30.59817,76.37553,336.4,0.48,0.4,2020-11-12,814,N,VIIRS,n,2,303.22,4.8,D,0
30.59823,76.31426,339.16,0.48,0.4,2020-11-12,814,N,VIIRS,n,2,301.49,3.91,D,0
30.60004,75.78613,333.85,0.45,0.39,2020-11-12,814,N,VIIRS,n,2,298.06,2.59,D,0
30.60006,76.32925,334.68,0.48,0.4,2020-11-12,814,N,VIIRS,n,2,304.3,4.39,D,0
30.60078,75.30727,334.22,0.44,0.38,2020-11-12,814,N,VIIRS,n,2,302.11,6.53,D,0
30.60091,75.50394,335.48,0.44,0.39,2020-11-12,814,N,VIIRS,n,2,300.54,2.17,D,0
30.60138,75.31182,333.72,0.44,0.38,2020-11-12,814,N,VIIRS,n,2,300.27,6.05,D,0
30.60264,75.40491,339.18,0.44,0.38,2020-11-12,814,N,VIIRS,n,2,300.92,3.29,D,0
30.6047,75.2002,338.89,0.43,0.38,2020-11-12,814,N,VIIRS,n,2,297.09,3.35,D,0
30.60555,75.37166,333.18,0.44,0.38,2020-11-12,814,N,VIIRS,n,2,300.38,2.93,D,0
30.60564,75.54099,331.58,0.44,0.39,2020-11-12,814,N,VIIRS,n,2,300.68,2.49,D,0
30.60617,76.13649,332.8,0.47,0.4,2020-11-12,814,N,VIIRS,n,2,299.23,6.04,D,0
30.60681,75.46523,338.41,0.44,0.38,2020-11-12,814,N,VIIRS,n,2,303.4,3.73,D,0
30.60897,75.2873,337.77,0.43,0.38,2020-11-12,814,N,VIIRS,n,2,301,3.15,D,0
30.60981,76.13589,342.09,0.47,0.4,2020-11-12,814,N,VIIRS,n,2,302.35,6.04,D,0
30.61152,75.67343,331.68,0.45,0.39,2020-11-12,814,N,VIIRS,n,2,301.37,6.83,D,0
30.61212,75.67812,344.86,0.45,0.39,2020-11-12,814,N,VIIRS,n,2,305.23,20.36,D,0
30.61349,75.21251,331.27,0.43,0.38,2020-11-12,814,N,VIIRS,n,2,293.36,2.73,D,0
30.61352,75.21364,336.82,0.43,0.38,2020-11-12,814,N,VIIRS,n,2,293.12,3.37,D,0
30.61582,75.97396,343.49,0.46,0.39,2020-11-12,814,N,VIIRS,n,2,304.11,28.28,D,0
30.61807,75.52468,333.29,0.44,0.39,2020-11-12,814,N,VIIRS,n,2,300.32,3.17,D,0
30.61807,75.66753,341,0.45,0.39,2020-11-12,814,N,VIIRS,n,2,301.01,7.46,D,0
30.61813,75.24982,341.1,0.43,0.38,2020-11-12,814,N,VIIRS,n,2,305.11,21.85,D,0
30.61826,75.24863,336.04,0.43,0.38,2020-11-12,814,N,VIIRS,n,2,305.87,12.16,D,0
30.61866,75.5293,333.67,0.44,0.39,2020-11-12,814,N,VIIRS,n,2,300.44,3.17,D,0
30.61868,75.6435,336.27,0.45,0.39,2020-11-12,814,N,VIIRS,n,2,303.41,6.76,D,0
30.61926,75.67692,330.8,0.45,0.39,2020-11-12,814,N,VIIRS,n,2,300.23,6.65,D,0
30.61986,75.68162,334.01,0.45,0.39,2020-11-12,814,N,VIIRS,n,2,299.25,6.65,D,0
30.62221,75.5287,337.31,0.44,0.39,2020-11-12,814,N,VIIRS,n,2,306.97,47.86,D,0
30.62225,75.6429,340.03,0.45,0.39,2020-11-12,814,N,VIIRS,n,2,302.52,9.67,D,0
30.63235,75.75173,336.88,0.45,0.39,2020-11-12,814,N,VIIRS,n,2,299.41,4.01,D,0
30.63356,75.70334,333.25,0.45,0.39,2020-11-12,814,N,VIIRS,n,2,301.59,2.51,D,0
30.63669,75.36759,332.45,0.44,0.38,2020-11-12,814,N,VIIRS,n,2,300.31,3.11,D,0
30.64566,75.21269,334.01,0.43,0.38,2020-11-12,814,N,VIIRS,n,2,291.44,3.64,D,0
30.64742,75.19854,335.64,0.43,0.38,2020-11-12,814,N,VIIRS,n,2,296.13,5.22,D,0
30.64788,75.72983,331.82,0.45,0.39,2020-11-12,814,N,VIIRS,n,2,301.14,4.13,D,0
30.64845,75.67682,335.31,0.45,0.39,2020-11-12,814,N,VIIRS,n,2,300.12,5.15,D,0
30.64848,75.73455,333.4,0.45,0.39,2020-11-12,814,N,VIIRS,n,2,301.36,4.13,D,0
30.64907,75.885,333.22,0.46,0.39,2020-11-12,814,N,VIIRS,n,2,299.19,7.09,D,0
30.64917,75.1844,350.96,0.43,0.38,2020-11-12,814,N,VIIRS,n,2,296.32,9.76,D,0
30.65007,75.5477,334.98,0.44,0.39,2020-11-12,814,N,VIIRS,n,2,302.02,3.53,D,0
30.65092,75.19793,334.19,0.43,0.38,2020-11-12,814,N,VIIRS,n,2,296.67,10.44,D,0
30.65313,75.38348,341.18,0.44,0.38,2020-11-12,814,N,VIIRS,n,2,305.05,9.42,D,0
30.65443,75.19733,341.35,0.43,0.38,2020-11-12,814,N,VIIRS,n,2,299.24,10.44,D,0
30.65502,75.20184,333.04,0.43,0.38,2020-11-12,814,N,VIIRS,n,2,295.53,13.19,D,0
30.65509,75.84495,336.45,0.46,0.39,2020-11-12,814,N,VIIRS,n,2,297.17,3.19,D,0
30.65525,75.51499,332.57,0.44,0.39,2020-11-12,814,N,VIIRS,n,2,299.53,2.86,D,0
30.65565,75.73335,332.92,0.45,0.39,2020-11-12,814,N,VIIRS,n,2,298.48,1.85,D,0
30.65748,75.92281,341.32,0.46,0.39,2020-11-12,814,N,VIIRS,n,2,299.36,5.5,D,0
30.65863,75.72803,330.93,0.45,0.39,2020-11-12,814,N,VIIRS,n,2,299.14,1.85,D,0
30.6591,75.23349,338.04,0.43,0.38,2020-11-12,814,N,VIIRS,n,2,290.83,21.24,D,0
30.66061,75.49987,333.72,0.44,0.39,2020-11-12,814,N,VIIRS,n,2,299.72,5.5,D,0
30.66224,75.75639,333.19,0.45,0.39,2020-11-12,814,N,VIIRS,n,2,297.1,2.22,D,0
30.66437,75.3022,336.53,0.44,0.38,2020-11-12,814,N,VIIRS,n,2,299.17,7.15,D,0
30.66703,75.76527,347.6,0.45,0.39,2020-11-12,814,N,VIIRS,n,2,302.51,12.62,D,0
30.6676,75.74101,333.85,0.45,0.39,2020-11-12,814,N,VIIRS,n,2,297.86,3.61,D,0
30.6702,75.37589,333.49,0.44,0.38,2020-11-12,814,N,VIIRS,n,2,301.69,3.8,D,0
30.67032,75.66503,334.42,0.45,0.39,2020-11-12,814,N,VIIRS,n,2,300.05,2.67,D,0
30.67052,75.5789,332.61,0.45,0.39,2020-11-12,814,N,VIIRS,n,2,298.56,6.45,D,0
30.67079,75.38046,333.29,0.44,0.38,2020-11-12,814,N,VIIRS,n,2,302.8,3.8,D,0
30.67226,75.66324,334.97,0.45,0.39,2020-11-12,814,N,VIIRS,n,2,301.18,2.32,D,0
30.67542,75.47374,333.68,0.44,0.39,2020-11-12,814,N,VIIRS,n,2,300.95,5.53,D,0
30.67612,76.10298,335.03,0.47,0.4,2020-11-12,814,N,VIIRS,n,2,302.33,4.98,D,0
30.67641,76.32013,333.4,0.48,0.4,2020-11-12,814,N,VIIRS,n,2,303.21,2.69,D,0
30.6771,75.5445,333.36,0.44,0.39,2020-11-12,814,N,VIIRS,n,2,299.45,2.16,D,0
30.67715,75.72976,332.17,0.45,0.39,2020-11-12,814,N,VIIRS,n,2,300.15,2.8,D,0
30.6779,75.72633,334.03,0.45,0.39,2020-11-12,814,N,VIIRS,n,2,299.24,2.88,D,0
30.68132,75.49163,335.66,0.44,0.39,2020-11-12,814,N,VIIRS,n,2,300.17,2.94,D,0
30.68156,75.90901,332.17,0.46,0.39,2020-11-12,814,N,VIIRS,n,2,298.72,4.15,D,0
30.68217,75.91383,333.66,0.46,0.39,2020-11-12,814,N,VIIRS,n,2,298.76,4.15,D,0
30.68325,75.80621,334.62,0.46,0.39,2020-11-12,814,N,VIIRS,n,2,302.06,4.83,D,0
30.68423,75.80766,335.19,0.46,0.39,2020-11-12,814,N,VIIRS,n,2,301.15,7.3,D,0
30.68425,75.20602,340.39,0.43,0.38,2020-11-12,814,N,VIIRS,n,2,285.46,8.75,D,0
30.68598,75.55725,335.94,0.45,0.39,2020-11-12,814,N,VIIRS,n,2,297.99,2.53,D,0
30.68727,75.36829,332.33,0.44,0.38,2020-11-12,814,N,VIIRS,n,2,302.43,2.54,D,0
30.68904,75.38203,335.21,0.44,0.38,2020-11-12,814,N,VIIRS,n,2,302.85,11.22,D,0
30.69022,75.3912,347.02,0.44,0.38,2020-11-12,814,N,VIIRS,n,2,305.56,11.8,D,0
30.69041,75.73874,338.33,0.45,0.39,2020-11-12,814,N,VIIRS,n,2,299.69,5.34,D,0
30.69185,75.60394,340.35,0.45,0.39,2020-11-12,814,N,VIIRS,n,2,304.52,25.26,D,0
30.69198,75.37685,334.38,0.44,0.38,2020-11-12,814,N,VIIRS,n,2,301.57,6.3,D,0
30.69235,75.66612,330.82,0.45,0.39,2020-11-12,814,N,VIIRS,n,2,298.58,1.8,D,0
30.69257,75.38143,344.46,0.44,0.38,2020-11-12,814,N,VIIRS,n,2,301.57,11.22,D,0
30.69315,75.47072,332.78,0.44,0.39,2020-11-12,814,N,VIIRS,n,2,298.1,1.5,D,0
30.69428,75.2831,332.38,0.44,0.38,2020-11-12,814,N,VIIRS,n,2,290.28,2.2,D,0
30.69434,75.3952,336.38,0.44,0.38,2020-11-12,814,N,VIIRS,n,2,305.51,11.8,D,0
30.69479,75.62736,335.21,0.45,0.39,2020-11-12,814,N,VIIRS,n,2,300.5,2.99,D,0
30.69493,75.39979,334.09,0.44,0.38,2020-11-12,814,N,VIIRS,n,2,301.07,6.95,D,0
30.69987,75.7856,338.39,0.45,0.39,2020-11-12,814,N,VIIRS,n,2,297.94,5.96,D,0
30.70083,75.47414,343.5,0.44,0.39,2020-11-12,814,N,VIIRS,n,2,303.34,10.2,D,0
30.70103,76.12392,341.38,0.47,0.4,2020-11-12,814,N,VIIRS,n,2,302.37,12.35,D,0
30.7017,75.77074,332.7,0.45,0.39,2020-11-12,814,N,VIIRS,n,2,295.15,3.28,D,0
30.70201,75.48339,333.51,0.44,0.39,2020-11-12,814,N,VIIRS,n,2,301.41,3.44,D,0
30.70356,75.96619,330.51,0.46,0.39,2020-11-12,814,N,VIIRS,n,2,296.68,2.4,D,0
30.70428,75.64492,332.31,0.45,0.39,2020-11-12,814,N,VIIRS,l,2,302.99,10.49,D,0
30.70438,75.47353,339.88,0.44,0.39,2020-11-12,814,N,VIIRS,n,2,298.15,10.2,D,0
30.70495,75.56357,345.93,0.45,0.39,2020-11-12,814,N,VIIRS,n,2,301.77,13.95,D,0
30.70646,75.77965,334.13,0.45,0.39,2020-11-12,814,N,VIIRS,n,2,299.97,3.15,D,0
30.70845,75.64902,341.26,0.45,0.39,2020-11-12,814,N,VIIRS,n,2,300.32,4.6,D,0
30.70849,75.59158,331.32,0.45,0.39,2020-11-12,814,N,VIIRS,n,2,301.02,13.74,D,0
30.71206,75.59098,340.58,0.45,0.39,2020-11-12,814,N,VIIRS,n,2,305.4,13.74,D,0
30.71314,76.07197,332.48,0.47,0.39,2020-11-12,814,N,VIIRS,n,2,300.35,4.39,D,0
30.71383,75.46249,332.28,0.44,0.39,2020-11-12,814,N,VIIRS,n,2,298.39,10.37,D,0
30.71442,76.38576,347.35,0.48,0.4,2020-11-12,814,N,VIIRS,n,2,303.85,5.29,D,0
30.71619,75.45266,335.79,0.44,0.38,2020-11-12,814,N,VIIRS,n,2,300.52,15.56,D,0
30.7162,75.48098,339.09,0.44,0.39,2020-11-12,814,N,VIIRS,n,2,302.4,7.84,D,0
30.71737,75.46188,335.52,0.44,0.39,2020-11-12,814,N,VIIRS,n,2,303.09,10.37,D,0
30.71737,75.66192,332.69,0.45,0.39,2020-11-12,814,N,VIIRS,l,2,302.92,3.89,D,0
30.718,75.55183,334.65,0.45,0.39,2020-11-12,814,N,VIIRS,n,2,303.3,6.77,D,0
30.71804,76.11114,337.48,0.47,0.4,2020-11-12,814,N,VIIRS,n,2,297.03,6,D,0
30.71863,75.19229,331.61,0.43,0.38,2020-11-12,814,N,VIIRS,n,2,283.67,9.15,D,0
30.71873,75.19546,346,0.43,0.38,2020-11-12,814,N,VIIRS,n,2,286.57,17.49,D,0
30.71921,75.19681,334.5,0.43,0.38,2020-11-12,814,N,VIIRS,n,2,284.45,9.15,D,0
30.72004,75.26008,334.19,0.43,0.38,2020-11-12,814,N,VIIRS,n,2,281.15,4.36,D,0
30.72094,75.66132,335.44,0.45,0.39,2020-11-12,814,N,VIIRS,n,2,300.7,3.89,D,0
30.72159,75.99288,335.61,0.46,0.39,2020-11-12,814,N,VIIRS,n,2,293.42,3.36,D,0
30.72243,76.26684,333.47,0.48,0.4,2020-11-12,814,N,VIIRS,n,2,303.29,4.28,D,0
30.7237,75.85962,334.56,0.46,0.39,2020-11-12,814,N,VIIRS,n,2,298.25,2.59,D,0
30.72389,75.48441,344.31,0.44,0.39,2020-11-12,814,N,VIIRS,n,2,301.25,5.15,D,0
30.72688,75.70847,334.1,0.45,0.39,2020-11-12,814,N,VIIRS,n,2,302,4.41,D,0
30.72731,75.85902,338.05,0.46,0.39,2020-11-12,814,N,VIIRS,n,2,298.66,6.93,D,0
30.72736,75.8297,335.37,0.46,0.39,2020-11-12,814,N,VIIRS,n,2,297.32,2.71,D,0
30.72809,75.57395,335.21,0.45,0.39,2020-11-12,814,N,VIIRS,n,2,300.82,4.85,D,0
30.72854,75.83925,334.18,0.46,0.39,2020-11-12,814,N,VIIRS,n,2,296.68,9.1,D,0
30.72861,75.4647,333.08,0.44,0.39,2020-11-12,814,N,VIIRS,n,2,298.4,3.08,D,0
30.72914,75.84405,335.33,0.46,0.39,2020-11-12,814,N,VIIRS,n,2,297.63,4.02,D,0
30.72927,75.5547,332.88,0.45,0.39,2020-11-12,814,N,VIIRS,n,2,299.95,1.72,D,0
30.72968,75.38915,338.52,0.44,0.38,2020-11-12,814,N,VIIRS,n,2,303.77,18.33,D,0
30.7298,75.79033,334.06,0.46,0.39,2020-11-12,814,N,VIIRS,n,2,294.55,1.8,D,0
30.73072,75.31411,335.28,0.44,0.38,2020-11-12,814,N,VIIRS,n,2,292.48,6.87,D,0
30.73277,75.81416,341.26,0.46,0.39,2020-11-12,814,N,VIIRS,n,2,299.13,10.73,D,0
30.73366,75.31046,331.74,0.44,0.38,2020-11-12,814,N,VIIRS,n,2,290.33,6.24,D,0
30.73424,75.31504,334.62,0.44,0.38,2020-11-12,814,N,VIIRS,n,2,293.08,6.24,D,0
30.73425,75.31351,344.34,0.44,0.38,2020-11-12,814,N,VIIRS,n,2,294.47,6.87,D,0
30.73511,76.13532,337.44,0.47,0.4,2020-11-12,814,N,VIIRS,n,2,299.4,3.75,D,0
30.73549,75.2682,342.83,0.44,0.38,2020-11-12,814,N,VIIRS,n,2,281.27,4,D,0
30.73551,75.98563,337.55,0.46,0.39,2020-11-12,814,N,VIIRS,n,2,298.36,3.64,D,0
30.737,75.58678,333.55,0.45,0.39,2020-11-12,814,N,VIIRS,n,2,299.12,4.65,D,0
30.73822,75.74041,333.84,0.45,0.39,2020-11-12,814,N,VIIRS,n,2,295.85,2.01,D,0
30.73878,75.57215,332.99,0.45,0.39,2020-11-12,814,N,VIIRS,n,2,299.59,4.09,D,0
30.73885,76.10461,330.24,0.47,0.4,2020-11-12,814,N,VIIRS,n,2,297.22,2.68,D,0
30.73979,75.96018,336.79,0.46,0.39,2020-11-12,814,N,VIIRS,n,2,299.44,6.76,D,0
30.73999,75.61017,335.11,0.45,0.39,2020-11-12,814,N,VIIRS,n,2,298.82,4.82,D,0
30.74119,75.61955,346.13,0.45,0.39,2020-11-12,814,N,VIIRS,n,2,303.48,9.85,D,0
30.74296,75.6049,338.71,0.45,0.39,2020-11-12,814,N,VIIRS,n,2,299.23,5.62,D,0
30.74419,75.72973,333.95,0.45,0.39,2020-11-12,814,N,VIIRS,n,2,300.65,3.24,D,0
30.7475,75.44898,333.73,0.44,0.39,2020-11-12,814,N,VIIRS,n,2,301.31,4.41,D,0
30.74868,75.45185,335.07,0.44,0.38,2020-11-12,814,N,VIIRS,n,2,299.52,4.26,D,0
30.74897,75.79686,345.99,0.46,0.39,2020-11-12,814,N,VIIRS,n,2,297.69,11.04,D,0
30.75076,75.84046,340.57,0.46,0.39,2020-11-12,814,N,VIIRS,n,2,298.46,3.98,D,0
30.75122,75.55576,332.2,0.45,0.39,2020-11-12,814,N,VIIRS,n,2,300.62,2.17,D,0
30.75314,75.88906,332.55,0.46,0.39,2020-11-12,814,N,VIIRS,n,2,296.64,13.17,D,0
30.75436,75.83987,347.18,0.46,0.39,2020-11-12,814,N,VIIRS,n,2,296.57,7.35,D,0
30.75544,75.99719,340.4,0.46,0.39,2020-11-12,814,N,VIIRS,n,2,296.72,8.36,D,0
30.75615,75.73742,334.6,0.45,0.39,2020-11-12,814,N,VIIRS,n,2,299.18,4.23,D,0
30.75735,75.89327,337.03,0.46,0.39,2020-11-12,814,N,VIIRS,n,2,297.82,13.17,D,0
30.75794,75.7226,335.48,0.45,0.39,2020-11-12,814,N,VIIRS,n,2,301.29,3.49,D,0
30.75877,75.42346,338.1,0.44,0.38,2020-11-12,814,N,VIIRS,n,2,297.8,4.31,D,0
30.75889,76.11637,338.83,0.47,0.4,2020-11-12,814,N,VIIRS,n,2,299.2,8.09,D,0
30.75891,75.31079,335.7,0.44,0.38,2020-11-12,814,N,VIIRS,n,2,291.11,4.07,D,0
30.76092,75.52729,340.94,0.45,0.39,2020-11-12,814,N,VIIRS,n,2,300.28,7.55,D,0
30.76095,75.92218,343.32,0.46,0.39,2020-11-12,814,N,VIIRS,n,2,299.94,11.44,D,0
30.76185,75.52542,337.64,0.44,0.39,2020-11-12,814,N,VIIRS,n,2,301.41,6.45,D,0
30.76253,76.11577,339.59,0.47,0.4,2020-11-12,814,N,VIIRS,n,2,298.38,8.09,D,0
30.76376,75.57925,331.84,0.45,0.39,2020-11-12,814,N,VIIRS,n,2,299.12,1.81,D,0
30.76448,75.52668,333.39,0.45,0.39,2020-11-12,814,N,VIIRS,n,2,296.85,2.69,D,0
30.76879,75.89629,336.23,0.46,0.39,2020-11-12,814,N,VIIRS,n,2,295.71,2.85,D,0
30.76913,75.61005,335.24,0.45,0.39,2020-11-12,814,N,VIIRS,n,2,301.85,2.89,D,0
30.76993,75.45461,343.58,0.44,0.39,2020-11-12,814,N,VIIRS,n,2,305.57,18.31,D,0
30.77139,75.61146,336.01,0.45,0.39,2020-11-12,814,N,VIIRS,n,2,297.93,4.29,D,0
30.77334,75.53946,342.35,0.45,0.39,2020-11-12,814,N,VIIRS,n,2,299.1,4.87,D,0
30.77348,75.454,346.86,0.44,0.39,2020-11-12,814,N,VIIRS,n,2,299.18,18.31,D,0
30.77465,75.46326,338.22,0.44,0.39,2020-11-12,814,N,VIIRS,n,2,300.78,10.27,D,0
30.77591,75.74867,336.37,0.45,0.39,2020-11-12,814,N,VIIRS,n,2,297.88,6.07,D,0
30.77595,75.30319,332.76,0.44,0.38,2020-11-12,814,N,VIIRS,n,2,285.88,4.04,D,0
30.78056,75.14461,334.03,0.43,0.38,2020-11-12,814,N,VIIRS,n,2,269.97,3.73,D,0
30.78871,75.57504,334.36,0.45,0.39,2020-11-12,814,N,VIIRS,n,2,297.24,6.13,D,0
30.79286,75.57912,336.15,0.45,0.39,2020-11-12,814,N,VIIRS,n,2,295.43,2.64,D,0
30.79408,75.8921,338.47,0.46,0.39,2020-11-12,814,N,VIIRS,n,2,298.07,4.63,D,0
30.79712,75.44052,335.48,0.44,0.39,2020-11-12,814,N,VIIRS,n,2,296.01,9.23,D,0
30.80082,76.21551,332.57,0.47,0.4,2020-11-12,814,N,VIIRS,n,2,299.62,2.04,D,0
30.80303,75.43006,335.55,0.44,0.38,2020-11-12,814,N,VIIRS,n,2,289.92,3.71,D,0
30.80449,76.21491,332.96,0.47,0.4,2020-11-12,814,N,VIIRS,n,2,298.01,2.04,D,0
30.81346,75.7443,333.89,0.45,0.39,2020-11-12,814,N,VIIRS,n,2,298.22,3.14,D,0
30.81425,76.29484,332.26,0.48,0.4,2020-11-12,814,N,VIIRS,n,2,302.31,2.2,D,0
30.81793,76.29424,338.29,0.48,0.4,2020-11-12,814,N,VIIRS,n,2,302.64,7.55,D,0
30.81824,75.75322,346.3,0.45,0.39,2020-11-12,814,N,VIIRS,n,2,299.83,9.24,D,0
30.81894,75.67078,343.67,0.45,0.39,2020-11-12,814,N,VIIRS,n,2,299.03,8.66,D,0
30.82012,75.68024,344.1,0.45,0.39,2020-11-12,814,N,VIIRS,n,2,302.63,7.72,D,0
30.8237,75.67963,335.88,0.45,0.39,2020-11-12,814,N,VIIRS,n,2,299.98,7.72,D,0
30.82433,75.48326,335.09,0.44,0.39,2020-11-12,814,N,VIIRS,n,2,291.61,5.31,D,0
30.82648,75.30387,346.73,0.44,0.38,2020-11-12,814,N,VIIRS,n,2,282.72,8.06,D,0
30.84691,75.54609,349.59,0.45,0.39,2020-11-12,814,N,VIIRS,n,2,294.05,9.81,D,0
30.8499,75.56949,331.87,0.45,0.39,2020-11-12,814,N,VIIRS,n,2,296.06,2.45,D,0
30.85823,75.57765,334.27,0.45,0.39,2020-11-12,814,N,VIIRS,n,2,296.62,2.96,D,0
30.86005,76.24902,333.47,0.48,0.4,2020-11-12,814,N,VIIRS,n,2,300.42,3.78,D,0
30.86304,75.61522,335.1,0.45,0.39,2020-11-12,814,N,VIIRS,n,2,291.66,4.46,D,0
30.86415,76.06634,337.37,0.47,0.4,2020-11-12,814,N,VIIRS,n,2,300.78,4.34,D,0
30.86722,75.61932,339.51,0.45,0.39,2020-11-12,814,N,VIIRS,n,2,294.11,9.8,D,0
30.86883,75.35892,336.09,0.44,0.38,2020-11-12,814,N,VIIRS,n,2,276.13,3.79,D,0
30.8727,76.32381,345.91,0.48,0.4,2020-11-12,814,N,VIIRS,n,2,304.3,6.13,D,0
30.87384,75.54301,332.12,0.45,0.39,2020-11-12,814,N,VIIRS,n,2,287.93,6.12,D,0
30.87639,76.3232,339.08,0.48,0.4,2020-11-12,814,N,VIIRS,n,2,302.89,5.04,D,0
30.88512,75.54588,337.67,0.45,0.39,2020-11-12,814,N,VIIRS,n,2,290.67,7.43,D,0
30.89029,75.9772,329.67,0.46,0.39,2020-11-12,814,N,VIIRS,n,2,300.61,2.91,D,0
30.89319,75.66957,334.78,0.45,0.39,2020-11-12,814,N,VIIRS,n,2,290.8,17.27,D,0
30.8971,75.29772,334.1,0.44,0.38,2020-11-12,814,N,VIIRS,n,2,274.41,11.21,D,0
30.90119,75.50019,332.88,0.45,0.39,2020-11-12,814,N,VIIRS,n,2,284.3,4,D,0
30.90901,76.31287,338.06,0.48,0.4,2020-11-12,814,N,VIIRS,n,2,304.6,2.93,D,0
30.90983,75.71523,338.66,0.45,0.39,2020-11-12,814,N,VIIRS,n,2,298.35,9.38,D,0
30.91643,76.09801,338.24,0.47,0.4,2020-11-12,814,N,VIIRS,n,2,303.01,3.72,D,0
30.91942,75.70392,337.23,0.45,0.39,2020-11-12,814,N,VIIRS,n,2,298.48,5.95,D,0
30.92009,76.09743,336.59,0.47,0.4,2020-11-12,814,N,VIIRS,n,2,303.11,3.72,D,0
30.92549,75.60626,340.86,0.45,0.39,2020-11-12,814,N,VIIRS,n,2,294.52,5.3,D,0
30.92667,75.61568,356.02,0.45,0.39,2020-11-12,814,N,VIIRS,n,2,292.27,19.92,D,0
30.93295,76.17112,336.58,0.47,0.4,2020-11-12,814,N,VIIRS,n,2,304.84,8.44,D,0
30.93672,75.75457,342.39,0.46,0.39,2020-11-12,814,N,VIIRS,n,2,299.32,15.49,D,0
30.93737,75.49885,332.65,0.45,0.39,2020-11-12,814,N,VIIRS,n,2,279.46,4.18,D,0
30.93796,75.50352,333.81,0.45,0.39,2020-11-12,814,N,VIIRS,n,2,280.04,6.06,D,0
30.94466,76.03007,332.47,0.47,0.4,2020-11-12,814,N,VIIRS,n,2,300.99,3.5,D,0
30.9483,76.02947,329.92,0.47,0.4,2020-11-12,814,N,VIIRS,n,2,299.48,2.38,D,0
30.96004,75.88326,334.05,0.46,0.39,2020-11-12,814,N,VIIRS,n,2,293.89,3.44,D,0
30.98087,76.17554,329.76,0.47,0.4,2020-11-12,814,N,VIIRS,n,2,299.16,1.75,D,0
30.98285,75.71278,335.11,0.45,0.39,2020-11-12,814,N,VIIRS,n,2,285.2,7.61,D,0
30.98547,76.30791,333.59,0.48,0.4,2020-11-12,814,N,VIIRS,n,2,302.22,3.87,D,0
30.98916,76.30731,333.46,0.48,0.4,2020-11-12,814,N,VIIRS,n,2,303.12,8.74,D,0
30.00191,75.10754,343.17,0.41,0.37,2020-11-13,755,N,VIIRS,n,2,299.73,3.46,D,0
30.00419,75.89715,332.61,0.4,0.37,2020-11-13,755,N,VIIRS,n,2,301.63,3.59,D,0
30.00605,75.65527,337.86,0.4,0.37,2020-11-13,755,N,VIIRS,n,2,301.65,4.35,D,0
30.007,76.13918,341.31,0.39,0.36,2020-11-13,755,N,VIIRS,n,2,302.68,3.54,D,0
30.00731,75.18089,331.23,0.41,0.37,2020-11-13,755,N,VIIRS,n,2,299.44,2.34,D,0
30.01144,75.66689,336.9,0.4,0.37,2020-11-13,755,N,VIIRS,n,2,301.06,5.25,D,0
30.01211,75.671,332.96,0.4,0.37,2020-11-13,755,N,VIIRS,l,2,304.39,9.06,D,0
30.01219,75.99997,345.42,0.39,0.36,2020-11-13,755,N,VIIRS,n,2,304.94,7.54,D,0
30.0149,75.81466,333.53,0.4,0.37,2020-11-13,755,N,VIIRS,n,2,302.99,1.99,D,0
30.01547,75.67027,333.93,0.4,0.37,2020-11-13,755,N,VIIRS,n,2,300.62,6.72,D,0
30.01578,75.31409,334.13,0.41,0.37,2020-11-13,755,N,VIIRS,n,2,301.1,4.67,D,0
30.01586,75.31343,346.45,0.41,0.37,2020-11-13,755,N,VIIRS,n,2,299.88,4.6,D,0
30.01763,75.42986,335.19,0.4,0.37,2020-11-13,755,N,VIIRS,n,2,300.57,3.61,D,0
30.01823,75.87728,334.09,0.4,0.37,2020-11-13,755,N,VIIRS,l,2,305.33,12.26,D,0
30.01916,75.31334,334.13,0.41,0.37,2020-11-13,755,N,VIIRS,n,2,297.24,4.67,D,0
30.02278,75.00143,339.95,0.41,0.37,2020-11-13,755,N,VIIRS,n,2,299.88,4.13,D,0
30.02364,76.13565,330.43,0.39,0.36,2020-11-13,755,N,VIIRS,n,2,301.93,1.11,D,0
30.02895,75.77353,343.32,0.4,0.37,2020-11-13,755,N,VIIRS,n,2,303.2,7.4,D,0
30.03139,76.0216,339.26,0.39,0.36,2020-11-13,755,N,VIIRS,n,2,303.92,7.09,D,0
30.0334,75.04325,343.64,0.41,0.37,2020-11-13,755,N,VIIRS,n,2,299.43,4.95,D,0
30.0339,75.40096,335.29,0.4,0.37,2020-11-13,755,N,VIIRS,l,2,306.44,30.67,D,0
30.0347,75.51217,332.73,0.4,0.37,2020-11-13,755,N,VIIRS,n,2,300.82,1.7,D,0
30.03562,75.85667,330.15,0.4,0.37,2020-11-13,755,N,VIIRS,n,2,303.32,1.23,D,0
30.03695,75.67412,330.17,0.4,0.37,2020-11-13,755,N,VIIRS,n,2,301.86,1.93,D,0
30.03729,75.46432,333.62,0.4,0.37,2020-11-13,755,N,VIIRS,n,2,301.19,4.58,D,0
30.03876,76.00325,334.95,0.39,0.36,2020-11-13,755,N,VIIRS,n,2,301.83,3.03,D,0
30.03938,75.49826,333.8,0.4,0.37,2020-11-13,755,N,VIIRS,n,2,301.87,5.98,D,0
30.03958,75.22615,333.22,0.41,0.37,2020-11-13,755,N,VIIRS,n,2,300.21,5.2,D,0
30.04204,76.02351,333.34,0.39,0.36,2020-11-13,755,N,VIIRS,n,2,302.93,2.55,D,0
30.04401,76.03566,339.48,0.39,0.36,2020-11-13,755,N,VIIRS,n,2,303.51,8.54,D,0
30.04537,76.0228,346.65,0.39,0.36,2020-11-13,755,N,VIIRS,n,2,304.59,9.52,D,0
30.04645,75.14153,349.07,0.41,0.37,2020-11-13,755,N,VIIRS,n,2,303.89,25.77,D,0
30.04744,75.99301,331.97,0.39,0.36,2020-11-13,755,N,VIIRS,n,2,302.21,2.01,D,0
30.04913,76.10986,339.42,0.39,0.36,2020-11-13,755,N,VIIRS,n,2,302.23,4.27,D,0
30.04949,75.41049,339.06,0.4,0.37,2020-11-13,755,N,VIIRS,n,2,299.45,2.94,D,0
30.05074,75.27162,332.03,0.41,0.37,2020-11-13,755,N,VIIRS,n,2,300.58,16.56,D,0
30.05087,75.18873,334.17,0.41,0.37,2020-11-13,755,N,VIIRS,n,2,299.49,4.97,D,0
30.05122,76.08016,342.97,0.39,0.36,2020-11-13,755,N,VIIRS,n,2,303.41,4.26,D,0
30.05159,75.91226,342.22,0.39,0.37,2020-11-13,755,N,VIIRS,n,2,304.39,4.14,D,0
30.05181,76.10512,339.82,0.39,0.36,2020-11-13,755,N,VIIRS,n,2,305,7.26,D,0
30.05246,76.10916,340.24,0.39,0.36,2020-11-13,755,N,VIIRS,n,2,299.3,6.86,D,0
30.05284,75.96247,333.56,0.39,0.36,2020-11-13,755,N,VIIRS,n,2,301.5,2.41,D,0
30.05295,75.55963,330.68,0.4,0.37,2020-11-13,755,N,VIIRS,n,2,300.46,1.98,D,0
30.05304,76.13409,344.87,0.39,0.36,2020-11-13,755,N,VIIRS,n,2,307.48,18.66,D,0
30.05353,75.94551,331.47,0.39,0.36,2020-11-13,755,N,VIIRS,n,2,299.38,2.68,D,0
30.05404,75.52134,332.35,0.4,0.37,2020-11-13,755,N,VIIRS,l,2,306.23,8.69,D,0
30.05492,75.91154,345.6,0.39,0.37,2020-11-13,755,N,VIIRS,n,2,302.07,8.02,D,0
30.05506,75.76365,330.75,0.4,0.37,2020-11-13,755,N,VIIRS,n,2,303.23,1.64,D,0
30.05557,76.1711,336.98,0.39,0.36,2020-11-13,755,N,VIIRS,n,2,301.95,2.86,D,0
30.05602,75.36587,336.53,0.4,0.37,2020-11-13,755,N,VIIRS,n,2,300.16,4.78,D,0
30.05664,75.13927,334.81,0.41,0.37,2020-11-13,755,N,VIIRS,n,2,307.84,24.8,D,0
30.05735,75.14349,345.41,0.41,0.37,2020-11-13,755,N,VIIRS,n,2,302.41,29.82,D,0
30.05741,75.5206,343.25,0.4,0.37,2020-11-13,755,N,VIIRS,n,2,299.93,5.83,D,0
30.05886,75.55028,332.8,0.4,0.37,2020-11-13,755,N,VIIRS,n,2,300.54,4.83,D,0
30.05955,75.94002,343.13,0.39,0.36,2020-11-13,755,N,VIIRS,n,2,302.63,9.96,D,0
30.06223,75.54955,346.68,0.4,0.37,2020-11-13,755,N,VIIRS,n,2,299.96,8.35,D,0
30.06257,76.0652,332.83,0.39,0.36,2020-11-13,755,N,VIIRS,n,2,300.52,2.06,D,0
30.06276,75.51086,338.63,0.4,0.37,2020-11-13,755,N,VIIRS,n,2,300.85,3.8,D,0
30.06387,75.20332,332,0.41,0.37,2020-11-13,755,N,VIIRS,n,2,299.13,4.32,D,0
30.06414,75.14198,330.56,0.41,0.37,2020-11-13,755,N,VIIRS,n,2,298.27,1.83,D,0
30.06452,75.31201,333.47,0.41,0.37,2020-11-13,755,N,VIIRS,n,2,302.63,5.71,D,0
30.06531,76.03951,346.16,0.39,0.36,2020-11-13,755,N,VIIRS,n,2,301.98,5.69,D,0
30.06567,75.87131,333.56,0.4,0.37,2020-11-13,755,N,VIIRS,n,2,302.92,2.21,D,0
30.06585,75.19414,343.14,0.41,0.37,2020-11-13,755,N,VIIRS,n,2,304.05,17.31,D,0
30.06697,75.15887,338.61,0.41,0.37,2020-11-13,755,N,VIIRS,n,2,299.71,4.19,D,0
30.06705,75.41095,335.54,0.4,0.37,2020-11-13,755,N,VIIRS,n,2,300.18,5.76,D,0
30.07047,75.07464,345.89,0.41,0.37,2020-11-13,755,N,VIIRS,n,2,300.36,9.43,D,0
30.07138,76.01306,333.51,0.39,0.36,2020-11-13,755,N,VIIRS,n,2,304.82,4.26,D,0
30.07155,75.5218,343.3,0.4,0.37,2020-11-13,755,N,VIIRS,n,2,308.21,14.27,D,0
30.07293,75.53008,336.35,0.4,0.37,2020-11-13,755,N,VIIRS,n,2,298.76,2.48,D,0
30.07491,75.52106,346.3,0.4,0.37,2020-11-13,755,N,VIIRS,n,2,300.78,14.27,D,0
30.07785,75.71203,339.74,0.4,0.37,2020-11-13,755,N,VIIRS,n,2,302.98,3.46,D,0
30.07925,75.42122,333.55,0.4,0.37,2020-11-13,755,N,VIIRS,n,2,301.38,3.39,D,0
30.08138,76.01093,332.52,0.39,0.36,2020-11-13,755,N,VIIRS,n,2,301.86,1.64,D,0
30.08201,75.29077,344.2,0.41,0.37,2020-11-13,755,N,VIIRS,n,2,304.03,17.47,D,0
30.08246,75.56653,339.37,0.4,0.37,2020-11-13,755,N,VIIRS,n,2,298.36,2.48,D,0
30.08249,76.08187,335.96,0.39,0.36,2020-11-13,755,N,VIIRS,n,2,302.36,2.89,D,0
30.08287,76.29844,333.05,0.39,0.36,2020-11-13,755,N,VIIRS,n,2,301.89,3.36,D,0
30.08313,76.08592,331.29,0.39,0.36,2020-11-13,755,N,VIIRS,n,2,302.82,5.09,D,0
30.08378,76.08995,336.55,0.39,0.36,2020-11-13,755,N,VIIRS,n,2,303.37,5.09,D,0
30.08421,75.32501,342.35,0.41,0.37,2020-11-13,755,N,VIIRS,n,2,300.65,4.07,D,0
30.08438,75.85884,332.3,0.4,0.37,2020-11-13,755,N,VIIRS,n,2,303.14,1.77,D,0
30.08653,76.06428,334.72,0.39,0.36,2020-11-13,755,N,VIIRS,n,2,300.13,2.55,D,0
30.08768,75.51398,346.29,0.4,0.37,2020-11-13,755,N,VIIRS,n,2,300.88,4.84,D,0
30.08927,75.39743,333.33,0.4,0.37,2020-11-13,755,N,VIIRS,n,2,300.34,2.53,D,0
30.08995,75.25423,332.25,0.41,0.37,2020-11-13,755,N,VIIRS,n,2,300.11,1.78,D,0
30.09047,75.36259,332.37,0.4,0.37,2020-11-13,755,N,VIIRS,n,2,300.11,1.65,D,0
30.09117,75.36677,333.73,0.4,0.37,2020-11-13,755,N,VIIRS,n,2,300.57,1.65,D,0
30.09179,75.03629,337.14,0.41,0.37,2020-11-13,755,N,VIIRS,n,2,298.34,3.05,D,0
30.09186,75.5602,340.59,0.4,0.37,2020-11-13,755,N,VIIRS,n,2,303.05,15.69,D,0
30.09488,75.45226,331.41,0.4,0.37,2020-11-13,755,N,VIIRS,n,2,299.07,2.32,D,0
30.09519,75.03553,337.11,0.41,0.37,2020-11-13,755,N,VIIRS,n,2,298.52,3.05,D,0
30.09593,75.37436,333.59,0.4,0.37,2020-11-13,755,N,VIIRS,n,2,299.17,2.1,D,0
30.10018,76.14913,334.39,0.39,0.36,2020-11-13,755,N,VIIRS,n,2,303.68,2.98,D,0
30.10176,75.49374,341.09,0.4,0.37,2020-11-13,755,N,VIIRS,n,2,300.87,4.9,D,0
30.10281,75.6475,335.57,0.4,0.37,2020-11-13,755,N,VIIRS,n,2,300.54,2.58,D,0
30.10301,75.1437,346.58,0.41,0.37,2020-11-13,755,N,VIIRS,n,2,301.4,11.04,D,0
30.10628,75.26801,331.81,0.41,0.37,2020-11-13,755,N,VIIRS,n,2,299.18,3.84,D,0
30.10816,75.23711,344.37,0.41,0.37,2020-11-13,755,N,VIIRS,n,2,304.89,23.61,D,0
30.10874,75.36722,334.69,0.4,0.37,2020-11-13,755,N,VIIRS,n,2,300.96,9.21,D,0
30.10892,75.19925,332.48,0.41,0.37,2020-11-13,755,N,VIIRS,n,2,298.49,2.45,D,0
30.10946,75.22375,338.15,0.41,0.37,2020-11-13,755,N,VIIRS,n,2,297.87,2.43,D,0
30.1098,75.22523,338.86,0.41,0.37,2020-11-13,755,N,VIIRS,n,2,297.76,3.15,D,0
30.11046,75.06297,331.35,0.41,0.37,2020-11-13,755,N,VIIRS,n,2,297.79,2.8,D,0
30.11211,75.36647,340.94,0.4,0.37,2020-11-13,755,N,VIIRS,n,2,300.36,9.21,D,0
30.11227,75.40964,346.68,0.4,0.37,2020-11-13,755,N,VIIRS,n,2,301.25,5.66,D,0
30.11583,75.28329,336.96,0.41,0.37,2020-11-13,755,N,VIIRS,n,2,299.7,4.57,D,0
30.11715,76.06194,335.62,0.39,0.36,2020-11-13,755,N,VIIRS,n,2,301.23,2.41,D,0
30.11918,76.05313,341.66,0.39,0.36,2020-11-13,755,N,VIIRS,n,2,303.29,4.31,D,0
30.11961,75.66515,330.36,0.4,0.37,2020-11-13,755,N,VIIRS,l,2,301.08,2.43,D,0
30.12028,75.26645,331.84,0.41,0.37,2020-11-13,755,N,VIIRS,n,2,298.25,2.3,D,0
30.12031,76.10309,337.84,0.39,0.36,2020-11-13,755,N,VIIRS,n,2,304.27,4.2,D,0
30.121,75.71587,336.45,0.4,0.37,2020-11-13,755,N,VIIRS,n,2,301.33,2.16,D,0
30.12248,75.19624,341.6,0.41,0.37,2020-11-13,755,N,VIIRS,n,2,302.25,11.39,D,0
30.12364,76.10239,346.88,0.39,0.36,2020-11-13,755,N,VIIRS,n,2,303.64,4.2,D,0
30.1261,75.5356,332.07,0.4,0.37,2020-11-13,755,N,VIIRS,n,2,300.91,3.1,D,0
30.12705,76.08075,337.26,0.39,0.36,2020-11-13,755,N,VIIRS,n,2,305.88,9.27,D,0
30.12768,75.37601,330.02,0.4,0.37,2020-11-13,755,N,VIIRS,n,2,300.2,2.16,D,0
30.12815,75.548,332.1,0.4,0.37,2020-11-13,755,N,VIIRS,n,2,300.03,2.1,D,0
30.13034,75.15952,338.92,0.41,0.37,2020-11-13,755,N,VIIRS,n,2,299.34,5.37,D,0
30.13036,75.89993,333.04,0.39,0.37,2020-11-13,755,N,VIIRS,n,2,302.27,1.93,D,0
30.13037,75.70959,330.6,0.4,0.37,2020-11-13,755,N,VIIRS,n,2,300.5,1.58,D,0
30.13167,75.65401,334.16,0.4,0.37,2020-11-13,755,N,VIIRS,n,2,300.26,4.89,D,0
30.13193,75.18977,331.47,0.41,0.37,2020-11-13,755,N,VIIRS,n,2,298.28,2.67,D,0
30.13264,75.19398,331.74,0.41,0.37,2020-11-13,755,N,VIIRS,n,2,298.77,2.67,D,0
30.13312,76.20467,341.4,0.39,0.36,2020-11-13,755,N,VIIRS,n,2,302.57,3.87,D,0
30.13326,75.28097,345.47,0.41,0.37,2020-11-13,755,N,VIIRS,n,2,304.2,14,D,0
30.13622,75.99954,331.09,0.39,0.36,2020-11-13,755,N,VIIRS,l,2,301.82,2.61,D,0
30.13683,76.02458,338.86,0.39,0.36,2020-11-13,755,N,VIIRS,n,2,300.8,2.35,D,0
30.13887,75.52852,332.03,0.4,0.37,2020-11-13,755,N,VIIRS,n,2,300.27,1.19,D,0
30.13999,75.42941,335.15,0.4,0.37,2020-11-13,755,N,VIIRS,n,2,300.1,2.98,D,0
30.14055,75.36602,331.66,0.4,0.37,2020-11-13,755,N,VIIRS,n,2,298.64,1.89,D,0
30.14091,75.54093,342.88,0.4,0.37,2020-11-13,755,N,VIIRS,n,2,307.36,26,D,0
30.1416,75.96902,343.49,0.39,0.36,2020-11-13,755,N,VIIRS,n,2,304.19,10.9,D,0
30.14281,75.19173,342.69,0.41,0.37,2020-11-13,755,N,VIIRS,n,2,297.9,5.04,D,0
30.14349,76.02316,333.27,0.39,0.36,2020-11-13,755,N,VIIRS,n,2,301.17,2.72,D,0
30.14416,75.40839,332.12,0.4,0.37,2020-11-13,755,N,VIIRS,n,2,299.37,1.44,D,0
30.14559,75.97237,332.91,0.39,0.36,2020-11-13,755,N,VIIRS,n,2,302.74,3.6,D,0
30.14617,76.01839,335.94,0.39,0.36,2020-11-13,755,N,VIIRS,n,2,300.35,1.77,D,0
30.14692,75.51389,342,0.4,0.37,2020-11-13,755,N,VIIRS,n,2,301.94,3.71,D,0
30.14764,75.42918,334.92,0.4,0.37,2020-11-13,755,N,VIIRS,n,2,298.62,2.63,D,0
30.15129,75.24217,342.5,0.41,0.37,2020-11-13,755,N,VIIRS,n,2,301.8,8.92,D,0
30.1524,75.43675,338.81,0.4,0.37,2020-11-13,755,N,VIIRS,n,2,303.03,11.88,D,0
30.1526,75.47973,338.96,0.4,0.37,2020-11-13,755,N,VIIRS,n,2,304.89,6.66,D,0
30.15373,75.57665,344.58,0.4,0.37,2020-11-13,755,N,VIIRS,n,2,304.8,10.75,D,0
30.15577,75.43602,341.65,0.4,0.37,2020-11-13,755,N,VIIRS,n,2,300.76,11.88,D,0
30.15597,75.479,340.32,0.4,0.37,2020-11-13,755,N,VIIRS,n,2,299.93,6.66,D,0
30.15703,75.53312,333.03,0.4,0.37,2020-11-13,755,N,VIIRS,n,2,302.55,4,D,0
30.15771,75.53725,334.28,0.4,0.37,2020-11-13,755,N,VIIRS,n,2,302.84,8.23,D,0
30.15903,75.41376,331.91,0.4,0.37,2020-11-13,755,N,VIIRS,n,2,300.96,3.36,D,0
30.15918,75.67358,344.36,0.4,0.37,2020-11-13,755,N,VIIRS,n,2,302.79,6.27,D,0
30.15951,75.06081,332.63,0.41,0.37,2020-11-13,755,N,VIIRS,n,2,301.66,6.5,D,0
30.15962,75.39638,330.26,0.4,0.37,2020-11-13,755,N,VIIRS,n,2,298.95,1.36,D,0
30.16126,75.3225,346.18,0.41,0.37,2020-11-13,755,N,VIIRS,n,2,298.96,8.53,D,0
30.1623,75.39147,331.57,0.4,0.37,2020-11-13,755,N,VIIRS,n,2,298.43,1.36,D,0
30.16394,75.31758,332.68,0.41,0.37,2020-11-13,755,N,VIIRS,n,2,300.22,1.84,D,0
30.16408,75.48579,343.44,0.4,0.37,2020-11-13,755,N,VIIRS,n,2,302.26,7.8,D,0
30.16615,75.35173,330.69,0.4,0.37,2020-11-13,755,N,VIIRS,n,2,298.34,5.3,D,0
30.16649,76.28497,332.75,0.39,0.36,2020-11-13,755,N,VIIRS,l,2,303.11,2.85,D,0
30.16685,75.3559,335.59,0.4,0.37,2020-11-13,755,N,VIIRS,n,2,302.36,9.91,D,0
30.16744,75.48506,334.09,0.4,0.37,2020-11-13,755,N,VIIRS,n,2,299.21,3.39,D,0
30.16905,75.26435,330.04,0.41,0.37,2020-11-13,755,N,VIIRS,n,2,297.84,1.89,D,0
30.16907,75.15965,343.29,0.41,0.37,2020-11-13,755,N,VIIRS,n,2,305.12,19.03,D,0
30.16948,75.12012,346.91,0.41,0.37,2020-11-13,755,N,VIIRS,n,2,302.97,10.41,D,0
30.16951,75.49748,333.04,0.4,0.37,2020-11-13,755,N,VIIRS,n,2,300.98,22.46,D,0
30.17019,75.22927,346.13,0.41,0.37,2020-11-13,755,N,VIIRS,n,2,300.44,6.58,D,0
30.17123,75.61982,333.71,0.4,0.37,2020-11-13,755,N,VIIRS,n,2,301.37,2.41,D,0
30.1719,75.62394,332.33,0.4,0.37,2020-11-13,755,N,VIIRS,n,2,300.08,2.41,D,0
30.17499,75.23692,346.61,0.41,0.37,2020-11-13,755,N,VIIRS,n,2,301.44,6.43,D,0
30.17589,75.77607,336.3,0.4,0.37,2020-11-13,755,N,VIIRS,n,2,302.97,2.79,D,0
30.17719,76.10386,339.94,0.39,0.36,2020-11-13,755,N,VIIRS,n,2,305.11,6.49,D,0
30.18064,75.41763,331.75,0.4,0.37,2020-11-13,755,N,VIIRS,n,2,300.09,2.14,D,0
30.18119,75.56777,333.07,0.4,0.37,2020-11-13,755,N,VIIRS,n,2,301.16,4.98,D,0
30.18193,75.59325,332.98,0.4,0.37,2020-11-13,755,N,VIIRS,n,2,300.35,3.61,D,0
30.18211,75.30055,337.13,0.41,0.37,2020-11-13,755,N,VIIRS,n,2,299.57,5.55,D,0
30.18277,75.66128,331.98,0.4,0.37,2020-11-13,755,N,VIIRS,n,2,299.89,2.24,D,0
30.1841,75.43842,334.17,0.4,0.37,2020-11-13,755,N,VIIRS,n,2,300.85,4.37,D,0
30.18479,75.44257,332.23,0.4,0.37,2020-11-13,755,N,VIIRS,n,2,299.56,4.37,D,0
30.18546,75.1735,344.76,0.41,0.37,2020-11-13,755,N,VIIRS,n,2,301.01,4.66,D,0
30.18724,76.08082,334.8,0.39,0.36,2020-11-13,755,N,VIIRS,n,2,303.24,5.98,D,0
30.18757,75.18614,339.05,0.41,0.37,2020-11-13,755,N,VIIRS,n,2,299.48,3.72,D,0
30.18798,75.04121,333.37,0.41,0.37,2020-11-13,755,N,VIIRS,n,2,299.17,1.84,D,0
30.18815,75.44183,331.98,0.4,0.37,2020-11-13,755,N,VIIRS,n,2,299.88,5.58,D,0
30.18828,75.31653,341.88,0.41,0.37,2020-11-13,755,N,VIIRS,n,2,302.25,9.45,D,0
30.18908,75.34235,335.51,0.4,0.37,2020-11-13,755,N,VIIRS,n,2,297.43,5.21,D,0
30.19049,76.10103,333.65,0.39,0.36,2020-11-13,755,N,VIIRS,n,2,303.59,2.63,D,0
30.19403,75.39311,333.02,0.4,0.37,2020-11-13,755,N,VIIRS,n,2,300.32,3.51,D,0
30.19525,75.54759,338.91,0.4,0.37,2020-11-13,755,N,VIIRS,n,2,302.53,18.18,D,0
30.19557,75.69678,344.19,0.4,0.37,2020-11-13,755,N,VIIRS,n,2,299.19,4.47,D,0
30.1956,75.71801,333.86,0.4,0.37,2020-11-13,755,N,VIIRS,n,2,299.16,3.24,D,0
30.19593,75.55173,340.57,0.4,0.37,2020-11-13,755,N,VIIRS,n,2,310.01,18.18,D,0
30.19722,75.3492,341.86,0.4,0.37,2020-11-13,755,N,VIIRS,n,2,301.73,10.43,D,0
30.19963,75.72138,346.39,0.4,0.37,2020-11-13,755,N,VIIRS,n,2,301.86,6.35,D,0
30.20115,75.49915,332.59,0.4,0.37,2020-11-13,755,N,VIIRS,n,2,300.92,1.94,D,0
30.20128,76.0611,343.56,0.39,0.36,2020-11-13,755,N,VIIRS,n,2,305.55,11.45,D,0
30.20216,75.63151,331.43,0.4,0.37,2020-11-13,755,N,VIIRS,n,2,300.39,1.87,D,0
30.20389,76.22746,333.92,0.39,0.36,2020-11-13,755,N,VIIRS,n,2,304.48,3.06,D,0
30.20425,75.03829,331.93,0.41,0.37,2020-11-13,755,N,VIIRS,n,2,299.5,4.7,D,0
30.20426,75.26524,337.56,0.41,0.37,2020-11-13,755,N,VIIRS,n,2,300.5,8.01,D,0
30.20497,75.04254,331.34,0.41,0.37,2020-11-13,755,N,VIIRS,n,2,298.24,3.99,D,0
30.20538,75.56677,335.49,0.4,0.37,2020-11-13,755,N,VIIRS,n,2,298.99,3.9,D,0
30.2063,75.11258,333.22,0.41,0.37,2020-11-13,755,N,VIIRS,n,2,301.39,4.29,D,0
30.20644,75.46793,334.1,0.4,0.37,2020-11-13,755,N,VIIRS,n,2,299.01,4.36,D,0
30.2074,75.16052,331.72,0.41,0.37,2020-11-13,755,N,VIIRS,n,2,300.08,2.13,D,0
30.20775,75.28619,338.03,0.41,0.37,2020-11-13,755,N,VIIRS,n,2,301.25,6.42,D,0
30.20829,75.68977,330.5,0.4,0.37,2020-11-13,755,N,VIIRS,n,2,300.16,1.56,D,0
30.20984,75.85754,338.56,0.39,0.37,2020-11-13,755,N,VIIRS,n,2,301.29,3.58,D,0
30.21182,75.28963,332.18,0.41,0.37,2020-11-13,755,N,VIIRS,n,2,298.9,3.95,D,0
30.21238,75.10683,336.06,0.41,0.37,2020-11-13,755,N,VIIRS,n,2,300.32,3.44,D,0
30.21293,75.1724,332.77,0.41,0.37,2020-11-13,755,N,VIIRS,n,2,301.5,7.29,D,0
30.21318,75.85681,341.75,0.39,0.37,2020-11-13,755,N,VIIRS,n,2,302.53,3.58,D,0
30.21413,75.57768,345.78,0.4,0.37,2020-11-13,755,N,VIIRS,n,2,302.83,9.39,D,0
30.21505,75.10186,333.08,0.41,0.37,2020-11-13,755,N,VIIRS,n,2,299.29,3.44,D,0
30.21629,75.2321,332.67,0.41,0.37,2020-11-13,755,N,VIIRS,n,2,301.35,4.71,D,0
30.21772,75.74715,330.67,0.4,0.37,2020-11-13,755,N,VIIRS,n,2,300.45,1.99,D,0
30.21844,75.10109,345.9,0.41,0.37,2020-11-13,755,N,VIIRS,n,2,298.82,8.33,D,0
30.219,75.16668,334.09,0.41,0.37,2020-11-13,755,N,VIIRS,n,2,301.38,3.48,D,0
30.21918,75.27061,332.92,0.41,0.37,2020-11-13,755,N,VIIRS,n,2,298.76,4.93,D,0
30.21971,75.1709,332.77,0.41,0.37,2020-11-13,755,N,VIIRS,n,2,300.25,4,D,0
30.22006,75.21448,332.8,0.41,0.37,2020-11-13,755,N,VIIRS,n,2,300.4,2.35,D,0
30.22284,75.56723,340.05,0.4,0.37,2020-11-13,755,N,VIIRS,n,2,303.34,12.79,D,0
30.22431,75.63947,334.52,0.4,0.37,2020-11-13,755,N,VIIRS,n,2,300.97,2.42,D,0
30.22509,75.85552,332.86,0.39,0.37,2020-11-13,755,N,VIIRS,n,2,299.57,2.27,D,0
30.22679,75.52784,335.94,0.4,0.37,2020-11-13,755,N,VIIRS,n,2,298.6,2.54,D,0
30.22754,76.1391,334.52,0.39,0.36,2020-11-13,755,N,VIIRS,n,2,303.26,1.71,D,0
30.22773,75.07268,334.49,0.41,0.37,2020-11-13,755,N,VIIRS,n,2,300.64,7.1,D,0
30.22842,75.38985,332.83,0.4,0.37,2020-11-13,755,N,VIIRS,n,2,300.45,2.74,D,0
30.2288,75.30757,335.65,0.41,0.37,2020-11-13,755,N,VIIRS,n,2,298.83,3.93,D,0
30.22994,75.44125,333.31,0.4,0.37,2020-11-13,755,N,VIIRS,n,2,300.26,1.33,D,0
30.23015,75.52711,348.11,0.4,0.37,2020-11-13,755,N,VIIRS,n,2,307.46,26.85,D,0
30.23043,75.74016,332.26,0.4,0.37,2020-11-13,755,N,VIIRS,n,2,300.92,2.82,D,0
30.23124,75.42805,345.81,0.4,0.37,2020-11-13,755,N,VIIRS,n,2,304.48,8.24,D,0
30.23166,75.62082,345.67,0.4,0.37,2020-11-13,755,N,VIIRS,n,2,301.19,8.78,D,0
30.23224,75.56091,344.68,0.4,0.37,2020-11-13,755,N,VIIRS,n,2,309.5,23.13,D,0
30.23295,75.5864,334.04,0.4,0.37,2020-11-13,755,N,VIIRS,l,2,304.34,9.58,D,0
30.23614,75.50006,334.71,0.4,0.37,2020-11-13,755,N,VIIRS,n,2,299.79,2.81,D,0
30.23768,75.21493,346.23,0.41,0.37,2020-11-13,755,N,VIIRS,n,2,300.05,9.36,D,0
30.23854,75.24085,331.45,0.41,0.37,2020-11-13,755,N,VIIRS,n,2,298.32,1.79,D,0
30.23912,75.70857,333.05,0.4,0.37,2020-11-13,755,N,VIIRS,n,2,300.36,1.91,D,0
30.23957,76.00804,330.33,0.39,0.36,2020-11-13,755,N,VIIRS,l,2,301.96,1.47,D,0
30.24034,75.58906,333.85,0.4,0.37,2020-11-13,755,N,VIIRS,n,2,300.84,2.78,D,0
30.24502,75.57522,341.22,0.4,0.37,2020-11-13,755,N,VIIRS,n,2,300.01,5.95,D,0
30.24543,75.07311,336.1,0.41,0.37,2020-11-13,755,N,VIIRS,n,2,300.45,3.84,D,0
30.24575,76.08089,335.94,0.39,0.36,2020-11-13,755,N,VIIRS,n,2,304.6,5.56,D,0
30.24671,75.41602,341.86,0.4,0.37,2020-11-13,755,N,VIIRS,n,2,298.83,3.72,D,0
30.24751,75.37758,337.27,0.4,0.37,2020-11-13,755,N,VIIRS,n,2,300.29,4.1,D,0
30.24754,75.48467,332.13,0.4,0.37,2020-11-13,755,N,VIIRS,n,2,298.91,2.39,D,0
30.24902,75.55724,331.33,0.4,0.37,2020-11-13,755,N,VIIRS,n,2,300.31,2.62,D,0
30.25042,75.10274,330.21,0.41,0.37,2020-11-13,755,N,VIIRS,n,2,298.77,2.35,D,0
30.251,75.95101,339.68,0.39,0.36,2020-11-13,755,N,VIIRS,n,2,303.04,3.43,D,0
30.25235,75.5351,340.51,0.4,0.37,2020-11-13,755,N,VIIRS,n,2,299.22,5.78,D,0
30.25303,75.53923,337.44,0.4,0.37,2020-11-13,755,N,VIIRS,n,2,300.5,5.78,D,0
30.25306,75.56062,344.95,0.4,0.37,2020-11-13,755,N,VIIRS,n,2,301.68,8.87,D,0
30.25367,75.52196,333.72,0.4,0.37,2020-11-13,755,N,VIIRS,n,2,300.89,4.3,D,0
30.25397,76.2834,330.38,0.39,0.36,2020-11-13,755,N,VIIRS,n,2,301.97,2.19,D,0
30.25414,75.35452,331.98,0.4,0.37,2020-11-13,755,N,VIIRS,n,2,299.71,2.74,D,0
30.2563,75.26302,336.29,0.41,0.37,2020-11-13,755,N,VIIRS,n,2,300.06,7.34,D,0
30.25642,75.55989,347.4,0.4,0.37,2020-11-13,755,N,VIIRS,n,2,298.51,6.29,D,0
30.25827,75.25389,345.32,0.41,0.37,2020-11-13,755,N,VIIRS,n,2,301.86,6.32,D,0
30.2588,75.13157,332.97,0.41,0.37,2020-11-13,755,N,VIIRS,n,2,300.52,4.35,D,0
30.25951,75.1358,344.96,0.41,0.37,2020-11-13,755,N,VIIRS,n,2,302.34,10.45,D,0
30.26095,75.24895,334.18,0.41,0.37,2020-11-13,755,N,VIIRS,n,2,300.4,6.32,D,0
30.26122,75.29232,332.85,0.41,0.37,2020-11-13,755,N,VIIRS,n,2,300.11,3.38,D,0
30.26242,75.53289,335.2,0.4,0.37,2020-11-13,755,N,VIIRS,n,2,298.62,2.75,D,0
30.26381,75.56255,338.17,0.4,0.37,2020-11-13,755,N,VIIRS,n,2,299.08,2.84,D,0
30.26383,75.58392,344.58,0.4,0.37,2020-11-13,755,N,VIIRS,n,2,305.68,11.28,D,0
30.2643,76.3269,334.41,0.39,0.36,2020-11-13,755,N,VIIRS,n,2,306,3.41,D,0
30.26447,75.26991,337.57,0.41,0.37,2020-11-13,755,N,VIIRS,n,2,301.46,9.88,D,0
30.26448,75.56669,338.1,0.4,0.37,2020-11-13,755,N,VIIRS,n,2,299.24,4.01,D,0
30.2645,75.58804,333.02,0.4,0.37,2020-11-13,755,N,VIIRS,n,2,300,11.28,D,0
30.26452,75.60939,333.51,0.4,0.37,2020-11-13,755,N,VIIRS,n,2,299.67,2.51,D,0
30.26494,76.33092,334.96,0.39,0.36,2020-11-13,755,N,VIIRS,n,2,307.75,5.8,D,0
30.26517,75.27409,335.85,0.41,0.37,2020-11-13,755,N,VIIRS,n,2,298.48,3.98,D,0
30.26612,75.32158,333.18,0.4,0.37,2020-11-13,755,N,VIIRS,n,2,300.52,14,D,0
30.26629,75.13428,335.52,0.41,0.37,2020-11-13,755,N,VIIRS,n,2,300.03,3.06,D,0
30.26674,75.19975,336.56,0.41,0.37,2020-11-13,755,N,VIIRS,n,2,300.05,5.35,D,0
30.26714,75.26497,336.89,0.41,0.37,2020-11-13,755,N,VIIRS,n,2,299.63,3.47,D,0
30.26723,75.07703,331.82,0.41,0.37,2020-11-13,755,N,VIIRS,n,2,298.32,1.51,D,0
30.26761,76.3262,334.33,0.39,0.36,2020-11-13,755,N,VIIRS,n,2,303.48,3.41,D,0
30.26783,76.39252,333.37,0.39,0.36,2020-11-13,755,N,VIIRS,n,2,302.7,2.54,D,0
30.26825,76.33022,334.61,0.39,0.36,2020-11-13,755,N,VIIRS,n,2,304.11,5.8,D,0
30.2684,75.52351,334.21,0.4,0.37,2020-11-13,755,N,VIIRS,n,2,301.21,6.75,D,0
30.26882,75.10741,346.38,0.41,0.37,2020-11-13,755,N,VIIRS,n,2,302.15,8.54,D,0
30.26993,76.27588,343,0.39,0.36,2020-11-13,755,N,VIIRS,n,2,301.28,2.94,D,0
30.27176,75.52277,333.55,0.4,0.37,2020-11-13,755,N,VIIRS,n,2,298.37,6.75,D,0
30.27286,75.3201,340.31,0.4,0.37,2020-11-13,755,N,VIIRS,n,2,300.14,5.18,D,0
30.27313,75.53104,339.9,0.4,0.37,2020-11-13,755,N,VIIRS,n,2,299.64,3.73,D,0
30.27324,76.27518,330.37,0.39,0.36,2020-11-13,755,N,VIIRS,n,2,300.32,2.94,D,0
30.27399,75.41058,332.81,0.4,0.37,2020-11-13,755,N,VIIRS,n,2,300.46,3.97,D,0
30.27457,75.05779,333.84,0.41,0.37,2020-11-13,755,N,VIIRS,n,2,300.69,4.88,D,0
30.27518,75.25014,333.27,0.41,0.37,2020-11-13,755,N,VIIRS,n,2,301.83,7.04,D,0
30.27542,76.24561,344.26,0.39,0.36,2020-11-13,755,N,VIIRS,n,2,304.71,5.08,D,0
30.27565,75.33679,335.27,0.4,0.37,2020-11-13,755,N,VIIRS,n,2,300.49,2.36,D,0
30.2758,75.52618,336,0.4,0.37,2020-11-13,755,N,VIIRS,n,2,300.04,4.34,D,0
30.27649,75.53031,335.4,0.4,0.37,2020-11-13,755,N,VIIRS,n,2,301.5,6.86,D,0
30.27728,75.64497,353.15,0.4,0.37,2020-11-13,755,N,VIIRS,n,2,303.83,17.64,D,0
30.27795,76.24624,345.56,0.39,0.36,2020-11-13,755,N,VIIRS,n,2,303.33,5.89,D,0
30.27798,75.05703,336.51,0.41,0.37,2020-11-13,755,N,VIIRS,n,2,300.64,4.88,D,0
30.27887,75.18832,334.44,0.41,0.37,2020-11-13,755,N,VIIRS,n,2,299.09,2.61,D,0
30.27903,75.33604,331.62,0.4,0.37,2020-11-13,755,N,VIIRS,n,2,298.53,2.17,D,0
30.28379,75.34364,346.01,0.4,0.37,2020-11-13,755,N,VIIRS,n,2,303.39,9.88,D,0
30.28381,75.11284,335.64,0.41,0.37,2020-11-13,755,N,VIIRS,n,2,301.78,7.45,D,0
30.28449,75.34782,332.57,0.4,0.37,2020-11-13,755,N,VIIRS,n,2,300.29,5.98,D,0
30.28458,75.5371,332.13,0.4,0.37,2020-11-13,755,N,VIIRS,n,2,298.9,1.88,D,0
30.28634,75.19102,330.16,0.41,0.37,2020-11-13,755,N,VIIRS,n,2,298.88,2.93,D,0
30.28812,75.26466,331.7,0.41,0.37,2020-11-13,755,N,VIIRS,n,2,301,2.41,D,0
30.28915,75.33381,347.16,0.4,0.37,2020-11-13,755,N,VIIRS,n,2,304.93,9.97,D,0
30.29022,75.42422,335.96,0.4,0.37,2020-11-13,755,N,VIIRS,n,2,301.9,4.89,D,0
30.29194,75.77769,333.87,0.4,0.37,2020-11-13,755,N,VIIRS,n,2,300.69,2.07,D,0
30.29359,75.27648,334.65,0.41,0.37,2020-11-13,755,N,VIIRS,n,2,300.85,7.15,D,0
30.29394,75.21549,331.24,0.41,0.37,2020-11-13,755,N,VIIRS,n,2,299.2,3.09,D,0
30.29488,75.41028,345.97,0.4,0.37,2020-11-13,755,N,VIIRS,n,2,309.23,19.95,D,0
30.29536,75.03642,351.47,0.41,0.37,2020-11-13,755,N,VIIRS,n,2,301.53,6.6,D,0
30.29545,75.58176,331.98,0.4,0.37,2020-11-13,755,N,VIIRS,n,2,298.88,5.14,D,0
30.29552,75.03548,343.98,0.41,0.37,2020-11-13,755,N,VIIRS,n,2,300.27,4.78,D,0
30.29557,75.26735,351.52,0.41,0.37,2020-11-13,755,N,VIIRS,n,2,313.3,44.71,D,0
30.29626,75.41859,341.39,0.4,0.37,2020-11-13,755,N,VIIRS,n,2,301.25,10.51,D,0
30.29825,75.40955,338.02,0.4,0.37,2020-11-13,755,N,VIIRS,n,2,300.46,4.97,D,0
30.29849,75.47402,334.6,0.4,0.37,2020-11-13,755,N,VIIRS,n,2,299.12,4.38,D,0
30.2993,76.05813,332.53,0.39,0.36,2020-11-13,755,N,VIIRS,n,2,301.33,1.81,D,0
30.29979,75.46085,335.59,0.4,0.37,2020-11-13,755,N,VIIRS,n,2,300.75,3.34,D,0
30.30222,75.39142,333.18,0.4,0.37,2020-11-13,755,N,VIIRS,n,2,299.99,2.9,D,0
30.30233,75.26585,344.17,0.41,0.37,2020-11-13,755,N,VIIRS,n,2,306.21,19.31,D,0
30.30342,75.35661,332.88,0.4,0.37,2020-11-13,755,N,VIIRS,n,2,298.76,2.18,D,0
30.30537,75.19987,333.96,0.41,0.37,2020-11-13,755,N,VIIRS,n,2,300.24,5.21,D,0
30.30578,76.24867,333.57,0.39,0.36,2020-11-13,755,N,VIIRS,n,2,301.84,2.77,D,0
30.3064,75.69014,332.6,0.4,0.37,2020-11-13,755,N,VIIRS,n,2,300.43,1.65,D,0
30.30769,75.25597,333.77,0.41,0.37,2020-11-13,755,N,VIIRS,n,2,300.27,2.57,D,0
30.30781,75.15127,344.61,0.41,0.37,2020-11-13,755,N,VIIRS,n,2,300.59,9.47,D,0
30.30794,75.1731,345.55,0.41,0.37,2020-11-13,755,N,VIIRS,n,2,302.89,8.64,D,0
30.30876,75.19912,333,0.41,0.37,2020-11-13,755,N,VIIRS,n,2,305.35,5.21,D,0
30.30885,75.09494,336.06,0.41,0.37,2020-11-13,755,N,VIIRS,n,2,299.2,5.34,D,0
30.30946,75.20332,332.44,0.41,0.37,2020-11-13,755,N,VIIRS,n,2,299.31,5.7,D,0
30.30974,75.68941,332.03,0.4,0.37,2020-11-13,755,N,VIIRS,n,2,299.48,2.06,D,0
30.31007,75.52295,346.46,0.4,0.37,2020-11-13,755,N,VIIRS,n,2,302.49,9.17,D,0
30.31009,75.08149,333.2,0.41,0.37,2020-11-13,755,N,VIIRS,n,2,301.02,8.64,D,0
30.31103,75.65511,337.6,0.4,0.37,2020-11-13,755,N,VIIRS,n,2,300.02,2.49,D,0
30.3112,75.15051,347.25,0.41,0.37,2020-11-13,755,N,VIIRS,n,2,300.81,7.86,D,0
30.31128,75.29858,346.63,0.4,0.37,2020-11-13,755,N,VIIRS,n,2,300.47,7.61,D,0
30.31132,75.17235,346.94,0.41,0.37,2020-11-13,755,N,VIIRS,n,2,300.54,8.64,D,0
30.3119,75.15472,334.3,0.41,0.37,2020-11-13,755,N,VIIRS,n,2,298.84,7.86,D,0
30.31214,75.19836,334.39,0.41,0.37,2020-11-13,755,N,VIIRS,n,2,298.51,2.22,D,0
30.31317,75.26779,332.73,0.41,0.37,2020-11-13,755,N,VIIRS,n,2,302.61,3.01,D,0
30.31343,75.52222,343.37,0.4,0.37,2020-11-13,755,N,VIIRS,n,2,298.79,9.17,D,0
30.31406,75.14634,334.97,0.41,0.37,2020-11-13,755,N,VIIRS,n,2,298.25,2.37,D,0
30.31577,75.40998,334.33,0.4,0.37,2020-11-13,755,N,VIIRS,n,2,300.99,2.33,D,0
30.31654,75.26704,333.12,0.41,0.37,2020-11-13,755,N,VIIRS,n,2,298.63,2.52,D,0
30.31703,75.22778,337.08,0.41,0.37,2020-11-13,755,N,VIIRS,n,2,302.08,9.08,D,0
30.31747,75.52562,345.8,0.4,0.37,2020-11-13,755,N,VIIRS,n,2,304.4,8.82,D,0
30.31863,75.27961,332.42,0.41,0.37,2020-11-13,755,N,VIIRS,n,2,300.03,2.13,D,0
30.31895,76.26669,333.61,0.39,0.36,2020-11-13,755,N,VIIRS,n,2,302.66,2.66,D,0
30.31914,75.40923,338.06,0.4,0.37,2020-11-13,755,N,VIIRS,n,2,299,7.05,D,0
30.31969,75.62342,330.19,0.4,0.37,2020-11-13,755,N,VIIRS,n,2,299.42,2.25,D,0
30.32034,75.60621,336.7,0.4,0.37,2020-11-13,755,N,VIIRS,l,2,307.48,22.15,D,0
30.32083,75.52488,338.6,0.4,0.37,2020-11-13,755,N,VIIRS,n,2,298.67,8.82,D,0
30.32084,75.14484,342.7,0.41,0.37,2020-11-13,755,N,VIIRS,n,2,302.19,8.02,D,0
30.32088,75.54629,331.9,0.4,0.37,2020-11-13,755,N,VIIRS,n,2,299.31,4.85,D,0
30.32388,75.41682,332.45,0.4,0.37,2020-11-13,755,N,VIIRS,n,2,300.76,2.85,D,0
30.32419,75.06076,337.37,0.41,0.37,2020-11-13,755,N,VIIRS,n,2,298.55,3.35,D,0
30.32422,75.14407,336.67,0.41,0.37,2020-11-13,755,N,VIIRS,n,2,298.57,8.02,D,0
30.32426,75.3347,333.64,0.4,0.37,2020-11-13,755,N,VIIRS,n,2,297.97,2.83,D,0
30.3256,75.55381,351.35,0.4,0.37,2020-11-13,755,N,VIIRS,n,2,300.27,8.07,D,0
30.32578,75.21712,332.7,0.41,0.37,2020-11-13,755,N,VIIRS,n,2,298.98,17.46,D,0
30.32778,75.65146,333.07,0.4,0.37,2020-11-13,755,N,VIIRS,n,2,298.59,2.24,D,0
30.3284,75.61299,332.87,0.4,0.37,2020-11-13,755,N,VIIRS,n,2,301.16,6.46,D,0
30.32876,75.27736,346.66,0.41,0.37,2020-11-13,755,N,VIIRS,n,2,300.97,5.32,D,0
30.32968,75.57856,338.23,0.4,0.37,2020-11-13,755,N,VIIRS,n,2,300.27,3.98,D,0
30.32999,75.43269,331.14,0.4,0.37,2020-11-13,755,N,VIIRS,n,2,299.72,1.69,D,0
30.3315,75.04152,339.19,0.41,0.37,2020-11-13,755,N,VIIRS,n,2,302.88,5.91,D,0
30.33175,75.61226,340.18,0.4,0.37,2020-11-13,755,N,VIIRS,n,2,302.21,5.32,D,0
30.33205,75.19038,332.77,0.41,0.37,2020-11-13,755,N,VIIRS,n,2,300.37,2.23,D,0
30.33231,75.55235,334.38,0.4,0.37,2020-11-13,755,N,VIIRS,n,2,300.54,7.25,D,0
30.33276,75.19458,330.11,0.41,0.37,2020-11-13,755,N,VIIRS,n,2,299.54,2.23,D,0
30.33295,75.53507,336.28,0.4,0.37,2020-11-13,755,N,VIIRS,n,2,300.09,4.47,D,0
30.3349,75.04076,332.24,0.41,0.37,2020-11-13,755,N,VIIRS,n,2,298.89,5.91,D,0
30.3352,75.25064,335.19,0.41,0.37,2020-11-13,755,N,VIIRS,n,2,301.13,4.52,D,0
30.33589,75.74317,334.46,0.4,0.37,2020-11-13,755,N,VIIRS,n,2,304.42,4.41,D,0
30.33845,75.61079,343.72,0.4,0.37,2020-11-13,755,N,VIIRS,n,2,304.63,79.08,D,0
30.34281,75.27501,337.79,0.41,0.37,2020-11-13,755,N,VIIRS,n,2,301.46,2.9,D,0
30.34374,75.5584,330.5,0.4,0.37,2020-11-13,755,N,VIIRS,n,2,300.46,1.68,D,0
30.34432,75.20073,333.35,0.41,0.37,2020-11-13,755,N,VIIRS,n,2,302.42,27.92,D,0
30.34551,75.44219,332.99,0.4,0.37,2020-11-13,755,N,VIIRS,n,2,299.44,2.92,D,0
30.34583,75.61345,330.19,0.4,0.37,2020-11-13,755,N,VIIRS,n,2,299.63,1.8,D,0
30.34597,75.14797,331.93,0.41,0.37,2020-11-13,755,N,VIIRS,n,2,299.41,1.22,D,0
30.34777,75.11693,331.77,0.41,0.37,2020-11-13,755,N,VIIRS,n,2,299.34,3.75,D,0
30.34785,75.62579,333.39,0.4,0.37,2020-11-13,755,N,VIIRS,n,2,302.08,10.37,D,0
30.34992,75.70193,334.67,0.4,0.37,2020-11-13,755,N,VIIRS,n,2,300.99,2.41,D,0
30.3516,75.45805,344.39,0.4,0.37,2020-11-13,755,N,VIIRS,n,2,300.96,5.25,D,0
30.35321,75.21182,339.17,0.41,0.37,2020-11-13,755,N,VIIRS,n,2,302.97,5.28,D,0
30.35349,75.06738,339.02,0.41,0.37,2020-11-13,755,N,VIIRS,n,2,300.01,7.05,D,0
30.3539,75.83234,333.08,0.39,0.37,2020-11-13,755,N,VIIRS,n,2,301.65,2.35,D,0
30.35501,75.47878,333.52,0.4,0.37,2020-11-13,755,N,VIIRS,n,2,300,2.29,D,0
30.35528,75.71351,333.44,0.4,0.37,2020-11-13,755,N,VIIRS,n,2,300.69,4.11,D,0
30.3581,75.34528,330.54,0.4,0.37,2020-11-13,755,N,VIIRS,l,2,301.15,7.05,D,0
30.35862,75.71278,338.34,0.4,0.37,2020-11-13,755,N,VIIRS,n,2,299.17,4.11,D,0
30.35879,75.34945,336.46,0.4,0.37,2020-11-13,755,N,VIIRS,n,2,302.61,11.83,D,0
30.36028,75.06586,336.22,0.41,0.37,2020-11-13,755,N,VIIRS,n,2,299.67,3.29,D,0
30.36077,75.34037,339.55,0.4,0.37,2020-11-13,755,N,VIIRS,n,2,305.89,14.22,D,0
30.36105,75.47315,340.14,0.4,0.37,2020-11-13,755,N,VIIRS,n,2,302.06,5.47,D,0
30.36129,75.70795,331.51,0.4,0.37,2020-11-13,755,N,VIIRS,l,2,302.18,4.51,D,0
30.36149,75.13577,334.18,0.41,0.37,2020-11-13,755,N,VIIRS,n,2,302.64,4.61,D,0
30.36173,75.4773,331.77,0.4,0.37,2020-11-13,755,N,VIIRS,n,2,298.3,4.37,D,0
30.36196,75.71206,347.14,0.4,0.37,2020-11-13,755,N,VIIRS,n,2,302.2,4.51,D,0
30.36237,75.45998,339.38,0.4,0.37,2020-11-13,755,N,VIIRS,n,2,302.34,5.11,D,0
30.36262,75.30965,331.17,0.4,0.37,2020-11-13,755,N,VIIRS,n,2,301.18,0.63,D,0
30.36322,75.57124,336.52,0.4,0.37,2020-11-13,755,N,VIIRS,n,2,299.42,2.99,D,0
30.36441,75.47241,333.63,0.4,0.37,2020-11-13,755,N,VIIRS,n,2,299.72,4.19,D,0
30.36509,75.47656,344.51,0.4,0.37,2020-11-13,755,N,VIIRS,n,2,300.55,6.19,D,0
30.36645,75.16526,333.38,0.41,0.37,2020-11-13,755,N,VIIRS,n,2,300.01,2.61,D,0
30.36686,76.03982,333.85,0.39,0.36,2020-11-13,755,N,VIIRS,n,2,303.93,5.59,D,0
30.36887,75.03314,335.89,0.41,0.37,2020-11-13,755,N,VIIRS,n,2,299.54,4.47,D,0
30.372,75.68863,334.5,0.4,0.37,2020-11-13,755,N,VIIRS,n,2,302.47,2.63,D,0
30.37204,75.30323,336.17,0.4,0.37,2020-11-13,755,N,VIIRS,n,2,304.1,7.67,D,0
30.37267,76.09715,336.22,0.39,0.36,2020-11-13,755,N,VIIRS,n,2,302.82,1.95,D,0
30.37395,75.80689,342.48,0.39,0.37,2020-11-13,755,N,VIIRS,n,2,304.8,6.92,D,0
30.37587,75.26334,333.16,0.41,0.37,2020-11-13,755,N,VIIRS,n,2,300.74,3.07,D,0
30.37666,75.75976,332.86,0.4,0.37,2020-11-13,755,N,VIIRS,n,2,303.07,1.84,D,0
30.37668,75.65358,334.32,0.4,0.37,2020-11-13,755,N,VIIRS,n,2,302.33,4.94,D,0
30.378,75.59789,333.23,0.4,0.37,2020-11-13,755,N,VIIRS,n,2,301.09,3.63,D,0
30.37866,75.58067,335.67,0.4,0.37,2020-11-13,755,N,VIIRS,n,2,300.93,5.42,D,0
30.37867,75.60201,335.24,0.4,0.37,2020-11-13,755,N,VIIRS,n,2,301.52,7.53,D,0
30.37902,75.34499,333.74,0.4,0.37,2020-11-13,755,N,VIIRS,n,2,300.25,2.29,D,0
30.38003,75.65285,342.72,0.4,0.37,2020-11-13,755,N,VIIRS,n,2,309.33,15.88,D,0
30.38032,75.01735,332.59,0.41,0.37,2020-11-13,755,N,VIIRS,n,2,299.88,2.54,D,0
30.38061,75.39642,332.31,0.4,0.37,2020-11-13,755,N,VIIRS,n,2,301.05,2.39,D,0
30.3807,75.65696,330.33,0.4,0.37,2020-11-13,755,N,VIIRS,l,2,301.79,15.88,D,0
30.38103,75.0216,331.76,0.41,0.37,2020-11-13,755,N,VIIRS,n,2,299.07,3.97,D,0
30.38204,75.66518,332.56,0.4,0.37,2020-11-13,755,N,VIIRS,n,2,302.49,4.04,D,0
30.38271,75.66929,333.11,0.4,0.37,2020-11-13,755,N,VIIRS,n,2,301.01,5.57,D,0
30.38443,75.02083,332.56,0.41,0.37,2020-11-13,755,N,VIIRS,n,2,299.33,2.68,D,0
30.38473,76.0653,344.17,0.39,0.36,2020-11-13,755,N,VIIRS,n,2,308.68,17.21,D,0
30.38598,75.57547,343.85,0.4,0.37,2020-11-13,755,N,VIIRS,n,2,300.56,5.93,D,0
30.38632,75.2001,335.01,0.41,0.37,2020-11-13,755,N,VIIRS,n,2,298.59,2.4,D,0
30.38838,75.0023,331.66,0.41,0.37,2020-11-13,755,N,VIIRS,n,2,300.2,1.96,D,0
30.39089,75.43723,330.78,0.4,0.37,2020-11-13,755,N,VIIRS,n,2,302,4.12,D,0
30.39155,75.16839,333.98,0.41,0.37,2020-11-13,755,N,VIIRS,n,2,298.62,2.61,D,0
30.39158,75.44138,332.9,0.4,0.37,2020-11-13,755,N,VIIRS,n,2,301.33,4.12,D,0
30.39423,75.05824,330.09,0.41,0.37,2020-11-13,755,N,VIIRS,n,2,299.32,3.45,D,0
30.3948,75.14581,330.76,0.41,0.37,2020-11-13,755,N,VIIRS,n,2,300.35,4.1,D,0
30.39493,75.06248,332.6,0.41,0.37,2020-11-13,755,N,VIIRS,n,2,301.08,5.69,D,0
30.39531,75.81073,333.41,0.39,0.37,2020-11-13,755,N,VIIRS,l,2,303.59,1.5,D,0
30.39764,75.97453,334.72,0.39,0.36,2020-11-13,755,N,VIIRS,l,2,305.04,7.46,D,0
30.39986,75.8815,346.56,0.39,0.36,2020-11-13,755,N,VIIRS,n,2,302.9,5.47,D,0
30.40078,75.67386,344.58,0.4,0.37,2020-11-13,755,N,VIIRS,n,2,303.56,5.47,D,0
30.40229,75.67417,347.73,0.4,0.37,2020-11-13,755,N,VIIRS,n,2,301.5,5.07,D,0
30.4024,75.17034,333.36,0.41,0.37,2020-11-13,755,N,VIIRS,n,2,301.52,17.49,D,0
30.40319,75.88078,330.41,0.39,0.36,2020-11-13,755,N,VIIRS,n,2,302.94,2.32,D,0
30.40536,75.54557,343.13,0.4,0.37,2020-11-13,755,N,VIIRS,n,2,301.82,6.24,D,0
30.40579,75.16959,334.23,0.41,0.37,2020-11-13,755,N,VIIRS,n,2,303.72,17.49,D,0
30.40667,75.53245,332.59,0.4,0.37,2020-11-13,755,N,VIIRS,n,2,301.14,1.82,D,0
30.40854,75.87119,345.56,0.39,0.36,2020-11-13,755,N,VIIRS,n,2,308.55,27.56,D,0
30.40905,75.14701,331.41,0.41,0.37,2020-11-13,755,N,VIIRS,n,2,299.25,2.11,D,0
30.4101,76.03057,332.82,0.39,0.36,2020-11-13,755,N,VIIRS,l,2,303.07,1.78,D,0
30.41076,75.55723,350.12,0.4,0.37,2020-11-13,755,N,VIIRS,n,2,300.67,8.19,D,0
30.41133,75.51859,337.39,0.4,0.37,2020-11-13,755,N,VIIRS,n,2,299.18,2.75,D,0
30.41246,76.36764,333.11,0.39,0.36,2020-11-13,755,N,VIIRS,l,2,304.44,3.36,D,0
30.41292,75.98384,335.41,0.39,0.36,2020-11-13,755,N,VIIRS,n,2,303.15,2.76,D,0
30.41353,75.59505,345.51,0.4,0.37,2020-11-13,755,N,VIIRS,n,2,302,7.1,D,0
30.41438,75.70553,331.32,0.4,0.37,2020-11-13,755,N,VIIRS,n,2,300.8,2.38,D,0
30.41442,75.74793,339.52,0.4,0.37,2020-11-13,755,N,VIIRS,n,2,303.88,5.49,D,0
30.41477,75.20248,345.28,0.41,0.37,2020-11-13,755,N,VIIRS,n,2,301.77,21.81,D,0
30.41569,75.12364,339.76,0.41,0.37,2020-11-13,755,N,VIIRS,n,2,303.63,7.9,D,0
30.41709,75.25853,336.91,0.41,0.37,2020-11-13,755,N,VIIRS,n,2,300.31,3.75,D,0
30.41746,75.19752,331.19,0.41,0.37,2020-11-13,755,N,VIIRS,n,2,299.9,21.81,D,0
30.41888,75.12355,332.08,0.41,0.37,2020-11-13,755,N,VIIRS,n,2,300.38,3.97,D,0
30.42056,75.27946,332.93,0.4,0.37,2020-11-13,755,N,VIIRS,l,2,303.37,3.62,D,0
30.42155,75.11857,335.6,0.41,0.37,2020-11-13,755,N,VIIRS,n,2,301.5,3.97,D,0
30.42314,75.25284,339.71,0.41,0.37,2020-11-13,755,N,VIIRS,n,2,299.43,4.81,D,0
30.42731,75.27796,331.81,0.4,0.37,2020-11-13,755,N,VIIRS,n,2,300.06,2.53,D,0
30.42753,75.55356,340.47,0.4,0.37,2020-11-13,755,N,VIIRS,n,2,299.34,4.08,D,0
30.42779,75.74503,333.34,0.4,0.37,2020-11-13,755,N,VIIRS,n,2,303.7,3.01,D,0
30.43075,75.00668,334.69,0.41,0.37,2020-11-13,755,N,VIIRS,n,2,303.08,6.88,D,0
30.43097,75.19508,330.6,0.41,0.37,2020-11-13,755,N,VIIRS,n,2,300.23,2.15,D,0
30.43117,75.13393,333.13,0.41,0.37,2020-11-13,755,N,VIIRS,n,2,299.79,2.79,D,0
30.43511,75.9076,339.34,0.39,0.36,2020-11-13,755,N,VIIRS,n,2,303.1,4.77,D,0
30.43622,75.31068,343.71,0.4,0.37,2020-11-13,755,N,VIIRS,n,2,303.4,11.44,D,0
30.43728,76.04989,335.68,0.39,0.36,2020-11-13,755,N,VIIRS,n,2,304.26,2.64,D,0
30.43773,75.63667,333.45,0.4,0.37,2020-11-13,755,N,VIIRS,n,2,300.18,2.99,D,0
30.43975,75.35316,337.56,0.4,0.37,2020-11-13,755,N,VIIRS,n,2,303.3,6.83,D,0
30.44002,75.43932,346.81,0.4,0.37,2020-11-13,755,N,VIIRS,n,2,303.29,5.96,D,0
30.44312,75.3524,341.78,0.4,0.37,2020-11-13,755,N,VIIRS,n,2,302.03,6.83,D,0
30.44312,75.66954,334.94,0.4,0.37,2020-11-13,755,N,VIIRS,n,2,302.59,2.79,D,0
30.44422,75.5071,338.49,0.4,0.37,2020-11-13,755,N,VIIRS,n,2,303.24,3.16,D,0
30.4474,75.04259,343.65,0.41,0.37,2020-11-13,755,N,VIIRS,n,2,302.76,6.59,D,0
30.44757,75.50636,332.48,0.4,0.37,2020-11-13,755,N,VIIRS,n,2,300.1,3.16,D,0
30.44769,75.57052,338.54,0.4,0.37,2020-11-13,755,N,VIIRS,n,2,302.12,3.36,D,0
30.44772,75.59185,341.88,0.4,0.37,2020-11-13,755,N,VIIRS,n,2,300.23,4.38,D,0
30.44791,75.29559,332.95,0.4,0.37,2020-11-13,755,N,VIIRS,n,2,300.43,4.2,D,0
30.44833,75.29932,333.48,0.4,0.37,2020-11-13,755,N,VIIRS,n,2,299.66,6.26,D,0
30.44917,75.74887,330.51,0.4,0.37,2020-11-13,755,N,VIIRS,n,2,299.61,2.53,D,0
30.45128,75.29485,330.56,0.4,0.37,2020-11-13,755,N,VIIRS,n,2,300.11,4.2,D,0
30.45132,75.10754,333.56,0.41,0.37,2020-11-13,755,N,VIIRS,n,2,299.12,3.75,D,0
30.45185,75.00636,342.71,0.41,0.37,2020-11-13,755,N,VIIRS,n,2,302.26,9.47,D,0
30.45186,75.08989,337.82,0.41,0.37,2020-11-13,755,N,VIIRS,n,2,301.12,5.6,D,0
30.45204,75.02834,333.4,0.41,0.37,2020-11-13,755,N,VIIRS,n,2,302.38,4.57,D,0
30.45329,75.37174,334.11,0.4,0.37,2020-11-13,755,N,VIIRS,n,2,303.23,2.34,D,0
30.45398,76.39207,331.19,0.39,0.36,2020-11-13,755,N,VIIRS,l,2,301.55,3.3,D,0
30.45478,75.31573,334.94,0.4,0.37,2020-11-13,755,N,VIIRS,n,2,300.29,2.3,D,0
30.45508,75.06722,334.71,0.41,0.37,2020-11-13,755,N,VIIRS,n,2,300.43,3.59,D,0
30.45535,75.29828,332.08,0.4,0.37,2020-11-13,755,N,VIIRS,n,2,300.16,2.88,D,0
30.45543,75.02758,330.76,0.41,0.37,2020-11-13,755,N,VIIRS,n,2,299.97,4.57,D,0
30.45605,75.30245,344.5,0.4,0.37,2020-11-13,755,N,VIIRS,n,2,300.83,6.83,D,0
30.45775,75.06223,333.49,0.41,0.37,2020-11-13,755,N,VIIRS,n,2,301.78,7.17,D,0
30.45847,75.06646,334.88,0.41,0.37,2020-11-13,755,N,VIIRS,n,2,298.74,2.82,D,0
30.45913,75.15391,334.51,0.41,0.37,2020-11-13,755,N,VIIRS,n,2,299.88,3.64,D,0
30.45919,75.7467,333.85,0.4,0.37,2020-11-13,755,N,VIIRS,n,2,303.86,5.08,D,0
30.46053,75.69125,330.4,0.4,0.37,2020-11-13,755,N,VIIRS,l,2,302.64,3.38,D,0
30.46251,75.15315,337.21,0.41,0.37,2020-11-13,755,N,VIIRS,n,2,300.52,3.64,D,0
30.46386,75.66927,346.9,0.4,0.37,2020-11-13,755,N,VIIRS,n,2,302.97,3.65,D,0
30.46387,75.69052,335.32,0.4,0.37,2020-11-13,755,N,VIIRS,n,2,303.43,3.38,D,0
30.4659,75.1524,341.33,0.41,0.37,2020-11-13,755,N,VIIRS,n,2,300.26,8.91,D,0
30.46637,76.21076,332.69,0.39,0.36,2020-11-13,755,N,VIIRS,n,2,303.06,1.58,D,0
30.46654,75.68569,343.51,0.4,0.37,2020-11-13,755,N,VIIRS,n,2,306.05,10.35,D,0
30.46721,75.66854,338.3,0.4,0.37,2020-11-13,755,N,VIIRS,n,2,302.88,3.65,D,0
30.46832,75.46317,337.02,0.4,0.37,2020-11-13,755,N,VIIRS,n,2,300.61,4.5,D,0
30.46836,75.48463,335.12,0.4,0.37,2020-11-13,755,N,VIIRS,n,2,305.68,7.07,D,0
30.46853,75.6342,334.9,0.4,0.37,2020-11-13,755,N,VIIRS,n,2,302.07,3.13,D,0
30.46884,75.29529,345.05,0.4,0.37,2020-11-13,755,N,VIIRS,n,2,301.87,5.49,D,0
30.46936,75.06842,335.03,0.41,0.37,2020-11-13,755,N,VIIRS,n,2,300.66,2.78,D,0
30.46954,75.29947,333.45,0.4,0.37,2020-11-13,755,N,VIIRS,n,2,299.3,4.69,D,0
30.47171,75.48389,334.11,0.4,0.37,2020-11-13,755,N,VIIRS,n,2,302.18,7.07,D,0
30.47221,75.29454,330.97,0.4,0.37,2020-11-13,755,N,VIIRS,n,2,299.89,5.49,D,0
30.47422,75.18108,330.01,0.41,0.37,2020-11-13,755,N,VIIRS,n,2,298.99,1.88,D,0
30.47436,75.20285,332.06,0.41,0.37,2020-11-13,755,N,VIIRS,n,2,300.22,2.57,D,0
30.4752,75.59011,333.89,0.4,0.37,2020-11-13,755,N,VIIRS,n,2,302.7,2.94,D,0
30.4759,75.23297,338.11,0.41,0.37,2020-11-13,755,N,VIIRS,n,2,309.72,41.38,D,0
30.47904,75.91132,334.41,0.39,0.36,2020-11-13,755,N,VIIRS,n,2,302.49,2.6,D,0
30.47998,75.2364,334.13,0.41,0.37,2020-11-13,755,N,VIIRS,n,2,298.15,2.2,D,0
30.48013,76.34093,348.34,0.39,0.36,2020-11-13,755,N,VIIRS,n,2,308.51,17.04,D,0
30.48126,75.66972,334,0.4,0.37,2020-11-13,755,N,VIIRS,n,2,301.65,6.31,D,0
30.48169,75.18378,350.22,0.41,0.37,2020-11-13,755,N,VIIRS,n,2,301.82,8.08,D,0
30.48195,75.22727,333.73,0.41,0.37,2020-11-13,755,N,VIIRS,n,2,299.52,3.4,D,0
30.4826,75.50334,335.05,0.4,0.37,2020-11-13,755,N,VIIRS,n,2,303.52,13.88,D,0
30.48344,76.34023,339.95,0.39,0.36,2020-11-13,755,N,VIIRS,n,2,300.65,4.11,D,0
30.48576,75.0823,342.87,0.41,0.37,2020-11-13,755,N,VIIRS,n,2,300.53,4.64,D,0
30.48596,75.5026,352.39,0.4,0.37,2020-11-13,755,N,VIIRS,n,2,309.06,13.88,D,0
30.48664,75.50674,340.52,0.4,0.37,2020-11-13,755,N,VIIRS,n,2,302.79,13.88,D,0
30.48788,76.36835,333.89,0.39,0.36,2020-11-13,755,N,VIIRS,n,2,303.6,2.65,D,0
30.48915,75.08154,341.57,0.41,0.37,2020-11-13,755,N,VIIRS,n,2,300.47,6.45,D,0
30.48931,75.50187,331.37,0.4,0.37,2020-11-13,755,N,VIIRS,n,2,301.17,1.9,D,0
30.48993,75.0022,334.71,0.41,0.37,2020-11-13,755,N,VIIRS,n,2,298.8,8.68,D,0
30.49056,75.08999,337.26,0.41,0.37,2020-11-13,755,N,VIIRS,n,2,306.06,9.79,D,0
30.4908,75.02843,337.04,0.41,0.37,2020-11-13,755,N,VIIRS,n,2,301.11,4.21,D,0
30.49126,75.32494,344.28,0.4,0.37,2020-11-13,755,N,VIIRS,n,2,301.92,6.05,D,0
30.49127,75.09422,330.32,0.41,0.37,2020-11-13,755,N,VIIRS,n,2,299.25,5.93,D,0
30.49147,75.3681,332.68,0.4,0.37,2020-11-13,755,N,VIIRS,n,2,300.44,2.78,D,0
30.49397,75.6627,336.08,0.4,0.37,2020-11-13,755,N,VIIRS,n,2,304.54,2.71,D,0
30.49463,75.3242,344.61,0.4,0.37,2020-11-13,755,N,VIIRS,n,2,299.76,5.42,D,0
30.49483,75.36736,333.87,0.4,0.37,2020-11-13,755,N,VIIRS,n,2,301.93,7.52,D,0
30.49686,75.23265,345.95,0.41,0.37,2020-11-13,755,N,VIIRS,n,2,305.49,16.27,D,0
30.49709,75.27602,344.49,0.4,0.37,2020-11-13,755,N,VIIRS,n,2,301.38,10.03,D,0
30.49826,75.24103,337.34,0.4,0.37,2020-11-13,755,N,VIIRS,n,2,301.75,7.96,D,0
30.49876,75.51694,336.53,0.4,0.37,2020-11-13,755,N,VIIRS,n,2,302.01,3.08,D,0
30.50024,75.23189,347.15,0.41,0.37,2020-11-13,755,N,VIIRS,n,2,299.99,11.07,D,0
30.50161,76.13702,332.19,0.39,0.36,2020-11-13,755,N,VIIRS,n,2,302.11,1.45,D,0
30.50221,75.22276,347.39,0.41,0.37,2020-11-13,755,N,VIIRS,n,2,306.18,11.26,D,0
30.50361,75.93548,333.33,0.39,0.36,2020-11-13,755,N,VIIRS,n,2,301.27,2.05,D,0
30.50458,75.44701,346.46,0.4,0.37,2020-11-13,755,N,VIIRS,n,2,303.26,6.97,D,0
30.50485,75.53272,336,0.4,0.37,2020-11-13,755,N,VIIRS,n,2,300.48,2.78,D,0
30.50559,75.22201,344.12,0.41,0.37,2020-11-13,755,N,VIIRS,n,2,304.93,28.29,D,0
30.50687,75.20867,332.53,0.41,0.37,2020-11-13,755,N,VIIRS,n,2,299.92,3.81,D,0
30.50757,75.21286,336.25,0.41,0.37,2020-11-13,755,N,VIIRS,n,2,300.56,4.65,D,0
30.50793,75.44627,330.67,0.4,0.37,2020-11-13,755,N,VIIRS,n,2,300.31,2.46,D,0
30.50889,75.53612,337.35,0.4,0.37,2020-11-13,755,N,VIIRS,n,2,307.13,5.36,D,0
30.51032,75.1031,349.58,0.41,0.37,2020-11-13,755,N,VIIRS,n,2,304.57,10.62,D,0
30.51095,75.21211,334.24,0.41,0.37,2020-11-13,755,N,VIIRS,n,2,300.54,3.57,D,0
30.51103,75.10732,332.85,0.41,0.37,2020-11-13,755,N,VIIRS,n,2,298.99,4.68,D,0
30.51224,75.53539,330.03,0.4,0.37,2020-11-13,755,N,VIIRS,l,2,300.31,5.36,D,0
30.51315,75.24641,331.51,0.4,0.37,2020-11-13,755,N,VIIRS,n,2,299.78,5.51,D,0
30.51433,75.21136,334.42,0.41,0.37,2020-11-13,755,N,VIIRS,n,2,299.21,3.57,D,0
30.51474,75.0246,334.95,0.41,0.37,2020-11-13,755,N,VIIRS,n,2,301.5,3.44,D,0
30.51485,75.96248,340.66,0.39,0.36,2020-11-13,755,N,VIIRS,n,2,301.47,3.04,D,0
30.51554,75.51326,333.52,0.4,0.37,2020-11-13,755,N,VIIRS,n,2,299.51,1.73,D,0
30.51559,75.53465,351.9,0.4,0.37,2020-11-13,755,N,VIIRS,n,2,309.26,38.13,D,0
30.51565,75.55602,334.86,0.4,0.37,2020-11-13,755,N,VIIRS,n,2,301.45,3.81,D,0
30.51572,75.21975,332.96,0.41,0.37,2020-11-13,755,N,VIIRS,n,2,302.39,7.11,D,0
30.51637,75.58147,345.66,0.4,0.37,2020-11-13,755,N,VIIRS,n,2,305.17,11.79,D,0
30.51762,75.04154,338.05,0.41,0.37,2020-11-13,755,N,VIIRS,n,2,301.78,4.76,D,0
30.51771,75.2106,336.42,0.41,0.37,2020-11-13,755,N,VIIRS,n,2,301.38,4.08,D,0
30.519,75.55528,337.09,0.4,0.37,2020-11-13,755,N,VIIRS,n,2,302.58,4.44,D,0
30.51957,75.17968,339.92,0.41,0.37,2020-11-13,755,N,VIIRS,n,2,300.85,6.45,D,0
30.52006,76.16648,339.37,0.39,0.36,2020-11-13,755,N,VIIRS,n,2,311.32,37.39,D,0
30.52049,75.22738,333.89,0.41,0.37,2020-11-13,755,N,VIIRS,n,2,300.22,2.24,D,0
30.52107,76.0869,336.22,0.39,0.36,2020-11-13,755,N,VIIRS,n,2,301.68,4.14,D,0
30.52108,75.20985,341.86,0.41,0.37,2020-11-13,755,N,VIIRS,n,2,299.89,4.08,D,0
30.5221,75.98613,333.64,0.39,0.36,2020-11-13,755,N,VIIRS,n,2,302.23,2.11,D,0
30.52379,75.60545,330.46,0.4,0.37,2020-11-13,755,N,VIIRS,n,2,300.46,1.47,D,0
30.52546,75.27838,333.51,0.4,0.37,2020-11-13,755,N,VIIRS,n,2,302.64,3.13,D,0
30.52633,75.17817,332.45,0.41,0.37,2020-11-13,755,N,VIIRS,n,2,300.5,3.57,D,0
30.52751,75.95556,331.1,0.39,0.36,2020-11-13,755,N,VIIRS,l,2,303.52,3.24,D,0
30.52814,75.27346,333.72,0.4,0.37,2020-11-13,755,N,VIIRS,n,2,302.61,5.56,D,0
30.52816,75.95962,335.13,0.39,0.36,2020-11-13,755,N,VIIRS,l,2,305.77,8.49,D,0
30.52852,75.04349,332.03,0.41,0.37,2020-11-13,755,N,VIIRS,l,2,302.92,6.45,D,0
30.52883,75.27763,334.11,0.4,0.37,2020-11-13,755,N,VIIRS,n,2,302.89,7.05,D,0
30.5289,75.08729,334.94,0.41,0.37,2020-11-13,755,N,VIIRS,n,2,300.52,4.17,D,0
30.52892,75.29929,342,0.4,0.37,2020-11-13,755,N,VIIRS,n,2,301.31,3.61,D,0
30.53131,75.77794,334.37,0.39,0.37,2020-11-13,755,N,VIIRS,n,2,305.33,3.67,D,0
30.53149,75.9589,335.59,0.39,0.36,2020-11-13,755,N,VIIRS,n,2,305.12,7.7,D,0
30.53177,75.33759,333.04,0.4,0.37,2020-11-13,755,N,VIIRS,n,2,298.65,2.79,D,0
30.53191,75.04272,333.7,0.41,0.37,2020-11-13,755,N,VIIRS,n,2,302.64,6.45,D,0
30.53207,75.42376,335.6,0.4,0.37,2020-11-13,755,N,VIIRS,n,2,301.51,2.26,D,0
30.53229,75.08653,346.99,0.41,0.37,2020-11-13,755,N,VIIRS,n,2,300.31,4.17,D,0
30.53243,75.02502,337.48,0.41,0.37,2020-11-13,755,N,VIIRS,n,2,301.99,3.18,D,0
30.53706,75.01078,333.17,0.41,0.37,2020-11-13,755,N,VIIRS,n,2,301.83,2.8,D,0
30.53732,75.77241,341.19,0.39,0.37,2020-11-13,755,N,VIIRS,l,2,311.47,16.29,D,0
30.54026,76.09953,333.53,0.39,0.36,2020-11-13,755,N,VIIRS,n,2,302.51,2.28,D,0
30.54263,75.67797,332.72,0.4,0.37,2020-11-13,755,N,VIIRS,n,2,302.46,2.72,D,0
30.54297,75.14977,343.94,0.41,0.37,2020-11-13,755,N,VIIRS,n,2,304.9,14.39,D,0
30.54333,75.02698,337.93,0.41,0.37,2020-11-13,755,N,VIIRS,n,2,299.67,3.97,D,0
30.54532,75.71559,334.13,0.4,0.37,2020-11-13,755,N,VIIRS,n,2,302.77,5.49,D,0
30.54585,75.31716,334.23,0.4,0.37,2020-11-13,755,N,VIIRS,n,2,302.3,3.41,D,0
30.54597,75.67725,333.44,0.4,0.37,2020-11-13,755,N,VIIRS,l,2,303.46,3.67,D,0
30.54791,75.90096,332.05,0.39,0.36,2020-11-13,755,N,VIIRS,n,2,300.76,1.94,D,0
30.54866,75.71487,340.45,0.4,0.37,2020-11-13,755,N,VIIRS,n,2,300.81,5.49,D,0
30.54886,75.12223,336.2,0.41,0.37,2020-11-13,755,N,VIIRS,n,2,298.66,2.38,D,0
30.54912,75.52729,334.13,0.4,0.37,2020-11-13,755,N,VIIRS,n,2,300.16,4.72,D,0
30.55021,75.2135,336.31,0.41,0.37,2020-11-13,755,N,VIIRS,n,2,304.39,7.52,D,0
30.55029,75.13065,334.85,0.41,0.37,2020-11-13,755,N,VIIRS,n,2,299.49,3.73,D,0
30.55131,75.83701,337.06,0.39,0.36,2020-11-13,755,N,VIIRS,n,2,302.26,2.81,D,0
30.55172,75.05585,345.81,0.41,0.37,2020-11-13,755,N,VIIRS,n,2,301.3,3.74,D,0
30.55207,75.09962,333.02,0.41,0.37,2020-11-13,755,N,VIIRS,n,2,301.75,2.18,D,0
30.55511,75.05509,340.47,0.41,0.37,2020-11-13,755,N,VIIRS,n,2,299.47,3.74,D,0
30.55546,75.09887,336.59,0.41,0.37,2020-11-13,755,N,VIIRS,n,2,300.68,2.18,D,0
30.55846,75.49953,336.04,0.4,0.37,2020-11-13,755,N,VIIRS,n,2,302.77,3.14,D,0
30.55878,75.3532,348.09,0.4,0.37,2020-11-13,755,N,VIIRS,n,2,303.49,10.21,D,0
30.55885,75.09811,346.3,0.41,0.37,2020-11-13,755,N,VIIRS,n,2,304,7.95,D,0
30.56103,76.05743,334.18,0.39,0.36,2020-11-13,755,N,VIIRS,n,2,302.13,2.74,D,0
30.56285,75.28883,344.25,0.4,0.37,2020-11-13,755,N,VIIRS,n,2,305.89,12.41,D,0
30.56334,75.78368,332.88,0.39,0.37,2020-11-13,755,N,VIIRS,l,2,304.89,4.2,D,0
30.56668,75.78296,333.61,0.39,0.37,2020-11-13,755,N,VIIRS,n,2,303.08,4.2,D,0
30.5668,75.16625,330.94,0.41,0.37,2020-11-13,755,N,VIIRS,n,2,299.5,4.96,D,0
30.5675,75.17046,334.09,0.41,0.37,2020-11-13,755,N,VIIRS,n,2,302.69,4.96,D,0
30.56765,75.19221,341.91,0.41,0.37,2020-11-13,755,N,VIIRS,n,2,301.37,6.81,D,0
30.56924,75.52287,340.25,0.4,0.37,2020-11-13,755,N,VIIRS,n,2,303.24,3.88,D,0
30.57017,75.26987,343.41,0.4,0.37,2020-11-13,755,N,VIIRS,n,2,302.29,3.9,D,0
30.57259,75.52214,332.23,0.4,0.37,2020-11-13,755,N,VIIRS,n,2,301.05,3.88,D,0
30.57332,75.56901,335,0.4,0.37,2020-11-13,755,N,VIIRS,n,2,302.95,2.65,D,0
30.57553,75.15559,341.54,0.41,0.37,2020-11-13,755,N,VIIRS,n,2,310.24,36.13,D,0
30.57595,75.5214,335.28,0.4,0.37,2020-11-13,755,N,VIIRS,n,2,300.91,4.06,D,0
30.57662,75.52554,332.96,0.4,0.37,2020-11-13,755,N,VIIRS,n,2,301,1.99,D,0
30.58124,75.46879,336.6,0.4,0.37,2020-11-13,755,N,VIIRS,n,2,303.63,7.16,D,0
30.58187,75.1934,334.2,0.41,0.37,2020-11-13,755,N,VIIRS,n,2,302.63,3.31,D,0
30.58197,75.51579,330.42,0.4,0.37,2020-11-13,755,N,VIIRS,l,2,300.72,1.64,D,0
30.58384,75.18424,347.66,0.41,0.37,2020-11-13,755,N,VIIRS,n,2,302.32,7.64,D,0
30.584,75.52819,337.75,0.4,0.37,2020-11-13,755,N,VIIRS,n,2,302.15,3.91,D,0
30.58512,75.93924,330.02,0.39,0.36,2020-11-13,755,N,VIIRS,l,2,302.7,1.77,D,0
30.58664,75.20104,332.65,0.41,0.37,2020-11-13,755,N,VIIRS,n,2,301.61,2.54,D,0
30.58826,75.37828,336.99,0.4,0.37,2020-11-13,755,N,VIIRS,n,2,303.36,3.07,D,0
30.59043,75.05595,333.99,0.41,0.37,2020-11-13,755,N,VIIRS,n,2,301.46,2.56,D,0
30.59112,75.93374,334,0.39,0.36,2020-11-13,755,N,VIIRS,n,2,303.6,1.95,D,0
30.59142,75.59492,341.21,0.4,0.37,2020-11-13,755,N,VIIRS,n,2,309.87,21.92,D,0
30.59273,75.75192,333.01,0.39,0.37,2020-11-13,755,N,VIIRS,n,2,300.26,1.96,D,0
30.59275,75.73073,344.2,0.4,0.37,2020-11-13,755,N,VIIRS,n,2,305.99,7.68,D,0
30.5931,75.40736,332.57,0.4,0.37,2020-11-13,755,N,VIIRS,n,2,302.11,3.14,D,0
30.59344,75.6924,335.24,0.4,0.37,2020-11-13,755,N,VIIRS,n,2,302.36,4.06,D,0
30.5941,75.59007,337.05,0.4,0.37,2020-11-13,755,N,VIIRS,n,2,305.23,12.15,D,0
30.59424,76.18846,334.01,0.39,0.36,2020-11-13,755,N,VIIRS,n,2,300.81,3.73,D,0
30.59524,75.16862,344.34,0.41,0.37,2020-11-13,755,N,VIIRS,n,2,302.65,10.41,D,0
30.59609,75.73,340.88,0.4,0.37,2020-11-13,755,N,VIIRS,n,2,302.55,7.34,D,0
30.59612,75.62373,333.14,0.4,0.37,2020-11-13,755,N,VIIRS,n,2,301.26,10.23,D,0
30.59755,76.18775,338.76,0.39,0.36,2020-11-13,755,N,VIIRS,n,2,299.17,3.73,D,0
30.60077,75.71626,330.34,0.4,0.37,2020-11-13,755,N,VIIRS,n,2,302.73,1.43,D,0
30.60145,75.69913,331.5,0.4,0.37,2020-11-13,755,N,VIIRS,n,2,298.67,1.25,D,0
30.60159,75.9987,333.37,0.39,0.36,2020-11-13,755,N,VIIRS,n,2,302.38,2.16,D,0
30.602,75.16711,334.61,0.41,0.37,2020-11-13,755,N,VIIRS,n,2,300.94,2.56,D,0
30.60343,75.73264,341.97,0.39,0.37,2020-11-13,755,N,VIIRS,n,2,301.04,6.96,D,0
30.60388,75.26239,333.23,0.4,0.37,2020-11-13,755,N,VIIRS,n,2,302.91,2.35,D,0
30.6069,75.19652,331.39,0.41,0.37,2020-11-13,755,N,VIIRS,n,2,301.27,1.34,D,0
30.6102,75.06906,340.63,0.41,0.37,2020-11-13,755,N,VIIRS,n,2,300.87,3.79,D,0
30.61061,75.02943,334.69,0.41,0.37,2020-11-13,755,N,VIIRS,n,2,301.22,6.14,D,0
30.61109,75.92944,348.26,0.39,0.36,2020-11-13,755,N,VIIRS,n,2,303.93,7.86,D,0
30.61471,75.03291,335.04,0.41,0.37,2020-11-13,755,N,VIIRS,n,2,300.58,6.93,D,0
30.61714,75.90289,335,0.39,0.36,2020-11-13,755,N,VIIRS,n,2,302.69,2.92,D,0
30.61753,75.47073,334.21,0.4,0.37,2020-11-13,755,N,VIIRS,n,2,303.81,11.06,D,0
30.61934,76.32464,345.11,0.39,0.36,2020-11-13,755,N,VIIRS,n,2,307.18,13.79,D,0
30.62036,75.06678,341.47,0.41,0.37,2020-11-13,755,N,VIIRS,n,2,301.58,6.73,D,0
30.62166,75.01447,341.89,0.41,0.37,2020-11-13,755,N,VIIRS,n,2,307.46,15.31,D,0
30.62196,76.06139,334.38,0.39,0.36,2020-11-13,755,N,VIIRS,l,2,305.03,10.37,D,0
30.62238,75.01871,332.58,0.41,0.37,2020-11-13,755,N,VIIRS,n,2,300.68,15.31,D,0
30.62413,75.13161,335.6,0.41,0.37,2020-11-13,755,N,VIIRS,n,2,300.48,3.05,D,0
30.62509,75.53761,331.35,0.4,0.37,2020-11-13,755,N,VIIRS,l,2,301.51,2.21,D,0
30.62921,75.5837,330.71,0.4,0.37,2020-11-13,755,N,VIIRS,n,2,300.27,1.85,D,0
30.63421,75.25563,332.74,0.4,0.37,2020-11-13,755,N,VIIRS,n,2,303.57,2.77,D,0
30.63468,75.65916,367,0.4,0.37,2020-11-13,755,N,VIIRS,h,2,304.9,9.92,D,0
30.63542,75.03336,338.45,0.41,0.37,2020-11-13,755,N,VIIRS,n,2,299.74,2.88,D,0
30.64018,75.98203,336.1,0.39,0.36,2020-11-13,755,N,VIIRS,n,2,303.42,1.92,D,0
30.64468,75.63571,333.93,0.4,0.37,2020-11-13,755,N,VIIRS,n,2,299.96,3.14,D,0
30.64536,75.63982,334.79,0.4,0.37,2020-11-13,755,N,VIIRS,n,2,299.28,2.56,D,0
30.64802,75.63498,331.56,0.4,0.37,2020-11-13,755,N,VIIRS,n,2,300.8,2.15,D,0
30.64862,76.03473,335.65,0.39,0.36,2020-11-13,755,N,VIIRS,n,2,300.33,3.95,D,0
30.65016,75.37321,342.87,0.4,0.37,2020-11-13,755,N,VIIRS,n,2,308.33,19.71,D,0
30.65113,75.48479,337.32,0.4,0.37,2020-11-13,755,N,VIIRS,n,2,301.81,3.73,D,0
30.65341,75.16064,337.67,0.41,0.37,2020-11-13,755,N,VIIRS,n,2,300.98,3.19,D,0
30.65352,75.37246,347.31,0.4,0.37,2020-11-13,755,N,VIIRS,n,2,301.33,7.53,D,0
30.65396,75.56547,332.61,0.4,0.37,2020-11-13,755,N,VIIRS,n,2,299.89,1.57,D,0
30.65433,75.02032,331.89,0.41,0.37,2020-11-13,755,N,VIIRS,n,2,300.87,1.61,D,0
30.65575,75.02878,334.46,0.41,0.37,2020-11-13,755,N,VIIRS,n,2,301.77,6.64,D,0
30.65664,75.56061,334.44,0.4,0.37,2020-11-13,755,N,VIIRS,n,2,304.04,5.11,D,0
30.65718,75.03725,332.86,0.41,0.37,2020-11-13,755,N,VIIRS,n,2,301.11,4.12,D,0
30.65859,75.53025,334.15,0.4,0.37,2020-11-13,755,N,VIIRS,n,2,302.04,3.9,D,0
30.65863,75.55163,334.93,0.4,0.37,2020-11-13,755,N,VIIRS,n,2,302.75,5.11,D,0
30.66007,75.64512,335.84,0.4,0.37,2020-11-13,755,N,VIIRS,n,2,301.93,4.98,D,0
30.66343,75.6869,339.68,0.4,0.37,2020-11-13,755,N,VIIRS,n,2,302.9,4.13,D,0
30.66543,75.76278,339.17,0.39,0.36,2020-11-13,755,N,VIIRS,n,2,302.14,3.35,D,0
30.66544,75.6992,345.13,0.4,0.37,2020-11-13,755,N,VIIRS,n,2,303.62,4.84,D,0
30.67055,75.30447,333.86,0.4,0.37,2020-11-13,755,N,VIIRS,n,2,302.13,5.75,D,0
30.67461,75.3079,335.55,0.4,0.37,2020-11-13,755,N,VIIRS,n,2,302.2,3.76,D,0
30.67542,75.59064,335.94,0.4,0.37,2020-11-13,755,N,VIIRS,n,2,300.39,3.24,D,0
30.67876,75.5899,338.54,0.4,0.37,2020-11-13,755,N,VIIRS,n,2,301.31,3.24,D,0
30.68155,75.22401,335.77,0.4,0.37,2020-11-13,755,N,VIIRS,n,2,300.51,2.58,D,0
30.68492,75.22325,333.94,0.4,0.37,2020-11-13,755,N,VIIRS,n,2,301.22,2.58,D,0
30.68499,76.01133,343.05,0.39,0.36,2020-11-13,755,N,VIIRS,n,2,302.3,7.64,D,0
30.68546,75.73725,339.8,0.39,0.37,2020-11-13,755,N,VIIRS,n,2,302.81,7.44,D,0
30.68733,75.85522,344.51,0.39,0.36,2020-11-13,755,N,VIIRS,n,2,303.87,11.8,D,0
30.6881,75.77479,332.31,0.39,0.36,2020-11-13,755,N,VIIRS,n,2,300.94,2.3,D,0
30.6888,75.73653,344.62,0.39,0.37,2020-11-13,755,N,VIIRS,n,2,302.84,7.44,D,0
30.68886,75.20499,332.35,0.4,0.37,2020-11-13,755,N,VIIRS,n,2,302.07,1.36,D,0
30.68943,75.78297,330.35,0.39,0.36,2020-11-13,755,N,VIIRS,n,2,301.47,2.03,D,0
30.69205,75.82043,346.68,0.39,0.36,2020-11-13,755,N,VIIRS,n,2,302.79,5.04,D,0
30.69264,75.86672,335,0.39,0.36,2020-11-13,755,N,VIIRS,n,2,302.76,3.04,D,0
30.69477,75.51802,338.18,0.4,0.37,2020-11-13,755,N,VIIRS,n,2,301.26,2.23,D,0
30.69481,75.56078,336.72,0.4,0.37,2020-11-13,755,N,VIIRS,n,2,298.58,2.44,D,0
30.69528,75.88302,348.01,0.39,0.36,2020-11-13,755,N,VIIRS,n,2,305.99,10.3,D,0
30.69531,75.86193,334.82,0.39,0.36,2020-11-13,755,N,VIIRS,n,2,307.02,15.69,D,0
30.6965,76.4453,335.64,0.39,0.36,2020-11-13,755,N,VIIRS,n,2,302.52,3.68,D,0
30.69727,76.34142,333.31,0.39,0.36,2020-11-13,755,N,VIIRS,n,2,303.24,4.25,D,0
30.69745,75.51315,334.42,0.4,0.37,2020-11-13,755,N,VIIRS,n,2,302.36,1.97,D,0
30.69839,76.45734,330.6,0.39,0.36,2020-11-13,755,N,VIIRS,n,2,302.4,2.08,D,0
30.69874,75.79785,333.32,0.39,0.36,2020-11-13,755,N,VIIRS,n,2,301.78,2.72,D,0
30.70123,75.02734,332.29,0.41,0.37,2020-11-13,755,N,VIIRS,n,2,300.14,3.93,D,0
30.70219,75.62739,336.41,0.4,0.37,2020-11-13,755,N,VIIRS,n,2,300.09,4.23,D,0
30.70538,75.40892,348.37,0.4,0.37,2020-11-13,755,N,VIIRS,n,2,310.2,27.65,D,0
30.70806,75.25716,340.47,0.4,0.37,2020-11-13,755,N,VIIRS,n,2,303.12,6.11,D,0
30.70841,75.51122,336.92,0.4,0.37,2020-11-13,755,N,VIIRS,n,2,302.89,3.29,D,0
30.70942,75.03429,346.48,0.41,0.37,2020-11-13,755,N,VIIRS,n,2,302.24,5.78,D,0
30.71176,75.51048,338.96,0.4,0.37,2020-11-13,755,N,VIIRS,n,2,304.16,3.29,D,0
30.71244,75.51461,333.53,0.4,0.37,2020-11-13,755,N,VIIRS,n,2,303.18,3.25,D,0
30.71285,75.43306,334.61,0.4,0.37,2020-11-13,755,N,VIIRS,n,2,304.64,24.81,D,0
30.713,75.47594,347.2,0.4,0.37,2020-11-13,755,N,VIIRS,n,2,305.5,7.11,D,0
30.71356,75.59081,342.3,0.4,0.37,2020-11-13,755,N,VIIRS,n,2,303.17,7.31,D,0
30.71464,75.59102,333.28,0.4,0.37,2020-11-13,755,N,VIIRS,l,2,303.34,7.64,D,0
30.71468,76.06783,344.75,0.39,0.36,2020-11-13,755,N,VIIRS,n,2,301.33,4.26,D,0
30.7158,75.9249,333.56,0.39,0.36,2020-11-13,755,N,VIIRS,n,2,299.79,2.31,D,0
30.7184,75.48761,340.21,0.4,0.37,2020-11-13,755,N,VIIRS,n,2,303.54,12.5,D,0
30.71998,75.84393,337.41,0.39,0.36,2020-11-13,755,N,VIIRS,n,2,301.06,2.59,D,0
30.72209,75.38371,330.09,0.4,0.37,2020-11-13,755,N,VIIRS,n,2,300.99,2.3,D,0
30.72382,75.05738,342.42,0.41,0.37,2020-11-13,755,N,VIIRS,n,2,302.73,7.77,D,0
30.72458,75.87246,343.66,0.39,0.36,2020-11-13,755,N,VIIRS,n,2,301.52,4.51,D,0
30.7249,75.25342,356.94,0.4,0.37,2020-11-13,755,N,VIIRS,n,2,302.45,7.69,D,0
30.72544,75.38297,332.38,0.4,0.37,2020-11-13,755,N,VIIRS,n,2,299.27,2.3,D,0
30.72553,75.70732,340.24,0.39,0.37,2020-11-13,755,N,VIIRS,n,2,301.69,3.27,D,0
30.72658,76.07783,332.51,0.39,0.36,2020-11-13,755,N,VIIRS,n,2,302.25,5.32,D,0
30.7272,75.05662,344.65,0.41,0.37,2020-11-13,755,N,VIIRS,n,2,301.99,7.77,D,0
30.72908,76.11494,333.46,0.39,0.36,2020-11-13,755,N,VIIRS,n,2,301.32,3.25,D,0
30.72924,75.53231,345.49,0.4,0.37,2020-11-13,755,N,VIIRS,n,2,301.27,5.24,D,0
30.72997,75.55779,332.98,0.4,0.37,2020-11-13,755,N,VIIRS,n,2,300.56,5.69,D,0
30.73113,75.48052,335.82,0.4,0.37,2020-11-13,755,N,VIIRS,n,2,300.22,1.95,D,0
30.73281,76.00946,333.73,0.39,0.36,2020-11-13,755,N,VIIRS,n,2,298.45,1.77,D,0
30.7351,75.27282,346.66,0.4,0.37,2020-11-13,755,N,VIIRS,n,2,301.56,5.94,D,0
30.73549,75.74756,343.82,0.39,0.36,2020-11-13,755,N,VIIRS,n,2,304.1,8.25,D,0
30.73561,76.26371,338.56,0.39,0.36,2020-11-13,755,N,VIIRS,n,2,307.52,13.07,D,0
30.73579,75.277,332.71,0.4,0.37,2020-11-13,755,N,VIIRS,n,2,300.4,3.76,D,0
30.73621,75.08965,343.66,0.41,0.37,2020-11-13,755,N,VIIRS,n,2,301.18,9.3,D,0
30.73718,75.28535,337.8,0.4,0.37,2020-11-13,755,N,VIIRS,n,2,301.09,3.33,D,0
30.73751,75.99586,334.6,0.39,0.36,2020-11-13,755,N,VIIRS,n,2,302.07,1.58,D,0
30.73901,75.10653,337.21,0.41,0.37,2020-11-13,755,N,VIIRS,n,2,306.81,11.13,D,0
30.73916,75.27625,334.02,0.4,0.37,2020-11-13,755,N,VIIRS,n,2,302.09,4.96,D,0
30.73923,75.08546,331.52,0.41,0.37,2020-11-13,755,N,VIIRS,n,2,301.49,6.46,D,0
30.73959,75.08889,347.04,0.41,0.37,2020-11-13,755,N,VIIRS,n,2,304.85,9.3,D,0
30.73994,75.08968,336.95,0.41,0.37,2020-11-13,755,N,VIIRS,n,2,300.56,6.46,D,0
30.74086,75.70862,337.25,0.39,0.37,2020-11-13,755,N,VIIRS,n,2,300.15,3.26,D,0
30.74738,75.00907,331.04,0.41,0.37,2020-11-13,755,N,VIIRS,n,2,299.06,11.38,D,0
30.74874,75.56648,341.69,0.4,0.37,2020-11-13,755,N,VIIRS,n,2,301.69,7.11,D,0
30.75343,75.57399,333.53,0.4,0.37,2020-11-13,755,N,VIIRS,n,2,300.9,2.39,D,0
30.75527,75.47949,336.55,0.4,0.37,2020-11-13,755,N,VIIRS,n,2,300.02,2.43,D,0
30.75793,76.03761,331.27,0.39,0.36,2020-11-13,755,N,VIIRS,n,2,300.82,1.03,D,0
30.75862,75.47875,335.98,0.4,0.37,2020-11-13,755,N,VIIRS,n,2,302.23,3.62,D,0
30.76015,75.59384,333.25,0.4,0.37,2020-11-13,755,N,VIIRS,n,2,299.93,2.19,D,0
30.76125,76.0369,332.97,0.39,0.36,2020-11-13,755,N,VIIRS,n,2,303.81,1.88,D,0
30.76611,75.88491,332.68,0.39,0.36,2020-11-13,755,N,VIIRS,n,2,300.24,3.18,D,0
30.76664,75.46412,338.8,0.4,0.37,2020-11-13,755,N,VIIRS,n,2,302.85,8.61,D,0
30.76675,75.52834,333.34,0.4,0.37,2020-11-13,755,N,VIIRS,n,2,302.89,4.83,D,0
30.76805,75.91816,332.06,0.39,0.36,2020-11-13,755,N,VIIRS,n,2,301.01,2.35,D,0
30.77273,75.90453,336.63,0.39,0.36,2020-11-13,755,N,VIIRS,n,2,303.43,4.36,D,0
30.7732,75.09972,332.24,0.41,0.37,2020-11-13,755,N,VIIRS,n,2,300.31,3.9,D,0
30.78318,75.28455,339.85,0.4,0.37,2020-11-13,755,N,VIIRS,n,2,303.14,2.93,D,0
30.78352,75.34927,333.19,0.4,0.37,2020-11-13,755,N,VIIRS,n,2,300.17,2.55,D,0
30.78383,75.99462,336.63,0.39,0.36,2020-11-13,755,N,VIIRS,n,2,299.7,2.61,D,0
30.78629,75.3659,333.87,0.4,0.37,2020-11-13,755,N,VIIRS,n,2,301.21,10.52,D,0
30.78657,75.07484,335.88,0.41,0.37,2020-11-13,755,N,VIIRS,n,2,302.43,3.82,D,0
30.78688,75.34853,337.96,0.4,0.37,2020-11-13,755,N,VIIRS,n,2,299.11,2.55,D,0
30.78731,75.39939,332.87,0.4,0.37,2020-11-13,755,N,VIIRS,n,2,300.88,2.89,D,0
30.78758,75.1227,334.27,0.41,0.37,2020-11-13,755,N,VIIRS,l,2,305.43,24.54,D,0
30.78799,75.40355,344.9,0.4,0.37,2020-11-13,755,N,VIIRS,n,2,301.34,6.47,D,0
30.78829,75.12691,333.77,0.41,0.37,2020-11-13,755,N,VIIRS,n,2,302.35,11.16,D,0
30.78966,75.36515,339.06,0.4,0.37,2020-11-13,755,N,VIIRS,n,2,306.2,10.52,D,0
30.79082,75.82474,332.04,0.39,0.36,2020-11-13,755,N,VIIRS,l,2,302.14,1.88,D,0
30.79166,75.12616,333.69,0.41,0.37,2020-11-13,755,N,VIIRS,n,2,301.86,11.16,D,0
30.79278,75.09095,332.33,0.41,0.37,2020-11-13,755,N,VIIRS,n,2,298.95,8.94,D,0
30.7932,75.96741,343.58,0.39,0.36,2020-11-13,755,N,VIIRS,n,2,302.94,5.02,D,0
30.79335,75.17809,333.9,0.4,0.37,2020-11-13,755,N,VIIRS,n,2,301.22,5.09,D,0
30.79356,75.01185,330.98,0.41,0.37,2020-11-13,755,N,VIIRS,n,2,300.54,1.36,D,0
30.79439,75.37272,348.01,0.4,0.37,2020-11-13,755,N,VIIRS,n,2,309.23,14.64,D,0
30.79694,75.69215,334.75,0.39,0.37,2020-11-13,755,N,VIIRS,n,2,300.13,3.2,D,0
30.79761,75.61121,339.14,0.4,0.37,2020-11-13,755,N,VIIRS,n,2,304.9,12.09,D,0
30.79856,75.14643,337.69,0.4,0.37,2020-11-13,755,N,VIIRS,n,2,301.02,2.38,D,0
30.8012,75.03647,332.47,0.41,0.37,2020-11-13,755,N,VIIRS,n,2,302.74,2.37,D,0
30.80145,76.31217,336.4,0.39,0.36,2020-11-13,755,N,VIIRS,n,2,302.24,3.5,D,0
30.80219,75.78846,330.7,0.39,0.36,2020-11-13,755,N,VIIRS,n,2,300.36,1.43,D,0
30.80289,75.4947,339.39,0.4,0.37,2020-11-13,755,N,VIIRS,n,2,308.29,11.79,D,0
30.80357,75.49883,335.56,0.4,0.37,2020-11-13,755,N,VIIRS,n,2,303.29,11.79,D,0
30.80358,75.52023,346.21,0.4,0.37,2020-11-13,755,N,VIIRS,n,2,303.35,7.83,D,0
30.80553,75.78773,331.98,0.39,0.36,2020-11-13,755,N,VIIRS,n,2,300.27,1.43,D,0
30.80624,75.49397,335.73,0.4,0.37,2020-11-13,755,N,VIIRS,n,2,299.83,11.79,D,0
30.81463,75.38977,336.69,0.4,0.37,2020-11-13,755,N,VIIRS,n,2,300.44,4.17,D,0
30.81831,75.67474,333.73,0.39,0.37,2020-11-13,755,N,VIIRS,n,2,300.35,1.48,D,0
30.81901,75.5724,334.04,0.4,0.37,2020-11-13,755,N,VIIRS,n,2,301.51,1.79,D,0
30.8199,76.11254,330.75,0.39,0.36,2020-11-13,755,N,VIIRS,l,2,302.97,2.72,D,0
30.8205,75.94471,332.33,0.39,0.36,2020-11-13,755,N,VIIRS,n,2,300.74,2.2,D,0
30.82088,75.44856,337.17,0.4,0.37,2020-11-13,755,N,VIIRS,n,2,301.39,2.71,D,0
30.82115,75.94878,331.9,0.39,0.36,2020-11-13,755,N,VIIRS,n,2,299.47,2.91,D,0
30.82393,75.59329,331.92,0.4,0.37,2020-11-13,755,N,VIIRS,n,2,301.65,2.17,D,0
30.83371,76.26398,346.36,0.39,0.36,2020-11-13,755,N,VIIRS,n,2,297.92,3.36,D,0
30.83513,75.30326,336.47,0.4,0.37,2020-11-13,755,N,VIIRS,n,2,301.36,2.71,D,0
30.83565,75.45389,337.5,0.4,0.37,2020-11-13,755,N,VIIRS,n,2,302.03,3.32,D,0
30.83744,75.38041,331.31,0.4,0.37,2020-11-13,755,N,VIIRS,n,2,300.65,1.08,D,0
30.83812,76.03327,333.92,0.39,0.36,2020-11-13,755,N,VIIRS,n,2,301.56,2.68,D,0
30.84911,76.33975,332.38,0.39,0.36,2020-11-13,755,N,VIIRS,n,2,301.74,1.92,D,0
30.84974,76.34377,332.2,0.39,0.36,2020-11-13,755,N,VIIRS,n,2,301.35,3.45,D,0
30.85117,75.12589,337.45,0.41,0.37,2020-11-13,755,N,VIIRS,n,2,302,4.34,D,0
30.85383,76.32628,331.35,0.39,0.36,2020-11-13,755,N,VIIRS,n,2,302.67,2.81,D,0
30.85409,75.65056,344.47,0.4,0.37,2020-11-13,755,N,VIIRS,n,2,301.78,4.27,D,0
30.85513,75.25552,330.34,0.4,0.37,2020-11-13,755,N,VIIRS,n,2,301.31,1.34,D,0
30.85534,75.57361,333.02,0.4,0.37,2020-11-13,755,N,VIIRS,n,2,301.12,2.42,D,0
30.85639,75.43212,334.33,0.4,0.37,2020-11-13,755,N,VIIRS,n,2,301.64,3.1,D,0
30.85675,75.64572,336.91,0.4,0.37,2020-11-13,755,N,VIIRS,n,2,302.42,4.27,D,0
30.85703,75.22472,333.79,0.4,0.37,2020-11-13,755,N,VIIRS,n,2,300.02,2.45,D,0
30.85868,75.57288,335.39,0.4,0.37,2020-11-13,755,N,VIIRS,n,2,299.91,2.42,D,0
30.86073,75.60654,340.14,0.4,0.37,2020-11-13,755,N,VIIRS,n,2,301.45,6.13,D,0
30.861,75.20645,335.79,0.4,0.37,2020-11-13,755,N,VIIRS,n,2,302.03,3.55,D,0
30.86224,75.36198,334.01,0.4,0.37,2020-11-13,755,N,VIIRS,n,2,302.61,5,D,0
30.86367,75.39182,347.91,0.4,0.37,2020-11-13,755,N,VIIRS,n,2,303.18,9.95,D,0
30.86413,75.71206,331.33,0.39,0.36,2020-11-13,755,N,VIIRS,n,2,299.46,2.22,D,0
30.8647,75.29235,330.65,0.4,0.37,2020-11-13,755,N,VIIRS,n,2,299.99,2.52,D,0
30.86505,76.09451,332.52,0.39,0.36,2020-11-13,755,N,VIIRS,n,2,304.16,6.67,D,0
30.86569,76.09856,331.3,0.39,0.36,2020-11-13,755,N,VIIRS,n,2,302.22,5.15,D,0
30.86808,75.60918,332.33,0.4,0.37,2020-11-13,755,N,VIIRS,n,2,301.61,4.74,D,0
30.86821,75.33478,343.5,0.4,0.37,2020-11-13,755,N,VIIRS,n,2,302.11,8.89,D,0
30.8698,75.42916,332.59,0.4,0.37,2020-11-13,755,N,VIIRS,n,2,301.23,6.44,D,0
30.87247,75.42427,330.51,0.4,0.37,2020-11-13,755,N,VIIRS,l,2,303.35,2.19,D,0
30.87329,76.16799,333.81,0.39,0.36,2020-11-13,755,N,VIIRS,n,2,302.86,2.1,D,0
30.87353,75.97531,336.81,0.39,0.36,2020-11-13,755,N,VIIRS,n,2,303.86,7.72,D,0
30.8741,75.28593,333.7,0.4,0.37,2020-11-13,755,N,VIIRS,n,2,302.88,3.11,D,0
30.87465,75.09943,339.35,0.41,0.37,2020-11-13,755,N,VIIRS,n,2,309.16,11.95,D,0
30.87536,75.10363,334.37,0.41,0.37,2020-11-13,755,N,VIIRS,n,2,301.85,11.95,D,0
30.87672,75.55611,331.96,0.4,0.37,2020-11-13,755,N,VIIRS,n,2,300.3,2.37,D,0
30.87864,75.18572,339.6,0.4,0.37,2020-11-13,755,N,VIIRS,n,2,302.89,3.49,D,0
30.87873,75.10287,340.8,0.41,0.37,2020-11-13,755,N,VIIRS,n,2,301.92,12.96,D,0
30.88054,75.43108,331.11,0.4,0.37,2020-11-13,755,N,VIIRS,n,2,301.08,2.34,D,0
30.8809,75.30604,346.51,0.4,0.37,2020-11-13,755,N,VIIRS,n,2,309.53,23.52,D,0
30.88101,75.13729,337.64,0.4,0.37,2020-11-13,755,N,VIIRS,n,2,306.9,26.94,D,0
30.8839,75.43034,330.03,0.4,0.37,2020-11-13,755,N,VIIRS,n,2,299.63,2.34,D,0
30.88465,75.47737,347.66,0.4,0.37,2020-11-13,755,N,VIIRS,n,2,301.66,5.5,D,0
30.88901,75.22684,331.11,0.4,0.37,2020-11-13,755,N,VIIRS,n,2,300.55,2.12,D,0
30.89023,76.31857,340.71,0.39,0.36,2020-11-13,755,N,VIIRS,n,2,299.78,4.06,D,0
30.89466,75.45371,338.12,0.4,0.37,2020-11-13,755,N,VIIRS,n,2,303.61,3.26,D,0
30.89605,75.48342,352.2,0.4,0.37,2020-11-13,755,N,VIIRS,n,2,302.54,7.75,D,0
30.89681,75.59436,331.99,0.4,0.37,2020-11-13,755,N,VIIRS,n,2,298.62,2.11,D,0
30.89719,76.45002,330.09,0.39,0.36,2020-11-13,755,N,VIIRS,l,2,303.23,2.25,D,0
30.89759,75.19453,341.26,0.4,0.37,2020-11-13,755,N,VIIRS,n,2,302.09,5.22,D,0
30.89814,75.07228,331.04,0.41,0.37,2020-11-13,755,N,VIIRS,n,2,303.18,1.59,D,0
30.89828,75.19871,333.63,0.4,0.37,2020-11-13,755,N,VIIRS,n,2,300.3,4.2,D,0
30.89968,75.33263,347.07,0.4,0.37,2020-11-13,755,N,VIIRS,n,2,301.81,11.18,D,0
30.90744,75.48947,332.35,0.4,0.37,2020-11-13,755,N,VIIRS,n,2,300.74,3.59,D,0
30.90768,75.31791,331,0.4,0.37,2020-11-13,755,N,VIIRS,l,2,301.33,1.89,D,0
30.90813,75.153,333.63,0.4,0.37,2020-11-13,755,N,VIIRS,n,2,304.53,9.69,D,0
30.90827,75.17474,335.76,0.4,0.37,2020-11-13,755,N,VIIRS,l,2,309.53,26.85,D,0
30.90863,75.2398,332.79,0.4,0.37,2020-11-13,755,N,VIIRS,n,2,301.82,3.17,D,0
30.90874,75.40813,332.6,0.4,0.37,2020-11-13,755,N,VIIRS,n,2,298.76,2.9,D,0
30.90943,75.41228,337.97,0.4,0.37,2020-11-13,755,N,VIIRS,n,2,301.01,5.12,D,0
30.90955,75.28724,334.77,0.4,0.37,2020-11-13,755,N,VIIRS,n,2,301.46,8.91,D,0
30.90994,75.01702,336.13,0.41,0.37,2020-11-13,755,N,VIIRS,n,2,310.05,11.17,D,0
30.91164,75.17398,334.15,0.4,0.37,2020-11-13,755,N,VIIRS,n,2,301.66,5.54,D,0
30.91291,75.28649,335.02,0.4,0.37,2020-11-13,755,N,VIIRS,n,2,304.45,8.91,D,0
30.91332,75.01626,335.51,0.41,0.37,2020-11-13,755,N,VIIRS,n,2,301.78,10.14,D,0
30.9143,76.15137,332.04,0.39,0.36,2020-11-13,755,N,VIIRS,n,2,301.97,2.74,D,0
30.91481,75.49213,331.12,0.4,0.37,2020-11-13,755,N,VIIRS,n,2,298.46,1.37,D,0
30.91574,75.49238,336.74,0.4,0.37,2020-11-13,755,N,VIIRS,n,2,299.56,3.35,D,0
30.91578,76.35059,335.7,0.39,0.36,2020-11-13,755,N,VIIRS,n,2,308.1,22.51,D,0
30.9178,75.19,342.31,0.4,0.37,2020-11-13,755,N,VIIRS,n,2,302.09,5.13,D,0
30.91818,75.66203,333.27,0.39,0.37,2020-11-13,755,N,VIIRS,n,2,302.55,5.07,D,0
30.9182,75.59818,343.37,0.4,0.37,2020-11-13,755,N,VIIRS,n,2,300.79,3.09,D,0
30.9185,75.19419,331.86,0.4,0.37,2020-11-13,755,N,VIIRS,n,2,297.94,4.53,D,0
30.92181,75.50816,336.11,0.4,0.37,2020-11-13,755,N,VIIRS,n,2,301.77,6.83,D,0
30.9222,75.25844,330.2,0.4,0.37,2020-11-13,755,N,VIIRS,n,2,299.17,3.73,D,0
30.92279,75.24097,343.13,0.4,0.37,2020-11-13,755,N,VIIRS,n,2,301.94,3.49,D,0
30.92444,76.34044,357.02,0.39,0.36,2020-11-13,755,N,VIIRS,n,2,306.24,10.23,D,0
30.92453,75.52467,338.43,0.4,0.37,2020-11-13,755,N,VIIRS,n,2,303.71,5.1,D,0
30.92554,75.62213,334.55,0.4,0.37,2020-11-13,755,N,VIIRS,n,2,301.3,2.53,D,0
30.92595,75.34405,337.53,0.4,0.37,2020-11-13,755,N,VIIRS,n,2,300.09,3.86,D,0
30.92756,75.41686,331.36,0.4,0.37,2020-11-13,755,N,VIIRS,n,2,300.14,2.22,D,0
30.92788,75.52393,331.71,0.4,0.37,2020-11-13,755,N,VIIRS,n,2,301.74,6.45,D,0
30.92856,75.52806,332.7,0.4,0.37,2020-11-13,755,N,VIIRS,n,2,300.58,5.84,D,0
30.9306,75.33008,336.29,0.4,0.37,2020-11-13,755,N,VIIRS,n,2,301.47,2.77,D,0
30.93575,75.27707,335.53,0.4,0.37,2020-11-13,755,N,VIIRS,n,2,299.87,3.57,D,0
30.93632,75.42781,339.49,0.4,0.37,2020-11-13,755,N,VIIRS,n,2,302.19,13.53,D,0
30.93741,75.07657,344.51,0.41,0.37,2020-11-13,755,N,VIIRS,n,2,301.42,3.75,D,0
30.93837,75.44022,335.96,0.4,0.37,2020-11-13,755,N,VIIRS,n,2,299.35,4.12,D,0
30.94569,75.1053,343.62,0.4,0.37,2020-11-13,755,N,VIIRS,n,2,312.69,42.35,D,0
30.94643,75.44703,343.77,0.4,0.37,2020-11-13,755,N,VIIRS,n,2,300.71,3.83,D,0
30.95213,75.62949,346.18,0.39,0.37,2020-11-13,755,N,VIIRS,n,2,306.58,15.94,D,0
30.9576,75.36718,334.57,0.4,0.37,2020-11-13,755,N,VIIRS,n,2,300.8,3.46,D,0
30.95834,76.32126,330.79,0.39,0.36,2020-11-13,755,N,VIIRS,l,2,301.11,6.71,D,0
30.95972,75.40114,332.09,0.4,0.37,2020-11-13,755,N,VIIRS,n,2,301.94,9.65,D,0
30.96118,75.24107,346.85,0.4,0.37,2020-11-13,755,N,VIIRS,n,2,303.74,26.19,D,0
30.9654,75.28776,332.25,0.4,0.37,2020-11-13,755,N,VIIRS,n,2,301.4,2.13,D,0
30.97265,75.24717,346.99,0.4,0.37,2020-11-13,755,N,VIIRS,n,2,303.59,8.43,D,0
30.97281,75.29043,339.1,0.4,0.37,2020-11-13,755,N,VIIRS,n,2,303.03,6.67,D,0
30.97599,76.12983,333.61,0.39,0.36,2020-11-13,755,N,VIIRS,n,2,303.08,2.33,D,0
30.98159,75.30145,332.4,0.4,0.37,2020-11-13,755,N,VIIRS,n,2,300.23,2.05,D,0
30.99085,76.07223,345.88,0.39,0.36,2020-11-13,755,N,VIIRS,n,2,302.35,8.79,D,0
30.96729,75.1064,335.52,0.4,0.37,2020-11-13,756,N,VIIRS,n,2,301.88,5.47,D,0
30.98011,75.01598,335.54,0.41,0.37,2020-11-13,756,N,VIIRS,n,2,303.74,7.58,D,0
30.98082,75.20784,333.75,0.4,0.37,2020-11-13,756,N,VIIRS,n,2,300.21,7.71,D,0
30.98203,75.08997,343.89,0.4,0.37,2020-11-13,756,N,VIIRS,n,2,300.52,3.95,D,0
30.01622,75.43726,340.79,0.43,0.46,2020-11-14,736,N,VIIRS,n,2,299.53,6.41,D,0
30.01641,75.43954,349.97,0.43,0.46,2020-11-14,736,N,VIIRS,n,2,298.85,10.31,D,0
30.01713,75.44165,334.13,0.43,0.46,2020-11-14,736,N,VIIRS,n,2,297.39,5.95,D,0
30.02037,75.43615,341.17,0.43,0.46,2020-11-14,736,N,VIIRS,n,2,296.66,6.33,D,0
30.02056,75.43842,357.09,0.43,0.46,2020-11-14,736,N,VIIRS,l,2,297.99,10.31,D,0
30.02129,75.44054,329.02,0.43,0.46,2020-11-14,736,N,VIIRS,n,2,295.73,5.81,D,0
30.04302,75.59347,337.55,0.42,0.45,2020-11-14,736,N,VIIRS,n,2,296.71,3.1,D,0
30.04471,75.1261,332.8,0.45,0.47,2020-11-14,736,N,VIIRS,n,2,296.15,2.42,D,0
30.04658,76.07798,330.98,0.4,0.44,2020-11-14,736,N,VIIRS,n,2,297.05,2.64,D,0
30.05042,75.53884,334.44,0.42,0.45,2020-11-14,736,N,VIIRS,n,2,297.24,2.02,D,0
30.05429,76.01154,335,0.4,0.44,2020-11-14,736,N,VIIRS,n,2,298.44,2.82,D,0
30.05577,75.30956,341.93,0.44,0.46,2020-11-14,736,N,VIIRS,n,2,296.6,6.24,D,0
30.06281,75.42939,336.35,0.43,0.46,2020-11-14,736,N,VIIRS,n,2,295.59,3.81,D,0
30.06931,75.16891,330.44,0.44,0.46,2020-11-14,736,N,VIIRS,n,2,294.84,2.15,D,0
30.07255,75.41282,328.38,0.43,0.46,2020-11-14,736,N,VIIRS,n,2,296.88,2.25,D,0
30.0756,75.34184,339.67,0.43,0.46,2020-11-14,736,N,VIIRS,n,2,297.27,5.33,D,0
30.07651,75.34629,339.79,0.43,0.46,2020-11-14,736,N,VIIRS,n,2,298.07,5.33,D,0
30.08352,76.09393,340.86,0.39,0.44,2020-11-14,736,N,VIIRS,n,2,300.1,8.12,D,0
30.08383,76.28353,335.69,0.39,0.44,2020-11-14,736,N,VIIRS,n,2,300.02,3.59,D,0
30.09298,75.38399,333.25,0.43,0.46,2020-11-14,736,N,VIIRS,n,2,297.4,2.24,D,0
30.09489,75.29057,332.74,0.44,0.46,2020-11-14,736,N,VIIRS,n,2,296.97,3.24,D,0
30.09574,75.28924,335.34,0.44,0.46,2020-11-14,736,N,VIIRS,n,2,296.76,4.01,D,0
30.1001,75.98653,354.66,0.4,0.44,2020-11-14,736,N,VIIRS,n,2,300.67,8.17,D,0
30.10091,75.99063,334.95,0.4,0.44,2020-11-14,736,N,VIIRS,n,2,300.44,5.84,D,0
30.10867,75.18696,339.91,0.44,0.46,2020-11-14,736,N,VIIRS,n,2,298.04,3.47,D,0
30.10905,76.03159,328.09,0.4,0.44,2020-11-14,736,N,VIIRS,n,2,294.96,2.08,D,0
30.11026,75.38498,336.74,0.43,0.46,2020-11-14,736,N,VIIRS,n,2,297.41,3.38,D,0
30.11052,75.38391,328.87,0.43,0.46,2020-11-14,736,N,VIIRS,n,2,296.37,2.69,D,0
30.11306,76.03053,328.71,0.4,0.44,2020-11-14,736,N,VIIRS,n,2,293.54,2.08,D,0
30.11396,75.36066,328.79,0.43,0.46,2020-11-14,736,N,VIIRS,n,2,295.58,3.83,D,0
30.11489,75.36508,336.99,0.43,0.46,2020-11-14,736,N,VIIRS,n,2,296.16,3.83,D,0
30.11525,75.36393,341.61,0.43,0.46,2020-11-14,736,N,VIIRS,n,2,297.36,6.51,D,0
30.12061,75.66987,331.43,0.42,0.45,2020-11-14,736,N,VIIRS,n,2,297.87,3.02,D,0
30.12327,75.46867,340.83,0.43,0.46,2020-11-14,736,N,VIIRS,n,2,298.44,9.18,D,0
30.12434,75.56015,328.42,0.42,0.45,2020-11-14,736,N,VIIRS,n,2,296.15,2.4,D,0
30.13733,75.5384,341.35,0.42,0.45,2020-11-14,736,N,VIIRS,n,2,300.21,6.97,D,0
30.13809,75.17896,332.44,0.44,0.46,2020-11-14,736,N,VIIRS,n,2,296.71,2.02,D,0
30.1382,75.54274,333.83,0.42,0.45,2020-11-14,736,N,VIIRS,n,2,297,6.97,D,0
30.14343,75.65475,334.53,0.42,0.45,2020-11-14,736,N,VIIRS,n,2,297.7,2.91,D,0
30.14576,75.40803,348.8,0.43,0.46,2020-11-14,736,N,VIIRS,n,2,298.78,9.35,D,0
30.14598,75.06586,328.39,0.45,0.47,2020-11-14,736,N,VIIRS,n,2,296.71,5.74,D,0
30.14692,75.07047,339.8,0.45,0.47,2020-11-14,736,N,VIIRS,n,2,298.22,5.74,D,0
30.1505,75.34609,344.6,0.43,0.46,2020-11-14,736,N,VIIRS,n,2,297.54,11.6,D,0
30.16364,75.53675,340.38,0.42,0.45,2020-11-14,736,N,VIIRS,n,2,296.42,2.67,D,0
30.16586,75.63144,335.22,0.42,0.45,2020-11-14,736,N,VIIRS,n,2,294.79,4.01,D,0
30.16653,75.20944,330.37,0.44,0.46,2020-11-14,736,N,VIIRS,n,2,297.03,3.46,D,0
30.17403,76.18605,335.66,0.39,0.44,2020-11-14,736,N,VIIRS,n,2,287.25,4.17,D,0
30.17599,75.53343,336.92,0.42,0.45,2020-11-14,736,N,VIIRS,n,2,296.98,4.06,D,0
30.17612,75.75342,332.18,0.41,0.45,2020-11-14,736,N,VIIRS,n,2,296.75,3.29,D,0
30.17623,75.38583,342.73,0.43,0.46,2020-11-14,736,N,VIIRS,n,2,297.36,8.36,D,0
30.17784,75.1345,340.86,0.44,0.46,2020-11-14,736,N,VIIRS,n,2,300.95,7.94,D,0
30.18011,75.13057,341.65,0.44,0.46,2020-11-14,736,N,VIIRS,n,2,301.15,11.15,D,0
30.1839,75.50842,336.38,0.42,0.45,2020-11-14,736,N,VIIRS,n,2,297.17,3.63,D,0
30.18479,75.51276,328.03,0.42,0.45,2020-11-14,736,N,VIIRS,n,2,297.17,3.63,D,0
30.18515,76.17895,328.98,0.39,0.44,2020-11-14,736,N,VIIRS,n,2,284.97,2.1,D,0
30.1872,75.56689,329.99,0.42,0.45,2020-11-14,736,N,VIIRS,n,2,295.37,2.72,D,0
30.18778,75.67503,341.3,0.41,0.45,2020-11-14,736,N,VIIRS,n,2,300.46,14.68,D,0
30.20056,75.71634,329.65,0.41,0.45,2020-11-14,736,N,VIIRS,n,2,295.35,2.72,D,0
30.21037,75.57429,328.27,0.42,0.45,2020-11-14,736,N,VIIRS,n,2,296.44,1.98,D,0
30.21935,75.63966,328.31,0.42,0.45,2020-11-14,736,N,VIIRS,n,2,297.28,2.13,D,0
30.22287,75.74152,354.34,0.41,0.45,2020-11-14,736,N,VIIRS,n,2,299.87,15.59,D,0
30.22344,75.63857,336.15,0.42,0.45,2020-11-14,736,N,VIIRS,n,2,296.19,3.58,D,0
30.22908,75.70874,329.96,0.41,0.45,2020-11-14,736,N,VIIRS,n,2,297.3,3.09,D,0
30.23073,75.20288,341.12,0.44,0.46,2020-11-14,736,N,VIIRS,n,2,298.16,5.17,D,0
30.23162,75.37666,333.52,0.43,0.46,2020-11-14,736,N,VIIRS,n,2,296.93,4.28,D,0
30.23165,75.33468,345.02,0.43,0.46,2020-11-14,736,N,VIIRS,n,2,297.64,4.65,D,0
30.23313,75.62248,327.79,0.42,0.45,2020-11-14,736,N,VIIRS,n,2,295.53,2.24,D,0
30.23959,75.61173,348.4,0.42,0.45,2020-11-14,736,N,VIIRS,n,2,294.21,6.18,D,0
30.23999,75.11903,340.45,0.44,0.46,2020-11-14,736,N,VIIRS,n,2,296.65,4.77,D,0
30.24043,75.09964,331.26,0.44,0.46,2020-11-14,736,N,VIIRS,n,2,296.53,2.98,D,0
30.24326,75.28463,329.3,0.43,0.46,2020-11-14,736,N,VIIRS,n,2,295.21,2.12,D,0
30.24386,75.5471,339.88,0.42,0.45,2020-11-14,736,N,VIIRS,n,2,296.02,4.22,D,0
30.24473,75.55142,331.37,0.42,0.45,2020-11-14,736,N,VIIRS,n,2,295.59,4.22,D,0
30.24505,75.33573,339.47,0.43,0.46,2020-11-14,736,N,VIIRS,n,2,299.12,5.16,D,0
30.2451,75.29353,334.37,0.43,0.46,2020-11-14,736,N,VIIRS,n,2,296.84,5.66,D,0
30.24755,75.58697,332.25,0.42,0.45,2020-11-14,736,N,VIIRS,n,2,295.2,4.9,D,0
30.24786,75.30686,339.26,0.43,0.46,2020-11-14,736,N,VIIRS,n,2,297.03,6.97,D,0
30.24992,75.57726,340.53,0.42,0.45,2020-11-14,736,N,VIIRS,n,2,297.97,4.1,D,0
30.25075,75.19269,336.82,0.44,0.46,2020-11-14,736,N,VIIRS,n,2,297.69,5.48,D,0
30.25393,75.27232,340.25,0.43,0.46,2020-11-14,736,N,VIIRS,n,2,298.06,5.7,D,0
30.25494,75.19154,346.74,0.44,0.46,2020-11-14,736,N,VIIRS,n,2,296.78,5.48,D,0
30.25767,75.24773,330.83,0.44,0.46,2020-11-14,736,N,VIIRS,n,2,295.87,3.22,D,0
30.25846,75.70536,334.15,0.41,0.45,2020-11-14,736,N,VIIRS,n,2,293.21,2.72,D,0
30.26196,75.11784,331.11,0.44,0.46,2020-11-14,736,N,VIIRS,n,2,297.78,4.47,D,0
30.26571,75.09273,352.38,0.44,0.46,2020-11-14,736,N,VIIRS,n,2,299.08,7.61,D,0
30.26592,75.72116,332.36,0.41,0.45,2020-11-14,736,N,VIIRS,n,2,295.57,3.4,D,0
30.27026,75.49995,342.09,0.42,0.45,2020-11-14,736,N,VIIRS,n,2,289.77,5.91,D,0
30.27422,75.43464,330.38,0.42,0.46,2020-11-14,736,N,VIIRS,n,2,293.42,4.14,D,0
30.27512,75.439,339.65,0.42,0.46,2020-11-14,736,N,VIIRS,n,2,295.56,7.86,D,0
30.27831,75.32671,334.8,0.43,0.46,2020-11-14,736,N,VIIRS,n,2,295.65,3.49,D,0
30.28393,75.41817,351.92,0.43,0.46,2020-11-14,736,N,VIIRS,n,2,299.19,11.85,D,0
30.28608,75.34328,332.27,0.43,0.46,2020-11-14,736,N,VIIRS,n,2,296.06,2.01,D,0
30.28947,75.14388,331.23,0.44,0.46,2020-11-14,736,N,VIIRS,n,2,296.46,2.81,D,0
30.29024,75.34215,329.23,0.43,0.46,2020-11-14,736,N,VIIRS,n,2,295.57,2.97,D,0
30.29122,75.64375,333.31,0.41,0.45,2020-11-14,736,N,VIIRS,n,2,289.85,2.76,D,0
30.29591,75.17554,342.77,0.44,0.46,2020-11-14,736,N,VIIRS,n,2,298.52,4.56,D,0
30.30014,75.39065,333.25,0.43,0.46,2020-11-14,736,N,VIIRS,n,2,295.67,3.33,D,0
30.30428,75.38951,331.59,0.43,0.46,2020-11-14,736,N,VIIRS,n,2,295.18,3.33,D,0
30.30469,75.54083,335.31,0.42,0.45,2020-11-14,736,N,VIIRS,n,2,296.29,5.74,D,0
30.30557,75.54514,340.95,0.42,0.45,2020-11-14,736,N,VIIRS,n,2,298.87,5.74,D,0
30.30963,75.41583,329.36,0.43,0.46,2020-11-14,736,N,VIIRS,n,2,292.99,2.14,D,0
30.31171,75.57521,331.94,0.42,0.45,2020-11-14,736,N,VIIRS,n,2,295.27,4.83,D,0
30.31581,75.57411,333.77,0.42,0.45,2020-11-14,736,N,VIIRS,n,2,296.24,4.83,D,0
30.32426,75.59441,345.23,0.42,0.45,2020-11-14,736,N,VIIRS,n,2,292.56,5.01,D,0
30.32469,75.42558,328.27,0.42,0.46,2020-11-14,736,N,VIIRS,n,2,293.76,3.16,D,0
30.32587,75.38829,342.91,0.43,0.46,2020-11-14,736,N,VIIRS,n,2,296.79,8.68,D,0
30.32646,75.43431,341.52,0.42,0.46,2020-11-14,736,N,VIIRS,n,2,294.88,8.28,D,0
30.34637,75.5114,328.27,0.42,0.45,2020-11-14,736,N,VIIRS,n,2,292.38,2.05,D,0
30.35353,75.65394,337.88,0.41,0.45,2020-11-14,736,N,VIIRS,n,2,297.44,3.83,D,0
30.36795,75.61868,328.35,0.41,0.45,2020-11-14,736,N,VIIRS,n,2,294.86,2.77,D,0
30.37544,75.6346,330.46,0.41,0.45,2020-11-14,736,N,VIIRS,n,2,297.34,3.56,D,0
30.37593,75.59402,331.04,0.42,0.45,2020-11-14,736,N,VIIRS,n,2,295.41,5.38,D,0
30.37753,75.81567,355.95,0.4,0.44,2020-11-14,736,N,VIIRS,n,2,294.51,9.89,D,0
30.38157,75.8146,367,0.4,0.44,2020-11-14,736,N,VIIRS,h,2,294.3,9.89,D,0
30.39441,75.79365,330.47,0.4,0.45,2020-11-14,736,N,VIIRS,n,2,298.01,3.75,D,0
30.40273,76.08859,337.24,0.39,0.44,2020-11-14,736,N,VIIRS,n,2,298.33,1.92,D,0
30.26826,75.09325,331.2,0.44,0.46,2020-11-14,737,N,VIIRS,n,2,296.65,2.9,D,0
30.29066,75.07268,340.3,0.44,0.46,2020-11-14,737,N,VIIRS,n,2,298.67,5.48,D,0
30.29236,75.14429,330.64,0.44,0.46,2020-11-14,737,N,VIIRS,n,2,296.25,2.36,D,0
30.29561,75.13863,335.66,0.44,0.46,2020-11-14,737,N,VIIRS,n,2,298.57,4.89,D,0
30.29656,75.14315,340.13,0.44,0.46,2020-11-14,737,N,VIIRS,n,2,297.88,6.48,D,0
30.299,75.17587,343.53,0.44,0.46,2020-11-14,737,N,VIIRS,n,2,295.74,6.24,D,0
30.29981,75.13748,340.72,0.44,0.46,2020-11-14,737,N,VIIRS,n,2,296.97,4.89,D,0
30.30021,75.11819,346.26,0.44,0.46,2020-11-14,737,N,VIIRS,n,2,298.14,4.98,D,0
30.30076,75.14201,340.78,0.44,0.46,2020-11-14,737,N,VIIRS,n,2,297.02,6.48,D,0
30.30654,75.21181,334.99,0.44,0.46,2020-11-14,737,N,VIIRS,n,2,296.29,3.12,D,0
30.30696,75.19272,329.99,0.44,0.46,2020-11-14,737,N,VIIRS,n,2,296.8,2.56,D,0
30.30779,75.15441,340.21,0.44,0.46,2020-11-14,737,N,VIIRS,n,2,297.36,7.38,D,0
30.30874,75.15892,343.51,0.44,0.46,2020-11-14,737,N,VIIRS,n,2,299.01,12.14,D,0
30.30936,75.22526,335.95,0.44,0.46,2020-11-14,737,N,VIIRS,n,2,296.52,3.17,D,0
30.30983,75.05778,337.51,0.44,0.46,2020-11-14,737,N,VIIRS,n,2,297.38,4.18,D,0
30.31078,75.06235,332.34,0.44,0.46,2020-11-14,737,N,VIIRS,n,2,296.92,4.97,D,0
30.31146,75.12952,338.11,0.44,0.46,2020-11-14,737,N,VIIRS,n,2,296.52,3.09,D,0
30.3208,75.13174,352.01,0.44,0.46,2020-11-14,737,N,VIIRS,n,2,301.32,21.12,D,0
30.33073,75.2854,341.28,0.43,0.46,2020-11-14,737,N,VIIRS,n,2,298.54,4.24,D,0
30.33397,75.23749,329.87,0.43,0.46,2020-11-14,737,N,VIIRS,n,2,297.01,2.69,D,0
30.33489,75.28427,335.33,0.43,0.46,2020-11-14,737,N,VIIRS,n,2,296.1,3.7,D,0
30.3386,75.21731,330.79,0.44,0.46,2020-11-14,737,N,VIIRS,n,2,297.09,3.7,D,0
30.34137,75.1881,341.06,0.44,0.46,2020-11-14,737,N,VIIRS,n,2,298.85,15.34,D,0
30.34922,75.28976,331.78,0.43,0.46,2020-11-14,737,N,VIIRS,n,2,296.84,2.07,D,0
30.35158,75.10891,340.8,0.44,0.46,2020-11-14,737,N,VIIRS,n,2,299.58,6.74,D,0
30.35346,75.16102,340.64,0.44,0.46,2020-11-14,737,N,VIIRS,n,2,296.72,3.07,D,0
30.35464,75.35825,344.57,0.43,0.46,2020-11-14,737,N,VIIRS,n,2,296.11,6.01,D,0
30.35484,75.1032,340.01,0.44,0.46,2020-11-14,737,N,VIIRS,n,2,297.64,9.63,D,0
30.35521,75.2975,339.87,0.43,0.46,2020-11-14,737,N,VIIRS,n,2,297.34,6.85,D,0
30.35714,75.04958,340.75,0.44,0.46,2020-11-14,737,N,VIIRS,n,2,297.62,10.95,D,0
30.35787,75.35272,331.88,0.43,0.46,2020-11-14,737,N,VIIRS,n,2,296.52,3.47,D,0
30.36323,75.05755,341.79,0.44,0.46,2020-11-14,737,N,VIIRS,n,2,296.29,6.23,D,0
30.37056,75.51929,346.85,0.42,0.45,2020-11-14,737,N,VIIRS,n,2,294,8.49,D,0
30.37134,75.0387,331.46,0.44,0.46,2020-11-14,737,N,VIIRS,n,2,296.91,2.87,D,0
30.37406,75.32507,336.76,0.43,0.46,2020-11-14,737,N,VIIRS,n,2,294.94,3.6,D,0
30.37653,75.59003,340.98,0.41,0.45,2020-11-14,737,N,VIIRS,n,2,297.24,4.44,D,0
30.37752,75.23505,330.32,0.43,0.46,2020-11-14,737,N,VIIRS,n,2,292.79,6.28,D,0
30.3826,75.23837,346.39,0.43,0.46,2020-11-14,737,N,VIIRS,n,2,295.18,6.28,D,0
30.3832,75.53859,328.81,0.42,0.45,2020-11-14,737,N,VIIRS,n,2,297.11,26.97,D,0
30.38408,75.54289,342.07,0.42,0.45,2020-11-14,737,N,VIIRS,n,2,298.77,26.97,D,0
30.38576,75.10693,352.71,0.44,0.46,2020-11-14,737,N,VIIRS,n,2,293.42,8.94,D,0
30.38704,75.10877,327.52,0.44,0.46,2020-11-14,737,N,VIIRS,n,2,291.91,3.12,D,0
30.39289,75.58565,347.35,0.41,0.45,2020-11-14,737,N,VIIRS,n,2,296.97,6.1,D,0
30.39376,75.58991,341.69,0.41,0.45,2020-11-14,737,N,VIIRS,n,2,295.86,8.02,D,0
30.39434,75.04205,338.24,0.44,0.46,2020-11-14,737,N,VIIRS,n,2,295.87,4.09,D,0
30.39516,75.3426,327.49,0.43,0.46,2020-11-14,737,N,VIIRS,n,2,295.37,1.91,D,0
30.40399,75.55561,345.93,0.42,0.45,2020-11-14,737,N,VIIRS,n,2,296.06,4.81,D,0
30.41365,75.07051,341.01,0.44,0.46,2020-11-14,737,N,VIIRS,n,2,297.53,4.25,D,0
30.4143,75.28607,352.04,0.43,0.46,2020-11-14,737,N,VIIRS,n,2,301.18,14.87,D,0
30.4196,75.22594,340.2,0.43,0.46,2020-11-14,737,N,VIIRS,n,2,297.98,5.96,D,0
30.42014,75.29147,336.83,0.43,0.46,2020-11-14,737,N,VIIRS,n,2,298.27,4.05,D,0
30.42025,75.29381,335.34,0.43,0.46,2020-11-14,737,N,VIIRS,n,2,298.07,11.58,D,0
30.42493,75.74197,341.97,0.41,0.45,2020-11-14,737,N,VIIRS,n,2,296.19,4.74,D,0
30.42655,75.51785,329.57,0.42,0.45,2020-11-14,737,N,VIIRS,n,2,294.11,2.73,D,0
30.43255,75.20353,329.79,0.43,0.46,2020-11-14,737,N,VIIRS,n,2,296.82,8.3,D,0
30.43349,75.208,341.2,0.43,0.46,2020-11-14,737,N,VIIRS,n,2,299.13,8.3,D,0
30.43377,75.57466,338.92,0.41,0.45,2020-11-14,737,N,VIIRS,n,2,293.46,4.61,D,0
30.43443,75.25482,339.27,0.43,0.46,2020-11-14,737,N,VIIRS,n,2,296.77,3.55,D,0
30.43689,75.41908,336.85,0.42,0.45,2020-11-14,737,N,VIIRS,n,2,295.11,4.05,D,0
30.43906,75.27699,338.98,0.43,0.46,2020-11-14,737,N,VIIRS,n,2,295.28,4.77,D,0
30.44692,75.20905,342.49,0.43,0.46,2020-11-14,737,N,VIIRS,n,2,297.12,5.49,D,0
30.46062,75.47221,344.48,0.42,0.45,2020-11-14,737,N,VIIRS,n,2,294.79,12.43,D,0
30.46149,75.47653,340.41,0.42,0.45,2020-11-14,737,N,VIIRS,n,2,296.54,12.43,D,0
30.4622,75.21902,336.77,0.43,0.46,2020-11-14,737,N,VIIRS,n,2,295.16,4.17,D,0
30.46252,75.47378,355.82,0.42,0.45,2020-11-14,737,N,VIIRS,n,2,296.86,20.27,D,0
30.4626,75.5894,342.31,0.41,0.45,2020-11-14,737,N,VIIRS,n,2,291.29,4.72,D,0
30.4646,75.39998,348.67,0.42,0.45,2020-11-14,737,N,VIIRS,n,2,287.17,9.68,D,0
30.47145,75.22121,341.11,0.43,0.46,2020-11-14,737,N,VIIRS,n,2,292.5,7.19,D,0
30.48643,75.31538,334.81,0.43,0.46,2020-11-14,737,N,VIIRS,n,2,291.44,3.15,D,0
30.48811,75.21667,337.98,0.43,0.46,2020-11-14,737,N,VIIRS,n,2,293.02,3.64,D,0
30.49228,75.21552,350.19,0.43,0.46,2020-11-14,737,N,VIIRS,n,2,295.23,8.7,D,0
30.49276,75.82468,341.17,0.4,0.44,2020-11-14,737,N,VIIRS,n,2,300.74,4.21,D,0
30.50336,75.01804,344.06,0.44,0.46,2020-11-14,737,N,VIIRS,n,2,298.37,6.52,D,0
30.51901,75.3251,340.67,0.43,0.46,2020-11-14,737,N,VIIRS,n,2,297.66,12.79,D,0
30.52638,75.72103,340.37,0.41,0.45,2020-11-14,737,N,VIIRS,n,2,295.85,7.27,D,0
30.53229,75.21961,330.56,0.43,0.46,2020-11-14,737,N,VIIRS,n,2,293,2.58,D,0
30.54754,75.22954,330.13,0.43,0.46,2020-11-14,737,N,VIIRS,n,2,294.92,3.94,D,0
30.55299,75.04292,340.97,0.44,0.46,2020-11-14,737,N,VIIRS,n,2,294.86,8.81,D,0
30.55346,75.32116,340.53,0.43,0.46,2020-11-14,737,N,VIIRS,n,2,297.02,6.46,D,0
30.55437,75.32555,327.76,0.43,0.46,2020-11-14,737,N,VIIRS,n,2,295.03,6.46,D,0
30.57937,75.2349,333.12,0.43,0.46,2020-11-14,737,N,VIIRS,n,2,295.95,2.61,D,0
30.58833,75.32093,336.56,0.43,0.46,2020-11-14,737,N,VIIRS,n,2,295.59,3.05,D,0
30.60103,75.73181,331.6,0.4,0.45,2020-11-14,737,N,VIIRS,n,2,296.92,2.93,D,0
30.60397,75.68253,341.91,0.41,0.45,2020-11-14,737,N,VIIRS,n,2,300.15,8.01,D,0
30.60459,75.79214,340.53,0.4,0.44,2020-11-14,737,N,VIIRS,n,2,299.25,8.26,D,0
30.61555,75.6842,342.49,0.41,0.45,2020-11-14,737,N,VIIRS,n,2,298.05,5.61,D,0
30.61696,75.68344,340.5,0.41,0.45,2020-11-14,737,N,VIIRS,n,2,298.02,6.24,D,0
30.62161,75.81371,347.97,0.4,0.44,2020-11-14,737,N,VIIRS,n,2,298.8,15.85,D,0
30.68317,75.72326,327.62,0.4,0.44,2020-11-14,737,N,VIIRS,n,2,294.71,5.67,D,0
30.68401,75.72742,351.01,0.4,0.44,2020-11-14,737,N,VIIRS,n,2,301.87,19.57,D,0
30.70585,75.73032,337.14,0.4,0.44,2020-11-14,737,N,VIIRS,n,2,296.39,2.17,D,0
30.73361,75.63979,350.16,0.41,0.45,2020-11-14,737,N,VIIRS,n,2,299.4,18.71,D,0
30.76811,75.00042,333.56,0.44,0.46,2020-11-14,737,N,VIIRS,n,2,293.62,3.62,D,0
30.80954,75.59267,355.88,0.41,0.45,2020-11-14,737,N,VIIRS,n,2,292.76,9.74,D,0
30.81197,75.59252,344.21,0.41,0.45,2020-11-14,737,N,VIIRS,n,2,291.71,11.45,D,0
30.8742,75.64639,343.54,0.4,0.44,2020-11-14,737,N,VIIRS,n,2,288.89,4.4,D,0
30.98843,75.32487,301.67,0.39,0.6,2020-11-14,2000,N,VIIRS,n,2,283.1,0.48,N,0
30.99319,75.32315,308.08,0.39,0.6,2020-11-14,2000,N,VIIRS,n,2,284.01,1.57,N,0
30.99398,75.32542,309.13,0.39,0.6,2020-11-14,2000,N,VIIRS,n,2,283.97,0.76,N,0