latitude,longitude,bright_ti4,scan,track,acq_date,acq_time,satellite,instrument,confidence,version,bright_ti5,frp,daynight,type
30.00294,75.59563,331.27,0.45,0.39,2021-10-30,815,N,VIIRS,n,2,300.76,2.41,D,0
30.00404,75.51949,336.18,0.45,0.39,2021-10-30,815,N,VIIRS,n,2,300.86,4.61,D,0
30.00651,75.59504,332.97,0.45,0.39,2021-10-30,815,N,VIIRS,n,2,300.38,2.41,D,0
30.01171,76.07641,336.74,0.47,0.4,2021-10-30,815,N,VIIRS,n,2,301.06,6.02,D,0
30.01203,76.20178,343.26,0.48,0.4,2021-10-30,815,N,VIIRS,n,2,301.78,6.47,D,0
30.01313,76.47549,339.96,0.49,0.4,2021-10-30,815,N,VIIRS,n,2,302.37,5.01,D,0
30.03302,75.80229,344.18,0.46,0.39,2021-10-30,815,N,VIIRS,n,2,301.09,5.27,D,0
30.03355,76.13287,335.54,0.47,0.4,2021-10-30,815,N,VIIRS,n,2,301.76,4.14,D,0
30.0369,76.31457,337.84,0.48,0.4,2021-10-30,815,N,VIIRS,n,2,302.07,3.26,D,0
30.04027,76.12676,341.9,0.47,0.4,2021-10-30,815,N,VIIRS,n,2,308.66,28.92,D,0
30.04208,75.8446,343.2,0.46,0.39,2021-10-30,815,N,VIIRS,n,2,302.54,8.13,D,0
30.04675,75.73706,336.32,0.46,0.39,2021-10-30,815,N,VIIRS,n,2,305.04,12.42,D,0
30.04874,75.86793,333.91,0.46,0.39,2021-10-30,815,N,VIIRS,n,2,299.86,2.96,D,0
30.04973,75.73173,331.66,0.46,0.39,2021-10-30,815,N,VIIRS,n,2,299.73,5.91,D,0
30.05527,75.80349,338.43,0.46,0.39,2021-10-30,815,N,VIIRS,n,2,301.06,5.42,D,0
30.0656,75.85538,331.34,0.46,0.39,2021-10-30,815,N,VIIRS,n,2,301.2,3.54,D,0
30.06712,76.22322,333.18,0.48,0.4,2021-10-30,815,N,VIIRS,n,2,302.09,6.57,D,0
30.07018,76.24811,339.1,0.48,0.4,2021-10-30,815,N,VIIRS,n,2,306.56,11.48,D,0
30.08798,76.24017,331.69,0.48,0.4,2021-10-30,815,N,VIIRS,n,2,301.9,2.52,D,0
30.08862,76.33701,334.82,0.48,0.4,2021-10-30,815,N,VIIRS,n,2,304.4,4.08,D,0
30.09295,76.37229,333.97,0.49,0.4,2021-10-30,815,N,VIIRS,n,2,302.7,3.63,D,0
30.09408,76.19864,333.39,0.48,0.4,2021-10-30,815,N,VIIRS,n,2,300.6,6.8,D,0
30.09775,76.19805,344.32,0.48,0.4,2021-10-30,815,N,VIIRS,n,2,301.13,6.8,D,0
30.1052,76.25775,335.96,0.48,0.4,2021-10-30,815,N,VIIRS,n,2,300.88,2.41,D,0
30.12188,76.30097,333.5,0.48,0.4,2021-10-30,815,N,VIIRS,n,2,303.14,2.41,D,0
30.12557,76.30038,332.74,0.48,0.4,2021-10-30,815,N,VIIRS,n,2,302.82,2.41,D,0
30.00032,75.13564,331.06,0.43,0.38,2021-10-30,816,N,VIIRS,n,2,300.67,4.03,D,0
30.01492,75.08279,343.6,0.43,0.38,2021-10-30,816,N,VIIRS,n,2,312.37,46.16,D,0
30.01664,75.04144,331.01,0.43,0.38,2021-10-30,816,N,VIIRS,n,2,299.66,2.35,D,0
30.04309,75.2713,336.04,0.44,0.38,2021-10-30,816,N,VIIRS,n,2,300.57,2.61,D,0
30.04726,75.73454,343.98,0.46,0.39,2021-10-30,816,N,VIIRS,n,2,309.68,32.33,D,0
30.05547,75.80105,347.39,0.46,0.39,2021-10-30,816,N,VIIRS,n,2,301.01,5.3,D,0
30.06524,75.73154,331.43,0.46,0.39,2021-10-30,816,N,VIIRS,l,2,302.27,5,D,0
30.06614,75.85782,341.74,0.46,0.39,2021-10-30,816,N,VIIRS,n,2,303.33,8.27,D,0
30.06778,75.63487,339.52,0.45,0.39,2021-10-30,816,N,VIIRS,n,2,303.2,13.02,D,0
30.07198,75.3549,330.05,0.44,0.38,2021-10-30,816,N,VIIRS,n,2,301.29,1.89,D,0
30.07226,75.81775,338.96,0.46,0.39,2021-10-30,816,N,VIIRS,n,2,308.52,28.51,D,0
30.07291,75.7933,339.74,0.46,0.39,2021-10-30,816,N,VIIRS,n,2,299.74,3.84,D,0
30.07363,75.25681,337.2,0.44,0.38,2021-10-30,816,N,VIIRS,n,2,300.44,3.94,D,0
30.07421,75.74457,335.82,0.46,0.39,2021-10-30,816,N,VIIRS,n,2,302.1,3.44,D,0
30.07511,75.04634,337.88,0.43,0.38,2021-10-30,816,N,VIIRS,n,2,301.88,5.76,D,0
30.08259,75.75286,342.75,0.46,0.39,2021-10-30,816,N,VIIRS,n,2,301.27,7.77,D,0
30.08553,75.12698,331.96,0.43,0.38,2021-10-30,816,N,VIIRS,n,2,301.15,2.47,D,0
30.08794,75.03499,344.94,0.43,0.38,2021-10-30,816,N,VIIRS,n,2,315.71,31.19,D,0
30.09039,75.75642,343.74,0.46,0.39,2021-10-30,816,N,VIIRS,n,2,302.13,14.25,D,0
30.09143,75.03439,340.75,0.43,0.38,2021-10-30,816,N,VIIRS,n,2,299.35,31.19,D,0
30.09164,75.67891,347.24,0.45,0.39,2021-10-30,816,N,VIIRS,n,2,306.49,11.84,D,0
30.09523,75.67831,347.41,0.45,0.39,2021-10-30,816,N,VIIRS,n,2,301.33,11.84,D,0
30.09784,75.02871,346.7,0.43,0.38,2021-10-30,816,N,VIIRS,n,2,301.95,8.11,D,0
30.0994,75.74039,336.53,0.46,0.39,2021-10-30,816,N,VIIRS,n,2,301.52,5.81,D,0
30.1012,75.72557,347.15,0.46,0.39,2021-10-30,816,N,VIIRS,n,2,306.21,19.28,D,0
30.10134,75.02811,344.64,0.43,0.38,2021-10-30,816,N,VIIRS,n,2,300.76,10.26,D,0
30.10299,75.73979,346.24,0.46,0.39,2021-10-30,816,N,VIIRS,n,2,300.49,5.81,D,0
30.11014,75.59428,336.52,0.45,0.39,2021-10-30,816,N,VIIRS,n,2,300.91,4.33,D,0
30.11378,75.70898,347.24,0.45,0.39,2021-10-30,816,N,VIIRS,n,2,302.8,9.34,D,0
30.11378,75.82552,334.37,0.46,0.39,2021-10-30,816,N,VIIRS,n,2,301.77,2.95,D,0
30.11417,75.12664,331.15,0.43,0.38,2021-10-30,816,N,VIIRS,n,2,300.96,2.06,D,0
30.11534,75.08054,333.26,0.43,0.38,2021-10-30,816,N,VIIRS,n,2,302.12,4.16,D,0
30.11776,75.51204,332.61,0.45,0.39,2021-10-30,816,N,VIIRS,n,2,300.51,3.2,D,0
30.11918,75.86865,344.3,0.46,0.39,2021-10-30,816,N,VIIRS,n,2,300.8,7.35,D,0
30.12325,76.2986,340.15,0.48,0.4,2021-10-30,816,N,VIIRS,n,2,303.01,3.61,D,0
30.12704,76.26734,342.18,0.48,0.4,2021-10-30,816,N,VIIRS,n,2,303.51,8,D,0
30.13357,75.7202,335.59,0.46,0.39,2021-10-30,816,N,VIIRS,n,2,300.75,3,D,0
30.13441,76.26615,337.38,0.48,0.4,2021-10-30,816,N,VIIRS,n,2,303.57,5.22,D,0
30.13663,75.77303,338.66,0.46,0.39,2021-10-30,816,N,VIIRS,n,2,302.8,5.72,D,0
30.14023,75.77244,336.45,0.46,0.39,2021-10-30,816,N,VIIRS,n,2,303.64,6.56,D,0
30.14306,76.24437,338.66,0.48,0.4,2021-10-30,816,N,VIIRS,n,2,303.52,3.86,D,0
30.14387,75.02531,344.17,0.43,0.38,2021-10-30,816,N,VIIRS,n,2,301.46,7.32,D,0
30.15172,75.27753,345.96,0.44,0.38,2021-10-30,816,N,VIIRS,n,2,305.79,16.65,D,0
30.15526,75.38927,333.1,0.44,0.39,2021-10-30,816,N,VIIRS,l,2,303.62,2.4,D,0
30.15881,75.38866,330.32,0.44,0.39,2021-10-30,816,N,VIIRS,l,2,300.97,2.4,D,0
30.16497,76.39484,346,0.49,0.4,2021-10-30,816,N,VIIRS,n,2,305.19,10.22,D,0
30.16579,75.21937,333.3,0.44,0.38,2021-10-30,816,N,VIIRS,n,2,300.82,2.35,D,0
30.16585,75.52945,332.64,0.45,0.39,2021-10-30,816,N,VIIRS,n,2,300.79,4.76,D,0
30.16644,75.53411,332.49,0.45,0.39,2021-10-30,816,N,VIIRS,n,2,300.38,4.76,D,0
30.16646,75.30769,334.16,0.44,0.38,2021-10-30,816,N,VIIRS,n,2,300.91,3.04,D,0
30.16808,75.87535,340.47,0.46,0.39,2021-10-30,816,N,VIIRS,n,2,301.08,10.4,D,0
30.16823,76.26583,333.92,0.48,0.4,2021-10-30,816,N,VIIRS,n,2,301.49,3.49,D,0
30.1693,76.39933,341.09,0.49,0.4,2021-10-30,816,N,VIIRS,n,2,303.22,7.54,D,0
30.17123,75.40069,338.29,0.44,0.39,2021-10-30,816,N,VIIRS,n,2,301.49,3.45,D,0
30.1717,75.87476,346.9,0.46,0.39,2021-10-30,816,N,VIIRS,n,2,303.89,10.4,D,0
30.17236,75.87668,345.77,0.46,0.39,2021-10-30,816,N,VIIRS,n,2,300.49,11.17,D,0
30.17236,76.42476,336.56,0.49,0.4,2021-10-30,816,N,VIIRS,n,2,305.01,8.87,D,0
30.17346,76.49753,339.04,0.49,0.4,2021-10-30,816,N,VIIRS,n,2,307.75,24.22,D,0
30.17595,75.55158,334.45,0.45,0.39,2021-10-30,816,N,VIIRS,n,2,300.12,2.23,D,0
30.17624,76.23902,334.67,0.48,0.4,2021-10-30,816,N,VIIRS,n,2,302.09,3.86,D,0
30.17684,76.27467,340.24,0.48,0.4,2021-10-30,816,N,VIIRS,n,2,302.7,6.86,D,0
30.17719,76.49693,336.5,0.49,0.4,2021-10-30,816,N,VIIRS,n,2,301.51,5.58,D,0
30.17983,76.39248,339.5,0.49,0.4,2021-10-30,816,N,VIIRS,n,2,302.73,3.58,D,0
30.18064,75.33335,332.98,0.44,0.38,2021-10-30,816,N,VIIRS,n,2,301.59,2.91,D,0
30.18263,75.12866,333.05,0.43,0.38,2021-10-30,816,N,VIIRS,n,2,301.02,2.92,D,0
30.18402,75.79147,340.47,0.46,0.39,2021-10-30,816,N,VIIRS,n,2,304.77,23.9,D,0
30.18416,76.39697,332.71,0.49,0.4,2021-10-30,816,N,VIIRS,n,2,304.1,4.42,D,0
30.18423,75.38907,331.3,0.44,0.39,2021-10-30,816,N,VIIRS,n,2,300.49,3.9,D,0
30.18478,76.40205,341.14,0.49,0.4,2021-10-30,816,N,VIIRS,n,2,303.94,4.42,D,0
30.18665,75.10607,344.46,0.43,0.38,2021-10-30,816,N,VIIRS,n,2,305.03,13.71,D,0
30.18667,75.10497,345.88,0.43,0.38,2021-10-30,816,N,VIIRS,n,2,304.97,13.28,D,0
30.18671,75.05099,338.96,0.43,0.38,2021-10-30,816,N,VIIRS,n,2,300.93,4.58,D,0
30.18778,75.38847,339.69,0.44,0.39,2021-10-30,816,N,VIIRS,n,2,300.98,3.9,D,0
30.18838,75.39307,332.63,0.44,0.39,2021-10-30,816,N,VIIRS,n,2,300.52,5.24,D,0
30.18894,75.36946,335,0.44,0.39,2021-10-30,816,N,VIIRS,n,2,300.98,3.32,D,0
30.19309,75.37346,341.5,0.44,0.39,2021-10-30,816,N,VIIRS,n,2,305.44,22.04,D,0
30.19315,75.43,332.9,0.44,0.39,2021-10-30,816,N,VIIRS,n,2,301.23,3.27,D,0
30.19408,76.32316,333.99,0.48,0.4,2021-10-30,816,N,VIIRS,n,2,302.03,3.01,D,0
30.19532,76.36417,342.28,0.49,0.4,2021-10-30,816,N,VIIRS,n,2,303.73,8.91,D,0
30.19656,76.34335,335.46,0.48,0.4,2021-10-30,816,N,VIIRS,n,2,304.32,6.55,D,0
30.19727,75.77953,332.08,0.46,0.39,2021-10-30,816,N,VIIRS,n,2,300.54,11.5,D,0
30.20335,76.33713,345.05,0.48,0.4,2021-10-30,816,N,VIIRS,n,2,308.11,13.11,D,0
30.20402,75.23605,333.65,0.44,0.38,2021-10-30,816,N,VIIRS,n,2,302.79,7.38,D,0
30.20501,75.43745,343.61,0.44,0.39,2021-10-30,816,N,VIIRS,n,2,302.07,6.44,D,0
30.20568,75.49896,337.26,0.45,0.39,2021-10-30,816,N,VIIRS,n,2,299.87,4.61,D,0
30.20705,76.33653,346.98,0.48,0.4,2021-10-30,816,N,VIIRS,n,2,303.25,13.11,D,0
30.20917,75.44147,333.51,0.45,0.39,2021-10-30,816,N,VIIRS,n,2,301.38,6.44,D,0
30.20932,75.58425,335.09,0.45,0.39,2021-10-30,816,N,VIIRS,n,2,303.32,7.86,D,0
30.21049,75.56492,330.17,0.45,0.39,2021-10-30,816,N,VIIRS,n,2,300.99,4.76,D,0
30.21109,75.5696,332.98,0.45,0.39,2021-10-30,816,N,VIIRS,n,2,301.54,7.4,D,0
30.2128,75.49776,337.1,0.45,0.39,2021-10-30,816,N,VIIRS,n,2,301,3.72,D,0
30.21515,76.49617,341.86,0.49,0.4,2021-10-30,816,N,VIIRS,n,2,309.16,41.88,D,0
30.22328,75.36494,337.96,0.44,0.39,2021-10-30,816,N,VIIRS,n,2,301.73,2.37,D,0
30.22462,75.23373,335.95,0.44,0.38,2021-10-30,816,N,VIIRS,n,2,301.66,3.07,D,0
30.22491,75.43544,338.62,0.45,0.39,2021-10-30,816,N,VIIRS,n,2,301.42,4.52,D,0
30.22634,75.43385,334.93,0.44,0.39,2021-10-30,816,N,VIIRS,n,2,300.41,4.05,D,0
30.2264,75.46224,342.42,0.45,0.39,2021-10-30,816,N,VIIRS,n,2,301.05,4.47,D,0
30.22752,75.28452,338.84,0.44,0.38,2021-10-30,816,N,VIIRS,n,2,301.92,4.55,D,0
30.22815,75.23312,340.81,0.44,0.38,2021-10-30,816,N,VIIRS,n,2,300.59,4.19,D,0
30.22841,75.46329,341.96,0.45,0.39,2021-10-30,816,N,VIIRS,n,2,300.82,3.92,D,0
30.23371,75.54668,330.67,0.45,0.39,2021-10-30,816,N,VIIRS,l,2,302.07,2.43,D,0
30.23675,75.44291,333.44,0.45,0.39,2021-10-30,816,N,VIIRS,n,2,300.96,8.88,D,0
30.23697,75.21767,337.59,0.44,0.38,2021-10-30,816,N,VIIRS,n,2,304.57,6.24,D,0
30.23776,75.49356,341.01,0.45,0.39,2021-10-30,816,N,VIIRS,n,2,309.4,33.45,D,0
30.24174,75.72351,335.07,0.46,0.39,2021-10-30,816,N,VIIRS,n,2,299.87,2.44,D,0
30.24377,76.48118,335.79,0.49,0.4,2021-10-30,816,N,VIIRS,n,2,305.03,8.51,D,0
30.24443,76.47855,331.84,0.49,0.4,2021-10-30,816,N,VIIRS,n,2,301.68,3.73,D,0
30.24503,76.4837,333.44,0.49,0.4,2021-10-30,816,N,VIIRS,n,2,303.13,5.58,D,0
30.24504,75.45098,336.25,0.45,0.39,2021-10-30,816,N,VIIRS,n,2,301.97,5.66,D,0
30.25337,75.43063,337.26,0.45,0.39,2021-10-30,816,N,VIIRS,n,2,306.06,9.98,D,0
30.2563,75.14482,340.66,0.43,0.38,2021-10-30,816,N,VIIRS,n,2,302.65,4.78,D,0
30.25693,75.43003,339.31,0.45,0.39,2021-10-30,816,N,VIIRS,n,2,300.57,9.98,D,0
30.25741,75.52025,337.9,0.45,0.39,2021-10-30,816,N,VIIRS,n,2,303.91,3.75,D,0
30.2605,75.81307,333.12,0.46,0.39,2021-10-30,816,N,VIIRS,n,2,301.36,4.59,D,0
30.26098,75.51965,330.61,0.45,0.39,2021-10-30,816,N,VIIRS,l,2,300.81,3.75,D,0
30.26278,76.34562,346.46,0.49,0.4,2021-10-30,816,N,VIIRS,n,2,302.32,8.44,D,0
30.26523,75.40969,333.56,0.44,0.39,2021-10-30,816,N,VIIRS,n,2,300,2.62,D,0
30.2676,75.31515,338.07,0.44,0.38,2021-10-30,816,N,VIIRS,n,2,305.46,18.22,D,0
30.27012,75.80169,341.2,0.46,0.39,2021-10-30,816,N,VIIRS,n,2,304.02,10.97,D,0
30.27057,75.80331,346,0.46,0.39,2021-10-30,816,N,VIIRS,n,2,303.05,13.98,D,0
30.27353,75.41775,331.61,0.44,0.39,2021-10-30,816,N,VIIRS,n,2,299.62,4.92,D,0
30.27374,75.80109,337.74,0.46,0.39,2021-10-30,816,N,VIIRS,n,2,301.25,9.16,D,0
30.27705,76.30723,340.11,0.48,0.4,2021-10-30,816,N,VIIRS,n,2,307.9,22.57,D,0
30.27736,75.8005,345.65,0.46,0.39,2021-10-30,816,N,VIIRS,n,2,304.07,9.16,D,0
30.28042,75.8245,338.87,0.46,0.39,2021-10-30,816,N,VIIRS,n,2,302.7,11.24,D,0
30.28123,75.44962,334.35,0.45,0.39,2021-10-30,816,N,VIIRS,n,2,301.23,3.1,D,0
30.28229,75.26115,337.37,0.44,0.38,2021-10-30,816,N,VIIRS,n,2,305.02,10.8,D,0
30.28356,75.35471,333.16,0.44,0.39,2021-10-30,816,N,VIIRS,n,2,301.87,1.92,D,0
30.28593,75.03974,331.56,0.43,0.38,2021-10-30,816,N,VIIRS,n,2,299.82,2.38,D,0
30.28717,75.5248,342.65,0.45,0.39,2021-10-30,816,N,VIIRS,n,2,306.66,21.82,D,0
30.29011,75.60582,334.41,0.45,0.39,2021-10-30,816,N,VIIRS,n,2,301.67,3.84,D,0
30.30211,75.19402,339.75,0.44,0.38,2021-10-30,816,N,VIIRS,n,2,303.37,3.82,D,0
30.30262,75.47452,332.62,0.45,0.39,2021-10-30,816,N,VIIRS,l,2,302.97,7.3,D,0
30.30265,75.64713,335.36,0.45,0.39,2021-10-30,816,N,VIIRS,n,2,300.58,3.42,D,0
30.30276,75.19711,340.82,0.44,0.38,2021-10-30,816,N,VIIRS,n,2,303.79,4.64,D,0
30.30907,75.84603,343.15,0.46,0.39,2021-10-30,816,N,VIIRS,n,2,301.44,7.68,D,0
30.31062,75.28438,342.25,0.44,0.38,2021-10-30,816,N,VIIRS,n,2,304.52,11.16,D,0
30.31372,75.28539,345.46,0.44,0.38,2021-10-30,816,N,VIIRS,n,2,302.78,14.52,D,0
30.31416,75.28378,340.93,0.44,0.38,2021-10-30,816,N,VIIRS,n,2,301.06,6.28,D,0
30.31462,75.65481,335.78,0.45,0.39,2021-10-30,816,N,VIIRS,n,2,299.57,3.24,D,0
30.32159,76.48726,333.97,0.49,0.41,2021-10-30,816,N,VIIRS,n,2,301.04,3.43,D,0
30.32267,75.18584,336.42,0.44,0.38,2021-10-30,816,N,VIIRS,n,2,305.55,9.13,D,0
30.32495,75.26006,340.74,0.44,0.38,2021-10-30,816,N,VIIRS,n,2,301.99,3.97,D,0
30.32557,75.23658,333.45,0.44,0.38,2021-10-30,816,N,VIIRS,n,2,301.89,8.9,D,0
30.32562,75.0145,337.75,0.43,0.38,2021-10-30,816,N,VIIRS,n,2,302.8,4.71,D,0
30.32608,75.29734,335.74,0.44,0.38,2021-10-30,816,N,VIIRS,n,2,304.56,10.36,D,0
30.32912,75.01389,338.71,0.43,0.38,2021-10-30,816,N,VIIRS,n,2,302.18,9.82,D,0
30.32943,75.51292,337.33,0.45,0.39,2021-10-30,816,N,VIIRS,n,2,301.99,5.56,D,0
30.33148,75.19828,340.64,0.44,0.38,2021-10-30,816,N,VIIRS,n,2,305.31,9.2,D,0
30.3315,75.11478,332.88,0.43,0.38,2021-10-30,816,N,VIIRS,n,2,303.37,2.53,D,0
30.33192,75.97112,334.49,0.47,0.4,2021-10-30,816,N,VIIRS,n,2,300.14,5.33,D,0
30.335,75.19767,338.42,0.44,0.38,2021-10-30,816,N,VIIRS,n,2,300.69,9.2,D,0
30.33602,76.31545,336.57,0.49,0.4,2021-10-30,816,N,VIIRS,n,2,304.32,14.12,D,0
30.33853,75.19707,336.25,0.44,0.38,2021-10-30,816,N,VIIRS,n,2,301.36,3.04,D,0
30.34162,75.69395,333.61,0.46,0.39,2021-10-30,816,N,VIIRS,n,2,300.84,3.39,D,0
30.34314,76.32246,342.25,0.49,0.4,2021-10-30,816,N,VIIRS,n,2,303.74,10.85,D,0
30.34643,75.70287,335.78,0.46,0.39,2021-10-30,816,N,VIIRS,n,2,300.5,4.57,D,0
30.34675,75.23296,345.67,0.44,0.38,2021-10-30,816,N,VIIRS,n,2,303.2,10.82,D,0
30.34839,76.4883,334.8,0.49,0.41,2021-10-30,816,N,VIIRS,n,2,301.34,4.76,D,0
30.35131,75.01924,333.74,0.43,0.38,2021-10-30,816,N,VIIRS,n,2,300.35,3.42,D,0
30.35322,75.28333,335.24,0.44,0.38,2021-10-30,816,N,VIIRS,n,2,304.48,7.48,D,0
30.35734,75.20316,332.97,0.44,0.38,2021-10-30,816,N,VIIRS,n,2,302.07,1.88,D,0
30.3577,76.47108,330.91,0.49,0.41,2021-10-30,816,N,VIIRS,n,2,301.63,1.43,D,0
30.35842,76.47332,332.26,0.49,0.41,2021-10-30,816,N,VIIRS,n,2,302.25,2.26,D,0
30.3603,75.3103,340.94,0.44,0.38,2021-10-30,816,N,VIIRS,n,2,303.8,4.37,D,0
30.36198,75.12804,345.85,0.44,0.38,2021-10-30,816,N,VIIRS,n,2,309.76,21.6,D,0
30.36384,75.30969,333.09,0.44,0.38,2021-10-30,816,N,VIIRS,n,2,301.38,4.37,D,0
30.36993,76.34623,336.5,0.49,0.4,2021-10-30,816,N,VIIRS,n,2,302.35,4.47,D,0
30.37126,76.29431,339.11,0.48,0.4,2021-10-30,816,N,VIIRS,n,2,300.29,5.62,D,0
30.37211,75.3177,339.17,0.44,0.39,2021-10-30,816,N,VIIRS,l,2,309.27,24.62,D,0
30.37565,75.3171,336.34,0.44,0.39,2021-10-30,816,N,VIIRS,n,2,302.07,5.55,D,0
30.37803,75.89397,338.93,0.47,0.39,2021-10-30,816,N,VIIRS,n,2,300.81,4.9,D,0
30.37981,75.81672,341.01,0.46,0.39,2021-10-30,816,N,VIIRS,n,2,303.11,15.82,D,0
30.39131,75.13226,348.29,0.44,0.38,2021-10-30,816,N,VIIRS,n,2,301.67,8.85,D,0
30.39139,75.91163,336.27,0.47,0.39,2021-10-30,816,N,VIIRS,n,2,299.99,3.6,D,0
30.39151,75.244,337.48,0.44,0.38,2021-10-30,816,N,VIIRS,l,2,310.06,24.49,D,0
30.3921,75.70692,335.53,0.46,0.39,2021-10-30,816,N,VIIRS,n,2,300.99,4.54,D,0
30.39211,75.24858,337.74,0.44,0.38,2021-10-30,816,N,VIIRS,n,2,300.53,2.88,D,0
30.39222,76.34267,332.17,0.49,0.4,2021-10-30,816,N,VIIRS,n,2,300.99,3.39,D,0
30.39283,76.34775,332.93,0.49,0.4,2021-10-30,816,N,VIIRS,n,2,301.34,4.62,D,0
30.39442,75.75538,342.11,0.46,0.39,2021-10-30,816,N,VIIRS,n,2,302.15,3.63,D,0
30.39505,75.2434,344.69,0.44,0.38,2021-10-30,816,N,VIIRS,n,2,306.71,34.75,D,0
30.39526,75.91311,334.42,0.47,0.39,2021-10-30,816,N,VIIRS,n,2,300.35,27.35,D,0
30.39693,75.68664,339.58,0.46,0.39,2021-10-30,816,N,VIIRS,n,2,301.2,6.91,D,0
30.39863,75.75957,332.01,0.46,0.39,2021-10-30,816,N,VIIRS,n,2,299.32,3.63,D,0
30.39973,75.2239,336.73,0.44,0.38,2021-10-30,816,N,VIIRS,n,2,303.56,39.96,D,0
30.40053,75.68604,341.96,0.46,0.39,2021-10-30,816,N,VIIRS,n,2,303.68,40.37,D,0
30.4006,75.45493,346.9,0.45,0.39,2021-10-30,816,N,VIIRS,n,2,309.14,34.14,D,0
30.40396,76.37716,339.75,0.49,0.4,2021-10-30,816,N,VIIRS,n,2,300.92,7.46,D,0
30.40662,75.97608,333.08,0.47,0.4,2021-10-30,816,N,VIIRS,n,2,299.92,4.57,D,0
30.40769,76.37657,332.48,0.49,0.4,2021-10-30,816,N,VIIRS,n,2,301.09,2.8,D,0
30.4095,75.72842,346.81,0.46,0.39,2021-10-30,816,N,VIIRS,n,2,303.28,22.35,D,0
30.41027,75.97548,339.22,0.47,0.4,2021-10-30,816,N,VIIRS,n,2,301.08,4.57,D,0
30.41332,75.24496,333.37,0.44,0.38,2021-10-30,816,N,VIIRS,n,2,300.23,3.68,D,0
30.41544,75.8059,333.82,0.46,0.39,2021-10-30,816,N,VIIRS,n,2,299.72,3.07,D,0
30.41555,75.60111,344.78,0.45,0.39,2021-10-30,816,N,VIIRS,n,2,300.87,6.52,D,0
30.41574,76.44325,335.43,0.49,0.4,2021-10-30,816,N,VIIRS,n,2,303.73,7.78,D,0
30.416,75.84031,335.77,0.46,0.39,2021-10-30,816,N,VIIRS,n,2,300.75,7.25,D,0
30.41853,75.71228,330.62,0.46,0.39,2021-10-30,816,N,VIIRS,n,2,299.33,2.39,D,0
30.42023,75.27866,334.92,0.44,0.38,2021-10-30,816,N,VIIRS,n,2,301.96,4.74,D,0
30.42167,75.28105,332.32,0.44,0.38,2021-10-30,816,N,VIIRS,n,2,300.58,2.67,D,0
30.42496,75.44606,333.59,0.45,0.39,2021-10-30,816,N,VIIRS,n,2,302.69,3.73,D,0
30.42511,75.14698,336.48,0.44,0.38,2021-10-30,816,N,VIIRS,n,2,304.96,8.9,D,0
30.42747,75.08166,330.85,0.43,0.38,2021-10-30,816,N,VIIRS,n,2,299.27,7.79,D,0
30.42852,75.44546,334.9,0.45,0.39,2021-10-30,816,N,VIIRS,n,2,299.7,3.52,D,0
30.42933,75.79868,338.42,0.46,0.39,2021-10-30,816,N,VIIRS,n,2,299.29,4.2,D,0
30.43476,75.75359,349.05,0.46,0.39,2021-10-30,816,N,VIIRS,n,2,300.55,6.07,D,0
30.43653,75.88647,345.48,0.47,0.39,2021-10-30,816,N,VIIRS,n,2,300.77,6.52,D,0
30.43743,75.13091,341.17,0.44,0.38,2021-10-30,816,N,VIIRS,n,2,304.48,21.34,D,0
30.43756,76.49766,335.01,0.5,0.41,2021-10-30,816,N,VIIRS,n,2,300.29,3.5,D,0
30.43765,75.5733,332.32,0.45,0.39,2021-10-30,816,N,VIIRS,n,2,299.86,4.25,D,0
30.44016,75.88586,337.75,0.47,0.39,2021-10-30,816,N,VIIRS,n,2,298.57,4.1,D,0
30.44138,75.86583,341.6,0.47,0.39,2021-10-30,816,N,VIIRS,n,2,302.15,4.52,D,0
30.44153,75.07924,335.18,0.43,0.38,2021-10-30,816,N,VIIRS,n,2,303.12,23.9,D,0
30.4426,75.78665,344.11,0.46,0.39,2021-10-30,816,N,VIIRS,n,2,303.02,11.79,D,0
30.44373,75.64968,336.12,0.46,0.39,2021-10-30,816,N,VIIRS,n,2,301.6,3.11,D,0
30.445,75.895,332.17,0.47,0.39,2021-10-30,816,N,VIIRS,n,2,300.03,3.52,D,0
30.44561,75.89987,332.59,0.47,0.39,2021-10-30,816,N,VIIRS,n,2,299.54,3.52,D,0
30.4475,76.45399,344.57,0.49,0.41,2021-10-30,816,N,VIIRS,n,2,301.71,8,D,0
30.4485,76.30779,332.88,0.49,0.4,2021-10-30,816,N,VIIRS,n,2,302.52,12.22,D,0
30.44896,75.54733,331.48,0.45,0.39,2021-10-30,816,N,VIIRS,l,2,301.87,3.94,D,0
30.44979,76.3049,346.74,0.49,0.4,2021-10-30,816,N,VIIRS,n,2,304.23,22.72,D,0
30.45078,76.15575,331.68,0.48,0.4,2021-10-30,816,N,VIIRS,n,2,298.73,2.4,D,0
30.45241,75.48918,334.66,0.45,0.39,2021-10-30,816,N,VIIRS,n,2,301.02,2.69,D,0
30.45274,75.66276,340.59,0.46,0.39,2021-10-30,816,N,VIIRS,n,2,306.2,27.25,D,0
30.4631,75.77345,332.5,0.46,0.39,2021-10-30,816,N,VIIRS,n,2,300.42,3.71,D,0
30.46371,75.77825,332.31,0.46,0.39,2021-10-30,816,N,VIIRS,n,2,300.57,3.71,D,0
30.46658,75.5611,332.93,0.45,0.39,2021-10-30,816,N,VIIRS,n,2,301.02,2.5,D,0
30.4668,75.16308,334.09,0.44,0.38,2021-10-30,816,N,VIIRS,n,2,299.55,6.26,D,0
30.46785,75.72363,332.23,0.46,0.39,2021-10-30,816,N,VIIRS,n,2,299.94,5.04,D,0
30.47033,75.44535,333.44,0.45,0.39,2021-10-30,816,N,VIIRS,n,2,302.32,10.88,D,0
30.47075,75.56522,334.96,0.45,0.39,2021-10-30,816,N,VIIRS,n,2,301.24,8.71,D,0
30.47346,75.8556,333.77,0.46,0.39,2021-10-30,816,N,VIIRS,n,2,300.84,3.09,D,0
30.47393,75.38761,336.13,0.45,0.39,2021-10-30,816,N,VIIRS,n,2,303.71,7.96,D,0
30.47434,75.65917,341.16,0.46,0.39,2021-10-30,816,N,VIIRS,n,2,300.52,4.25,D,0
30.47452,75.39226,335.83,0.45,0.39,2021-10-30,816,N,VIIRS,n,2,301.6,7.96,D,0
30.47616,75.54986,339.34,0.45,0.39,2021-10-30,816,N,VIIRS,n,2,301.63,7.61,D,0
30.47777,75.65125,341.68,0.46,0.39,2021-10-30,816,N,VIIRS,n,2,303.75,16.85,D,0
30.47841,75.62684,335.06,0.46,0.39,2021-10-30,816,N,VIIRS,l,2,305.2,8.76,D,0
30.48096,75.52979,345.22,0.45,0.39,2021-10-30,816,N,VIIRS,n,2,302.81,20.79,D,0
30.48131,75.67987,330.12,0.46,0.39,2021-10-30,816,N,VIIRS,n,2,298.9,2.98,D,0
30.48155,75.5345,344.83,0.45,0.39,2021-10-30,816,N,VIIRS,n,2,310.02,20.79,D,0
30.48201,75.62624,342.92,0.46,0.39,2021-10-30,816,N,VIIRS,n,2,301.65,8.76,D,0
30.48314,75.66495,336.09,0.46,0.39,2021-10-30,816,N,VIIRS,n,2,304.78,11.88,D,0
30.48353,75.7578,332.04,0.46,0.39,2021-10-30,816,N,VIIRS,n,2,299.97,2.77,D,0
30.48356,75.01656,344.7,0.43,0.38,2021-10-30,816,N,VIIRS,n,2,300.64,10.47,D,0
30.48648,75.7819,344.17,0.46,0.39,2021-10-30,816,N,VIIRS,n,2,299.91,6.84,D,0
30.48665,75.78431,337.87,0.46,0.39,2021-10-30,816,N,VIIRS,n,2,300.69,6.77,D,0
30.48816,75.3852,338.96,0.45,0.39,2021-10-30,816,N,VIIRS,n,2,300.72,3.17,D,0
30.48856,75.64944,341.44,0.46,0.39,2021-10-30,816,N,VIIRS,n,2,302.45,4.82,D,0
30.48865,75.59121,333.68,0.45,0.39,2021-10-30,816,N,VIIRS,n,2,301.49,26.1,D,0
30.48924,75.59595,334.7,0.45,0.39,2021-10-30,816,N,VIIRS,n,2,301.38,6.92,D,0
30.49017,75.75179,332.6,0.46,0.39,2021-10-30,816,N,VIIRS,n,2,300.15,2.72,D,0
30.49167,75.29942,331.11,0.44,0.39,2021-10-30,816,N,VIIRS,n,2,299.8,2.22,D,0
30.49212,75.67806,340.31,0.46,0.39,2021-10-30,816,N,VIIRS,n,2,300.7,5.15,D,0
30.49229,75.5327,344.08,0.45,0.39,2021-10-30,816,N,VIIRS,n,2,302.99,10,D,0
30.49469,75.40786,336.41,0.45,0.39,2021-10-30,816,N,VIIRS,n,2,300.04,3.71,D,0
30.49759,75.01414,334.8,0.43,0.38,2021-10-30,816,N,VIIRS,n,2,300.1,3.15,D,0
30.49766,75.4026,331.24,0.45,0.39,2021-10-30,816,N,VIIRS,n,2,300.49,3.71,D,0
30.49815,75.01554,351.17,0.43,0.38,2021-10-30,816,N,VIIRS,n,2,304.18,9.83,D,0
30.49912,75.79459,335.5,0.46,0.39,2021-10-30,816,N,VIIRS,n,2,301.88,9.01,D,0
30.50073,75.09218,336.62,0.43,0.38,2021-10-30,816,N,VIIRS,n,2,302.94,7.31,D,0
30.5012,75.3735,334.21,0.45,0.39,2021-10-30,816,N,VIIRS,n,2,300.25,2.7,D,0
30.50122,75.40199,342.4,0.45,0.39,2021-10-30,816,N,VIIRS,n,2,301.29,5.52,D,0
30.50135,75.87342,333.34,0.47,0.39,2021-10-30,816,N,VIIRS,n,2,302.26,10.65,D,0
30.50136,75.87086,346.39,0.47,0.39,2021-10-30,816,N,VIIRS,n,2,302.21,8.01,D,0
30.50165,75.01493,346.74,0.43,0.38,2021-10-30,816,N,VIIRS,n,2,301.79,20.04,D,0
30.50393,75.80368,331.82,0.46,0.39,2021-10-30,816,N,VIIRS,l,2,301.89,99.04,D,0
30.50476,75.37289,332.99,0.45,0.39,2021-10-30,816,N,VIIRS,n,2,299.54,3.06,D,0
30.50594,75.67088,333.94,0.46,0.39,2021-10-30,816,N,VIIRS,n,2,300.87,4,D,0
30.50636,75.24516,336.16,0.44,0.38,2021-10-30,816,N,VIIRS,n,2,301.04,8.78,D,0
30.51239,75.3195,339.61,0.44,0.39,2021-10-30,816,N,VIIRS,n,2,301.47,6.65,D,0
30.51318,75.55328,333.41,0.45,0.39,2021-10-30,816,N,VIIRS,n,2,300.24,5.9,D,0
30.51376,75.64523,340.9,0.46,0.39,2021-10-30,816,N,VIIRS,n,2,303.21,7.17,D,0
30.51555,75.65954,336.84,0.46,0.39,2021-10-30,816,N,VIIRS,n,2,309.16,31.1,D,0
30.51611,75.18426,336.56,0.44,0.38,2021-10-30,816,N,VIIRS,n,2,300.59,4.7,D,0
30.51624,75.1826,340.69,0.44,0.38,2021-10-30,816,N,VIIRS,n,2,300.51,5.22,D,0
30.51704,75.27156,345.96,0.44,0.38,2021-10-30,816,N,VIIRS,n,2,301.3,8.87,D,0
30.51798,75.08611,333.01,0.44,0.38,2021-10-30,816,N,VIIRS,n,2,300.88,3.37,D,0
30.51856,75.65415,334.14,0.46,0.39,2021-10-30,816,N,VIIRS,n,2,301.73,7.77,D,0
30.51916,75.65893,336.39,0.46,0.39,2021-10-30,816,N,VIIRS,n,2,301.39,10.75,D,0
30.52026,75.78616,335.01,0.46,0.39,2021-10-30,816,N,VIIRS,n,2,302.37,8.14,D,0
30.52388,75.78558,342.01,0.46,0.39,2021-10-30,816,N,VIIRS,n,2,304.14,8.14,D,0
30.52435,75.38381,333.71,0.45,0.39,2021-10-30,816,N,VIIRS,n,2,299.72,1.81,D,0
30.52439,75.41236,334.28,0.45,0.39,2021-10-30,816,N,VIIRS,n,2,300.2,4.06,D,0
30.52516,75.64819,330.88,0.46,0.39,2021-10-30,816,N,VIIRS,l,2,303.04,3.15,D,0
30.52694,75.57513,344.01,0.45,0.39,2021-10-30,816,N,VIIRS,n,2,301.32,7.88,D,0
30.52695,75.72116,331.86,0.46,0.39,2021-10-30,816,N,VIIRS,n,2,300.01,1.55,D,0
30.52791,75.38322,345.56,0.45,0.39,2021-10-30,816,N,VIIRS,n,2,301.11,7.53,D,0
30.52804,75.46909,333.19,0.45,0.39,2021-10-30,816,N,VIIRS,n,2,300.74,2.25,D,0
30.52872,75.56033,330.85,0.45,0.39,2021-10-30,816,N,VIIRS,n,2,301.31,2.36,D,0
30.53113,75.78437,333.68,0.46,0.39,2021-10-30,816,N,VIIRS,n,2,303.23,7.53,D,0
30.53205,75.05586,338.87,0.43,0.38,2021-10-30,816,N,VIIRS,n,2,301.53,4.39,D,0
30.53285,75.50665,332.01,0.45,0.39,2021-10-30,816,N,VIIRS,n,2,300.35,3.23,D,0
30.53416,75.6613,338.48,0.46,0.39,2021-10-30,816,N,VIIRS,n,2,307.71,27.38,D,0
30.53569,75.41523,342.87,0.45,0.39,2021-10-30,816,N,VIIRS,n,2,301.82,11.06,D,0
30.53643,75.50606,332.79,0.45,0.39,2021-10-30,816,N,VIIRS,n,2,299.93,4.91,D,0
30.53777,75.66071,341.76,0.46,0.39,2021-10-30,816,N,VIIRS,n,2,307.25,27.38,D,0
30.5387,75.43858,333.87,0.45,0.39,2021-10-30,816,N,VIIRS,n,2,300.67,2.87,D,0
30.54012,75.59228,340.45,0.45,0.39,2021-10-30,816,N,VIIRS,n,2,301.32,3.84,D,0
30.54061,75.98193,345.16,0.47,0.4,2021-10-30,816,N,VIIRS,n,2,302.06,11.28,D,0
30.5414,75.77775,346.66,0.46,0.39,2021-10-30,816,N,VIIRS,n,2,304.95,10.88,D,0
30.54227,75.43799,346.35,0.45,0.39,2021-10-30,816,N,VIIRS,n,2,302.45,8.19,D,0
30.54546,75.27312,347.37,0.44,0.39,2021-10-30,816,N,VIIRS,n,2,311.69,36.68,D,0
30.54557,75.901,331.99,0.47,0.4,2021-10-30,816,N,VIIRS,n,2,299.47,2.39,D,0
30.54679,75.67384,338.9,0.46,0.39,2021-10-30,816,N,VIIRS,n,2,301.07,3.65,D,0
30.54773,75.3484,341.48,0.44,0.39,2021-10-30,816,N,VIIRS,n,2,301.11,10.69,D,0
30.54956,75.30547,344.2,0.44,0.39,2021-10-30,816,N,VIIRS,n,2,303.46,5.28,D,0
30.5505,75.45761,331.45,0.45,0.39,2021-10-30,816,N,VIIRS,n,2,299.6,2.08,D,0
30.55108,75.4623,333.8,0.45,0.39,2021-10-30,816,N,VIIRS,n,2,301.16,4.7,D,0
30.55244,75.4602,340.72,0.45,0.39,2021-10-30,816,N,VIIRS,n,2,301.99,6.05,D,0
30.55316,75.24825,341.2,0.44,0.38,2021-10-30,816,N,VIIRS,n,2,301.37,5.49,D,0
30.5546,75.67744,340.15,0.46,0.39,2021-10-30,816,N,VIIRS,n,2,301.72,6.65,D,0
30.5561,75.27131,336.85,0.44,0.39,2021-10-30,816,N,VIIRS,n,2,300.5,3.66,D,0
30.55802,75.56026,332.97,0.45,0.39,2021-10-30,816,N,VIIRS,n,2,300.69,5.62,D,0
30.5596,75.32741,330.08,0.44,0.39,2021-10-30,816,N,VIIRS,l,2,300.34,2.59,D,0
30.56074,75.81406,343.91,0.46,0.39,2021-10-30,816,N,VIIRS,n,2,302.28,4.15,D,0
30.56317,75.86324,331.74,0.47,0.39,2021-10-30,816,N,VIIRS,n,2,301.52,1.83,D,0
30.56376,75.80862,330.31,0.46,0.39,2021-10-30,816,N,VIIRS,n,2,300.99,4.15,D,0
30.5641,75.50813,344.37,0.45,0.39,2021-10-30,816,N,VIIRS,n,2,301.08,5.26,D,0
30.565,75.90779,338.87,0.47,0.4,2021-10-30,816,N,VIIRS,n,2,300.56,4.39,D,0
30.56641,76.4833,332.86,0.5,0.41,2021-10-30,816,N,VIIRS,n,2,301.71,3.54,D,0
30.56648,76.48527,332.94,0.5,0.41,2021-10-30,816,N,VIIRS,n,2,301.71,3.31,D,0
30.56781,75.66547,336.14,0.46,0.39,2021-10-30,816,N,VIIRS,n,2,301.12,5.79,D,0
30.56801,75.84258,341.67,0.47,0.39,2021-10-30,816,N,VIIRS,n,2,303.11,12.02,D,0
30.5707,75.04918,343.33,0.43,0.38,2021-10-30,816,N,VIIRS,n,2,302.48,5.58,D,0
30.57075,75.63087,330.39,0.46,0.39,2021-10-30,816,N,VIIRS,n,2,300.18,2.8,D,0
30.57253,75.45868,337.57,0.45,0.39,2021-10-30,816,N,VIIRS,n,2,300.54,5.1,D,0
30.57342,75.79713,340.42,0.46,0.39,2021-10-30,816,N,VIIRS,l,2,311.23,35.99,D,0
30.57455,75.65177,331.11,0.46,0.39,2021-10-30,816,N,VIIRS,n,2,300.78,4.44,D,0
30.57467,75.83652,346.26,0.47,0.39,2021-10-30,816,N,VIIRS,n,2,302.31,9.99,D,0
30.57773,75.04796,336.75,0.43,0.38,2021-10-30,816,N,VIIRS,n,2,304.12,11.36,D,0
30.58078,75.52459,346.69,0.45,0.39,2021-10-30,816,N,VIIRS,n,2,300.01,4.04,D,0
30.58124,75.04736,336.96,0.43,0.38,2021-10-30,816,N,VIIRS,n,2,299.64,11.36,D,0
30.58197,75.13554,331.05,0.44,0.38,2021-10-30,816,N,VIIRS,n,2,300.86,2.68,D,0
30.58296,75.72659,343.19,0.46,0.39,2021-10-30,816,N,VIIRS,n,2,302.36,7.44,D,0
30.58373,75.54824,337.29,0.45,0.39,2021-10-30,816,N,VIIRS,n,2,299.28,4.17,D,0
30.58436,75.52399,330.97,0.45,0.39,2021-10-30,816,N,VIIRS,n,2,299.98,4.04,D,0
30.58669,75.57195,333.5,0.45,0.39,2021-10-30,816,N,VIIRS,n,2,301.34,4,D,0
30.5973,75.68707,330.83,0.46,0.39,2021-10-30,816,N,VIIRS,n,2,300.06,2.34,D,0
30.59752,75.48326,338.43,0.45,0.39,2021-10-30,816,N,VIIRS,n,2,301.24,3.35,D,0
30.59808,75.54584,335.88,0.45,0.39,2021-10-30,816,N,VIIRS,n,2,300.94,4.43,D,0
30.59955,75.76536,330.97,0.46,0.39,2021-10-30,816,N,VIIRS,n,2,300.49,8.21,D,0
30.59987,75.33005,330.76,0.44,0.39,2021-10-30,816,N,VIIRS,n,2,301.84,2.57,D,0
30.60014,75.7702,336.39,0.46,0.39,2021-10-30,816,N,VIIRS,n,2,303.93,8.21,D,0
30.60641,75.35268,339.63,0.45,0.39,2021-10-30,816,N,VIIRS,n,2,304.88,6.01,D,0
30.60885,75.48616,332.17,0.45,0.39,2021-10-30,816,N,VIIRS,n,2,300.71,2.89,D,0
30.61199,76.01566,339.29,0.47,0.4,2021-10-30,816,N,VIIRS,n,2,301.45,3.57,D,0
30.61236,75.3707,347.29,0.45,0.39,2021-10-30,816,N,VIIRS,n,2,304.04,9.7,D,0
30.61892,75.39343,332.94,0.45,0.39,2021-10-30,816,N,VIIRS,n,2,301.25,3.47,D,0
30.6214,76.46398,333.06,0.5,0.41,2021-10-30,816,N,VIIRS,n,2,301.94,4.03,D,0
30.62194,75.44553,335.74,0.45,0.39,2021-10-30,816,N,VIIRS,n,2,302.55,3.94,D,0
30.62248,75.39283,334.39,0.45,0.39,2021-10-30,816,N,VIIRS,n,2,299.74,5.22,D,0
30.62622,75.03623,332.21,0.43,0.38,2021-10-30,816,N,VIIRS,n,2,300.77,10.04,D,0
30.6267,75.77567,345.51,0.46,0.39,2021-10-30,816,N,VIIRS,n,2,300.52,4.96,D,0
30.63206,75.43903,342.48,0.45,0.39,2021-10-30,816,N,VIIRS,n,2,302.51,5.12,D,0
30.64302,75.75816,338.4,0.46,0.39,2021-10-30,816,N,VIIRS,n,2,300.05,4.14,D,0
30.64907,75.1581,344.04,0.44,0.38,2021-10-30,816,N,VIIRS,n,2,302.87,12.93,D,0
30.65494,75.20403,337.65,0.44,0.38,2021-10-30,816,N,VIIRS,n,2,300.81,4.59,D,0
30.65892,75.37865,330.33,0.45,0.39,2021-10-30,816,N,VIIRS,n,2,300.01,2.35,D,0
30.6595,75.38334,332.49,0.45,0.39,2021-10-30,816,N,VIIRS,n,2,300.37,2.35,D,0
30.65989,75.95472,333.23,0.47,0.4,2021-10-30,816,N,VIIRS,n,2,302.66,5.67,D,0
30.66082,75.25014,335.25,0.44,0.39,2021-10-30,816,N,VIIRS,n,2,302.3,6.96,D,0
30.66084,75.13736,336.94,0.44,0.38,2021-10-30,816,N,VIIRS,n,2,302.57,8.44,D,0
30.66109,75.69608,341.81,0.46,0.39,2021-10-30,816,N,VIIRS,n,2,302.96,11.88,D,0
30.66131,75.46772,339.68,0.45,0.39,2021-10-30,816,N,VIIRS,n,2,306.8,19.3,D,0
30.66143,75.14194,333.2,0.44,0.38,2021-10-30,816,N,VIIRS,n,2,302.54,9.05,D,0
30.66292,75.46906,341.07,0.45,0.39,2021-10-30,816,N,VIIRS,n,2,304.85,28.56,D,0
30.66306,75.453,335.31,0.45,0.39,2021-10-30,816,N,VIIRS,n,2,301.41,5.54,D,0
30.66418,75.8988,335.67,0.47,0.4,2021-10-30,816,N,VIIRS,n,2,300.54,3.89,D,0
30.66436,76.37807,335.19,0.49,0.4,2021-10-30,816,N,VIIRS,n,2,302.06,6.5,D,0
30.66516,76.37549,342.36,0.49,0.4,2021-10-30,816,N,VIIRS,n,2,301.09,6.36,D,0
30.66716,75.74429,333.43,0.46,0.39,2021-10-30,816,N,VIIRS,n,2,301.16,2.75,D,0
30.6672,75.80363,348.05,0.46,0.39,2021-10-30,816,N,VIIRS,n,2,303.25,11.82,D,0
30.66967,75.14988,344.14,0.44,0.38,2021-10-30,816,N,VIIRS,n,2,306.02,27.27,D,0
30.66969,75.23447,333.28,0.44,0.38,2021-10-30,816,N,VIIRS,n,2,301.83,7.6,D,0
30.67125,75.47728,335.42,0.45,0.39,2021-10-30,816,N,VIIRS,l,2,305.48,17.89,D,0
30.67208,75.93261,342.7,0.47,0.4,2021-10-30,816,N,VIIRS,n,2,301.8,9.89,D,0
30.67245,75.00504,341.98,0.43,0.38,2021-10-30,816,N,VIIRS,n,2,305.64,20.95,D,0
30.67596,75.00443,338.98,0.43,0.38,2021-10-30,816,N,VIIRS,n,2,305.73,20.95,D,0
30.67736,75.32312,334.7,0.45,0.39,2021-10-30,816,N,VIIRS,l,2,305.93,35.36,D,0
30.67782,75.62479,333.14,0.46,0.39,2021-10-30,816,N,VIIRS,n,2,300.93,2.01,D,0
30.67813,75.62161,337.88,0.46,0.39,2021-10-30,816,N,VIIRS,n,2,302.32,5.03,D,0
30.68009,76.3731,337.4,0.49,0.4,2021-10-30,816,N,VIIRS,n,2,300.98,4.02,D,0
30.68038,75.70269,342.06,0.46,0.39,2021-10-30,816,N,VIIRS,n,2,301.14,6.42,D,0
30.68143,75.62419,335.52,0.46,0.39,2021-10-30,816,N,VIIRS,n,2,300.54,3.46,D,0
30.68624,75.36448,344.86,0.45,0.39,2021-10-30,816,N,VIIRS,n,2,300.9,5.69,D,0
30.68683,75.36915,332.07,0.45,0.39,2021-10-30,816,N,VIIRS,n,2,299.17,5.69,D,0
30.68696,75.69362,331.33,0.46,0.39,2021-10-30,816,N,VIIRS,n,2,300.57,13.2,D,0
30.68737,75.46011,336.15,0.45,0.39,2021-10-30,816,N,VIIRS,n,2,303.49,6.82,D,0
30.68939,76.38739,332.77,0.49,0.41,2021-10-30,816,N,VIIRS,n,2,300.99,2.77,D,0
30.68999,75.69128,344.42,0.46,0.39,2021-10-30,816,N,VIIRS,n,2,308.47,32.26,D,0
30.69058,75.69302,335.44,0.46,0.39,2021-10-30,816,N,VIIRS,n,2,303.94,13.2,D,0
30.69154,75.46423,335.73,0.45,0.39,2021-10-30,816,N,VIIRS,n,2,299.87,6.82,D,0
30.69686,76.3862,338.47,0.49,0.41,2021-10-30,816,N,VIIRS,n,2,302.59,8.58,D,0
30.69925,75.52568,335.42,0.45,0.39,2021-10-30,816,N,VIIRS,n,2,301.95,3.49,D,0
30.69987,75.30028,335.82,0.44,0.39,2021-10-30,816,N,VIIRS,n,2,301.39,2.76,D,0
30.70266,76.0897,337.86,0.48,0.4,2021-10-30,816,N,VIIRS,n,2,300.54,4.69,D,0
30.70702,75.52922,333.76,0.45,0.39,2021-10-30,816,N,VIIRS,n,2,302.32,3.84,D,0
30.7094,76.30033,331.08,0.49,0.4,2021-10-30,816,N,VIIRS,n,2,300.22,2.49,D,0
30.713,75.54762,334.44,0.45,0.39,2021-10-30,816,N,VIIRS,n,2,301.74,3.66,D,0
30.71659,75.547,342.33,0.45,0.39,2021-10-30,816,N,VIIRS,n,2,300.86,3.66,D,0
30.72479,75.32456,332.13,0.45,0.39,2021-10-30,816,N,VIIRS,n,2,299.95,2.26,D,0
30.72493,75.67256,342.05,0.46,0.39,2021-10-30,816,N,VIIRS,n,2,300.1,3.34,D,0
30.72616,75.53571,336.86,0.45,0.39,2021-10-30,816,N,VIIRS,n,2,302.41,7.51,D,0
30.72865,75.18669,343.74,0.44,0.38,2021-10-30,816,N,VIIRS,n,2,301.89,4.34,D,0
30.73175,75.18783,333.14,0.44,0.38,2021-10-30,816,N,VIIRS,n,2,300.05,3.17,D,0
30.73529,75.18722,333.15,0.44,0.38,2021-10-30,816,N,VIIRS,n,2,301.45,3.17,D,0
30.73572,75.18548,334.17,0.44,0.38,2021-10-30,816,N,VIIRS,n,2,300.48,6.72,D,0
30.73996,75.22414,345.3,0.44,0.39,2021-10-30,816,N,VIIRS,n,2,302.48,10.1,D,0
30.74034,75.38876,347.95,0.45,0.39,2021-10-30,816,N,VIIRS,n,2,300.93,8.15,D,0
30.74055,75.22236,345.68,0.44,0.38,2021-10-30,816,N,VIIRS,n,2,302.84,10.67,D,0
30.74304,75.05008,337.93,0.44,0.38,2021-10-30,816,N,VIIRS,n,2,301.02,3.26,D,0
30.74767,75.50304,334.03,0.45,0.39,2021-10-30,816,N,VIIRS,n,2,300.28,3.65,D,0
30.75065,75.4977,345.13,0.45,0.39,2021-10-30,816,N,VIIRS,n,2,304.88,11.49,D,0
30.75537,75.08994,336.73,0.44,0.38,2021-10-30,816,N,VIIRS,n,2,303.32,7.23,D,0
30.7554,75.47756,347.65,0.45,0.39,2021-10-30,816,N,VIIRS,n,2,302.36,9.41,D,0
30.76064,75.21587,333.43,0.44,0.38,2021-10-30,816,N,VIIRS,n,2,300.95,2.38,D,0
30.76065,75.10305,341.85,0.44,0.38,2021-10-30,816,N,VIIRS,n,2,300.18,5.81,D,0
30.7611,75.75531,333.74,0.46,0.39,2021-10-30,816,N,VIIRS,n,2,299.61,3.12,D,0
30.76146,75.52493,342.49,0.45,0.39,2021-10-30,816,N,VIIRS,n,2,301.43,6.71,D,0
30.77345,75.43304,333.28,0.45,0.39,2021-10-30,816,N,VIIRS,n,2,300.69,6.14,D,0
30.78217,75.56233,333.12,0.46,0.39,2021-10-30,816,N,VIIRS,n,2,302.65,2.96,D,0
30.7843,75.55997,331.67,0.46,0.39,2021-10-30,816,N,VIIRS,l,2,302.24,4.7,D,0
30.78522,75.71177,332.75,0.46,0.39,2021-10-30,816,N,VIIRS,n,2,299.61,2.98,D,0
30.79657,75.12966,347.17,0.44,0.38,2021-10-30,816,N,VIIRS,n,2,302.71,4.82,D,0
30.8001,75.12906,335.25,0.44,0.38,2021-10-30,816,N,VIIRS,n,2,299.23,4.82,D,0
30.80332,75.70877,339.39,0.46,0.39,2021-10-30,816,N,VIIRS,n,2,306.35,23.49,D,0
30.80609,75.60717,331.54,0.46,0.39,2021-10-30,816,N,VIIRS,n,2,300.59,3.14,D,0
30.8074,75.32661,345.54,0.45,0.39,2021-10-30,816,N,VIIRS,n,2,303.13,8.63,D,0
30.80853,75.25028,340.49,0.44,0.39,2021-10-30,816,N,VIIRS,n,2,301.63,4.66,D,0
30.80857,75.53842,334.86,0.45,0.39,2021-10-30,816,N,VIIRS,n,2,303.81,12.71,D,0
30.81154,75.56227,340.57,0.46,0.39,2021-10-30,816,N,VIIRS,n,2,303.19,8.85,D,0
30.81183,75.10826,347.96,0.44,0.38,2021-10-30,816,N,VIIRS,n,2,305.25,9.83,D,0
30.81536,75.10766,348.81,0.44,0.38,2021-10-30,816,N,VIIRS,n,2,302.97,11.49,D,0
30.81753,75.5808,334.64,0.46,0.39,2021-10-30,816,N,VIIRS,n,2,302.11,3.17,D,0
30.81809,75.32479,339.59,0.45,0.39,2021-10-30,816,N,VIIRS,n,2,301.81,6.85,D,0
30.8312,75.75087,344.48,0.46,0.39,2021-10-30,816,N,VIIRS,n,2,301.48,7.42,D,0
30.83553,75.60712,335.66,0.46,0.39,2021-10-30,816,N,VIIRS,n,2,303.01,10.14,D,0
30.83846,75.4558,334.21,0.45,0.39,2021-10-30,816,N,VIIRS,n,2,302.59,6.22,D,0
30.84755,75.19758,333.07,0.44,0.39,2021-10-30,816,N,VIIRS,n,2,301.44,7.22,D,0
30.84826,75.27676,333.13,0.44,0.39,2021-10-30,816,N,VIIRS,n,2,301.4,2.77,D,0
30.84948,76.19699,338.44,0.49,0.4,2021-10-30,816,N,VIIRS,n,2,303.44,9.69,D,0
30.85051,75.19234,335.47,0.44,0.38,2021-10-30,816,N,VIIRS,n,2,299.75,22.03,D,0
30.85109,75.19697,333.25,0.44,0.39,2021-10-30,816,N,VIIRS,n,2,299.88,7.22,D,0
30.85233,75.5652,332.27,0.46,0.39,2021-10-30,816,N,VIIRS,n,2,300.7,3.07,D,0
30.85597,75.2802,330.32,0.44,0.39,2021-10-30,816,N,VIIRS,n,2,300.03,1.83,D,0
30.85763,75.49132,345.21,0.45,0.39,2021-10-30,816,N,VIIRS,n,2,301.54,5.88,D,0
30.85961,76.17209,329.95,0.48,0.4,2021-10-30,816,N,VIIRS,l,2,302.1,3.73,D,0
30.86116,76.16921,336.84,0.48,0.4,2021-10-30,816,N,VIIRS,n,2,302.87,5.1,D,0
30.86481,75.49011,337.25,0.45,0.39,2021-10-30,816,N,VIIRS,n,2,300.38,3.44,D,0
30.86576,75.38375,336.38,0.45,0.39,2021-10-30,816,N,VIIRS,n,2,305.1,9.73,D,0
30.86602,76.06797,332.34,0.48,0.4,2021-10-30,816,N,VIIRS,n,2,300.56,2.75,D,0
30.86683,75.38023,340.09,0.45,0.39,2021-10-30,816,N,VIIRS,n,2,307.55,14.02,D,0
30.86789,76.05229,333.84,0.48,0.4,2021-10-30,816,N,VIIRS,l,2,306.19,33.61,D,0
30.86934,75.38315,335.45,0.45,0.39,2021-10-30,816,N,VIIRS,n,2,301.6,9.73,D,0
30.87469,76.43467,332.17,0.5,0.41,2021-10-30,816,N,VIIRS,n,2,300.57,2.14,D,0
30.88019,76.02985,331.3,0.48,0.4,2021-10-30,816,N,VIIRS,n,2,301.62,2.32,D,0
30.88057,75.58492,333.92,0.46,0.39,2021-10-30,816,N,VIIRS,n,2,303.34,6.08,D,0
30.88221,75.51147,331.04,0.45,0.39,2021-10-30,816,N,VIIRS,n,2,301.25,1.78,D,0
30.88226,75.01784,335.94,0.44,0.38,2021-10-30,816,N,VIIRS,n,2,300.17,13.31,D,0
30.88329,75.51286,331.1,0.45,0.39,2021-10-30,816,N,VIIRS,n,2,300.37,2.88,D,0
30.88519,75.01267,334.94,0.44,0.38,2021-10-30,816,N,VIIRS,n,2,301.76,13.31,D,0
30.88752,75.00294,335.93,0.44,0.38,2021-10-30,816,N,VIIRS,n,2,301.64,3,D,0
30.88891,75.26643,343.24,0.44,0.39,2021-10-30,816,N,VIIRS,n,2,305.49,15.59,D,0
30.89069,75.28042,335.4,0.45,0.39,2021-10-30,816,N,VIIRS,n,2,301.92,3.15,D,0
30.8907,75.54902,344.27,0.46,0.39,2021-10-30,816,N,VIIRS,n,2,303.06,9.7,D,0
30.8916,75.55046,342.18,0.46,0.39,2021-10-30,816,N,VIIRS,n,2,302.33,12.19,D,0
30.89958,75.29322,330.54,0.45,0.39,2021-10-30,816,N,VIIRS,n,2,302.05,2.83,D,0
30.90468,75.95458,341.01,0.47,0.4,2021-10-30,816,N,VIIRS,n,2,302.32,4.27,D,0
30.90672,75.3207,344.8,0.45,0.39,2021-10-30,816,N,VIIRS,n,2,306.22,16.79,D,0
30.9073,75.44088,332.09,0.45,0.39,2021-10-30,816,N,VIIRS,n,2,300.7,3.56,D,0
30.91054,75.70475,332.34,0.46,0.39,2021-10-30,816,N,VIIRS,n,2,298.87,2.29,D,0
30.91263,75.51279,335.78,0.45,0.39,2021-10-30,816,N,VIIRS,l,2,308.51,26.53,D,0
30.91387,75.40597,334.81,0.45,0.39,2021-10-30,816,N,VIIRS,n,2,301.7,5.32,D,0
30.91442,75.91253,332.01,0.47,0.4,2021-10-30,816,N,VIIRS,n,2,302.29,2.99,D,0
30.91506,75.44441,332.64,0.45,0.39,2021-10-30,816,N,VIIRS,n,2,300.48,5.19,D,0
30.91984,75.4533,332.78,0.45,0.39,2021-10-30,816,N,VIIRS,n,2,302.25,3.43,D,0
30.92043,75.42899,343.19,0.45,0.39,2021-10-30,816,N,VIIRS,n,2,302.83,4.3,D,0
30.9232,76.22952,337.06,0.49,0.4,2021-10-30,816,N,VIIRS,n,2,301.43,5.78,D,0
30.92457,75.34644,343.54,0.45,0.39,2021-10-30,816,N,VIIRS,n,2,305.6,13.68,D,0
30.92699,75.42305,332.39,0.45,0.39,2021-10-30,816,N,VIIRS,n,2,301.75,4.63,D,0
30.9288,75.46632,338.69,0.45,0.39,2021-10-30,816,N,VIIRS,n,2,302.36,14.8,D,0
30.93058,75.42245,334.58,0.45,0.39,2021-10-30,816,N,VIIRS,n,2,301.51,4.63,D,0
30.9306,75.53903,339.83,0.46,0.39,2021-10-30,816,N,VIIRS,n,2,302.21,7.52,D,0
30.93187,76.26997,333.34,0.49,0.4,2021-10-30,816,N,VIIRS,n,2,300.86,4.64,D,0
30.93739,76.44375,330.62,0.5,0.41,2021-10-30,816,N,VIIRS,n,2,299.81,2.33,D,0
30.94704,76.02415,330.83,0.48,0.4,2021-10-30,816,N,VIIRS,n,2,300.83,3.37,D,0
30.94929,76.02584,335.22,0.48,0.4,2021-10-30,816,N,VIIRS,n,2,301.45,3,D,0
30.95708,75.25959,330.68,0.45,0.39,2021-10-30,816,N,VIIRS,n,2,300.12,1.31,D,0
30.9586,76.3025,345.61,0.49,0.4,2021-10-30,816,N,VIIRS,n,2,303.8,8.89,D,0
30.96068,75.66178,349.29,0.46,0.39,2021-10-30,816,N,VIIRS,n,2,301.98,12.35,D,0
30.96233,76.3019,344.67,0.49,0.4,2021-10-30,816,N,VIIRS,n,2,299.54,8.89,D,0
30.96833,76.25072,336.96,0.49,0.4,2021-10-30,816,N,VIIRS,n,2,303.16,8.02,D,0
30.96982,75.19804,338.19,0.44,0.39,2021-10-30,816,N,VIIRS,n,2,301.76,2.96,D,0
30.97097,75.80443,334.24,0.47,0.4,2021-10-30,816,N,VIIRS,n,2,301.94,4.46,D,0
30.97206,76.25012,340.27,0.49,0.4,2021-10-30,816,N,VIIRS,n,2,301.4,8.02,D,0
30.98555,75.80202,332.89,0.47,0.4,2021-10-30,816,N,VIIRS,n,2,301.38,1.97,D,0
30.98755,75.25213,331.51,0.45,0.39,2021-10-30,816,N,VIIRS,n,2,301.38,1.93,D,0
30.99056,75.51924,333.49,0.46,0.39,2021-10-30,816,N,VIIRS,n,2,301.95,8.15,D,0
30.99199,75.52178,339.85,0.46,0.39,2021-10-30,816,N,VIIRS,n,2,299.66,7.44,D,0
30.99693,75.68549,332.99,0.46,0.39,2021-10-30,816,N,VIIRS,n,2,301.41,4.17,D,0
30.99769,76.11578,332.41,0.48,0.4,2021-10-30,816,N,VIIRS,n,2,301.04,3.52,D,0
30.9983,76.12086,332.27,0.48,0.4,2021-10-30,816,N,VIIRS,n,2,301.21,4.2,D,0
30.99862,75.02803,340.97,0.44,0.38,2021-10-30,816,N,VIIRS,n,2,307.66,24.14,D,0
30.99935,75.40385,330.27,0.45,0.39,2021-10-30,816,N,VIIRS,n,2,299.74,1.64,D,0
30.88194,75.99393,300.37,0.39,0.36,2021-10-30,2040,N,VIIRS,n,2,287.21,0.61,N,0
30.00164,76.27593,333.89,0.39,0.36,2021-10-31,757,N,VIIRS,l,2,305.01,2.12,D,0
30.00498,76.36181,333.32,0.39,0.36,2021-10-31,757,N,VIIRS,n,2,304.38,3.49,D,0
30.00561,76.36579,334.57,0.39,0.36,2021-10-31,757,N,VIIRS,n,2,306.28,3.49,D,0
30.00707,75.74316,339.16,0.39,0.36,2021-10-31,757,N,VIIRS,n,2,308.07,11.58,D,0
30.00721,75.23746,335.62,0.4,0.37,2021-10-31,757,N,VIIRS,n,2,307.76,20.53,D,0
30.00804,76.2085,347.62,0.39,0.36,2021-10-31,757,N,VIIRS,n,2,311.5,28.17,D,0
30.00958,75.84322,337.46,0.39,0.36,2021-10-31,757,N,VIIRS,n,2,304.53,9.41,D,0
30.0104,75.74245,338.75,0.39,0.36,2021-10-31,757,N,VIIRS,n,2,304,11.58,D,0
30.01312,75.52666,334.28,0.4,0.37,2021-10-31,757,N,VIIRS,n,2,302.02,3.01,D,0
30.01314,75.569,337.22,0.4,0.37,2021-10-31,757,N,VIIRS,n,2,304.21,5.99,D,0
30.01391,76.11618,334.18,0.39,0.36,2021-10-31,757,N,VIIRS,n,2,301.83,1.92,D,0
30.01511,75.70781,334.35,0.39,0.37,2021-10-31,757,N,VIIRS,l,2,305.59,7.1,D,0
30.01862,75.0931,346.01,0.41,0.37,2021-10-31,757,N,VIIRS,n,2,304.41,8.14,D,0
30.01868,76.29712,348.53,0.39,0.36,2021-10-31,757,N,VIIRS,n,2,308.35,6.6,D,0
30.022,75.09235,338.63,0.41,0.37,2021-10-31,757,N,VIIRS,l,2,310.76,46.81,D,0
30.0222,75.85726,340.42,0.39,0.36,2021-10-31,757,N,VIIRS,n,2,302.23,6.37,D,0
30.0257,75.77275,333.8,0.39,0.36,2021-10-31,757,N,VIIRS,n,2,302.61,2.16,D,0
30.02785,75.61655,345.35,0.4,0.37,2021-10-31,757,N,VIIRS,n,2,309.76,21.96,D,0
30.02852,75.62063,346.96,0.4,0.37,2021-10-31,757,N,VIIRS,n,2,308.96,21.96,D,0
30.02941,76.36495,334.3,0.39,0.36,2021-10-31,757,N,VIIRS,n,2,303.21,1.53,D,0
30.03024,76.15417,334.43,0.39,0.36,2021-10-31,757,N,VIIRS,n,2,301.68,2.88,D,0
30.03126,76.09593,356.1,0.39,0.36,2021-10-31,757,N,VIIRS,n,2,305.34,7.71,D,0
30.03177,75.72525,338.43,0.39,0.36,2021-10-31,757,N,VIIRS,n,2,304.22,5.93,D,0
30.03184,75.66211,337.16,0.4,0.37,2021-10-31,757,N,VIIRS,n,2,302.31,2.93,D,0
30.03328,75.05511,332.8,0.41,0.37,2021-10-31,757,N,VIIRS,n,2,302.27,4.09,D,0
30.03444,75.38156,334.07,0.4,0.37,2021-10-31,757,N,VIIRS,n,2,302.4,3.21,D,0
30.03457,76.09523,341.72,0.39,0.36,2021-10-31,757,N,VIIRS,n,2,302.8,7.71,D,0
30.03652,75.64846,346.43,0.4,0.37,2021-10-31,757,N,VIIRS,n,2,306.37,7.89,D,0
30.03986,75.64774,348.09,0.4,0.37,2021-10-31,757,N,VIIRS,n,2,305.36,10.14,D,0
30.0416,76.13935,336.99,0.39,0.36,2021-10-31,757,N,VIIRS,n,2,303.12,5.23,D,0
30.04183,75.68102,338.09,0.39,0.37,2021-10-31,757,N,VIIRS,n,2,303.08,3.7,D,0
30.04495,75.80635,333.31,0.39,0.36,2021-10-31,757,N,VIIRS,n,2,303.52,2.27,D,0
30.04616,75.85632,332.95,0.39,0.36,2021-10-31,757,N,VIIRS,n,2,301.3,3.41,D,0
30.04635,75.21664,331.2,0.4,0.37,2021-10-31,757,N,VIIRS,n,2,303.18,1.59,D,0
30.04922,75.64149,345.98,0.4,0.37,2021-10-31,757,N,VIIRS,n,2,307.8,17.48,D,0
30.04954,75.83468,337.83,0.39,0.36,2021-10-31,757,N,VIIRS,n,2,308.94,19.05,D,0
30.04988,75.64556,330.77,0.4,0.37,2021-10-31,757,N,VIIRS,n,2,301.26,2.48,D,0
30.0502,75.83873,332.23,0.39,0.36,2021-10-31,757,N,VIIRS,n,2,301.89,10.31,D,0
30.05061,75.26302,336.37,0.4,0.37,2021-10-31,757,N,VIIRS,n,2,307.05,9.89,D,0
30.0508,76.41402,336.79,0.39,0.36,2021-10-31,757,N,VIIRS,n,2,305.07,2.95,D,0
30.05174,75.74197,335.47,0.39,0.36,2021-10-31,757,N,VIIRS,n,2,303.44,2.15,D,0
30.05176,76.20345,344.04,0.39,0.36,2021-10-31,757,N,VIIRS,n,2,302.87,4.04,D,0
30.0531,75.72907,335.72,0.39,0.36,2021-10-31,757,N,VIIRS,n,2,302.99,5.63,D,0
30.05588,75.66114,333.63,0.39,0.37,2021-10-31,757,N,VIIRS,n,2,303.66,2.76,D,0
30.05964,75.79064,335.2,0.39,0.36,2021-10-31,757,N,VIIRS,n,2,303.31,3.73,D,0
30.06297,75.78992,331.11,0.39,0.36,2021-10-31,757,N,VIIRS,l,2,302.31,2.67,D,0
30.06372,75.752,338.91,0.39,0.36,2021-10-31,757,N,VIIRS,n,2,303.26,3.38,D,0
30.06411,75.86086,333.11,0.39,0.36,2021-10-31,757,N,VIIRS,n,2,302.15,3.45,D,0
30.06414,76.03178,342.24,0.39,0.36,2021-10-31,757,N,VIIRS,n,2,309.62,17.23,D,0
30.06548,75.84802,342.81,0.39,0.36,2021-10-31,757,N,VIIRS,n,2,304.1,5.66,D,0
30.0663,75.78921,340.88,0.39,0.36,2021-10-31,757,N,VIIRS,n,2,301.69,2.67,D,0
30.0666,76.19711,330.98,0.39,0.36,2021-10-31,757,N,VIIRS,n,2,305.02,1.83,D,0
30.0668,75.50708,340.95,0.4,0.37,2021-10-31,757,N,VIIRS,n,2,304.01,3.06,D,0
30.06696,75.79327,346.96,0.39,0.36,2021-10-31,757,N,VIIRS,n,2,303.11,4.98,D,0
30.06821,75.82232,340.12,0.39,0.36,2021-10-31,757,N,VIIRS,n,2,303.8,12.62,D,0
30.06827,75.80136,335.67,0.39,0.36,2021-10-31,757,N,VIIRS,n,2,301.94,5.02,D,0
30.06966,76.44713,333.97,0.39,0.36,2021-10-31,757,N,VIIRS,n,2,303.92,2.1,D,0
30.07023,75.81351,332.58,0.39,0.36,2021-10-31,757,N,VIIRS,l,2,303.2,7.73,D,0
30.07029,75.79255,341.1,0.39,0.36,2021-10-31,757,N,VIIRS,n,2,302.53,7.05,D,0
30.07069,76.05118,331.09,0.39,0.36,2021-10-31,757,N,VIIRS,n,2,302.16,2.07,D,0
30.07089,75.81756,341.6,0.39,0.36,2021-10-31,757,N,VIIRS,n,2,316.12,12.62,D,0
30.07105,75.75463,338.45,0.39,0.36,2021-10-31,757,N,VIIRS,n,2,302.45,4.9,D,0
30.07154,75.8216,338.48,0.39,0.36,2021-10-31,757,N,VIIRS,n,2,302.3,12.62,D,0
30.07171,75.75869,332.25,0.39,0.36,2021-10-31,757,N,VIIRS,l,2,303.53,3.12,D,0
30.07184,75.69559,347.52,0.39,0.37,2021-10-31,757,N,VIIRS,n,2,303.87,48.84,D,0
30.07264,75.4165,334.59,0.4,0.37,2021-10-31,757,N,VIIRS,n,2,302.49,3.95,D,0
30.07422,75.81684,338.49,0.39,0.36,2021-10-31,757,N,VIIRS,n,2,303.08,6.59,D,0
30.07434,75.0068,338.17,0.41,0.37,2021-10-31,757,N,VIIRS,n,2,303.69,3.67,D,0
30.076,75.41577,337.21,0.4,0.37,2021-10-31,757,N,VIIRS,n,2,302,3.83,D,0
30.07689,75.81208,337.54,0.39,0.36,2021-10-31,757,N,VIIRS,n,2,304.4,5.04,D,0
30.07772,75.00604,341.2,0.41,0.37,2021-10-31,757,N,VIIRS,n,2,304.99,7.92,D,0
30.08032,75.63108,332.82,0.4,0.37,2021-10-31,757,N,VIIRS,n,2,302.49,2.59,D,0
30.08175,75.73553,346.46,0.39,0.36,2021-10-31,757,N,VIIRS,n,2,311.97,17.57,D,0
30.08219,75.82352,333.35,0.39,0.36,2021-10-31,757,N,VIIRS,l,2,303.45,3.5,D,0
30.08251,75.69749,340.26,0.39,0.37,2021-10-31,757,N,VIIRS,n,2,303.35,4.7,D,0
30.08486,75.81876,334.02,0.39,0.36,2021-10-31,757,N,VIIRS,n,2,303.9,4.98,D,0
30.08509,75.73481,336.21,0.39,0.36,2021-10-31,757,N,VIIRS,n,2,303.14,17.57,D,0
30.08551,75.8228,332.98,0.39,0.36,2021-10-31,757,N,VIIRS,n,2,301.16,3.5,D,0
30.0857,75.01357,336.72,0.41,0.37,2021-10-31,757,N,VIIRS,n,2,306,31.47,D,0
30.08596,75.37093,343.54,0.4,0.37,2021-10-31,757,N,VIIRS,n,2,309.3,18.16,D,0
30.08687,75.22925,338.34,0.4,0.37,2021-10-31,757,N,VIIRS,n,2,302.61,6.71,D,0
30.08752,75.0648,335.62,0.41,0.37,2021-10-31,757,N,VIIRS,n,2,303.76,5.47,D,0
30.08819,75.81804,331.92,0.39,0.36,2021-10-31,757,N,VIIRS,n,2,302.13,1.71,D,0
30.08824,75.51091,335.62,0.4,0.37,2021-10-31,757,N,VIIRS,n,2,302.7,3.98,D,0
30.08843,75.73409,334.97,0.39,0.36,2021-10-31,757,N,VIIRS,l,2,304.98,3.18,D,0
30.08848,75.71305,345.45,0.39,0.36,2021-10-31,757,N,VIIRS,n,2,307.92,19.41,D,0
30.08897,75.55737,343.5,0.4,0.37,2021-10-31,757,N,VIIRS,n,2,304.86,6.98,D,0
30.08947,76.34096,343.75,0.39,0.36,2021-10-31,757,N,VIIRS,n,2,307.48,5.01,D,0
30.09023,75.2285,340.14,0.4,0.37,2021-10-31,757,N,VIIRS,n,2,302.53,6.71,D,0
30.09034,75.71316,346.94,0.39,0.36,2021-10-31,757,N,VIIRS,n,2,304.92,11.5,D,0
30.09066,75.87609,353.53,0.39,0.36,2021-10-31,757,N,VIIRS,n,2,312.01,16.6,D,0
30.09176,75.73337,334.52,0.39,0.36,2021-10-31,757,N,VIIRS,n,2,302.83,3.18,D,0
30.09231,75.55666,347.31,0.4,0.37,2021-10-31,757,N,VIIRS,n,2,303.28,7.72,D,0
30.09242,75.73743,334.85,0.39,0.36,2021-10-31,757,N,VIIRS,l,2,304.99,9.38,D,0
30.09246,75.01206,331.32,0.41,0.37,2021-10-31,757,N,VIIRS,l,2,304.62,5.52,D,0
30.09248,76.18753,334.2,0.39,0.36,2021-10-31,757,N,VIIRS,n,2,301.36,2.13,D,0
30.09272,75.39079,330.38,0.4,0.37,2021-10-31,757,N,VIIRS,n,2,301.57,7.64,D,0
30.093,75.72941,333.12,0.39,0.36,2021-10-31,757,N,VIIRS,n,2,302.49,1.64,D,0
30.09318,75.01626,333.8,0.41,0.37,2021-10-31,757,N,VIIRS,n,2,303.13,5.52,D,0
30.0934,75.39491,347.95,0.4,0.37,2021-10-31,757,N,VIIRS,n,2,305.83,7.64,D,0
30.09366,75.73347,333.71,0.39,0.36,2021-10-31,757,N,VIIRS,n,2,304.15,1.64,D,0
30.09399,75.87538,344.6,0.39,0.36,2021-10-31,757,N,VIIRS,n,2,301.43,16.6,D,0
30.09612,75.41138,338.26,0.4,0.37,2021-10-31,757,N,VIIRS,n,2,304.27,4.9,D,0
30.09901,75.70289,337.77,0.39,0.36,2021-10-31,757,N,VIIRS,n,2,304.06,3.74,D,0
30.1017,75.61381,336.88,0.4,0.37,2021-10-31,757,N,VIIRS,n,2,303.71,9.27,D,0
30.1024,75.07073,331.86,0.41,0.37,2021-10-31,757,N,VIIRS,n,2,300.69,2.85,D,0
30.10264,75.32451,333.1,0.4,0.37,2021-10-31,757,N,VIIRS,l,2,303.33,2.17,D,0
30.10431,75.75639,340.91,0.39,0.36,2021-10-31,757,N,VIIRS,n,2,307.13,6.43,D,0
30.10442,76.06895,336.03,0.39,0.36,2021-10-31,757,N,VIIRS,n,2,302.18,2.92,D,0
30.10444,76.3708,342.51,0.39,0.36,2021-10-31,757,N,VIIRS,n,2,307.84,11.5,D,0
30.10469,75.3369,333.57,0.4,0.37,2021-10-31,757,N,VIIRS,n,2,303.56,5.45,D,0
30.10491,76.30888,344.03,0.39,0.36,2021-10-31,757,N,VIIRS,n,2,303.8,9.15,D,0
30.10494,75.78142,331.84,0.39,0.36,2021-10-31,757,N,VIIRS,l,2,305.2,3.75,D,0
30.10502,75.69739,335.9,0.39,0.36,2021-10-31,757,N,VIIRS,n,2,303.91,1.91,D,0
30.10523,76.35416,332.55,0.39,0.36,2021-10-31,757,N,VIIRS,n,2,302.35,2.14,D,0
30.106,75.86446,335.94,0.39,0.36,2021-10-31,757,N,VIIRS,n,2,308.92,10,D,0
30.10665,75.86851,331.32,0.39,0.36,2021-10-31,757,N,VIIRS,l,2,301.75,7.24,D,0
30.10665,76.3415,336.71,0.39,0.36,2021-10-31,757,N,VIIRS,n,2,304.4,2.2,D,0
30.10737,75.33203,343.18,0.4,0.37,2021-10-31,757,N,VIIRS,n,2,304.92,5.85,D,0
30.10834,75.7177,330.68,0.39,0.36,2021-10-31,757,N,VIIRS,l,2,302.49,11.14,D,0
30.10905,75.61644,333.62,0.4,0.37,2021-10-31,757,N,VIIRS,n,2,303.19,3.36,D,0
30.10926,75.28018,339.38,0.4,0.37,2021-10-31,757,N,VIIRS,n,2,308.11,26.32,D,0
30.10972,75.62051,333.21,0.4,0.37,2021-10-31,757,N,VIIRS,n,2,301.16,3.36,D,0
30.11062,75.87183,335.16,0.39,0.36,2021-10-31,757,N,VIIRS,n,2,304.28,4.98,D,0
30.11119,75.89679,333.5,0.39,0.36,2021-10-31,757,N,VIIRS,n,2,302.48,2.94,D,0
30.11281,75.85092,344.22,0.39,0.36,2021-10-31,757,N,VIIRS,n,2,304.45,14,D,0
30.11368,75.70815,342.6,0.39,0.36,2021-10-31,757,N,VIIRS,n,2,306.51,7.46,D,0
30.11373,75.62388,334.42,0.4,0.37,2021-10-31,757,N,VIIRS,n,2,302.83,4.4,D,0
30.11702,75.70743,338,0.39,0.36,2021-10-31,757,N,VIIRS,n,2,301.73,4.98,D,0
30.11703,76.27745,330.18,0.39,0.36,2021-10-31,757,N,VIIRS,l,2,304.89,1.45,D,0
30.11935,75.27796,335.07,0.4,0.37,2021-10-31,757,N,VIIRS,n,2,301.58,2.73,D,0
30.12039,75.51665,332.19,0.4,0.37,2021-10-31,757,N,VIIRS,n,2,303.32,2.46,D,0
30.12138,75.88254,331.2,0.39,0.36,2021-10-31,757,N,VIIRS,n,2,301.15,8.75,D,0
30.12217,75.33735,339.57,0.4,0.37,2021-10-31,757,N,VIIRS,n,2,305.83,10.04,D,0
30.12308,75.61762,331.09,0.4,0.37,2021-10-31,757,N,VIIRS,n,2,301.22,2.9,D,0
30.1237,75.23882,341.77,0.4,0.37,2021-10-31,757,N,VIIRS,n,2,303.21,3.81,D,0
30.12496,75.39655,351.15,0.4,0.37,2021-10-31,757,N,VIIRS,n,2,305.3,7,D,0
30.12506,76.26337,331.15,0.39,0.36,2021-10-31,757,N,VIIRS,l,2,303.05,2.42,D,0
30.12625,75.78524,331.37,0.39,0.36,2021-10-31,757,N,VIIRS,l,2,301.83,1.05,D,0
30.12831,75.39581,347.73,0.4,0.37,2021-10-31,757,N,VIIRS,n,2,301.35,7.36,D,0
30.12843,75.60802,346.47,0.4,0.37,2021-10-31,757,N,VIIRS,n,2,303.66,8.21,D,0
30.13044,75.55685,333.55,0.4,0.37,2021-10-31,757,N,VIIRS,n,2,301.71,1.66,D,0
30.13171,75.22414,337.27,0.4,0.37,2021-10-31,757,N,VIIRS,n,2,308.16,13.67,D,0
30.13306,75.67872,335.24,0.39,0.37,2021-10-31,757,N,VIIRS,n,2,303.21,2.97,D,0
30.13352,76.18717,338.74,0.39,0.36,2021-10-31,757,N,VIIRS,n,2,304.54,5.78,D,0
30.13404,75.87566,338.2,0.39,0.36,2021-10-31,757,N,VIIRS,n,2,301.29,3.11,D,0
30.13631,75.74111,331.93,0.39,0.36,2021-10-31,757,N,VIIRS,n,2,301.12,2.65,D,0
30.13713,75.51302,346.68,0.4,0.37,2021-10-31,757,N,VIIRS,n,2,304.42,4.05,D,0
30.13722,76.31861,340.08,0.39,0.36,2021-10-31,757,N,VIIRS,n,2,308.11,2.63,D,0
30.1378,75.53831,335.11,0.4,0.37,2021-10-31,757,N,VIIRS,n,2,302.05,3.15,D,0
30.13816,76.28128,335.26,0.39,0.36,2021-10-31,757,N,VIIRS,n,2,305.09,1.76,D,0
30.13836,75.71125,332.18,0.39,0.36,2021-10-31,757,N,VIIRS,n,2,302.37,2.64,D,0
30.14053,75.23512,333.81,0.4,0.37,2021-10-31,757,N,VIIRS,n,2,303.8,8.01,D,0
30.14099,76.25591,334.33,0.39,0.36,2021-10-31,757,N,VIIRS,n,2,304.3,4.18,D,0
30.14212,75.03586,340.76,0.41,0.37,2021-10-31,757,N,VIIRS,n,2,302.06,3.73,D,0
30.14494,76.34587,339.31,0.39,0.36,2021-10-31,757,N,VIIRS,n,2,303.8,3.16,D,0
30.14496,75.32423,339.05,0.4,0.37,2021-10-31,757,N,VIIRS,n,2,304.81,4.67,D,0
30.14685,75.80598,335.81,0.39,0.36,2021-10-31,757,N,VIIRS,n,2,303.88,5.44,D,0
30.14786,75.38343,344.26,0.4,0.37,2021-10-31,757,N,VIIRS,n,2,303.08,7.6,D,0
30.14796,75.23778,333.78,0.4,0.37,2021-10-31,757,N,VIIRS,n,2,303.93,2.45,D,0
30.14824,76.25851,347.16,0.39,0.36,2021-10-31,757,N,VIIRS,n,2,305.49,4.74,D,0
30.14836,75.7091,346.41,0.39,0.36,2021-10-31,757,N,VIIRS,n,2,304.33,9.36,D,0
30.14846,75.6248,332.42,0.4,0.37,2021-10-31,757,N,VIIRS,n,2,301.9,2.38,D,0
30.14902,75.71316,348.23,0.39,0.36,2021-10-31,757,N,VIIRS,n,2,302.87,9.36,D,0
30.14935,76.28719,336.89,0.39,0.36,2021-10-31,757,N,VIIRS,n,2,306.21,4.92,D,0
30.1498,76.22512,335.78,0.39,0.36,2021-10-31,757,N,VIIRS,n,2,305.18,4.29,D,0
30.14997,75.10355,339.61,0.41,0.37,2021-10-31,757,N,VIIRS,n,2,303.41,5.57,D,0
30.15044,76.22913,333.01,0.39,0.36,2021-10-31,757,N,VIIRS,n,2,303.5,4.29,D,0
30.15125,76.29918,331.62,0.39,0.36,2021-10-31,757,N,VIIRS,n,2,303.6,1,D,0
30.15162,75.98454,343.68,0.39,0.36,2021-10-31,757,N,VIIRS,n,2,304.59,9.43,D,0
30.15191,75.38681,342.94,0.4,0.37,2021-10-31,757,N,VIIRS,n,2,304.04,7.86,D,0
30.15248,76.39376,333.65,0.39,0.36,2021-10-31,757,N,VIIRS,n,2,305.2,1.19,D,0
30.15251,76.30717,332.55,0.39,0.36,2021-10-31,757,N,VIIRS,n,2,304.37,2,D,0
30.1529,75.77953,334.7,0.39,0.36,2021-10-31,757,N,VIIRS,l,2,305.05,2.91,D,0
30.15354,75.02025,338.22,0.41,0.37,2021-10-31,757,N,VIIRS,n,2,302.98,4.02,D,0
30.15393,75.08533,340.85,0.41,0.37,2021-10-31,757,N,VIIRS,n,2,301.5,3.97,D,0
30.15443,75.33927,330.24,0.4,0.37,2021-10-31,757,N,VIIRS,n,2,301.32,1.97,D,0
30.15509,76.12879,343.87,0.39,0.36,2021-10-31,757,N,VIIRS,n,2,301.98,3.5,D,0
30.15688,75.78287,340.13,0.39,0.36,2021-10-31,757,N,VIIRS,n,2,309.18,23.97,D,0
30.15755,76.25243,334.21,0.39,0.36,2021-10-31,757,N,VIIRS,l,2,304.3,4.7,D,0
30.1576,76.12865,338.91,0.39,0.36,2021-10-31,757,N,VIIRS,n,2,306.19,13.19,D,0
30.1584,75.68588,341.05,0.39,0.36,2021-10-31,757,N,VIIRS,n,2,302.92,3.86,D,0
30.15987,75.54623,351.8,0.4,0.37,2021-10-31,757,N,VIIRS,n,2,305.66,10.53,D,0
30.16208,75.0922,343.44,0.41,0.37,2021-10-31,757,N,VIIRS,n,2,307.89,14.01,D,0
30.16236,75.71028,336.36,0.39,0.36,2021-10-31,757,N,VIIRS,n,2,303.94,7.92,D,0
30.16253,75.05303,332.42,0.41,0.37,2021-10-31,757,N,VIIRS,n,2,300.96,2.34,D,0
30.16323,76.28842,338.78,0.39,0.36,2021-10-31,757,N,VIIRS,n,2,307.45,16.32,D,0
30.16348,75.10056,331,0.41,0.37,2021-10-31,757,N,VIIRS,n,2,301.79,1.71,D,0
30.16402,75.39697,333.59,0.4,0.37,2021-10-31,757,N,VIIRS,n,2,301.95,2.18,D,0
30.16417,76.25105,334.02,0.39,0.36,2021-10-31,757,N,VIIRS,n,2,303.81,1.84,D,0
30.1657,75.70956,333.04,0.39,0.36,2021-10-31,757,N,VIIRS,n,2,300.4,3.14,D,0
30.16592,75.05228,333.9,0.41,0.37,2021-10-31,757,N,VIIRS,n,2,302.04,4.37,D,0
30.16662,75.05648,331.33,0.41,0.37,2021-10-31,757,N,VIIRS,n,2,300.68,3.93,D,0
30.1689,76.23766,332.19,0.39,0.36,2021-10-31,757,N,VIIRS,n,2,300.91,2.61,D,0
30.17045,75.65379,337.82,0.39,0.37,2021-10-31,757,N,VIIRS,n,2,302.68,3.59,D,0
30.17142,76.25365,333.38,0.39,0.36,2021-10-31,757,N,VIIRS,n,2,303.03,4.17,D,0
30.17332,76.26565,335.29,0.39,0.36,2021-10-31,757,N,VIIRS,n,2,302.96,2.41,D,0
30.17389,75.33073,336.76,0.4,0.37,2021-10-31,757,N,VIIRS,n,2,308.71,23.74,D,0
30.17581,75.6442,337.59,0.39,0.37,2021-10-31,757,N,VIIRS,n,2,301.79,3.14,D,0
30.17676,76.24878,333.65,0.39,0.36,2021-10-31,757,N,VIIRS,n,2,301.67,2.89,D,0
30.17688,76.39692,333.65,0.39,0.36,2021-10-31,757,N,VIIRS,l,2,306.27,2.3,D,0
30.17751,76.40089,333.79,0.39,0.36,2021-10-31,757,N,VIIRS,l,2,304.33,3.13,D,0
30.17841,75.27403,334.98,0.4,0.37,2021-10-31,757,N,VIIRS,n,2,301.43,2.76,D,0
30.17893,75.23526,335.66,0.4,0.37,2021-10-31,757,N,VIIRS,n,2,305.37,9.2,D,0
30.17991,76.35094,336.39,0.39,0.36,2021-10-31,757,N,VIIRS,l,2,306.54,3.67,D,0
30.18019,76.39622,334.12,0.39,0.36,2021-10-31,757,N,VIIRS,l,2,304.82,2.76,D,0
30.18084,75.4146,332.93,0.4,0.37,2021-10-31,757,N,VIIRS,n,2,301.54,2.33,D,0
30.1823,75.23452,347.32,0.4,0.37,2021-10-31,757,N,VIIRS,n,2,304.55,8.04,D,0
30.18276,76.3256,353.49,0.39,0.36,2021-10-31,757,N,VIIRS,n,2,305.11,5.42,D,0
30.18419,76.31293,338.62,0.39,0.36,2021-10-31,757,N,VIIRS,n,2,303.23,3.18,D,0
30.18559,75.44338,330.34,0.4,0.37,2021-10-31,757,N,VIIRS,l,2,302.48,1.5,D,0
30.18711,75.9061,342.25,0.39,0.36,2021-10-31,757,N,VIIRS,n,2,304.39,7.06,D,0
30.18839,75.08202,349.16,0.41,0.37,2021-10-31,757,N,VIIRS,n,2,306.27,6.51,D,0
30.18894,76.30404,340.81,0.39,0.36,2021-10-31,757,N,VIIRS,n,2,304.32,6.92,D,0
30.19246,75.89661,337.41,0.39,0.36,2021-10-31,757,N,VIIRS,n,2,304.38,12.45,D,0
30.1942,75.39037,331.92,0.4,0.37,2021-10-31,757,N,VIIRS,n,2,303.41,1.68,D,0
30.19448,76.36064,338.16,0.39,0.36,2021-10-31,757,N,VIIRS,n,2,303.74,3.46,D,0
30.19547,76.3848,333.06,0.39,0.36,2021-10-31,757,N,VIIRS,n,2,304.01,2.12,D,0
30.19556,76.30266,335.82,0.39,0.36,2021-10-31,757,N,VIIRS,n,2,303.05,4.61,D,0
30.19651,75.87903,332.96,0.39,0.36,2021-10-31,757,N,VIIRS,l,2,303.04,2.95,D,0
30.19824,76.29797,335.18,0.39,0.36,2021-10-31,757,N,VIIRS,n,2,303.53,11.15,D,0
30.19951,76.39255,334.13,0.39,0.36,2021-10-31,757,N,VIIRS,l,2,304.76,8.08,D,0
30.19983,76.35128,335.62,0.39,0.36,2021-10-31,757,N,VIIRS,n,2,306.21,7.92,D,0
30.20125,76.33861,336.28,0.39,0.36,2021-10-31,757,N,VIIRS,n,2,303.59,2.84,D,0
30.20155,76.29728,333.99,0.39,0.36,2021-10-31,757,N,VIIRS,n,2,301.93,11.15,D,0
30.20216,76.4493,333.61,0.39,0.36,2021-10-31,757,N,VIIRS,n,2,301.85,1.34,D,0
30.20322,76.4779,336.1,0.39,0.36,2021-10-31,757,N,VIIRS,n,2,305.28,4.63,D,0
30.20328,76.41648,344.53,0.39,0.36,2021-10-31,757,N,VIIRS,n,2,307.54,19.34,D,0
30.20356,75.15223,339.53,0.4,0.37,2021-10-31,757,N,VIIRS,n,2,304.71,7.78,D,0
30.20393,76.33392,346.65,0.39,0.36,2021-10-31,757,N,VIIRS,n,2,305.72,8.64,D,0
30.20423,76.29259,334.19,0.39,0.36,2021-10-31,757,N,VIIRS,n,2,300.48,1.52,D,0
30.20448,75.55808,337.08,0.4,0.37,2021-10-31,757,N,VIIRS,n,2,300.89,2.43,D,0
30.20471,76.31725,349.57,0.39,0.36,2021-10-31,757,N,VIIRS,n,2,305.91,10.04,D,0
30.20577,75.75587,331.76,0.39,0.36,2021-10-31,757,N,VIIRS,n,2,301.11,1.9,D,0
30.2058,75.5239,342.29,0.4,0.37,2021-10-31,757,N,VIIRS,n,2,302.66,6.45,D,0
30.20652,76.4772,330.61,0.39,0.36,2021-10-31,757,N,VIIRS,n,2,300.92,2.45,D,0
30.20659,76.41579,344.87,0.39,0.36,2021-10-31,757,N,VIIRS,n,2,304.66,19.34,D,0
30.20675,76.30857,337.23,0.39,0.36,2021-10-31,757,N,VIIRS,n,2,303.71,2.2,D,0
30.2098,75.71719,334.76,0.39,0.36,2021-10-31,757,N,VIIRS,n,2,301.13,7.02,D,0
30.21176,75.88831,343.09,0.39,0.36,2021-10-31,757,N,VIIRS,n,2,305.31,3.69,D,0
30.2125,75.54363,336.49,0.4,0.37,2021-10-31,757,N,VIIRS,n,2,301.35,3.42,D,0
30.21479,76.2945,333.48,0.39,0.36,2021-10-31,757,N,VIIRS,n,2,303,4.94,D,0
30.21506,75.15833,344.01,0.4,0.37,2021-10-31,757,N,VIIRS,n,2,303.71,6.14,D,0
30.21583,75.15892,336.42,0.4,0.37,2021-10-31,757,N,VIIRS,n,2,304.44,7.21,D,0
30.21709,75.44502,337.42,0.4,0.37,2021-10-31,757,N,VIIRS,n,2,303.57,5.23,D,0
30.21718,75.55109,334.12,0.4,0.37,2021-10-31,757,N,VIIRS,n,2,301.25,2.43,D,0
30.2173,76.39709,333.8,0.39,0.36,2021-10-31,757,N,VIIRS,l,2,304.52,6.13,D,0
30.21905,76.34313,333.11,0.39,0.36,2021-10-31,757,N,VIIRS,n,2,302.13,2.6,D,0
30.21906,75.89093,345.89,0.39,0.36,2021-10-31,757,N,VIIRS,n,2,303.1,5.67,D,0
30.22078,76.28913,338.87,0.39,0.36,2021-10-31,757,N,VIIRS,n,2,303.66,3.92,D,0
30.2217,75.38862,343.39,0.4,0.37,2021-10-31,757,N,VIIRS,n,2,303.21,5.25,D,0
30.22238,75.89022,344.14,0.39,0.36,2021-10-31,757,N,VIIRS,n,2,303.1,11.26,D,0
30.22498,75.34518,340.34,0.4,0.37,2021-10-31,757,N,VIIRS,n,2,302.39,2.66,D,0
30.22512,75.4305,337.52,0.4,0.37,2021-10-31,757,N,VIIRS,n,2,302.74,5.12,D,0
30.22762,75.31893,331.59,0.4,0.37,2021-10-31,757,N,VIIRS,n,2,302.76,2.32,D,0
30.22878,75.24146,341.49,0.4,0.37,2021-10-31,757,N,VIIRS,n,2,303.71,3.81,D,0
30.22882,76.36172,331.59,0.39,0.36,2021-10-31,757,N,VIIRS,n,2,300.33,2.21,D,0
30.22977,75.24197,340.31,0.4,0.37,2021-10-31,757,N,VIIRS,n,2,304.35,5.17,D,0
30.23184,75.45031,333.17,0.4,0.37,2021-10-31,757,N,VIIRS,n,2,301.73,2.1,D,0
30.23187,75.49279,340.54,0.4,0.37,2021-10-31,757,N,VIIRS,n,2,305.61,9.51,D,0
30.23286,75.07294,333.94,0.41,0.37,2021-10-31,757,N,VIIRS,n,2,305.92,8.36,D,0
30.23338,76.36901,332.51,0.39,0.36,2021-10-31,757,N,VIIRS,n,2,301.78,10,D,0
30.23452,75.44547,331.63,0.4,0.37,2021-10-31,757,N,VIIRS,n,2,301.3,2.1,D,0
30.2353,75.93779,336.79,0.39,0.36,2021-10-31,757,N,VIIRS,l,2,308.17,22.54,D,0
30.23624,75.0722,334.85,0.41,0.37,2021-10-31,757,N,VIIRS,n,2,303.58,6.26,D,0
30.23778,75.2273,342.18,0.4,0.37,2021-10-31,757,N,VIIRS,n,2,301.28,4.11,D,0
30.23791,75.55082,336.16,0.4,0.37,2021-10-31,757,N,VIIRS,n,2,301.86,3.32,D,0
30.23854,75.44884,341.75,0.4,0.37,2021-10-31,757,N,VIIRS,n,2,304.44,5.39,D,0
30.24095,76.33031,335.25,0.39,0.36,2021-10-31,757,N,VIIRS,n,2,303.8,5.4,D,0
30.24115,75.38009,348.49,0.4,0.37,2021-10-31,757,N,VIIRS,n,2,306.24,13.65,D,0
30.24248,75.70596,332.28,0.39,0.36,2021-10-31,757,N,VIIRS,n,2,301.81,4.1,D,0
30.24376,76.39157,337.44,0.39,0.36,2021-10-31,757,N,VIIRS,n,2,303.3,4.06,D,0
30.24929,75.1083,345.76,0.4,0.37,2021-10-31,757,N,VIIRS,n,2,302.4,8.58,D,0
30.24953,75.15147,332.81,0.4,0.37,2021-10-31,757,N,VIIRS,n,2,303.45,2.3,D,0
30.2506,75.58615,346.5,0.4,0.37,2021-10-31,757,N,VIIRS,n,2,303.14,6.51,D,0
30.25065,76.43546,346.68,0.39,0.36,2021-10-31,757,N,VIIRS,n,2,303.26,5.26,D,0
30.25195,75.55201,346.89,0.4,0.37,2021-10-31,757,N,VIIRS,n,2,305.59,6.59,D,0
30.25255,75.64062,344.77,0.39,0.37,2021-10-31,757,N,VIIRS,n,2,302.56,5.05,D,0
30.25267,75.10754,343.98,0.4,0.37,2021-10-31,757,N,VIIRS,n,2,302.11,8.58,D,0
30.25664,75.51709,345.43,0.4,0.37,2021-10-31,757,N,VIIRS,n,2,303.47,5.37,D,0
30.25789,76.43806,333.11,0.39,0.36,2021-10-31,757,N,VIIRS,n,2,302.41,1.96,D,0
30.25884,75.26991,341.84,0.4,0.37,2021-10-31,757,N,VIIRS,n,2,303.6,3.67,D,0
30.26197,75.54983,334.53,0.4,0.37,2021-10-31,757,N,VIIRS,l,2,306.23,6.92,D,0
30.26466,75.4814,330.73,0.4,0.37,2021-10-31,757,N,VIIRS,n,2,300.93,1.21,D,0
30.26611,76.4034,346.11,0.39,0.36,2021-10-31,757,N,VIIRS,n,2,308.04,15.27,D,0
30.26801,75.50189,342,0.4,0.37,2021-10-31,757,N,VIIRS,n,2,307.99,19.84,D,0
30.26826,75.80118,335.06,0.39,0.36,2021-10-31,757,N,VIIRS,l,2,306.71,18.83,D,0
30.26941,76.40271,348.15,0.39,0.36,2021-10-31,757,N,VIIRS,n,2,304.57,11.15,D,0
30.27008,75.4213,336.27,0.4,0.37,2021-10-31,757,N,VIIRS,n,2,303.33,8.97,D,0
30.27358,75.25379,344.84,0.4,0.37,2021-10-31,757,N,VIIRS,n,2,305.91,12.05,D,0
30.2742,76.30271,334.59,0.39,0.36,2021-10-31,757,N,VIIRS,n,2,302.61,2.86,D,0
30.27569,75.11974,332.61,0.4,0.37,2021-10-31,757,N,VIIRS,n,2,302.03,2.47,D,0
30.2806,75.02324,332.35,0.41,0.37,2021-10-31,757,N,VIIRS,n,2,301.72,6.19,D,0
30.28114,75.2993,333.68,0.4,0.37,2021-10-31,757,N,VIIRS,l,2,305.65,9.04,D,0
30.28396,76.32132,337.71,0.39,0.36,2021-10-31,757,N,VIIRS,n,2,302.7,4.11,D,0
30.28435,75.52862,341.86,0.4,0.37,2021-10-31,757,N,VIIRS,n,2,305.48,4.74,D,0
30.28626,75.78474,345.75,0.39,0.36,2021-10-31,757,N,VIIRS,n,2,304.84,6.14,D,0
30.28702,75.5238,346.23,0.4,0.37,2021-10-31,757,N,VIIRS,n,2,304.89,9.89,D,0
30.28729,75.14743,335.52,0.4,0.37,2021-10-31,757,N,VIIRS,n,2,302.19,3.98,D,0
30.2878,75.92243,339.7,0.39,0.36,2021-10-31,757,N,VIIRS,n,2,301.52,3.78,D,0
30.28863,76.39458,332.27,0.39,0.36,2021-10-31,757,N,VIIRS,l,2,302.89,2.13,D,0
30.28959,75.78402,345.3,0.39,0.36,2021-10-31,757,N,VIIRS,n,2,301.02,6.14,D,0
30.28973,75.56133,332.41,0.4,0.37,2021-10-31,757,N,VIIRS,n,2,301.21,2.26,D,0
30.28995,75.61564,338.39,0.39,0.37,2021-10-31,757,N,VIIRS,n,2,301.7,5.15,D,0
30.29403,75.14594,343.28,0.4,0.37,2021-10-31,757,N,VIIRS,n,2,302.47,3.91,D,0
30.296,75.32601,345.73,0.4,0.37,2021-10-31,757,N,VIIRS,n,2,302.44,21.2,D,0
30.29707,75.72363,346.37,0.39,0.36,2021-10-31,757,N,VIIRS,n,2,304.6,7,D,0
30.29781,75.08453,334.89,0.4,0.37,2021-10-31,757,N,VIIRS,n,2,302.32,2.17,D,0
30.29914,75.69373,339.94,0.39,0.36,2021-10-31,757,N,VIIRS,n,2,302.87,5.06,D,0
30.30175,75.55025,333.17,0.4,0.37,2021-10-31,757,N,VIIRS,n,2,302.16,6.44,D,0
30.30376,75.22565,333.04,0.4,0.37,2021-10-31,757,N,VIIRS,l,2,303.49,5,D,0
30.30387,75.07885,334.06,0.4,0.37,2021-10-31,757,N,VIIRS,n,2,302.12,2.74,D,0
30.30452,75.25127,334.34,0.4,0.37,2021-10-31,757,N,VIIRS,n,2,302.61,3.52,D,0
30.30642,75.53654,346.14,0.4,0.37,2021-10-31,757,N,VIIRS,n,2,304.29,6.36,D,0
30.30707,75.72147,334.26,0.39,0.36,2021-10-31,757,N,VIIRS,n,2,302.62,3.92,D,0
30.30713,75.22491,344.66,0.4,0.37,2021-10-31,757,N,VIIRS,n,2,304.23,5,D,0
30.30908,75.72158,333.98,0.39,0.36,2021-10-31,757,N,VIIRS,n,2,303.3,27.06,D,0
30.31044,75.56106,332.25,0.4,0.37,2021-10-31,757,N,VIIRS,n,2,300.7,3.01,D,0
30.31097,75.93835,335.06,0.39,0.36,2021-10-31,757,N,VIIRS,n,2,301.71,2.19,D,0
30.31193,75.25393,344.76,0.4,0.37,2021-10-31,757,N,VIIRS,n,2,305.47,4.08,D,0
30.31845,75.65223,336.51,0.39,0.36,2021-10-31,757,N,VIIRS,n,2,303.11,3.2,D,0
30.31852,75.87829,332.71,0.39,0.36,2021-10-31,757,N,VIIRS,n,2,302.33,1.5,D,0
30.31876,75.04214,333.76,0.41,0.37,2021-10-31,757,N,VIIRS,n,2,302.64,3.9,D,0
30.31919,76.33474,344.74,0.39,0.36,2021-10-31,757,N,VIIRS,n,2,306.66,14.13,D,0
30.31944,75.29945,336.15,0.4,0.37,2021-10-31,757,N,VIIRS,n,2,303.39,3.72,D,0
30.31973,75.90726,342.91,0.39,0.36,2021-10-31,757,N,VIIRS,n,2,311.24,28.39,D,0
30.32085,75.3291,339.58,0.4,0.37,2021-10-31,757,N,VIIRS,n,2,303.77,3.79,D,0
30.32124,76.32607,336.16,0.39,0.36,2021-10-31,757,N,VIIRS,n,2,302.19,3.67,D,0
30.32247,75.59227,341.45,0.39,0.37,2021-10-31,757,N,VIIRS,n,2,304.53,13.77,D,0
30.32324,75.00638,333.07,0.41,0.37,2021-10-31,757,N,VIIRS,l,2,303.12,2.43,D,0
30.32381,75.17816,333.69,0.4,0.37,2021-10-31,757,N,VIIRS,n,2,303.05,2.4,D,0
30.32406,75.26414,344.83,0.4,0.37,2021-10-31,757,N,VIIRS,n,2,303.28,4.34,D,0
30.32445,75.66778,331.88,0.39,0.36,2021-10-31,757,N,VIIRS,n,2,301.61,2.04,D,0
30.3258,75.63377,330.1,0.39,0.36,2021-10-31,757,N,VIIRS,n,2,302.19,1.92,D,0
30.32708,75.70509,333.69,0.39,0.36,2021-10-31,757,N,VIIRS,n,2,300.72,18.05,D,0
30.32714,75.59972,334.1,0.39,0.37,2021-10-31,757,N,VIIRS,n,2,301.64,2.07,D,0
30.32778,75.66706,330.55,0.39,0.36,2021-10-31,757,N,VIIRS,n,2,301.32,2.25,D,0
30.32911,75.67519,337.47,0.39,0.36,2021-10-31,757,N,VIIRS,n,2,304.11,3.75,D,0
30.3304,76.49313,338.82,0.39,0.36,2021-10-31,757,N,VIIRS,n,2,301.58,2.36,D,0
30.33113,75.49725,334.8,0.4,0.37,2021-10-31,757,N,VIIRS,n,2,302.03,1.69,D,0
30.33479,75.11656,339.25,0.4,0.37,2021-10-31,757,N,VIIRS,n,2,305.19,13.7,D,0
30.33497,75.77479,340.08,0.39,0.36,2021-10-31,757,N,VIIRS,n,2,302.88,3.25,D,0
30.33509,75.69074,334.3,0.39,0.36,2021-10-31,757,N,VIIRS,n,2,301.83,2.49,D,0
30.33669,75.8916,337.54,0.39,0.36,2021-10-31,757,N,VIIRS,n,2,308.39,11.01,D,0
30.33682,75.25703,333.44,0.4,0.37,2021-10-31,757,N,VIIRS,n,2,302.27,2.93,D,0
30.33708,75.40665,334.37,0.4,0.37,2021-10-31,757,N,VIIRS,n,2,302.46,3.58,D,0
30.3383,75.77407,339.25,0.39,0.36,2021-10-31,757,N,VIIRS,n,2,301.72,2.88,D,0
30.33848,75.47867,334.08,0.4,0.37,2021-10-31,757,N,VIIRS,n,2,303.03,3.34,D,0
30.33873,75.09837,330.24,0.4,0.37,2021-10-31,757,N,VIIRS,l,2,301.08,5.4,D,0
30.33943,75.10255,332.66,0.4,0.37,2021-10-31,757,N,VIIRS,n,2,299.92,5.4,D,0
30.33982,75.48686,332.97,0.4,0.37,2021-10-31,757,N,VIIRS,l,2,303.12,4.24,D,0
30.34001,75.89089,337.52,0.39,0.36,2021-10-31,757,N,VIIRS,n,2,301.12,11.01,D,0
30.34119,75.17558,333,0.4,0.37,2021-10-31,757,N,VIIRS,n,2,302.4,3.84,D,0
30.34171,76.32591,333.31,0.39,0.36,2021-10-31,757,N,VIIRS,n,2,301.65,1.72,D,0
30.3425,75.48203,331.33,0.4,0.37,2021-10-31,757,N,VIIRS,l,2,303.86,4.24,D,0
30.34428,75.25659,348.78,0.4,0.37,2021-10-31,757,N,VIIRS,n,2,306.52,7.41,D,0
30.34529,75.90229,332.61,0.39,0.36,2021-10-31,757,N,VIIRS,n,2,302.39,3.35,D,0
30.34631,76.48572,331.38,0.39,0.36,2021-10-31,757,N,VIIRS,n,2,302.02,1.61,D,0
30.34764,75.25586,298.13,0.4,0.37,2021-10-31,757,N,VIIRS,l,2,320.99,53.01,D,0
30.34833,75.25999,336.06,0.4,0.37,2021-10-31,757,N,VIIRS,n,2,303.14,27.4,D,0
30.35048,75.14764,332.36,0.4,0.37,2021-10-31,757,N,VIIRS,n,2,300.99,2.72,D,0
30.35173,75.32659,344.65,0.4,0.37,2021-10-31,757,N,VIIRS,n,2,306.48,8.2,D,0
30.35264,75.32757,343.82,0.4,0.37,2021-10-31,757,N,VIIRS,n,2,309.56,13.47,D,0
30.35307,75.26752,337.13,0.4,0.37,2021-10-31,757,N,VIIRS,n,2,303.89,4.92,D,0
30.35505,75.25851,335.75,0.4,0.37,2021-10-31,757,N,VIIRS,n,2,304.8,5.06,D,0
30.35582,75.62728,347.69,0.39,0.36,2021-10-31,757,N,VIIRS,n,2,310.78,11.93,D,0
30.35591,75.9042,340.8,0.39,0.36,2021-10-31,757,N,VIIRS,n,2,302.8,2.56,D,0
30.35633,75.73661,333.37,0.39,0.36,2021-10-31,757,N,VIIRS,n,2,302.37,1.7,D,0
30.35695,75.76167,332.85,0.39,0.36,2021-10-31,757,N,VIIRS,n,2,300.24,2.13,D,0
30.35721,75.46608,339.07,0.4,0.37,2021-10-31,757,N,VIIRS,n,2,305.27,9.3,D,0
30.35788,75.47018,333.04,0.4,0.37,2021-10-31,757,N,VIIRS,n,2,301.49,6.26,D,0
30.35916,75.62656,336.62,0.39,0.36,2021-10-31,757,N,VIIRS,n,2,302.2,11.93,D,0
30.35985,75.01561,339.92,0.41,0.37,2021-10-31,757,N,VIIRS,n,2,302.58,3.8,D,0
30.36125,75.89471,336.19,0.39,0.36,2021-10-31,757,N,VIIRS,n,2,304.22,3.56,D,0
30.36209,75.3426,337.75,0.4,0.37,2021-10-31,757,N,VIIRS,n,2,303.92,4.26,D,0
30.36277,75.17943,336.16,0.4,0.37,2021-10-31,757,N,VIIRS,n,2,305.97,3.48,D,0
30.36386,75.59174,330.17,0.39,0.37,2021-10-31,757,N,VIIRS,n,2,302.32,2.51,D,0
30.36448,75.63805,343.94,0.39,0.36,2021-10-31,757,N,VIIRS,n,2,305.12,8.54,D,0
30.36452,75.59583,332.8,0.39,0.37,2021-10-31,757,N,VIIRS,n,2,302.64,4.18,D,0
30.36529,75.87714,348,0.39,0.36,2021-10-31,757,N,VIIRS,n,2,305.55,14.88,D,0
30.36544,75.34187,341.68,0.4,0.37,2021-10-31,757,N,VIIRS,n,2,301.84,4.26,D,0
30.36549,76.32507,341.85,0.39,0.36,2021-10-31,757,N,VIIRS,n,2,303.59,3.89,D,0
30.36594,75.88117,335.85,0.39,0.36,2021-10-31,757,N,VIIRS,n,2,301.25,3.48,D,0
30.36607,75.83932,331.72,0.39,0.36,2021-10-31,757,N,VIIRS,n,2,301.96,1.81,D,0
30.36742,75.16547,342.04,0.4,0.37,2021-10-31,757,N,VIIRS,n,2,305.83,8.3,D,0
30.36789,75.8933,338.1,0.39,0.36,2021-10-31,757,N,VIIRS,n,2,301.83,3.6,D,0
30.36844,75.66248,346.08,0.39,0.36,2021-10-31,757,N,VIIRS,n,2,304.48,9.1,D,0
30.36919,75.90137,345.66,0.39,0.36,2021-10-31,757,N,VIIRS,n,2,304.89,10.16,D,0
30.37168,76.45161,347.7,0.39,0.36,2021-10-31,757,N,VIIRS,n,2,304.72,14.81,D,0
30.37179,75.9175,333.26,0.39,0.36,2021-10-31,757,N,VIIRS,n,2,301.47,2.3,D,0
30.37311,76.43896,332.83,0.39,0.36,2021-10-31,757,N,VIIRS,n,2,301.29,1.69,D,0
30.37316,75.62774,333.14,0.39,0.36,2021-10-31,757,N,VIIRS,l,2,304.33,3.54,D,0
30.37416,76.22817,332.34,0.39,0.36,2021-10-31,757,N,VIIRS,n,2,300.9,1.77,D,0
30.37475,75.31416,346.65,0.4,0.37,2021-10-31,757,N,VIIRS,n,2,304.2,5.48,D,0
30.37498,76.45093,344.52,0.39,0.36,2021-10-31,757,N,VIIRS,n,2,304.82,14.81,D,0
30.37594,75.47474,337.3,0.4,0.37,2021-10-31,757,N,VIIRS,l,2,310.56,15.97,D,0
30.37642,76.43827,346.42,0.39,0.36,2021-10-31,757,N,VIIRS,n,2,303.14,6.89,D,0
30.37718,75.47559,331.4,0.4,0.37,2021-10-31,757,N,VIIRS,l,2,304.07,7.65,D,0
30.37788,75.24919,333.83,0.4,0.37,2021-10-31,757,N,VIIRS,l,2,304.39,5.54,D,0
30.3781,75.31342,346.29,0.4,0.37,2021-10-31,757,N,VIIRS,n,2,315.88,43.14,D,0
30.3817,75.39803,341.41,0.4,0.37,2021-10-31,757,N,VIIRS,n,2,303.21,8.12,D,0
30.38188,75.48305,341.82,0.4,0.37,2021-10-31,757,N,VIIRS,n,2,302.73,4.4,D,0
30.38406,75.28642,306.19,0.4,0.37,2021-10-31,757,N,VIIRS,l,2,307.84,22.84,D,0
30.38434,75.18327,339.65,0.4,0.37,2021-10-31,757,N,VIIRS,n,2,303.05,3.21,D,0
30.3846,75.24771,336.63,0.4,0.37,2021-10-31,757,N,VIIRS,n,2,310.45,26.79,D,0
30.38465,75.84792,335.79,0.39,0.36,2021-10-31,757,N,VIIRS,n,2,304.94,3.31,D,0
30.38474,75.29056,338.83,0.4,0.37,2021-10-31,757,N,VIIRS,l,2,310.95,22.84,D,0
30.38515,75.89378,332.45,0.39,0.36,2021-10-31,757,N,VIIRS,n,2,302.53,2.08,D,0
30.38527,75.53208,339.56,0.4,0.37,2021-10-31,757,N,VIIRS,n,2,305.03,5.94,D,0
30.38663,75.53288,333.51,0.4,0.37,2021-10-31,757,N,VIIRS,l,2,305.53,8.27,D,0
30.38742,75.28568,330.26,0.4,0.37,2021-10-31,757,N,VIIRS,l,2,301.18,5.56,D,0
30.38771,75.18253,332.35,0.4,0.37,2021-10-31,757,N,VIIRS,n,2,304.01,3.21,D,0
30.38788,75.22552,332.88,0.4,0.37,2021-10-31,757,N,VIIRS,n,2,302.65,1.29,D,0
30.38803,75.26841,341.98,0.4,0.37,2021-10-31,757,N,VIIRS,n,2,306.33,4.88,D,0
30.38968,75.70841,336.46,0.39,0.36,2021-10-31,757,N,VIIRS,n,2,305.3,9.17,D,0
30.38985,75.88024,337.66,0.39,0.36,2021-10-31,757,N,VIIRS,n,2,302.11,2.9,D,0
30.39063,75.24209,333.29,0.4,0.37,2021-10-31,757,N,VIIRS,n,2,302.91,2.59,D,0
30.39124,75.22477,337.73,0.4,0.37,2021-10-31,757,N,VIIRS,n,2,306.56,7.7,D,0
30.39226,75.74567,338.13,0.39,0.36,2021-10-31,757,N,VIIRS,n,2,302.66,5.02,D,0
30.39242,76.3442,333.41,0.39,0.36,2021-10-31,757,N,VIIRS,n,2,301.55,1.68,D,0
30.39624,75.74902,339.36,0.39,0.36,2021-10-31,757,N,VIIRS,n,2,305.26,6.58,D,0
30.39685,76.28545,332.54,0.39,0.36,2021-10-31,757,N,VIIRS,n,2,303.1,4.51,D,0
30.39687,75.30074,332.98,0.4,0.37,2021-10-31,757,N,VIIRS,n,2,302.15,6.84,D,0
30.39721,75.44997,335.63,0.4,0.37,2021-10-31,757,N,VIIRS,n,2,303.6,4.28,D,0
30.39733,75.53479,334.17,0.4,0.37,2021-10-31,757,N,VIIRS,n,2,302.84,2.45,D,0
30.39748,76.28945,332.14,0.39,0.36,2021-10-31,757,N,VIIRS,n,2,300.44,4.5,D,0
30.39755,75.30486,355.23,0.4,0.37,2021-10-31,757,N,VIIRS,n,2,306.61,6.84,D,0
30.39767,75.34762,333.83,0.4,0.37,2021-10-31,757,N,VIIRS,n,2,301.44,2.53,D,0
30.3996,75.31725,332.44,0.4,0.37,2021-10-31,757,N,VIIRS,n,2,301.87,3.33,D,0
30.40056,75.44923,335.52,0.4,0.37,2021-10-31,757,N,VIIRS,n,2,302.27,3.97,D,0
30.40103,75.90709,331.07,0.39,0.36,2021-10-31,757,N,VIIRS,n,2,301.93,2.33,D,0
30.40158,75.73946,343.25,0.39,0.36,2021-10-31,757,N,VIIRS,n,2,302.64,5.61,D,0
30.40271,75.60972,339.92,0.39,0.36,2021-10-31,757,N,VIIRS,n,2,302.13,3.02,D,0
30.40295,75.72657,334.93,0.39,0.36,2021-10-31,757,N,VIIRS,n,2,302.84,1.91,D,0
30.4031,76.15623,337.8,0.39,0.36,2021-10-31,757,N,VIIRS,n,2,301.02,2.59,D,0
30.40491,75.73875,345.42,0.39,0.36,2021-10-31,757,N,VIIRS,n,2,301.82,5.61,D,0
30.40532,75.82674,335.06,0.39,0.36,2021-10-31,757,N,VIIRS,n,2,302.41,2.43,D,0
30.40606,75.23009,331.12,0.4,0.37,2021-10-31,757,N,VIIRS,l,2,303.89,4.08,D,0
30.40628,75.72585,343.37,0.39,0.36,2021-10-31,757,N,VIIRS,n,2,307.19,18.2,D,0
30.40654,75.4224,339.04,0.4,0.37,2021-10-31,757,N,VIIRS,n,2,302.08,3.25,D,0
30.40674,75.23424,333.58,0.4,0.37,2021-10-31,757,N,VIIRS,l,2,306.49,4.08,D,0
30.40743,75.23839,333.08,0.4,0.37,2021-10-31,757,N,VIIRS,n,2,304.11,4.63,D,0
30.40759,75.73396,339.41,0.39,0.36,2021-10-31,757,N,VIIRS,n,2,302.02,3.29,D,0
30.40827,76.27518,346.19,0.39,0.36,2021-10-31,757,N,VIIRS,n,2,303.38,11.28,D,0
30.40905,75.89284,334.45,0.39,0.36,2021-10-31,757,N,VIIRS,n,2,302.51,3.08,D,0
30.40942,75.22935,346.8,0.4,0.37,2021-10-31,757,N,VIIRS,n,2,304.08,4.08,D,0
30.41003,75.04351,332,0.4,0.37,2021-10-31,757,N,VIIRS,n,2,301.02,1.45,D,0
30.41071,75.59532,345.38,0.39,0.37,2021-10-31,757,N,VIIRS,l,2,318.76,30.67,D,0
30.41071,75.63753,339.31,0.39,0.36,2021-10-31,757,N,VIIRS,n,2,304.84,6.67,D,0
30.411,75.90496,330.45,0.39,0.36,2021-10-31,757,N,VIIRS,l,2,300.98,1.79,D,0
30.41238,75.89213,332.56,0.39,0.36,2021-10-31,757,N,VIIRS,n,2,302.74,5.45,D,0
30.41244,75.35291,346.48,0.4,0.37,2021-10-31,757,N,VIIRS,n,2,306.36,10.9,D,0
30.41302,75.89616,333.48,0.39,0.36,2021-10-31,757,N,VIIRS,n,2,301.96,5.4,D,0
30.41391,75.83745,333.55,0.39,0.36,2021-10-31,757,N,VIIRS,l,2,304.59,7.94,D,0
30.41411,76.37719,341.48,0.39,0.36,2021-10-31,757,N,VIIRS,n,2,303.57,5.12,D,0
30.41461,75.45041,342.89,0.4,0.37,2021-10-31,757,N,VIIRS,n,2,304.37,11.31,D,0
30.41472,75.59868,334.27,0.39,0.36,2021-10-31,757,N,VIIRS,l,2,305.26,30.67,D,0
30.41562,75.71963,330.1,0.39,0.36,2021-10-31,757,N,VIIRS,l,2,302.63,1.28,D,0
30.41621,75.74471,338.87,0.39,0.36,2021-10-31,757,N,VIIRS,l,2,309.75,19.75,D,0
30.41658,75.4202,335.38,0.4,0.37,2021-10-31,757,N,VIIRS,n,2,302.17,2.57,D,0
30.41804,75.66124,333.65,0.39,0.36,2021-10-31,757,N,VIIRS,n,2,302.45,2.52,D,0
30.41821,76.35983,347.18,0.39,0.36,2021-10-31,757,N,VIIRS,n,2,304,5.86,D,0
30.41867,75.70741,339.76,0.39,0.36,2021-10-31,757,N,VIIRS,n,2,307.05,12.36,D,0
30.4192,76.44997,334.41,0.39,0.36,2021-10-31,757,N,VIIRS,n,2,302.19,3.38,D,0
30.41938,75.62721,333.45,0.39,0.36,2021-10-31,757,N,VIIRS,n,2,303.09,1.8,D,0
30.42064,75.81506,338.46,0.39,0.36,2021-10-31,757,N,VIIRS,n,2,303.85,8.42,D,0
30.42161,75.26101,340.94,0.4,0.37,2021-10-31,757,N,VIIRS,n,2,304.18,6.66,D,0
30.42188,76.4453,333.84,0.39,0.36,2021-10-31,757,N,VIIRS,n,2,304.21,2.86,D,0
30.42189,75.38922,335.9,0.4,0.37,2021-10-31,757,N,VIIRS,n,2,303.31,2.8,D,0
30.42206,75.60131,334.14,0.39,0.36,2021-10-31,757,N,VIIRS,n,2,303.32,2.46,D,0
30.42385,75.35895,336.25,0.4,0.37,2021-10-31,757,N,VIIRS,n,2,303.74,3.77,D,0
30.42388,75.38027,336.34,0.4,0.37,2021-10-31,757,N,VIIRS,n,2,304.05,2.62,D,0
30.42396,75.81435,348.4,0.39,0.36,2021-10-31,757,N,VIIRS,n,2,305.03,8.42,D,0
30.42406,75.61354,351.22,0.39,0.36,2021-10-31,757,N,VIIRS,n,2,307.71,12.87,D,0
30.42497,75.26026,332.9,0.4,0.37,2021-10-31,757,N,VIIRS,n,2,300.93,3.31,D,0
30.42539,75.53716,334.71,0.4,0.37,2021-10-31,757,N,VIIRS,n,2,303.23,3.56,D,0
30.42931,75.80482,354.63,0.39,0.36,2021-10-31,757,N,VIIRS,n,2,302.88,5.6,D,0
30.42984,76.39041,332.52,0.39,0.36,2021-10-31,757,N,VIIRS,n,2,301.36,1.94,D,0
30.43051,75.80138,339.39,0.39,0.36,2021-10-31,757,N,VIIRS,n,2,304.33,8.87,D,0
30.43062,75.4001,339.68,0.4,0.37,2021-10-31,757,N,VIIRS,n,2,304.17,5.58,D,0
30.43117,75.80544,346.83,0.39,0.36,2021-10-31,757,N,VIIRS,n,2,304.81,8.87,D,0
30.43136,75.46801,345.24,0.4,0.37,2021-10-31,757,N,VIIRS,n,2,309.71,23.42,D,0
30.43166,75.88382,333.58,0.39,0.36,2021-10-31,757,N,VIIRS,n,2,302.5,3.81,D,0
30.43183,75.84198,343.23,0.39,0.36,2021-10-31,757,N,VIIRS,n,2,302.44,3.41,D,0
30.43339,75.50152,337.11,0.4,0.37,2021-10-31,757,N,VIIRS,n,2,304.31,5.91,D,0
30.4354,75.51379,343.98,0.4,0.37,2021-10-31,757,N,VIIRS,n,2,303.8,5.83,D,0
30.43593,75.36909,332.53,0.4,0.37,2021-10-31,757,N,VIIRS,l,2,304.32,2.39,D,0
30.43645,75.28773,343.72,0.4,0.37,2021-10-31,757,N,VIIRS,n,2,305.15,18.34,D,0
30.43661,75.37321,334.24,0.4,0.37,2021-10-31,757,N,VIIRS,l,2,304.96,2.39,D,0
30.43674,75.52197,333.08,0.4,0.37,2021-10-31,757,N,VIIRS,n,2,303.01,1.74,D,0
30.43728,75.37733,333.31,0.4,0.37,2021-10-31,757,N,VIIRS,l,2,304.14,4.83,D,0
30.44005,75.93632,336.52,0.39,0.36,2021-10-31,757,N,VIIRS,n,2,301.9,2.32,D,0
30.44114,75.80329,339.09,0.39,0.36,2021-10-31,757,N,VIIRS,n,2,301.02,41.97,D,0
30.44235,75.85326,331.93,0.39,0.36,2021-10-31,757,N,VIIRS,n,2,301.12,2.85,D,0
30.44268,75.41023,333,0.4,0.37,2021-10-31,757,N,VIIRS,l,2,303,3.37,D,0
30.4428,75.11062,338.58,0.4,0.37,2021-10-31,757,N,VIIRS,n,2,303.35,3.16,D,0
30.44547,75.23069,332.14,0.4,0.37,2021-10-31,757,N,VIIRS,n,2,301.97,1.91,D,0
30.44567,75.85255,331.82,0.39,0.36,2021-10-31,757,N,VIIRS,n,2,301.54,2.56,D,0
30.44605,75.64254,333.79,0.39,0.36,2021-10-31,757,N,VIIRS,n,2,305.06,2.53,D,0
30.44798,75.35792,339.25,0.4,0.37,2021-10-31,757,N,VIIRS,n,2,303.09,4.38,D,0
30.44866,75.36203,339.58,0.4,0.37,2021-10-31,757,N,VIIRS,n,2,305.5,4.38,D,0
30.4487,75.65883,332.65,0.39,0.36,2021-10-31,757,N,VIIRS,n,2,303.41,2.64,D,0
30.44874,75.59551,334.8,0.39,0.36,2021-10-31,757,N,VIIRS,n,2,301.95,2.8,D,0
30.44936,75.6629,333.15,0.39,0.36,2021-10-31,757,N,VIIRS,n,2,305.41,4.88,D,0
30.44938,75.64182,334.8,0.39,0.36,2021-10-31,757,N,VIIRS,n,2,301.96,2.53,D,0
30.45046,75.79711,341.58,0.39,0.36,2021-10-31,757,N,VIIRS,n,2,307.29,17.99,D,0
30.45404,75.64924,333.18,0.39,0.36,2021-10-31,757,N,VIIRS,l,2,305.25,3.31,D,0
30.45457,75.73748,338.7,0.39,0.36,2021-10-31,757,N,VIIRS,n,2,306.08,9.72,D,0
30.45465,75.3351,331.38,0.4,0.37,2021-10-31,757,N,VIIRS,l,2,302.05,3.69,D,0
30.45605,75.64037,334.45,0.39,0.36,2021-10-31,757,N,VIIRS,n,2,302.11,2.04,D,0
30.45752,75.21943,344.82,0.4,0.37,2021-10-31,757,N,VIIRS,n,2,303.76,5.27,D,0
30.45806,75.6315,334.97,0.39,0.36,2021-10-31,757,N,VIIRS,n,2,307.78,4.74,D,0
30.45837,75.82472,337.67,0.39,0.36,2021-10-31,757,N,VIIRS,n,2,303.13,2.63,D,0
30.45872,75.63557,334.79,0.39,0.36,2021-10-31,757,N,VIIRS,n,2,304.12,4.84,D,0
30.45873,75.38114,344.63,0.4,0.37,2021-10-31,757,N,VIIRS,n,2,308.87,10.28,D,0
30.46006,75.62263,330.02,0.39,0.36,2021-10-31,757,N,VIIRS,n,2,301.81,1.2,D,0
30.46012,75.53807,332.56,0.4,0.37,2021-10-31,757,N,VIIRS,l,2,303.22,1.96,D,0
30.46077,75.56332,332.21,0.39,0.37,2021-10-31,757,N,VIIRS,l,2,302.42,65.36,D,0
30.46079,75.49978,339.37,0.4,0.37,2021-10-31,757,N,VIIRS,n,2,303.89,3.37,D,0
30.46093,76.45815,345.01,0.39,0.36,2021-10-31,757,N,VIIRS,n,2,305.86,4.31,D,0
30.46139,75.63078,333.54,0.39,0.36,2021-10-31,757,N,VIIRS,n,2,301.59,4.74,D,0
30.46169,75.82401,337.83,0.39,0.36,2021-10-31,757,N,VIIRS,n,2,302.9,13.99,D,0
30.46205,75.63485,336.25,0.39,0.36,2021-10-31,757,N,VIIRS,n,2,305.09,4.84,D,0
30.46208,75.38041,337.03,0.4,0.37,2021-10-31,757,N,VIIRS,n,2,301.32,10.28,D,0
30.46311,75.7902,342.82,0.39,0.36,2021-10-31,757,N,VIIRS,n,2,307.41,9.61,D,0
30.46447,75.77732,342.47,0.39,0.36,2021-10-31,757,N,VIIRS,n,2,302.6,4.2,D,0
30.46479,75.54552,335.78,0.39,0.37,2021-10-31,757,N,VIIRS,n,2,303.16,2.63,D,0
30.46501,75.8233,339.72,0.39,0.36,2021-10-31,757,N,VIIRS,n,2,311.15,13.99,D,0
30.4662,75.87325,347.17,0.39,0.36,2021-10-31,757,N,VIIRS,n,2,301.91,5.36,D,0
30.46643,75.78948,336.67,0.39,0.36,2021-10-31,757,N,VIIRS,n,2,300.63,9.61,D,0
30.46822,75.86446,339.64,0.39,0.36,2021-10-31,757,N,VIIRS,n,2,302.33,3.7,D,0
30.46855,75.73868,341.08,0.39,0.36,2021-10-31,757,N,VIIRS,n,2,302.61,5.97,D,0
30.46887,75.8685,333.91,0.39,0.36,2021-10-31,757,N,VIIRS,n,2,304.09,5.6,D,0
30.47133,75.67078,343.03,0.39,0.36,2021-10-31,757,N,VIIRS,n,2,305.88,9.2,D,0
30.47139,75.62861,337.18,0.39,0.36,2021-10-31,757,N,VIIRS,n,2,301.63,4.07,D,0
30.47154,75.86375,334.47,0.39,0.36,2021-10-31,757,N,VIIRS,n,2,302.1,3.7,D,0
30.47219,75.86779,333.65,0.39,0.36,2021-10-31,757,N,VIIRS,n,2,301.22,5.6,D,0
30.47227,76.44342,332.78,0.39,0.36,2021-10-31,757,N,VIIRS,n,2,300.89,2.4,D,0
30.47278,75.5734,332.41,0.39,0.37,2021-10-31,757,N,VIIRS,n,2,302.32,3.12,D,0
30.47432,75.21572,336.02,0.4,0.37,2021-10-31,757,N,VIIRS,n,2,303.96,2.36,D,0
30.47472,75.62788,334.28,0.39,0.36,2021-10-31,757,N,VIIRS,n,2,304.16,4.07,D,0
30.47656,75.72434,345.48,0.39,0.36,2021-10-31,757,N,VIIRS,n,2,302.39,5.32,D,0
30.47681,75.53443,330.75,0.4,0.37,2021-10-31,757,N,VIIRS,l,2,302.55,2.07,D,0
30.47835,75.07245,347.72,0.4,0.37,2021-10-31,757,N,VIIRS,n,2,305.61,8.75,D,0
30.47918,75.74058,331.27,0.39,0.36,2021-10-31,757,N,VIIRS,n,2,300.76,2.29,D,0
30.47947,75.55079,336.31,0.39,0.37,2021-10-31,757,N,VIIRS,n,2,302.99,1.44,D,0
30.48067,75.66455,334.62,0.39,0.36,2021-10-31,757,N,VIIRS,n,2,303.37,3.17,D,0
30.48082,75.5378,346.92,0.39,0.37,2021-10-31,757,N,VIIRS,n,2,303.84,8.96,D,0
30.48092,75.3812,338.22,0.4,0.37,2021-10-31,757,N,VIIRS,n,2,301.39,2.92,D,0
30.48207,75.01086,333.16,0.4,0.37,2021-10-31,757,N,VIIRS,n,2,300.76,2.34,D,0
30.48263,75.11906,333.03,0.4,0.37,2021-10-31,757,N,VIIRS,n,2,300.93,1.92,D,0
30.48291,75.37224,334.58,0.4,0.37,2021-10-31,757,N,VIIRS,n,2,305.86,2.13,D,0
30.48347,75.3337,332.86,0.4,0.37,2021-10-31,757,N,VIIRS,n,2,302.09,2.91,D,0
30.48422,75.35915,330.42,0.4,0.37,2021-10-31,757,N,VIIRS,l,2,301.52,21.62,D,0
30.48626,75.37151,333.11,0.4,0.37,2021-10-31,757,N,VIIRS,n,2,301.91,2.13,D,0
30.48872,75.62907,344.78,0.39,0.36,2021-10-31,757,N,VIIRS,n,2,308.84,18.19,D,0
30.48951,75.01353,338.45,0.4,0.37,2021-10-31,757,N,VIIRS,n,2,302.07,2.88,D,0
30.4907,75.6413,333.32,0.39,0.36,2021-10-31,757,N,VIIRS,l,2,303.37,2.78,D,0
30.49129,76.45596,346.76,0.39,0.36,2021-10-31,757,N,VIIRS,n,2,304.17,4.7,D,0
30.49136,75.64538,333.75,0.39,0.36,2021-10-31,757,N,VIIRS,n,2,304.15,2.87,D,0
30.49233,75.38722,343.93,0.4,0.37,2021-10-31,757,N,VIIRS,n,2,303.96,4.6,D,0
30.4934,75.61539,343.37,0.39,0.36,2021-10-31,757,N,VIIRS,n,2,306.74,10.12,D,0
30.49351,75.53079,346.58,0.4,0.37,2021-10-31,757,N,VIIRS,n,2,304.34,5.52,D,0
30.49358,75.35283,335.81,0.4,0.37,2021-10-31,757,N,VIIRS,n,2,303.57,7.85,D,0
30.49455,75.50573,330.72,0.4,0.37,2021-10-31,757,N,VIIRS,n,2,303.07,0.8,D,0
30.49459,76.45528,333.51,0.39,0.36,2021-10-31,757,N,VIIRS,n,2,300.69,2.5,D,0
30.49471,75.10773,333.23,0.4,0.37,2021-10-31,757,N,VIIRS,l,2,303.36,5.59,D,0
30.495,75.79591,338.66,0.39,0.36,2021-10-31,757,N,VIIRS,n,2,312.17,22.82,D,0
30.4963,75.80402,332.57,0.39,0.36,2021-10-31,757,N,VIIRS,n,2,301.74,3.57,D,0
30.49674,75.61467,346.24,0.39,0.36,2021-10-31,757,N,VIIRS,n,2,311.21,32.66,D,0
30.49722,75.50092,332.65,0.4,0.37,2021-10-31,757,N,VIIRS,l,2,302.96,2.43,D,0
30.49729,75.08121,333.65,0.4,0.37,2021-10-31,757,N,VIIRS,n,2,302.21,3.27,D,0
30.4974,75.61874,345.34,0.39,0.36,2021-10-31,757,N,VIIRS,n,2,307.43,13.94,D,0
30.49806,75.62283,345.13,0.39,0.36,2021-10-31,757,N,VIIRS,n,2,303.56,13.94,D,0
30.49832,75.7952,337.89,0.39,0.36,2021-10-31,757,N,VIIRS,n,2,300.7,5.4,D,0
30.49838,75.77422,345.08,0.39,0.36,2021-10-31,757,N,VIIRS,n,2,306.29,17.47,D,0
30.49904,75.77827,330.98,0.39,0.36,2021-10-31,757,N,VIIRS,n,2,300.64,6.27,D,0
30.4993,75.67316,332.17,0.39,0.36,2021-10-31,757,N,VIIRS,n,2,301.41,3.38,D,0
30.5007,75.63914,341.97,0.39,0.36,2021-10-31,757,N,VIIRS,n,2,306.31,5.6,D,0
30.50073,75.61802,346.56,0.39,0.36,2021-10-31,757,N,VIIRS,n,2,309.44,13.94,D,0
30.50103,75.01965,343.98,0.4,0.37,2021-10-31,757,N,VIIRS,n,2,302.86,4.58,D,0
30.50139,75.62211,351.71,0.39,0.36,2021-10-31,757,N,VIIRS,n,2,307.41,13.94,D,0
30.50151,75.8364,346.08,0.39,0.36,2021-10-31,757,N,VIIRS,n,2,303.09,6.73,D,0
30.50532,75.06644,337.11,0.4,0.37,2021-10-31,757,N,VIIRS,n,2,306.11,5.21,D,0
30.50555,75.81878,335.57,0.39,0.36,2021-10-31,757,N,VIIRS,n,2,303.42,1.97,D,0
30.50591,75.69276,337.93,0.39,0.36,2021-10-31,757,N,VIIRS,n,2,302.76,4.22,D,0
30.50596,75.57523,340.07,0.39,0.36,2021-10-31,757,N,VIIRS,n,2,303.76,9.71,D,0
30.50605,75.62954,332.52,0.39,0.36,2021-10-31,757,N,VIIRS,l,2,306.63,8.52,D,0
30.5067,75.63361,335.07,0.39,0.36,2021-10-31,757,N,VIIRS,l,2,306.79,10.81,D,0
30.50869,75.06568,336.46,0.4,0.37,2021-10-31,757,N,VIIRS,n,2,302.39,4.87,D,0
30.50904,75.94761,343.68,0.39,0.36,2021-10-31,757,N,VIIRS,n,2,301.46,4.55,D,0
30.5096,75.32368,337.07,0.4,0.37,2021-10-31,757,N,VIIRS,n,2,304.78,10.49,D,0
30.51104,75.14299,332.51,0.4,0.37,2021-10-31,757,N,VIIRS,n,2,302.31,2.9,D,0
30.51135,75.64104,336.15,0.39,0.36,2021-10-31,757,N,VIIRS,n,2,306.82,4.49,D,0
30.51285,75.8214,339.31,0.39,0.36,2021-10-31,757,N,VIIRS,n,2,303.54,3.26,D,0
30.5133,75.64117,341.2,0.39,0.36,2021-10-31,757,N,VIIRS,n,2,302.87,4.69,D,0
30.51524,75.48427,335.59,0.4,0.37,2021-10-31,757,N,VIIRS,n,2,303.11,3.16,D,0
30.51593,75.50956,339.18,0.4,0.37,2021-10-31,757,N,VIIRS,n,2,304.18,7.73,D,0
30.51664,75.59826,330.09,0.39,0.36,2021-10-31,757,N,VIIRS,l,2,301.79,3.78,D,0
30.51731,75.60234,333.98,0.39,0.36,2021-10-31,757,N,VIIRS,n,2,303.94,3.78,D,0
30.51815,75.98318,338.32,0.39,0.36,2021-10-31,757,N,VIIRS,n,2,301.77,4.54,D,0
30.51834,75.33458,334.26,0.4,0.37,2021-10-31,757,N,VIIRS,n,2,302.2,3.4,D,0
30.51892,75.29595,342.57,0.4,0.37,2021-10-31,757,N,VIIRS,n,2,303.96,4.83,D,0
30.51926,75.48763,331.77,0.4,0.37,2021-10-31,757,N,VIIRS,l,2,303.39,2.24,D,0
30.51927,75.67779,332.03,0.39,0.36,2021-10-31,757,N,VIIRS,n,2,303.72,4.01,D,0
30.51957,75.79901,333.35,0.39,0.36,2021-10-31,757,N,VIIRS,n,2,303.63,4.04,D,0
30.52022,75.80305,339.02,0.39,0.36,2021-10-31,757,N,VIIRS,n,2,302.47,4.04,D,0
30.52061,75.51701,333.61,0.4,0.37,2021-10-31,757,N,VIIRS,n,2,303.06,2.58,D,0
30.52261,75.67706,332.78,0.39,0.36,2021-10-31,757,N,VIIRS,n,2,300.38,4.01,D,0
30.52263,75.63494,343.15,0.39,0.36,2021-10-31,757,N,VIIRS,n,2,316.14,40.3,D,0
30.52352,75.02832,344.73,0.4,0.37,2021-10-31,757,N,VIIRS,n,2,304.72,10.78,D,0
30.52427,75.78542,347.23,0.39,0.36,2021-10-31,757,N,VIIRS,n,2,304.84,6.1,D,0
30.52464,75.62607,345.42,0.39,0.36,2021-10-31,757,N,VIIRS,n,2,308.57,8.39,D,0
30.52477,76.30538,333.21,0.39,0.36,2021-10-31,757,N,VIIRS,l,2,304.2,8.32,D,0
30.52492,75.78947,335.23,0.39,0.36,2021-10-31,757,N,VIIRS,n,2,302.68,5.48,D,0
30.52596,75.63422,347.6,0.39,0.36,2021-10-31,757,N,VIIRS,n,2,301.46,10.24,D,0
30.52597,75.59202,336.91,0.39,0.36,2021-10-31,757,N,VIIRS,n,2,302.87,2.05,D,0
30.52862,75.6505,334.21,0.39,0.36,2021-10-31,757,N,VIIRS,n,2,304.15,28.61,D,0
30.5293,76.48103,330.28,0.39,0.36,2021-10-31,757,N,VIIRS,n,2,300.52,1.92,D,0
30.53012,76.46437,337.11,0.39,0.36,2021-10-31,757,N,VIIRS,n,2,303.74,8.7,D,0
30.53064,75.55717,332.18,0.39,0.37,2021-10-31,757,N,VIIRS,l,2,302.56,2.11,D,0
30.53196,75.6287,341.9,0.39,0.36,2021-10-31,757,N,VIIRS,n,2,306.63,8.51,D,0
30.53237,75.03935,335.83,0.4,0.37,2021-10-31,757,N,VIIRS,n,2,303.5,3.07,D,0
30.53264,75.52711,333.3,0.39,0.37,2021-10-31,757,N,VIIRS,n,2,302.04,2.06,D,0
30.53264,75.59056,336.54,0.39,0.36,2021-10-31,757,N,VIIRS,n,2,304.28,5.71,D,0
30.53264,75.61168,333.69,0.39,0.36,2021-10-31,757,N,VIIRS,n,2,303.22,3.41,D,0
30.53329,75.63685,330.94,0.39,0.36,2021-10-31,757,N,VIIRS,l,2,304.01,3.99,D,0
30.53449,75.75016,332.45,0.39,0.36,2021-10-31,757,N,VIIRS,n,2,301.88,2.69,D,0
30.53569,75.29226,337.78,0.4,0.37,2021-10-31,757,N,VIIRS,l,2,308.29,16.49,D,0
30.53575,75.0386,344.73,0.4,0.37,2021-10-31,757,N,VIIRS,n,2,303.45,10.71,D,0
30.53661,75.46687,336.03,0.4,0.37,2021-10-31,757,N,VIIRS,n,2,304.07,8.9,D,0
30.5386,75.6694,333.36,0.39,0.36,2021-10-31,757,N,VIIRS,n,2,303.3,11.44,D,0
30.53993,75.65648,348.23,0.39,0.36,2021-10-31,757,N,VIIRS,n,2,306.21,4.77,D,0
30.53995,75.6354,341.79,0.39,0.36,2021-10-31,757,N,VIIRS,n,2,303.71,6.16,D,0
30.53998,75.5932,337.71,0.39,0.36,2021-10-31,757,N,VIIRS,n,2,307.03,11.31,D,0
30.54029,75.92842,334.6,0.39,0.36,2021-10-31,757,N,VIIRS,n,2,304.29,5.06,D,0
30.54062,75.63947,335.51,0.39,0.36,2021-10-31,757,N,VIIRS,n,2,304.38,6.16,D,0
30.54065,75.57615,337.48,0.39,0.36,2021-10-31,757,N,VIIRS,n,2,304.57,4.51,D,0
30.54238,75.79881,336.03,0.39,0.36,2021-10-31,757,N,VIIRS,n,2,310.68,27.15,D,0
30.54307,75.29491,346.51,0.4,0.37,2021-10-31,757,N,VIIRS,n,2,305.79,10.15,D,0
30.54384,75.14922,333.21,0.4,0.37,2021-10-31,757,N,VIIRS,l,2,303.32,3.3,D,0
30.54395,75.63874,339.77,0.39,0.36,2021-10-31,757,N,VIIRS,n,2,305.47,6.16,D,0
30.54398,75.49072,347.25,0.4,0.37,2021-10-31,757,N,VIIRS,n,2,306.35,9.88,D,0
30.54465,75.49481,333.94,0.4,0.37,2021-10-31,757,N,VIIRS,n,2,303.58,9.88,D,0
30.54507,75.28591,336.95,0.4,0.37,2021-10-31,757,N,VIIRS,n,2,302.3,4.77,D,0
30.54597,75.46057,334.11,0.4,0.37,2021-10-31,757,N,VIIRS,l,2,304.38,6.88,D,0
30.54652,75.71817,346.17,0.39,0.36,2021-10-31,757,N,VIIRS,n,2,302.63,7.64,D,0
30.54728,75.42628,331,0.4,0.37,2021-10-31,757,N,VIIRS,l,2,302.71,2.52,D,0
30.54762,75.83119,334,0.39,0.36,2021-10-31,757,N,VIIRS,l,2,304.93,2.68,D,0
30.5479,75.68423,354.09,0.39,0.36,2021-10-31,757,N,VIIRS,n,2,311.35,16.18,D,0
30.54863,75.62508,344.36,0.39,0.36,2021-10-31,757,N,VIIRS,n,2,305.78,4.01,D,0
30.55054,75.70049,342.35,0.39,0.36,2021-10-31,757,N,VIIRS,n,2,303.1,4.59,D,0
30.55061,75.6373,337.09,0.39,0.36,2021-10-31,757,N,VIIRS,n,2,310.82,29.08,D,0
30.55173,75.263,335.05,0.4,0.37,2021-10-31,757,N,VIIRS,n,2,303.82,5.24,D,0
30.55196,75.62436,341.36,0.39,0.36,2021-10-31,757,N,VIIRS,n,2,311.55,34.18,D,0
30.55236,75.2457,341,0.4,0.37,2021-10-31,757,N,VIIRS,n,2,304.05,7.97,D,0
30.55392,75.65765,335.7,0.39,0.36,2021-10-31,757,N,VIIRS,n,2,303.49,4.86,D,0
30.55452,75.70383,335.46,0.39,0.36,2021-10-31,757,N,VIIRS,n,2,303.24,4.59,D,0
30.55471,75.04739,332.02,0.4,0.37,2021-10-31,757,N,VIIRS,l,2,303.27,3.3,D,0
30.55593,75.6488,336.86,0.39,0.36,2021-10-31,757,N,VIIRS,n,2,304.8,4.12,D,0
30.55601,75.50082,330.46,0.4,0.37,2021-10-31,757,N,VIIRS,n,2,303.06,1.79,D,0
30.55725,75.65694,333.6,0.39,0.36,2021-10-31,757,N,VIIRS,n,2,303.35,2.32,D,0
30.55728,75.63586,338.28,0.39,0.36,2021-10-31,757,N,VIIRS,n,2,305.25,6.17,D,0
30.55764,75.8081,334.08,0.39,0.36,2021-10-31,757,N,VIIRS,n,2,302.93,2.76,D,0
30.55793,75.3643,341.56,0.4,0.37,2021-10-31,757,N,VIIRS,n,2,302.4,3.94,D,0
30.55801,75.5131,333.33,0.39,0.37,2021-10-31,757,N,VIIRS,n,2,300.81,2.48,D,0
30.55956,76.48386,345.53,0.38,0.36,2021-10-31,757,N,VIIRS,n,2,301.13,7.01,D,0
30.55975,75.75732,340.27,0.39,0.36,2021-10-31,757,N,VIIRS,n,2,303.53,3.92,D,0
30.55984,75.29121,332.57,0.4,0.37,2021-10-31,757,N,VIIRS,n,2,301.3,2.26,D,0
30.56064,76.1861,330.88,0.39,0.36,2021-10-31,757,N,VIIRS,n,2,300.67,1.9,D,0
30.56134,75.53356,341.58,0.39,0.37,2021-10-31,757,N,VIIRS,n,2,304.99,11.41,D,0
30.56468,75.53283,332.55,0.39,0.37,2021-10-31,757,N,VIIRS,n,2,301.22,2.41,D,0
30.56617,76.48249,333.04,0.38,0.36,2021-10-31,757,N,VIIRS,n,2,302.37,4.31,D,0
30.56658,75.31113,334.49,0.4,0.37,2021-10-31,757,N,VIIRS,l,2,306.85,21.01,D,0
30.56674,75.30732,332.44,0.4,0.37,2021-10-31,757,N,VIIRS,n,2,301.85,10.32,D,0
30.56725,75.65478,347.63,0.39,0.36,2021-10-31,757,N,VIIRS,n,2,311.78,16.83,D,0
30.56749,75.84785,333.05,0.39,0.36,2021-10-31,757,N,VIIRS,n,2,304.82,1.96,D,0
30.56793,75.31939,336.39,0.4,0.37,2021-10-31,757,N,VIIRS,n,2,302.51,2.42,D,0
30.5688,75.3197,334.49,0.4,0.37,2021-10-31,757,N,VIIRS,n,2,302.03,2.47,D,0
30.57057,75.65405,345.3,0.39,0.36,2021-10-31,757,N,VIIRS,n,2,306.35,8.58,D,0
30.57099,76.01358,336.12,0.39,0.36,2021-10-31,757,N,VIIRS,n,2,302.56,4.94,D,0
30.57122,75.25067,341.55,0.4,0.37,2021-10-31,757,N,VIIRS,n,2,302.49,4.72,D,0
30.57168,75.06527,334.73,0.4,0.37,2021-10-31,757,N,VIIRS,n,2,302.27,25.81,D,0
30.57355,76.02969,333.71,0.39,0.36,2021-10-31,757,N,VIIRS,n,2,302.27,4.95,D,0
30.57404,75.44168,343.72,0.4,0.37,2021-10-31,757,N,VIIRS,n,2,302.88,4.33,D,0
30.57457,75.65739,334.96,0.39,0.36,2021-10-31,757,N,VIIRS,n,2,304.89,8.58,D,0
30.57458,75.24993,346.98,0.4,0.37,2021-10-31,757,N,VIIRS,n,2,303.74,4.72,D,0
30.57618,75.32235,343.01,0.4,0.37,2021-10-31,757,N,VIIRS,n,2,308.46,9.55,D,0
30.57686,75.32648,333.47,0.4,0.37,2021-10-31,757,N,VIIRS,n,2,304.68,9.55,D,0
30.57789,76.42644,332.43,0.39,0.36,2021-10-31,757,N,VIIRS,l,2,302.58,2.47,D,0
30.57872,75.4704,345.23,0.4,0.37,2021-10-31,757,N,VIIRS,n,2,306.12,8.6,D,0
30.57939,75.27887,340.46,0.4,0.37,2021-10-31,757,N,VIIRS,n,2,301.84,5.07,D,0
30.57953,75.32161,342.7,0.4,0.37,2021-10-31,757,N,VIIRS,n,2,303.2,9.55,D,0
30.58022,75.32574,334.9,0.4,0.37,2021-10-31,757,N,VIIRS,n,2,304.08,9.55,D,0
30.58067,75.56745,332.07,0.39,0.36,2021-10-31,757,N,VIIRS,n,2,301.23,2.94,D,0
30.5812,75.22701,336.68,0.4,0.37,2021-10-31,757,N,VIIRS,n,2,303.03,4.26,D,0
30.5833,76.48306,331,0.38,0.36,2021-10-31,757,N,VIIRS,n,2,300.28,1.76,D,0
30.58436,75.95285,339.69,0.39,0.36,2021-10-31,757,N,VIIRS,n,2,306.23,3.38,D,0
30.58445,75.93198,333.32,0.39,0.36,2021-10-31,757,N,VIIRS,l,2,304.37,11.45,D,0
30.58473,75.48606,347.16,0.4,0.37,2021-10-31,757,N,VIIRS,n,2,306.59,4.2,D,0
30.58536,75.55373,345.05,0.39,0.36,2021-10-31,757,N,VIIRS,n,2,303.74,8.11,D,0
30.58539,75.49015,335.38,0.4,0.37,2021-10-31,757,N,VIIRS,l,2,306.33,3.52,D,0
30.58606,75.49426,330.95,0.4,0.37,2021-10-31,757,N,VIIRS,n,2,301.85,3.52,D,0
30.58671,75.51955,342.64,0.39,0.37,2021-10-31,757,N,VIIRS,n,2,314.29,40.67,D,0
30.58807,75.48533,335.86,0.4,0.37,2021-10-31,757,N,VIIRS,n,2,305.74,4.2,D,0
30.58873,75.48943,335.32,0.4,0.37,2021-10-31,757,N,VIIRS,n,2,304.87,3.52,D,0
30.58913,75.40056,338.28,0.4,0.37,2021-10-31,757,N,VIIRS,n,2,306.86,3.37,D,0
30.5899,75.64565,338.47,0.39,0.36,2021-10-31,757,N,VIIRS,n,2,301.8,3.17,D,0
30.59087,75.80096,343.5,0.39,0.36,2021-10-31,757,N,VIIRS,n,2,311.91,25.46,D,0
30.59114,75.69592,337.1,0.39,0.36,2021-10-31,757,N,VIIRS,n,2,303.92,4.58,D,0
30.59164,75.76305,336.5,0.39,0.36,2021-10-31,757,N,VIIRS,n,2,304.27,2.75,D,0
30.59188,75.43825,338.92,0.4,0.37,2021-10-31,757,N,VIIRS,n,2,304.66,6.17,D,0
30.59233,76.19185,334.64,0.39,0.36,2021-10-31,757,N,VIIRS,n,2,301.27,4.42,D,0
30.59272,75.51401,335.65,0.39,0.37,2021-10-31,757,N,VIIRS,n,2,301.98,2.59,D,0
30.5931,75.70811,342.8,0.39,0.36,2021-10-31,757,N,VIIRS,n,2,305.89,15.11,D,0
30.59496,75.76233,335.81,0.39,0.36,2021-10-31,757,N,VIIRS,n,2,302.57,3.4,D,0
30.5955,75.80833,333.55,0.39,0.36,2021-10-31,757,N,VIIRS,n,2,302.22,1.89,D,0
30.59563,76.19115,334.78,0.39,0.36,2021-10-31,757,N,VIIRS,n,2,298.52,3.44,D,0
30.59615,75.81239,332.08,0.39,0.36,2021-10-31,757,N,VIIRS,n,2,303.21,1.89,D,0
30.59671,76.45965,332.01,0.39,0.36,2021-10-31,757,N,VIIRS,n,2,301.89,2.04,D,0
30.59821,75.28756,338.34,0.4,0.37,2021-10-31,757,N,VIIRS,n,2,303.66,4.08,D,0
30.60214,75.80691,333.37,0.39,0.36,2021-10-31,757,N,VIIRS,l,2,303.79,2.65,D,0
30.60464,75.47369,340.81,0.4,0.37,2021-10-31,757,N,VIIRS,n,2,306.06,5.84,D,0
30.606,75.57461,338.64,0.39,0.36,2021-10-31,757,N,VIIRS,n,2,306.17,9.05,D,0
30.60933,75.48114,340.09,0.4,0.37,2021-10-31,757,N,VIIRS,n,2,303.31,2.78,D,0
30.60974,75.33633,337.88,0.4,0.37,2021-10-31,757,N,VIIRS,n,2,307.02,5.23,D,0
30.61081,75.79667,331.97,0.39,0.36,2021-10-31,757,N,VIIRS,n,2,301.75,2.75,D,0
30.61088,75.77568,330.11,0.39,0.36,2021-10-31,757,N,VIIRS,l,2,301.15,3.78,D,0
30.61124,75.62837,332.73,0.39,0.36,2021-10-31,757,N,VIIRS,n,2,302.23,2.43,D,0
30.61199,75.47633,334.07,0.4,0.37,2021-10-31,757,N,VIIRS,n,2,303.91,2.78,D,0
30.6129,75.76687,333.36,0.39,0.36,2021-10-31,757,N,VIIRS,n,2,300.92,2.04,D,0
30.61308,75.33559,347.27,0.4,0.37,2021-10-31,757,N,VIIRS,n,2,306.52,14.33,D,0
30.6138,76.39417,330.47,0.39,0.36,2021-10-31,757,N,VIIRS,n,2,301.73,2.1,D,0
30.61497,75.09457,339.6,0.4,0.37,2021-10-31,757,N,VIIRS,n,2,308.92,27.05,D,0
30.6243,75.73078,331.21,0.39,0.36,2021-10-31,757,N,VIIRS,l,2,301.85,1.16,D,0
30.62756,75.04414,334.82,0.4,0.37,2021-10-31,757,N,VIIRS,n,2,306.37,3.68,D,0
30.62828,75.73413,339.94,0.39,0.36,2021-10-31,757,N,VIIRS,n,2,303.77,8.78,D,0
30.62919,75.34912,338.3,0.4,0.37,2021-10-31,757,N,VIIRS,n,2,303.45,3.13,D,0
30.62931,76.42809,330.23,0.39,0.36,2021-10-31,757,N,VIIRS,l,2,301.39,1.62,D,0
30.6301,75.78832,341.83,0.39,0.36,2021-10-31,757,N,VIIRS,n,2,305.84,11.09,D,0
30.63099,75.25462,332.74,0.4,0.37,2021-10-31,757,N,VIIRS,l,2,303.01,1.59,D,0
30.6314,75.53142,344.5,0.39,0.37,2021-10-31,757,N,VIIRS,n,2,307.49,11.79,D,0
30.63466,75.6995,346.6,0.39,0.36,2021-10-31,757,N,VIIRS,n,2,307.43,21.56,D,0
30.63707,75.87476,336.05,0.39,0.36,2021-10-31,757,N,VIIRS,n,2,304.17,5.63,D,0
30.6373,75.71575,330.05,0.39,0.36,2021-10-31,757,N,VIIRS,n,2,301.37,1.97,D,0
30.63733,75.9624,338.87,0.39,0.36,2021-10-31,757,N,VIIRS,n,2,302.75,4.72,D,0
30.63934,75.8031,330.75,0.39,0.36,2021-10-31,757,N,VIIRS,l,2,300.83,1.49,D,0
30.64005,75.47868,335.12,0.4,0.37,2021-10-31,757,N,VIIRS,n,2,304.31,3,D,0
30.64123,75.33794,343.57,0.4,0.37,2021-10-31,757,N,VIIRS,n,2,306,3.45,D,0
30.64202,75.42727,340.32,0.4,0.37,2021-10-31,757,N,VIIRS,n,2,306.76,8.9,D,0
30.64272,75.62194,332.82,0.39,0.36,2021-10-31,757,N,VIIRS,n,2,301.73,1.64,D,0
30.64323,75.8274,346.25,0.39,0.36,2021-10-31,757,N,VIIRS,n,2,304.16,6.49,D,0
30.64457,75.3372,334.03,0.4,0.37,2021-10-31,757,N,VIIRS,l,2,304.6,3.45,D,0
30.64581,75.28135,333.82,0.4,0.37,2021-10-31,757,N,VIIRS,n,2,301.84,2.56,D,0
30.64583,75.84359,331.26,0.39,0.36,2021-10-31,757,N,VIIRS,n,2,303.09,2.07,D,0
30.6509,75.89688,331.69,0.39,0.36,2021-10-31,757,N,VIIRS,n,2,301.15,3.01,D,0
30.65147,76.33298,335.69,0.39,0.36,2021-10-31,757,N,VIIRS,n,2,303.18,2.92,D,0
30.65232,75.19407,338.98,0.4,0.37,2021-10-31,757,N,VIIRS,n,2,307.94,11.06,D,0
30.65594,75.95008,345.07,0.39,0.36,2021-10-31,757,N,VIIRS,n,2,306.06,9.52,D,0
30.65606,75.42845,345.16,0.4,0.37,2021-10-31,757,N,VIIRS,n,2,304.86,11.09,D,0
30.65918,75.25697,334.59,0.4,0.37,2021-10-31,757,N,VIIRS,n,2,303.61,2.13,D,0
30.66008,76.14893,343.67,0.39,0.36,2021-10-31,757,N,VIIRS,n,2,300.29,4.32,D,0
30.6636,75.21382,341.7,0.4,0.37,2021-10-31,757,N,VIIRS,n,2,302.48,2.61,D,0
30.66369,75.23526,330.32,0.4,0.37,2021-10-31,757,N,VIIRS,n,2,302.45,1.62,D,0
30.66476,75.46054,332.71,0.4,0.37,2021-10-31,757,N,VIIRS,n,2,302.45,6.13,D,0
30.6658,75.76421,336.52,0.39,0.36,2021-10-31,757,N,VIIRS,n,2,301.91,2.65,D,0
30.66654,75.12709,335.29,0.4,0.37,2021-10-31,757,N,VIIRS,n,2,303.87,5.05,D,0
30.66667,76.40832,341.87,0.39,0.36,2021-10-31,757,N,VIIRS,n,2,302.48,4.47,D,0
30.66732,75.0274,349.92,0.4,0.37,2021-10-31,757,N,VIIRS,n,2,318.79,25.06,D,0
30.66802,75.03159,333.91,0.4,0.37,2021-10-31,757,N,VIIRS,l,2,305.87,25.06,D,0
30.66912,75.76349,336.45,0.39,0.36,2021-10-31,757,N,VIIRS,n,2,302.16,3.44,D,0
30.66962,75.20819,334.78,0.4,0.37,2021-10-31,757,N,VIIRS,n,2,304.84,3.25,D,0
30.67012,75.04413,340.73,0.4,0.37,2021-10-31,757,N,VIIRS,n,2,304.22,3.39,D,0
30.6706,75.1305,333.88,0.4,0.37,2021-10-31,757,N,VIIRS,n,2,304.72,3.78,D,0
30.6706,76.41162,331.93,0.39,0.36,2021-10-31,757,N,VIIRS,l,2,301.93,3.31,D,0
30.67069,75.02666,351.81,0.4,0.37,2021-10-31,757,N,VIIRS,n,2,304.82,21.19,D,0
30.67409,75.39043,333.68,0.4,0.37,2021-10-31,757,N,VIIRS,n,2,301.39,1.51,D,0
30.67453,76.41492,332.36,0.39,0.36,2021-10-31,757,N,VIIRS,n,2,301.01,4.63,D,0
30.67517,75.95047,331.31,0.39,0.36,2021-10-31,757,N,VIIRS,n,2,302.1,2.04,D,0
30.68055,75.25298,335.14,0.4,0.37,2021-10-31,757,N,VIIRS,n,2,302.46,2.99,D,0
30.6815,75.02858,334.41,0.4,0.37,2021-10-31,757,N,VIIRS,l,2,305.85,10.97,D,0
30.68296,75.80663,333.17,0.39,0.36,2021-10-31,757,N,VIIRS,n,2,302.16,2.48,D,0
30.6848,75.43491,350.53,0.4,0.37,2021-10-31,757,N,VIIRS,n,2,304.86,8.24,D,0
30.68546,75.39645,330.56,0.4,0.37,2021-10-31,757,N,VIIRS,n,2,302.99,1.98,D,0
30.68634,75.78494,331.58,0.39,0.36,2021-10-31,757,N,VIIRS,l,2,302.35,1.86,D,0
30.6873,75.10519,333.55,0.4,0.37,2021-10-31,757,N,VIIRS,l,2,303.8,2.72,D,0
30.69096,76.34537,335.21,0.39,0.36,2021-10-31,757,N,VIIRS,n,2,308.69,17.51,D,0
30.695,75.7747,333.71,0.39,0.36,2021-10-31,757,N,VIIRS,n,2,303.19,2.84,D,0
30.69565,75.77874,331.05,0.39,0.36,2021-10-31,757,N,VIIRS,l,2,303.76,3.92,D,0
30.69877,75.11128,330.95,0.4,0.37,2021-10-31,757,N,VIIRS,n,2,301.49,1.56,D,0
30.70016,75.46552,341.83,0.4,0.37,2021-10-31,757,N,VIIRS,n,2,316.54,27.18,D,0
30.70111,75.41923,339.91,0.4,0.37,2021-10-31,757,N,VIIRS,n,2,306.07,15.65,D,0
30.70186,75.46581,341.46,0.39,0.37,2021-10-31,757,N,VIIRS,n,2,311.51,29.24,D,0
30.70299,75.95287,338.91,0.39,0.36,2021-10-31,757,N,VIIRS,n,2,303.8,5.2,D,0
30.7119,75.48483,333.66,0.39,0.37,2021-10-31,757,N,VIIRS,n,2,302.64,1.65,D,0
30.71197,75.62378,337.5,0.39,0.36,2021-10-31,757,N,VIIRS,n,2,307.48,4.96,D,0
30.71208,75.56038,335.14,0.39,0.36,2021-10-31,757,N,VIIRS,n,2,303.84,1.45,D,0
30.71237,75.3614,337.97,0.4,0.37,2021-10-31,757,N,VIIRS,n,2,307.89,14.38,D,0
30.71292,75.77923,337.54,0.39,0.36,2021-10-31,757,N,VIIRS,n,2,302.62,2.86,D,0
30.71571,75.36066,343.95,0.4,0.37,2021-10-31,757,N,VIIRS,n,2,302.42,14.38,D,0
30.71589,75.46699,340.63,0.39,0.37,2021-10-31,757,N,VIIRS,n,2,303.32,3.05,D,0
30.71923,75.46626,335.67,0.39,0.37,2021-10-31,757,N,VIIRS,n,2,302.82,3.05,D,0
30.72062,75.53801,348.04,0.39,0.36,2021-10-31,757,N,VIIRS,n,2,311.41,24.14,D,0
30.72596,75.54955,346.79,0.39,0.36,2021-10-31,757,N,VIIRS,n,2,306.08,8.33,D,0
30.72796,75.5618,335.15,0.39,0.36,2021-10-31,757,N,VIIRS,n,2,303.18,2.58,D,0
30.72845,75.37492,330.92,0.4,0.37,2021-10-31,757,N,VIIRS,l,2,301.73,3.52,D,0
30.72922,75.44283,338.93,0.4,0.37,2021-10-31,757,N,VIIRS,n,2,303.64,8.05,D,0
30.72929,75.54882,347.97,0.39,0.36,2021-10-31,757,N,VIIRS,n,2,303.89,10.15,D,0
30.7312,75.65755,338.93,0.39,0.36,2021-10-31,757,N,VIIRS,n,2,308.58,12.08,D,0
30.73262,75.59036,333.42,0.39,0.36,2021-10-31,757,N,VIIRS,n,2,301.79,1.95,D,0
30.73549,75.03819,334.43,0.4,0.37,2021-10-31,757,N,VIIRS,n,2,302.33,4.24,D,0
30.73588,75.42012,351.09,0.4,0.37,2021-10-31,757,N,VIIRS,n,2,303.9,8.61,D,0
30.73638,75.31769,333.06,0.4,0.37,2021-10-31,757,N,VIIRS,n,2,302.99,1.76,D,0
30.73972,75.31696,333.84,0.4,0.37,2021-10-31,757,N,VIIRS,n,2,301.9,2.12,D,0
30.73983,75.38094,339.1,0.4,0.37,2021-10-31,757,N,VIIRS,n,2,304.02,6.15,D,0
30.74123,75.43169,332.33,0.4,0.37,2021-10-31,757,N,VIIRS,n,2,301.5,7.53,D,0
30.74127,75.62224,332.04,0.39,0.36,2021-10-31,757,N,VIIRS,l,2,302.24,3.68,D,0
30.74446,75.09245,333.01,0.4,0.37,2021-10-31,757,N,VIIRS,n,2,304.26,2.59,D,0
30.7453,75.13975,341.26,0.4,0.37,2021-10-31,757,N,VIIRS,n,2,309.47,9.67,D,0
30.74638,75.29411,337.42,0.4,0.37,2021-10-31,757,N,VIIRS,n,2,304.04,6.17,D,0
30.74736,75.04485,331.42,0.4,0.37,2021-10-31,757,N,VIIRS,n,2,303.58,1.95,D,0
30.75288,75.20692,335.28,0.4,0.37,2021-10-31,757,N,VIIRS,l,2,306.23,3.96,D,0
30.75562,75.0733,334.27,0.4,0.37,2021-10-31,757,N,VIIRS,n,2,301.02,1.68,D,0
30.7579,75.38548,333.63,0.4,0.37,2021-10-31,757,N,VIIRS,n,2,303.48,5.46,D,0
30.75838,75.26148,333.04,0.4,0.37,2021-10-31,757,N,VIIRS,n,2,304.31,7.22,D,0
30.7592,75.66893,339.98,0.39,0.36,2021-10-31,757,N,VIIRS,n,2,304.13,3.18,D,0
30.75983,75.83617,340.63,0.39,0.36,2021-10-31,757,N,VIIRS,n,2,304.82,2.62,D,0
30.76191,75.62198,341.77,0.39,0.36,2021-10-31,757,N,VIIRS,n,2,304.46,3.43,D,0
30.76248,75.30766,347.74,0.4,0.37,2021-10-31,757,N,VIIRS,n,2,309.89,24.85,D,0
30.76325,75.60902,333.33,0.39,0.36,2021-10-31,757,N,VIIRS,n,2,301.59,2.04,D,0
30.76524,75.62125,337.61,0.39,0.36,2021-10-31,757,N,VIIRS,n,2,305.28,3.43,D,0
30.76716,75.67562,344.4,0.39,0.36,2021-10-31,757,N,VIIRS,n,2,306.86,17.6,D,0
30.76884,75.15234,333.37,0.4,0.37,2021-10-31,757,N,VIIRS,n,2,302.72,2.18,D,0
30.77081,75.14328,343.87,0.4,0.37,2021-10-31,757,N,VIIRS,n,2,306.23,13.89,D,0
30.77309,75.19871,336.44,0.4,0.37,2021-10-31,757,N,VIIRS,n,2,304.09,7.78,D,0
30.77545,75.12932,335.84,0.4,0.37,2021-10-31,757,N,VIIRS,n,2,304.31,2.99,D,0
30.77704,75.18064,330.66,0.4,0.37,2021-10-31,757,N,VIIRS,n,2,301.04,2.4,D,0
30.77773,75.1848,332.32,0.4,0.37,2021-10-31,757,N,VIIRS,n,2,302.21,4.09,D,0
30.78366,75.94868,344.04,0.39,0.36,2021-10-31,757,N,VIIRS,n,2,301.6,5.31,D,0
30.78397,75.39678,333.68,0.4,0.37,2021-10-31,757,N,VIIRS,n,2,302.68,3.16,D,0
30.78699,75.73443,334.12,0.39,0.36,2021-10-31,757,N,VIIRS,l,2,305.13,5.24,D,0
30.78729,76.13889,340.87,0.39,0.36,2021-10-31,757,N,VIIRS,n,2,304.44,8.08,D,0
30.78745,75.26417,338.99,0.4,0.37,2021-10-31,757,N,VIIRS,n,2,303.78,3.42,D,0
30.78806,76.12209,333.37,0.39,0.36,2021-10-31,757,N,VIIRS,n,2,302.33,4.56,D,0
30.78937,75.83457,332.37,0.39,0.36,2021-10-31,757,N,VIIRS,n,2,301.69,3.08,D,0
30.78989,75.60323,333.44,0.39,0.36,2021-10-31,757,N,VIIRS,n,2,301.76,1.59,D,0
30.79036,75.71268,333.32,0.39,0.36,2021-10-31,757,N,VIIRS,n,2,302.76,2.51,D,0
30.79259,75.57731,337.8,0.39,0.36,2021-10-31,757,N,VIIRS,n,2,302.82,3.18,D,0
30.79856,75.5929,333.61,0.39,0.36,2021-10-31,757,N,VIIRS,n,2,303.57,2.99,D,0
30.79911,75.89525,335.9,0.39,0.36,2021-10-31,757,N,VIIRS,n,2,302.7,3.18,D,0
30.80189,75.59218,334.73,0.39,0.36,2021-10-31,757,N,VIIRS,n,2,302.42,2.99,D,0
30.80307,75.89857,336.23,0.39,0.36,2021-10-31,757,N,VIIRS,n,2,302.53,3.47,D,0
30.8044,75.13582,330.82,0.4,0.37,2021-10-31,757,N,VIIRS,l,2,303.45,4.89,D,0
30.8048,76.42515,344.69,0.38,0.36,2021-10-31,757,N,VIIRS,n,2,304.17,10.8,D,0
30.80654,75.5996,330.56,0.39,0.36,2021-10-31,757,N,VIIRS,n,2,304.03,1.32,D,0
30.80775,75.13506,335.15,0.4,0.37,2021-10-31,757,N,VIIRS,n,2,303.99,4.89,D,0
30.80897,75.91403,332.21,0.39,0.36,2021-10-31,757,N,VIIRS,n,2,302.56,1.81,D,0
30.81136,75.19882,332.99,0.4,0.37,2021-10-31,757,N,VIIRS,n,2,302.22,2.25,D,0
30.81167,75.69544,341.82,0.39,0.36,2021-10-31,757,N,VIIRS,n,2,305.46,12.81,D,0
30.81857,75.56741,339.82,0.39,0.36,2021-10-31,757,N,VIIRS,n,2,302.08,3.7,D,0
30.81968,75.68107,344.85,0.39,0.36,2021-10-31,757,N,VIIRS,n,2,314.67,34.08,D,0
30.8234,75.50331,333.79,0.39,0.36,2021-10-31,757,N,VIIRS,n,2,303.39,1.29,D,0
30.82477,75.02753,331.76,0.4,0.37,2021-10-31,757,N,VIIRS,l,2,301.83,2.71,D,0
30.82746,75.75088,331.57,0.39,0.36,2021-10-31,757,N,VIIRS,n,2,302.92,1.2,D,0
30.82948,75.74204,342.04,0.39,0.36,2021-10-31,757,N,VIIRS,n,2,305.59,4.96,D,0
30.83031,75.06094,337.26,0.4,0.37,2021-10-31,757,N,VIIRS,n,2,301.58,46.88,D,0
30.83185,76.10084,332.55,0.39,0.36,2021-10-31,757,N,VIIRS,n,2,300.84,1.81,D,0
30.83961,75.03288,346.35,0.4,0.37,2021-10-31,757,N,VIIRS,n,2,304.06,4.51,D,0
30.842,75.40582,331.8,0.4,0.37,2021-10-31,757,N,VIIRS,n,2,301.58,7.6,D,0
30.84207,75.59653,341.12,0.39,0.36,2021-10-31,757,N,VIIRS,n,2,307.55,13.25,D,0
30.84922,75.32323,335.92,0.4,0.37,2021-10-31,757,N,VIIRS,n,2,305.91,5.7,D,0
30.85029,75.20306,332.59,0.4,0.37,2021-10-31,757,N,VIIRS,n,2,302.67,2.11,D,0
30.85073,75.48037,330.18,0.39,0.36,2021-10-31,757,N,VIIRS,l,2,301.71,1.44,D,0
30.85118,75.29286,335.37,0.4,0.37,2021-10-31,757,N,VIIRS,n,2,303.83,4.97,D,0
30.85337,75.62362,339.47,0.39,0.36,2021-10-31,757,N,VIIRS,n,2,311.67,23.95,D,0
30.85448,75.27074,331.73,0.4,0.37,2021-10-31,757,N,VIIRS,n,2,301,1.85,D,0
30.8567,75.6229,336.62,0.39,0.36,2021-10-31,757,N,VIIRS,n,2,302.95,3.76,D,0
30.85892,76.48824,337.73,0.38,0.36,2021-10-31,757,N,VIIRS,n,2,302.77,3.63,D,0
30.86061,75.32925,346.03,0.4,0.37,2021-10-31,757,N,VIIRS,n,2,306.9,7.63,D,0
30.86337,75.60034,343.52,0.39,0.36,2021-10-31,757,N,VIIRS,n,2,311.87,24.34,D,0
30.86395,75.32851,339.17,0.4,0.37,2021-10-31,757,N,VIIRS,n,2,301.51,4.16,D,0
30.86408,75.49865,332.59,0.39,0.36,2021-10-31,757,N,VIIRS,l,2,303.65,9,D,0
30.86715,75.24223,335.88,0.4,0.37,2021-10-31,757,N,VIIRS,n,2,304.58,3.41,D,0
30.86741,75.49792,340.39,0.39,0.36,2021-10-31,757,N,VIIRS,n,2,307.42,9,D,0
30.86906,75.78425,339.98,0.39,0.36,2021-10-31,757,N,VIIRS,n,2,304.52,7.71,D,0
30.8705,75.24149,335.57,0.4,0.37,2021-10-31,757,N,VIIRS,n,2,302.4,6.14,D,0
30.87426,75.02663,330.67,0.4,0.37,2021-10-31,757,N,VIIRS,n,2,302.26,2.11,D,0
30.87986,75.70211,336.14,0.39,0.36,2021-10-31,757,N,VIIRS,n,2,303.32,6.95,D,0
30.8803,76.1695,344.83,0.39,0.36,2021-10-31,757,N,VIIRS,n,2,303.21,7.09,D,0
30.88066,75.6219,337.55,0.39,0.36,2021-10-31,757,N,VIIRS,n,2,304.73,3.56,D,0
30.88305,75.16283,330.8,0.4,0.37,2021-10-31,757,N,VIIRS,n,2,302.72,4.32,D,0
30.88332,75.6171,333.39,0.39,0.36,2021-10-31,757,N,VIIRS,n,2,305.28,2.73,D,0
30.88374,75.16698,332.69,0.4,0.37,2021-10-31,757,N,VIIRS,n,2,302.78,4.32,D,0
30.88493,75.0069,330.83,0.4,0.37,2021-10-31,757,N,VIIRS,l,2,304.73,4.82,D,0
30.88596,75.27233,344.25,0.4,0.37,2021-10-31,757,N,VIIRS,n,2,305.76,12.04,D,0
30.88684,75.26926,332.42,0.4,0.37,2021-10-31,757,N,VIIRS,n,2,300.99,2.28,D,0
30.8887,75.56524,342.57,0.39,0.36,2021-10-31,757,N,VIIRS,n,2,311.17,20.02,D,0
30.89248,75.03121,342.19,0.4,0.37,2021-10-31,757,N,VIIRS,n,2,304.35,5.82,D,0
30.89277,75.24226,333.55,0.4,0.37,2021-10-31,757,N,VIIRS,n,2,303.32,2.39,D,0
30.89399,75.20768,334.74,0.4,0.37,2021-10-31,757,N,VIIRS,n,2,301.96,2.66,D,0
30.89663,76.09954,332.97,0.39,0.36,2021-10-31,757,N,VIIRS,n,2,300.99,1.96,D,0
30.8993,75.60941,336.63,0.39,0.36,2021-10-31,757,N,VIIRS,n,2,304.61,4.37,D,0
30.90138,75.53709,336.96,0.39,0.36,2021-10-31,757,N,VIIRS,n,2,301.73,3.66,D,0
30.90387,75.37226,340.84,0.4,0.37,2021-10-31,757,N,VIIRS,n,2,303.2,3.31,D,0
30.90455,76.43371,337.46,0.38,0.36,2021-10-31,757,N,VIIRS,n,2,304.27,10.94,D,0
30.90604,75.54453,338.52,0.39,0.36,2021-10-31,757,N,VIIRS,n,2,305.51,3.29,D,0
30.90609,75.48096,332.58,0.39,0.36,2021-10-31,757,N,VIIRS,n,2,302.67,1.95,D,0
30.90723,75.6372,333.98,0.39,0.36,2021-10-31,757,N,VIIRS,n,2,305.9,6.85,D,0
30.90738,75.53154,336.19,0.39,0.36,2021-10-31,757,N,VIIRS,l,2,310.89,17.46,D,0
30.90942,75.48024,330.17,0.39,0.36,2021-10-31,757,N,VIIRS,n,2,301.34,2.2,D,0
30.91278,75.43703,334.34,0.39,0.37,2021-10-31,757,N,VIIRS,n,2,302.82,2.69,D,0
30.9133,75.4085,342.29,0.39,0.37,2021-10-31,757,N,VIIRS,n,2,302.49,2.89,D,0
30.92442,75.09758,330.71,0.4,0.37,2021-10-31,757,N,VIIRS,l,2,303.06,1.89,D,0
30.92528,75.14481,340.25,0.4,0.37,2021-10-31,757,N,VIIRS,n,2,307.42,8.38,D,0
30.9253,75.39735,333.4,0.4,0.37,2021-10-31,757,N,VIIRS,n,2,303.4,1.88,D,0
30.92552,75.04114,330.79,0.4,0.37,2021-10-31,757,N,VIIRS,l,2,302.75,3.08,D,0
30.92622,75.04531,338.77,0.4,0.37,2021-10-31,757,N,VIIRS,n,2,302.71,3.08,D,0
30.92647,76.01441,332.1,0.39,0.36,2021-10-31,757,N,VIIRS,n,2,301.79,1.96,D,0
30.92784,75.32859,332.89,0.4,0.37,2021-10-31,757,N,VIIRS,n,2,302.52,3.33,D,0
30.92967,76.03456,342.78,0.39,0.36,2021-10-31,757,N,VIIRS,n,2,303.32,4.69,D,0
30.93031,76.03859,332.72,0.39,0.36,2021-10-31,757,N,VIIRS,n,2,300.69,4.23,D,0
30.93052,75.63213,344.58,0.39,0.36,2021-10-31,757,N,VIIRS,n,2,308.28,11.61,D,0
30.93224,76.15881,332.65,0.39,0.36,2021-10-31,757,N,VIIRS,n,2,301.07,2.19,D,0
30.93422,75.03053,340.91,0.4,0.37,2021-10-31,757,N,VIIRS,n,2,302.56,4.15,D,0
30.93426,76.04192,333.69,0.39,0.36,2021-10-31,757,N,VIIRS,l,2,304.54,4.23,D,0
30.93492,75.0347,332.33,0.4,0.37,2021-10-31,757,N,VIIRS,l,2,302.5,4.15,D,0
30.93757,76.04121,332.5,0.39,0.36,2021-10-31,757,N,VIIRS,n,2,300.47,2.01,D,0
30.93821,76.04523,333.15,0.39,0.36,2021-10-31,757,N,VIIRS,n,2,301.32,2.98,D,0
30.93864,75.96175,332.98,0.39,0.36,2021-10-31,757,N,VIIRS,n,2,302.09,1.43,D,0
30.9412,75.61292,333.55,0.39,0.36,2021-10-31,757,N,VIIRS,l,2,304.27,18.79,D,0
30.94135,76.29765,341.01,0.39,0.36,2021-10-31,757,N,VIIRS,n,2,303.36,4.56,D,0
30.94196,75.96104,332.52,0.39,0.36,2021-10-31,757,N,VIIRS,n,2,301.54,1.43,D,0
30.94246,75.64219,330.56,0.39,0.36,2021-10-31,757,N,VIIRS,l,2,303.76,7.08,D,0
30.94395,76.27669,344.46,0.39,0.36,2021-10-31,757,N,VIIRS,n,2,304.35,11.52,D,0
30.94579,75.64146,338.04,0.39,0.36,2021-10-31,757,N,VIIRS,n,2,308.02,7.08,D,0
30.94662,76.07677,338.9,0.39,0.36,2021-10-31,757,N,VIIRS,n,2,311.58,26.92,D,0
30.94687,76.14324,346.29,0.39,0.36,2021-10-31,757,N,VIIRS,n,2,301.56,5.26,D,0
30.94726,75.34137,337.85,0.4,0.37,2021-10-31,757,N,VIIRS,n,2,303.18,2.83,D,0
30.95388,76.07938,333.01,0.39,0.36,2021-10-31,757,N,VIIRS,n,2,302.8,5.99,D,0
30.95587,75.05598,336.42,0.4,0.37,2021-10-31,757,N,VIIRS,l,2,310.09,22.34,D,0
30.95777,75.97435,339.94,0.39,0.36,2021-10-31,757,N,VIIRS,n,2,301.95,3.38,D,0
30.95836,75.84882,332.77,0.39,0.36,2021-10-31,757,N,VIIRS,n,2,301.95,2.85,D,0
30.96135,75.38515,336.5,0.4,0.37,2021-10-31,757,N,VIIRS,n,2,301.79,3.11,D,0
30.96168,75.8481,332.25,0.39,0.36,2021-10-31,757,N,VIIRS,n,2,300.57,2.41,D,0
30.96255,76.434,331.45,0.38,0.36,2021-10-31,757,N,VIIRS,n,2,300.54,2.19,D,0
30.96304,76.09408,337.53,0.39,0.36,2021-10-31,757,N,VIIRS,n,2,304.08,3.43,D,0
30.96762,76.10142,342.62,0.39,0.36,2021-10-31,757,N,VIIRS,n,2,304.05,3.14,D,0
30.96911,75.22102,345.62,0.4,0.37,2021-10-31,757,N,VIIRS,n,2,306.79,6.78,D,0
30.9694,75.43443,344.4,0.39,0.37,2021-10-31,757,N,VIIRS,n,2,304.71,11.7,D,0
30.96979,75.22517,330.83,0.4,0.37,2021-10-31,757,N,VIIRS,l,2,304.62,6.78,D,0
30.97093,76.10072,335.32,0.39,0.36,2021-10-31,757,N,VIIRS,n,2,301.7,3.14,D,0
30.97439,75.82022,347.65,0.39,0.36,2021-10-31,757,N,VIIRS,n,2,304.97,9.56,D,0
30.97485,75.8662,337.8,0.39,0.36,2021-10-31,757,N,VIIRS,n,2,301.4,3.84,D,0
30.97542,75.08674,332.28,0.4,0.37,2021-10-31,757,N,VIIRS,n,2,301.98,3.47,D,0
30.97692,75.8209,332.94,0.39,0.36,2021-10-31,757,N,VIIRS,n,2,300.9,3.79,D,0
30.97803,75.59353,334.05,0.39,0.36,2021-10-31,757,N,VIIRS,n,2,303.39,2.59,D,0
30.98042,75.18416,335,0.4,0.37,2021-10-31,757,N,VIIRS,n,2,302.35,2.04,D,0
30.98074,75.50409,335.38,0.39,0.36,2021-10-31,757,N,VIIRS,n,2,306.13,7.2,D,0
30.98135,75.59281,335.01,0.39,0.36,2021-10-31,757,N,VIIRS,n,2,301.15,3.73,D,0
30.98318,75.22218,333.28,0.4,0.37,2021-10-31,757,N,VIIRS,n,2,303.16,3.44,D,0
30.98407,75.50336,333.14,0.39,0.36,2021-10-31,757,N,VIIRS,n,2,301.89,7.2,D,0
30.98472,75.86946,336.63,0.39,0.36,2021-10-31,757,N,VIIRS,n,2,304.1,4.92,D,0
30.98475,75.46504,331.96,0.39,0.36,2021-10-31,757,N,VIIRS,l,2,302.41,1.81,D,0
30.98803,75.57021,338.06,0.39,0.36,2021-10-31,757,N,VIIRS,n,2,307.33,12.39,D,0
30.9899,76.22135,341.62,0.39,0.36,2021-10-31,757,N,VIIRS,n,2,305.75,10.82,D,0
30.99075,75.45948,339.14,0.39,0.36,2021-10-31,757,N,VIIRS,n,2,305.04,6.24,D,0
30.99207,75.51009,337.7,0.39,0.36,2021-10-31,757,N,VIIRS,n,2,302.95,2.69,D,0
30.99342,75.45465,336.72,0.39,0.36,2021-10-31,757,N,VIIRS,n,2,309.99,9.06,D,0
30.99351,76.17907,332.82,0.39,0.36,2021-10-31,757,N,VIIRS,n,2,301.08,2.26,D,0
30.99604,76.19514,346.47,0.39,0.36,2021-10-31,757,N,VIIRS,n,2,306.6,15.89,D,0
30.99675,75.45391,335.12,0.39,0.36,2021-10-31,757,N,VIIRS,n,2,301.31,9.06,D,0
30.99809,75.41962,340.3,0.39,0.37,2021-10-31,757,N,VIIRS,n,2,303.86,4.04,D,0
30.99937,75.53389,336.89,0.39,0.36,2021-10-31,757,N,VIIRS,n,2,302.91,2.99,D,0
30.00473,75.06953,339.64,0.44,0.46,2021-11-01,738,N,VIIRS,n,2,301.44,3.82,D,0
30.0072,75.85046,343.74,0.4,0.44,2021-11-01,738,N,VIIRS,n,2,300.39,8.19,D,0
30.00724,76.16621,331.85,0.57,0.43,2021-11-01,738,N,VIIRS,n,2,300.06,5.23,D,0
30.01139,76.35439,338.36,0.56,0.43,2021-11-01,738,N,VIIRS,n,2,306,31.71,D,0
30.01162,75.27312,349.8,0.43,0.46,2021-11-01,738,N,VIIRS,n,2,303.24,6.46,D,0
30.01336,75.7973,342.65,0.4,0.44,2021-11-01,738,N,VIIRS,n,2,302.9,10.2,D,0
30.01666,75.81365,337.5,0.4,0.44,2021-11-01,738,N,VIIRS,n,2,301.05,2.15,D,0
30.02068,75.81259,337.16,0.4,0.44,2021-11-01,738,N,VIIRS,n,2,299.16,2.84,D,0
30.02362,75.35237,343.36,0.42,0.45,2021-11-01,738,N,VIIRS,n,2,308.94,20.24,D,0
30.02425,75.46887,344.57,0.42,0.45,2021-11-01,738,N,VIIRS,n,2,302.02,6.07,D,0
30.02436,75.18632,338.41,0.43,0.46,2021-11-01,738,N,VIIRS,n,2,301.21,4.12,D,0
30.0261,75.46926,341.27,0.42,0.45,2021-11-01,738,N,VIIRS,n,2,300.52,3.81,D,0
30.03033,75.19402,332.22,0.43,0.46,2021-11-01,738,N,VIIRS,n,2,300.77,2.3,D,0
30.03321,76.12955,337.67,0.38,0.43,2021-11-01,738,N,VIIRS,n,2,299.8,6.1,D,0
30.03518,75.13194,346.05,0.43,0.46,2021-11-01,738,N,VIIRS,n,2,302.76,6.29,D,0
30.03526,75.84309,334.11,0.4,0.44,2021-11-01,738,N,VIIRS,n,2,300.33,2.47,D,0
30.03545,75.04697,345.54,0.44,0.46,2021-11-01,738,N,VIIRS,n,2,301.93,4.93,D,0
30.03718,75.95734,343.95,0.39,0.44,2021-11-01,738,N,VIIRS,n,2,298.62,4.12,D,0
30.03762,76.15214,333.38,0.57,0.43,2021-11-01,738,N,VIIRS,n,2,300.85,9.11,D,0
30.03801,76.28086,331.62,0.56,0.43,2021-11-01,738,N,VIIRS,n,2,298.96,2.75,D,0
30.03841,76.14982,336.99,0.57,0.43,2021-11-01,738,N,VIIRS,n,2,303.73,18.39,D,0
30.0387,76.13638,341.14,0.38,0.43,2021-11-01,738,N,VIIRS,n,2,301.75,9.3,D,0
30.03998,76.13705,332.5,0.57,0.43,2021-11-01,738,N,VIIRS,n,2,300.44,7.19,D,0
30.04157,76.15111,334.11,0.57,0.43,2021-11-01,738,N,VIIRS,n,2,298.82,9.11,D,0
30.04252,75.01654,340.91,0.44,0.46,2021-11-01,738,N,VIIRS,n,2,302.71,5.03,D,0
30.0438,75.75906,341.67,0.4,0.44,2021-11-01,738,N,VIIRS,n,2,304.52,5.94,D,0
30.04395,75.80218,335.75,0.4,0.44,2021-11-01,738,N,VIIRS,n,2,299.67,23.05,D,0
30.04416,75.65442,351.54,0.41,0.45,2021-11-01,738,N,VIIRS,n,2,303.2,14.46,D,0
30.0447,75.01367,332.84,0.44,0.46,2021-11-01,738,N,VIIRS,n,2,300.63,4.91,D,0
30.04476,75.51799,340.33,0.41,0.45,2021-11-01,738,N,VIIRS,n,2,303.56,4.19,D,0
30.04571,75.85317,342.96,0.4,0.44,2021-11-01,738,N,VIIRS,n,2,305.26,14.42,D,0
30.04639,75.20827,336.06,0.43,0.46,2021-11-01,738,N,VIIRS,n,2,301.07,4.57,D,0
30.04647,75.83585,337.92,0.4,0.44,2021-11-01,738,N,VIIRS,n,2,300.72,3.45,D,0
30.04782,75.758,340.77,0.4,0.44,2021-11-01,738,N,VIIRS,n,2,300.79,5.94,D,0
30.04797,75.80112,342.14,0.4,0.44,2021-11-01,738,N,VIIRS,n,2,312.85,23.05,D,0
30.0512,75.00238,341.43,0.44,0.46,2021-11-01,738,N,VIIRS,n,2,302.16,3.93,D,0
30.05525,75.18729,336.19,0.43,0.46,2021-11-01,738,N,VIIRS,n,2,301.85,3.86,D,0
30.05566,75.2751,345.25,0.42,0.46,2021-11-01,738,N,VIIRS,n,2,314.13,44.06,D,0
30.05887,75.68555,336.79,0.4,0.45,2021-11-01,738,N,VIIRS,n,2,300.17,2.45,D,0
30.0591,76.17741,332.75,0.57,0.43,2021-11-01,738,N,VIIRS,n,2,300.71,5.32,D,0
30.06005,76.17506,333.84,0.57,0.43,2021-11-01,738,N,VIIRS,n,2,302.41,7.68,D,0
30.06007,75.81942,343.02,0.4,0.44,2021-11-01,738,N,VIIRS,n,2,303.05,4.62,D,0
30.06088,75.82349,339.93,0.4,0.44,2021-11-01,738,N,VIIRS,n,2,301.58,4.62,D,0
30.06201,75.68534,340.42,0.4,0.44,2021-11-01,738,N,VIIRS,n,2,300.87,4.74,D,0
30.06303,76.17639,342.24,0.57,0.43,2021-11-01,738,N,VIIRS,n,2,300.97,5.32,D,0
30.06394,75.63233,343.32,0.41,0.45,2021-11-01,738,N,VIIRS,n,2,304.2,6.26,D,0
30.06417,76.18227,334.47,0.57,0.43,2021-11-01,738,N,VIIRS,n,2,300.3,5.32,D,0
30.06516,76.17989,333.58,0.57,0.43,2021-11-01,738,N,VIIRS,n,2,300.17,10.52,D,0
30.06643,75.78764,346.07,0.4,0.44,2021-11-01,738,N,VIIRS,n,2,302.41,6.63,D,0
30.06714,75.62709,340.83,0.41,0.45,2021-11-01,738,N,VIIRS,n,2,308.36,63.17,D,0
30.06871,75.73514,341.03,0.4,0.44,2021-11-01,738,N,VIIRS,n,2,302.95,7.02,D,0
30.06884,75.63542,342.33,0.41,0.45,2021-11-01,738,N,VIIRS,n,2,303.99,41.33,D,0
30.06991,75.57787,341.82,0.41,0.45,2021-11-01,738,N,VIIRS,n,2,303.81,4.75,D,0
30.07048,75.80807,341.69,0.4,0.44,2021-11-01,738,N,VIIRS,n,2,303.38,5.58,D,0
30.07132,75.73074,336.96,0.4,0.44,2021-11-01,738,N,VIIRS,n,2,304.68,10.13,D,0
30.07133,75.83359,336.84,0.4,0.44,2021-11-01,738,N,VIIRS,n,2,299.4,1.94,D,0
30.07192,75.72996,341.17,0.4,0.44,2021-11-01,738,N,VIIRS,n,2,301.31,5.75,D,0
30.07215,75.73485,340.77,0.4,0.44,2021-11-01,738,N,VIIRS,n,2,301.12,10.13,D,0
30.07274,75.73407,341.26,0.4,0.44,2021-11-01,738,N,VIIRS,n,2,301.13,5.75,D,0
30.07282,75.71732,345.52,0.4,0.44,2021-11-01,738,N,VIIRS,n,2,309.42,35.15,D,0
30.07351,75.71651,349.09,0.4,0.44,2021-11-01,738,N,VIIRS,n,2,307.51,30.6,D,0
30.07384,75.74306,338.79,0.4,0.44,2021-11-01,738,N,VIIRS,n,2,302.33,3.21,D,0
30.07468,75.74716,331.29,0.4,0.44,2021-11-01,738,N,VIIRS,l,2,301.7,4.89,D,0
30.07518,75.74641,341.28,0.4,0.44,2021-11-01,738,N,VIIRS,n,2,303.97,6.36,D,0
30.07608,75.79369,349,0.4,0.44,2021-11-01,738,N,VIIRS,n,2,301.65,9.01,D,0
30.07648,75.6728,347.66,0.4,0.45,2021-11-01,738,N,VIIRS,n,2,303.85,10.45,D,0
30.07677,75.733,344.49,0.4,0.44,2021-11-01,738,N,VIIRS,n,2,303.06,5.75,D,0
30.07695,75.84068,341.27,0.4,0.44,2021-11-01,738,N,VIIRS,n,2,303.47,7.04,D,0
30.07759,76.46312,337.9,0.55,0.43,2021-11-01,738,N,VIIRS,n,2,301.83,12.94,D,0
30.07937,75.7286,337.02,0.4,0.44,2021-11-01,738,N,VIIRS,n,2,301.9,13.02,D,0
30.08021,75.73272,367,0.4,0.44,2021-11-01,738,N,VIIRS,h,2,309.05,13.02,D,0
30.08088,75.71519,345.46,0.4,0.44,2021-11-01,738,N,VIIRS,n,2,302.74,5.23,D,0
30.08221,75.68002,335.41,0.4,0.44,2021-11-01,738,N,VIIRS,n,2,303.42,13.12,D,0
30.08254,75.82635,335.8,0.4,0.44,2021-11-01,738,N,VIIRS,n,2,300.32,2.53,D,0
30.08305,75.68415,340.06,0.4,0.44,2021-11-01,738,N,VIIRS,n,2,300.13,10.77,D,0
30.08336,75.85181,337.4,0.4,0.44,2021-11-01,738,N,VIIRS,n,2,305.01,11.35,D,0
30.08372,75.77068,339.79,0.4,0.44,2021-11-01,738,N,VIIRS,n,2,300.71,3.88,D,0
30.08408,75.77002,341.61,0.4,0.44,2021-11-01,738,N,VIIRS,n,2,302.27,4.59,D,0
30.08424,75.73166,353.39,0.4,0.44,2021-11-01,738,N,VIIRS,n,2,301.45,13.02,D,0
30.0844,75.75324,340.73,0.4,0.44,2021-11-01,738,N,VIIRS,n,2,302.28,4.03,D,0
30.08682,75.47101,332.99,0.41,0.45,2021-11-01,738,N,VIIRS,n,2,300.97,2.73,D,0
30.08746,75.53775,350.25,0.41,0.45,2021-11-01,738,N,VIIRS,n,2,303.58,6.02,D,0
30.08871,76.43644,331.55,0.55,0.43,2021-11-01,738,N,VIIRS,n,2,298.51,3.58,D,0
30.09009,75.76038,345.17,0.4,0.44,2021-11-01,738,N,VIIRS,n,2,300.28,5.04,D,0
30.09137,75.87103,345.4,0.39,0.44,2021-11-01,738,N,VIIRS,n,2,302.39,4.3,D,0
30.09179,76.20984,333.13,0.57,0.43,2021-11-01,738,N,VIIRS,n,2,299.59,3.13,D,0
30.09196,75.41117,349.7,0.42,0.45,2021-11-01,738,N,VIIRS,n,2,305.15,12.5,D,0
30.09406,76.32479,333.17,0.56,0.43,2021-11-01,738,N,VIIRS,n,2,301.68,2.29,D,0
30.09617,75.83131,335.77,0.4,0.44,2021-11-01,738,N,VIIRS,n,2,300.85,7.89,D,0
30.09697,75.83539,341.51,0.4,0.44,2021-11-01,738,N,VIIRS,n,2,305.41,15.07,D,0
30.09701,75.83587,340.95,0.4,0.44,2021-11-01,738,N,VIIRS,n,2,299.97,11.12,D,0
30.09713,75.85717,336.32,0.39,0.44,2021-11-01,738,N,VIIRS,n,2,301.41,9.71,D,0
30.09731,75.54401,341.12,0.41,0.45,2021-11-01,738,N,VIIRS,n,2,300.45,7.15,D,0
30.09777,75.86082,352.79,0.39,0.44,2021-11-01,738,N,VIIRS,n,2,306.19,7.87,D,0
30.09796,75.86121,367,0.39,0.44,2021-11-01,738,N,VIIRS,h,2,303.96,21.29,D,0
30.09857,75.86487,340.79,0.39,0.44,2021-11-01,738,N,VIIRS,n,2,301.09,7.87,D,0
30.10173,75.69229,332.94,0.4,0.44,2021-11-01,738,N,VIIRS,n,2,300.67,3.04,D,0
30.10177,75.85977,335.13,0.39,0.44,2021-11-01,738,N,VIIRS,n,2,299.32,7.87,D,0
30.10312,75.78278,335.44,0.4,0.44,2021-11-01,738,N,VIIRS,n,2,300.63,4.75,D,0
30.10545,75.54184,341.95,0.41,0.45,2021-11-01,738,N,VIIRS,n,2,304.67,13.29,D,0
30.10678,75.86317,338.85,0.39,0.44,2021-11-01,738,N,VIIRS,n,2,301.1,2.38,D,0
30.10738,75.8246,352,0.4,0.44,2021-11-01,738,N,VIIRS,n,2,305.64,13.65,D,0
30.1098,76.21741,333.91,0.57,0.43,2021-11-01,738,N,VIIRS,n,2,299.64,3.95,D,0
30.11007,75.41531,335.63,0.42,0.45,2021-11-01,738,N,VIIRS,n,2,301.89,2.48,D,0
30.11028,75.43778,341.14,0.42,0.45,2021-11-01,738,N,VIIRS,n,2,302.15,6.71,D,0
30.11077,75.71598,337.76,0.4,0.44,2021-11-01,738,N,VIIRS,n,2,300.35,7.98,D,0
30.11102,75.75917,341.02,0.4,0.44,2021-11-01,738,N,VIIRS,n,2,301.74,3.66,D,0
30.11197,75.78475,344.68,0.4,0.44,2021-11-01,738,N,VIIRS,n,2,300.97,5.07,D,0
30.11255,75.61944,338.22,0.41,0.45,2021-11-01,738,N,VIIRS,n,2,300.13,4.8,D,0
30.11314,75.70667,339.39,0.4,0.44,2021-11-01,738,N,VIIRS,n,2,300.84,3.49,D,0
30.11339,75.62361,337.42,0.41,0.45,2021-11-01,738,N,VIIRS,n,2,300.13,4.84,D,0
30.11475,75.48142,330.91,0.41,0.45,2021-11-01,738,N,VIIRS,n,2,302.12,1.88,D,0
30.11516,75.77961,340.82,0.4,0.44,2021-11-01,738,N,VIIRS,n,2,302.91,6.35,D,0
30.11599,75.78369,340.91,0.4,0.44,2021-11-01,738,N,VIIRS,n,2,301.55,6.35,D,0
30.11694,75.44948,342.53,0.41,0.45,2021-11-01,738,N,VIIRS,n,2,302.85,7.37,D,0
30.11741,75.74885,340.33,0.4,0.44,2021-11-01,738,N,VIIRS,n,2,301.79,3.45,D,0
30.11918,75.77854,336.65,0.4,0.44,2021-11-01,738,N,VIIRS,n,2,299.95,6.35,D,0
30.11949,75.84278,337.6,0.39,0.44,2021-11-01,738,N,VIIRS,n,2,299.95,2.95,D,0
30.12024,75.67867,341.12,0.4,0.44,2021-11-01,738,N,VIIRS,n,2,303.63,10.32,D,0
30.12103,75.44839,341.3,0.41,0.45,2021-11-01,738,N,VIIRS,n,2,301.95,7.37,D,0
30.12103,75.55541,336.07,0.41,0.45,2021-11-01,738,N,VIIRS,n,2,301.39,4.69,D,0
30.12104,75.82956,340.67,0.4,0.44,2021-11-01,738,N,VIIRS,n,2,300.69,3.72,D,0
30.12122,75.87215,346.88,0.39,0.44,2021-11-01,738,N,VIIRS,n,2,319.33,34.04,D,0
30.12155,75.51531,340.9,0.41,0.45,2021-11-01,738,N,VIIRS,n,2,303.18,7.54,D,0
30.12204,75.87619,339.24,0.39,0.44,2021-11-01,738,N,VIIRS,n,2,299.4,34.04,D,0
30.1243,75.39535,353.7,0.42,0.45,2021-11-01,738,N,VIIRS,n,2,302.52,7.08,D,0
30.12449,75.88829,333.03,0.39,0.44,2021-11-01,738,N,VIIRS,n,2,299.58,3.31,D,0
30.12699,75.47815,333.4,0.41,0.45,2021-11-01,738,N,VIIRS,n,2,301.02,2.36,D,0
30.12758,75.86198,333.39,0.39,0.44,2021-11-01,738,N,VIIRS,n,2,298.99,2.24,D,0
30.12852,75.46432,336.97,0.41,0.45,2021-11-01,738,N,VIIRS,n,2,300.95,2.51,D,0
30.12995,75.85282,340.01,0.39,0.44,2021-11-01,738,N,VIIRS,n,2,301.88,4.66,D,0
30.1325,75.39317,336.2,0.42,0.45,2021-11-01,738,N,VIIRS,n,2,301.3,2.62,D,0
30.1328,75.14053,347.05,0.43,0.46,2021-11-01,738,N,VIIRS,n,2,302.79,7.61,D,0
30.13468,75.83451,345.67,0.4,0.44,2021-11-01,738,N,VIIRS,n,2,300.35,6.39,D,0
30.13633,75.43265,340.84,0.42,0.45,2021-11-01,738,N,VIIRS,n,2,301.72,17.82,D,0
30.13733,75.1626,331.42,0.43,0.46,2021-11-01,738,N,VIIRS,n,2,299.64,3.97,D,0
30.13955,75.42731,336.26,0.42,0.45,2021-11-01,738,N,VIIRS,n,2,299.85,21.19,D,0
30.1403,75.6515,338.13,0.4,0.45,2021-11-01,738,N,VIIRS,n,2,300.24,3.26,D,0
30.1404,75.19892,336.01,0.43,0.46,2021-11-01,738,N,VIIRS,n,2,301.08,3.06,D,0
30.14048,76.41489,332.94,0.55,0.43,2021-11-01,738,N,VIIRS,n,2,301.53,7.5,D,0
30.14194,75.84967,338.18,0.39,0.44,2021-11-01,738,N,VIIRS,n,2,301.07,8.37,D,0
30.14276,75.85371,340.7,0.39,0.44,2021-11-01,738,N,VIIRS,n,2,301.11,8.37,D,0
30.144,75.75476,335.65,0.4,0.44,2021-11-01,738,N,VIIRS,n,2,299.68,2.52,D,0
30.14491,75.78036,348.1,0.4,0.44,2021-11-01,738,N,VIIRS,n,2,303.75,12.86,D,0
30.14677,75.03937,331.89,0.44,0.46,2021-11-01,738,N,VIIRS,n,2,302.58,3.07,D,0
30.14703,75.03796,332.99,0.44,0.46,2021-11-01,738,N,VIIRS,n,2,301.48,2.48,D,0
30.14736,75.79261,341.56,0.4,0.44,2021-11-01,738,N,VIIRS,n,2,301.4,2.81,D,0
30.14794,75.5615,341.34,0.41,0.45,2021-11-01,738,N,VIIRS,n,2,303.92,10.87,D,0
30.14795,75.73212,367,0.4,0.44,2021-11-01,738,N,VIIRS,h,2,303.48,12.46,D,0
30.14798,75.15039,334.51,0.43,0.46,2021-11-01,738,N,VIIRS,n,2,302.85,10.93,D,0
30.14877,75.73623,340.92,0.4,0.44,2021-11-01,738,N,VIIRS,n,2,299.71,7.92,D,0
30.14888,75.15482,340.73,0.43,0.46,2021-11-01,738,N,VIIRS,n,2,301.25,11.54,D,0
30.15021,75.56261,367,0.41,0.45,2021-11-01,738,N,VIIRS,h,2,302.93,10.67,D,0
30.15108,75.5668,342.46,0.41,0.45,2021-11-01,738,N,VIIRS,n,2,302.34,10.67,D,0
30.15154,75.4016,334.92,0.42,0.45,2021-11-01,738,N,VIIRS,n,2,300.62,10.83,D,0
30.15241,75.40588,341.29,0.42,0.45,2021-11-01,738,N,VIIRS,n,2,305.76,10.83,D,0
30.15283,75.56462,350.89,0.41,0.45,2021-11-01,738,N,VIIRS,n,2,301.88,10.87,D,0
30.15316,75.53526,340.76,0.41,0.45,2021-11-01,738,N,VIIRS,n,2,302.39,11.06,D,0
30.15474,75.85054,348.79,0.39,0.44,2021-11-01,738,N,VIIRS,n,2,302.05,13.14,D,0
30.15665,76.11907,332.11,0.57,0.43,2021-11-01,738,N,VIIRS,n,2,299.51,4.69,D,0
30.15794,75.26335,343.34,0.42,0.45,2021-11-01,738,N,VIIRS,n,2,302.88,5.59,D,0
30.158,76.11687,337.52,0.57,0.43,2021-11-01,738,N,VIIRS,n,2,298.97,7.76,D,0
30.15873,76.32016,336.55,0.56,0.43,2021-11-01,738,N,VIIRS,n,2,300.64,3.84,D,0
30.15932,75.50255,339.59,0.41,0.45,2021-11-01,738,N,VIIRS,n,2,301.48,2.71,D,0
30.15956,75.5247,338.98,0.41,0.45,2021-11-01,738,N,VIIRS,n,2,299.94,6.7,D,0
30.16096,75.77613,340.28,0.4,0.44,2021-11-01,738,N,VIIRS,n,2,300.07,4.85,D,0
30.16097,76.33165,334.17,0.56,0.43,2021-11-01,738,N,VIIRS,n,2,302.76,8.53,D,0
30.16153,76.48081,334.54,0.55,0.43,2021-11-01,738,N,VIIRS,n,2,300.59,3.35,D,0
30.1621,75.09041,338.3,0.43,0.46,2021-11-01,738,N,VIIRS,n,2,302,7.87,D,0
30.1621,76.37943,337.67,0.56,0.43,2021-11-01,738,N,VIIRS,n,2,301.68,7.43,D,0
30.16218,75.09167,343,0.43,0.46,2021-11-01,738,N,VIIRS,n,2,307.66,10.99,D,0
30.16301,75.09487,342.77,0.43,0.46,2021-11-01,738,N,VIIRS,n,2,304.43,13.05,D,0
30.16442,75.0393,339.94,0.44,0.46,2021-11-01,738,N,VIIRS,n,2,301.88,2.72,D,0
30.16501,75.36179,342.24,0.42,0.45,2021-11-01,738,N,VIIRS,n,2,301,3.93,D,0
30.16684,75.51831,343.21,0.41,0.45,2021-11-01,738,N,VIIRS,n,2,301.15,5.44,D,0
30.16686,76.24337,336.43,0.56,0.43,2021-11-01,738,N,VIIRS,n,2,300.98,10.69,D,0
30.16738,75.28831,353.49,0.42,0.45,2021-11-01,738,N,VIIRS,n,2,305.66,13.24,D,0
30.1687,76.24485,336.14,0.56,0.43,2021-11-01,738,N,VIIRS,n,2,301.32,9.89,D,0
30.16903,75.6542,337.51,0.4,0.44,2021-11-01,738,N,VIIRS,n,2,299.29,3.7,D,0
30.17096,76.42493,337.03,0.55,0.43,2021-11-01,738,N,VIIRS,n,2,301.73,3.01,D,0
30.171,75.15466,340.87,0.43,0.46,2021-11-01,738,N,VIIRS,n,2,304.73,5.95,D,0
30.17143,75.15799,340.34,0.43,0.46,2021-11-01,738,N,VIIRS,n,2,302.86,6.3,D,0
30.1721,76.34682,332.45,0.56,0.43,2021-11-01,738,N,VIIRS,n,2,299.18,4.49,D,0
30.17295,75.75141,337.05,0.4,0.44,2021-11-01,738,N,VIIRS,n,2,300.76,5.06,D,0
30.1738,76.27798,332.28,0.56,0.43,2021-11-01,738,N,VIIRS,n,2,299.63,7.18,D,0
30.17431,76.27376,332.69,0.56,0.43,2021-11-01,738,N,VIIRS,n,2,300.17,4.75,D,0
30.17544,76.32187,338.88,0.56,0.43,2021-11-01,738,N,VIIRS,n,2,301.35,3.64,D,0
30.17599,76.30361,335.28,0.56,0.43,2021-11-01,738,N,VIIRS,n,2,301.24,6.29,D,0
30.17838,75.10603,333.93,0.43,0.46,2021-11-01,738,N,VIIRS,n,2,300.82,1.59,D,0
30.17974,75.04928,331.89,0.43,0.46,2021-11-01,738,N,VIIRS,n,2,300.84,2.08,D,0
30.18019,75.19855,341.37,0.43,0.46,2021-11-01,738,N,VIIRS,n,2,302.92,8.69,D,0
30.1831,75.5979,339.04,0.41,0.45,2021-11-01,738,N,VIIRS,n,2,299.63,2.49,D,0
30.1836,75.19647,338.18,0.43,0.46,2021-11-01,738,N,VIIRS,n,2,304.21,11.36,D,0
30.1843,75.3928,340.48,0.42,0.45,2021-11-01,738,N,VIIRS,n,2,301.97,3.12,D,0
30.18433,75.19744,352.2,0.43,0.46,2021-11-01,738,N,VIIRS,n,2,303.16,8.69,D,0
30.18448,75.20086,340.42,0.43,0.46,2021-11-01,738,N,VIIRS,n,2,301.42,11.35,D,0
30.18506,76.29324,332.38,0.56,0.43,2021-11-01,738,N,VIIRS,n,2,301.3,7.15,D,0
30.18547,76.28906,333.78,0.56,0.43,2021-11-01,738,N,VIIRS,n,2,300.44,4.56,D,0
30.18602,76.3131,332.5,0.56,0.43,2021-11-01,738,N,VIIRS,n,2,300.68,3.1,D,0
30.18839,75.39169,330.79,0.42,0.45,2021-11-01,738,N,VIIRS,n,2,299.93,2.69,D,0
30.18904,76.04359,332.59,0.38,0.44,2021-11-01,738,N,VIIRS,n,2,297.54,4.3,D,0
30.18965,76.3162,334.2,0.56,0.43,2021-11-01,738,N,VIIRS,n,2,300.52,6.27,D,0
30.19032,76.3401,334.52,0.56,0.43,2021-11-01,738,N,VIIRS,n,2,302.36,4,D,0
30.19079,76.32194,344.93,0.56,0.43,2021-11-01,738,N,VIIRS,n,2,303.22,12.25,D,0
30.19102,76.31783,332.77,0.56,0.43,2021-11-01,738,N,VIIRS,n,2,300.58,8.42,D,0
30.19156,76.34178,346.93,0.56,0.43,2021-11-01,738,N,VIIRS,n,2,305.51,14.43,D,0
30.1921,75.51601,346.12,0.41,0.45,2021-11-01,738,N,VIIRS,n,2,302.49,8.23,D,0
30.19213,76.32357,333.62,0.56,0.43,2021-11-01,738,N,VIIRS,n,2,300.91,8.42,D,0
30.19377,75.71284,334.85,0.4,0.44,2021-11-01,738,N,VIIRS,n,2,298.66,2.75,D,0
30.19421,76.33908,335.33,0.56,0.43,2021-11-01,738,N,VIIRS,n,2,302.46,9.19,D,0
30.19448,76.2787,329.85,0.56,0.43,2021-11-01,738,N,VIIRS,n,2,299.51,2.93,D,0
30.19467,75.52863,340.37,0.41,0.45,2021-11-01,738,N,VIIRS,n,2,301.16,3.53,D,0
30.19509,75.40342,305.88,0.42,0.45,2021-11-01,738,N,VIIRS,l,2,310.35,32.67,D,0
30.19535,76.34481,334.57,0.56,0.43,2021-11-01,738,N,VIIRS,n,2,302.01,11.61,D,0
30.19545,76.34077,342.85,0.56,0.43,2021-11-01,738,N,VIIRS,n,2,300.33,14.43,D,0
30.19595,75.40768,341.7,0.42,0.45,2021-11-01,738,N,VIIRS,n,2,303.89,32.95,D,0
30.19633,75.17104,342.1,0.43,0.46,2021-11-01,738,N,VIIRS,n,2,303.39,33.17,D,0
30.19737,75.00668,337.58,0.44,0.46,2021-11-01,738,N,VIIRS,n,2,301,2.48,D,0
30.19846,75.58943,335.49,0.41,0.45,2021-11-01,738,N,VIIRS,n,2,300.18,3.02,D,0
30.19918,75.40232,342.29,0.42,0.45,2021-11-01,738,N,VIIRS,n,2,300.42,8.32,D,0
30.20004,75.40659,341.22,0.42,0.45,2021-11-01,738,N,VIIRS,n,2,300.83,8.41,D,0
30.20098,75.7066,334.37,0.4,0.44,2021-11-01,738,N,VIIRS,n,2,299.03,4.64,D,0
30.20183,75.26523,342.45,0.42,0.45,2021-11-01,738,N,VIIRS,n,2,302.16,5.57,D,0
30.203,75.26601,339.48,0.42,0.45,2021-11-01,738,N,VIIRS,n,2,301.38,6.31,D,0
30.20585,75.9177,340.83,0.39,0.44,2021-11-01,738,N,VIIRS,n,2,300.01,5.61,D,0
30.20628,75.37333,334.84,0.42,0.45,2021-11-01,738,N,VIIRS,n,2,301.98,3.13,D,0
30.20879,76.37132,334.6,0.55,0.43,2021-11-01,738,N,VIIRS,n,2,299.99,3.44,D,0
30.20983,76.37306,334.56,0.55,0.43,2021-11-01,738,N,VIIRS,n,2,298.78,3.55,D,0
30.21191,76.42628,333.05,0.55,0.43,2021-11-01,738,N,VIIRS,n,2,299.04,3.01,D,0
30.21226,75.4884,330.36,0.41,0.45,2021-11-01,738,N,VIIRS,n,2,300.56,2.03,D,0
30.2123,76.43005,332.32,0.55,0.43,2021-11-01,738,N,VIIRS,n,2,300.37,5.75,D,0
30.22037,75.37048,356.26,0.42,0.45,2021-11-01,738,N,VIIRS,n,2,304.78,10.86,D,0
30.22069,75.42351,343.39,0.41,0.45,2021-11-01,738,N,VIIRS,n,2,306.92,16.54,D,0
30.22192,75.47244,341.24,0.41,0.45,2021-11-01,738,N,VIIRS,n,2,300.88,4.46,D,0
30.22267,75.3689,342.13,0.42,0.45,2021-11-01,738,N,VIIRS,n,2,304.72,9.34,D,0
30.22277,75.47667,341.73,0.41,0.45,2021-11-01,738,N,VIIRS,n,2,300.48,4.46,D,0
30.22556,75.07913,341.76,0.43,0.46,2021-11-01,738,N,VIIRS,n,2,303.85,9.76,D,0
30.22729,76.11118,335.64,0.57,0.43,2021-11-01,738,N,VIIRS,n,2,303.8,13.44,D,0
30.22734,75.54205,352.8,0.41,0.45,2021-11-01,738,N,VIIRS,n,2,311.31,16.72,D,0
30.22755,75.30051,333.88,0.42,0.45,2021-11-01,738,N,VIIRS,n,2,301.11,2.55,D,0
30.22814,75.81979,344.92,0.39,0.44,2021-11-01,738,N,VIIRS,n,2,300.46,4.88,D,0
30.22819,75.54624,336.34,0.41,0.45,2021-11-01,738,N,VIIRS,n,2,300.24,16.72,D,0
30.22823,75.34575,330.93,0.42,0.45,2021-11-01,738,N,VIIRS,n,2,300.39,1.34,D,0
30.22972,75.078,340.9,0.43,0.46,2021-11-01,738,N,VIIRS,n,2,299.72,9.76,D,0
30.23017,75.93364,340.47,0.39,0.44,2021-11-01,738,N,VIIRS,n,2,300.1,7.51,D,0
30.2314,75.54097,341.27,0.41,0.45,2021-11-01,738,N,VIIRS,n,2,300.76,16.72,D,0
30.23193,75.50091,342.14,0.41,0.45,2021-11-01,738,N,VIIRS,n,2,301.14,3.46,D,0
30.23532,75.38002,333.17,0.42,0.45,2021-11-01,738,N,VIIRS,n,2,300.63,2.37,D,0
30.23742,75.59222,332.22,0.41,0.45,2021-11-01,738,N,VIIRS,n,2,299.35,12.48,D,0
30.23916,75.48201,331.01,0.41,0.45,2021-11-01,738,N,VIIRS,l,2,301.03,3.5,D,0
30.23972,75.40134,331.54,0.41,0.45,2021-11-01,738,N,VIIRS,n,2,299.95,6.15,D,0
30.24146,75.59114,352.67,0.41,0.45,2021-11-01,738,N,VIIRS,n,2,303.88,12.48,D,0
30.2416,75.48498,342.29,0.41,0.45,2021-11-01,738,N,VIIRS,n,2,302.4,4.39,D,0
30.24188,75.26468,343.84,0.42,0.45,2021-11-01,738,N,VIIRS,n,2,301.19,4.06,D,0
30.24318,75.18614,333.22,0.43,0.46,2021-11-01,738,N,VIIRS,n,2,301.01,5.12,D,0
30.24467,75.58589,356.12,0.41,0.45,2021-11-01,738,N,VIIRS,n,2,301.38,10.96,D,0
30.24661,76.43906,334.8,0.55,0.43,2021-11-01,738,N,VIIRS,n,2,299.18,5.2,D,0
30.24722,75.29065,340.68,0.42,0.45,2021-11-01,738,N,VIIRS,n,2,301.77,3.66,D,0
30.24789,75.46186,332.95,0.41,0.45,2021-11-01,738,N,VIIRS,n,2,300.99,2.05,D,0
30.24825,76.42675,332.57,0.55,0.43,2021-11-01,738,N,VIIRS,n,2,300.28,3.89,D,0
30.24928,76.34889,337.07,0.56,0.43,2021-11-01,738,N,VIIRS,n,2,302.97,18.94,D,0
30.253,75.62753,340.37,0.4,0.44,2021-11-01,738,N,VIIRS,n,2,300.57,5.12,D,0
30.25456,75.28411,331.81,0.42,0.45,2021-11-01,738,N,VIIRS,n,2,300.69,2.41,D,0
30.25594,76.34117,344.3,0.56,0.43,2021-11-01,738,N,VIIRS,n,2,298.99,9.99,D,0
30.2603,75.03773,342.66,0.43,0.46,2021-11-01,738,N,VIIRS,n,2,301.43,4.23,D,0
30.26085,75.0366,339.46,0.43,0.46,2021-11-01,738,N,VIIRS,n,2,301.38,3.78,D,0
30.26175,75.52919,330,0.41,0.45,2021-11-01,738,N,VIIRS,n,2,299.99,1.65,D,0
30.26383,75.49764,338.9,0.41,0.45,2021-11-01,738,N,VIIRS,n,2,307.44,26.04,D,0
30.26679,75.47017,338.7,0.41,0.45,2021-11-01,738,N,VIIRS,n,2,303.46,10.51,D,0
30.26765,75.47439,341.2,0.41,0.45,2021-11-01,738,N,VIIRS,n,2,301.84,10.51,D,0
30.26821,75.85179,330.67,0.39,0.44,2021-11-01,738,N,VIIRS,n,2,299.22,1.68,D,0
30.27423,75.33791,341.78,0.42,0.45,2021-11-01,738,N,VIIRS,n,2,306.23,16.53,D,0
30.27697,75.0332,332.81,0.43,0.46,2021-11-01,738,N,VIIRS,n,2,300.55,3.67,D,0
30.27755,76.43108,331.91,0.55,0.43,2021-11-01,738,N,VIIRS,n,2,298.18,3.13,D,0
30.2779,75.03765,340.78,0.43,0.46,2021-11-01,738,N,VIIRS,n,2,300.33,5.57,D,0
30.27842,75.75512,338.05,0.4,0.44,2021-11-01,738,N,VIIRS,n,2,298.66,3.4,D,0
30.2793,75.80199,341.96,0.39,0.44,2021-11-01,738,N,VIIRS,n,2,305.69,15.9,D,0
30.27978,75.12981,333.48,0.43,0.46,2021-11-01,738,N,VIIRS,n,2,300.17,4.07,D,0
30.28183,75.58548,334.07,0.4,0.45,2021-11-01,738,N,VIIRS,n,2,299.18,2.93,D,0
30.28303,75.12514,338.2,0.43,0.46,2021-11-01,738,N,VIIRS,n,2,300.38,5.08,D,0
30.28309,76.41778,332.24,0.55,0.43,2021-11-01,738,N,VIIRS,n,2,298.45,4.85,D,0
30.28392,75.12866,342.44,0.43,0.46,2021-11-01,738,N,VIIRS,n,2,300.56,4.07,D,0
30.28395,75.08759,339.39,0.43,0.46,2021-11-01,738,N,VIIRS,n,2,301.27,4.09,D,0
30.28395,75.12953,340.42,0.43,0.46,2021-11-01,738,N,VIIRS,n,2,299.6,3.93,D,0
30.28524,75.5185,333.44,0.41,0.45,2021-11-01,738,N,VIIRS,n,2,299.95,4.26,D,0
30.28737,75.48689,344.73,0.41,0.45,2021-11-01,738,N,VIIRS,n,2,301.41,5.56,D,0
30.28896,75.87176,338.21,0.39,0.44,2021-11-01,738,N,VIIRS,n,2,298.89,3.45,D,0
30.28901,75.1328,331.28,0.43,0.46,2021-11-01,738,N,VIIRS,n,2,300.37,3.93,D,0
30.28975,75.32919,343.44,0.42,0.45,2021-11-01,738,N,VIIRS,n,2,304.9,13.54,D,0
30.29001,75.35174,341.1,0.42,0.45,2021-11-01,738,N,VIIRS,n,2,302.15,8.48,D,0
30.29176,75.14597,334.93,0.43,0.46,2021-11-01,738,N,VIIRS,n,2,300.5,3.04,D,0
30.29279,75.23716,341.04,0.42,0.45,2021-11-01,738,N,VIIRS,n,2,301.73,3.81,D,0
30.29334,75.28276,335.45,0.42,0.45,2021-11-01,738,N,VIIRS,n,2,301.25,12.2,D,0
30.29385,75.32807,345.53,0.42,0.45,2021-11-01,738,N,VIIRS,n,2,303.95,10.56,D,0
30.29657,75.27732,336.52,0.42,0.45,2021-11-01,738,N,VIIRS,n,2,301,10.67,D,0
30.29691,75.82719,335.3,0.39,0.44,2021-11-01,738,N,VIIRS,n,2,299.1,2.34,D,0
30.29745,75.28165,342.64,0.42,0.45,2021-11-01,738,N,VIIRS,n,2,307.83,12.2,D,0
30.29796,75.32698,350.67,0.42,0.45,2021-11-01,738,N,VIIRS,n,2,302.8,10.56,D,0
30.29806,75.26321,348.43,0.42,0.45,2021-11-01,738,N,VIIRS,n,2,302.74,10.42,D,0
30.2993,75.92388,335.48,0.39,0.44,2021-11-01,738,N,VIIRS,n,2,299.07,2.37,D,0
30.29945,75.31296,354.63,0.42,0.45,2021-11-01,738,N,VIIRS,n,2,304.87,11.71,D,0
30.30326,75.92283,342.47,0.39,0.44,2021-11-01,738,N,VIIRS,n,2,298.7,5.18,D,0
30.30487,75.90979,343.75,0.39,0.44,2021-11-01,738,N,VIIRS,n,2,299.86,3.45,D,0
30.30572,76.42975,333.46,0.55,0.43,2021-11-01,738,N,VIIRS,n,2,298.49,4.89,D,0
30.30593,75.66198,341.28,0.4,0.44,2021-11-01,738,N,VIIRS,n,2,303.42,10.97,D,0
30.30728,75.85844,340.86,0.39,0.44,2021-11-01,738,N,VIIRS,n,2,300.69,6.83,D,0
30.30778,75.58732,340.65,0.4,0.45,2021-11-01,738,N,VIIRS,n,2,302.49,8.44,D,0
30.30857,75.40081,333.8,0.41,0.45,2021-11-01,738,N,VIIRS,n,2,299.83,2.39,D,0
30.30996,75.66091,333.28,0.4,0.44,2021-11-01,738,N,VIIRS,n,2,298.82,3.23,D,0
30.31005,75.47191,330.23,0.41,0.45,2021-11-01,738,N,VIIRS,n,2,300.38,1.63,D,0
30.3105,75.43165,340.22,0.41,0.45,2021-11-01,738,N,VIIRS,n,2,300.04,4.78,D,0
30.31081,75.5602,341.14,0.41,0.45,2021-11-01,738,N,VIIRS,n,2,299.07,3.77,D,0
30.31232,75.54658,343.34,0.41,0.45,2021-11-01,738,N,VIIRS,n,2,299.5,4.17,D,0
30.31885,75.45174,340.45,0.41,0.45,2021-11-01,738,N,VIIRS,n,2,301.17,4.62,D,0
30.31993,76.2994,333.68,0.56,0.43,2021-11-01,738,N,VIIRS,n,2,299.74,4.83,D,0
30.32051,75.22123,338.38,0.42,0.45,2021-11-01,738,N,VIIRS,n,2,301.21,3.16,D,0
30.32283,75.0207,341.49,0.43,0.46,2021-11-01,738,N,VIIRS,n,2,301.13,3.94,D,0
30.3274,76.21275,333.47,0.56,0.43,2021-11-01,738,N,VIIRS,n,2,297.31,4,D,0
30.32761,75.78971,332.21,0.39,0.44,2021-11-01,738,N,VIIRS,n,2,298.47,1.7,D,0
30.32799,75.87453,351.41,0.39,0.44,2021-11-01,738,N,VIIRS,n,2,309.56,30.87,D,0
30.32944,75.92854,336.66,0.39,0.44,2021-11-01,738,N,VIIRS,n,2,299.08,5.57,D,0
30.32994,75.14024,340.41,0.43,0.46,2021-11-01,738,N,VIIRS,n,2,302.38,10.44,D,0
30.32997,76.30882,331.23,0.56,0.43,2021-11-01,738,N,VIIRS,n,2,298.49,2.75,D,0
30.33022,75.93254,340.33,0.39,0.44,2021-11-01,738,N,VIIRS,n,2,300.62,5.57,D,0
30.33057,75.92858,340.47,0.39,0.44,2021-11-01,738,N,VIIRS,n,2,298.87,7.37,D,0
30.33209,75.47489,340.48,0.41,0.45,2021-11-01,738,N,VIIRS,n,2,300.44,3.23,D,0
30.33565,75.64103,341.7,0.4,0.44,2021-11-01,738,N,VIIRS,n,2,300.47,6.68,D,0
30.33784,75.48224,332.14,0.41,0.45,2021-11-01,738,N,VIIRS,n,2,300.83,7.42,D,0
30.338,75.50436,340.37,0.41,0.45,2021-11-01,738,N,VIIRS,n,2,301.25,5.12,D,0
30.33822,75.13799,340.56,0.43,0.46,2021-11-01,738,N,VIIRS,n,2,300.65,4.66,D,0
30.33914,75.24824,337.5,0.42,0.45,2021-11-01,738,N,VIIRS,n,2,301.5,2.4,D,0
30.33969,75.80784,343.6,0.39,0.44,2021-11-01,738,N,VIIRS,n,2,300.78,3.56,D,0
30.34082,75.56096,332.54,0.41,0.45,2021-11-01,738,N,VIIRS,n,2,299.78,3.01,D,0
30.34092,75.93844,337.5,0.39,0.44,2021-11-01,738,N,VIIRS,n,2,298.79,4.76,D,0
30.34173,75.94242,340.46,0.39,0.44,2021-11-01,738,N,VIIRS,n,2,300.91,7.69,D,0
30.34191,75.48115,339.94,0.41,0.45,2021-11-01,738,N,VIIRS,n,2,301.86,6.5,D,0
30.34547,75.6688,335.57,0.4,0.44,2021-11-01,738,N,VIIRS,n,2,299.84,2.2,D,0
30.3464,75.54626,334.11,0.41,0.45,2021-11-01,738,N,VIIRS,n,2,299.99,3.23,D,0
30.35004,75.25898,344.72,0.42,0.45,2021-11-01,738,N,VIIRS,n,2,303.44,4.29,D,0
30.35173,75.8259,336.27,0.39,0.44,2021-11-01,738,N,VIIRS,n,2,298.87,1.41,D,0
30.35415,75.25787,333.63,0.42,0.45,2021-11-01,738,N,VIIRS,n,2,301.68,2.7,D,0
30.35838,75.94224,337.71,0.39,0.44,2021-11-01,738,N,VIIRS,n,2,298.71,3.8,D,0
30.35891,75.42809,345.23,0.41,0.45,2021-11-01,738,N,VIIRS,n,2,304.69,19,D,0
30.36036,75.28809,330.92,0.42,0.45,2021-11-01,738,N,VIIRS,n,2,299.98,2.05,D,0
30.3607,75.91226,341.56,0.39,0.44,2021-11-01,738,N,VIIRS,n,2,301.82,4.71,D,0
30.36183,75.40048,340.71,0.41,0.45,2021-11-01,738,N,VIIRS,n,2,300.24,5.87,D,0
30.36211,75.42277,342.27,0.41,0.45,2021-11-01,738,N,VIIRS,n,2,302.82,12.7,D,0
30.36242,75.31928,340.21,0.42,0.45,2021-11-01,738,N,VIIRS,n,2,302.9,4.64,D,0
30.36358,75.78019,332.4,0.39,0.44,2021-11-01,738,N,VIIRS,n,2,299.75,2.62,D,0
30.36389,76.33602,336.32,0.55,0.43,2021-11-01,738,N,VIIRS,n,2,299.04,4.06,D,0
30.36467,75.91122,345.23,0.39,0.44,2021-11-01,738,N,VIIRS,n,2,301.5,4.71,D,0
30.36491,76.25757,332.67,0.56,0.43,2021-11-01,738,N,VIIRS,n,2,298.13,3.92,D,0
30.36507,75.74552,341.45,0.4,0.44,2021-11-01,738,N,VIIRS,n,2,302.26,6.37,D,0
30.36588,75.7496,335,0.4,0.44,2021-11-01,738,N,VIIRS,n,2,299.24,6.09,D,0
30.36732,75.44813,336.07,0.41,0.45,2021-11-01,738,N,VIIRS,n,2,299.2,3.3,D,0
30.37144,75.19363,335.86,0.42,0.45,2021-11-01,738,N,VIIRS,n,2,300.89,7.16,D,0
30.3719,75.63134,342.38,0.4,0.44,2021-11-01,738,N,VIIRS,n,2,304.22,9.71,D,0
30.37232,75.76073,353.5,0.39,0.44,2021-11-01,738,N,VIIRS,n,2,306.44,23.55,D,0
30.37272,75.63548,354.37,0.4,0.44,2021-11-01,738,N,VIIRS,n,2,302.3,16.69,D,0
30.37296,75.30739,339.85,0.42,0.45,2021-11-01,738,N,VIIRS,n,2,301.04,5.88,D,0
30.37346,75.41525,336.24,0.41,0.45,2021-11-01,738,N,VIIRS,n,2,300.61,8.75,D,0
30.37433,75.41948,340.67,0.41,0.45,2021-11-01,738,N,VIIRS,n,2,300.52,8.75,D,0
30.37494,75.40144,343.17,0.41,0.45,2021-11-01,738,N,VIIRS,n,2,301.11,3.74,D,0
30.37736,75.26527,349.11,0.42,0.45,2021-11-01,738,N,VIIRS,n,2,306.84,19.79,D,0
30.37807,75.83168,340.67,0.39,0.44,2021-11-01,738,N,VIIRS,n,2,300.13,4.85,D,0
30.3782,76.49244,332.17,0.54,0.42,2021-11-01,738,N,VIIRS,n,2,298.94,7.09,D,0
30.37829,76.40978,333.42,0.55,0.43,2021-11-01,738,N,VIIRS,n,2,299.04,3.94,D,0
30.37934,75.69006,340.12,0.4,0.44,2021-11-01,738,N,VIIRS,n,2,299.86,3.03,D,0
30.3797,75.25551,339.23,0.42,0.45,2021-11-01,738,N,VIIRS,n,2,302.89,7.64,D,0
30.38059,75.25985,341.63,0.42,0.45,2021-11-01,738,N,VIIRS,n,2,302.43,10.44,D,0
30.38063,75.47124,337.56,0.41,0.45,2021-11-01,738,N,VIIRS,n,2,299.11,24.67,D,0
30.38115,75.17715,347.74,0.42,0.46,2021-11-01,738,N,VIIRS,n,2,302.31,4.95,D,0
30.38527,75.17603,331.88,0.42,0.46,2021-11-01,738,N,VIIRS,n,2,299.81,4.95,D,0
30.38662,76.26399,339.2,0.56,0.43,2021-11-01,738,N,VIIRS,n,2,298.93,6.91,D,0
30.38685,75.52261,330.98,0.41,0.45,2021-11-01,738,N,VIIRS,n,2,298.94,5.44,D,0
30.38761,75.81641,341.44,0.39,0.44,2021-11-01,738,N,VIIRS,n,2,299.21,3.25,D,0
30.38769,76.39548,332.3,0.55,0.43,2021-11-01,738,N,VIIRS,n,2,300,3.2,D,0
30.38928,75.1066,331.65,0.43,0.46,2021-11-01,738,N,VIIRS,n,2,300.71,3.66,D,0
30.39056,75.26625,343.04,0.42,0.45,2021-11-01,738,N,VIIRS,n,2,306.2,11.21,D,0
30.39085,75.87485,339.64,0.39,0.44,2021-11-01,738,N,VIIRS,n,2,299.77,2.84,D,0
30.39116,75.24783,337.29,0.42,0.45,2021-11-01,738,N,VIIRS,n,2,301.1,2.55,D,0
30.39164,75.87885,333.83,0.39,0.44,2021-11-01,738,N,VIIRS,n,2,299.37,4.52,D,0
30.39261,75.52988,347.92,0.41,0.45,2021-11-01,738,N,VIIRS,n,2,300.21,7.92,D,0
30.39377,75.67756,341.54,0.4,0.44,2021-11-01,738,N,VIIRS,n,2,301.95,5.97,D,0
30.39713,75.67696,341.48,0.4,0.44,2021-11-01,738,N,VIIRS,n,2,300.04,7.42,D,0
30.39763,75.23695,341.08,0.42,0.45,2021-11-01,738,N,VIIRS,n,2,302.68,5.62,D,0
30.4009,75.16714,333.94,0.42,0.46,2021-11-01,738,N,VIIRS,n,2,299.72,1.49,D,0
30.40158,75.44783,345.57,0.41,0.45,2021-11-01,738,N,VIIRS,n,2,299.92,6.86,D,0
30.40209,75.1679,340.43,0.42,0.45,2021-11-01,738,N,VIIRS,n,2,300.28,3.15,D,0
30.40315,75.62333,340.36,0.4,0.44,2021-11-01,738,N,VIIRS,n,2,300.21,3.66,D,0
30.40356,76.45646,331.92,0.55,0.42,2021-11-01,738,N,VIIRS,n,2,298.42,5.48,D,0
30.40532,75.69636,342.82,0.4,0.44,2021-11-01,738,N,VIIRS,n,2,300.14,4.51,D,0
30.40585,75.23471,346.22,0.42,0.45,2021-11-01,738,N,VIIRS,n,2,304.6,13.91,D,0
30.40596,75.8243,348.7,0.39,0.44,2021-11-01,738,N,VIIRS,n,2,299.77,3.73,D,0
30.40675,75.82834,332.92,0.39,0.44,2021-11-01,738,N,VIIRS,n,2,300.62,3.73,D,0
30.40717,75.62226,339.94,0.4,0.44,2021-11-01,738,N,VIIRS,n,2,298.57,3.66,D,0
30.41056,75.44985,344.24,0.41,0.45,2021-11-01,738,N,VIIRS,n,2,303.3,12.71,D,0
30.41096,75.4941,344.73,0.41,0.45,2021-11-01,738,N,VIIRS,n,2,310.67,36.98,D,0
30.41136,75.64287,339.45,0.4,0.44,2021-11-01,738,N,VIIRS,n,2,300.83,3.9,D,0
30.41139,75.08663,340.1,0.43,0.46,2021-11-01,738,N,VIIRS,n,2,301.89,6.58,D,0
30.41356,75.16017,336.49,0.42,0.46,2021-11-01,738,N,VIIRS,n,2,300.17,2.61,D,0
30.41392,75.82218,330,0.39,0.44,2021-11-01,738,N,VIIRS,n,2,299.24,3.25,D,0
30.41527,75.34561,340.89,0.41,0.45,2021-11-01,738,N,VIIRS,n,2,301.95,3.17,D,0
30.41569,75.68498,338.81,0.4,0.44,2021-11-01,738,N,VIIRS,n,2,300.64,6.39,D,0
30.41583,75.70649,348.55,0.4,0.44,2021-11-01,738,N,VIIRS,n,2,300.83,6.11,D,0
30.4179,76.44686,331.24,0.55,0.42,2021-11-01,738,N,VIIRS,n,2,297.92,3.63,D,0
30.42027,75.85439,333.39,0.39,0.44,2021-11-01,738,N,VIIRS,n,2,299.8,2.21,D,0
30.42108,75.35306,348.91,0.41,0.45,2021-11-01,738,N,VIIRS,n,2,301.17,7.81,D,0
30.42108,75.64896,333.67,0.4,0.44,2021-11-01,738,N,VIIRS,n,2,299.49,3.06,D,0
30.42145,75.58795,333.63,0.4,0.44,2021-11-01,738,N,VIIRS,n,2,299.08,2.44,D,0
30.42258,75.33913,335.53,0.42,0.45,2021-11-01,738,N,VIIRS,n,2,300.68,5.67,D,0
30.42259,75.63554,339.62,0.4,0.44,2021-11-01,738,N,VIIRS,n,2,299.91,3.05,D,0
30.42381,75.57858,341.46,0.4,0.44,2021-11-01,738,N,VIIRS,n,2,299.56,3.86,D,0
30.42478,76.3561,341.37,0.55,0.43,2021-11-01,738,N,VIIRS,n,2,302.64,19.38,D,0
30.42516,75.35194,355.77,0.41,0.45,2021-11-01,738,N,VIIRS,n,2,305.13,14.03,D,0
30.42528,76.35989,332.5,0.55,0.43,2021-11-01,738,N,VIIRS,n,2,299.66,32.64,D,0
30.42607,75.8191,341.67,0.39,0.44,2021-11-01,738,N,VIIRS,n,2,302.67,9.52,D,0
30.42809,75.74613,334.75,0.39,0.44,2021-11-01,738,N,VIIRS,n,2,299.58,3.02,D,0
30.43162,75.09972,335.39,0.43,0.46,2021-11-01,738,N,VIIRS,n,2,300.53,2.99,D,0
30.43313,75.04337,337.06,0.43,0.46,2021-11-01,738,N,VIIRS,n,2,300.58,3.01,D,0
30.43527,75.73994,349.63,0.39,0.44,2021-11-01,738,N,VIIRS,n,2,306.01,21.73,D,0
30.43795,75.13045,334.82,0.43,0.46,2021-11-01,738,N,VIIRS,n,2,300.9,1.88,D,0
30.43831,76.00968,335.86,0.57,0.43,2021-11-01,738,N,VIIRS,n,2,298.89,5.15,D,0
30.44002,75.46857,354.73,0.41,0.45,2021-11-01,738,N,VIIRS,n,2,300.74,8.91,D,0
30.44061,75.87018,344.93,0.39,0.44,2021-11-01,738,N,VIIRS,n,2,303.95,12.48,D,0
30.44235,75.36163,344.51,0.41,0.45,2021-11-01,738,N,VIIRS,n,2,299.99,5.48,D,0
30.44378,75.86513,333.54,0.39,0.44,2021-11-01,738,N,VIIRS,n,2,299.13,7.25,D,0
30.44458,75.86913,342.6,0.39,0.44,2021-11-01,738,N,VIIRS,n,2,299.04,7.25,D,0
30.44468,75.55548,341.38,0.4,0.44,2021-11-01,738,N,VIIRS,n,2,300.36,4.35,D,0
30.44468,75.9362,339.24,0.39,0.44,2021-11-01,738,N,VIIRS,n,2,298.65,2.48,D,0
30.44472,75.41468,340.46,0.41,0.45,2021-11-01,738,N,VIIRS,n,2,300.66,4.92,D,0
30.44557,75.93598,340.45,0.39,0.44,2021-11-01,738,N,VIIRS,n,2,299.16,3.18,D,0
30.44774,75.52832,335.1,0.4,0.45,2021-11-01,738,N,VIIRS,n,2,300.19,3.19,D,0
30.44818,75.36903,340.61,0.41,0.45,2021-11-01,738,N,VIIRS,n,2,300.72,5.76,D,0
30.44898,75.47059,344.82,0.41,0.45,2021-11-01,738,N,VIIRS,n,2,300.46,4.23,D,0
30.44942,75.53666,340.46,0.4,0.45,2021-11-01,738,N,VIIRS,n,2,300.19,7.37,D,0
30.45035,75.7102,343.75,0.4,0.44,2021-11-01,738,N,VIIRS,n,2,300.78,3.8,D,0
30.45146,75.61044,340.54,0.4,0.44,2021-11-01,738,N,VIIRS,n,2,301.08,5.48,D,0
30.45262,75.53141,336.16,0.4,0.45,2021-11-01,738,N,VIIRS,n,2,303.33,10.68,D,0
30.45346,75.53558,338.12,0.4,0.45,2021-11-01,738,N,VIIRS,n,2,300.65,10.81,D,0
30.45428,75.06092,332.07,0.43,0.46,2021-11-01,738,N,VIIRS,n,2,300.02,2.37,D,0
30.45461,75.42094,346.25,0.41,0.45,2021-11-01,738,N,VIIRS,n,2,300.76,6.25,D,0
30.45624,75.02767,337.07,0.43,0.46,2021-11-01,738,N,VIIRS,n,2,301.04,3,D,0
30.45642,75.63519,344.84,0.4,0.44,2021-11-01,738,N,VIIRS,n,2,300.61,5.48,D,0
30.45839,75.39762,340.99,0.41,0.45,2021-11-01,738,N,VIIRS,n,2,300.2,5.61,D,0
30.45899,75.66911,342,0.4,0.44,2021-11-01,738,N,VIIRS,n,2,300.37,6.84,D,0
30.45904,75.52087,346.18,0.41,0.45,2021-11-01,738,N,VIIRS,n,2,305.22,18.25,D,0
30.45911,75.2121,353.07,0.42,0.45,2021-11-01,738,N,VIIRS,n,2,303.76,17.08,D,0
30.46106,75.5948,341.27,0.4,0.44,2021-11-01,738,N,VIIRS,n,2,302.51,7.21,D,0
30.46219,75.66393,336.82,0.4,0.44,2021-11-01,738,N,VIIRS,n,2,299.15,5.9,D,0
30.46301,75.66804,341.58,0.4,0.44,2021-11-01,738,N,VIIRS,n,2,299.81,5.9,D,0
30.46358,75.83879,337.94,0.39,0.44,2021-11-01,738,N,VIIRS,n,2,300.97,2.12,D,0
30.46446,75.63303,334.35,0.4,0.44,2021-11-01,738,N,VIIRS,n,2,300.49,9.52,D,0
30.46475,75.52814,341.71,0.4,0.45,2021-11-01,738,N,VIIRS,n,2,303.82,32.54,D,0
30.46489,75.15543,341.82,0.42,0.45,2021-11-01,738,N,VIIRS,n,2,301.22,8.36,D,0
30.46528,75.63714,342.4,0.4,0.44,2021-11-01,738,N,VIIRS,n,2,306.87,9.27,D,0
30.46638,75.51956,331.35,0.4,0.45,2021-11-01,738,N,VIIRS,n,2,299.63,5.51,D,0
30.46713,75.5187,341.65,0.41,0.45,2021-11-01,738,N,VIIRS,n,2,300.81,5.22,D,0
30.46724,75.52373,342.81,0.4,0.45,2021-11-01,738,N,VIIRS,n,2,300.08,10.28,D,0
30.46786,76.34884,331.48,0.55,0.43,2021-11-01,738,N,VIIRS,n,2,297.76,4.12,D,0
30.46907,75.80347,333.46,0.39,0.44,2021-11-01,738,N,VIIRS,n,2,298.7,2.59,D,0
30.47013,75.64017,336.78,0.4,0.44,2021-11-01,738,N,VIIRS,n,2,301.4,9.27,D,0
30.47066,75.54037,349.02,0.4,0.44,2021-11-01,738,N,VIIRS,n,2,304.38,7.63,D,0
30.4709,76.1551,341.74,0.56,0.43,2021-11-01,738,N,VIIRS,n,2,298.08,10.22,D,0
30.47129,75.53957,341.49,0.4,0.45,2021-11-01,738,N,VIIRS,n,2,302.28,5.3,D,0
30.47152,75.54453,330.27,0.4,0.44,2021-11-01,738,N,VIIRS,n,2,299.09,7.63,D,0
30.47212,75.54374,341.1,0.4,0.45,2021-11-01,738,N,VIIRS,n,2,300.31,5.3,D,0
30.47422,75.66072,334.17,0.4,0.44,2021-11-01,738,N,VIIRS,n,2,299.45,4.05,D,0
30.47502,75.05527,346.79,0.43,0.46,2021-11-01,738,N,VIIRS,n,2,309.55,20.91,D,0
30.47505,76.40638,334.74,0.55,0.42,2021-11-01,738,N,VIIRS,n,2,298.59,7.76,D,0
30.47615,75.54264,334.25,0.4,0.45,2021-11-01,738,N,VIIRS,n,2,299.59,5.3,D,0
30.4766,75.65144,347.55,0.4,0.44,2021-11-01,738,N,VIIRS,n,2,302.35,8.64,D,0
30.47727,75.40593,338.34,0.41,0.45,2021-11-01,738,N,VIIRS,n,2,298.89,3.42,D,0
30.47816,75.63804,353.16,0.4,0.44,2021-11-01,738,N,VIIRS,n,2,311.57,23.27,D,0
30.47912,75.68531,332.5,0.4,0.44,2021-11-01,738,N,VIIRS,n,2,299.45,29.73,D,0
30.47959,75.91866,341.35,0.39,0.44,2021-11-01,738,N,VIIRS,n,2,302.5,13.99,D,0
30.4796,75.54236,367,0.4,0.44,2021-11-01,738,N,VIIRS,h,2,301.99,8.82,D,0
30.47994,75.68941,345.98,0.4,0.44,2021-11-01,738,N,VIIRS,n,2,315.4,29.73,D,0
30.48001,75.7109,349.79,0.4,0.44,2021-11-01,738,N,VIIRS,n,2,300.58,6.82,D,0
30.48218,75.63696,356.66,0.4,0.44,2021-11-01,738,N,VIIRS,n,2,306.8,34.91,D,0
30.48395,75.68833,338.76,0.4,0.44,2021-11-01,738,N,VIIRS,n,2,297.93,5.31,D,0
30.48545,75.6534,331.44,0.4,0.44,2021-11-01,738,N,VIIRS,n,2,300.15,1.78,D,0
30.48734,75.76883,336.06,0.39,0.44,2021-11-01,738,N,VIIRS,n,2,298.73,4.82,D,0
30.48814,75.77287,339.94,0.39,0.44,2021-11-01,738,N,VIIRS,n,2,299.57,4.82,D,0
30.48877,75.27237,332.35,0.42,0.45,2021-11-01,738,N,VIIRS,n,2,298.85,1.65,D,0
30.49018,75.63537,330.37,0.4,0.44,2021-11-01,738,N,VIIRS,n,2,299.83,1.37,D,0
30.4915,75.51721,349.62,0.4,0.45,2021-11-01,738,N,VIIRS,n,2,301.53,11.04,D,0
30.49404,75.10586,337.41,0.43,0.46,2021-11-01,738,N,VIIRS,n,2,300.13,3.84,D,0
30.49446,75.10667,339.03,0.43,0.46,2021-11-01,738,N,VIIRS,n,2,300.43,4.34,D,0
30.49447,75.49,337.07,0.41,0.45,2021-11-01,738,N,VIIRS,n,2,301.84,3.73,D,0
30.49462,75.88954,331.01,0.39,0.44,2021-11-01,738,N,VIIRS,n,2,300.09,2.35,D,0
30.49675,75.39621,330.19,0.41,0.45,2021-11-01,738,N,VIIRS,n,2,299.35,2.38,D,0
30.49836,75.67587,337.59,0.4,0.44,2021-11-01,738,N,VIIRS,n,2,299.63,1.82,D,0
30.49852,75.48891,342.63,0.41,0.45,2021-11-01,738,N,VIIRS,n,2,300.42,3.73,D,0
30.49856,75.67631,335.54,0.4,0.44,2021-11-01,738,N,VIIRS,n,2,299.39,2.15,D,0
30.50018,75.58054,340.37,0.4,0.44,2021-11-01,738,N,VIIRS,n,2,301.39,6.06,D,0
30.50082,75.39512,349.17,0.41,0.45,2021-11-01,738,N,VIIRS,n,2,299.65,5.72,D,0
30.50102,75.58468,343.13,0.4,0.44,2021-11-01,738,N,VIIRS,n,2,301.85,8.21,D,0
30.5024,75.69631,330.36,0.4,0.44,2021-11-01,738,N,VIIRS,n,2,299.09,1.84,D,0
30.50274,75.6967,332.52,0.4,0.44,2021-11-01,738,N,VIIRS,n,2,299.34,1.81,D,0
30.50806,75.74622,345.71,0.39,0.44,2021-11-01,738,N,VIIRS,n,2,299.6,5.12,D,0
30.50809,75.66085,351.95,0.4,0.44,2021-11-01,738,N,VIIRS,n,2,301.21,5.54,D,0
30.50963,75.71156,330.8,0.4,0.44,2021-11-01,738,N,VIIRS,n,2,299.08,3.17,D,0
30.51006,75.71191,339.83,0.39,0.44,2021-11-01,738,N,VIIRS,n,2,300.18,3.24,D,0
30.51018,76.46217,333.5,0.54,0.42,2021-11-01,738,N,VIIRS,n,2,299.03,7.36,D,0
30.51049,75.80092,341.4,0.39,0.44,2021-11-01,738,N,VIIRS,n,2,303.06,18.21,D,0
30.51206,75.74516,333.04,0.39,0.44,2021-11-01,738,N,VIIRS,n,2,298.54,5.32,D,0
30.51268,75.74541,336.39,0.39,0.44,2021-11-01,738,N,VIIRS,n,2,299.14,4.06,D,0
30.51525,75.74003,340.54,0.39,0.44,2021-11-01,738,N,VIIRS,n,2,299.38,5.13,D,0
30.51571,75.71897,342.09,0.39,0.44,2021-11-01,738,N,VIIRS,n,2,301.71,6.55,D,0
30.51585,75.7403,343.8,0.39,0.44,2021-11-01,738,N,VIIRS,n,2,299.58,5.46,D,0
30.51621,75.47091,343.55,0.41,0.45,2021-11-01,738,N,VIIRS,n,2,301.26,5.65,D,0
30.51658,75.26028,331.42,0.42,0.45,2021-11-01,738,N,VIIRS,n,2,298.7,1.43,D,0
30.51663,75.61965,341.55,0.4,0.44,2021-11-01,738,N,VIIRS,n,2,303.8,3.89,D,0
30.51799,76.41893,333.16,0.55,0.42,2021-11-01,738,N,VIIRS,n,2,298.74,4.06,D,0
30.51987,75.42561,347.03,0.41,0.45,2021-11-01,738,N,VIIRS,n,2,302.4,12.04,D,0
30.51997,75.63609,343.7,0.4,0.44,2021-11-01,738,N,VIIRS,n,2,300.82,4.61,D,0
30.52027,75.46983,349.05,0.41,0.45,2021-11-01,738,N,VIIRS,n,2,299.45,5.65,D,0
30.52051,75.32254,346.02,0.41,0.45,2021-11-01,738,N,VIIRS,n,2,309.67,16.58,D,0
30.52065,75.61858,343.36,0.4,0.44,2021-11-01,738,N,VIIRS,n,2,299.81,7.66,D,0
30.52072,75.42982,340.7,0.41,0.45,2021-11-01,738,N,VIIRS,n,2,301.09,10.07,D,0
30.52099,75.55752,346.76,0.4,0.44,2021-11-01,738,N,VIIRS,n,2,301.21,4.91,D,0
30.52185,76.41792,329.51,0.55,0.42,2021-11-01,738,N,VIIRS,n,2,296.17,4.06,D,0
30.52409,75.18606,330.53,0.42,0.45,2021-11-01,738,N,VIIRS,n,2,297.92,3.66,D,0
30.5246,75.32143,342.35,0.41,0.45,2021-11-01,738,N,VIIRS,n,2,299.16,16.58,D,0
30.52465,75.74222,333.6,0.39,0.44,2021-11-01,738,N,VIIRS,n,2,299.86,2.46,D,0
30.52499,75.19039,339.37,0.42,0.45,2021-11-01,738,N,VIIRS,n,2,298.91,3.66,D,0
30.52502,75.55644,343.19,0.4,0.44,2021-11-01,738,N,VIIRS,n,2,307.39,38.47,D,0
30.52716,75.62985,340.8,0.4,0.44,2021-11-01,738,N,VIIRS,n,2,298.9,3.79,D,0
30.5277,75.71579,332.05,0.39,0.44,2021-11-01,738,N,VIIRS,n,2,299.02,3.35,D,0
30.52889,75.53351,330.76,0.4,0.44,2021-11-01,738,N,VIIRS,n,2,298.41,3.16,D,0
30.52973,75.53767,338.58,0.4,0.44,2021-11-01,738,N,VIIRS,n,2,299.35,3.16,D,0
30.53088,75.58541,330.19,0.4,0.44,2021-11-01,738,N,VIIRS,n,2,299.67,2.05,D,0
30.53119,75.62878,349.88,0.4,0.44,2021-11-01,738,N,VIIRS,n,2,304.7,22.16,D,0
30.53177,76.11864,330.38,0.56,0.43,2021-11-01,738,N,VIIRS,n,2,296.88,4.78,D,0
30.53326,75.47074,340.63,0.41,0.45,2021-11-01,738,N,VIIRS,n,2,301.29,6.55,D,0
30.53672,75.61428,331.37,0.4,0.44,2021-11-01,738,N,VIIRS,n,2,300.1,2.67,D,0
30.53731,75.46965,350.05,0.41,0.45,2021-11-01,738,N,VIIRS,n,2,302.42,6.55,D,0
30.53768,75.31406,334.44,0.41,0.45,2021-11-01,738,N,VIIRS,n,2,298.8,1.94,D,0
30.53815,75.47384,331.64,0.41,0.45,2021-11-01,738,N,VIIRS,n,2,299.23,6.55,D,0
30.54017,75.42012,332.51,0.41,0.45,2021-11-01,738,N,VIIRS,n,2,299.18,2.93,D,0
30.54129,75.57392,334.81,0.4,0.44,2021-11-01,738,N,VIIRS,n,2,299.45,5.35,D,0
30.54144,75.59566,344.71,0.4,0.44,2021-11-01,738,N,VIIRS,n,2,300.38,7.58,D,0
30.54198,75.55626,333.86,0.4,0.44,2021-11-01,738,N,VIIRS,n,2,299.53,2.18,D,0
30.54213,75.57805,348.04,0.4,0.44,2021-11-01,738,N,VIIRS,n,2,300.54,5.35,D,0
30.54288,75.45488,356.57,0.41,0.45,2021-11-01,738,N,VIIRS,n,2,302.96,8.5,D,0
30.54315,75.08875,354.6,0.43,0.46,2021-11-01,738,N,VIIRS,n,2,302.74,14.03,D,0
30.54561,75.03696,342.62,0.43,0.46,2021-11-01,738,N,VIIRS,n,2,299.41,3.89,D,0
30.54656,75.5156,336.26,0.4,0.45,2021-11-01,738,N,VIIRS,n,2,300.24,2.73,D,0
30.54699,75.58111,349.22,0.4,0.44,2021-11-01,738,N,VIIRS,n,2,300.48,7.09,D,0
30.54712,75.60282,338.44,0.4,0.44,2021-11-01,738,N,VIIRS,n,2,299.32,3.81,D,0
30.54725,75.62447,343.72,0.4,0.44,2021-11-01,738,N,VIIRS,n,2,301.6,10.1,D,0
30.54725,75.79154,344.16,0.39,0.44,2021-11-01,738,N,VIIRS,n,2,300.06,3.78,D,0
30.5477,75.21622,331.55,0.42,0.45,2021-11-01,738,N,VIIRS,n,2,298.62,2.64,D,0
30.5509,75.10517,340.92,0.42,0.46,2021-11-01,738,N,VIIRS,n,2,300.94,7.11,D,0
30.55126,75.62341,335.46,0.4,0.44,2021-11-01,738,N,VIIRS,n,2,302.96,10.1,D,0
30.55137,75.64497,336.61,0.4,0.44,2021-11-01,738,N,VIIRS,n,2,300.48,4.82,D,0
30.55209,75.6275,342.28,0.4,0.44,2021-11-01,738,N,VIIRS,n,2,303.45,10.1,D,0
30.55358,75.78137,350.84,0.39,0.44,2021-11-01,738,N,VIIRS,n,2,302.31,12.96,D,0
30.55503,75.57894,342.03,0.4,0.44,2021-11-01,738,N,VIIRS,n,2,299.27,7.37,D,0
30.55528,75.81057,354.15,0.39,0.44,2021-11-01,738,N,VIIRS,n,2,301.73,16.31,D,0
30.55626,75.39351,341.25,0.41,0.45,2021-11-01,738,N,VIIRS,n,2,300.1,6.49,D,0
30.55823,75.57372,341.35,0.4,0.44,2021-11-01,738,N,VIIRS,n,2,300.9,5.16,D,0
30.55843,75.39352,351.38,0.41,0.45,2021-11-01,738,N,VIIRS,n,2,299.32,7.37,D,0
30.55911,75.76716,330.96,0.39,0.44,2021-11-01,738,N,VIIRS,n,2,298.58,3.2,D,0
30.56132,75.41885,337.05,0.41,0.45,2021-11-01,738,N,VIIRS,n,2,299.81,3.31,D,0
30.56186,75.65511,340.96,0.4,0.44,2021-11-01,738,N,VIIRS,n,2,300.63,5.17,D,0
30.5634,75.87161,329.9,0.39,0.44,2021-11-01,738,N,VIIRS,n,2,300.1,2.24,D,0
30.5654,75.36486,333.04,0.41,0.45,2021-11-01,738,N,VIIRS,n,2,298.3,3.09,D,0
30.56621,75.24303,343.17,0.42,0.45,2021-11-01,738,N,VIIRS,n,2,299.3,5.01,D,0
30.56627,75.3691,333,0.41,0.45,2021-11-01,738,N,VIIRS,n,2,298.35,3.09,D,0
30.56627,75.761,337.65,0.39,0.44,2021-11-01,738,N,VIIRS,n,2,299.68,2.82,D,0
30.56773,75.35528,352.43,0.41,0.45,2021-11-01,738,N,VIIRS,n,2,301.81,12.09,D,0
30.56793,75.57983,331.85,0.4,0.44,2021-11-01,738,N,VIIRS,n,2,299.31,3.15,D,0
30.56906,75.94113,329.62,0.38,0.43,2021-11-01,738,N,VIIRS,n,2,298.15,3.39,D,0
30.57228,75.46073,348.66,0.41,0.45,2021-11-01,738,N,VIIRS,n,2,301.48,9.66,D,0
30.57375,75.44707,330.45,0.41,0.45,2021-11-01,738,N,VIIRS,n,2,298.66,1.49,D,0
30.5781,75.71519,342.81,0.39,0.44,2021-11-01,738,N,VIIRS,n,2,301.23,4.17,D,0
30.57854,75.94695,333.12,0.38,0.43,2021-11-01,738,N,VIIRS,n,2,298.46,4.72,D,0
30.58225,75.77799,339.43,0.39,0.44,2021-11-01,738,N,VIIRS,n,2,299.41,3.29,D,0
30.58271,75.44908,334,0.41,0.45,2021-11-01,738,N,VIIRS,n,2,299.18,3.69,D,0
30.58326,75.92907,334.4,0.38,0.43,2021-11-01,738,N,VIIRS,n,2,298.85,2.93,D,0
30.58357,75.45328,340.47,0.41,0.45,2021-11-01,738,N,VIIRS,n,2,298.54,3.69,D,0
30.58916,75.52214,339.32,0.4,0.44,2021-11-01,738,N,VIIRS,n,2,299.16,3.15,D,0
30.59017,75.75463,351.65,0.39,0.44,2021-11-01,738,N,VIIRS,n,2,300.83,5.99,D,0
30.59098,75.75867,340.3,0.39,0.44,2021-11-01,738,N,VIIRS,n,2,299.27,4.31,D,0
30.59318,75.6038,340.42,0.4,0.44,2021-11-01,738,N,VIIRS,n,2,303.15,7.92,D,0
30.59379,75.60331,344.24,0.4,0.44,2021-11-01,738,N,VIIRS,n,2,303.13,9.25,D,0
30.59405,75.5252,341.26,0.4,0.44,2021-11-01,738,N,VIIRS,n,2,301.35,6.58,D,0
30.59634,75.02541,340.23,0.43,0.46,2021-11-01,738,N,VIIRS,n,2,300.47,5.01,D,0
30.59985,76.46584,333.82,0.54,0.42,2021-11-01,738,N,VIIRS,n,2,297.84,6.86,D,0
30.60326,75.31877,341.02,0.41,0.45,2021-11-01,738,N,VIIRS,n,2,300.95,4.44,D,0
30.60373,75.75953,330.95,0.39,0.44,2021-11-01,738,N,VIIRS,n,2,298.44,2.03,D,0
30.60523,75.34962,342.38,0.41,0.45,2021-11-01,738,N,VIIRS,n,2,304.34,15.22,D,0
30.60632,75.96143,331.24,0.57,0.43,2021-11-01,738,N,VIIRS,n,2,297.39,9.19,D,0
30.60699,75.5261,341.83,0.4,0.44,2021-11-01,738,N,VIIRS,n,2,299.76,5.33,D,0
30.60771,75.75847,344.2,0.39,0.44,2021-11-01,738,N,VIIRS,n,2,301.26,12.52,D,0
30.61012,76.18732,331.6,0.56,0.43,2021-11-01,738,N,VIIRS,n,2,297.85,6.23,D,0
30.61117,76.18906,342.25,0.56,0.43,2021-11-01,738,N,VIIRS,n,2,298.27,10.58,D,0
30.61193,75.09998,342.37,0.42,0.45,2021-11-01,738,N,VIIRS,n,2,305.19,15.45,D,0
30.61489,75.85796,337.74,0.39,0.44,2021-11-01,738,N,VIIRS,n,2,300.38,2.35,D,0
30.61702,75.06161,341.39,0.43,0.46,2021-11-01,738,N,VIIRS,n,2,300.14,4.64,D,0
30.61728,75.80679,338.63,0.39,0.44,2021-11-01,738,N,VIIRS,n,2,299.64,2.73,D,0
30.61807,75.76846,342.83,0.39,0.44,2021-11-01,738,N,VIIRS,n,2,298.93,4.48,D,0
30.62125,75.76334,342.62,0.39,0.44,2021-11-01,738,N,VIIRS,n,2,299.18,5.31,D,0
30.6221,75.49576,338.19,0.4,0.44,2021-11-01,738,N,VIIRS,n,2,298.27,1.84,D,0
30.62462,75.50823,341.62,0.4,0.44,2021-11-01,738,N,VIIRS,n,2,299.47,4.31,D,0
30.62681,75.81269,340.74,0.39,0.44,2021-11-01,738,N,VIIRS,n,2,299.87,2.51,D,0
30.63131,75.43597,344.1,0.41,0.45,2021-11-01,738,N,VIIRS,n,2,299.93,4.31,D,0
30.63152,75.85775,344.48,0.39,0.44,2021-11-01,738,N,VIIRS,n,2,301.75,5.23,D,0
30.63216,75.44018,337.14,0.41,0.45,2021-11-01,738,N,VIIRS,n,2,300.85,4.31,D,0
30.63476,75.78943,342.39,0.39,0.44,2021-11-01,738,N,VIIRS,n,2,299.3,4.26,D,0
30.63529,75.78948,341.69,0.39,0.44,2021-11-01,738,N,VIIRS,n,2,300.07,4.68,D,0
30.63548,75.8567,338.73,0.39,0.44,2021-11-01,738,N,VIIRS,n,2,298.66,4.03,D,0
30.63708,75.84367,332.35,0.39,0.44,2021-11-01,738,N,VIIRS,n,2,298.4,1.8,D,0
30.63741,75.73801,340.07,0.39,0.44,2021-11-01,738,N,VIIRS,n,2,299.7,3.77,D,0
30.6414,75.73695,340.64,0.39,0.44,2021-11-01,738,N,VIIRS,n,2,299.05,3.77,D,0
30.64288,75.57748,340.3,0.4,0.44,2021-11-01,738,N,VIIRS,n,2,299.71,6.8,D,0
30.64305,75.22878,341.16,0.42,0.45,2021-11-01,738,N,VIIRS,n,2,299.69,4.65,D,0
30.64327,75.51634,340.19,0.4,0.44,2021-11-01,738,N,VIIRS,n,2,299.46,5.38,D,0
30.64339,75.93919,336.79,0.57,0.43,2021-11-01,738,N,VIIRS,n,2,299.1,6.33,D,0
30.6436,76.41713,330.83,0.54,0.42,2021-11-01,738,N,VIIRS,n,2,297.84,2.7,D,0
30.64377,75.37044,334.42,0.41,0.45,2021-11-01,738,N,VIIRS,n,2,298.73,4.15,D,0
30.64491,75.88352,337.81,0.38,0.44,2021-11-01,738,N,VIIRS,n,2,298.75,2.95,D,0
30.64496,75.86258,332.68,0.39,0.44,2021-11-01,738,N,VIIRS,n,2,300.32,3.01,D,0
30.64591,75.86243,331.46,0.39,0.44,2021-11-01,738,N,VIIRS,n,2,299.94,2.99,D,0
30.64707,76.24995,331.96,0.55,0.43,2021-11-01,738,N,VIIRS,n,2,297.92,3.54,D,0
30.64764,75.34705,340.58,0.41,0.45,2021-11-01,738,N,VIIRS,n,2,299.83,3.35,D,0
30.64804,75.96283,336.14,0.57,0.43,2021-11-01,738,N,VIIRS,n,2,300.19,10.43,D,0
30.64969,75.34402,340.69,0.41,0.45,2021-11-01,738,N,VIIRS,n,2,300.31,6.23,D,0
30.65124,75.22655,330.87,0.42,0.45,2021-11-01,738,N,VIIRS,n,2,298.6,1.88,D,0
30.65162,75.70438,340.96,0.39,0.44,2021-11-01,738,N,VIIRS,n,2,301.17,4.92,D,0
30.65162,76.39953,330.56,0.54,0.42,2021-11-01,738,N,VIIRS,n,2,297.5,1.46,D,0
30.65292,76.40295,329.81,0.54,0.42,2021-11-01,738,N,VIIRS,n,2,297.55,2.62,D,0
30.65316,75.69114,337.66,0.39,0.44,2021-11-01,738,N,VIIRS,n,2,298.95,3.03,D,0
30.6541,75.19849,344.21,0.42,0.45,2021-11-01,738,N,VIIRS,n,2,302.49,16.1,D,0
30.65551,75.35137,348.09,0.41,0.45,2021-11-01,738,N,VIIRS,n,2,299.05,4.93,D,0
30.65647,75.56081,348.5,0.4,0.44,2021-11-01,738,N,VIIRS,n,2,303.88,24.69,D,0
30.65729,75.4378,341.7,0.41,0.45,2021-11-01,738,N,VIIRS,n,2,302.25,15.26,D,0
30.65731,75.19307,330.71,0.42,0.45,2021-11-01,738,N,VIIRS,n,2,297.88,2.1,D,0
30.66132,75.56385,341.55,0.4,0.44,2021-11-01,738,N,VIIRS,n,2,301.87,10.39,D,0
30.66371,75.95042,332.49,0.57,0.43,2021-11-01,738,N,VIIRS,n,2,299.31,4.82,D,0
30.66541,75.94579,338.37,0.57,0.43,2021-11-01,738,N,VIIRS,n,2,298.48,7.19,D,0
30.66764,76.48338,338.4,0.54,0.42,2021-11-01,738,N,VIIRS,n,2,298.4,4.32,D,0
30.66803,75.47017,337.09,0.4,0.45,2021-11-01,738,N,VIIRS,n,2,298.69,5.49,D,0
30.66831,76.48102,339.52,0.54,0.42,2021-11-01,738,N,VIIRS,n,2,298.87,6.76,D,0
30.6685,75.2264,354.11,0.42,0.45,2021-11-01,738,N,VIIRS,n,2,300.94,10.08,D,0
30.6705,76.3689,331.67,0.54,0.42,2021-11-01,738,N,VIIRS,n,2,298.52,6.44,D,0
30.67051,76.45123,340.22,0.54,0.42,2021-11-01,738,N,VIIRS,n,2,297.82,4.82,D,0
30.67202,75.99158,340.13,0.57,0.43,2021-11-01,738,N,VIIRS,n,2,298.84,4.34,D,0
30.67216,76.08592,331.4,0.56,0.43,2021-11-01,738,N,VIIRS,n,2,298.13,5.16,D,0
30.67462,75.99297,331.16,0.57,0.43,2021-11-01,738,N,VIIRS,n,2,297.62,6.01,D,0
30.68127,75.14085,353.2,0.42,0.45,2021-11-01,738,N,VIIRS,n,2,301.41,8.41,D,0
30.68182,76.08121,335.11,0.56,0.43,2021-11-01,738,N,VIIRS,n,2,298.09,4.48,D,0
30.68379,75.54909,340.75,0.4,0.44,2021-11-01,738,N,VIIRS,n,2,300.3,3.88,D,0
30.68389,76.08284,332.59,0.56,0.43,2021-11-01,738,N,VIIRS,n,2,297.72,4.24,D,0
30.68734,75.94418,334.54,0.57,0.43,2021-11-01,738,N,VIIRS,n,2,298.96,6.73,D,0
30.68861,75.82594,334.45,0.39,0.44,2021-11-01,738,N,VIIRS,n,2,298.9,2.52,D,0
30.69247,75.76157,340.47,0.39,0.44,2021-11-01,738,N,VIIRS,n,2,299.51,3.5,D,0
30.69339,75.53518,333.15,0.4,0.44,2021-11-01,738,N,VIIRS,n,2,299.42,2.7,D,0
30.69408,75.37213,338.08,0.41,0.45,2021-11-01,738,N,VIIRS,n,2,298.02,3.66,D,0
30.69421,75.53757,345.63,0.4,0.44,2021-11-01,738,N,VIIRS,n,2,300.27,4.76,D,0
30.69423,75.53931,332.56,0.4,0.44,2021-11-01,738,N,VIIRS,n,2,299.47,2.7,D,0
30.69556,75.35838,335.32,0.41,0.45,2021-11-01,738,N,VIIRS,n,2,298.57,3.44,D,0
30.69629,76.0713,332,0.56,0.43,2021-11-01,738,N,VIIRS,n,2,298.49,3.95,D,0
30.6984,76.07289,333.76,0.56,0.43,2021-11-01,738,N,VIIRS,n,2,297.28,7.22,D,0
30.70236,75.0521,330.11,0.42,0.46,2021-11-01,738,N,VIIRS,n,2,298.77,2.54,D,0
30.70236,76.4078,332.66,0.54,0.42,2021-11-01,738,N,VIIRS,n,2,298.21,4.35,D,0
30.70461,75.44452,339.36,0.4,0.45,2021-11-01,738,N,VIIRS,n,2,299.4,3.49,D,0
30.7054,76.17828,343.3,0.56,0.43,2021-11-01,738,N,VIIRS,n,2,296.93,8.66,D,0
30.70661,75.9577,329.58,0.57,0.43,2021-11-01,738,N,VIIRS,n,2,297.91,1.71,D,0
30.70917,75.12862,353.41,0.42,0.45,2021-11-01,738,N,VIIRS,n,2,301.73,6.69,D,0
30.71201,76.49886,328.99,0.54,0.42,2021-11-01,738,N,VIIRS,n,2,297.1,3.2,D,0
30.71511,76.04185,331.29,0.56,0.43,2021-11-01,738,N,VIIRS,n,2,299.16,7.53,D,0
30.71584,75.52042,342.46,0.4,0.44,2021-11-01,738,N,VIIRS,n,2,300.59,4.75,D,0
30.71734,75.19035,350.33,0.42,0.45,2021-11-01,738,N,VIIRS,n,2,303.89,20.71,D,0
30.72088,75.5452,341.07,0.4,0.44,2021-11-01,738,N,VIIRS,n,2,300.22,4.93,D,0
30.72502,75.66917,337.4,0.39,0.44,2021-11-01,738,N,VIIRS,n,2,299.29,9.6,D,0
30.72585,75.67323,340.79,0.39,0.44,2021-11-01,738,N,VIIRS,n,2,300.92,12.47,D,0
30.72611,76.34261,332.53,0.55,0.42,2021-11-01,738,N,VIIRS,n,2,297.35,3.63,D,0
30.72697,75.32307,335.57,0.41,0.45,2021-11-01,738,N,VIIRS,n,2,299.07,2.62,D,0
30.72728,75.19673,333.89,0.42,0.45,2021-11-01,738,N,VIIRS,n,2,298.75,2.35,D,0
30.72769,76.37176,328.66,0.54,0.42,2021-11-01,738,N,VIIRS,n,2,296.84,2.82,D,0
30.72846,75.30923,332.3,0.41,0.45,2021-11-01,738,N,VIIRS,n,2,298.73,2.74,D,0
30.72887,75.64671,340.71,0.39,0.44,2021-11-01,738,N,VIIRS,n,2,301.38,4.79,D,0
30.7297,75.65078,336.15,0.39,0.44,2021-11-01,738,N,VIIRS,n,2,300.22,4.79,D,0
30.73067,76.47072,334.44,0.54,0.42,2021-11-01,738,N,VIIRS,n,2,297.52,5.85,D,0
30.73104,75.32196,347.21,0.41,0.45,2021-11-01,738,N,VIIRS,n,2,303.06,14.15,D,0
30.73343,76.46416,331.93,0.54,0.42,2021-11-01,738,N,VIIRS,n,2,298.05,2.96,D,0
30.73709,75.11261,348.57,0.42,0.45,2021-11-01,738,N,VIIRS,n,2,301.62,12.22,D,0
30.73722,75.37377,330.61,0.41,0.45,2021-11-01,738,N,VIIRS,n,2,297.97,2.11,D,0
30.74156,75.96707,329.55,0.57,0.43,2021-11-01,738,N,VIIRS,n,2,297.2,2.46,D,0
30.74173,75.77805,332.36,0.39,0.44,2021-11-01,738,N,VIIRS,n,2,298.31,2.56,D,0
30.74237,75.77509,341.33,0.39,0.44,2021-11-01,738,N,VIIRS,n,2,299.14,3.05,D,0
30.74249,75.52631,333.38,0.4,0.44,2021-11-01,738,N,VIIRS,n,2,298.99,2.62,D,0
30.7471,75.29519,340.44,0.41,0.45,2021-11-01,738,N,VIIRS,n,2,299.35,3.49,D,0
30.74724,75.79909,334.43,0.39,0.44,2021-11-01,738,N,VIIRS,n,2,298.35,1.98,D,0
30.74906,75.29524,334.84,0.41,0.45,2021-11-01,738,N,VIIRS,n,2,298.37,2.41,D,0
30.75005,75.3525,339.42,0.41,0.45,2021-11-01,738,N,VIIRS,n,2,302.27,16.9,D,0
30.75865,76.01194,347.68,0.57,0.43,2021-11-01,738,N,VIIRS,n,2,301.8,17.35,D,0
30.75919,75.37669,332.06,0.41,0.45,2021-11-01,738,N,VIIRS,n,2,298.75,1.86,D,0
30.76425,75.05453,331.29,0.42,0.45,2021-11-01,738,N,VIIRS,n,2,298.83,1.7,D,0
30.76462,76.31244,331.99,0.55,0.42,2021-11-01,738,N,VIIRS,n,2,299.3,5.88,D,0
30.76732,75.50217,340.12,0.4,0.44,2021-11-01,738,N,VIIRS,n,2,298.78,3.74,D,0
30.76738,75.67068,333.34,0.39,0.44,2021-11-01,738,N,VIIRS,n,2,300.25,3.63,D,0
30.76815,75.50632,329.59,0.4,0.44,2021-11-01,738,N,VIIRS,n,2,297.55,4.39,D,0
30.76837,75.0534,331.41,0.42,0.45,2021-11-01,738,N,VIIRS,n,2,300.05,1.81,D,0
30.7691,75.70009,337.51,0.39,0.44,2021-11-01,738,N,VIIRS,n,2,299.6,4.6,D,0
30.76922,75.55389,339.87,0.4,0.44,2021-11-01,738,N,VIIRS,n,2,300,3.77,D,0
30.773,75.67773,332.95,0.39,0.44,2021-11-01,738,N,VIIRS,n,2,299.85,2.26,D,0
30.77303,75.03361,341.27,0.42,0.46,2021-11-01,738,N,VIIRS,n,2,300.78,6.4,D,0
30.77678,76.45637,334.24,0.54,0.42,2021-11-01,738,N,VIIRS,n,2,298.86,4.58,D,0
30.77939,75.4989,340.35,0.4,0.44,2021-11-01,738,N,VIIRS,n,2,302.56,7.49,D,0
30.78022,75.50306,330.15,0.4,0.44,2021-11-01,738,N,VIIRS,n,2,299.1,7.14,D,0
30.78732,75.66532,345.05,0.39,0.44,2021-11-01,738,N,VIIRS,n,2,300.41,6.27,D,0
30.79277,75.02354,345.62,0.42,0.46,2021-11-01,738,N,VIIRS,n,2,299.5,6.96,D,0
30.8052,75.50539,344.24,0.4,0.44,2021-11-01,738,N,VIIRS,n,2,300.32,5.69,D,0
30.80569,75.67321,341.44,0.39,0.44,2021-11-01,738,N,VIIRS,n,2,299.96,3.31,D,0
30.80694,75.02889,367,0.42,0.46,2021-11-01,738,N,VIIRS,h,2,301.92,9.48,D,0
30.80806,75.02966,343.22,0.42,0.45,2021-11-01,738,N,VIIRS,n,2,300.59,7.08,D,0
30.81081,76.15566,333.62,0.56,0.43,2021-11-01,738,N,VIIRS,n,2,300,8.41,D,0
30.81147,76.1565,345.91,0.56,0.43,2021-11-01,738,N,VIIRS,n,2,298.91,13.59,D,0
30.81279,75.54247,354.05,0.4,0.44,2021-11-01,738,N,VIIRS,n,2,301.27,11.29,D,0
30.81303,75.83613,345.91,0.38,0.44,2021-11-01,738,N,VIIRS,n,2,298.24,5.17,D,0
30.81727,75.05841,341.92,0.42,0.45,2021-11-01,738,N,VIIRS,n,2,300.92,5.32,D,0
30.81753,75.9213,331.97,0.57,0.43,2021-11-01,738,N,VIIRS,n,2,298.61,3.17,D,0
30.81829,76.4631,335.32,0.54,0.42,2021-11-01,738,N,VIIRS,n,2,296.65,4.21,D,0
30.81858,75.0591,354.53,0.42,0.45,2021-11-01,738,N,VIIRS,n,2,302.88,14.19,D,0
30.81932,75.74184,340.81,0.39,0.44,2021-11-01,738,N,VIIRS,n,2,299.74,2.49,D,0
30.82128,75.50105,343.45,0.4,0.44,2021-11-01,738,N,VIIRS,n,2,307.37,21.6,D,0
30.82306,75.19398,346.95,0.42,0.45,2021-11-01,738,N,VIIRS,n,2,304.39,8.43,D,0
30.82329,75.74078,342.8,0.39,0.44,2021-11-01,738,N,VIIRS,n,2,299.96,7.29,D,0
30.82383,76.20041,330.23,0.55,0.43,2021-11-01,738,N,VIIRS,n,2,297.57,6.19,D,0
30.82421,76.20133,332.4,0.55,0.43,2021-11-01,738,N,VIIRS,n,2,299.97,8.98,D,0
30.82497,76.20612,331.35,0.55,0.43,2021-11-01,738,N,VIIRS,n,2,298.01,8.48,D,0
30.82615,75.5041,346.36,0.4,0.44,2021-11-01,738,N,VIIRS,n,2,301.24,10.93,D,0
30.82714,75.19286,334.45,0.42,0.45,2021-11-01,738,N,VIIRS,n,2,298.51,8.43,D,0
30.82725,76.21751,333.88,0.55,0.43,2021-11-01,738,N,VIIRS,n,2,296.5,4.06,D,0
30.82752,76.21846,331.15,0.55,0.43,2021-11-01,738,N,VIIRS,n,2,296.51,4.13,D,0
30.82809,76.20031,330.31,0.55,0.43,2021-11-01,738,N,VIIRS,n,2,296.54,4.82,D,0
30.82814,75.08407,330.51,0.42,0.45,2021-11-01,738,N,VIIRS,n,2,299.46,2.07,D,0
30.82914,75.4771,331.05,0.4,0.44,2021-11-01,738,N,VIIRS,n,2,299.22,4.3,D,0
30.82998,75.48125,340.2,0.4,0.44,2021-11-01,738,N,VIIRS,n,2,301.15,7.5,D,0
30.83006,75.39779,340.6,0.4,0.45,2021-11-01,738,N,VIIRS,n,2,300.06,14.03,D,0
30.83202,75.74265,341.07,0.39,0.44,2021-11-01,738,N,VIIRS,n,2,301.38,4.92,D,0
30.83582,75.61395,354.65,0.39,0.44,2021-11-01,738,N,VIIRS,n,2,304.07,11.57,D,0
30.83887,75.48322,330.7,0.4,0.44,2021-11-01,738,N,VIIRS,n,2,298.25,2.53,D,0
30.83981,75.61288,340.29,0.39,0.44,2021-11-01,738,N,VIIRS,n,2,298.6,4.24,D,0
30.84047,76.20206,345.55,0.55,0.43,2021-11-01,738,N,VIIRS,n,2,298.79,10.38,D,0
30.84288,75.29208,339.7,0.41,0.45,2021-11-01,738,N,VIIRS,n,2,299.8,8.05,D,0
30.84373,75.29633,340.63,0.41,0.45,2021-11-01,738,N,VIIRS,n,2,299.94,8.05,D,0
30.84393,76.30359,329.33,0.55,0.42,2021-11-01,738,N,VIIRS,n,2,296.53,3.52,D,0
30.84413,76.30244,331.43,0.55,0.42,2021-11-01,738,N,VIIRS,n,2,296.72,3.55,D,0
30.84694,75.29098,337.47,0.41,0.45,2021-11-01,738,N,VIIRS,n,2,298.55,8.05,D,0
30.84738,75.25048,341.25,0.41,0.45,2021-11-01,738,N,VIIRS,n,2,299.85,3.83,D,0
30.8478,75.29522,340.39,0.41,0.45,2021-11-01,738,N,VIIRS,n,2,298.38,8.05,D,0
30.84821,75.55026,337.07,0.4,0.44,2021-11-01,738,N,VIIRS,n,2,299.95,3.24,D,0
30.84893,75.42793,340.53,0.4,0.44,2021-11-01,738,N,VIIRS,n,2,299.2,2.83,D,0
30.84983,75.25065,346.8,0.41,0.45,2021-11-01,738,N,VIIRS,n,2,298.42,4.93,D,0
30.85208,76.199,332.38,0.55,0.43,2021-11-01,738,N,VIIRS,n,2,297.99,3.24,D,0
30.85225,75.3386,330.55,0.41,0.45,2021-11-01,738,N,VIIRS,n,2,298.94,2.38,D,0
30.85421,76.48284,338.98,0.53,0.42,2021-11-01,738,N,VIIRS,n,2,300.07,10.94,D,0
30.86125,76.32755,331,0.54,0.42,2021-11-01,738,N,VIIRS,n,2,297.04,3.51,D,0
30.86154,75.05646,354.73,0.42,0.45,2021-11-01,738,N,VIIRS,n,2,301.78,7.35,D,0
30.86236,76.33318,327.56,0.54,0.42,2021-11-01,738,N,VIIRS,n,2,296.58,3.51,D,0
30.86423,75.41937,340.61,0.4,0.44,2021-11-01,738,N,VIIRS,n,2,299.19,6.12,D,0
30.86788,75.25471,340.1,0.41,0.45,2021-11-01,738,N,VIIRS,n,2,300.59,6.42,D,0
30.86876,75.25896,335.1,0.41,0.45,2021-11-01,738,N,VIIRS,n,2,298.93,6.89,D,0
30.87268,75.62977,346.03,0.39,0.44,2021-11-01,738,N,VIIRS,n,2,307.35,14.24,D,0
30.87605,75.31506,344,0.41,0.45,2021-11-01,738,N,VIIRS,n,2,300.33,7.31,D,0
30.88265,75.0322,330.24,0.42,0.45,2021-11-01,738,N,VIIRS,l,2,300.52,3.92,D,0
30.88766,75.03544,339.27,0.42,0.45,2021-11-01,738,N,VIIRS,n,2,300.15,13.35,D,0
30.88856,75.0398,341.15,0.42,0.45,2021-11-01,738,N,VIIRS,n,2,303.82,13.35,D,0
30.88897,75.73177,335.15,0.39,0.44,2021-11-01,738,N,VIIRS,n,2,299.21,2.67,D,0
30.89104,76.04341,345.32,0.56,0.43,2021-11-01,738,N,VIIRS,n,2,299.94,9.48,D,0
30.89197,76.44265,330.49,0.54,0.42,2021-11-01,738,N,VIIRS,n,2,297.7,2.67,D,0
30.89302,75.52081,342.27,0.4,0.44,2021-11-01,738,N,VIIRS,n,2,299.46,3.41,D,0
30.89321,75.46037,342.95,0.4,0.44,2021-11-01,738,N,VIIRS,n,2,303.12,15.03,D,0
30.89322,75.02003,330.8,0.42,0.45,2021-11-01,738,N,VIIRS,n,2,299.32,2.31,D,0
30.89353,75.45966,355.82,0.4,0.44,2021-11-01,738,N,VIIRS,n,2,301.7,12.53,D,0
30.89417,76.04647,331.9,0.56,0.43,2021-11-01,738,N,VIIRS,n,2,298.18,11.05,D,0
30.89494,76.04237,328.6,0.56,0.43,2021-11-01,738,N,VIIRS,n,2,296.53,9.48,D,0
30.89646,75.58041,354.04,0.39,0.44,2021-11-01,738,N,VIIRS,n,2,306.05,18.13,D,0
30.89728,75.5845,337.19,0.39,0.44,2021-11-01,738,N,VIIRS,n,2,300.24,9.01,D,0
30.9019,75.16873,330.48,0.42,0.45,2021-11-01,738,N,VIIRS,n,2,299.65,4.16,D,0
30.90262,75.36109,344.03,0.41,0.45,2021-11-01,738,N,VIIRS,n,2,303.76,21.36,D,0
30.90461,76.09841,335.53,0.56,0.43,2021-11-01,738,N,VIIRS,n,2,299.19,6.7,D,0
30.90597,75.92042,332.65,0.57,0.43,2021-11-01,738,N,VIIRS,n,2,299.73,6.65,D,0
30.9062,76.10024,335.77,0.56,0.43,2021-11-01,738,N,VIIRS,n,2,298.92,5.6,D,0
30.90715,75.92629,332.94,0.57,0.43,2021-11-01,738,N,VIIRS,n,2,298.6,6.65,D,0
30.9072,75.71844,328.94,0.39,0.44,2021-11-01,738,N,VIIRS,n,2,297.82,1.22,D,0
30.91565,75.44555,339.62,0.4,0.44,2021-11-01,738,N,VIIRS,n,2,299.69,33.04,D,0
30.91651,75.0918,340.35,0.42,0.45,2021-11-01,738,N,VIIRS,n,2,300.05,6.23,D,0
30.91727,76.07297,335.09,0.56,0.43,2021-11-01,738,N,VIIRS,n,2,298.2,5.73,D,0
30.91882,75.4403,332.21,0.4,0.44,2021-11-01,738,N,VIIRS,n,2,297.44,33.04,D,0
30.91945,76.07019,332.21,0.56,0.43,2021-11-01,738,N,VIIRS,n,2,297.12,4.24,D,0
30.92894,75.48991,341.85,0.4,0.44,2021-11-01,738,N,VIIRS,n,2,301.19,8.25,D,0
30.9298,76.36843,332.31,0.54,0.42,2021-11-01,738,N,VIIRS,n,2,297.03,15.08,D,0
30.93273,76.27915,333.66,0.55,0.42,2021-11-01,738,N,VIIRS,n,2,298.78,3.57,D,0
30.93342,76.07864,330.28,0.56,0.43,2021-11-01,738,N,VIIRS,n,2,297.5,2.75,D,0
30.93497,75.35228,340.78,0.41,0.45,2021-11-01,738,N,VIIRS,n,2,299.48,3.82,D,0
30.93582,75.35648,355.74,0.4,0.45,2021-11-01,738,N,VIIRS,n,2,300.21,8.16,D,0
30.93986,75.35538,330.57,0.4,0.45,2021-11-01,738,N,VIIRS,n,2,298.01,2.89,D,0
30.94097,76.03406,333.34,0.56,0.43,2021-11-01,738,N,VIIRS,n,2,297.42,3.75,D,0
30.94135,75.34167,332.17,0.41,0.45,2021-11-01,738,N,VIIRS,n,2,298.42,2.04,D,0
30.94233,75.04424,334.15,0.42,0.45,2021-11-01,738,N,VIIRS,n,2,298.91,2.25,D,0
30.94285,75.79305,340.59,0.38,0.44,2021-11-01,738,N,VIIRS,n,2,299.21,3.64,D,0
30.94531,76.1179,333.89,0.55,0.43,2021-11-01,738,N,VIIRS,n,2,300.1,8.86,D,0
30.94919,76.11687,335.21,0.55,0.43,2021-11-01,738,N,VIIRS,n,2,296.62,8.74,D,0
30.94983,75.38355,334.94,0.4,0.44,2021-11-01,738,N,VIIRS,n,2,299.09,3.55,D,0
30.95067,75.38773,340.76,0.4,0.44,2021-11-01,738,N,VIIRS,n,2,300.59,5.44,D,0
30.95068,75.14698,337.05,0.42,0.45,2021-11-01,738,N,VIIRS,n,2,298.64,2.46,D,0
30.95194,76.11011,339.33,0.56,0.43,2021-11-01,738,N,VIIRS,n,2,298.12,6.4,D,0
30.95235,76.33902,330.73,0.54,0.42,2021-11-01,738,N,VIIRS,n,2,296.8,3.79,D,0
30.95264,75.33416,349.63,0.41,0.45,2021-11-01,738,N,VIIRS,n,2,300.48,9.88,D,0
30.95326,76.34223,329.42,0.54,0.42,2021-11-01,738,N,VIIRS,n,2,297.12,2.58,D,0
30.9533,75.31622,339.94,0.41,0.45,2021-11-01,738,N,VIIRS,n,2,299.23,4.31,D,0
30.95386,75.38245,339.79,0.4,0.44,2021-11-01,738,N,VIIRS,n,2,298.35,4.22,D,0
30.95429,75.55232,330.9,0.4,0.44,2021-11-01,738,N,VIIRS,n,2,297.41,2.8,D,0
30.95512,75.55641,329.45,0.39,0.44,2021-11-01,738,N,VIIRS,n,2,297.41,2.8,D,0
30.95582,76.10909,337.91,0.56,0.43,2021-11-01,738,N,VIIRS,n,2,298.58,8.64,D,0
30.95604,76.37917,327.75,0.54,0.42,2021-11-01,738,N,VIIRS,n,2,296.37,3,D,0
30.95734,75.31511,340.49,0.41,0.45,2021-11-01,738,N,VIIRS,n,2,297.66,5.15,D,0
30.95814,75.20369,341.82,0.41,0.45,2021-11-01,738,N,VIIRS,n,2,304.17,21.46,D,0
30.95838,75.34146,332.16,0.41,0.45,2021-11-01,738,N,VIIRS,n,2,297.56,2.07,D,0
30.95909,76.29001,337.21,0.54,0.42,2021-11-01,738,N,VIIRS,n,2,299.14,10.97,D,0
30.95975,76.29338,344.21,0.54,0.42,2021-11-01,738,N,VIIRS,n,2,299.27,9.59,D,0
30.96001,75.9431,332.48,0.57,0.43,2021-11-01,738,N,VIIRS,n,2,299.06,4.01,D,0
30.96036,75.28757,339.61,0.41,0.45,2021-11-01,738,N,VIIRS,n,2,300.08,10.55,D,0
30.96121,75.2918,341.17,0.41,0.45,2021-11-01,738,N,VIIRS,n,2,301.37,10.55,D,0
30.96221,75.20258,342.7,0.41,0.45,2021-11-01,738,N,VIIRS,n,2,300.28,21.46,D,0
30.96393,75.94205,334.46,0.57,0.43,2021-11-01,738,N,VIIRS,n,2,297.51,7.87,D,0
30.96451,76.21491,353.85,0.55,0.43,2021-11-01,738,N,VIIRS,n,2,312.28,47.68,D,0
30.96649,76.14247,337.27,0.55,0.43,2021-11-01,738,N,VIIRS,n,2,298.52,10.9,D,0
30.96717,75.20573,339.1,0.41,0.45,2021-11-01,738,N,VIIRS,n,2,299.51,3.44,D,0
30.96837,76.2139,349.49,0.55,0.43,2021-11-01,738,N,VIIRS,n,2,303.13,72.84,D,0
30.96966,76.3026,341.17,0.54,0.42,2021-11-01,738,N,VIIRS,n,2,297.45,10.77,D,0
30.97128,76.29037,333.55,0.54,0.42,2021-11-01,738,N,VIIRS,n,2,298.84,4.67,D,0
30.97537,76.14615,348.42,0.55,0.43,2021-11-01,738,N,VIIRS,n,2,302.94,24.97,D,0
30.97753,75.41557,344.56,0.4,0.44,2021-11-01,738,N,VIIRS,n,2,312.86,47.79,D,0
30.97772,76.19949,334.03,0.55,0.43,2021-11-01,738,N,VIIRS,n,2,298.43,8.15,D,0
30.9831,75.8501,332.73,0.57,0.43,2021-11-01,738,N,VIIRS,n,2,297.45,4.03,D,0
30.9843,75.47054,338.21,0.4,0.44,2021-11-01,738,N,VIIRS,n,2,298.09,3.6,D,0
30.98434,75.86658,335.06,0.57,0.43,2021-11-01,738,N,VIIRS,n,2,299.32,9.1,D,0
30.9847,75.84781,335.48,0.57,0.43,2021-11-01,738,N,VIIRS,n,2,297.31,4.53,D,0
30.98503,75.62132,332.73,0.39,0.44,2021-11-01,738,N,VIIRS,n,2,297.32,2.5,D,0
30.98656,75.86787,337.53,0.57,0.43,2021-11-01,738,N,VIIRS,n,2,296.73,9.56,D,0
30.99145,75.6324,334,0.39,0.44,2021-11-01,738,N,VIIRS,n,2,298.06,2.05,D,0
30.99219,75.30617,336.41,0.41,0.45,2021-11-01,738,N,VIIRS,n,2,298.99,2.5,D,0
30.99305,75.31036,330.45,0.41,0.45,2021-11-01,738,N,VIIRS,n,2,298.99,2.5,D,0
30.99391,75.31456,343.03,0.41,0.45,2021-11-01,738,N,VIIRS,n,2,299.04,4.6,D,0
30.99568,75.26069,339.55,0.41,0.45,2021-11-01,738,N,VIIRS,n,2,299.24,2.81,D,0
30.99652,76.21247,335.28,0.55,0.43,2021-11-01,738,N,VIIRS,n,2,303.31,18.77,D,0
30.94708,75.09535,295.34,0.58,0.7,2021-11-01,2142,N,VIIRS,n,2,283.72,0.97,N,0
30.00027,75.20512,330.95,0.4,0.6,2021-11-02,719,N,VIIRS,n,2,295.68,2.63,D,0
30.00193,75.68502,353.09,0.38,0.58,2021-11-02,719,N,VIIRS,n,2,297.17,6.58,D,0
30.00211,75.07021,340.36,0.41,0.61,2021-11-02,719,N,VIIRS,n,2,297.58,3.2,D,0
30.00531,75.29598,367,0.4,0.6,2021-11-02,719,N,VIIRS,h,2,296.44,9.08,D,0
30.00591,75.65466,353.98,0.38,0.59,2021-11-02,719,N,VIIRS,n,2,299.25,6.42,D,0
30.00632,75.30003,356.39,0.4,0.6,2021-11-02,719,N,VIIRS,n,2,294.04,9.08,D,0
30.00859,76.30853,340.1,0.35,0.56,2021-11-02,719,N,VIIRS,n,2,299.44,2.9,D,0
30.00938,76.30739,339.63,0.35,0.56,2021-11-02,719,N,VIIRS,n,2,298.39,3.78,D,0
30.01005,75.26817,335.28,0.4,0.6,2021-11-02,719,N,VIIRS,n,2,295.82,4.96,D,0
30.01106,75.27223,353.78,0.4,0.6,2021-11-02,719,N,VIIRS,n,2,297.76,4.96,D,0
30.01119,75.65298,367,0.38,0.59,2021-11-02,719,N,VIIRS,h,2,297.96,14.23,D,0
30.01376,75.71028,334.96,0.38,0.58,2021-11-02,719,N,VIIRS,n,2,295.5,2.53,D,0
30.0187,75.68388,331.81,0.38,0.58,2021-11-02,719,N,VIIRS,n,2,296.61,3.32,D,0
30.02068,75.57458,344.65,0.38,0.59,2021-11-02,719,N,VIIRS,n,2,295.35,12.16,D,0
30.02162,75.5785,367,0.38,0.59,2021-11-02,719,N,VIIRS,h,2,301.18,12.16,D,0
30.02268,76.08678,367,0.36,0.57,2021-11-02,719,N,VIIRS,h,2,299.2,7.27,D,0
30.02397,75.68222,345.4,0.38,0.58,2021-11-02,719,N,VIIRS,n,2,296.43,3.32,D,0
30.02546,76.19113,367,0.35,0.57,2021-11-02,719,N,VIIRS,h,2,298.46,6.66,D,0
30.02783,76.08518,341.03,0.36,0.57,2021-11-02,719,N,VIIRS,n,2,295.07,4.45,D,0
30.03572,75.77742,337.73,0.37,0.58,2021-11-02,719,N,VIIRS,n,2,296.73,2.61,D,0
30.03668,75.44607,331.02,0.39,0.59,2021-11-02,719,N,VIIRS,n,2,295.29,2.08,D,0
30.03727,75.6197,367,0.38,0.59,2021-11-02,719,N,VIIRS,h,2,306.23,27.01,D,0
30.03739,75.50156,355.94,0.39,0.59,2021-11-02,719,N,VIIRS,n,2,294.69,9.38,D,0
30.03834,75.50552,367,0.39,0.59,2021-11-02,719,N,VIIRS,h,2,298.4,9.38,D,0
30.03873,75.5009,355.47,0.38,0.59,2021-11-02,719,N,VIIRS,n,2,296.85,10.3,D,0
30.0397,75.50484,367,0.38,0.59,2021-11-02,719,N,VIIRS,h,2,297.31,10.3,D,0
30.04132,75.73051,334.45,0.37,0.58,2021-11-02,719,N,VIIRS,n,2,297.82,7.89,D,0
30.04225,75.73433,349.32,0.37,0.58,2021-11-02,719,N,VIIRS,n,2,299.16,6.18,D,0
30.04256,75.61801,367,0.38,0.59,2021-11-02,719,N,VIIRS,h,2,300.93,27.01,D,0
30.04426,76.17757,334.42,0.35,0.57,2021-11-02,719,N,VIIRS,n,2,295.6,1.93,D,0
30.0463,75.63355,353.29,0.38,0.59,2021-11-02,719,N,VIIRS,n,2,297.2,4.88,D,0
30.0475,75.73269,342.02,0.37,0.58,2021-11-02,719,N,VIIRS,n,2,295.75,6.18,D,0
30.05158,75.63187,334.89,0.38,0.59,2021-11-02,719,N,VIIRS,n,2,295.37,3.13,D,0
30.05468,75.58865,343.76,0.38,0.59,2021-11-02,719,N,VIIRS,n,2,297.53,4.31,D,0
30.05812,75.58793,354.13,0.38,0.59,2021-11-02,719,N,VIIRS,n,2,297.42,6.41,D,0
30.06401,75.80119,367,0.37,0.58,2021-11-02,719,N,VIIRS,h,2,298.18,7.98,D,0
30.07128,75.83143,367,0.37,0.58,2021-11-02,719,N,VIIRS,h,2,300.06,10.95,D,0
30.07148,75.85564,367,0.37,0.58,2021-11-02,719,N,VIIRS,h,2,297.38,9.53,D,0
30.07379,75.81846,332.64,0.37,0.58,2021-11-02,719,N,VIIRS,n,2,296.44,1.76,D,0
30.07632,76.33609,347.53,0.34,0.56,2021-11-02,719,N,VIIRS,n,2,298.43,3.73,D,0
30.07834,76.22871,333.23,0.35,0.57,2021-11-02,719,N,VIIRS,n,2,296.58,5.11,D,0
30.07862,75.63956,339.38,0.38,0.59,2021-11-02,719,N,VIIRS,n,2,296.31,7.06,D,0
30.08051,75.64729,367,0.38,0.58,2021-11-02,719,N,VIIRS,h,2,300.85,10.17,D,0
30.08181,75.46595,343.01,0.39,0.59,2021-11-02,719,N,VIIRS,n,2,292.55,2.78,D,0
30.08353,75.6467,367,0.38,0.59,2021-11-02,719,N,VIIRS,h,2,306.6,30.31,D,0
30.08578,75.64559,367,0.38,0.58,2021-11-02,719,N,VIIRS,h,2,299.58,20.05,D,0
30.08607,75.29607,340.68,0.39,0.6,2021-11-02,719,N,VIIRS,n,2,295.8,6.31,D,0
30.0866,75.29615,337,0.39,0.6,2021-11-02,719,N,VIIRS,n,2,294.98,4.46,D,0
30.08703,75.73255,355.18,0.37,0.58,2021-11-02,719,N,VIIRS,n,2,299.25,4.84,D,0
30.08707,75.30008,335.23,0.39,0.6,2021-11-02,719,N,VIIRS,n,2,295.81,6.31,D,0
30.08738,76.01459,339.39,0.36,0.57,2021-11-02,719,N,VIIRS,n,2,295.5,2.66,D,0
30.08741,75.27818,367,0.4,0.6,2021-11-02,719,N,VIIRS,h,2,297.34,7.42,D,0
30.08757,75.30019,333.75,0.39,0.6,2021-11-02,719,N,VIIRS,n,2,295.03,4.46,D,0
30.08805,75.27823,367,0.4,0.6,2021-11-02,719,N,VIIRS,h,2,297.23,7.76,D,0
30.08976,75.73112,367,0.37,0.58,2021-11-02,719,N,VIIRS,h,2,298.42,4.59,D,0
30.09044,75.29031,367,0.39,0.6,2021-11-02,719,N,VIIRS,h,2,297.56,9.5,D,0
30.09074,75.86575,333.42,0.37,0.58,2021-11-02,719,N,VIIRS,n,2,296.08,4.36,D,0
30.09099,75.29037,367,0.4,0.6,2021-11-02,719,N,VIIRS,h,2,297.47,7.94,D,0
30.09163,75.86951,367,0.37,0.58,2021-11-02,719,N,VIIRS,h,2,298.5,4.36,D,0
30.09379,75.80808,339.75,0.37,0.58,2021-11-02,719,N,VIIRS,n,2,296.18,3.2,D,0
30.09405,76.34193,329.17,0.34,0.56,2021-11-02,719,N,VIIRS,n,2,298.38,2.15,D,0
30.09408,75.18806,330.69,0.4,0.6,2021-11-02,719,N,VIIRS,n,2,295.3,2.09,D,0
30.09652,75.71255,367,0.37,0.58,2021-11-02,719,N,VIIRS,h,2,302.72,14.11,D,0
30.09913,75.71224,355.17,0.37,0.58,2021-11-02,719,N,VIIRS,n,2,302.29,17.14,D,0
30.09913,76.34035,333.5,0.34,0.56,2021-11-02,719,N,VIIRS,n,2,296.27,2.67,D,0
30.10005,75.71607,337.9,0.37,0.58,2021-11-02,719,N,VIIRS,n,2,297.02,14.57,D,0
30.10114,75.14587,367,0.4,0.6,2021-11-02,719,N,VIIRS,h,2,298.96,7.31,D,0
30.10178,75.7109,356.3,0.37,0.58,2021-11-02,719,N,VIIRS,n,2,301.99,10.09,D,0
30.10222,75.89037,345.05,0.36,0.58,2021-11-02,719,N,VIIRS,n,2,296.43,3.99,D,0
30.10271,75.38636,355.99,0.39,0.59,2021-11-02,719,N,VIIRS,n,2,295.66,5.98,D,0
30.10271,75.71471,331.99,0.37,0.58,2021-11-02,719,N,VIIRS,n,2,296.82,15.63,D,0
30.10311,75.8941,333.78,0.36,0.58,2021-11-02,719,N,VIIRS,n,2,295.91,5.52,D,0
30.1035,75.64834,348.09,0.38,0.58,2021-11-02,719,N,VIIRS,n,2,296.96,5.18,D,0
30.10599,75.02311,330.6,0.41,0.61,2021-11-02,719,N,VIIRS,n,2,296.22,6.76,D,0
30.1062,75.30702,339.5,0.39,0.6,2021-11-02,719,N,VIIRS,n,2,295.65,3.21,D,0
30.10655,75.14412,356.23,0.4,0.6,2021-11-02,719,N,VIIRS,n,2,296.08,6.44,D,0
30.10662,75.30711,339.57,0.39,0.6,2021-11-02,719,N,VIIRS,n,2,296.25,3.4,D,0
30.10703,75.70926,333.27,0.37,0.58,2021-11-02,719,N,VIIRS,n,2,295.48,10.09,D,0
30.10821,75.75043,355.44,0.37,0.58,2021-11-02,719,N,VIIRS,n,2,298.39,5.09,D,0
30.10839,75.77492,341.62,0.37,0.58,2021-11-02,719,N,VIIRS,n,2,296.26,4.18,D,0
30.10859,75.15237,332.66,0.4,0.6,2021-11-02,719,N,VIIRS,n,2,295.3,7.27,D,0
30.11036,76.2952,329.43,0.35,0.56,2021-11-02,719,N,VIIRS,n,2,296.39,1.97,D,0
30.11109,75.74899,367,0.37,0.58,2021-11-02,719,N,VIIRS,h,2,299.02,8.61,D,0
30.11136,76.29747,339.41,0.35,0.56,2021-11-02,719,N,VIIRS,n,2,296.71,2.87,D,0
30.11141,75.77339,336.46,0.37,0.58,2021-11-02,719,N,VIIRS,n,2,295.42,3.73,D,0
30.11572,75.76797,367,0.37,0.58,2021-11-02,719,N,VIIRS,h,2,297.5,6.89,D,0
30.11591,75.85381,329.62,0.37,0.58,2021-11-02,719,N,VIIRS,n,2,296.53,4.04,D,0
30.11665,75.77176,347.15,0.37,0.58,2021-11-02,719,N,VIIRS,n,2,296.43,6.89,D,0
30.11756,75.32944,367,0.39,0.59,2021-11-02,719,N,VIIRS,h,2,299.04,9.93,D,0
30.11784,75.32962,367,0.39,0.6,2021-11-02,719,N,VIIRS,h,2,298.4,10.45,D,0
30.11939,75.85207,332.45,0.37,0.58,2021-11-02,719,N,VIIRS,n,2,296.2,3.6,D,0
30.12142,75.60519,367,0.38,0.59,2021-11-02,719,N,VIIRS,h,2,295.82,5.16,D,0
30.12201,75.85592,330.13,0.37,0.58,2021-11-02,719,N,VIIRS,n,2,295.67,3.53,D,0
30.1267,75.60351,341.31,0.38,0.59,2021-11-02,719,N,VIIRS,n,2,287.95,5.16,D,0
30.13083,75.71409,367,0.37,0.58,2021-11-02,719,N,VIIRS,h,2,299.42,9.42,D,0
30.13114,75.73859,367,0.37,0.58,2021-11-02,719,N,VIIRS,h,2,301.71,13.14,D,0
30.13176,75.7179,340.93,0.37,0.58,2021-11-02,719,N,VIIRS,n,2,296.26,9.42,D,0
30.13192,75.1759,339.52,0.4,0.6,2021-11-02,719,N,VIIRS,n,2,295.68,4.68,D,0
30.13344,75.27654,336.86,0.39,0.6,2021-11-02,719,N,VIIRS,n,2,297.01,2.97,D,0
30.13575,75.75759,341.46,0.37,0.58,2021-11-02,719,N,VIIRS,n,2,297.13,2.65,D,0
30.13596,76.28609,333.17,0.35,0.56,2021-11-02,719,N,VIIRS,n,2,298,1.49,D,0
30.13882,75.27482,339.08,0.39,0.6,2021-11-02,719,N,VIIRS,n,2,295.54,2.86,D,0
30.14103,76.3801,337.57,0.34,0.56,2021-11-02,719,N,VIIRS,n,2,298.02,3.86,D,0
30.14214,75.38209,332.76,0.39,0.59,2021-11-02,719,N,VIIRS,n,2,295.4,2.56,D,0
30.14259,76.38212,332.06,0.34,0.56,2021-11-02,719,N,VIIRS,n,2,297.34,2.73,D,0
30.14381,75.69762,345.87,0.37,0.58,2021-11-02,719,N,VIIRS,n,2,296.18,5.21,D,0
30.14529,76.27939,337.31,0.35,0.56,2021-11-02,719,N,VIIRS,n,2,295.98,3.59,D,0
30.14715,75.75809,367,0.37,0.58,2021-11-02,719,N,VIIRS,h,2,298.26,10.53,D,0
30.14748,75.38039,333.97,0.39,0.59,2021-11-02,719,N,VIIRS,n,2,294.33,2.56,D,0
30.1495,75.81431,334.43,0.37,0.58,2021-11-02,719,N,VIIRS,n,2,296.07,3.81,D,0
30.14975,75.20108,338.31,0.4,0.6,2021-11-02,719,N,VIIRS,n,2,295.95,2.39,D,0
30.15216,76.21627,339.98,0.35,0.57,2021-11-02,719,N,VIIRS,n,2,295.55,3.94,D,0
30.1531,75.66579,332.81,0.37,0.58,2021-11-02,719,N,VIIRS,n,2,297.01,2.19,D,0
30.15515,75.19934,332.97,0.4,0.6,2021-11-02,719,N,VIIRS,n,2,294.88,6.61,D,0
30.15539,76.32178,330.39,0.34,0.56,2021-11-02,719,N,VIIRS,n,2,296.34,2.25,D,0
30.15615,75.20342,367,0.4,0.6,2021-11-02,719,N,VIIRS,h,2,297.22,7.17,D,0
30.15714,75.2075,333.51,0.4,0.6,2021-11-02,719,N,VIIRS,n,2,295.86,7.17,D,0
30.1572,76.44977,332.46,0.34,0.56,2021-11-02,719,N,VIIRS,n,2,296.84,2.36,D,0
30.16071,76.13648,332.7,0.35,0.57,2021-11-02,719,N,VIIRS,n,2,294.64,2.44,D,0
30.16212,75.22787,343.37,0.4,0.6,2021-11-02,719,N,VIIRS,n,2,295.96,4.55,D,0
30.16291,76.35336,343.87,0.34,0.56,2021-11-02,719,N,VIIRS,n,2,297.35,3.31,D,0
30.16482,75.69096,344.41,0.37,0.58,2021-11-02,719,N,VIIRS,n,2,295.62,4.68,D,0
30.16574,75.69479,343.06,0.37,0.58,2021-11-02,719,N,VIIRS,n,2,296.03,6.8,D,0
30.16823,75.13568,343.5,0.4,0.6,2021-11-02,719,N,VIIRS,n,2,296.55,3.06,D,0
30.16924,75.77967,332.86,0.37,0.58,2021-11-02,719,N,VIIRS,n,2,296.06,1.87,D,0
30.17012,75.87639,338.16,0.36,0.58,2021-11-02,719,N,VIIRS,n,2,295.37,3.69,D,0
30.17131,75.14799,349.25,0.4,0.6,2021-11-02,719,N,VIIRS,n,2,297.5,4.76,D,0
30.17213,75.14959,333.19,0.4,0.6,2021-11-02,719,N,VIIRS,n,2,295.52,5.26,D,0
30.17426,76.1003,347.42,0.35,0.57,2021-11-02,719,N,VIIRS,n,2,297.03,4.55,D,0
30.17441,76.10114,344.59,0.35,0.57,2021-11-02,719,N,VIIRS,n,2,296.65,4.35,D,0
30.17544,76.38322,367,0.34,0.56,2021-11-02,719,N,VIIRS,h,2,300.92,7.07,D,0
30.1805,76.38167,330.08,0.34,0.56,2021-11-02,719,N,VIIRS,n,2,297.3,7.07,D,0
30.18333,75.69744,346.79,0.37,0.58,2021-11-02,719,N,VIIRS,n,2,295.66,5.05,D,0
30.18343,75.4331,337.18,0.39,0.59,2021-11-02,719,N,VIIRS,n,2,294.59,4.14,D,0
30.18501,75.89178,334.09,0.36,0.58,2021-11-02,719,N,VIIRS,n,2,294.8,3.06,D,0
30.18525,76.24039,345.68,0.35,0.56,2021-11-02,719,N,VIIRS,n,2,296.23,4.02,D,0
30.18529,75.69614,367,0.37,0.58,2021-11-02,719,N,VIIRS,h,2,299.47,10.22,D,0
30.18632,75.06738,330.44,0.4,0.6,2021-11-02,719,N,VIIRS,n,2,295.91,2,D,0
30.18858,75.69578,367,0.37,0.58,2021-11-02,719,N,VIIRS,h,2,296.68,8.25,D,0
30.18902,75.26533,335.58,0.39,0.6,2021-11-02,719,N,VIIRS,n,2,295.61,3.21,D,0
30.18915,75.26734,334.53,0.39,0.6,2021-11-02,719,N,VIIRS,n,2,295.32,2.62,D,0
30.19054,75.69449,338.04,0.37,0.58,2021-11-02,719,N,VIIRS,n,2,295.65,10.22,D,0
30.19261,75.4472,331.83,0.38,0.59,2021-11-02,719,N,VIIRS,n,2,295.73,2.97,D,0
30.19291,75.69028,339.65,0.37,0.58,2021-11-02,719,N,VIIRS,n,2,294.85,8.89,D,0
30.19359,75.00206,348.24,0.41,0.6,2021-11-02,719,N,VIIRS,n,2,292.01,4.9,D,0
30.19382,75.6941,335.9,0.37,0.58,2021-11-02,719,N,VIIRS,n,2,294.91,8.25,D,0
30.1994,75.42801,353.4,0.39,0.59,2021-11-02,719,N,VIIRS,n,2,297.55,4.88,D,0
30.20138,75.29388,340.44,0.39,0.6,2021-11-02,719,N,VIIRS,n,2,295.35,5.86,D,0
30.20235,75.2979,353.97,0.39,0.59,2021-11-02,719,N,VIIRS,n,2,297.55,5.86,D,0
30.20243,75.29585,367,0.39,0.59,2021-11-02,719,N,VIIRS,h,2,299.73,12.32,D,0
30.20376,75.13754,351.67,0.4,0.6,2021-11-02,719,N,VIIRS,n,2,299.02,5.19,D,0
30.20477,75.37919,341.47,0.39,0.59,2021-11-02,719,N,VIIRS,n,2,295.47,4.43,D,0
30.20782,75.15392,332.82,0.4,0.6,2021-11-02,719,N,VIIRS,n,2,296.37,3.8,D,0
30.20863,75.3951,367,0.39,0.59,2021-11-02,719,N,VIIRS,h,2,298.13,11.26,D,0
30.20916,75.1358,343.29,0.4,0.6,2021-11-02,719,N,VIIRS,n,2,295.24,5.19,D,0
30.21018,75.13991,334.78,0.4,0.6,2021-11-02,719,N,VIIRS,n,2,295.55,5.19,D,0
30.21119,75.144,346.57,0.4,0.6,2021-11-02,719,N,VIIRS,n,2,297.22,8.79,D,0
30.21145,76.2589,352.36,0.35,0.56,2021-11-02,719,N,VIIRS,n,2,296.32,6.1,D,0
30.21186,75.88734,332.86,0.36,0.58,2021-11-02,719,N,VIIRS,n,2,294.73,10.99,D,0
30.2123,76.2576,367,0.35,0.56,2021-11-02,719,N,VIIRS,h,2,297.18,7.2,D,0
30.21275,75.89106,367,0.36,0.58,2021-11-02,719,N,VIIRS,h,2,303.83,25.57,D,0
30.21824,75.43473,334.91,0.38,0.59,2021-11-02,719,N,VIIRS,n,2,295.65,2.71,D,0
30.21936,75.34435,341.83,0.39,0.59,2021-11-02,719,N,VIIRS,n,2,296.88,3.54,D,0
30.2196,75.22496,367,0.4,0.6,2021-11-02,719,N,VIIRS,h,2,296.01,5.25,D,0
30.21987,75.53571,367,0.38,0.59,2021-11-02,719,N,VIIRS,h,2,296.81,19.25,D,0
30.22026,75.39565,344.13,0.39,0.59,2021-11-02,719,N,VIIRS,n,2,297.32,3.75,D,0
30.22537,75.13055,352.33,0.4,0.6,2021-11-02,719,N,VIIRS,n,2,297.84,7.41,D,0
30.2257,75.17908,347.97,0.4,0.6,2021-11-02,719,N,VIIRS,n,2,297.52,3.86,D,0
30.23515,75.43356,347.76,0.38,0.59,2021-11-02,719,N,VIIRS,n,2,296.53,6.29,D,0
30.23706,75.43504,335.9,0.38,0.59,2021-11-02,719,N,VIIRS,n,2,295.24,6.64,D,0
30.2384,75.47076,336.92,0.38,0.59,2021-11-02,719,N,VIIRS,n,2,293.23,3.37,D,0
30.23973,75.35298,354.76,0.39,0.59,2021-11-02,719,N,VIIRS,n,2,303.52,16.77,D,0
30.24071,75.35696,335.69,0.39,0.59,2021-11-02,719,N,VIIRS,n,2,295.31,16.77,D,0
30.24367,75.3689,347.64,0.39,0.59,2021-11-02,719,N,VIIRS,n,2,295.72,4.65,D,0
30.24583,75.47043,332.07,0.38,0.59,2021-11-02,719,N,VIIRS,n,2,294.75,5.06,D,0
30.24728,76.43558,331.04,0.34,0.56,2021-11-02,719,N,VIIRS,n,2,295.69,1.51,D,0
30.2513,76.45285,340.19,0.34,0.56,2021-11-02,719,N,VIIRS,n,2,295.46,3.76,D,0
30.2521,76.45629,342.93,0.34,0.56,2021-11-02,719,N,VIIRS,n,2,295.28,5.16,D,0
30.25296,76.26775,349.19,0.34,0.56,2021-11-02,719,N,VIIRS,n,2,296,4.35,D,0
30.25421,75.81689,367,0.37,0.58,2021-11-02,719,N,VIIRS,h,2,305.52,24.44,D,0
30.25512,75.82066,340.24,0.36,0.58,2021-11-02,719,N,VIIRS,n,2,295.68,16.69,D,0
30.25586,75.39497,344.3,0.39,0.59,2021-11-02,719,N,VIIRS,n,2,295.04,3.15,D,0
30.25941,75.81525,367,0.37,0.58,2021-11-02,719,N,VIIRS,h,2,299.38,14.86,D,0
30.26007,75.79484,330.66,0.37,0.58,2021-11-02,719,N,VIIRS,n,2,295.55,2.41,D,0
30.26244,75.68819,367,0.37,0.58,2021-11-02,719,N,VIIRS,h,2,295.03,8.36,D,0
30.26318,75.44796,334.73,0.38,0.59,2021-11-02,719,N,VIIRS,n,2,290.37,2.48,D,0
30.26585,76.0679,337.75,0.35,0.57,2021-11-02,719,N,VIIRS,n,2,295.45,2.51,D,0
30.26946,75.4502,344.93,0.38,0.59,2021-11-02,719,N,VIIRS,n,2,294.64,3.01,D,0
30.2705,75.79156,367,0.37,0.58,2021-11-02,719,N,VIIRS,h,2,297.74,9.34,D,0
30.2733,75.41922,349.48,0.38,0.59,2021-11-02,719,N,VIIRS,n,2,296.67,5.45,D,0
30.28021,75.05053,367,0.4,0.6,2021-11-02,719,N,VIIRS,h,2,291.42,17.11,D,0
30.28024,75.80871,367,0.37,0.58,2021-11-02,719,N,VIIRS,h,2,298.99,8.54,D,0
30.28046,75.94839,367,0.36,0.57,2021-11-02,719,N,VIIRS,h,2,297.6,6.25,D,0
30.28071,75.76404,329.45,0.37,0.58,2021-11-02,719,N,VIIRS,n,2,293.98,1.84,D,0
30.28426,75.25216,342.8,0.39,0.6,2021-11-02,719,N,VIIRS,n,2,295.55,5.93,D,0
30.28973,75.43949,339.9,0.38,0.59,2021-11-02,719,N,VIIRS,n,2,294.71,6.05,D,0
30.29086,76.31269,330.65,0.34,0.56,2021-11-02,719,N,VIIRS,n,2,294.91,2.84,D,0
30.29453,75.27061,333.84,0.39,0.59,2021-11-02,719,N,VIIRS,n,2,294.69,2.92,D,0
30.29457,75.41242,336.47,0.38,0.59,2021-11-02,719,N,VIIRS,n,2,294.52,4.12,D,0
30.29671,76.47455,335.7,0.33,0.56,2021-11-02,719,N,VIIRS,n,2,295.48,1.98,D,0
30.29842,75.2169,356.59,0.39,0.6,2021-11-02,719,N,VIIRS,n,2,298.47,5.23,D,0
30.29883,75.21687,355.26,0.39,0.6,2021-11-02,719,N,VIIRS,n,2,298.09,5.92,D,0
30.29977,75.74986,344.29,0.37,0.58,2021-11-02,719,N,VIIRS,n,2,296.63,3.94,D,0
30.30025,75.93824,340.54,0.36,0.57,2021-11-02,719,N,VIIRS,n,2,295.34,2.48,D,0
30.30038,75.9619,367,0.36,0.57,2021-11-02,719,N,VIIRS,h,2,298.36,14.09,D,0
30.30154,75.55766,337.7,0.38,0.59,2021-11-02,719,N,VIIRS,n,2,294.81,2.73,D,0
30.30278,75.28072,336.78,0.39,0.59,2021-11-02,719,N,VIIRS,n,2,296.43,4.12,D,0
30.30281,75.28092,338.06,0.39,0.59,2021-11-02,719,N,VIIRS,n,2,296.67,5.51,D,0
30.30309,75.65652,336.37,0.37,0.58,2021-11-02,719,N,VIIRS,n,2,292.57,3.01,D,0
30.30429,75.31071,340.7,0.39,0.59,2021-11-02,719,N,VIIRS,n,2,294.5,4.57,D,0
30.30507,75.65409,355.34,0.37,0.58,2021-11-02,719,N,VIIRS,n,2,292.15,4.78,D,0
30.30526,75.31472,330.06,0.39,0.59,2021-11-02,719,N,VIIRS,n,2,293.91,3.59,D,0
30.30554,75.96028,367,0.36,0.57,2021-11-02,719,N,VIIRS,h,2,302.37,16.24,D,0
30.30574,75.3404,330.65,0.39,0.59,2021-11-02,719,N,VIIRS,n,2,295.14,2.04,D,0
30.30682,75.55598,333.88,0.38,0.59,2021-11-02,719,N,VIIRS,n,2,293.54,2.52,D,0
30.30718,75.94399,331.97,0.36,0.57,2021-11-02,719,N,VIIRS,n,2,295.62,3.11,D,0
30.31124,75.73571,347.43,0.37,0.58,2021-11-02,719,N,VIIRS,n,2,295.85,6.13,D,0
30.31164,75.82296,367,0.36,0.58,2021-11-02,719,N,VIIRS,h,2,297.74,8.94,D,0
30.31273,75.73354,367,0.37,0.58,2021-11-02,719,N,VIIRS,h,2,296.88,5.51,D,0
30.3141,75.94971,367,0.36,0.57,2021-11-02,719,N,VIIRS,h,2,298.4,7.87,D,0
30.31991,75.90429,352.92,0.36,0.57,2021-11-02,719,N,VIIRS,n,2,296.58,3.94,D,0
30.32267,75.93912,335.57,0.36,0.57,2021-11-02,719,N,VIIRS,n,2,295.28,4.04,D,0
30.32486,75.46634,348.71,0.38,0.59,2021-11-02,719,N,VIIRS,n,2,294.39,3.92,D,0
30.32746,75.64057,335.17,0.37,0.58,2021-11-02,719,N,VIIRS,n,2,293.75,2.3,D,0
30.33014,75.87714,345.46,0.36,0.57,2021-11-02,719,N,VIIRS,n,2,295.72,10.96,D,0
30.33103,75.88085,367,0.36,0.57,2021-11-02,719,N,VIIRS,h,2,302.92,10.96,D,0
30.33136,75.375,331.06,0.39,0.59,2021-11-02,719,N,VIIRS,n,2,294.04,2.21,D,0
30.33191,75.3745,331.35,0.39,0.59,2021-11-02,719,N,VIIRS,n,2,294.05,2.55,D,0
30.33303,75.77176,336.79,0.37,0.58,2021-11-02,719,N,VIIRS,n,2,294.76,2.3,D,0
30.33539,75.17874,352.76,0.4,0.6,2021-11-02,719,N,VIIRS,n,2,296.3,3.9,D,0
30.3378,75.09415,335.85,0.4,0.6,2021-11-02,719,N,VIIRS,n,2,292.78,5.15,D,0
30.33869,76.16753,333.92,0.35,0.56,2021-11-02,719,N,VIIRS,n,2,294.15,3.15,D,0
30.33919,75.73504,343.61,0.37,0.58,2021-11-02,719,N,VIIRS,n,2,295.68,4.01,D,0
30.34035,76.33858,345.65,0.34,0.56,2021-11-02,719,N,VIIRS,n,2,295.15,3.76,D,0
30.3404,75.19903,338.54,0.39,0.6,2021-11-02,719,N,VIIRS,n,2,296.92,3.57,D,0
30.34117,76.34206,329.94,0.34,0.56,2021-11-02,719,N,VIIRS,n,2,294.58,3.76,D,0
30.34201,76.34048,352.33,0.34,0.56,2021-11-02,719,N,VIIRS,n,2,296.36,7.23,D,0
30.3421,75.83895,332.91,0.36,0.58,2021-11-02,719,N,VIIRS,n,2,295.8,2.01,D,0
30.3462,75.90142,349.42,0.36,0.57,2021-11-02,719,N,VIIRS,n,2,298.65,5.39,D,0
30.34666,75.89983,349.88,0.36,0.57,2021-11-02,719,N,VIIRS,n,2,297.87,3.79,D,0
30.34875,75.65845,331.31,0.37,0.58,2021-11-02,719,N,VIIRS,n,2,294.6,3.73,D,0
30.34889,75.91246,346.26,0.36,0.57,2021-11-02,719,N,VIIRS,n,2,296.3,3.5,D,0
30.34929,75.91092,335.34,0.36,0.57,2021-11-02,719,N,VIIRS,n,2,295.35,3.31,D,0
30.35089,75.69055,342.01,0.37,0.58,2021-11-02,719,N,VIIRS,n,2,294.77,2.97,D,0
30.3519,75.15144,329.63,0.4,0.6,2021-11-02,719,N,VIIRS,n,2,294.39,2.02,D,0
30.3535,75.29897,329.52,0.39,0.59,2021-11-02,719,N,VIIRS,n,2,294.42,3.81,D,0
30.35377,75.97662,348.55,0.36,0.57,2021-11-02,719,N,VIIRS,n,2,295.8,3.47,D,0
30.36383,75.67416,341.92,0.37,0.58,2021-11-02,719,N,VIIRS,n,2,295.24,3.64,D,0
30.36392,75.4111,339.36,0.38,0.59,2021-11-02,719,N,VIIRS,n,2,295.77,2.79,D,0
30.36657,75.28184,337.39,0.39,0.59,2021-11-02,719,N,VIIRS,n,2,294.9,2.28,D,0
30.36923,75.40941,330.82,0.38,0.59,2021-11-02,719,N,VIIRS,n,2,294.16,1.82,D,0
30.37063,75.65559,367,0.37,0.58,2021-11-02,719,N,VIIRS,h,2,295.95,7.9,D,0
30.37103,75.32343,329.67,0.39,0.59,2021-11-02,719,N,VIIRS,n,2,295.02,1.62,D,0
30.37397,75.33537,331.58,0.39,0.59,2021-11-02,719,N,VIIRS,n,2,294.62,5.83,D,0
30.37415,75.7402,367,0.37,0.58,2021-11-02,719,N,VIIRS,h,2,298.53,9,D,0
30.37494,75.33934,367,0.39,0.59,2021-11-02,719,N,VIIRS,h,2,298.54,5.83,D,0
30.37544,75.8843,330.57,0.36,0.57,2021-11-02,719,N,VIIRS,n,2,295.19,4.1,D,0
30.38118,75.29438,367,0.39,0.59,2021-11-02,719,N,VIIRS,h,2,298.05,12.21,D,0
30.3813,76.3916,332.46,0.34,0.56,2021-11-02,719,N,VIIRS,n,2,295.56,2.59,D,0
30.38216,75.29837,355.3,0.39,0.59,2021-11-02,719,N,VIIRS,n,2,298.34,13.36,D,0
30.38692,76.43787,367,0.33,0.56,2021-11-02,719,N,VIIRS,h,2,299.27,7.93,D,0
30.39005,76.47363,335.32,0.33,0.55,2021-11-02,719,N,VIIRS,n,2,295.15,1.53,D,0
30.39191,75.38515,342.06,0.38,0.59,2021-11-02,719,N,VIIRS,n,2,294.34,4.6,D,0
30.39288,75.38908,336.41,0.38,0.59,2021-11-02,719,N,VIIRS,n,2,294.74,5.52,D,0
30.39468,75.91787,353.08,0.36,0.57,2021-11-02,719,N,VIIRS,n,2,297.94,13.19,D,0
30.39556,75.92154,367,0.36,0.57,2021-11-02,719,N,VIIRS,h,2,296.92,16.78,D,0
30.39662,76.34227,337.38,0.34,0.56,2021-11-02,719,N,VIIRS,n,2,295.63,3.74,D,0
30.39758,75.83746,335.16,0.36,0.57,2021-11-02,719,N,VIIRS,n,2,295.26,2.04,D,0
30.39887,75.67939,336.8,0.37,0.58,2021-11-02,719,N,VIIRS,n,2,294.56,2.52,D,0
30.40129,75.67799,342.55,0.37,0.58,2021-11-02,719,N,VIIRS,n,2,294.74,4.05,D,0
30.40142,76.38538,334.01,0.34,0.56,2021-11-02,719,N,VIIRS,n,2,295.79,3.23,D,0
30.40153,76.49934,331.73,0.33,0.55,2021-11-02,719,N,VIIRS,n,2,293.87,2.89,D,0
30.40273,75.62478,329.5,0.37,0.58,2021-11-02,719,N,VIIRS,n,2,288.93,0.65,D,0
30.40683,75.42274,367,0.38,0.59,2021-11-02,719,N,VIIRS,h,2,296.42,9.36,D,0
30.40686,75.23416,349.53,0.39,0.59,2021-11-02,719,N,VIIRS,n,2,297.1,4.57,D,0
30.4074,76.36499,335.65,0.34,0.56,2021-11-02,719,N,VIIRS,n,2,295.43,2.38,D,0
30.40765,76.32017,344.02,0.34,0.56,2021-11-02,719,N,VIIRS,n,2,295.11,12.41,D,0
30.40781,75.23381,344.82,0.39,0.59,2021-11-02,719,N,VIIRS,n,2,295.66,4.85,D,0
30.40787,75.33301,331.49,0.39,0.59,2021-11-02,719,N,VIIRS,n,2,294.78,7.07,D,0
30.40847,76.32365,367,0.34,0.56,2021-11-02,719,N,VIIRS,h,2,305.79,30.13,D,0
30.41029,75.31937,341.64,0.39,0.59,2021-11-02,719,N,VIIRS,n,2,294.42,5.95,D,0
30.41126,75.32336,350.61,0.39,0.59,2021-11-02,719,N,VIIRS,n,2,296.27,6.02,D,0
30.41223,75.32732,338.15,0.39,0.59,2021-11-02,719,N,VIIRS,n,2,295.06,6.02,D,0
30.41352,76.32208,335.28,0.34,0.56,2021-11-02,719,N,VIIRS,n,2,293.47,3.99,D,0
30.41463,75.36079,340.55,0.38,0.59,2021-11-02,719,N,VIIRS,n,2,294.92,4.11,D,0
30.417,75.39408,346.86,0.38,0.59,2021-11-02,719,N,VIIRS,n,2,295.04,2.77,D,0
30.41961,75.90608,340.54,0.36,0.57,2021-11-02,719,N,VIIRS,n,2,295.57,2.85,D,0
30.42082,75.4098,335.11,0.38,0.59,2021-11-02,719,N,VIIRS,n,2,295.45,3.94,D,0
30.42338,75.30223,329.86,0.39,0.59,2021-11-02,719,N,VIIRS,n,2,294.32,3.58,D,0
30.42434,75.30622,345.93,0.39,0.59,2021-11-02,719,N,VIIRS,n,2,295.23,3.58,D,0
30.42463,75.42548,331.22,0.38,0.59,2021-11-02,719,N,VIIRS,n,2,293.57,2.56,D,0
30.42465,75.74034,333.6,0.37,0.58,2021-11-02,719,N,VIIRS,n,2,295.17,3.49,D,0
30.42477,75.90445,342.32,0.36,0.57,2021-11-02,719,N,VIIRS,n,2,293.88,3.38,D,0
30.42573,75.30566,347.67,0.39,0.59,2021-11-02,719,N,VIIRS,n,2,295,8.82,D,0
30.42658,75.19296,354.11,0.39,0.6,2021-11-02,719,N,VIIRS,n,2,293.92,9.16,D,0
30.42663,75.93542,337.42,0.36,0.57,2021-11-02,719,N,VIIRS,n,2,295.94,3.26,D,0
30.42672,75.33975,349.37,0.39,0.59,2021-11-02,719,N,VIIRS,n,2,295.46,3.43,D,0
30.42746,75.73876,338.35,0.37,0.58,2021-11-02,719,N,VIIRS,n,2,294.81,3.45,D,0
30.42758,75.19699,367,0.39,0.6,2021-11-02,719,N,VIIRS,h,2,294.34,12.79,D,0
30.4283,75.33909,367,0.39,0.59,2021-11-02,719,N,VIIRS,h,2,295.76,7.49,D,0
30.42969,75.71438,341.01,0.37,0.58,2021-11-02,719,N,VIIRS,n,2,294.74,2.91,D,0
30.43204,75.33803,335.22,0.39,0.59,2021-11-02,719,N,VIIRS,n,2,292.96,3.47,D,0
30.43236,75.71288,336.28,0.37,0.58,2021-11-02,719,N,VIIRS,n,2,294.03,2.38,D,0
30.4326,75.00554,344.73,0.4,0.6,2021-11-02,719,N,VIIRS,n,2,295.37,11.33,D,0
30.43274,76.33478,367,0.34,0.56,2021-11-02,719,N,VIIRS,h,2,297.38,6.48,D,0
30.433,75.34201,344.42,0.39,0.59,2021-11-02,719,N,VIIRS,n,2,294.88,7.44,D,0
30.4332,75.24294,330.24,0.39,0.59,2021-11-02,719,N,VIIRS,n,2,294.5,3.18,D,0
30.43362,75.00967,367,0.4,0.6,2021-11-02,719,N,VIIRS,h,2,300.07,21.77,D,0
30.43449,75.3244,345.28,0.39,0.59,2021-11-02,719,N,VIIRS,n,2,295,4.05,D,0
30.43461,75.34135,351.82,0.38,0.59,2021-11-02,719,N,VIIRS,n,2,294.88,10.43,D,0
30.43548,76.30027,351.75,0.34,0.56,2021-11-02,719,N,VIIRS,n,2,295.54,4.62,D,0
30.436,75.32381,343.65,0.39,0.59,2021-11-02,719,N,VIIRS,n,2,295.21,4.04,D,0
30.43845,75.78365,367,0.36,0.58,2021-11-02,719,N,VIIRS,h,2,306.19,22.22,D,0
30.44056,75.78373,367,0.36,0.58,2021-11-02,719,N,VIIRS,h,2,306.42,24.68,D,0
30.44309,76.40203,367,0.33,0.56,2021-11-02,719,N,VIIRS,h,2,298.89,7.89,D,0
30.44512,76.45661,331.6,0.33,0.55,2021-11-02,719,N,VIIRS,n,2,296.32,1.91,D,0
30.44752,75.47286,332.38,0.38,0.59,2021-11-02,719,N,VIIRS,n,2,293.02,3.48,D,0
30.44884,75.42164,330.74,0.38,0.59,2021-11-02,719,N,VIIRS,n,2,295.47,3.39,D,0
30.45071,76.38857,340.83,0.34,0.56,2021-11-02,719,N,VIIRS,n,2,295.27,2.39,D,0
30.45115,75.83567,329.75,0.36,0.57,2021-11-02,719,N,VIIRS,n,2,295.06,1.5,D,0
30.45198,75.53828,330.23,0.38,0.58,2021-11-02,719,N,VIIRS,n,2,294.26,9.71,D,0
30.45206,75.42088,341.19,0.38,0.59,2021-11-02,719,N,VIIRS,n,2,295.35,5.28,D,0
30.45292,75.54214,367,0.37,0.58,2021-11-02,719,N,VIIRS,h,2,300.1,9.71,D,0
30.45292,75.83586,333.05,0.36,0.57,2021-11-02,719,N,VIIRS,n,2,295.34,1.7,D,0
30.45352,75.11413,367,0.4,0.6,2021-11-02,719,N,VIIRS,h,2,299.77,20.01,D,0
30.45361,75.39478,342.04,0.38,0.59,2021-11-02,719,N,VIIRS,n,2,295.81,6.62,D,0
30.45385,75.54601,342.26,0.37,0.58,2021-11-02,719,N,VIIRS,n,2,295.5,14.02,D,0
30.45533,75.73804,341.67,0.37,0.58,2021-11-02,719,N,VIIRS,n,2,295.45,2.71,D,0
30.4564,75.41523,339.48,0.38,0.59,2021-11-02,719,N,VIIRS,n,2,294.75,4.19,D,0
30.45697,75.3939,348.02,0.38,0.59,2021-11-02,719,N,VIIRS,n,2,295.71,5.46,D,0
30.45812,76.30445,334.05,0.34,0.56,2021-11-02,719,N,VIIRS,n,2,295.77,3.87,D,0
30.45846,75.41434,349.3,0.38,0.59,2021-11-02,719,N,VIIRS,n,2,295.09,5.67,D,0
30.45937,76.30126,367,0.34,0.56,2021-11-02,719,N,VIIRS,h,2,297.04,7.2,D,0
30.46133,75.21651,337.13,0.39,0.59,2021-11-02,719,N,VIIRS,n,2,293.93,2.27,D,0
30.46197,76.34425,329.29,0.34,0.56,2021-11-02,719,N,VIIRS,n,2,294.39,6.55,D,0
30.46248,75.85277,334.75,0.36,0.57,2021-11-02,719,N,VIIRS,n,2,295.39,3.25,D,0
30.46429,76.34441,367,0.34,0.56,2021-11-02,719,N,VIIRS,h,2,303.5,19.29,D,0
30.46633,76.0788,367,0.35,0.57,2021-11-02,719,N,VIIRS,h,2,297.44,6.78,D,0
30.46683,75.52936,347.9,0.38,0.58,2021-11-02,719,N,VIIRS,n,2,291.88,4.52,D,0
30.467,76.34267,356.74,0.34,0.56,2021-11-02,719,N,VIIRS,n,2,297.76,6.55,D,0
30.46739,75.28796,338.77,0.39,0.59,2021-11-02,719,N,VIIRS,n,2,294.33,5.68,D,0
30.46781,76.34613,347.38,0.34,0.56,2021-11-02,719,N,VIIRS,n,2,296.21,6.55,D,0
30.47119,75.25661,331.22,0.39,0.59,2021-11-02,719,N,VIIRS,n,2,293.89,1.83,D,0
30.47143,76.07719,356.49,0.35,0.57,2021-11-02,719,N,VIIRS,n,2,294.26,6.78,D,0
30.47199,75.66776,343.84,0.37,0.58,2021-11-02,719,N,VIIRS,n,2,294.78,4.93,D,0
30.47919,75.46265,350.26,0.38,0.59,2021-11-02,719,N,VIIRS,n,2,295.91,4.61,D,0
30.48109,75.3902,332.6,0.38,0.59,2021-11-02,719,N,VIIRS,n,2,294.2,3.56,D,0
30.48136,75.5662,356.35,0.37,0.58,2021-11-02,719,N,VIIRS,n,2,295.14,5.08,D,0
30.48156,75.46162,351.5,0.38,0.59,2021-11-02,719,N,VIIRS,n,2,296.53,5.25,D,0
30.48414,76.40488,348.57,0.33,0.56,2021-11-02,719,N,VIIRS,n,2,296.14,3.89,D,0
30.48446,75.38065,335.55,0.38,0.59,2021-11-02,719,N,VIIRS,n,2,295.18,4.71,D,0
30.48525,76.34164,353.69,0.34,0.56,2021-11-02,719,N,VIIRS,n,2,296.13,3.89,D,0
30.48591,75.40978,337.52,0.38,0.59,2021-11-02,719,N,VIIRS,n,2,294.2,2.26,D,0
30.48635,75.48104,342.81,0.38,0.59,2021-11-02,719,N,VIIRS,n,2,294.66,3,D,0
30.48699,75.77631,332.39,0.36,0.58,2021-11-02,719,N,VIIRS,n,2,295.13,1.94,D,0
30.48976,75.37897,345.53,0.38,0.59,2021-11-02,719,N,VIIRS,n,2,294.47,4.71,D,0
30.49116,75.45436,367,0.38,0.59,2021-11-02,719,N,VIIRS,h,2,296.5,9.27,D,0
30.49361,75.39464,367,0.38,0.59,2021-11-02,719,N,VIIRS,h,2,297.71,7.09,D,0
30.4937,75.5705,330.75,0.37,0.58,2021-11-02,719,N,VIIRS,n,2,286.21,2.17,D,0
30.49575,75.56529,335.04,0.37,0.58,2021-11-02,719,N,VIIRS,n,2,290.27,4.26,D,0
30.49749,75.61819,335.11,0.37,0.58,2021-11-02,719,N,VIIRS,n,2,294.81,3.98,D,0
30.49781,75.95917,333.55,0.35,0.57,2021-11-02,719,N,VIIRS,n,2,295.09,2.31,D,0
30.49785,75.48154,333.61,0.38,0.58,2021-11-02,719,N,VIIRS,n,2,294.93,3.25,D,0
30.49802,75.56498,343.19,0.37,0.58,2021-11-02,719,N,VIIRS,n,2,290.25,3.45,D,0
30.49853,75.61424,329.84,0.37,0.58,2021-11-02,719,N,VIIRS,n,2,290.53,3.84,D,0
30.49891,75.39293,334.03,0.38,0.59,2021-11-02,719,N,VIIRS,n,2,294.02,3.63,D,0
30.49944,75.61806,352.41,0.37,0.58,2021-11-02,719,N,VIIRS,n,2,294.76,3.84,D,0
30.49955,75.08994,367,0.4,0.6,2021-11-02,719,N,VIIRS,h,2,291.26,9.59,D,0
30.49995,75.09015,367,0.4,0.6,2021-11-02,719,N,VIIRS,h,2,291.62,13.26,D,0
30.50207,75.9539,329.79,0.35,0.57,2021-11-02,719,N,VIIRS,n,2,294.26,1.87,D,0
30.50273,75.61655,344.25,0.37,0.58,2021-11-02,719,N,VIIRS,n,2,289.9,3.98,D,0
30.50309,75.84314,336.23,0.36,0.57,2021-11-02,719,N,VIIRS,n,2,295.78,2.51,D,0
30.50332,75.12827,350.23,0.39,0.6,2021-11-02,719,N,VIIRS,n,2,292.65,8.31,D,0
30.50349,75.12863,349.8,0.39,0.6,2021-11-02,719,N,VIIRS,n,2,293.07,6.73,D,0
30.5037,75.41251,367,0.38,0.59,2021-11-02,719,N,VIIRS,h,2,298.96,16.17,D,0
30.50881,75.79741,330.12,0.36,0.57,2021-11-02,719,N,VIIRS,n,2,294.64,4.52,D,0
30.5097,75.80112,356.42,0.36,0.57,2021-11-02,719,N,VIIRS,n,2,296.85,4.52,D,0
30.51039,76.47004,334.59,0.33,0.55,2021-11-02,719,N,VIIRS,n,2,294.14,3.4,D,0
30.51216,76.45489,367,0.33,0.55,2021-11-02,719,N,VIIRS,h,2,300.61,13.1,D,0
30.51366,75.47648,339.37,0.38,0.58,2021-11-02,719,N,VIIRS,n,2,295.05,4.11,D,0
30.51408,75.5014,367,0.38,0.58,2021-11-02,719,N,VIIRS,h,2,298.88,12.7,D,0
30.51585,75.96523,334.39,0.35,0.57,2021-11-02,719,N,VIIRS,n,2,294.75,2.59,D,0
30.51666,75.80692,337.92,0.36,0.57,2021-11-02,719,N,VIIRS,n,2,295.4,6.57,D,0
30.51724,75.18529,350.91,0.39,0.59,2021-11-02,719,N,VIIRS,n,2,294.05,5.66,D,0
30.51742,75.18476,351.1,0.39,0.59,2021-11-02,719,N,VIIRS,n,2,293.77,5.18,D,0
30.51756,75.81062,339.59,0.36,0.57,2021-11-02,719,N,VIIRS,n,2,295.82,5.89,D,0
30.51866,75.72188,367,0.36,0.58,2021-11-02,719,N,VIIRS,h,2,297.6,12.27,D,0
30.52524,75.95837,332.66,0.35,0.57,2021-11-02,719,N,VIIRS,n,2,294.96,4.41,D,0
30.5256,75.68674,333.21,0.37,0.58,2021-11-02,719,N,VIIRS,n,2,295.01,3.89,D,0
30.52591,75.91501,343.82,0.36,0.57,2021-11-02,719,N,VIIRS,n,2,295.04,2.71,D,0
30.5271,75.6868,336.25,0.37,0.58,2021-11-02,719,N,VIIRS,n,2,295.25,3.79,D,0
30.52806,75.74247,349.13,0.36,0.58,2021-11-02,719,N,VIIRS,n,2,295.57,7.4,D,0
30.52922,75.74271,352.45,0.36,0.58,2021-11-02,719,N,VIIRS,n,2,295.45,6.54,D,0
30.52977,75.0004,356.35,0.4,0.6,2021-11-02,719,N,VIIRS,n,2,295.18,15.73,D,0
30.53079,75.00452,367,0.4,0.6,2021-11-02,719,N,VIIRS,h,2,299.95,28.64,D,0
30.53352,75.03917,333.13,0.4,0.6,2021-11-02,719,N,VIIRS,n,2,294.94,2.67,D,0
30.53378,75.58202,348.79,0.37,0.58,2021-11-02,719,N,VIIRS,n,2,295.28,6.84,D,0
30.53589,75.70018,331.87,0.37,0.58,2021-11-02,719,N,VIIRS,n,2,294.22,1.67,D,0
30.53619,75.00276,346.17,0.4,0.6,2021-11-02,719,N,VIIRS,n,2,294.03,4.69,D,0
30.53649,75.79662,329.38,0.36,0.57,2021-11-02,719,N,VIIRS,n,2,295.28,2.19,D,0
30.53654,76.00547,334.37,0.35,0.57,2021-11-02,719,N,VIIRS,n,2,294.37,2.54,D,0
30.53721,75.00688,334.4,0.4,0.6,2021-11-02,719,N,VIIRS,n,2,293.45,4.69,D,0
30.53969,75.69845,351.28,0.37,0.58,2021-11-02,719,N,VIIRS,n,2,295.24,5.21,D,0
30.54532,75.8337,345.53,0.36,0.57,2021-11-02,719,N,VIIRS,n,2,296.04,4.93,D,0
30.54638,75.74876,333.58,0.36,0.58,2021-11-02,719,N,VIIRS,n,2,294.44,1.66,D,0
30.54718,75.18819,348.6,0.39,0.59,2021-11-02,719,N,VIIRS,n,2,296.63,22.3,D,0
30.54747,75.74896,332.22,0.36,0.58,2021-11-02,719,N,VIIRS,n,2,294.29,1.77,D,0
30.54809,76.3333,367,0.34,0.56,2021-11-02,719,N,VIIRS,h,2,296.03,5.55,D,0
30.54817,75.19221,367,0.39,0.59,2021-11-02,719,N,VIIRS,h,2,296.13,16.68,D,0
30.54917,75.19624,354.02,0.39,0.59,2021-11-02,719,N,VIIRS,n,2,294.72,16.68,D,0
30.55004,75.0116,367,0.4,0.6,2021-11-02,719,N,VIIRS,h,2,294.43,11.31,D,0
30.55033,75.51054,352.63,0.37,0.58,2021-11-02,719,N,VIIRS,n,2,293.42,4.37,D,0
30.55105,75.01572,352.64,0.4,0.6,2021-11-02,719,N,VIIRS,n,2,294.65,11.84,D,0
30.55276,76.00423,331.61,0.35,0.57,2021-11-02,719,N,VIIRS,n,2,293.58,3.17,D,0
30.55381,75.5715,333.47,0.37,0.58,2021-11-02,719,N,VIIRS,n,2,294.52,3.49,D,0
30.55408,75.87057,343.84,0.36,0.57,2021-11-02,719,N,VIIRS,n,2,295.41,3.04,D,0
30.55598,75.60369,329.47,0.37,0.58,2021-11-02,719,N,VIIRS,n,2,293.75,2.38,D,0
30.56606,75.80653,332.95,0.36,0.57,2021-11-02,719,N,VIIRS,n,2,295.86,2.33,D,0
30.56717,75.94899,367,0.35,0.57,2021-11-02,719,N,VIIRS,h,2,296.74,8.07,D,0
30.56804,75.95263,330.36,0.35,0.57,2021-11-02,719,N,VIIRS,n,2,294,8.76,D,0
30.5689,75.95628,367,0.35,0.57,2021-11-02,719,N,VIIRS,h,2,298.59,8.76,D,0
30.57203,76.33574,330.47,0.34,0.56,2021-11-02,719,N,VIIRS,n,2,294.35,1.6,D,0
30.57229,75.57791,337.52,0.37,0.58,2021-11-02,719,N,VIIRS,n,2,292.79,2.22,D,0
30.5735,75.46558,335.33,0.38,0.58,2021-11-02,719,N,VIIRS,n,2,294.67,3.78,D,0
30.57481,75.72765,334.3,0.36,0.58,2021-11-02,719,N,VIIRS,n,2,294.24,2.49,D,0
30.57537,75.46417,329.8,0.38,0.58,2021-11-02,719,N,VIIRS,n,2,294.51,3.66,D,0
30.57549,75.20935,350.16,0.39,0.59,2021-11-02,719,N,VIIRS,n,2,294.32,9.85,D,0
30.5759,75.18756,329.24,0.39,0.59,2021-11-02,719,N,VIIRS,n,2,292.42,1.9,D,0
30.57631,75.16572,354.85,0.39,0.59,2021-11-02,719,N,VIIRS,n,2,293.12,9.03,D,0
30.57631,75.37575,342.25,0.38,0.59,2021-11-02,719,N,VIIRS,n,2,293.94,3.9,D,0
30.57634,75.42206,336.23,0.38,0.59,2021-11-02,719,N,VIIRS,n,2,294.44,2.3,D,0
30.57647,75.21336,367,0.39,0.59,2021-11-02,719,N,VIIRS,h,2,297.94,9.85,D,0
30.57661,75.82704,367,0.36,0.57,2021-11-02,719,N,VIIRS,h,2,297.53,6.92,D,0
30.57703,75.23905,343.32,0.39,0.59,2021-11-02,719,N,VIIRS,n,2,294.03,4.47,D,0
30.57866,75.76659,367,0.36,0.57,2021-11-02,719,N,VIIRS,h,2,300.48,17.65,D,0
30.57997,75.42159,336.36,0.38,0.59,2021-11-02,719,N,VIIRS,n,2,293.81,2.81,D,0
30.58088,75.82172,333.61,0.36,0.57,2021-11-02,719,N,VIIRS,n,2,294.24,9.49,D,0
30.58178,75.82541,367,0.36,0.57,2021-11-02,719,N,VIIRS,h,2,299.99,9.49,D,0
30.58734,76.26396,345.58,0.34,0.56,2021-11-02,719,N,VIIRS,n,2,295.5,3.16,D,0
30.58767,76.45707,355.76,0.33,0.55,2021-11-02,719,N,VIIRS,n,2,297.8,4.12,D,0
30.58944,75.02975,349.33,0.4,0.6,2021-11-02,719,N,VIIRS,n,2,297.16,6.68,D,0
30.58982,76.45507,367,0.33,0.55,2021-11-02,719,N,VIIRS,h,2,296.84,6.6,D,0
30.59021,75.03178,339.09,0.4,0.6,2021-11-02,719,N,VIIRS,n,2,295.59,5.3,D,0
30.59053,75.48929,340.79,0.37,0.58,2021-11-02,719,N,VIIRS,n,2,296.33,6.92,D,0
30.59063,76.45846,334.39,0.33,0.55,2021-11-02,719,N,VIIRS,n,2,295.29,6.91,D,0
30.59258,75.48784,367,0.37,0.58,2021-11-02,719,N,VIIRS,h,2,298.09,12.96,D,0
30.59266,76.45552,353.21,0.33,0.55,2021-11-02,719,N,VIIRS,n,2,294.95,4.12,D,0
30.59353,75.49169,334.39,0.37,0.58,2021-11-02,719,N,VIIRS,n,2,294.73,10.16,D,0
30.59368,75.92027,331.57,0.35,0.57,2021-11-02,719,N,VIIRS,n,2,293.9,2.18,D,0
30.59444,75.21616,367,0.39,0.59,2021-11-02,719,N,VIIRS,h,2,296.54,8.34,D,0
30.59541,75.97519,333.58,0.35,0.57,2021-11-02,719,N,VIIRS,n,2,295.57,2.1,D,0
30.59579,75.48759,367,0.37,0.58,2021-11-02,719,N,VIIRS,h,2,296.61,6.92,D,0
30.60125,75.67479,340.79,0.37,0.58,2021-11-02,719,N,VIIRS,n,2,294.03,4.53,D,0
30.60206,76.34859,338.08,0.33,0.56,2021-11-02,719,N,VIIRS,n,2,295.77,2.33,D,0
30.60215,75.67854,328.92,0.37,0.58,2021-11-02,719,N,VIIRS,n,2,293.16,5.19,D,0
30.60325,75.3459,329.77,0.38,0.59,2021-11-02,719,N,VIIRS,n,2,294.25,3.15,D,0
30.60367,75.75464,351.8,0.36,0.57,2021-11-02,719,N,VIIRS,n,2,294.44,5.95,D,0
30.6086,76.19344,343.47,0.34,0.56,2021-11-02,719,N,VIIRS,n,2,293.7,3.6,D,0
30.60943,76.19696,339.19,0.34,0.56,2021-11-02,719,N,VIIRS,n,2,293.33,3.6,D,0
30.61171,75.78806,347.03,0.36,0.57,2021-11-02,719,N,VIIRS,n,2,295.79,5.08,D,0
30.61406,76.05449,339.99,0.35,0.57,2021-11-02,719,N,VIIRS,n,2,295.25,3.89,D,0
30.61491,76.28894,340.12,0.34,0.56,2021-11-02,719,N,VIIRS,n,2,294.05,3.3,D,0
30.616,75.78272,349.6,0.36,0.57,2021-11-02,719,N,VIIRS,n,2,293.31,10.39,D,0
30.61622,75.37554,331.57,0.38,0.59,2021-11-02,719,N,VIIRS,n,2,293.92,2.69,D,0
30.61689,75.78643,367,0.36,0.57,2021-11-02,719,N,VIIRS,h,2,297.23,18.96,D,0
30.62289,75.40285,336.29,0.38,0.59,2021-11-02,719,N,VIIRS,n,2,295.62,2.38,D,0
30.62817,75.40115,333.94,0.38,0.59,2021-11-02,719,N,VIIRS,n,2,293.48,2.38,D,0
30.63356,75.35303,335.13,0.38,0.59,2021-11-02,719,N,VIIRS,n,2,294.05,3,D,0
30.63668,75.43611,338.3,0.38,0.58,2021-11-02,719,N,VIIRS,n,2,294.03,5.54,D,0
30.6399,75.47265,344.98,0.37,0.58,2021-11-02,719,N,VIIRS,n,2,294.19,5.79,D,0
30.65747,76.40121,367,0.33,0.55,2021-11-02,719,N,VIIRS,h,2,299.02,9.04,D,0
30.65915,75.66743,345.98,0.36,0.58,2021-11-02,719,N,VIIRS,n,2,293.94,5.45,D,0
30.66316,75.95686,333.12,0.35,0.57,2021-11-02,719,N,VIIRS,n,2,295.32,1.85,D,0
30.66347,76.381,340.18,0.33,0.55,2021-11-02,719,N,VIIRS,n,2,295.11,2.43,D,0
30.66675,75.24629,367,0.39,0.59,2021-11-02,719,N,VIIRS,h,2,291.82,5.95,D,0
30.66825,75.70485,336.06,0.36,0.58,2021-11-02,719,N,VIIRS,n,2,293.8,2.58,D,0
30.66828,75.95522,367,0.35,0.57,2021-11-02,719,N,VIIRS,h,2,296.23,5.95,D,0
30.67027,76.36416,353.6,0.33,0.55,2021-11-02,719,N,VIIRS,n,2,295.14,7.63,D,0
30.67107,76.36758,341.93,0.33,0.55,2021-11-02,719,N,VIIRS,n,2,294.82,9.46,D,0
30.67412,75.13603,331.65,0.39,0.59,2021-11-02,719,N,VIIRS,n,2,292.62,4.54,D,0
30.67927,75.86449,352.3,0.35,0.57,2021-11-02,719,N,VIIRS,n,2,295.33,4.08,D,0
30.68008,75.86539,351.01,0.36,0.57,2021-11-02,719,N,VIIRS,n,2,295.46,4.45,D,0
30.6844,75.15437,349.08,0.39,0.59,2021-11-02,719,N,VIIRS,n,2,294.02,12.4,D,0
30.68535,75.95759,367,0.35,0.57,2021-11-02,719,N,VIIRS,h,2,296.12,6.9,D,0
30.68619,75.93787,330.65,0.35,0.57,2021-11-02,719,N,VIIRS,n,2,294.05,2.98,D,0
30.68974,75.15263,367,0.39,0.59,2021-11-02,719,N,VIIRS,h,2,295.8,12.4,D,0
30.69678,75.45007,367,0.37,0.58,2021-11-02,719,N,VIIRS,h,2,293.91,7.71,D,0
30.69751,75.77953,329.73,0.36,0.57,2021-11-02,719,N,VIIRS,n,2,294.61,1.62,D,0
30.6977,75.45396,349.08,0.37,0.58,2021-11-02,719,N,VIIRS,n,2,293.71,7.71,D,0
30.70008,75.45071,367,0.37,0.58,2021-11-02,719,N,VIIRS,h,2,295.37,14.72,D,0
30.7027,76.43455,367,0.33,0.55,2021-11-02,719,N,VIIRS,h,2,299.07,7.62,D,0
30.70588,76.43222,355.64,0.33,0.55,2021-11-02,719,N,VIIRS,n,2,300.7,12.87,D,0
30.70662,75.63197,342.85,0.37,0.58,2021-11-02,719,N,VIIRS,n,2,294.57,2.56,D,0
30.70668,76.4356,338.37,0.33,0.55,2021-11-02,719,N,VIIRS,n,2,296.12,12.25,D,0
30.70769,76.43298,367,0.33,0.55,2021-11-02,719,N,VIIRS,h,2,297.24,7.62,D,0
30.70891,75.80374,336.58,0.36,0.57,2021-11-02,719,N,VIIRS,n,2,294.91,2.78,D,0
30.70918,76.288,328.44,0.34,0.56,2021-11-02,719,N,VIIRS,n,2,293.8,2.72,D,0
30.70979,75.30479,351.76,0.38,0.59,2021-11-02,719,N,VIIRS,n,2,293.74,6.65,D,0
30.71054,76.46842,340.2,0.33,0.55,2021-11-02,719,N,VIIRS,n,2,295.69,4.82,D,0
30.71393,76.46603,350.79,0.33,0.55,2021-11-02,719,N,VIIRS,n,2,295.14,3.02,D,0
30.72599,75.78242,338.51,0.36,0.57,2021-11-02,719,N,VIIRS,n,2,294.28,3.12,D,0
30.72885,76.34834,347.37,0.33,0.55,2021-11-02,719,N,VIIRS,n,2,295.38,5.17,D,0
30.73062,76.44634,339.53,0.33,0.55,2021-11-02,719,N,VIIRS,n,2,295.26,2.56,D,0
30.73082,75.62154,367,0.37,0.58,2021-11-02,719,N,VIIRS,h,2,298.95,8.94,D,0
30.73173,75.61983,341.41,0.37,0.58,2021-11-02,719,N,VIIRS,n,2,294.26,7.79,D,0
30.73174,75.62529,333.67,0.37,0.58,2021-11-02,719,N,VIIRS,n,2,293.73,8.94,D,0
30.73263,75.6236,367,0.37,0.58,2021-11-02,719,N,VIIRS,h,2,297.74,7.79,D,0
30.73359,75.63279,340.13,0.36,0.58,2021-11-02,719,N,VIIRS,n,2,294.29,5.79,D,0
30.73363,75.40236,345.11,0.38,0.58,2021-11-02,719,N,VIIRS,n,2,294.73,4.42,D,0
30.73442,75.63113,328.92,0.37,0.58,2021-11-02,719,N,VIIRS,n,2,294.19,7.78,D,0
30.73532,75.6349,348.69,0.36,0.58,2021-11-02,719,N,VIIRS,n,2,294.4,5.28,D,0
30.7389,75.40065,356.95,0.38,0.58,2021-11-02,719,N,VIIRS,n,2,293.13,4.42,D,0
30.74418,76.29929,333.5,0.33,0.56,2021-11-02,719,N,VIIRS,n,2,295.03,1.84,D,0
30.74739,75.1508,329.51,0.39,0.59,2021-11-02,719,N,VIIRS,n,2,292.4,3.47,D,0
30.74838,75.15481,336.73,0.39,0.59,2021-11-02,719,N,VIIRS,n,2,290.6,9.82,D,0
30.74914,75.97108,328.55,0.35,0.57,2021-11-02,719,N,VIIRS,n,2,293.77,4.26,D,0
30.76467,76.34081,331.54,0.33,0.55,2021-11-02,719,N,VIIRS,n,2,294.46,1.57,D,0
30.77027,76.28582,328.89,0.33,0.56,2021-11-02,719,N,VIIRS,n,2,294,2.88,D,0
30.77308,75.58769,345.6,0.37,0.58,2021-11-02,719,N,VIIRS,n,2,294.7,3.22,D,0
30.77346,76.28639,346.68,0.33,0.56,2021-11-02,719,N,VIIRS,n,2,294.28,3.25,D,0
30.77554,75.57468,367,0.37,0.58,2021-11-02,719,N,VIIRS,h,2,295.07,7.49,D,0
30.78813,75.78761,334.63,0.36,0.57,2021-11-02,719,N,VIIRS,n,2,293.84,2.45,D,0
30.79465,75.65366,367,0.36,0.58,2021-11-02,719,N,VIIRS,h,2,298.67,7.15,D,0
30.80673,75.34458,334.9,0.38,0.59,2021-11-02,719,N,VIIRS,n,2,292.19,2.58,D,0
30.80818,75.28082,334.24,0.38,0.59,2021-11-02,719,N,VIIRS,n,2,282.4,4.66,D,0
30.81333,75.70792,351.4,0.36,0.57,2021-11-02,719,N,VIIRS,n,2,295.15,7.71,D,0
30.82131,75.02654,337.72,0.39,0.6,2021-11-02,719,N,VIIRS,n,2,293.65,3.55,D,0
30.82923,76.33002,333.6,0.33,0.55,2021-11-02,719,N,VIIRS,n,2,293.92,2.94,D,0
30.83706,76.11143,352.77,0.34,0.56,2021-11-02,719,N,VIIRS,n,2,296.04,3.5,D,0
30.83834,76.10806,334.75,0.34,0.56,2021-11-02,719,N,VIIRS,n,2,293.9,4.1,D,0
30.83919,76.11158,346.83,0.34,0.56,2021-11-02,719,N,VIIRS,n,2,294.63,6,D,0
30.83934,76.16727,367,0.34,0.56,2021-11-02,719,N,VIIRS,h,2,297.76,10.06,D,0
30.84212,76.10983,331.41,0.34,0.56,2021-11-02,719,N,VIIRS,n,2,293.42,3.5,D,0
30.85999,75.30621,345.14,0.38,0.59,2021-11-02,719,N,VIIRS,n,2,290.52,3.26,D,0
30.86211,75.30537,353.3,0.38,0.59,2021-11-02,719,N,VIIRS,n,2,292.87,5.63,D,0
30.8662,75.02059,333.62,0.39,0.6,2021-11-02,719,N,VIIRS,n,2,294.15,2.85,D,0
30.86843,76.19917,329.24,0.34,0.56,2021-11-02,719,N,VIIRS,n,2,293.66,1.94,D,0
30.87111,76.19904,331.99,0.34,0.56,2021-11-02,719,N,VIIRS,n,2,293.24,1.83,D,0
30.87155,75.01883,330.38,0.39,0.6,2021-11-02,719,N,VIIRS,n,2,293.59,2.18,D,0
30.87202,76.0443,367,0.34,0.56,2021-11-02,719,N,VIIRS,h,2,295.46,4.98,D,0
30.87696,76.37357,351.46,0.33,0.55,2021-11-02,719,N,VIIRS,n,2,295.23,6.63,D,0
30.87708,76.11092,330.18,0.34,0.56,2021-11-02,719,N,VIIRS,n,2,293.93,1.25,D,0
30.87873,76.1405,330.95,0.34,0.56,2021-11-02,719,N,VIIRS,n,2,293.32,2.76,D,0
30.88274,75.63255,340.76,0.36,0.58,2021-11-02,719,N,VIIRS,n,2,293.32,2.34,D,0
30.88387,75.04536,328.42,0.39,0.59,2021-11-02,719,N,VIIRS,n,2,294.57,1.67,D,0
30.88714,76.13032,350.27,0.34,0.56,2021-11-02,719,N,VIIRS,n,2,295.03,4.66,D,0
30.88832,75.58635,343.82,0.36,0.58,2021-11-02,719,N,VIIRS,n,2,295.14,4.14,D,0
30.89041,75.09541,341.72,0.39,0.59,2021-11-02,719,N,VIIRS,n,2,292.61,3.06,D,0
30.90125,76.34016,334.72,0.33,0.55,2021-11-02,719,N,VIIRS,n,2,294.61,2.87,D,0
30.90479,76.33956,329.73,0.33,0.55,2021-11-02,719,N,VIIRS,n,2,293.78,3.54,D,0
30.91398,75.02669,341.29,0.39,0.59,2021-11-02,719,N,VIIRS,n,2,293.9,3.12,D,0
30.92473,76.17454,347.34,0.34,0.56,2021-11-02,719,N,VIIRS,n,2,294.29,6.21,D,0
30.92656,75.56541,349.37,0.36,0.58,2021-11-02,719,N,VIIRS,n,2,293.17,6.45,D,0
30.92671,76.09128,334.24,0.34,0.56,2021-11-02,719,N,VIIRS,n,2,293.9,3.21,D,0
30.92686,76.04578,332.08,0.34,0.56,2021-11-02,719,N,VIIRS,n,2,294.46,2.3,D,0
30.92748,75.56916,367,0.36,0.58,2021-11-02,719,N,VIIRS,h,2,295.39,6.45,D,0
30.92805,75.56533,352.2,0.36,0.58,2021-11-02,719,N,VIIRS,n,2,292.44,6.36,D,0
30.92896,75.56911,356.81,0.36,0.58,2021-11-02,719,N,VIIRS,n,2,294.32,6.36,D,0
30.93192,76.04417,367,0.34,0.56,2021-11-02,719,N,VIIRS,h,2,301.27,22.78,D,0
30.93258,76.04266,367,0.34,0.56,2021-11-02,719,N,VIIRS,h,2,294.05,6.79,D,0
30.93343,76.0462,327.69,0.34,0.56,2021-11-02,719,N,VIIRS,n,2,293.08,6.79,D,0
30.93448,76.03191,367,0.34,0.56,2021-11-02,719,N,VIIRS,h,2,297.73,11.24,D,0
30.93507,76.03046,367,0.34,0.56,2021-11-02,719,N,VIIRS,h,2,296.42,10.55,D,0
30.95218,76.19942,350.73,0.34,0.56,2021-11-02,719,N,VIIRS,n,2,295.05,5.57,D,0
30.95302,76.31712,354.77,0.33,0.55,2021-11-02,719,N,VIIRS,n,2,295.5,5.13,D,0
30.95677,76.12692,327.56,0.34,0.56,2021-11-02,719,N,VIIRS,n,2,294.59,1.37,D,0
30.95797,76.12521,329.68,0.34,0.56,2021-11-02,719,N,VIIRS,n,2,294.67,1.8,D,0
30.95807,75.3953,343.85,0.37,0.58,2021-11-02,719,N,VIIRS,n,2,294.3,3.06,D,0
30.95828,76.15643,367,0.34,0.56,2021-11-02,719,N,VIIRS,h,2,295.94,8.86,D,0
30.95984,75.6553,339.28,0.36,0.57,2021-11-02,719,N,VIIRS,n,2,294.33,2.35,D,0
30.96074,75.65549,339.25,0.36,0.57,2021-11-02,719,N,VIIRS,n,2,294.39,2.12,D,0
30.96287,76.22201,327.43,0.33,0.56,2021-11-02,719,N,VIIRS,n,2,292.71,2.3,D,0
30.9635,75.34779,346.26,0.37,0.58,2021-11-02,719,N,VIIRS,n,2,294.66,5.27,D,0
30.9672,76.09596,335.58,0.34,0.56,2021-11-02,719,N,VIIRS,n,2,289.58,5.09,D,0
30.96723,76.19465,332.64,0.34,0.56,2021-11-02,719,N,VIIRS,n,2,294.44,3.08,D,0
30.968,76.18925,329.69,0.33,0.56,2021-11-02,719,N,VIIRS,n,2,294.31,2.48,D,0
30.96995,76.27514,330.43,0.33,0.55,2021-11-02,719,N,VIIRS,n,2,293.63,2.72,D,0
30.97013,76.25298,329.8,0.33,0.55,2021-11-02,719,N,VIIRS,n,2,294.7,2.7,D,0
30.97075,76.27856,340.67,0.33,0.55,2021-11-02,719,N,VIIRS,n,2,294.46,4.49,D,0
30.97156,75.35765,338.08,0.37,0.58,2021-11-02,719,N,VIIRS,n,2,293.28,3.69,D,0
30.97225,76.19305,331.67,0.34,0.56,2021-11-02,719,N,VIIRS,n,2,295.15,3.08,D,0
30.97306,76.19652,327.71,0.33,0.56,2021-11-02,719,N,VIIRS,n,2,294.54,3.57,D,0
30.97385,76.19112,332.68,0.33,0.56,2021-11-02,719,N,VIIRS,n,2,294.49,2.48,D,0
30.97548,76.20689,352.69,0.33,0.56,2021-11-02,719,N,VIIRS,n,2,295.81,4.21,D,0
30.97717,76.2049,342.2,0.33,0.56,2021-11-02,719,N,VIIRS,n,2,293.68,3.92,D,0
30.98568,76.10518,344.76,0.34,0.56,2021-11-02,719,N,VIIRS,n,2,294.25,2.39,D,0
30.99526,75.57156,339.59,0.36,0.58,2021-11-02,719,N,VIIRS,n,2,289.21,4.4,D,0
30.99699,76.26509,333.79,0.33,0.55,2021-11-02,719,N,VIIRS,n,2,294.68,2.37,D,0
30.99722,76.19861,334.56,0.33,0.56,2021-11-02,719,N,VIIRS,n,2,293.96,2.79,D,0
30.99813,75.44418,340.24,0.37,0.58,2021-11-02,719,N,VIIRS,n,2,293.15,4.32,D,0
30.99991,76.26566,329.62,0.33,0.55,2021-11-02,719,N,VIIRS,n,2,294.07,2.97,D,0
30.91372,75.02657,342.02,0.39,0.59,2021-11-02,720,N,VIIRS,n,2,294.37,3.4,D,0
30.94246,75.02586,329.26,0.39,0.59,2021-11-02,720,N,VIIRS,n,2,293.07,3.21,D,0
30.97127,75.14178,344.94,0.38,0.59,2021-11-02,720,N,VIIRS,n,2,294.73,4.88,D,0
30.97697,75.11843,336.55,0.39,0.59,2021-11-02,720,N,VIIRS,n,2,293.75,2.65,D,0
30.00702,75.18634,332.73,0.6,0.71,2021-11-02,900,N,VIIRS,n,2,294.36,5.77,D,0
30.02056,75.19199,343.82,0.6,0.71,2021-11-02,900,N,VIIRS,n,2,294.58,6.05,D,0
30.02337,75.11481,336.93,0.59,0.7,2021-11-02,900,N,VIIRS,n,2,296.38,6.63,D,0
30.02813,75.3483,330.31,0.61,0.71,2021-11-02,900,N,VIIRS,n,2,293.52,4.22,D,0
30.03094,76.31075,339.61,0.7,0.75,2021-11-02,900,N,VIIRS,n,2,293.86,8.71,D,0
30.03266,75.03793,346.54,0.59,0.7,2021-11-02,900,N,VIIRS,n,2,298.12,5.33,D,0
30.03493,75.08222,341.44,0.59,0.7,2021-11-02,900,N,VIIRS,n,2,296.63,7.18,D,0
30.03529,76.12907,349.38,0.68,0.74,2021-11-02,900,N,VIIRS,n,2,294.02,9.47,D,0
30.03539,76.30814,355.5,0.7,0.75,2021-11-02,900,N,VIIRS,n,2,293.31,13.21,D,0
30.03683,76.13155,345.56,0.68,0.74,2021-11-02,900,N,VIIRS,n,2,293.42,9.83,D,0
30.03819,75.03897,349.6,0.59,0.7,2021-11-02,900,N,VIIRS,n,2,296.22,8.43,D,0
30.03922,75.03754,330.98,0.59,0.7,2021-11-02,900,N,VIIRS,n,2,295.08,3.05,D,0
30.04076,75.76949,329.25,0.65,0.73,2021-11-02,900,N,VIIRS,n,2,288.79,2.73,D,0
30.0504,75.39352,339.8,0.62,0.71,2021-11-02,900,N,VIIRS,n,2,292.88,5.36,D,0
30.06711,75.09452,338.62,0.59,0.7,2021-11-02,900,N,VIIRS,n,2,296.18,8.06,D,0
30.06849,75.09313,347.71,0.59,0.7,2021-11-02,900,N,VIIRS,n,2,297.23,7.98,D,0
30.06966,75.51331,331.38,0.63,0.72,2021-11-02,900,N,VIIRS,n,2,290.4,7.99,D,0
30.07249,75.51505,352.91,0.63,0.72,2021-11-02,900,N,VIIRS,n,2,290.82,8.19,D,0
30.07254,76.18658,329.49,0.69,0.74,2021-11-02,900,N,VIIRS,n,2,291.84,4.51,D,0
30.07305,75.05475,335.49,0.59,0.7,2021-11-02,900,N,VIIRS,n,2,297.1,4.34,D,0
30.07343,75.70039,349.02,0.64,0.72,2021-11-02,900,N,VIIRS,n,2,291.59,8.44,D,0
30.07848,75.05566,352.75,0.59,0.7,2021-11-02,900,N,VIIRS,n,2,298.01,12.87,D,0
30.07851,75.82635,367,0.65,0.73,2021-11-02,900,N,VIIRS,h,2,291.99,21.37,D,0
30.07962,75.05439,357.62,0.59,0.7,2021-11-02,900,N,VIIRS,n,2,298.79,11.12,D,0
30.07965,76.35935,336.19,0.7,0.75,2021-11-02,900,N,VIIRS,n,2,292.33,10.18,D,0
30.08039,75.38699,343.88,0.62,0.71,2021-11-02,900,N,VIIRS,n,2,293.14,13.25,D,0
30.08385,75.39176,343.5,0.62,0.71,2021-11-02,900,N,VIIRS,n,2,292.78,5.35,D,0
30.08567,75.50755,330.67,0.63,0.72,2021-11-02,900,N,VIIRS,n,2,291.94,6.7,D,0
30.08619,75.36678,331.96,0.61,0.71,2021-11-02,900,N,VIIRS,n,2,292.72,3.66,D,0
30.08767,75.39992,328.86,0.62,0.71,2021-11-02,900,N,VIIRS,n,2,292.49,4.75,D,0
30.08807,76.22315,341.39,0.69,0.74,2021-11-02,900,N,VIIRS,n,2,293.14,6.99,D,0
30.09087,75.39806,332.77,0.62,0.71,2021-11-02,900,N,VIIRS,n,2,292.45,5.35,D,0
30.09122,75.48021,339.17,0.62,0.72,2021-11-02,900,N,VIIRS,n,2,292.29,4.97,D,0
30.09138,75.33339,343.79,0.61,0.71,2021-11-02,900,N,VIIRS,n,2,293.85,6.8,D,0
30.0918,75.83748,340.65,0.66,0.73,2021-11-02,900,N,VIIRS,n,2,291.97,7.86,D,0
30.09249,75.83272,331.89,0.66,0.73,2021-11-02,900,N,VIIRS,n,2,290.46,6.81,D,0
30.09418,75.3317,329.52,0.61,0.71,2021-11-02,900,N,VIIRS,n,2,292.6,3.74,D,0
30.09471,75.7201,331.75,0.65,0.73,2021-11-02,900,N,VIIRS,n,2,291.63,7.42,D,0
30.09491,75.47826,330.02,0.62,0.72,2021-11-02,900,N,VIIRS,n,2,291.71,3.79,D,0
30.09496,75.41284,332.5,0.62,0.71,2021-11-02,900,N,VIIRS,n,2,290.14,3.92,D,0
30.09497,75.12488,336.47,0.6,0.7,2021-11-02,900,N,VIIRS,n,2,295.88,6.51,D,0
30.0958,76.09238,332.66,0.68,0.74,2021-11-02,900,N,VIIRS,n,2,291.42,5.42,D,0
30.09727,75.03551,339.66,0.59,0.7,2021-11-02,900,N,VIIRS,n,2,296.47,11.07,D,0
30.09766,75.81596,345.48,0.65,0.73,2021-11-02,900,N,VIIRS,n,2,291.27,8.49,D,0
30.09876,75.81822,338.32,0.65,0.73,2021-11-02,900,N,VIIRS,n,2,290.94,9.88,D,0
30.10018,75.72459,344.94,0.65,0.73,2021-11-02,900,N,VIIRS,n,2,292.53,7.96,D,0
30.10357,75.76868,329.34,0.65,0.73,2021-11-02,900,N,VIIRS,n,2,291.49,4.82,D,0
30.10647,75.51998,331.69,0.63,0.72,2021-11-02,900,N,VIIRS,n,2,291.24,5.62,D,0
30.10716,75.87224,332.65,0.66,0.73,2021-11-02,900,N,VIIRS,n,2,291.85,8.47,D,0
30.10716,76.3997,334.25,0.71,0.75,2021-11-02,900,N,VIIRS,n,2,292.05,4.91,D,0
30.10794,75.87457,346.72,0.66,0.73,2021-11-02,900,N,VIIRS,n,2,292.73,11.6,D,0
30.11402,75.8719,352.39,0.66,0.73,2021-11-02,900,N,VIIRS,n,2,292.07,8.47,D,0
30.11536,75.41845,344.41,0.62,0.71,2021-11-02,900,N,VIIRS,n,2,292.7,6.36,D,0
30.11823,75.67513,328.92,0.64,0.72,2021-11-02,900,N,VIIRS,n,2,291.36,5.23,D,0
30.12189,75.8929,330.89,0.66,0.73,2021-11-02,900,N,VIIRS,n,2,291.44,5.84,D,0
30.12764,75.11661,367,0.59,0.7,2021-11-02,900,N,VIIRS,h,2,298.28,12.56,D,0
30.12845,75.71138,332.14,0.64,0.72,2021-11-02,900,N,VIIRS,n,2,290.63,6.67,D,0
30.12878,76.22429,339.56,0.69,0.74,2021-11-02,900,N,VIIRS,n,2,291.73,9.09,D,0
30.13001,76.22134,347.1,0.69,0.74,2021-11-02,900,N,VIIRS,n,2,291.98,10.41,D,0
30.13342,75.66947,329.57,0.64,0.72,2021-11-02,900,N,VIIRS,n,2,287.81,5.76,D,0
30.14206,75.71067,356.56,0.64,0.72,2021-11-02,900,N,VIIRS,n,2,292.38,10.41,D,0
30.14237,75.71764,333.09,0.65,0.73,2021-11-02,900,N,VIIRS,n,2,291.41,10.41,D,0
30.14565,75.21249,330.87,0.6,0.71,2021-11-02,900,N,VIIRS,n,2,290.54,3.31,D,0
30.14966,75.20955,330.71,0.6,0.71,2021-11-02,900,N,VIIRS,n,2,293.49,6.95,D,0
30.15011,75.73824,330.7,0.65,0.73,2021-11-02,900,N,VIIRS,n,2,291.8,4.04,D,0
30.15109,75.05784,334.57,0.59,0.7,2021-11-02,900,N,VIIRS,n,2,296.13,5.08,D,0
30.15163,75.19916,333.81,0.6,0.71,2021-11-02,900,N,VIIRS,n,2,294.08,5.49,D,0
30.15173,75.47698,333.47,0.62,0.72,2021-11-02,900,N,VIIRS,n,2,292.47,5.35,D,0
30.15419,75.31406,330.83,0.61,0.71,2021-11-02,900,N,VIIRS,n,2,291.27,7.98,D,0
30.15711,75.30997,344.41,0.61,0.71,2021-11-02,900,N,VIIRS,n,2,292.84,7.62,D,0
30.15744,75.31655,353.81,0.61,0.71,2021-11-02,900,N,VIIRS,n,2,293.98,13.84,D,0
30.16057,75.30709,334.12,0.61,0.71,2021-11-02,900,N,VIIRS,n,2,291.08,7.98,D,0
30.16086,75.31368,353.08,0.61,0.71,2021-11-02,900,N,VIIRS,n,2,292.41,7.98,D,0
30.16114,75.32029,349.2,0.61,0.71,2021-11-02,900,N,VIIRS,n,2,292.18,17.37,D,0
30.162,75.34011,331.82,0.61,0.71,2021-11-02,900,N,VIIRS,n,2,292.96,4.35,D,0
30.16215,75.27681,350.78,0.61,0.71,2021-11-02,900,N,VIIRS,n,2,293.55,9.97,D,0
30.16291,75.20877,350.89,0.6,0.71,2021-11-02,900,N,VIIRS,n,2,295.02,7.91,D,0
30.16377,75.30961,337.71,0.61,0.71,2021-11-02,900,N,VIIRS,n,2,290.06,7.62,D,0
30.1641,75.31619,335.86,0.61,0.71,2021-11-02,900,N,VIIRS,n,2,290.18,13.84,D,0
30.16521,75.20493,329.18,0.6,0.71,2021-11-02,900,N,VIIRS,n,2,293.68,4.8,D,0
30.1654,75.34258,334.9,0.61,0.71,2021-11-02,900,N,VIIRS,n,2,292.93,6.45,D,0
30.16553,75.2114,333.11,0.6,0.71,2021-11-02,900,N,VIIRS,n,2,293.41,7.18,D,0
30.16769,75.47365,330.19,0.63,0.72,2021-11-02,900,N,VIIRS,n,2,291.31,5.08,D,0
30.1681,75.32653,331.59,0.61,0.71,2021-11-02,900,N,VIIRS,n,2,289.71,6.97,D,0
30.16898,75.70239,355.3,0.64,0.72,2021-11-02,900,N,VIIRS,n,2,289.9,11.04,D,0
30.17117,75.0984,346.82,0.59,0.7,2021-11-02,900,N,VIIRS,n,2,296.25,6.51,D,0
30.17142,75.32904,348.89,0.61,0.71,2021-11-02,900,N,VIIRS,n,2,293.46,10.13,D,0
30.1728,75.09488,329.14,0.59,0.7,2021-11-02,900,N,VIIRS,n,2,295.61,7.28,D,0
30.17776,75.09805,332.78,0.59,0.7,2021-11-02,900,N,VIIRS,n,2,295.11,6.51,D,0
30.17777,75.32211,330.52,0.61,0.71,2021-11-02,900,N,VIIRS,n,2,292.89,5.02,D,0
30.17924,75.13008,331.73,0.6,0.7,2021-11-02,900,N,VIIRS,n,2,295.95,4.67,D,0
30.18107,75.1265,332.63,0.6,0.7,2021-11-02,900,N,VIIRS,n,2,295.84,2.7,D,0
30.18291,75.70868,353.02,0.64,0.72,2021-11-02,900,N,VIIRS,n,2,291.36,11.06,D,0
30.1841,75.70622,346.58,0.65,0.73,2021-11-02,900,N,VIIRS,n,2,290.27,6.85,D,0
30.18776,75.38794,338.68,0.62,0.71,2021-11-02,900,N,VIIRS,n,2,293.3,4.47,D,0
30.19077,75.38507,334.12,0.62,0.71,2021-11-02,900,N,VIIRS,n,2,291.86,5.89,D,0
30.19106,75.39173,334.04,0.62,0.71,2021-11-02,900,N,VIIRS,n,2,292.23,5.89,D,0
30.1924,75.48165,342.99,0.63,0.72,2021-11-02,900,N,VIIRS,n,2,292.31,4.81,D,0
30.19445,75.3876,335.03,0.62,0.71,2021-11-02,900,N,VIIRS,n,2,291.31,4.47,D,0
30.19875,75.12252,341.4,0.6,0.7,2021-11-02,900,N,VIIRS,n,2,296.79,6.49,D,0
30.19889,76.39568,328.63,0.71,0.75,2021-11-02,900,N,VIIRS,n,2,292.36,3.99,D,0
30.20566,75.12857,338.06,0.6,0.7,2021-11-02,900,N,VIIRS,n,2,296.51,6.49,D,0
30.2173,76.39297,335.37,0.71,0.75,2021-11-02,900,N,VIIRS,n,2,291.74,5.83,D,0
30.21754,75.38362,354.95,0.62,0.71,2021-11-02,900,N,VIIRS,n,2,293.22,20.88,D,0
30.21785,75.39028,367,0.62,0.71,2021-11-02,900,N,VIIRS,h,2,293.28,20.88,D,0
30.21962,76.26329,346.42,0.7,0.75,2021-11-02,900,N,VIIRS,n,2,292.39,10.71,D,0
30.22058,75.45045,338.56,0.62,0.72,2021-11-02,900,N,VIIRS,n,2,288.22,11.93,D,0
30.22163,76.26527,342.55,0.7,0.75,2021-11-02,900,N,VIIRS,n,2,291.35,8.95,D,0
30.2233,75.51128,332.96,0.63,0.72,2021-11-02,900,N,VIIRS,n,2,292.38,4.95,D,0
30.22791,75.46358,329.63,0.62,0.72,2021-11-02,900,N,VIIRS,n,2,288.08,5.87,D,0
30.22974,75.50414,346.13,0.63,0.72,2021-11-02,900,N,VIIRS,n,2,293.35,7.23,D,0
30.23155,75.39623,334.14,0.62,0.71,2021-11-02,900,N,VIIRS,n,2,291.47,7.15,D,0
30.23432,75.45649,334.55,0.62,0.72,2021-11-02,900,N,VIIRS,n,2,285.36,4.59,D,0
30.23616,75.21114,335.78,0.6,0.71,2021-11-02,900,N,VIIRS,n,2,294.04,8.59,D,0
30.24336,75.08791,340.94,0.59,0.7,2021-11-02,900,N,VIIRS,n,2,296.1,3.47,D,0
30.24871,75.08617,339.46,0.59,0.7,2021-11-02,900,N,VIIRS,n,2,295.28,5.46,D,0
30.25089,75.52345,333.8,0.63,0.72,2021-11-02,900,N,VIIRS,n,2,292.71,3.29,D,0
30.25387,75.05383,341.63,0.59,0.7,2021-11-02,900,N,VIIRS,n,2,295.92,5.26,D,0
30.25416,75.06023,329.24,0.59,0.7,2021-11-02,900,N,VIIRS,n,2,295.52,7.88,D,0
30.25492,75.05531,352.05,0.59,0.7,2021-11-02,900,N,VIIRS,n,2,296.74,12.96,D,0
30.25606,75.48918,331.47,0.63,0.72,2021-11-02,900,N,VIIRS,n,2,292.27,7.26,D,0
30.25619,75.79382,334.72,0.65,0.73,2021-11-02,900,N,VIIRS,n,2,291.83,10.71,D,0
30.25991,75.28851,330.96,0.61,0.71,2021-11-02,900,N,VIIRS,n,2,292.93,4.76,D,0
30.26016,75.04707,357.04,0.59,0.7,2021-11-02,900,N,VIIRS,l,2,300.01,16.08,D,0
30.26117,75.04857,357.09,0.59,0.7,2021-11-02,900,N,VIIRS,l,2,301.27,24.5,D,0
30.26218,75.09177,335.01,0.59,0.7,2021-11-02,900,N,VIIRS,n,2,296.07,3.09,D,0
30.26345,75.09319,336.13,0.59,0.7,2021-11-02,900,N,VIIRS,n,2,295.93,3.79,D,0
30.26674,75.04669,347.51,0.59,0.7,2021-11-02,900,N,VIIRS,n,2,295.15,16.08,D,0
30.26697,75.43457,329.23,0.62,0.72,2021-11-02,900,N,VIIRS,n,2,291.43,3.67,D,0
30.26956,75.7861,347.45,0.65,0.73,2021-11-02,900,N,VIIRS,n,2,293.57,7.2,D,0
30.27037,75.4333,346.9,0.62,0.72,2021-11-02,900,N,VIIRS,n,2,291.82,9.83,D,0
30.27368,75.43422,330.27,0.62,0.72,2021-11-02,900,N,VIIRS,n,2,290.98,3.67,D,0
30.28355,75.2727,328.94,0.61,0.71,2021-11-02,900,N,VIIRS,n,2,291.87,3.95,D,0
30.2859,75.27393,333.01,0.61,0.71,2021-11-02,900,N,VIIRS,n,2,291.92,14.01,D,0
30.28696,75.50689,351.32,0.63,0.72,2021-11-02,900,N,VIIRS,n,2,294.17,11.25,D,0
30.28831,75.89916,335.35,0.66,0.73,2021-11-02,900,N,VIIRS,n,2,290.1,8.38,D,0
30.28909,75.89851,341.3,0.66,0.73,2021-11-02,900,N,VIIRS,n,2,290.74,13.8,D,0
30.28991,75.26574,329.58,0.61,0.71,2021-11-02,900,N,VIIRS,n,2,291.81,3.95,D,0
30.2902,75.27231,332.7,0.61,0.71,2021-11-02,900,N,VIIRS,n,2,291.35,3.95,D,0
30.29152,75.15458,334.38,0.6,0.71,2021-11-02,900,N,VIIRS,n,2,295.4,3.37,D,0
30.29222,75.26703,336.63,0.61,0.71,2021-11-02,900,N,VIIRS,n,2,291.85,7.46,D,0
30.2937,75.50653,344.57,0.63,0.72,2021-11-02,900,N,VIIRS,n,2,292.56,13.23,D,0
30.29561,75.61032,340.08,0.64,0.72,2021-11-02,900,N,VIIRS,n,2,292.6,6.38,D,0
30.29802,75.60915,352.44,0.64,0.72,2021-11-02,900,N,VIIRS,n,2,293.45,8.41,D,0
30.30239,75.60999,330.75,0.64,0.72,2021-11-02,900,N,VIIRS,n,2,291.48,4.25,D,0
30.31016,75.12763,335.82,0.6,0.7,2021-11-02,900,N,VIIRS,n,2,294.52,5.34,D,0
30.31247,75.03764,329.19,0.59,0.7,2021-11-02,900,N,VIIRS,n,2,295.37,3.34,D,0
30.32295,75.7553,356.64,0.65,0.73,2021-11-02,900,N,VIIRS,n,2,292.82,10.17,D,0
30.32453,75.75426,354.33,0.65,0.73,2021-11-02,900,N,VIIRS,n,2,292.01,12.49,D,0
30.32954,75.25698,337.2,0.61,0.71,2021-11-02,900,N,VIIRS,n,2,291.97,7.94,D,0
30.33146,75.79022,340.73,0.65,0.73,2021-11-02,900,N,VIIRS,n,2,287.59,5.08,D,0
30.33219,76.30352,328.15,0.7,0.75,2021-11-02,900,N,VIIRS,n,2,291.07,3.82,D,0
30.33284,75.78915,341.61,0.65,0.73,2021-11-02,900,N,VIIRS,n,2,285.99,6.33,D,0
30.33374,76.30377,328.66,0.7,0.75,2021-11-02,900,N,VIIRS,n,2,291,4.93,D,0
30.33846,75.02982,343.62,0.59,0.7,2021-11-02,900,N,VIIRS,n,2,295.99,6.87,D,0
30.33847,75.16495,345.01,0.6,0.71,2021-11-02,900,N,VIIRS,n,2,294.79,9.41,D,0
30.34212,75.53122,367,0.63,0.72,2021-11-02,900,N,VIIRS,h,2,294.63,13.53,D,0
30.35225,75.60633,335.04,0.64,0.72,2021-11-02,900,N,VIIRS,n,2,293.11,4.3,D,0
30.35547,75.38169,328.9,0.62,0.71,2021-11-02,900,N,VIIRS,n,2,291.82,4.33,D,0
30.35783,75.05798,338.69,0.59,0.7,2021-11-02,900,N,VIIRS,n,2,295.24,5.8,D,0
30.3583,75.44208,332.23,0.62,0.72,2021-11-02,900,N,VIIRS,n,2,292.96,4.2,D,0
30.359,75.75957,328.3,0.65,0.73,2021-11-02,900,N,VIIRS,n,2,290.64,4.22,D,0
30.35968,75.25272,332.81,0.61,0.71,2021-11-02,900,N,VIIRS,n,2,288.59,3.98,D,0
30.36058,75.64053,353.94,0.64,0.72,2021-11-02,900,N,VIIRS,n,2,293.69,12,D,0
30.36757,75.12824,344.43,0.6,0.7,2021-11-02,900,N,VIIRS,n,2,296.38,7.83,D,0
30.36799,75.65404,347.3,0.64,0.72,2021-11-02,900,N,VIIRS,n,2,293.39,12.95,D,0
30.36963,75.12443,330.96,0.6,0.7,2021-11-02,900,N,VIIRS,n,2,294.99,4.63,D,0
30.36996,75.13084,330.17,0.6,0.7,2021-11-02,900,N,VIIRS,n,2,294.77,6.77,D,0
30.37113,75.36494,332.14,0.62,0.71,2021-11-02,900,N,VIIRS,n,2,291.78,3.47,D,0
30.37526,75.30471,328.47,0.61,0.71,2021-11-02,900,N,VIIRS,n,2,292.62,5.98,D,0
30.37871,75.30715,336.25,0.61,0.71,2021-11-02,900,N,VIIRS,n,2,292.63,4.45,D,0
30.38169,75.80805,328.89,0.66,0.73,2021-11-02,900,N,VIIRS,n,2,287.91,5.77,D,0
30.38506,75.07566,352.08,0.59,0.7,2021-11-02,900,N,VIIRS,n,2,295.96,12.53,D,0
30.38564,75.08849,331.46,0.6,0.7,2021-11-02,900,N,VIIRS,n,2,294.97,6.92,D,0
30.38681,75.07202,356.8,0.59,0.7,2021-11-02,900,N,VIIRS,l,2,296.58,11.26,D,0
30.38711,75.12064,330.23,0.6,0.7,2021-11-02,900,N,VIIRS,n,2,294.08,3.45,D,0
30.39106,75.06245,343.19,0.59,0.7,2021-11-02,900,N,VIIRS,n,2,295.54,6.81,D,0
30.39179,75.22462,367,0.61,0.71,2021-11-02,900,N,VIIRS,h,2,296.26,20.97,D,0
30.39306,75.06525,334.84,0.59,0.7,2021-11-02,900,N,VIIRS,n,2,295.19,4.88,D,0
30.39476,75.22721,367,0.61,0.71,2021-11-02,900,N,VIIRS,h,2,296.04,19.7,D,0
30.39495,75.45112,330.49,0.63,0.72,2021-11-02,900,N,VIIRS,n,2,291.77,3.34,D,0
30.39516,75.50809,349.73,0.63,0.72,2021-11-02,900,N,VIIRS,n,2,292.88,7.41,D,0
30.39725,75.50544,350.99,0.63,0.72,2021-11-02,900,N,VIIRS,n,2,292.67,14.05,D,0
30.39853,75.08127,331.06,0.6,0.7,2021-11-02,900,N,VIIRS,n,2,293.99,4.58,D,0
30.40037,75.6178,338.31,0.64,0.72,2021-11-02,900,N,VIIRS,n,2,293.07,5.12,D,0
30.40182,75.61521,336.21,0.64,0.72,2021-11-02,900,N,VIIRS,n,2,292.52,8.72,D,0
30.40788,76.32111,333.37,0.7,0.75,2021-11-02,900,N,VIIRS,n,2,290.79,4.08,D,0
30.41045,76.32295,338.86,0.7,0.75,2021-11-02,900,N,VIIRS,n,2,291.16,7.77,D,0
30.41651,75.32908,340.57,0.62,0.71,2021-11-02,900,N,VIIRS,n,2,293.13,6.01,D,0
30.41706,76.38224,336.54,0.71,0.75,2021-11-02,900,N,VIIRS,n,2,291.32,5.05,D,0
30.42904,75.02828,354.37,0.59,0.7,2021-11-02,900,N,VIIRS,n,2,296.62,13.12,D,0
30.43708,75.19598,335.05,0.6,0.71,2021-11-02,900,N,VIIRS,n,2,293.26,6.53,D,0
30.43772,75.50325,340.79,0.63,0.72,2021-11-02,900,N,VIIRS,n,2,292.96,7.88,D,0
30.43831,75.22209,329.12,0.61,0.71,2021-11-02,900,N,VIIRS,n,2,293.1,8.4,D,0
30.43862,75.22864,345.18,0.61,0.71,2021-11-02,900,N,VIIRS,n,2,293.59,8.4,D,0
30.43893,75.23521,351.89,0.61,0.71,2021-11-02,900,N,VIIRS,n,2,294.21,17.09,D,0
30.43893,75.53054,331.74,0.63,0.72,2021-11-02,900,N,VIIRS,n,2,292.34,7.5,D,0
30.44139,75.28789,338.82,0.61,0.71,2021-11-02,900,N,VIIRS,n,2,291.76,5.62,D,0
30.44326,75.47573,328.22,0.63,0.72,2021-11-02,900,N,VIIRS,n,2,292.36,3.56,D,0
30.44599,75.53703,329.54,0.63,0.72,2021-11-02,900,N,VIIRS,n,2,292.32,7.5,D,0
30.44601,75.38771,343.4,0.62,0.71,2021-11-02,900,N,VIIRS,n,2,293.38,10.7,D,0
30.44733,75.72464,340.35,0.65,0.73,2021-11-02,900,N,VIIRS,n,2,291.98,8.09,D,0
30.44781,75.57827,335.04,0.64,0.72,2021-11-02,900,N,VIIRS,n,2,292.43,4.7,D,0
30.44846,75.02077,352.14,0.59,0.7,2021-11-02,900,N,VIIRS,n,2,296.57,8.44,D,0
30.45,75.47541,367,0.63,0.72,2021-11-02,900,N,VIIRS,h,2,292.73,16.24,D,0
30.45153,75.5094,350.56,0.63,0.72,2021-11-02,900,N,VIIRS,n,2,293.38,8,D,0
30.45599,75.03957,333.44,0.59,0.7,2021-11-02,900,N,VIIRS,n,2,294.72,4.07,D,0
30.46008,75.70297,367,0.65,0.73,2021-11-02,900,N,VIIRS,h,2,293.55,13.5,D,0
30.46679,76.38781,338.35,0.71,0.75,2021-11-02,900,N,VIIRS,n,2,290.89,10.51,D,0
30.47162,75.44278,336.49,0.63,0.72,2021-11-02,900,N,VIIRS,n,2,291.61,5.12,D,0
30.47459,75.56999,331.74,0.64,0.72,2021-11-02,900,N,VIIRS,n,2,291.9,5.55,D,0
30.47629,75.55878,336.62,0.64,0.72,2021-11-02,900,N,VIIRS,n,2,293.03,4.39,D,0
30.47684,75.57256,333.51,0.64,0.72,2021-11-02,900,N,VIIRS,n,2,291.82,8.95,D,0
30.47711,75.77979,332.12,0.65,0.73,2021-11-02,900,N,VIIRS,n,2,285.63,5.51,D,0
30.47979,75.53535,339.23,0.63,0.72,2021-11-02,900,N,VIIRS,n,2,292.65,3.49,D,0
30.48224,75.5378,338.89,0.63,0.72,2021-11-02,900,N,VIIRS,n,2,293.01,5.94,D,0
30.4884,75.36092,328.04,0.62,0.71,2021-11-02,900,N,VIIRS,n,2,292.01,2.58,D,0
30.48869,75.36763,329.62,0.62,0.71,2021-11-02,900,N,VIIRS,n,2,291.72,2.58,D,0
30.49166,75.35853,328.52,0.62,0.71,2021-11-02,900,N,VIIRS,n,2,291.82,3.14,D,0
30.4948,75.71532,332.2,0.65,0.73,2021-11-02,900,N,VIIRS,n,2,291.55,4.45,D,0
30.49651,75.09061,331.3,0.6,0.7,2021-11-02,900,N,VIIRS,n,2,294.35,6.73,D,0
30.49815,75.08874,333.39,0.6,0.7,2021-11-02,900,N,VIIRS,n,2,294.3,9.17,D,0
30.50067,75.69401,344.99,0.65,0.73,2021-11-02,900,N,VIIRS,n,2,291.56,13.8,D,0
30.50104,75.55491,337.64,0.63,0.72,2021-11-02,900,N,VIIRS,n,2,292.39,7.74,D,0
30.50174,75.03072,336.63,0.59,0.7,2021-11-02,900,N,VIIRS,n,2,294.64,3.66,D,0
30.50222,75.69667,367,0.65,0.73,2021-11-02,900,N,VIIRS,h,2,293.22,9.65,D,0
30.50646,75.31319,355.61,0.61,0.71,2021-11-02,900,N,VIIRS,n,2,293.48,9.07,D,0
30.50932,75.70336,329.38,0.65,0.73,2021-11-02,900,N,VIIRS,n,2,291.66,4.44,D,0
30.50943,75.31097,335.28,0.61,0.71,2021-11-02,900,N,VIIRS,n,2,291.34,8.07,D,0
30.5105,75.25323,351.46,0.61,0.71,2021-11-02,900,N,VIIRS,n,2,294.76,10.1,D,0
30.51097,75.47917,329.64,0.63,0.72,2021-11-02,900,N,VIIRS,n,2,292.08,4.82,D,0
30.51311,75.25111,343.49,0.61,0.71,2021-11-02,900,N,VIIRS,n,2,293.35,6.45,D,0
30.51953,75.30579,329.57,0.61,0.71,2021-11-02,900,N,VIIRS,n,2,291.54,6.28,D,0
30.52431,75.61605,343.08,0.64,0.72,2021-11-02,900,N,VIIRS,n,2,293.34,7.36,D,0
30.52794,75.69273,344.41,0.65,0.73,2021-11-02,900,N,VIIRS,n,2,292.38,12.02,D,0
30.52949,75.69527,354.71,0.65,0.73,2021-11-02,900,N,VIIRS,n,2,293.22,8.37,D,0
30.5328,75.61119,329.06,0.64,0.72,2021-11-02,900,N,VIIRS,n,2,292.14,3.79,D,0
30.53583,75.08193,367,0.6,0.7,2021-11-02,900,N,VIIRS,h,2,299.4,29.9,D,0
30.53719,75.71606,329.73,0.65,0.73,2021-11-02,900,N,VIIRS,n,2,290.91,4.47,D,0
30.53959,75.61084,348.77,0.64,0.72,2021-11-02,900,N,VIIRS,n,2,291.31,3.79,D,0
30.54028,76.45469,329.23,0.72,0.75,2021-11-02,900,N,VIIRS,n,2,288.65,2.95,D,0
30.54412,75.25802,356.31,0.61,0.71,2021-11-02,900,N,VIIRS,n,2,294.42,10.03,D,0
30.5455,75.75104,336.64,0.65,0.73,2021-11-02,900,N,VIIRS,n,2,292.17,4.22,D,0
30.54654,75.45915,355.03,0.63,0.72,2021-11-02,900,N,VIIRS,n,2,293.14,9.51,D,0
30.54965,75.09411,342.99,0.6,0.7,2021-11-02,900,N,VIIRS,n,2,294.53,10.72,D,0
30.55595,75.08728,350.11,0.6,0.7,2021-11-02,900,N,VIIRS,n,2,293.99,15.6,D,0
30.55626,75.09373,336.15,0.6,0.7,2021-11-02,900,N,VIIRS,n,2,293.57,10.72,D,0
30.55752,75.11958,335.92,0.6,0.71,2021-11-02,900,N,VIIRS,n,2,294.33,5.64,D,0
30.55783,75.12604,341.7,0.6,0.71,2021-11-02,900,N,VIIRS,n,2,294.04,5.64,D,0
30.55977,75.76456,343.68,0.65,0.73,2021-11-02,900,N,VIIRS,n,2,291.13,7.19,D,0
30.56179,75.35033,329.79,0.62,0.71,2021-11-02,900,N,VIIRS,n,2,292.13,2.96,D,0
30.56662,75.30996,344.41,0.61,0.71,2021-11-02,900,N,VIIRS,n,2,292.23,5.46,D,0
30.56757,75.05439,343.52,0.59,0.7,2021-11-02,900,N,VIIRS,n,2,294.64,6.16,D,0
30.57162,75.05107,339.71,0.59,0.7,2021-11-02,900,N,VIIRS,n,2,293.64,3.95,D,0
30.57608,75.09264,336.32,0.6,0.7,2021-11-02,900,N,VIIRS,n,2,294.42,7.03,D,0
30.5802,75.09579,332.85,0.6,0.7,2021-11-02,900,N,VIIRS,n,2,293.46,5.54,D,0
30.58337,75.48863,334.32,0.63,0.72,2021-11-02,900,N,VIIRS,n,2,293.15,3.55,D,0
30.58981,75.51856,330.16,0.63,0.72,2021-11-02,900,N,VIIRS,n,2,291.93,4.7,D,0
30.58984,75.31913,345.01,0.62,0.71,2021-11-02,900,N,VIIRS,n,2,292.92,7.7,D,0
30.59367,75.31524,346.22,0.62,0.71,2021-11-02,900,N,VIIRS,n,2,292.57,13.96,D,0
30.59432,75.32857,344.91,0.62,0.71,2021-11-02,900,N,VIIRS,n,2,292.71,9.22,D,0
30.6087,75.13973,330.14,0.6,0.71,2021-11-02,900,N,VIIRS,n,2,293.82,2.8,D,0
30.61074,75.53133,333.4,0.63,0.72,2021-11-02,900,N,VIIRS,n,2,292.17,4.99,D,0
30.61118,75.04879,336.74,0.59,0.7,2021-11-02,900,N,VIIRS,n,2,293.83,4.87,D,0
30.61208,75.52834,329.1,0.63,0.72,2021-11-02,900,N,VIIRS,n,2,291.77,3.49,D,0
30.64384,75.04053,336.38,0.59,0.7,2021-11-02,900,N,VIIRS,n,2,294.28,8.16,D,0
30.64446,75.05341,339.44,0.6,0.7,2021-11-02,900,N,VIIRS,n,2,294.13,8.19,D,0
30.65725,75.18291,338.18,0.61,0.71,2021-11-02,900,N,VIIRS,n,2,294.14,5.59,D,0
30.65745,76.43811,330.06,0.72,0.75,2021-11-02,900,N,VIIRS,n,2,290.93,6.03,D,0
30.65827,75.34901,337.63,0.62,0.71,2021-11-02,900,N,VIIRS,n,2,292.16,4.81,D,0
30.66171,75.13682,345.47,0.6,0.71,2021-11-02,900,N,VIIRS,n,2,294.35,6.3,D,0
30.66574,75.13486,328.63,0.6,0.71,2021-11-02,900,N,VIIRS,n,2,293,3.7,D,0
30.66664,75.85693,342.04,0.66,0.73,2021-11-02,900,N,VIIRS,n,2,291.69,7.53,D,0
30.67447,75.40896,335.65,0.62,0.72,2021-11-02,900,N,VIIRS,n,2,291.86,5.29,D,0
30.68419,76.49741,339.91,0.72,0.76,2021-11-02,900,N,VIIRS,n,2,291.01,7.63,D,0
30.68556,75.50401,327.85,0.63,0.72,2021-11-02,900,N,VIIRS,n,2,291.95,4.26,D,0
30.68696,75.48866,329.92,0.63,0.72,2021-11-02,900,N,VIIRS,n,2,291.79,5.44,D,0
30.68751,75.5024,331.74,0.63,0.72,2021-11-02,900,N,VIIRS,n,2,291.49,6.18,D,0
30.6902,75.31384,330.5,0.62,0.71,2021-11-02,900,N,VIIRS,n,2,291.69,3.25,D,0
30.69169,75.48998,335.15,0.63,0.72,2021-11-02,900,N,VIIRS,n,2,292.46,9.06,D,0
30.69316,75.47463,348.53,0.63,0.72,2021-11-02,900,N,VIIRS,n,2,292.96,7.19,D,0
30.69781,75.476,349.7,0.63,0.72,2021-11-02,900,N,VIIRS,n,2,292.82,8.59,D,0
30.70002,75.15912,334.36,0.6,0.71,2021-11-02,900,N,VIIRS,n,2,293.84,5.07,D,0
30.7013,75.5086,340.38,0.63,0.72,2021-11-02,900,N,VIIRS,n,2,292.01,6.33,D,0
30.70583,75.36005,331.57,0.62,0.71,2021-11-02,900,N,VIIRS,n,2,292.1,3.06,D,0
30.70616,75.50994,337.09,0.63,0.72,2021-11-02,900,N,VIIRS,n,2,291.97,6.38,D,0
30.71677,75.59244,328.12,0.64,0.72,2021-11-02,900,N,VIIRS,n,2,288.25,7.7,D,0
30.72065,75.52987,338.57,0.63,0.72,2021-11-02,900,N,VIIRS,n,2,291.13,6.23,D,0
30.72098,75.53677,327.74,0.64,0.72,2021-11-02,900,N,VIIRS,n,2,290.83,6.23,D,0
30.72244,75.52818,330.81,0.64,0.72,2021-11-02,900,N,VIIRS,n,2,291.04,6.22,D,0
30.72273,75.53507,336.09,0.64,0.72,2021-11-02,900,N,VIIRS,n,2,290.82,9.5,D,0
30.7258,75.29016,330.77,0.62,0.71,2021-11-02,900,N,VIIRS,n,2,293.56,4.57,D,0
30.73173,75.12466,344.01,0.6,0.71,2021-11-02,900,N,VIIRS,n,2,293.53,5.37,D,0
30.73437,75.65308,338.4,0.65,0.73,2021-11-02,900,N,VIIRS,n,2,292.04,5.68,D,0
30.74842,76.4002,344.4,0.71,0.75,2021-11-02,900,N,VIIRS,n,2,292.07,8.85,D,0
30.75163,76.40079,337.1,0.71,0.75,2021-11-02,900,N,VIIRS,n,2,291.22,8.63,D,0
30.75598,75.68018,351.99,0.65,0.73,2021-11-02,900,N,VIIRS,n,2,293.08,8.15,D,0
30.76008,75.16245,328,0.61,0.71,2021-11-02,900,N,VIIRS,n,2,293.35,2.28,D,0
30.76393,75.1034,337.27,0.6,0.71,2021-11-02,900,N,VIIRS,n,2,293.84,4.19,D,0
30.76424,75.10991,331.87,0.6,0.71,2021-11-02,900,N,VIIRS,n,2,293.65,4.19,D,0
30.78184,75.49075,351.66,0.63,0.72,2021-11-02,900,N,VIIRS,n,2,293.42,10.58,D,0
30.7831,75.4878,341.39,0.63,0.72,2021-11-02,900,N,VIIRS,n,2,291.87,7.26,D,0
30.78316,75.08935,339.37,0.6,0.71,2021-11-02,900,N,VIIRS,n,2,292.18,8.33,D,0
30.78348,75.09586,345.78,0.6,0.71,2021-11-02,900,N,VIIRS,n,2,294.01,8.33,D,0
30.78809,75.11842,348.47,0.6,0.71,2021-11-02,900,N,VIIRS,n,2,293.43,8.79,D,0
30.78922,75.50417,333.09,0.63,0.72,2021-11-02,900,N,VIIRS,n,2,293.09,7.78,D,0
30.79067,75.50811,332.47,0.63,0.72,2021-11-02,900,N,VIIRS,n,2,292.63,7.23,D,0
30.79137,75.12153,333.13,0.6,0.71,2021-11-02,900,N,VIIRS,n,2,292.7,6.55,D,0
30.80463,75.54498,367,0.64,0.72,2021-11-02,900,N,VIIRS,h,2,293,13.83,D,0
30.80557,75.54198,353.34,0.64,0.72,2021-11-02,900,N,VIIRS,n,2,291.88,10,D,0
30.8137,75.24915,330.86,0.61,0.71,2021-11-02,900,N,VIIRS,n,2,292.84,6.82,D,0
30.81778,75.25217,348.86,0.61,0.71,2021-11-02,900,N,VIIRS,n,2,293.03,11.87,D,0
30.81855,75.36306,336.94,0.62,0.72,2021-11-02,900,N,VIIRS,n,2,292.17,5.95,D,0
30.81908,75.27878,338.08,0.61,0.71,2021-11-02,900,N,VIIRS,n,2,292.98,5.5,D,0
30.82038,75.24879,341.98,0.61,0.71,2021-11-02,900,N,VIIRS,n,2,291.43,6.82,D,0
30.82137,75.59687,334.16,0.64,0.72,2021-11-02,900,N,VIIRS,n,2,291.74,6.56,D,0
30.82182,75.28211,327.54,0.62,0.71,2021-11-02,900,N,VIIRS,n,2,291.62,6.45,D,0
30.82722,75.59265,333.05,0.64,0.72,2021-11-02,900,N,VIIRS,n,2,290.89,7.33,D,0
30.83422,76.32428,337.24,0.71,0.75,2021-11-02,900,N,VIIRS,n,2,290.93,7.96,D,0
30.83778,76.32663,344.51,0.71,0.75,2021-11-02,900,N,VIIRS,n,2,291.81,7.33,D,0
30.85735,75.32728,336.37,0.62,0.71,2021-11-02,900,N,VIIRS,n,2,292.69,6.02,D,0
30.87157,75.49717,339.45,0.63,0.72,2021-11-02,900,N,VIIRS,n,2,291.83,7.44,D,0
30.87489,75.19134,330.08,0.61,0.71,2021-11-02,900,N,VIIRS,n,2,291.93,6.45,D,0
30.87767,75.18605,329.92,0.61,0.71,2021-11-02,900,N,VIIRS,n,2,291.88,3.9,D,0
30.89184,76.35327,329.58,0.71,0.75,2021-11-02,900,N,VIIRS,n,2,289.92,4.12,D,0
30.89514,75.19687,328.93,0.61,0.71,2021-11-02,900,N,VIIRS,n,2,292.18,2.73,D,0
30.90857,75.04524,331.48,0.6,0.7,2021-11-02,900,N,VIIRS,n,2,292.81,5.07,D,0
30.90886,75.05173,329.6,0.6,0.7,2021-11-02,900,N,VIIRS,n,2,292.31,7.15,D,0
30.9108,75.04689,345.57,0.6,0.7,2021-11-02,900,N,VIIRS,n,2,293.97,9.04,D,0
30.9122,76.3293,334.13,0.71,0.75,2021-11-02,900,N,VIIRS,n,2,291.31,5.21,D,0
30.91249,76.33707,337.57,0.71,0.75,2021-11-02,900,N,VIIRS,n,2,291.28,9.83,D,0
30.91469,75.12496,337.24,0.6,0.71,2021-11-02,900,N,VIIRS,n,2,292.67,6,D,0
30.92198,75.13776,338.06,0.6,0.71,2021-11-02,900,N,VIIRS,n,2,292.02,7.61,D,0
30.92231,75.14431,346.33,0.61,0.71,2021-11-02,900,N,VIIRS,n,2,292.43,7.61,D,0
30.92613,75.1424,367,0.61,0.71,2021-11-02,900,N,VIIRS,h,2,294.48,17.15,D,0
30.92868,75.05063,346.97,0.6,0.7,2021-11-02,900,N,VIIRS,n,2,292.54,14.33,D,0
30.931,76.26687,336.03,0.7,0.75,2021-11-02,900,N,VIIRS,n,2,291.35,7.53,D,0
30.93548,76.26626,344.23,0.7,0.75,2021-11-02,900,N,VIIRS,n,2,291.8,10.21,D,0
30.93587,76.03954,338.68,0.68,0.74,2021-11-02,900,N,VIIRS,n,2,291.7,4,D,0
30.93856,76.35915,333.81,0.71,0.75,2021-11-02,900,N,VIIRS,n,2,291.75,4.49,D,0
30.93955,76.30509,335.58,0.71,0.75,2021-11-02,900,N,VIIRS,n,2,291.45,7.89,D,0
30.94166,76.35932,328.07,0.71,0.75,2021-11-02,900,N,VIIRS,n,2,291.02,9.2,D,0
30.95026,75.38922,356.64,0.63,0.72,2021-11-02,900,N,VIIRS,n,2,292.97,11.84,D,0
30.95055,75.39601,333.11,0.63,0.72,2021-11-02,900,N,VIIRS,n,2,291.72,12.47,D,0
30.95543,75.05573,333.44,0.6,0.7,2021-11-02,900,N,VIIRS,n,2,292.42,6.97,D,0
30.96955,75.36782,332.55,0.62,0.72,2021-11-02,900,N,VIIRS,n,2,291.19,5.67,D,0
30.97308,76.43655,349.64,0.72,0.76,2021-11-02,900,N,VIIRS,n,2,293.29,12.81,D,0
30.97658,75.37428,330.39,0.63,0.72,2021-11-02,900,N,VIIRS,n,2,291.36,5.65,D,0
30.97664,76.43601,367,0.72,0.76,2021-11-02,900,N,VIIRS,h,2,291.89,19.76,D,0
30.98319,75.52538,330.32,0.64,0.72,2021-11-02,900,N,VIIRS,n,2,291.2,3.38,D,0
30.99118,75.55283,333.37,0.64,0.72,2021-11-02,900,N,VIIRS,n,2,290.94,7.68,D,0
30.99194,75.54662,340.32,0.64,0.72,2021-11-02,900,N,VIIRS,n,2,291.6,7.03,D,0
30.9922,75.55359,327.59,0.64,0.72,2021-11-02,900,N,VIIRS,n,2,290.73,9.53,D,0
30.99661,76.20231,339.85,0.7,0.75,2021-11-02,900,N,VIIRS,n,2,292.2,8.04,D,0
30.04078,76.14155,331.29,0.66,0.73,2021-11-03,700,N,VIIRS,n,2,294.83,8.35,D,0
30.00635,75.85783,333.29,0.68,0.74,2021-11-03,701,N,VIIRS,n,2,295.74,5.07,D,0
30.01763,75.84598,342.14,0.68,0.74,2021-11-03,701,N,VIIRS,n,2,296.73,10.28,D,0
30.01961,75.85297,334.25,0.68,0.74,2021-11-03,701,N,VIIRS,n,2,295.56,11.74,D,0
30.02331,75.35792,338.29,0.72,0.76,2021-11-03,701,N,VIIRS,n,2,298.01,6.4,D,0
30.02428,75.35435,332.86,0.73,0.76,2021-11-03,701,N,VIIRS,n,2,296.86,5.19,D,0
30.0349,75.72873,328.4,0.69,0.74,2021-11-03,701,N,VIIRS,n,2,297.93,6.22,D,0
30.03627,75.72997,341.66,0.69,0.74,2021-11-03,701,N,VIIRS,n,2,298.52,10.42,D,0
30.03694,75.73582,344.04,0.69,0.74,2021-11-03,701,N,VIIRS,n,2,297.18,6.22,D,0
30.03826,75.73707,337.74,0.69,0.74,2021-11-03,701,N,VIIRS,n,2,296.85,12.99,D,0
30.04465,76.14655,332.47,0.66,0.73,2021-11-03,701,N,VIIRS,n,2,294.52,6.31,D,0
30.05815,75.34161,329.15,0.73,0.76,2021-11-03,701,N,VIIRS,n,2,297.25,4.89,D,0
30.06182,75.33539,344.26,0.73,0.76,2021-11-03,701,N,VIIRS,n,2,296.37,7.9,D,0
30.06326,75.54635,330.69,0.71,0.75,2021-11-03,701,N,VIIRS,n,2,296.44,2.57,D,0
30.06732,75.66164,336.3,0.7,0.75,2021-11-03,701,N,VIIRS,n,2,297.63,5.43,D,0
30.07109,75.778,367,0.69,0.74,2021-11-03,701,N,VIIRS,h,2,298.85,18.59,D,0
30.0721,75.77927,367,0.69,0.74,2021-11-03,701,N,VIIRS,h,2,298.9,14.18,D,0
30.07509,75.14615,328.16,0.74,0.76,2021-11-03,701,N,VIIRS,n,2,294.51,8.15,D,0
30.07815,75.14359,336.93,0.74,0.76,2021-11-03,701,N,VIIRS,n,2,294.96,6.92,D,0
30.0827,75.66386,344.25,0.7,0.75,2021-11-03,701,N,VIIRS,n,2,298.03,9.12,D,0
30.09249,76.23959,333.96,0.65,0.73,2021-11-03,701,N,VIIRS,n,2,294.86,4.11,D,0
30.11534,75.49496,341.7,0.71,0.75,2021-11-03,701,N,VIIRS,n,2,298.7,6.26,D,0
30.11913,75.38619,341.7,0.72,0.75,2021-11-03,701,N,VIIRS,n,2,297.03,5.35,D,0
30.12039,75.46073,346.12,0.71,0.75,2021-11-03,701,N,VIIRS,n,2,298.81,7.28,D,0
30.12164,75.38702,339.44,0.72,0.75,2021-11-03,701,N,VIIRS,n,2,296.81,6.61,D,0
30.1249,75.6825,330.78,0.69,0.74,2021-11-03,701,N,VIIRS,n,2,297.15,4.2,D,0
30.13589,75.28946,332.1,0.73,0.76,2021-11-03,701,N,VIIRS,n,2,296.35,4.7,D,0
30.13882,75.28986,332.48,0.73,0.76,2021-11-03,701,N,VIIRS,n,2,296.26,4.3,D,0
30.14046,76.35977,337.82,0.63,0.72,2021-11-03,701,N,VIIRS,n,2,295.45,4.61,D,0
30.14165,75.15357,335.43,0.74,0.76,2021-11-03,701,N,VIIRS,n,2,295.9,6.44,D,0
30.14339,75.21166,341.52,0.73,0.76,2021-11-03,701,N,VIIRS,n,2,297.16,6.4,D,0
30.14441,75.59622,343.83,0.7,0.75,2021-11-03,701,N,VIIRS,n,2,296.37,10.25,D,0
30.14481,75.47401,340.57,0.71,0.75,2021-11-03,701,N,VIIRS,n,2,296.18,11.63,D,0
30.14685,75.47515,367,0.71,0.75,2021-11-03,701,N,VIIRS,h,2,296.77,17.41,D,0
30.14694,75.48131,349.36,0.71,0.75,2021-11-03,701,N,VIIRS,n,2,296.59,15.81,D,0
30.14951,75.66554,347.69,0.69,0.74,2021-11-03,701,N,VIIRS,n,2,296.62,11.37,D,0
30.15076,75.6701,367,0.69,0.74,2021-11-03,701,N,VIIRS,h,2,299.42,17.6,D,0
30.15155,75.67265,347.21,0.69,0.74,2021-11-03,701,N,VIIRS,n,2,296.51,11.37,D,0
30.15436,75.43003,334.27,0.71,0.75,2021-11-03,701,N,VIIRS,n,2,295.7,5.4,D,0
30.1643,75.69147,331.2,0.69,0.74,2021-11-03,701,N,VIIRS,n,2,295.65,4.71,D,0
30.17558,75.86301,332.41,0.67,0.74,2021-11-03,701,N,VIIRS,n,2,295.19,4.08,D,0
30.17822,75.07931,329.13,0.74,0.76,2021-11-03,701,N,VIIRS,n,2,295.11,8.45,D,0
30.18081,75.07941,336.04,0.74,0.76,2021-11-03,701,N,VIIRS,n,2,295.24,7.26,D,0
30.19189,75.45661,329.21,0.71,0.75,2021-11-03,701,N,VIIRS,n,2,295.91,3.85,D,0
30.19516,75.3905,334.52,0.71,0.75,2021-11-03,701,N,VIIRS,n,2,297.65,5.11,D,0
30.19694,75.55105,337.48,0.7,0.75,2021-11-03,701,N,VIIRS,n,2,295.98,6.25,D,0
30.19844,75.55225,342.45,0.7,0.75,2021-11-03,701,N,VIIRS,n,2,296.24,5.98,D,0
30.20423,76.34873,330.93,0.63,0.72,2021-11-03,701,N,VIIRS,n,2,294.9,2.9,D,0
30.20863,75.38545,347.84,0.71,0.75,2021-11-03,701,N,VIIRS,n,2,298.58,8.45,D,0
30.21246,75.42467,341.82,0.71,0.75,2021-11-03,701,N,VIIRS,n,2,297.58,9.97,D,0
30.24492,75.43529,335.82,0.71,0.75,2021-11-03,701,N,VIIRS,n,2,296.24,6.77,D,0
30.24563,75.43654,335.4,0.71,0.75,2021-11-03,701,N,VIIRS,n,2,296.13,3.74,D,0
30.25687,76.19411,328.53,0.64,0.72,2021-11-03,701,N,VIIRS,n,2,293.68,3.21,D,0
30.26645,75.48357,340.98,0.7,0.75,2021-11-03,701,N,VIIRS,n,2,295.75,8.29,D,0
30.2669,75.485,333.13,0.7,0.75,2021-11-03,701,N,VIIRS,n,2,296.28,5.23,D,0
30.27221,75.22034,329.13,0.73,0.76,2021-11-03,701,N,VIIRS,n,2,295.99,3.27,D,0
30.29196,75.41782,334.61,0.71,0.75,2021-11-03,701,N,VIIRS,n,2,295.89,6.64,D,0
30.29838,75.88125,332.33,0.67,0.74,2021-11-03,701,N,VIIRS,n,2,295.26,10.23,D,0
30.2987,75.87907,347.97,0.67,0.73,2021-11-03,701,N,VIIRS,n,2,295.83,7.59,D,0
30.31067,76.23272,342.91,0.64,0.72,2021-11-03,701,N,VIIRS,n,2,294.15,7.59,D,0
30.31521,75.60047,330.64,0.69,0.74,2021-11-03,701,N,VIIRS,n,2,295.95,2.77,D,0
30.32956,75.65006,329.95,0.69,0.74,2021-11-03,701,N,VIIRS,n,2,296.11,3.01,D,0
30.33212,75.63348,330.36,0.69,0.74,2021-11-03,701,N,VIIRS,n,2,296.77,7.48,D,0
30.3344,75.77423,328.17,0.68,0.74,2021-11-03,701,N,VIIRS,n,2,296.08,3.34,D,0
30.33567,75.80444,346.44,0.67,0.74,2021-11-03,701,N,VIIRS,n,2,296.45,7.92,D,0
30.3357,75.64947,328.24,0.69,0.74,2021-11-03,701,N,VIIRS,n,2,296.09,6.25,D,0
30.341,75.77177,329.33,0.68,0.74,2021-11-03,701,N,VIIRS,n,2,294.18,3.34,D,0
30.35361,75.63488,335.83,0.69,0.74,2021-11-03,701,N,VIIRS,n,2,296.76,3.49,D,0
30.3541,75.63316,335.28,0.69,0.74,2021-11-03,701,N,VIIRS,n,2,296.48,4.62,D,0
30.37604,75.48036,334.7,0.7,0.75,2021-11-03,701,N,VIIRS,n,2,296.31,7.37,D,0
30.37727,75.48227,350.73,0.7,0.75,2021-11-03,701,N,VIIRS,n,2,296.95,9.86,D,0
30.37814,75.48754,346.15,0.7,0.75,2021-11-03,701,N,VIIRS,n,2,296.83,10.43,D,0
30.37933,75.48948,329.07,0.7,0.75,2021-11-03,701,N,VIIRS,n,2,295.56,9.86,D,0
30.38482,75.48506,329.01,0.7,0.75,2021-11-03,701,N,VIIRS,n,2,296.28,10.02,D,0
30.386,75.48696,346.47,0.7,0.75,2021-11-03,701,N,VIIRS,n,2,296.07,9.86,D,0
30.38691,75.49224,367,0.7,0.75,2021-11-03,701,N,VIIRS,h,2,298.04,10.02,D,0
30.38805,75.49416,342.71,0.7,0.75,2021-11-03,701,N,VIIRS,n,2,296.76,18.03,D,0
30.39616,75.81254,346.83,0.67,0.74,2021-11-03,701,N,VIIRS,n,2,295.75,9.65,D,0
30.39761,75.81034,367,0.67,0.74,2021-11-03,701,N,VIIRS,h,2,297.44,18.47,D,0
30.39961,75.05145,329.62,0.74,0.76,2021-11-03,701,N,VIIRS,n,2,294.59,4.9,D,0
30.40178,75.05205,328.93,0.74,0.76,2021-11-03,701,N,VIIRS,n,2,294.29,4.37,D,0
30.40311,75.86327,344.57,0.67,0.73,2021-11-03,701,N,VIIRS,n,2,295.8,5.51,D,0
30.4048,75.86083,336.41,0.67,0.73,2021-11-03,701,N,VIIRS,n,2,295.25,8.06,D,0
30.40752,75.5107,339.42,0.7,0.75,2021-11-03,701,N,VIIRS,n,2,296.87,4.55,D,0
30.40835,75.25787,367,0.72,0.75,2021-11-03,701,N,VIIRS,h,2,295.82,14.47,D,0
30.41048,75.26524,335.84,0.72,0.75,2021-11-03,701,N,VIIRS,n,2,295.56,15.88,D,0
30.41211,75.75906,367,0.67,0.74,2021-11-03,701,N,VIIRS,h,2,297.23,18.97,D,0
30.41319,75.5063,340.95,0.7,0.75,2021-11-03,701,N,VIIRS,n,2,295.2,13.92,D,0
30.41419,75.50821,341.16,0.7,0.75,2021-11-03,701,N,VIIRS,n,2,295.45,5.5,D,0
30.41449,75.43403,367,0.7,0.75,2021-11-03,701,N,VIIRS,h,2,297.66,16.51,D,0
30.41583,75.43563,367,0.7,0.75,2021-11-03,701,N,VIIRS,h,2,298.44,21.31,D,0
30.41588,75.618,330.7,0.69,0.74,2021-11-03,701,N,VIIRS,n,2,295.42,5.57,D,0
30.41649,75.59425,338.89,0.69,0.74,2021-11-03,701,N,VIIRS,n,2,295.49,7.09,D,0
30.41659,75.44126,332.52,0.7,0.75,2021-11-03,701,N,VIIRS,n,2,296.04,16.63,D,0
30.41796,75.59911,355.39,0.69,0.74,2021-11-03,701,N,VIIRS,n,2,297.13,16.98,D,0
30.41851,75.60136,337.04,0.69,0.74,2021-11-03,701,N,VIIRS,n,2,295.71,7.09,D,0
30.42068,75.76354,354.93,0.67,0.74,2021-11-03,701,N,VIIRS,n,2,296.03,21.13,D,0
30.43224,75.54664,349.12,0.69,0.74,2021-11-03,701,N,VIIRS,n,2,297.61,14.06,D,0
30.43299,75.54862,367,0.69,0.74,2021-11-03,701,N,VIIRS,h,2,298.67,13.84,D,0
30.43429,75.55374,341.55,0.69,0.74,2021-11-03,701,N,VIIRS,n,2,296.48,14.06,D,0
30.43685,75.53705,350.17,0.69,0.74,2021-11-03,701,N,VIIRS,n,2,296.98,18.09,D,0
30.43763,75.53898,367,0.69,0.74,2021-11-03,701,N,VIIRS,h,2,298.55,13.17,D,0
30.4389,75.54417,354.58,0.69,0.74,2021-11-03,701,N,VIIRS,n,2,297.28,14.06,D,0
30.43964,75.54611,333.98,0.69,0.74,2021-11-03,701,N,VIIRS,n,2,295.88,13.17,D,0
30.44005,75.36806,356.78,0.71,0.75,2021-11-03,701,N,VIIRS,n,2,297.23,15.46,D,0
30.4403,75.06134,330.06,0.73,0.76,2021-11-03,701,N,VIIRS,n,2,295.12,15.15,D,0
30.44471,75.07649,367,0.73,0.76,2021-11-03,701,N,VIIRS,h,2,297.99,31.83,D,0
30.44844,75.70444,328.73,0.68,0.74,2021-11-03,701,N,VIIRS,n,2,295.53,4.37,D,0
30.45674,75.6316,330.33,0.68,0.74,2021-11-03,701,N,VIIRS,n,2,296.05,3.77,D,0
30.45683,75.52963,329.26,0.69,0.74,2021-11-03,701,N,VIIRS,n,2,296.75,3.68,D,0
30.45757,75.76519,342.28,0.67,0.74,2021-11-03,701,N,VIIRS,n,2,295.2,9.22,D,0
30.45987,75.76928,330.35,0.67,0.74,2021-11-03,701,N,VIIRS,n,2,294.14,6.81,D,0
30.47573,75.82426,339.13,0.67,0.73,2021-11-03,701,N,VIIRS,n,2,295.56,7.36,D,0
30.47952,75.27172,328.41,0.71,0.75,2021-11-03,701,N,VIIRS,n,2,294.53,3.28,D,0
30.48163,75.82473,328.63,0.67,0.73,2021-11-03,701,N,VIIRS,n,2,293.65,9.09,D,0
30.48451,75.47165,333.16,0.7,0.75,2021-11-03,701,N,VIIRS,n,2,296.01,4.75,D,0
30.48658,75.73896,330.64,0.67,0.74,2021-11-03,701,N,VIIRS,n,2,295.08,7.52,D,0
30.4873,75.71558,336.49,0.68,0.74,2021-11-03,701,N,VIIRS,n,2,295.69,4.58,D,0
30.48748,75.71311,331.04,0.67,0.74,2021-11-03,701,N,VIIRS,n,2,295.39,7.31,D,0
30.49591,75.64037,333.39,0.68,0.74,2021-11-03,701,N,VIIRS,n,2,295.75,4.34,D,0
30.50117,75.52679,328.35,0.69,0.74,2021-11-03,701,N,VIIRS,n,2,295.86,4.72,D,0
30.50584,75.05319,334.53,0.73,0.76,2021-11-03,701,N,VIIRS,n,2,295.12,6.26,D,0
30.5069,75.55026,354.14,0.69,0.74,2021-11-03,701,N,VIIRS,n,2,296.79,11.82,D,0
30.50738,75.54814,350.67,0.69,0.74,2021-11-03,701,N,VIIRS,n,2,296.67,8.06,D,0
30.50745,75.52633,367,0.69,0.74,2021-11-03,701,N,VIIRS,h,2,297.13,15.97,D,0
30.50782,75.5243,356.45,0.69,0.74,2021-11-03,701,N,VIIRS,n,2,295.6,13.77,D,0
30.50976,76.00171,338.41,0.65,0.73,2021-11-03,701,N,VIIRS,n,2,293.63,8.56,D,0
30.51577,75.63299,367,0.68,0.74,2021-11-03,701,N,VIIRS,h,2,297.94,15.59,D,0
30.52513,75.97099,333,0.65,0.73,2021-11-03,701,N,VIIRS,n,2,294.15,5.06,D,0
30.52969,76.42083,347.86,0.62,0.71,2021-11-03,701,N,VIIRS,n,2,295.3,12.3,D,0
30.53001,75.50204,349.91,0.69,0.74,2021-11-03,701,N,VIIRS,n,2,296.54,10.4,D,0
30.53032,75.50019,345.25,0.69,0.74,2021-11-03,701,N,VIIRS,n,2,296.39,7.67,D,0
30.53084,75.55692,328.78,0.69,0.74,2021-11-03,701,N,VIIRS,n,2,294.51,6.38,D,0
30.5314,75.55482,337.19,0.69,0.74,2021-11-03,701,N,VIIRS,n,2,294.99,6.58,D,0
30.5343,76.41668,344.81,0.62,0.71,2021-11-03,701,N,VIIRS,n,2,293.39,9.92,D,0
30.53793,75.4498,333.31,0.7,0.75,2021-11-03,701,N,VIIRS,n,2,295.38,5.56,D,0
30.54272,76.37167,353.26,0.62,0.71,2021-11-03,701,N,VIIRS,n,2,294.78,11.71,D,0
30.54292,76.36684,334.02,0.62,0.71,2021-11-03,701,N,VIIRS,n,2,293.01,6.55,D,0
30.54469,76.37325,333.63,0.62,0.71,2021-11-03,701,N,VIIRS,n,2,293.48,8.45,D,0
30.55273,75.71175,350.28,0.67,0.74,2021-11-03,701,N,VIIRS,n,2,295.43,8.79,D,0
30.55408,75.70917,351.41,0.67,0.74,2021-11-03,701,N,VIIRS,n,2,295.19,10.11,D,0
30.56139,75.63912,328.56,0.68,0.74,2021-11-03,701,N,VIIRS,n,2,296.48,3.58,D,0
30.56422,75.8293,330.61,0.66,0.73,2021-11-03,701,N,VIIRS,n,2,294.07,2.98,D,0
30.56661,75.68351,341.75,0.67,0.74,2021-11-03,701,N,VIIRS,n,2,294.78,7.52,D,0
30.56786,75.68105,330.25,0.67,0.74,2021-11-03,701,N,VIIRS,n,2,294.44,4.34,D,0
30.57422,76.09271,329.88,0.64,0.72,2021-11-03,701,N,VIIRS,n,2,293.47,4.85,D,0
30.58224,75.62939,333.54,0.68,0.74,2021-11-03,701,N,VIIRS,n,2,295.01,8.47,D,0
30.58611,75.46336,347.88,0.69,0.74,2021-11-03,701,N,VIIRS,n,2,295.54,11.93,D,0
30.58633,75.46498,367,0.69,0.74,2021-11-03,701,N,VIIRS,h,2,296.94,11.45,D,0
30.58885,75.62691,367,0.68,0.74,2021-11-03,701,N,VIIRS,h,2,294.52,8.47,D,0
30.60028,75.76843,331.13,0.67,0.73,2021-11-03,701,N,VIIRS,n,2,294.6,4.91,D,0
30.60508,75.76859,331.04,0.67,0.73,2021-11-03,701,N,VIIRS,n,2,293.8,4.98,D,0
30.60756,75.48693,343.4,0.69,0.74,2021-11-03,701,N,VIIRS,n,2,295.3,8.73,D,0
30.60795,75.48852,340.06,0.69,0.74,2021-11-03,701,N,VIIRS,n,2,295.18,7.67,D,0
30.60832,76.03631,331.64,0.64,0.72,2021-11-03,701,N,VIIRS,n,2,293.93,3.01,D,0
30.62639,75.83424,332.45,0.66,0.73,2021-11-03,701,N,VIIRS,n,2,294.12,6.82,D,0
30.63387,75.39963,328.72,0.7,0.75,2021-11-03,701,N,VIIRS,n,2,293.9,2.91,D,0
30.63535,75.17251,332.98,0.72,0.75,2021-11-03,701,N,VIIRS,n,2,294.75,4.76,D,0
30.65378,75.13244,330.2,0.72,0.76,2021-11-03,701,N,VIIRS,n,2,295.3,11.5,D,0
30.65714,75.12169,352.25,0.72,0.76,2021-11-03,701,N,VIIRS,n,2,294.96,17.82,D,0
30.65839,75.1224,354.62,0.72,0.76,2021-11-03,701,N,VIIRS,n,2,294.72,11.5,D,0
30.65931,75.12912,367,0.72,0.75,2021-11-03,701,N,VIIRS,h,2,297.53,27.88,D,0
30.66005,75.72327,332.89,0.67,0.73,2021-11-03,701,N,VIIRS,n,2,293.38,4.67,D,0
30.66052,75.12984,350.36,0.72,0.76,2021-11-03,701,N,VIIRS,n,2,295.75,11.5,D,0
30.66165,75.724,341.37,0.67,0.73,2021-11-03,701,N,VIIRS,n,2,294.14,7.16,D,0
30.66822,75.20911,328.53,0.71,0.75,2021-11-03,701,N,VIIRS,n,2,295.07,3.01,D,0
30.67235,76.40825,328.5,0.61,0.71,2021-11-03,701,N,VIIRS,n,2,293.91,4.08,D,0
30.68022,75.76892,346.75,0.66,0.73,2021-11-03,701,N,VIIRS,n,2,295.56,10.68,D,0
30.68053,75.48489,333.25,0.69,0.74,2021-11-03,701,N,VIIRS,n,2,294.53,4.67,D,0
30.68208,75.41319,340.32,0.69,0.74,2021-11-03,701,N,VIIRS,n,2,293.8,7.04,D,0
30.68208,75.76954,346.65,0.66,0.73,2021-11-03,701,N,VIIRS,n,2,294.62,10.98,D,0
30.69303,75.11628,347.53,0.72,0.75,2021-11-03,701,N,VIIRS,n,2,296.02,9.77,D,0
30.69917,75.96355,342.69,0.65,0.73,2021-11-03,701,N,VIIRS,n,2,294.54,6.02,D,0
30.70111,76.48775,344.19,0.61,0.71,2021-11-03,701,N,VIIRS,n,2,295.04,8.73,D,0
30.70408,75.41276,338.33,0.69,0.74,2021-11-03,701,N,VIIRS,n,2,293.85,6.51,D,0
30.7043,75.41108,341.61,0.69,0.74,2021-11-03,701,N,VIIRS,n,2,293.97,6.34,D,0
30.70737,75.21733,353.78,0.71,0.75,2021-11-03,701,N,VIIRS,n,2,294.58,15.37,D,0
30.70949,75.22464,344.69,0.71,0.75,2021-11-03,701,N,VIIRS,n,2,294.82,19.03,D,0
30.72005,75.80077,329.79,0.66,0.73,2021-11-03,701,N,VIIRS,n,2,293.04,3.94,D,0
30.7206,75.54808,332.95,0.68,0.74,2021-11-03,701,N,VIIRS,n,2,293.91,5.89,D,0
30.72118,75.52443,331.25,0.68,0.74,2021-11-03,701,N,VIIRS,n,2,294.39,7.19,D,0
30.72197,75.52234,329.32,0.68,0.74,2021-11-03,701,N,VIIRS,n,2,293.51,6.11,D,0
30.72277,76.46995,330.3,0.61,0.71,2021-11-03,701,N,VIIRS,n,2,294.45,3.31,D,0
30.72674,75.25854,338.3,0.7,0.75,2021-11-03,701,N,VIIRS,n,2,294.45,4.69,D,0
30.74262,75.36488,329.61,0.69,0.75,2021-11-03,701,N,VIIRS,n,2,293.53,4.03,D,0
30.75062,75.16644,351.1,0.71,0.75,2021-11-03,701,N,VIIRS,n,2,295.69,11.64,D,0
30.7526,75.1674,350.1,0.71,0.75,2021-11-03,701,N,VIIRS,n,2,295.42,8.81,D,0
30.75397,75.04996,336,0.72,0.76,2021-11-03,701,N,VIIRS,n,2,294.38,6.07,D,0
30.76334,76.46616,330.92,0.6,0.71,2021-11-03,701,N,VIIRS,n,2,294.68,3.4,D,0
30.77413,75.62656,333.61,0.67,0.74,2021-11-03,701,N,VIIRS,n,2,293.83,5.95,D,0
30.78083,75.24424,336.65,0.7,0.75,2021-11-03,701,N,VIIRS,n,2,294.06,5.83,D,0
30.78236,75.24539,329.86,0.7,0.75,2021-11-03,701,N,VIIRS,n,2,294.02,5.72,D,0
30.7915,76.14014,332.3,0.63,0.72,2021-11-03,701,N,VIIRS,n,2,293.6,3.44,D,0
30.79387,75.26345,334.01,0.7,0.75,2021-11-03,701,N,VIIRS,n,2,294.47,5.15,D,0
30.79527,75.26464,331.19,0.7,0.75,2021-11-03,701,N,VIIRS,n,2,293.65,5.11,D,0
30.79536,76.13963,339.3,0.63,0.72,2021-11-03,701,N,VIIRS,n,2,293.55,4.09,D,0
30.80609,75.79854,333.5,0.66,0.73,2021-11-03,701,N,VIIRS,n,2,293.42,4.07,D,0
30.82652,75.04586,349.34,0.72,0.75,2021-11-03,701,N,VIIRS,n,2,294.33,12.29,D,0
30.82793,75.04641,350.55,0.72,0.76,2021-11-03,701,N,VIIRS,n,2,294.12,15.84,D,0
30.82872,75.05331,347.28,0.72,0.75,2021-11-03,701,N,VIIRS,n,2,294.47,12.29,D,0
30.83009,75.0539,334.98,0.72,0.75,2021-11-03,701,N,VIIRS,n,2,293.72,17.75,D,0
30.87243,76.11107,337.56,0.63,0.72,2021-11-03,701,N,VIIRS,n,2,293.61,6.14,D,0
30.91156,75.72683,329.12,0.66,0.73,2021-11-03,701,N,VIIRS,n,2,292.63,3.56,D,0
30.92859,76.41267,327.62,0.6,0.71,2021-11-03,701,N,VIIRS,n,2,293.45,1.97,D,0
30.93902,75.07876,330.36,0.71,0.75,2021-11-03,701,N,VIIRS,n,2,293.32,5.29,D,0
30.94339,75.62921,335.32,0.66,0.73,2021-11-03,701,N,VIIRS,n,2,293.86,9.17,D,0
30.96709,76.42591,329.79,0.6,0.71,2021-11-03,701,N,VIIRS,n,2,293.61,3.06,D,0
30.97742,75.03119,330.03,0.71,0.75,2021-11-03,701,N,VIIRS,n,2,292.76,5.97,D,0
30.98814,76.27756,329.91,0.61,0.71,2021-11-03,701,N,VIIRS,n,2,293.84,3.76,D,0
30.98982,75.27707,367,0.69,0.74,2021-11-03,701,N,VIIRS,h,2,295.83,16.86,D,0
30.98985,75.27518,367,0.69,0.74,2021-11-03,701,N,VIIRS,h,2,294.77,23.06,D,0
30.99096,76.03563,330.01,0.63,0.72,2021-11-03,701,N,VIIRS,n,2,293.94,3.26,D,0
30.99301,75.0334,327.73,0.71,0.75,2021-11-03,701,N,VIIRS,n,2,293.18,3.69,D,0
30.00042,75.86488,350.31,0.34,0.56,2021-11-03,841,N,VIIRS,n,2,299.07,3.67,D,0
30.00066,75.86433,341.8,0.34,0.56,2021-11-03,841,N,VIIRS,n,2,297.81,3.63,D,0
30.00105,76.06801,345.62,0.35,0.57,2021-11-03,841,N,VIIRS,n,2,299.1,6.83,D,0
30.00352,75.50146,367,0.33,0.55,2021-11-03,841,N,VIIRS,h,2,308.48,13.36,D,0
30.0037,75.25458,340.51,0.63,0.54,2021-11-03,841,N,VIIRS,n,2,297.76,5.43,D,0
30.00419,75.4462,337.62,0.32,0.55,2021-11-03,841,N,VIIRS,n,2,297.98,2.1,D,0
30.00463,75.51521,352.54,0.33,0.55,2021-11-03,841,N,VIIRS,n,2,302.62,3.99,D,0
30.00741,75.3604,333.29,0.32,0.55,2021-11-03,841,N,VIIRS,n,2,298.87,3.13,D,0
30.00755,75.61634,355.41,0.33,0.55,2021-11-03,841,N,VIIRS,n,2,301.18,4.79,D,0
30.00815,75.06916,340.18,0.61,0.54,2021-11-03,841,N,VIIRS,n,2,298.62,5.3,D,0
30.00852,75.56361,348.41,0.33,0.55,2021-11-03,841,N,VIIRS,n,2,300.69,3.91,D,0
30.00864,75.50094,347.42,0.33,0.55,2021-11-03,841,N,VIIRS,n,2,299.56,3.83,D,0
30.00874,75.25404,335.35,0.63,0.54,2021-11-03,841,N,VIIRS,n,2,297.09,6.86,D,0
30.01042,76.32283,356.81,0.36,0.58,2021-11-03,841,N,VIIRS,n,2,300.48,5.3,D,0
30.0106,75.65491,367,0.33,0.55,2021-11-03,841,N,VIIRS,h,2,305.78,9.54,D,0
30.01088,75.65841,342.11,0.33,0.55,2021-11-03,841,N,VIIRS,n,2,303.65,10.34,D,0
30.0113,75.59838,346.22,0.33,0.55,2021-11-03,841,N,VIIRS,n,2,300.46,5.52,D,0
30.01159,75.60186,367,0.33,0.55,2021-11-03,841,N,VIIRS,h,2,303.18,13.44,D,0
30.01309,75.95854,336.57,0.35,0.56,2021-11-03,841,N,VIIRS,n,2,297.39,3.32,D,0
30.01312,75.06862,340.4,0.61,0.54,2021-11-03,841,N,VIIRS,n,2,297.43,7.63,D,0
30.01321,75.18697,334.62,0.62,0.54,2021-11-03,841,N,VIIRS,n,2,297.21,5.36,D,0
30.01322,75.24687,340.34,0.63,0.54,2021-11-03,841,N,VIIRS,n,2,297.65,9.33,D,0
30.01337,75.96221,337.77,0.35,0.56,2021-11-03,841,N,VIIRS,n,2,298.55,4.82,D,0
30.01378,75.25352,332.4,0.63,0.54,2021-11-03,841,N,VIIRS,n,2,297.42,6.86,D,0
30.01497,75.84467,331.61,0.34,0.56,2021-11-03,841,N,VIIRS,n,2,299.24,2.88,D,0
30.01524,75.84828,348.53,0.34,0.56,2021-11-03,841,N,VIIRS,n,2,301.43,2.88,D,0
30.01767,75.54868,367,0.33,0.55,2021-11-03,841,N,VIIRS,h,2,302.31,6.24,D,0
30.01827,75.30681,343.48,0.63,0.54,2021-11-03,841,N,VIIRS,n,2,300.11,8.95,D,0
30.02047,75.84776,339.46,0.34,0.56,2021-11-03,841,N,VIIRS,n,2,300.05,2.88,D,0
30.02065,75.65034,343.47,0.33,0.55,2021-11-03,841,N,VIIRS,n,2,303.11,5.73,D,0
30.02103,75.855,336.68,0.34,0.56,2021-11-03,841,N,VIIRS,n,2,299,9.71,D,0
30.02131,75.8586,367,0.34,0.56,2021-11-03,841,N,VIIRS,h,2,306.7,17.46,D,0
30.02177,75.79685,347.37,0.34,0.56,2021-11-03,841,N,VIIRS,n,2,300.97,4.1,D,0
30.02205,75.80045,335.41,0.34,0.56,2021-11-03,841,N,VIIRS,n,2,299.37,4.86,D,0
30.02259,75.00056,337.1,0.61,0.53,2021-11-03,841,N,VIIRS,n,2,298.81,4.09,D,0
30.0257,75.84726,347.77,0.34,0.56,2021-11-03,841,N,VIIRS,n,2,301.56,16.19,D,0
30.02598,75.85085,367,0.34,0.56,2021-11-03,841,N,VIIRS,h,2,306.45,28.85,D,0
30.02685,75.34818,355,0.32,0.54,2021-11-03,841,N,VIIRS,n,2,299.57,11.63,D,0
30.02714,75.35153,367,0.32,0.54,2021-11-03,841,N,VIIRS,h,2,307.68,25.42,D,0
30.02897,76.17089,355.35,0.36,0.57,2021-11-03,841,N,VIIRS,n,2,300.47,5.04,D,0
30.03034,75.09293,330.95,0.62,0.54,2021-11-03,841,N,VIIRS,n,2,297.98,3.66,D,0
30.03048,75.57888,352.29,0.33,0.55,2021-11-03,841,N,VIIRS,n,2,301.62,4.17,D,0
30.03091,75.09942,336.16,0.62,0.54,2021-11-03,841,N,VIIRS,n,2,298.33,3.66,D,0
30.03097,75.10395,341.02,0.62,0.54,2021-11-03,841,N,VIIRS,n,2,298.86,9.97,D,0
30.03098,75.64928,340.18,0.33,0.55,2021-11-03,841,N,VIIRS,n,2,300.98,3.65,D,0
30.03127,75.65281,336.98,0.33,0.55,2021-11-03,841,N,VIIRS,n,2,300.66,3.65,D,0
30.03394,75.25137,330.85,0.63,0.54,2021-11-03,841,N,VIIRS,n,2,297.66,3.81,D,0
30.03438,76.35178,367,0.37,0.58,2021-11-03,841,N,VIIRS,h,2,300.04,9.38,D,0
30.03468,76.35566,367,0.37,0.58,2021-11-03,841,N,VIIRS,h,2,300.93,13.09,D,0
30.03502,75.83175,340.16,0.34,0.56,2021-11-03,841,N,VIIRS,n,2,299.67,2.55,D,0
30.0353,75.83537,335.04,0.34,0.56,2021-11-03,841,N,VIIRS,n,2,298.73,6.6,D,0
30.03558,75.64173,367,0.33,0.55,2021-11-03,841,N,VIIRS,h,2,303.94,8.31,D,0
30.03678,76.35152,355.53,0.37,0.58,2021-11-03,841,N,VIIRS,n,2,299.76,10.03,D,0
30.03706,76.35541,367,0.37,0.58,2021-11-03,841,N,VIIRS,h,2,298.55,13.62,D,0
30.0371,76.13589,348.98,0.36,0.57,2021-11-03,841,N,VIIRS,n,2,300.62,3.74,D,0
30.03832,75.19562,340.18,0.63,0.54,2021-11-03,841,N,VIIRS,n,2,299.32,10.69,D,0
30.03885,75.20222,341.06,0.63,0.54,2021-11-03,841,N,VIIRS,n,2,298.97,13.79,D,0
30.03945,75.19746,347.94,0.62,0.54,2021-11-03,841,N,VIIRS,n,2,304.4,35.48,D,0
30.03959,76.09782,345.96,0.35,0.57,2021-11-03,841,N,VIIRS,n,2,298.46,3.11,D,0
30.03977,75.759,346.34,0.34,0.56,2021-11-03,841,N,VIIRS,n,2,304.8,3.98,D,0
30.04013,75.38424,367,0.32,0.55,2021-11-03,841,N,VIIRS,h,2,304.64,13.29,D,0
30.0407,75.70518,350.27,0.34,0.56,2021-11-03,841,N,VIIRS,n,2,301.21,4.26,D,0
30.04077,75.57783,367,0.33,0.55,2021-11-03,841,N,VIIRS,h,2,306.93,18,D,0
30.04081,75.83846,367,0.34,0.56,2021-11-03,841,N,VIIRS,h,2,305,6.6,D,0
30.04334,75.19508,339.66,0.63,0.54,2021-11-03,841,N,VIIRS,n,2,298.49,10.69,D,0
30.04387,75.20168,340.72,0.63,0.54,2021-11-03,841,N,VIIRS,n,2,297.44,13.79,D,0
30.04419,75.61969,337.73,0.33,0.55,2021-11-03,841,N,VIIRS,n,2,301.95,5.37,D,0
30.04447,75.19694,339.09,0.62,0.54,2021-11-03,841,N,VIIRS,n,2,297.94,9.36,D,0
30.04461,75.81991,345.45,0.34,0.56,2021-11-03,841,N,VIIRS,n,2,299.74,3.17,D,0
30.04476,75.62668,367,0.33,0.55,2021-11-03,841,N,VIIRS,h,2,304.42,5.61,D,0
30.04493,75.2149,342.15,0.63,0.54,2021-11-03,841,N,VIIRS,n,2,301.25,19.17,D,0
30.04505,75.63017,338.57,0.33,0.55,2021-11-03,841,N,VIIRS,n,2,301.3,5.61,D,0
30.04531,75.50757,339.85,0.33,0.55,2021-11-03,841,N,VIIRS,n,2,302.02,3.08,D,0
30.04589,75.51446,351.21,0.33,0.55,2021-11-03,841,N,VIIRS,n,2,302.07,6.84,D,0
30.04619,75.21672,352.43,0.63,0.54,2021-11-03,841,N,VIIRS,n,2,299.74,15.76,D,0
30.04734,75.22992,330.25,0.63,0.54,2021-11-03,841,N,VIIRS,n,2,297.94,6.78,D,0
30.04857,75.36292,349.1,0.32,0.55,2021-11-03,841,N,VIIRS,n,2,299.03,3.42,D,0
30.04886,75.36628,332.16,0.32,0.55,2021-11-03,841,N,VIIRS,n,2,298.21,3.42,D,0
30.04904,75.55248,342.92,0.33,0.55,2021-11-03,841,N,VIIRS,n,2,299.39,2.32,D,0
30.04992,76.09305,337.52,0.35,0.57,2021-11-03,841,N,VIIRS,n,2,298.64,3.47,D,0
30.05015,75.5036,331.85,0.33,0.55,2021-11-03,841,N,VIIRS,n,2,301.97,4.23,D,0
30.05044,75.50704,367,0.33,0.55,2021-11-03,841,N,VIIRS,h,2,302.15,8.7,D,0
30.05049,75.69707,337.11,0.33,0.56,2021-11-03,841,N,VIIRS,n,2,298.89,5.09,D,0
30.05077,75.70061,357.07,0.33,0.56,2021-11-03,841,N,VIIRS,n,2,301.17,5.09,D,0
30.05156,75.23422,346.16,0.63,0.54,2021-11-03,841,N,VIIRS,n,2,298.21,9.4,D,0
30.05167,75.36417,332.26,0.32,0.55,2021-11-03,841,N,VIIRS,n,2,297.69,1.84,D,0
30.05246,75.78654,367,0.34,0.56,2021-11-03,841,N,VIIRS,h,2,303.18,5.5,D,0
30.05257,76.1991,339.13,0.36,0.57,2021-11-03,841,N,VIIRS,n,2,299.39,4.6,D,0
30.05298,75.85911,344.96,0.34,0.56,2021-11-03,841,N,VIIRS,n,2,300.24,5.24,D,0
30.05422,75.74319,339.96,0.34,0.56,2021-11-03,841,N,VIIRS,n,2,301.31,5.38,D,0
30.05451,75.74675,367,0.34,0.56,2021-11-03,841,N,VIIRS,h,2,302.89,8.31,D,0
30.05821,75.60066,344.47,0.33,0.55,2021-11-03,841,N,VIIRS,n,2,302.9,10.54,D,0
30.05849,76.20621,367,0.36,0.57,2021-11-03,841,N,VIIRS,h,2,300.94,10.23,D,0
30.0585,75.60415,367,0.33,0.55,2021-11-03,841,N,VIIRS,h,2,306.87,16.57,D,0
30.05981,75.49569,346.8,0.33,0.55,2021-11-03,841,N,VIIRS,n,2,301.29,3,D,0
30.06139,75.63914,335.38,0.33,0.55,2021-11-03,841,N,VIIRS,n,2,299.14,2.81,D,0
30.06171,75.83637,346.26,0.34,0.56,2021-11-03,841,N,VIIRS,n,2,299.6,2.14,D,0
30.06179,75.49377,334.56,0.33,0.55,2021-11-03,841,N,VIIRS,n,2,300.89,2.59,D,0
30.06444,75.55093,343.14,0.33,0.55,2021-11-03,841,N,VIIRS,n,2,299.81,2.43,D,0
30.06519,75.74926,347.35,0.34,0.56,2021-11-03,841,N,VIIRS,n,2,300.52,4.31,D,0
30.06691,75.36257,345.33,0.32,0.55,2021-11-03,841,N,VIIRS,n,2,298.15,2.2,D,0
30.06722,75.77425,341.95,0.34,0.56,2021-11-03,841,N,VIIRS,n,2,299.3,5.05,D,0
30.06741,75.56646,341.16,0.33,0.55,2021-11-03,841,N,VIIRS,n,2,298.37,2.73,D,0
30.06751,75.77782,367,0.34,0.56,2021-11-03,841,N,VIIRS,h,2,302.12,5.05,D,0
30.06751,75.84309,330.64,0.34,0.56,2021-11-03,841,N,VIIRS,n,2,299.69,1.57,D,0
30.06867,75.79215,331.74,0.34,0.56,2021-11-03,841,N,VIIRS,l,2,301.99,2.4,D,0
30.06871,75.53999,335.02,0.33,0.55,2021-11-03,841,N,VIIRS,n,2,301.55,1.78,D,0
30.06983,75.33508,336.1,0.32,0.54,2021-11-03,841,N,VIIRS,n,2,298.48,2.32,D,0
30.07055,75.62408,342.38,0.33,0.55,2021-11-03,841,N,VIIRS,n,2,298.25,5.07,D,0
30.07067,75.5416,332.18,0.33,0.55,2021-11-03,841,N,VIIRS,n,2,300.38,3.67,D,0
30.07076,76.15543,339.81,0.36,0.57,2021-11-03,841,N,VIIRS,n,2,298.52,4.53,D,0
30.07104,76.15919,340.49,0.36,0.57,2021-11-03,841,N,VIIRS,n,2,298.5,5.71,D,0
30.07197,75.62588,354.12,0.33,0.55,2021-11-03,841,N,VIIRS,n,2,299.26,4.12,D,0
30.07214,75.96754,331.51,0.35,0.57,2021-11-03,841,N,VIIRS,n,2,297.84,1.23,D,0
30.07325,75.71976,344.06,0.34,0.56,2021-11-03,841,N,VIIRS,n,2,310.2,27.14,D,0
30.07354,75.72331,367,0.34,0.56,2021-11-03,841,N,VIIRS,h,2,302.63,28.23,D,0
30.07364,76.3363,334.39,0.37,0.58,2021-11-03,841,N,VIIRS,n,2,299.39,3.42,D,0
30.07376,75.07314,335.57,0.61,0.54,2021-11-03,841,N,VIIRS,n,2,297.64,7.04,D,0
30.07393,76.34019,344.24,0.37,0.58,2021-11-03,841,N,VIIRS,n,2,300.04,3.42,D,0
30.07412,75.65398,342.04,0.33,0.56,2021-11-03,841,N,VIIRS,n,2,301.15,4.82,D,0
30.07458,75.48727,343.18,0.33,0.55,2021-11-03,841,N,VIIRS,n,2,300.25,2.72,D,0
30.07805,75.65164,367,0.33,0.55,2021-11-03,841,N,VIIRS,h,2,302.07,9.64,D,0
30.07929,75.65346,338.09,0.33,0.56,2021-11-03,841,N,VIIRS,n,2,298.56,4.82,D,0
30.0809,75.67461,346.66,0.33,0.56,2021-11-03,841,N,VIIRS,n,2,301.31,3.24,D,0
30.08113,75.41236,339.14,0.32,0.55,2021-11-03,841,N,VIIRS,n,2,300.48,2.81,D,0
30.08178,75.88917,347.1,0.34,0.56,2021-11-03,841,N,VIIRS,n,2,302.17,3.52,D,0
30.08333,75.71519,336.41,0.34,0.56,2021-11-03,841,N,VIIRS,n,2,300.82,3.25,D,0
30.08374,76.18465,336.97,0.36,0.57,2021-11-03,841,N,VIIRS,n,2,297.25,2.81,D,0
30.08388,75.71359,344.45,0.34,0.56,2021-11-03,841,N,VIIRS,n,2,301,3.37,D,0
30.0844,75.66521,336.61,0.33,0.56,2021-11-03,841,N,VIIRS,n,2,298.57,2.88,D,0
30.08472,76.05956,345.12,0.35,0.57,2021-11-03,841,N,VIIRS,n,2,298.65,4.35,D,0
30.08528,75.67578,367,0.33,0.56,2021-11-03,841,N,VIIRS,h,2,302.55,9.25,D,0
30.08554,75.66701,341.43,0.33,0.56,2021-11-03,841,N,VIIRS,n,2,298.34,2.49,D,0
30.08599,75.03916,344.31,0.61,0.54,2021-11-03,841,N,VIIRS,n,2,299.85,8.76,D,0
30.08608,75.67408,353.59,0.33,0.56,2021-11-03,841,N,VIIRS,n,2,298.39,4.39,D,0
30.08701,75.88864,338.58,0.34,0.56,2021-11-03,841,N,VIIRS,n,2,299.33,3.52,D,0
30.0877,75.56087,367,0.33,0.55,2021-11-03,841,N,VIIRS,h,2,301.46,9.03,D,0
30.08924,75.85412,332.12,0.34,0.56,2021-11-03,841,N,VIIRS,n,2,300.32,1.03,D,0
30.09049,75.40111,336.78,0.32,0.55,2021-11-03,841,N,VIIRS,n,2,299.18,2.31,D,0
30.09131,75.4113,341.69,0.32,0.55,2021-11-03,841,N,VIIRS,n,2,299.48,5.4,D,0
30.09147,75.8138,335.32,0.34,0.56,2021-11-03,841,N,VIIRS,n,2,298.95,3.53,D,0
30.09158,75.81524,343.84,0.34,0.56,2021-11-03,841,N,VIIRS,n,2,299.57,3.63,D,0
30.09159,75.41471,367,0.32,0.55,2021-11-03,841,N,VIIRS,h,2,300.28,5.4,D,0
30.09175,75.81742,348.03,0.34,0.56,2021-11-03,841,N,VIIRS,n,2,299.88,3.53,D,0
30.09188,75.81885,333.51,0.34,0.56,2021-11-03,841,N,VIIRS,n,2,299.57,3.63,D,0
30.09284,75.36671,344.63,0.32,0.55,2021-11-03,841,N,VIIRS,n,2,299.94,2.57,D,0
30.09425,75.64484,367,0.33,0.55,2021-11-03,841,N,VIIRS,h,2,300.73,5.01,D,0
30.09463,75.32571,334.28,0.32,0.54,2021-11-03,841,N,VIIRS,n,2,300.15,2.71,D,0
30.09586,75.40398,335.84,0.32,0.55,2021-11-03,841,N,VIIRS,n,2,300.18,2.09,D,0
30.09695,75.61271,338.26,0.33,0.55,2021-11-03,841,N,VIIRS,n,2,300.49,3.23,D,0
30.09722,75.61622,348.97,0.33,0.55,2021-11-03,841,N,VIIRS,n,2,301.03,3.23,D,0
30.09727,75.75687,351.67,0.34,0.56,2021-11-03,841,N,VIIRS,n,2,300.75,5.86,D,0
30.09757,75.11652,349.14,0.62,0.54,2021-11-03,841,N,VIIRS,n,2,302.93,26.8,D,0
30.09781,75.7589,352.25,0.34,0.56,2021-11-03,841,N,VIIRS,n,2,300.72,5.71,D,0
30.09917,75.70846,367,0.34,0.56,2021-11-03,841,N,VIIRS,h,2,308.66,16.44,D,0
30.09926,75.01822,351.7,0.61,0.53,2021-11-03,841,N,VIIRS,n,2,300.1,9.93,D,0
30.09961,76.39268,332.64,0.37,0.58,2021-11-03,841,N,VIIRS,n,2,297.96,2.61,D,0
30.09982,75.02467,341.24,0.61,0.53,2021-11-03,841,N,VIIRS,n,2,299.19,10.7,D,0
30.09982,75.51767,346.04,0.33,0.55,2021-11-03,841,N,VIIRS,n,2,301.01,3.01,D,0
30.10027,75.72268,341.04,0.34,0.56,2021-11-03,841,N,VIIRS,n,2,300.83,3.32,D,0
30.10146,76.34544,337.03,0.37,0.58,2021-11-03,841,N,VIIRS,n,2,298.54,3.78,D,0
30.10186,75.28943,334.2,0.63,0.54,2021-11-03,841,N,VIIRS,n,2,298.6,4.21,D,0
30.10238,75.61568,367,0.33,0.55,2021-11-03,841,N,VIIRS,h,2,299.62,6.31,D,0
30.1026,75.42387,354.15,0.32,0.55,2021-11-03,841,N,VIIRS,n,2,301.54,11.43,D,0
30.10288,75.42729,367,0.32,0.55,2021-11-03,841,N,VIIRS,h,2,305.88,11.43,D,0
30.10329,75.49642,352.66,0.33,0.55,2021-11-03,841,N,VIIRS,n,2,300.3,12.28,D,0
30.10357,75.49987,367,0.33,0.55,2021-11-03,841,N,VIIRS,h,2,307.35,12.98,D,0
30.10411,75.37919,340.88,0.32,0.55,2021-11-03,841,N,VIIRS,n,2,300.02,2.39,D,0
30.10591,75.09593,343.3,0.62,0.54,2021-11-03,841,N,VIIRS,n,2,297.78,8.91,D,0
30.10897,75.5028,349.9,0.33,0.55,2021-11-03,841,N,VIIRS,n,2,301.79,12.98,D,0
30.10909,75.44043,330.13,0.32,0.55,2021-11-03,841,N,VIIRS,n,2,300.12,1.29,D,0
30.10919,75.25497,333.72,0.63,0.54,2021-11-03,841,N,VIIRS,n,2,299.23,5.11,D,0
30.10975,75.26164,339.21,0.63,0.54,2021-11-03,841,N,VIIRS,n,2,299.38,7.94,D,0
30.1098,75.51316,330.07,0.33,0.55,2021-11-03,841,N,VIIRS,n,2,300.04,3,D,0
30.11072,75.85925,354.03,0.34,0.56,2021-11-03,841,N,VIIRS,n,2,302.07,4.07,D,0
30.1139,75.69623,347.34,0.34,0.56,2021-11-03,841,N,VIIRS,n,2,299.26,5.9,D,0
30.11475,75.44675,335.51,0.32,0.55,2021-11-03,841,N,VIIRS,n,2,303.66,2.65,D,0
30.115,76.13098,338.28,0.36,0.57,2021-11-03,841,N,VIIRS,n,2,298.82,2.62,D,0
30.1164,75.72823,340.63,0.34,0.56,2021-11-03,841,N,VIIRS,n,2,301.25,3.1,D,0
30.11668,75.7318,336.18,0.34,0.56,2021-11-03,841,N,VIIRS,n,2,301.24,12.34,D,0
30.11706,75.87325,332.69,0.34,0.56,2021-11-03,841,N,VIIRS,n,2,300.1,1.41,D,0
30.11724,75.73894,367,0.34,0.56,2021-11-03,841,N,VIIRS,h,2,313.23,30.49,D,0
30.11797,75.68151,350.89,0.33,0.56,2021-11-03,841,N,VIIRS,n,2,300.44,4.57,D,0
30.11872,75.24727,335.42,0.63,0.54,2021-11-03,841,N,VIIRS,n,2,300.79,4.37,D,0
30.11972,76.30079,339.59,0.36,0.58,2021-11-03,841,N,VIIRS,n,2,299.03,3.11,D,0
30.11986,75.44622,350.43,0.32,0.55,2021-11-03,841,N,VIIRS,n,2,302.23,3.86,D,0
30.11996,75.32304,331.69,0.32,0.54,2021-11-03,841,N,VIIRS,n,2,299.06,0.91,D,0
30.1216,75.72771,346.66,0.34,0.56,2021-11-03,841,N,VIIRS,n,2,300.06,5.2,D,0
30.12177,76.29961,332.54,0.36,0.58,2021-11-03,841,N,VIIRS,n,2,298.8,2.47,D,0
30.12196,75.04837,335.7,0.61,0.54,2021-11-03,841,N,VIIRS,n,2,297.76,4.69,D,0
30.12343,75.68452,347.64,0.33,0.56,2021-11-03,841,N,VIIRS,n,2,300.97,4.57,D,0
30.12411,75.75985,337.41,0.34,0.56,2021-11-03,841,N,VIIRS,n,2,299.4,2.35,D,0
30.12439,75.76343,331.06,0.34,0.56,2021-11-03,841,N,VIIRS,n,2,298.41,2.35,D,0
30.12526,75.64168,335.53,0.33,0.55,2021-11-03,841,N,VIIRS,n,2,300.42,2.22,D,0
30.12557,75.39061,351.95,0.32,0.55,2021-11-03,841,N,VIIRS,n,2,301.28,4.13,D,0
30.12581,75.64872,349.84,0.33,0.56,2021-11-03,841,N,VIIRS,n,2,300.08,8.78,D,0
30.12728,75.34946,344.2,0.32,0.55,2021-11-03,841,N,VIIRS,n,2,300.53,2.5,D,0
30.12799,75.54622,339.92,0.33,0.55,2021-11-03,841,N,VIIRS,n,2,299.86,7.29,D,0
30.1281,75.42128,351.07,0.32,0.55,2021-11-03,841,N,VIIRS,n,2,301.32,5.09,D,0
30.12978,76.2225,367,0.36,0.57,2021-11-03,841,N,VIIRS,h,2,301.42,7.96,D,0
30.13002,75.70175,338.16,0.34,0.56,2021-11-03,841,N,VIIRS,n,2,299.65,2.78,D,0
30.13023,75.02792,337.36,0.61,0.54,2021-11-03,841,N,VIIRS,n,2,298.68,3.81,D,0
30.13042,75.64116,333.85,0.33,0.55,2021-11-03,841,N,VIIRS,n,2,299.42,2.22,D,0
30.13065,75.02636,336.47,0.61,0.54,2021-11-03,841,N,VIIRS,n,2,298.79,6.75,D,0
30.13232,76.22115,353.99,0.36,0.57,2021-11-03,841,N,VIIRS,n,2,298.87,8.11,D,0
30.13463,76.28387,330.42,0.36,0.58,2021-11-03,841,N,VIIRS,n,2,299.88,1.93,D,0
30.13474,75.63008,332.46,0.33,0.55,2021-11-03,841,N,VIIRS,n,2,298.6,2.72,D,0
30.13603,75.39296,337.18,0.32,0.55,2021-11-03,841,N,VIIRS,n,2,301.34,3.28,D,0
30.13725,75.28572,336.59,0.63,0.54,2021-11-03,841,N,VIIRS,n,2,299.26,8.52,D,0
30.13841,75.25065,333.35,0.63,0.54,2021-11-03,841,N,VIIRS,n,2,300.14,5.51,D,0
30.13947,75.25183,334.58,0.63,0.54,2021-11-03,841,N,VIIRS,n,2,300.46,4.49,D,0
30.13955,75.13709,340.57,0.62,0.54,2021-11-03,841,N,VIIRS,n,2,299.94,4.09,D,0
30.13986,75.13846,341.21,0.62,0.54,2021-11-03,841,N,VIIRS,n,2,299.91,8.77,D,0
30.14227,75.46818,347.6,0.32,0.55,2021-11-03,841,N,VIIRS,n,2,300.19,8.15,D,0
30.14379,75.74346,367,0.34,0.56,2021-11-03,841,N,VIIRS,h,2,302.07,8.72,D,0
30.14445,75.31033,367,0.32,0.54,2021-11-03,841,N,VIIRS,h,2,301.06,6.06,D,0
30.14508,76.48768,330.24,0.37,0.58,2021-11-03,841,N,VIIRS,n,2,298.05,3.21,D,0
30.14593,76.48672,335.94,0.37,0.58,2021-11-03,841,N,VIIRS,n,2,298.66,3.21,D,0
30.14739,75.46765,367,0.32,0.55,2021-11-03,841,N,VIIRS,h,2,305.35,8.15,D,0
30.14825,75.54066,354.41,0.33,0.55,2021-11-03,841,N,VIIRS,n,2,300.82,4.45,D,0
30.14859,75.06516,344.81,0.61,0.54,2021-11-03,841,N,VIIRS,n,2,301.13,8.5,D,0
30.14876,75.06363,341.75,0.62,0.54,2021-11-03,841,N,VIIRS,n,2,301.59,19.96,D,0
30.15007,76.31641,345.73,0.37,0.58,2021-11-03,841,N,VIIRS,n,2,300.08,2.93,D,0
30.15358,75.06464,335.5,0.61,0.54,2021-11-03,841,N,VIIRS,n,2,297.63,8.5,D,0
30.15489,75.88419,332.66,0.34,0.56,2021-11-03,841,N,VIIRS,n,2,298.99,2.18,D,0
30.15647,75.4529,355.92,0.32,0.55,2021-11-03,841,N,VIIRS,n,2,300.59,4.19,D,0
30.15686,76.26131,339.27,0.36,0.58,2021-11-03,841,N,VIIRS,n,2,297.55,3.15,D,0
30.15714,76.41409,344.49,0.37,0.58,2021-11-03,841,N,VIIRS,n,2,299.78,3.47,D,0
30.15743,76.41803,336.6,0.37,0.58,2021-11-03,841,N,VIIRS,n,2,299.04,3.47,D,0
30.15766,75.52921,356.06,0.33,0.55,2021-11-03,841,N,VIIRS,n,2,300.09,6.55,D,0
30.15783,75.40789,338.43,0.32,0.55,2021-11-03,841,N,VIIRS,n,2,298.84,2.97,D,0
30.15795,75.53268,367,0.33,0.55,2021-11-03,841,N,VIIRS,h,2,300.9,6.55,D,0
30.15812,75.41129,331.61,0.32,0.55,2021-11-03,841,N,VIIRS,n,2,297.63,3.75,D,0
30.15889,75.35987,333.04,0.32,0.55,2021-11-03,841,N,VIIRS,n,2,298.66,3.96,D,0
30.15911,75.73833,339.39,0.34,0.56,2021-11-03,841,N,VIIRS,n,2,300.05,4.1,D,0
30.1594,75.74191,355.37,0.34,0.56,2021-11-03,841,N,VIIRS,n,2,301,9.88,D,0
30.15952,75.32448,340.91,0.32,0.54,2021-11-03,841,N,VIIRS,n,2,300.87,4.27,D,0
30.1596,75.13493,348.54,0.62,0.54,2021-11-03,841,N,VIIRS,n,2,301.77,21.46,D,0
30.15985,75.43182,342.68,0.32,0.55,2021-11-03,841,N,VIIRS,n,2,299.92,3.75,D,0
30.15991,75.13635,342.46,0.62,0.54,2021-11-03,841,N,VIIRS,n,2,301.14,15.2,D,0
30.16014,75.88368,343.93,0.34,0.56,2021-11-03,841,N,VIIRS,n,2,299.08,2.18,D,0
30.1602,75.49757,335.64,0.33,0.55,2021-11-03,841,N,VIIRS,n,2,299.96,4.29,D,0
30.16033,75.37677,333.53,0.32,0.55,2021-11-03,841,N,VIIRS,n,2,299.66,2.55,D,0
30.16049,75.50102,349.2,0.33,0.55,2021-11-03,841,N,VIIRS,n,2,300.28,7.12,D,0
30.16053,75.56394,331.53,0.33,0.55,2021-11-03,841,N,VIIRS,n,2,298.22,3.05,D,0
30.16079,75.3222,356.94,0.32,0.54,2021-11-03,841,N,VIIRS,n,2,300.86,4.6,D,0
30.16082,75.56743,343.31,0.33,0.55,2021-11-03,841,N,VIIRS,n,2,300.24,3.05,D,0
30.16084,76.31539,335.38,0.37,0.58,2021-11-03,841,N,VIIRS,n,2,298.9,5.31,D,0
30.16108,75.32558,330.23,0.32,0.54,2021-11-03,841,N,VIIRS,n,2,299.18,4.6,D,0
30.16108,75.40982,349.4,0.32,0.55,2021-11-03,841,N,VIIRS,n,2,299.9,3.91,D,0
30.16141,76.32315,342.18,0.37,0.58,2021-11-03,841,N,VIIRS,n,2,298.99,4.93,D,0
30.16218,75.35831,354.54,0.32,0.55,2021-11-03,841,N,VIIRS,n,2,298.97,3.78,D,0
30.16268,75.43036,352.55,0.32,0.55,2021-11-03,841,N,VIIRS,n,2,300.24,5.42,D,0
30.16273,75.46609,367,0.32,0.55,2021-11-03,841,N,VIIRS,h,2,303.89,15.31,D,0
30.16285,76.4175,338.41,0.37,0.58,2021-11-03,841,N,VIIRS,n,2,298.97,2.55,D,0
30.16378,75.37865,336.97,0.32,0.55,2021-11-03,841,N,VIIRS,n,2,299.11,5.22,D,0
30.16397,75.35935,331.95,0.32,0.55,2021-11-03,841,N,VIIRS,n,2,296.67,2.26,D,0
30.16424,75.54603,343.32,0.33,0.55,2021-11-03,841,N,VIIRS,n,2,299.56,5.24,D,0
30.16459,75.32394,339.33,0.32,0.54,2021-11-03,841,N,VIIRS,n,2,297.93,3.97,D,0
30.16475,75.49017,334.62,0.33,0.55,2021-11-03,841,N,VIIRS,n,2,300.2,1.6,D,0
30.1648,76.2955,342.67,0.36,0.58,2021-11-03,841,N,VIIRS,n,2,299.93,6.72,D,0
30.16534,75.46468,367,0.33,0.55,2021-11-03,841,N,VIIRS,h,2,300.39,7.68,D,0
30.16561,75.46812,355.16,0.33,0.55,2021-11-03,841,N,VIIRS,n,2,298.71,7.68,D,0
30.16604,75.75927,337.08,0.34,0.56,2021-11-03,841,N,VIIRS,n,2,300.05,5.46,D,0
30.16764,75.52473,367,0.33,0.55,2021-11-03,841,N,VIIRS,h,2,305.36,7.05,D,0
30.16793,75.52819,330.23,0.33,0.55,2021-11-03,841,N,VIIRS,n,2,299.37,12.21,D,0
30.16798,75.91603,336.41,0.35,0.56,2021-11-03,841,N,VIIRS,n,2,299.38,4.01,D,0
30.16806,75.71947,367,0.34,0.56,2021-11-03,841,N,VIIRS,h,2,300.85,5.37,D,0
30.16837,75.1805,330.14,0.63,0.54,2021-11-03,841,N,VIIRS,n,2,297.76,6.09,D,0
30.16987,75.52342,354.91,0.33,0.55,2021-11-03,841,N,VIIRS,n,2,302.78,12.09,D,0
30.17008,76.22134,333.88,0.36,0.57,2021-11-03,841,N,VIIRS,n,2,298.29,1.71,D,0
30.17014,75.5269,367,0.33,0.55,2021-11-03,841,N,VIIRS,h,2,301.23,15.29,D,0
30.17017,76.29498,367,0.36,0.58,2021-11-03,841,N,VIIRS,h,2,302.09,6.72,D,0
30.17101,75.40537,347.31,0.32,0.55,2021-11-03,841,N,VIIRS,n,2,301.73,3.93,D,0
30.1714,75.09402,340.95,0.62,0.54,2021-11-03,841,N,VIIRS,n,2,300.38,13,D,0
30.17153,75.76232,350.53,0.34,0.56,2021-11-03,841,N,VIIRS,n,2,301.62,7.32,D,0
30.17166,75.38931,343.38,0.32,0.55,2021-11-03,841,N,VIIRS,n,2,297.29,2.28,D,0
30.17277,75.52422,351.85,0.33,0.55,2021-11-03,841,N,VIIRS,n,2,297.69,7.05,D,0
30.17311,75.40634,352.99,0.32,0.55,2021-11-03,841,N,VIIRS,n,2,301.57,4.67,D,0
30.17317,75.05446,341.06,0.61,0.54,2021-11-03,841,N,VIIRS,n,2,300.67,18.13,D,0
30.17321,75.65459,342.2,0.33,0.56,2021-11-03,841,N,VIIRS,n,2,299.88,3.2,D,0
30.17476,75.38779,367,0.32,0.55,2021-11-03,841,N,VIIRS,h,2,298.94,5.7,D,0
30.175,75.8712,336.27,0.34,0.56,2021-11-03,841,N,VIIRS,n,2,299.29,3.8,D,0
30.17503,75.3912,346.64,0.32,0.55,2021-11-03,841,N,VIIRS,n,2,298.68,5.7,D,0
30.17608,75.33977,367,0.32,0.55,2021-11-03,841,N,VIIRS,h,2,303.85,11.51,D,0
30.17641,75.69355,367,0.34,0.56,2021-11-03,841,N,VIIRS,h,2,300.41,5.86,D,0
30.1772,75.45423,330.71,0.32,0.55,2021-11-03,841,N,VIIRS,n,2,297.76,1.08,D,0
30.17818,75.30214,330.03,0.32,0.54,2021-11-03,841,N,VIIRS,l,2,300.25,2.33,D,0
30.17845,75.3055,356.78,0.32,0.54,2021-11-03,841,N,VIIRS,n,2,302.3,10.31,D,0
30.17872,75.30886,367,0.32,0.54,2021-11-03,841,N,VIIRS,h,2,303.12,10.31,D,0
30.18141,75.09297,353.1,0.62,0.54,2021-11-03,841,N,VIIRS,n,2,301.73,26.69,D,0
30.18197,75.34939,332.83,0.32,0.55,2021-11-03,841,N,VIIRS,n,2,297.94,2.07,D,0
30.18335,75.71437,350.89,0.34,0.56,2021-11-03,841,N,VIIRS,n,2,299.19,3.92,D,0
30.18352,75.30497,332.21,0.32,0.54,2021-11-03,841,N,VIIRS,n,2,297.79,2.78,D,0
30.18429,75.79002,343.33,0.34,0.56,2021-11-03,841,N,VIIRS,n,2,300.2,3.87,D,0
30.18633,75.81528,351.33,0.34,0.56,2021-11-03,841,N,VIIRS,n,2,301.08,5.73,D,0
30.18641,75.09244,334.11,0.62,0.54,2021-11-03,841,N,VIIRS,n,2,297.7,5.67,D,0
30.18655,75.27926,342.19,0.63,0.54,2021-11-03,841,N,VIIRS,n,2,299.62,9.94,D,0
30.18721,75.82613,337.09,0.34,0.56,2021-11-03,841,N,VIIRS,n,2,300.29,2.95,D,0
30.18935,76.40709,337.96,0.37,0.58,2021-11-03,841,N,VIIRS,n,2,300.71,2.08,D,0
30.18956,75.85513,331.5,0.34,0.56,2021-11-03,841,N,VIIRS,n,2,299.53,3.16,D,0
30.19064,75.45856,332.84,0.33,0.55,2021-11-03,841,N,VIIRS,n,2,297.13,1.37,D,0
30.19389,76.39479,348.23,0.37,0.58,2021-11-03,841,N,VIIRS,n,2,300.66,4.28,D,0
30.19476,76.40659,367,0.37,0.58,2021-11-03,841,N,VIIRS,h,2,299.87,11.48,D,0
30.19506,76.41051,367,0.37,0.58,2021-11-03,841,N,VIIRS,h,2,300.16,13.82,D,0
30.19564,76.4184,350.07,0.37,0.58,2021-11-03,841,N,VIIRS,n,2,300.11,5.66,D,0
30.1963,75.4649,355.84,0.33,0.55,2021-11-03,841,N,VIIRS,n,2,299.39,8.39,D,0
30.19808,75.96124,367,0.35,0.57,2021-11-03,841,N,VIIRS,h,2,301.09,9.23,D,0
30.19853,76.31183,355.06,0.37,0.58,2021-11-03,841,N,VIIRS,n,2,299.75,7.15,D,0
30.19883,76.31571,341.5,0.37,0.58,2021-11-03,841,N,VIIRS,n,2,299.75,8.09,D,0
30.19897,75.24422,330.49,0.63,0.54,2021-11-03,841,N,VIIRS,n,2,299.47,4.85,D,0
30.20053,75.79568,367,0.34,0.56,2021-11-03,841,N,VIIRS,h,2,301.88,8.67,D,0
30.201,75.79481,367,0.34,0.56,2021-11-03,841,N,VIIRS,h,2,301.13,8.64,D,0
30.20119,75.33373,342.73,0.32,0.55,2021-11-03,841,N,VIIRS,n,2,299.28,2.03,D,0
30.20196,75.47126,332.38,0.33,0.55,2021-11-03,841,N,VIIRS,n,2,298.6,8.03,D,0
30.20214,75.409,355,0.32,0.55,2021-11-03,841,N,VIIRS,n,2,301.95,5.94,D,0
30.20241,75.41242,340.68,0.32,0.55,2021-11-03,841,N,VIIRS,n,2,299.97,7.22,D,0
30.20259,75.54456,332.09,0.33,0.55,2021-11-03,841,N,VIIRS,n,2,299.03,1.93,D,0
30.20475,75.91548,367,0.35,0.56,2021-11-03,841,N,VIIRS,h,2,300.3,4.5,D,0
30.20507,75.91611,367,0.35,0.56,2021-11-03,841,N,VIIRS,h,2,300.22,5.02,D,0
30.2056,76.40557,352.29,0.37,0.58,2021-11-03,841,N,VIIRS,n,2,302.31,18.6,D,0
30.20589,76.40949,367,0.37,0.58,2021-11-03,841,N,VIIRS,h,2,305.54,30.92,D,0
30.20834,75.42215,367,0.32,0.55,2021-11-03,841,N,VIIRS,h,2,302.21,6.04,D,0
30.20918,75.12305,340.76,0.62,0.54,2021-11-03,841,N,VIIRS,n,2,298.32,8.37,D,0
30.20922,75.69649,334.81,0.34,0.56,2021-11-03,841,N,VIIRS,n,2,297.95,2.24,D,0
30.20974,75.63573,330.29,0.33,0.56,2021-11-03,841,N,VIIRS,n,2,299.72,5.47,D,0
30.21,75.44271,346.79,0.32,0.55,2021-11-03,841,N,VIIRS,n,2,301.52,2.87,D,0
30.21001,75.63927,367,0.33,0.56,2021-11-03,841,N,VIIRS,h,2,302.17,5.47,D,0
30.21068,75.3875,347.4,0.32,0.55,2021-11-03,841,N,VIIRS,n,2,299.86,3.92,D,0
30.21082,75.45302,341.95,0.32,0.55,2021-11-03,841,N,VIIRS,n,2,299.65,3.8,D,0
30.21083,75.14275,342.35,0.62,0.54,2021-11-03,841,N,VIIRS,n,2,302.86,20.19,D,0
30.21122,75.52264,336.53,0.33,0.55,2021-11-03,841,N,VIIRS,n,2,300.02,3.97,D,0
30.21202,76.27551,367,0.36,0.58,2021-11-03,841,N,VIIRS,h,2,299.48,11.92,D,0
30.21217,75.34284,347.25,0.32,0.55,2021-11-03,841,N,VIIRS,n,2,299,4.52,D,0
30.21338,76.4366,342.48,0.37,0.58,2021-11-03,841,N,VIIRS,n,2,299.95,3.17,D,0
30.21344,75.42162,367,0.32,0.55,2021-11-03,841,N,VIIRS,h,2,298.39,4.93,D,0
30.21483,75.43876,340.9,0.32,0.55,2021-11-03,841,N,VIIRS,n,2,300.12,2.67,D,0
30.21585,75.14222,337.91,0.62,0.54,2021-11-03,841,N,VIIRS,n,2,297.52,20.19,D,0
30.21679,76.26727,367,0.36,0.58,2021-11-03,841,N,VIIRS,h,2,304.48,14.34,D,0
30.21745,75.73523,367,0.34,0.56,2021-11-03,841,N,VIIRS,h,2,300.26,6.54,D,0
30.21769,76.27887,367,0.36,0.58,2021-11-03,841,N,VIIRS,h,2,299.56,7.56,D,0
30.21996,75.56741,335.32,0.33,0.55,2021-11-03,841,N,VIIRS,n,2,297.16,1.56,D,0
30.22053,75.9139,367,0.35,0.56,2021-11-03,841,N,VIIRS,h,2,301.44,4.86,D,0
30.22154,76.07089,367,0.35,0.57,2021-11-03,841,N,VIIRS,h,2,300.97,10.74,D,0
30.22182,76.07465,339.87,0.35,0.57,2021-11-03,841,N,VIIRS,n,2,297.85,11.17,D,0
30.22289,76.0713,367,0.35,0.57,2021-11-03,841,N,VIIRS,h,2,300.32,10.55,D,0
30.22534,75.19451,343.67,0.63,0.54,2021-11-03,841,N,VIIRS,n,2,302.96,10.9,D,0
30.2265,75.58437,339.17,0.33,0.55,2021-11-03,841,N,VIIRS,n,2,299.01,3.83,D,0
30.22757,76.33656,335.47,0.37,0.58,2021-11-03,841,N,VIIRS,n,2,297.93,3.73,D,0
30.22915,75.68372,332.69,0.34,0.56,2021-11-03,841,N,VIIRS,n,2,298.71,2.95,D,0
30.22986,76.33617,340.77,0.37,0.58,2021-11-03,841,N,VIIRS,n,2,297.81,5.46,D,0
30.23008,75.49972,332.2,0.33,0.55,2021-11-03,841,N,VIIRS,n,2,298.43,2,D,0
30.23014,76.34007,354.72,0.37,0.58,2021-11-03,841,N,VIIRS,n,2,299.1,5.46,D,0
30.23038,75.19397,341.01,0.63,0.54,2021-11-03,841,N,VIIRS,n,2,297.79,10.9,D,0
30.23054,75.7015,344.97,0.34,0.56,2021-11-03,841,N,VIIRS,n,2,301.63,3.25,D,0
30.23296,76.33607,367,0.37,0.58,2021-11-03,841,N,VIIRS,h,2,300.15,5.92,D,0
30.23326,76.33996,346.08,0.37,0.58,2021-11-03,841,N,VIIRS,n,2,297.61,5.92,D,0
30.23386,76.34772,343.01,0.37,0.58,2021-11-03,841,N,VIIRS,n,2,298.37,5.23,D,0
30.23513,75.56232,352,0.33,0.55,2021-11-03,841,N,VIIRS,n,2,300.64,8.09,D,0
30.23526,76.33566,367,0.37,0.58,2021-11-03,841,N,VIIRS,h,2,300.31,5.46,D,0
30.23573,75.70097,367,0.34,0.56,2021-11-03,841,N,VIIRS,h,2,299.73,5.68,D,0
30.23609,76.34736,340.69,0.37,0.58,2021-11-03,841,N,VIIRS,n,2,297.65,6.65,D,0
30.23631,75.91234,340.25,0.35,0.56,2021-11-03,841,N,VIIRS,n,2,299.73,2.7,D,0
30.23699,75.3951,341.9,0.32,0.55,2021-11-03,841,N,VIIRS,n,2,298.5,4.7,D,0
30.23926,75.36056,367,0.32,0.55,2021-11-03,841,N,VIIRS,h,2,299.4,6.85,D,0
30.2422,75.27348,337.62,0.63,0.54,2021-11-03,841,N,VIIRS,n,2,298.57,5.48,D,0
30.24236,75.33628,367,0.32,0.55,2021-11-03,841,N,VIIRS,h,2,301.33,6.56,D,0
30.24348,75.47395,345.59,0.33,0.55,2021-11-03,841,N,VIIRS,n,2,300.16,4.16,D,0
30.24451,75.61439,367,0.33,0.55,2021-11-03,841,N,VIIRS,h,2,307.14,18.46,D,0
30.24576,75.37701,332.46,0.32,0.55,2021-11-03,841,N,VIIRS,n,2,296.59,1.74,D,0
30.24657,75.77208,367,0.34,0.56,2021-11-03,841,N,VIIRS,h,2,301.35,6.52,D,0
30.24775,75.40086,367,0.32,0.55,2021-11-03,841,N,VIIRS,h,2,302.31,9.28,D,0
30.2483,75.53288,345.21,0.33,0.55,2021-11-03,841,N,VIIRS,n,2,299.6,7.8,D,0
30.24838,75.7285,342.83,0.34,0.56,2021-11-03,841,N,VIIRS,n,2,299.54,2.62,D,0
30.24858,75.53637,367,0.33,0.55,2021-11-03,841,N,VIIRS,h,2,303.14,7.8,D,0
30.24939,75.29814,347.45,0.32,0.54,2021-11-03,841,N,VIIRS,n,2,301.7,3.86,D,0
30.25031,75.49416,367,0.33,0.55,2021-11-03,841,N,VIIRS,h,2,303.58,6.65,D,0
30.25105,75.1498,349.59,0.62,0.54,2021-11-03,841,N,VIIRS,n,2,299.13,12.13,D,0
30.25143,75.57125,367,0.33,0.55,2021-11-03,841,N,VIIRS,h,2,299.76,5.03,D,0
30.25212,75.15168,341.66,0.62,0.54,2021-11-03,841,N,VIIRS,n,2,300.51,14.32,D,0
30.25285,75.40032,351.3,0.32,0.55,2021-11-03,841,N,VIIRS,n,2,298.14,6.41,D,0
30.25311,76.38532,350.81,0.37,0.58,2021-11-03,841,N,VIIRS,n,2,299.57,4.29,D,0
30.25448,75.12949,346.48,0.62,0.54,2021-11-03,841,N,VIIRS,n,2,299.18,7.47,D,0
30.25458,76.30243,338.59,0.37,0.58,2021-11-03,841,N,VIIRS,n,2,297.44,3.14,D,0
30.25509,76.38495,348.17,0.37,0.58,2021-11-03,841,N,VIIRS,n,2,299.21,4.32,D,0
30.25542,75.13141,346.04,0.62,0.54,2021-11-03,841,N,VIIRS,n,2,298.89,12.31,D,0
30.25572,75.4971,341.11,0.33,0.55,2021-11-03,841,N,VIIRS,n,2,299.45,7.76,D,0
30.25791,76.4244,345.32,0.37,0.58,2021-11-03,841,N,VIIRS,n,2,299.36,6.23,D,0
30.25855,75.65929,367,0.33,0.56,2021-11-03,841,N,VIIRS,h,2,301.09,7.6,D,0
30.25938,75.41692,356.76,0.32,0.55,2021-11-03,841,N,VIIRS,n,2,299.37,3.66,D,0
30.26077,76.16615,367,0.36,0.57,2021-11-03,841,N,VIIRS,h,2,299.07,10.05,D,0
30.26104,75.37544,342.5,0.32,0.55,2021-11-03,841,N,VIIRS,n,2,299.35,3.32,D,0
30.26105,76.16996,345.4,0.36,0.57,2021-11-03,841,N,VIIRS,n,2,296.85,11.48,D,0
30.26142,75.50349,347.32,0.33,0.55,2021-11-03,841,N,VIIRS,n,2,301.08,6.04,D,0
30.26422,75.79578,354.34,0.34,0.56,2021-11-03,841,N,VIIRS,n,2,302.18,10.99,D,0
30.26451,75.79941,367,0.34,0.56,2021-11-03,841,N,VIIRS,h,2,303.93,10.99,D,0
30.26512,75.48566,367,0.33,0.55,2021-11-03,841,N,VIIRS,h,2,304.06,10.19,D,0
30.26535,75.42667,341.17,0.32,0.55,2021-11-03,841,N,VIIRS,n,2,298.52,4.94,D,0
30.26649,75.44037,334.36,0.32,0.55,2021-11-03,841,N,VIIRS,n,2,298.38,2.86,D,0
30.26652,75.82477,343.99,0.34,0.56,2021-11-03,841,N,VIIRS,n,2,302.08,4.78,D,0
30.26656,75.50298,367,0.33,0.55,2021-11-03,841,N,VIIRS,h,2,298.92,6.04,D,0
30.26746,75.33028,367,0.32,0.55,2021-11-03,841,N,VIIRS,h,2,301.48,21.23,D,0
30.26754,75.42473,347.88,0.32,0.55,2021-11-03,841,N,VIIRS,n,2,298.27,4.88,D,0
30.26781,75.42815,346.99,0.32,0.55,2021-11-03,841,N,VIIRS,n,2,298.25,4.88,D,0
30.2686,75.43845,336.35,0.32,0.55,2021-11-03,841,N,VIIRS,n,2,297.92,2.94,D,0
30.27028,75.32818,343.36,0.32,0.55,2021-11-03,841,N,VIIRS,n,2,302.55,30.61,D,0
30.27046,75.42614,367,0.32,0.55,2021-11-03,841,N,VIIRS,h,2,298.21,4.94,D,0
30.27054,75.33157,367,0.32,0.55,2021-11-03,841,N,VIIRS,h,2,308.94,30.61,D,0
30.27081,75.25023,338.33,0.63,0.54,2021-11-03,841,N,VIIRS,n,2,300.19,6.95,D,0
30.27091,75.20786,341.42,0.63,0.54,2021-11-03,841,N,VIIRS,n,2,300.68,16.06,D,0
30.27117,75.81701,351,0.34,0.56,2021-11-03,841,N,VIIRS,n,2,300.87,5.76,D,0
30.2715,75.02876,341.41,0.61,0.54,2021-11-03,841,N,VIIRS,n,2,298.58,5.08,D,0
30.27175,75.82424,348.71,0.34,0.56,2021-11-03,841,N,VIIRS,n,2,300.06,4.78,D,0
30.27238,75.20966,337.63,0.63,0.54,2021-11-03,841,N,VIIRS,n,2,297.95,9.62,D,0
30.27254,75.32977,348.12,0.32,0.55,2021-11-03,841,N,VIIRS,n,2,307.25,21.23,D,0
30.27283,75.33315,367,0.32,0.55,2021-11-03,841,N,VIIRS,h,2,298.87,21.23,D,0
30.27543,75.93819,349.51,0.35,0.57,2021-11-03,841,N,VIIRS,n,2,299.12,4.9,D,0
30.27601,75.94557,367,0.35,0.57,2021-11-03,841,N,VIIRS,h,2,298.43,7.18,D,0
30.27917,75.06073,339.8,0.62,0.54,2021-11-03,841,N,VIIRS,n,2,299.89,7.8,D,0
30.28473,75.51347,344.24,0.33,0.55,2021-11-03,841,N,VIIRS,n,2,302.11,2.79,D,0
30.28516,75.53969,339.99,0.33,0.55,2021-11-03,841,N,VIIRS,n,2,300.3,5.53,D,0
30.28538,75.73203,331.55,0.34,0.56,2021-11-03,841,N,VIIRS,n,2,299.88,2.01,D,0
30.28545,75.54317,346.07,0.33,0.55,2021-11-03,841,N,VIIRS,n,2,301.93,6.41,D,0
30.28626,75.94084,357.48,0.35,0.57,2021-11-03,841,N,VIIRS,n,2,301.44,9.05,D,0
30.28655,75.94454,352.17,0.35,0.57,2021-11-03,841,N,VIIRS,n,2,299.21,9.05,D,0
30.28688,75.54134,367,0.33,0.55,2021-11-03,841,N,VIIRS,h,2,302.07,7.16,D,0
30.28712,75.21962,340.8,0.63,0.54,2021-11-03,841,N,VIIRS,n,2,300.8,7.3,D,0
30.28766,75.22627,340.19,0.63,0.54,2021-11-03,841,N,VIIRS,n,2,299.1,8.79,D,0
30.28796,75.51134,330.52,0.33,0.55,2021-11-03,841,N,VIIRS,n,2,301.31,2.94,D,0
30.28826,75.51481,344.41,0.33,0.55,2021-11-03,841,N,VIIRS,n,2,300.47,4.65,D,0
30.28987,75.51294,335.18,0.33,0.55,2021-11-03,841,N,VIIRS,n,2,299.16,2.79,D,0
30.29001,75.53568,367,0.33,0.55,2021-11-03,841,N,VIIRS,h,2,302.5,5.53,D,0
30.29149,75.53384,367,0.33,0.55,2021-11-03,841,N,VIIRS,h,2,301.94,10.61,D,0
30.29209,75.81492,367,0.34,0.56,2021-11-03,841,N,VIIRS,h,2,308.52,18.88,D,0
30.29432,75.71311,352.28,0.34,0.56,2021-11-03,841,N,VIIRS,n,2,301.07,6.86,D,0
30.29492,75.71513,355.93,0.34,0.56,2021-11-03,841,N,VIIRS,n,2,301.04,7.25,D,0
30.29534,75.01311,341.99,0.61,0.54,2021-11-03,841,N,VIIRS,n,2,300.23,19.04,D,0
30.30044,75.58235,367,0.33,0.55,2021-11-03,841,N,VIIRS,h,2,302.48,12.52,D,0
30.30102,75.32836,367,0.32,0.55,2021-11-03,841,N,VIIRS,h,2,304.3,12.91,D,0
30.30129,75.33176,333.87,0.32,0.55,2021-11-03,841,N,VIIRS,n,2,297.15,9.83,D,0
30.30248,76.43614,336.52,0.37,0.58,2021-11-03,841,N,VIIRS,n,2,297.07,2.53,D,0
30.30282,75.48015,354.4,0.33,0.55,2021-11-03,841,N,VIIRS,n,2,308.76,18.14,D,0
30.3031,75.48362,333.79,0.33,0.55,2021-11-03,841,N,VIIRS,n,2,297.5,14.87,D,0
30.30364,76.3056,367,0.37,0.58,2021-11-03,841,N,VIIRS,h,2,300.11,11.46,D,0
30.30739,75.15717,335.9,0.63,0.54,2021-11-03,841,N,VIIRS,n,2,298.97,11.06,D,0
30.30986,75.83877,334.89,0.34,0.56,2021-11-03,841,N,VIIRS,n,2,299.16,2.76,D,0
30.31097,75.51778,367,0.33,0.55,2021-11-03,841,N,VIIRS,h,2,308.73,23.27,D,0
30.31363,75.48603,339.96,0.33,0.55,2021-11-03,841,N,VIIRS,n,2,298.5,4.32,D,0
30.31582,75.01746,342.63,0.61,0.54,2021-11-03,841,N,VIIRS,n,2,299.43,9.35,D,0
30.316,75.78556,367,0.34,0.56,2021-11-03,841,N,VIIRS,h,2,303.01,9.72,D,0
30.3168,75.65902,367,0.34,0.56,2021-11-03,841,N,VIIRS,h,2,304.73,6.73,D,0
30.31707,75.66257,344.16,0.34,0.56,2021-11-03,841,N,VIIRS,n,2,300.42,6.73,D,0
30.31745,75.15611,338.54,0.63,0.54,2021-11-03,841,N,VIIRS,n,2,298.44,11.83,D,0
30.318,75.16275,341.5,0.63,0.54,2021-11-03,841,N,VIIRS,n,2,301.06,11.83,D,0
30.31829,75.28907,357,0.32,0.54,2021-11-03,841,N,VIIRS,n,2,307.91,12.67,D,0
30.31857,75.29244,331.21,0.32,0.54,2021-11-03,841,N,VIIRS,n,2,298.83,12.67,D,0
30.3208,75.01691,345.79,0.61,0.54,2021-11-03,841,N,VIIRS,n,2,298.08,9.35,D,0
30.32162,75.32964,367,0.32,0.55,2021-11-03,841,N,VIIRS,h,2,303.13,8,D,0
30.32178,75.79229,342.29,0.34,0.56,2021-11-03,841,N,VIIRS,n,2,297.98,10.19,D,0
30.32191,75.0299,346.48,0.61,0.54,2021-11-03,841,N,VIIRS,n,2,298.49,25.38,D,0
30.32198,75.6585,367,0.34,0.56,2021-11-03,841,N,VIIRS,h,2,298.62,6.73,D,0
30.32226,75.66206,342.8,0.34,0.56,2021-11-03,841,N,VIIRS,n,2,299.26,6.73,D,0
30.32342,75.88397,367,0.35,0.56,2021-11-03,841,N,VIIRS,h,2,302.84,10.31,D,0
30.32535,75.90968,338.54,0.35,0.57,2021-11-03,841,N,VIIRS,n,2,298.85,4.06,D,0
30.32563,75.91335,345.19,0.35,0.57,2021-11-03,841,N,VIIRS,n,2,300.11,6.1,D,0
30.32763,75.46711,335.22,0.33,0.55,2021-11-03,841,N,VIIRS,n,2,299,2.02,D,0
30.3279,75.60084,367,0.33,0.55,2021-11-03,841,N,VIIRS,h,2,302.67,7.25,D,0
30.32829,75.41151,337.93,0.32,0.55,2021-11-03,841,N,VIIRS,n,2,298.84,7.15,D,0
30.33115,75.98751,339.67,0.35,0.57,2021-11-03,841,N,VIIRS,n,2,298.98,3.93,D,0
30.3314,75.7804,335.57,0.34,0.56,2021-11-03,841,N,VIIRS,n,2,299.74,1.93,D,0
30.33152,75.51569,344.84,0.33,0.55,2021-11-03,841,N,VIIRS,n,2,298.54,3.01,D,0
30.33161,75.71504,341.58,0.34,0.56,2021-11-03,841,N,VIIRS,n,2,299.49,3.34,D,0
30.3318,75.51917,337.45,0.33,0.55,2021-11-03,841,N,VIIRS,n,2,298.26,3.01,D,0
30.33266,76.2599,367,0.36,0.58,2021-11-03,841,N,VIIRS,h,2,302.15,10.92,D,0
30.33307,75.10126,343.04,0.62,0.54,2021-11-03,841,N,VIIRS,n,2,304.5,23.74,D,0
30.3334,75.41099,367,0.32,0.55,2021-11-03,841,N,VIIRS,h,2,299.79,7.15,D,0
30.33368,75.41441,367,0.32,0.55,2021-11-03,841,N,VIIRS,h,2,299.85,7.15,D,0
30.33476,76.25869,367,0.36,0.58,2021-11-03,841,N,VIIRS,h,2,300.93,9.92,D,0
30.33785,75.10115,353,0.62,0.54,2021-11-03,841,N,VIIRS,n,2,302.65,28.15,D,0
30.33808,75.10073,345.29,0.62,0.54,2021-11-03,841,N,VIIRS,n,2,300.89,23.74,D,0
30.33941,75.81612,367,0.34,0.56,2021-11-03,841,N,VIIRS,h,2,303.46,15.95,D,0
30.34173,75.98647,340.62,0.35,0.57,2021-11-03,841,N,VIIRS,n,2,298.37,3.91,D,0
30.34191,76.20753,367,0.36,0.58,2021-11-03,841,N,VIIRS,h,2,299.77,6.58,D,0
30.34262,75.2138,341.22,0.63,0.54,2021-11-03,841,N,VIIRS,n,2,300.63,6.48,D,0
30.34482,75.74992,367,0.34,0.56,2021-11-03,841,N,VIIRS,h,2,300.54,6.32,D,0
30.34485,76.20833,367,0.36,0.57,2021-11-03,841,N,VIIRS,h,2,299.84,9.1,D,0
30.34505,75.3033,341.03,0.32,0.55,2021-11-03,841,N,VIIRS,n,2,299.03,3.95,D,0
30.34533,75.30668,331.6,0.32,0.55,2021-11-03,841,N,VIIRS,n,2,298.71,4.44,D,0
30.34584,76.28991,338.79,0.37,0.58,2021-11-03,841,N,VIIRS,n,2,297.89,2.51,D,0
30.34703,75.1534,335.32,0.63,0.54,2021-11-03,841,N,VIIRS,n,2,298.87,3.16,D,0
30.34727,76.20702,331.45,0.36,0.58,2021-11-03,841,N,VIIRS,n,2,296.22,3.14,D,0
30.34735,75.78245,350.76,0.34,0.56,2021-11-03,841,N,VIIRS,n,2,298.59,4.79,D,0
30.34761,75.15295,332.86,0.63,0.54,2021-11-03,841,N,VIIRS,n,2,298.66,7.55,D,0
30.35016,75.81872,344.65,0.34,0.56,2021-11-03,841,N,VIIRS,n,2,299.97,2.52,D,0
30.35154,75.14626,340.3,0.63,0.54,2021-11-03,841,N,VIIRS,n,2,299.52,14.8,D,0
30.35207,75.14581,338.3,0.63,0.54,2021-11-03,841,N,VIIRS,n,2,298.42,6.21,D,0
30.35264,75.15242,336.11,0.63,0.54,2021-11-03,841,N,VIIRS,n,2,298.07,7.55,D,0
30.35265,75.52056,335.36,0.33,0.55,2021-11-03,841,N,VIIRS,n,2,299.13,1.93,D,0
30.3527,75.71655,351.2,0.34,0.56,2021-11-03,841,N,VIIRS,n,2,302.52,4.17,D,0
30.35279,75.22668,343.71,0.63,0.54,2021-11-03,841,N,VIIRS,n,2,299.4,9.72,D,0
30.35373,75.59824,367,0.33,0.55,2021-11-03,841,N,VIIRS,h,2,305.54,15.33,D,0
30.35377,75.28537,335.8,0.32,0.54,2021-11-03,841,N,VIIRS,n,2,300.52,2.76,D,0
30.35386,75.22609,351.43,0.63,0.54,2021-11-03,841,N,VIIRS,n,2,300.62,23.74,D,0
30.35406,75.28874,339.11,0.32,0.54,2021-11-03,841,N,VIIRS,n,2,299.56,2.76,D,0
30.35463,75.29551,367,0.32,0.54,2021-11-03,841,N,VIIRS,h,2,300.72,10.81,D,0
30.35551,75.36729,355.06,0.32,0.55,2021-11-03,841,N,VIIRS,n,2,302.97,8.88,D,0
30.3558,75.37071,355.49,0.32,0.55,2021-11-03,841,N,VIIRS,n,2,301.21,8.88,D,0
30.35784,75.22615,342.22,0.63,0.54,2021-11-03,841,N,VIIRS,n,2,298.68,9.18,D,0
30.35807,75.9213,352.49,0.35,0.57,2021-11-03,841,N,VIIRS,n,2,299.97,3.91,D,0
30.35814,75.16558,340.12,0.63,0.54,2021-11-03,841,N,VIIRS,n,2,299.08,8.06,D,0
30.35881,75.16515,341.6,0.63,0.54,2021-11-03,841,N,VIIRS,n,2,299.12,6.14,D,0
30.36027,75.30173,339.13,0.32,0.55,2021-11-03,841,N,VIIRS,n,2,298.69,1.34,D,0
30.36093,75.43243,346.84,0.33,0.55,2021-11-03,841,N,VIIRS,n,2,298.83,5.5,D,0
30.36208,75.5091,336.65,0.33,0.55,2021-11-03,841,N,VIIRS,n,2,298.95,3.83,D,0
30.36236,75.21892,340.31,0.63,0.54,2021-11-03,841,N,VIIRS,n,2,299.32,17.03,D,0
30.36236,75.51258,343.94,0.33,0.55,2021-11-03,841,N,VIIRS,n,2,299.18,6.05,D,0
30.36291,75.09847,339.09,0.62,0.54,2021-11-03,841,N,VIIRS,n,2,298.6,13.46,D,0
30.36313,75.09812,337.23,0.62,0.54,2021-11-03,841,N,VIIRS,n,2,298.57,5.12,D,0
30.36338,75.21837,341.61,0.63,0.54,2021-11-03,841,N,VIIRS,n,2,299.77,16.41,D,0
30.36567,75.74786,347.15,0.34,0.56,2021-11-03,841,N,VIIRS,n,2,299.91,6.57,D,0
30.36688,75.2117,344.04,0.63,0.54,2021-11-03,841,N,VIIRS,n,2,301.67,20.16,D,0
30.36707,75.02537,345.46,0.62,0.54,2021-11-03,841,N,VIIRS,n,2,299.79,11.7,D,0
30.36741,75.21838,343.38,0.63,0.54,2021-11-03,841,N,VIIRS,n,2,300.59,20.16,D,0
30.36775,75.90921,367,0.35,0.57,2021-11-03,841,N,VIIRS,h,2,301.43,8,D,0
30.36786,75.21118,341.69,0.63,0.54,2021-11-03,841,N,VIIRS,n,2,301.4,18.65,D,0
30.36834,75.45947,348.26,0.33,0.55,2021-11-03,841,N,VIIRS,n,2,300.73,3.24,D,0
30.36843,75.21785,350.67,0.63,0.54,2021-11-03,841,N,VIIRS,n,2,300.01,16.41,D,0
30.37122,75.68586,352.33,0.34,0.56,2021-11-03,841,N,VIIRS,n,2,302.32,14.2,D,0
30.37151,75.68942,367,0.34,0.56,2021-11-03,841,N,VIIRS,h,2,303.41,19.63,D,0
30.37175,75.96104,343.58,0.35,0.57,2021-11-03,841,N,VIIRS,n,2,298.61,3.75,D,0
30.37346,75.45895,367,0.33,0.55,2021-11-03,841,N,VIIRS,h,2,302.36,7.11,D,0
30.37432,75.46935,335.47,0.33,0.55,2021-11-03,841,N,VIIRS,n,2,299.69,3.29,D,0
30.37472,75.31102,367,0.32,0.55,2021-11-03,841,N,VIIRS,h,2,302.97,6.52,D,0
30.37596,75.45949,330.84,0.33,0.55,2021-11-03,841,N,VIIRS,n,2,299.84,3.45,D,0
30.37605,75.328,337.75,0.32,0.55,2021-11-03,841,N,VIIRS,n,2,298.11,5.28,D,0
30.37632,75.3314,347.64,0.32,0.55,2021-11-03,841,N,VIIRS,n,2,298.87,7.69,D,0
30.37635,75.31032,353.67,0.32,0.55,2021-11-03,841,N,VIIRS,n,2,301.52,5.97,D,0
30.37668,75.75405,340.59,0.34,0.56,2021-11-03,841,N,VIIRS,n,2,299.06,3.65,D,0
30.37728,75.6315,367,0.33,0.56,2021-11-03,841,N,VIIRS,h,2,306.39,15.01,D,0
30.37809,75.33066,367,0.32,0.55,2021-11-03,841,N,VIIRS,h,2,300.3,6.64,D,0
30.37819,75.29018,336.3,0.32,0.55,2021-11-03,841,N,VIIRS,n,2,299.2,2.11,D,0
30.37933,75.99033,367,0.35,0.57,2021-11-03,841,N,VIIRS,h,2,299.92,11.7,D,0
30.38151,75.01724,332.01,0.61,0.54,2021-11-03,841,N,VIIRS,n,2,297.53,7.84,D,0
30.38153,75.88193,367,0.35,0.56,2021-11-03,841,N,VIIRS,h,2,302.6,6.55,D,0
30.38247,75.76074,354.48,0.34,0.56,2021-11-03,841,N,VIIRS,n,2,300.6,7.18,D,0
30.38276,75.76435,367,0.34,0.56,2021-11-03,841,N,VIIRS,h,2,300.95,7.18,D,0
30.38301,75.35133,367,0.32,0.55,2021-11-03,841,N,VIIRS,h,2,302.05,8.86,D,0
30.3835,75.10291,353.77,0.62,0.54,2021-11-03,841,N,VIIRS,n,2,301.78,30,D,0
30.38761,75.21626,342.14,0.63,0.54,2021-11-03,841,N,VIIRS,n,2,302.53,22.99,D,0
30.38855,75.70576,348.67,0.34,0.56,2021-11-03,841,N,VIIRS,n,2,298.65,5.34,D,0
30.38884,75.70934,350.25,0.34,0.56,2021-11-03,841,N,VIIRS,n,2,298.88,7.93,D,0
30.38963,75.98557,348.02,0.35,0.57,2021-11-03,841,N,VIIRS,n,2,297.44,6.04,D,0
30.38992,75.98931,367,0.35,0.57,2021-11-03,841,N,VIIRS,h,2,299.02,10.26,D,0
30.38998,75.37471,354.42,0.32,0.55,2021-11-03,841,N,VIIRS,n,2,308.47,12.78,D,0
30.39025,75.37814,342.07,0.32,0.55,2021-11-03,841,N,VIIRS,n,2,301.17,11.95,D,0
30.39234,75.27509,367,0.32,0.54,2021-11-03,841,N,VIIRS,h,2,302,3.38,D,0
30.39261,75.27847,331.39,0.32,0.54,2021-11-03,841,N,VIIRS,n,2,300.08,3.38,D,0
30.39508,75.37418,367,0.32,0.55,2021-11-03,841,N,VIIRS,h,2,299.13,12.78,D,0
30.39535,75.37761,334.87,0.32,0.55,2021-11-03,841,N,VIIRS,n,2,298.55,11.95,D,0
30.3972,75.33608,344.66,0.32,0.55,2021-11-03,841,N,VIIRS,n,2,298.17,4.35,D,0
30.39747,75.33949,346.45,0.32,0.55,2021-11-03,841,N,VIIRS,n,2,298.81,4.35,D,0
30.39787,75.15469,341.65,0.63,0.54,2021-11-03,841,N,VIIRS,n,2,299.12,10.24,D,0
30.39837,75.69757,343.65,0.34,0.56,2021-11-03,841,N,VIIRS,n,2,298.84,2.72,D,0
30.39922,76.10969,334,0.36,0.57,2021-11-03,841,N,VIIRS,n,2,298.06,1.82,D,0
30.39932,75.69853,335.06,0.34,0.56,2021-11-03,841,N,VIIRS,n,2,297.98,3.47,D,0
30.40012,75.30837,352.82,0.32,0.55,2021-11-03,841,N,VIIRS,n,2,307,29.79,D,0
30.40276,75.21467,354.88,0.63,0.54,2021-11-03,841,N,VIIRS,n,2,302.56,23.9,D,0
30.40279,76.08645,367,0.36,0.57,2021-11-03,841,N,VIIRS,h,2,299.17,6.06,D,0
30.40356,75.28754,367,0.32,0.55,2021-11-03,841,N,VIIRS,h,2,300.79,4.74,D,0
30.40384,75.29092,338.79,0.32,0.55,2021-11-03,841,N,VIIRS,n,2,298.33,4.74,D,0
30.4052,75.91303,339.04,0.35,0.57,2021-11-03,841,N,VIIRS,n,2,299.12,2.59,D,0
30.40524,76.2598,343.24,0.36,0.58,2021-11-03,841,N,VIIRS,n,2,297.94,3.55,D,0
30.40569,76.33829,343.72,0.37,0.58,2021-11-03,841,N,VIIRS,n,2,297.58,5.81,D,0
30.40792,75.34186,336.37,0.32,0.55,2021-11-03,841,N,VIIRS,n,2,298.87,7.57,D,0
30.4081,75.54047,367,0.33,0.55,2021-11-03,841,N,VIIRS,h,2,303.22,9.83,D,0
30.40837,75.54398,334.59,0.33,0.55,2021-11-03,841,N,VIIRS,n,2,298.7,8.47,D,0
30.40874,75.35208,367,0.32,0.55,2021-11-03,841,N,VIIRS,h,2,302.23,7.28,D,0
30.40916,75.48755,367,0.33,0.55,2021-11-03,841,N,VIIRS,h,2,300.91,6.1,D,0
30.41064,75.78351,345.84,0.34,0.56,2021-11-03,841,N,VIIRS,n,2,299.36,6.03,D,0
30.41083,75.64339,353.21,0.34,0.56,2021-11-03,841,N,VIIRS,n,2,301.52,9.56,D,0
30.41093,75.78715,367,0.34,0.56,2021-11-03,841,N,VIIRS,h,2,303.88,9.66,D,0
30.41102,75.78458,335.29,0.34,0.56,2021-11-03,841,N,VIIRS,n,2,298.63,9.44,D,0
30.4111,75.64693,367,0.34,0.56,2021-11-03,841,N,VIIRS,h,2,303.16,9.56,D,0
30.4112,75.38287,333.55,0.32,0.55,2021-11-03,841,N,VIIRS,n,2,301.28,1.93,D,0
30.41123,75.79076,331.4,0.34,0.56,2021-11-03,841,N,VIIRS,n,2,298.01,9.66,D,0
30.41129,75.78822,367,0.34,0.56,2021-11-03,841,N,VIIRS,h,2,306.06,17.49,D,0
30.41192,75.58969,367,0.33,0.55,2021-11-03,841,N,VIIRS,h,2,302.86,7.59,D,0
30.41219,75.59323,354.93,0.33,0.56,2021-11-03,841,N,VIIRS,n,2,301.24,9.19,D,0
30.41247,75.33451,349.82,0.32,0.55,2021-11-03,841,N,VIIRS,n,2,300.01,6.82,D,0
30.41272,76.43313,336.1,0.37,0.58,2021-11-03,841,N,VIIRS,n,2,297.26,3.91,D,0
30.41274,75.33791,367,0.32,0.55,2021-11-03,841,N,VIIRS,h,2,299.93,6.82,D,0
30.4132,75.75047,345.16,0.34,0.56,2021-11-03,841,N,VIIRS,n,2,299.18,3.17,D,0
30.41349,75.75407,340,0.34,0.56,2021-11-03,841,N,VIIRS,n,2,299.35,3.17,D,0
30.4138,75.75148,367,0.34,0.56,2021-11-03,841,N,VIIRS,h,2,301.56,7.33,D,0
30.4148,75.30002,352.17,0.32,0.55,2021-11-03,841,N,VIIRS,n,2,300.46,11.15,D,0
30.41508,75.30341,367,0.32,0.55,2021-11-03,841,N,VIIRS,h,2,301.22,11.15,D,0
30.41532,76.32161,338.47,0.37,0.58,2021-11-03,841,N,VIIRS,n,2,297.41,2.27,D,0
30.41631,75.38234,331.18,0.32,0.55,2021-11-03,841,N,VIIRS,n,2,299.92,1.93,D,0
30.4165,76.33727,367,0.37,0.58,2021-11-03,841,N,VIIRS,h,2,298.75,8.03,D,0
30.41709,75.58916,367,0.33,0.55,2021-11-03,841,N,VIIRS,h,2,299.46,10.49,D,0
30.41736,75.5927,338.89,0.33,0.56,2021-11-03,841,N,VIIRS,n,2,299.07,9.8,D,0
30.41768,76.35299,333.64,0.37,0.58,2021-11-03,841,N,VIIRS,n,2,297.32,1.71,D,0
30.41848,75.67493,351.96,0.34,0.56,2021-11-03,841,N,VIIRS,n,2,299.33,4.36,D,0
30.42126,75.31644,337.04,0.32,0.55,2021-11-03,841,N,VIIRS,n,2,298.31,2.64,D,0
30.42138,75.92397,356.79,0.35,0.57,2021-11-03,841,N,VIIRS,n,2,299.49,5.34,D,0
30.42189,75.92258,352.81,0.35,0.57,2021-11-03,841,N,VIIRS,n,2,299.92,3.54,D,0
30.42309,76.35249,346.22,0.37,0.58,2021-11-03,841,N,VIIRS,n,2,297.15,5.23,D,0
30.42335,75.60278,343.21,0.33,0.56,2021-11-03,841,N,VIIRS,n,2,301.32,2.77,D,0
30.42561,75.76849,356.79,0.34,0.56,2021-11-03,841,N,VIIRS,n,2,305.68,15.12,D,0
30.42583,75.63469,355.63,0.34,0.56,2021-11-03,841,N,VIIRS,n,2,298.56,3.86,D,0
30.42588,75.77211,345.09,0.34,0.56,2021-11-03,841,N,VIIRS,n,2,299.7,13.38,D,0
30.42607,75.31252,367,0.32,0.55,2021-11-03,841,N,VIIRS,h,2,299.27,8.45,D,0
30.42607,75.97459,348.4,0.35,0.57,2021-11-03,841,N,VIIRS,n,2,298.35,5.56,D,0
30.42611,75.63824,338.91,0.34,0.56,2021-11-03,841,N,VIIRS,n,2,298.5,3.86,D,0
30.42705,75.51733,352.84,0.33,0.55,2021-11-03,841,N,VIIRS,n,2,301.33,3.54,D,0
30.42721,75.45422,330.25,0.33,0.55,2021-11-03,841,N,VIIRS,n,2,299.19,2.03,D,0
30.42752,75.0255,347.51,0.62,0.54,2021-11-03,841,N,VIIRS,n,2,304.92,22.64,D,0
30.42782,75.2714,334.24,0.32,0.54,2021-11-03,841,N,VIIRS,n,2,298.47,3.45,D,0
30.42834,75.87491,355.93,0.35,0.56,2021-11-03,841,N,VIIRS,n,2,298.84,6.22,D,0
30.42862,75.87858,352.9,0.35,0.56,2021-11-03,841,N,VIIRS,n,2,299.22,6.22,D,0
30.43049,75.97551,367,0.35,0.57,2021-11-03,841,N,VIIRS,h,2,298.84,7.08,D,0
30.4314,75.19144,344.27,0.63,0.54,2021-11-03,841,N,VIIRS,n,2,299.76,14.39,D,0
30.43345,75.46755,343.45,0.33,0.55,2021-11-03,841,N,VIIRS,n,2,299.75,1.83,D,0
30.43356,75.40482,330.38,0.32,0.55,2021-11-03,841,N,VIIRS,n,2,300.09,3.46,D,0
30.43818,75.52678,367,0.33,0.55,2021-11-03,841,N,VIIRS,h,2,302.72,6.03,D,0
30.4383,75.46356,367,0.33,0.55,2021-11-03,841,N,VIIRS,h,2,302.06,9.55,D,0
30.43846,75.53028,344.33,0.33,0.55,2021-11-03,841,N,VIIRS,n,2,299.57,6.03,D,0
30.43959,76.09981,332.35,0.36,0.57,2021-11-03,841,N,VIIRS,n,2,297.77,2.56,D,0
30.43985,75.54784,343.64,0.33,0.55,2021-11-03,841,N,VIIRS,n,2,299.47,7.72,D,0
30.43989,75.74886,351.9,0.34,0.56,2021-11-03,841,N,VIIRS,n,2,299.43,4.88,D,0
30.44013,75.55136,367,0.33,0.55,2021-11-03,841,N,VIIRS,h,2,303.11,7.72,D,0
30.44017,75.75246,338.11,0.34,0.56,2021-11-03,841,N,VIIRS,n,2,297.74,4.88,D,0
30.44124,75.01533,352.07,0.62,0.54,2021-11-03,841,N,VIIRS,n,2,299.6,9.37,D,0
30.44142,75.0814,338.35,0.62,0.54,2021-11-03,841,N,VIIRS,n,2,299.59,3.54,D,0
30.44172,76.31127,343.59,0.37,0.58,2021-11-03,841,N,VIIRS,n,2,298.08,3.41,D,0
30.44192,75.91448,342.92,0.35,0.57,2021-11-03,841,N,VIIRS,n,2,298.78,3.1,D,0
30.44194,75.01738,341.25,0.62,0.54,2021-11-03,841,N,VIIRS,n,2,300.77,9.86,D,0
30.44203,75.13667,330.92,0.63,0.54,2021-11-03,841,N,VIIRS,n,2,298.02,3.95,D,0
30.44211,75.38315,367,0.32,0.55,2021-11-03,841,N,VIIRS,h,2,300.42,4.21,D,0
30.44217,76.10945,344.44,0.36,0.57,2021-11-03,841,N,VIIRS,n,2,298.31,3.35,D,0
30.44218,75.2597,367,0.32,0.54,2021-11-03,841,N,VIIRS,h,2,301.84,6.41,D,0
30.44268,75.78506,367,0.34,0.56,2021-11-03,841,N,VIIRS,h,2,299.08,4.38,D,0
30.44295,75.78871,333.27,0.34,0.56,2021-11-03,841,N,VIIRS,n,2,298.2,4.38,D,0
30.44429,75.22385,346.98,0.63,0.54,2021-11-03,841,N,VIIRS,n,2,301.07,10.97,D,0
30.44597,75.1832,352.09,0.63,0.54,2021-11-03,841,N,VIIRS,n,2,300.08,9.53,D,0
30.44774,75.92139,356.09,0.35,0.57,2021-11-03,841,N,VIIRS,n,2,299.43,6.12,D,0
30.44921,75.18091,340.54,0.63,0.54,2021-11-03,841,N,VIIRS,n,2,300.81,24.5,D,0
30.44965,75.67183,334.82,0.34,0.56,2021-11-03,841,N,VIIRS,n,2,298.84,2.7,D,0
30.45048,75.23677,338.02,0.63,0.54,2021-11-03,841,N,VIIRS,n,2,299.42,7.19,D,0
30.45101,75.18268,339.31,0.63,0.54,2021-11-03,841,N,VIIRS,n,2,297.28,9.53,D,0
30.45161,75.69691,344.91,0.34,0.56,2021-11-03,841,N,VIIRS,n,2,298.55,4.54,D,0
30.45246,75.70768,354.13,0.34,0.56,2021-11-03,841,N,VIIRS,n,2,298.7,13.59,D,0
30.4525,75.98465,350.9,0.35,0.57,2021-11-03,841,N,VIIRS,n,2,298.53,4.2,D,0
30.45274,75.71127,367,0.34,0.56,2021-11-03,841,N,VIIRS,h,2,302.95,25.23,D,0
30.45332,75.04039,349.96,0.62,0.54,2021-11-03,841,N,VIIRS,n,2,302.04,21.9,D,0
30.45384,75.2161,340.55,0.63,0.54,2021-11-03,841,N,VIIRS,n,2,299.93,9.4,D,0
30.4539,75.24129,340.71,0.64,0.54,2021-11-03,841,N,VIIRS,n,2,300.56,14.11,D,0
30.45419,75.04247,342.12,0.62,0.54,2021-11-03,841,N,VIIRS,n,2,302.36,18.31,D,0
30.4547,75.94314,342.45,0.35,0.57,2021-11-03,841,N,VIIRS,n,2,298.71,3.87,D,0
30.45482,75.80589,355.05,0.34,0.56,2021-11-03,841,N,VIIRS,n,2,301.93,10.1,D,0
30.45539,75.81319,367,0.34,0.56,2021-11-03,841,N,VIIRS,h,2,303.63,16.09,D,0
30.45834,75.64938,356.26,0.34,0.56,2021-11-03,841,N,VIIRS,n,2,301.53,5.27,D,0
30.45852,75.27162,334.47,0.32,0.54,2021-11-03,841,N,VIIRS,n,2,299.3,2.92,D,0
30.45966,75.28515,336.67,0.32,0.55,2021-11-03,841,N,VIIRS,n,2,298.27,1.53,D,0
30.45968,75.34684,342.58,0.32,0.55,2021-11-03,841,N,VIIRS,n,2,297.74,2.94,D,0
30.45997,75.35026,337.88,0.32,0.55,2021-11-03,841,N,VIIRS,n,2,297.7,4.05,D,0
30.46007,75.80538,367,0.34,0.56,2021-11-03,841,N,VIIRS,h,2,299.53,10.1,D,0
30.46068,75.00664,336.41,0.62,0.54,2021-11-03,841,N,VIIRS,n,2,299.24,10.75,D,0
30.46079,75.29869,354.87,0.32,0.55,2021-11-03,841,N,VIIRS,n,2,299.39,5.63,D,0
30.46119,75.81999,331.19,0.34,0.56,2021-11-03,841,N,VIIRS,n,2,298.18,4.26,D,0
30.46134,75.00875,343.57,0.61,0.54,2021-11-03,841,N,VIIRS,n,2,300.06,7.04,D,0
30.46196,75.43668,346.73,0.33,0.55,2021-11-03,841,N,VIIRS,n,2,300.37,3.17,D,0
30.46382,75.65244,347.73,0.34,0.56,2021-11-03,841,N,VIIRS,n,2,302.32,8.02,D,0
30.4641,75.65601,367,0.34,0.56,2021-11-03,841,N,VIIRS,h,2,305.53,8.02,D,0
30.4658,75.67744,367,0.34,0.56,2021-11-03,841,N,VIIRS,h,2,302.33,5.29,D,0
30.46623,75.48876,341.36,0.33,0.55,2021-11-03,841,N,VIIRS,n,2,299.79,3.02,D,0
30.46737,76.11244,331.61,0.36,0.57,2021-11-03,841,N,VIIRS,n,2,297,2.29,D,0
30.46751,75.69894,339.98,0.34,0.56,2021-11-03,841,N,VIIRS,n,2,299.45,1.97,D,0
30.4677,75.76797,354.68,0.34,0.56,2021-11-03,841,N,VIIRS,n,2,298.68,7.96,D,0
30.4678,75.15874,334.79,0.63,0.54,2021-11-03,841,N,VIIRS,n,2,299.22,3.7,D,0
30.46798,75.7716,367,0.34,0.56,2021-11-03,841,N,VIIRS,h,2,300.16,7.96,D,0
30.4682,75.3874,340.67,0.32,0.55,2021-11-03,841,N,VIIRS,n,2,298.05,3.36,D,0
30.46946,75.16059,333.34,0.63,0.54,2021-11-03,841,N,VIIRS,n,2,298.7,5.17,D,0
30.4695,75.7241,350.86,0.34,0.56,2021-11-03,841,N,VIIRS,n,2,298.91,11.21,D,0
30.46978,75.72769,367,0.34,0.56,2021-11-03,841,N,VIIRS,h,2,307.22,11.21,D,0
30.47019,75.60163,354.58,0.33,0.56,2021-11-03,841,N,VIIRS,n,2,301.46,7.12,D,0
30.47222,75.56227,353.72,0.33,0.55,2021-11-03,841,N,VIIRS,n,2,313.17,30.95,D,0
30.4733,75.38688,341.53,0.32,0.55,2021-11-03,841,N,VIIRS,n,2,298.75,3.05,D,0
30.47344,75.26669,339.95,0.32,0.54,2021-11-03,841,N,VIIRS,n,2,298.64,20.92,D,0
30.47425,75.85189,338.16,0.35,0.56,2021-11-03,841,N,VIIRS,n,2,297.35,5.83,D,0
30.47443,75.71999,335.92,0.34,0.56,2021-11-03,841,N,VIIRS,n,2,298.88,3.66,D,0
30.47453,75.85556,367,0.35,0.56,2021-11-03,841,N,VIIRS,h,2,300.09,10.7,D,0
30.47467,75.34185,367,0.32,0.55,2021-11-03,841,N,VIIRS,h,2,302.6,9.5,D,0
30.475,75.72718,338.15,0.34,0.56,2021-11-03,841,N,VIIRS,n,2,297.29,11.21,D,0
30.47548,76.07719,367,0.36,0.57,2021-11-03,841,N,VIIRS,h,2,301.79,9.05,D,0
30.4755,75.38834,340.41,0.32,0.55,2021-11-03,841,N,VIIRS,n,2,298.38,2.94,D,0
30.47596,75.87395,330.64,0.35,0.56,2021-11-03,841,N,VIIRS,n,2,299.74,1.38,D,0
30.47614,75.26446,337.45,0.32,0.54,2021-11-03,841,N,VIIRS,n,2,308.99,31.57,D,0
30.4764,75.26784,367,0.32,0.54,2021-11-03,841,N,VIIRS,h,2,299.29,31.57,D,0
30.47689,75.33976,354.25,0.32,0.55,2021-11-03,841,N,VIIRS,n,2,298.59,8.56,D,0
30.47715,75.34318,367,0.32,0.55,2021-11-03,841,N,VIIRS,h,2,300.63,8.56,D,0
30.47822,75.26279,351.09,0.32,0.54,2021-11-03,841,N,VIIRS,n,2,298.09,17.2,D,0
30.47851,75.26616,367,0.32,0.54,2021-11-03,841,N,VIIRS,h,2,309.56,20.92,D,0
30.47977,75.34133,367,0.32,0.55,2021-11-03,841,N,VIIRS,h,2,297.81,7.85,D,0
30.48034,75.34817,342.64,0.32,0.55,2021-11-03,841,N,VIIRS,n,2,298.69,2.87,D,0
30.4805,75.73027,367,0.34,0.56,2021-11-03,841,N,VIIRS,h,2,305.22,22.24,D,0
30.4837,75.70456,336.92,0.34,0.56,2021-11-03,841,N,VIIRS,n,2,298.57,3.49,D,0
30.48395,75.51513,341.09,0.33,0.55,2021-11-03,841,N,VIIRS,n,2,299.41,2.69,D,0
30.48591,75.86559,367,0.35,0.56,2021-11-03,841,N,VIIRS,h,2,301.58,6.58,D,0
30.48838,75.42175,346.23,0.33,0.55,2021-11-03,841,N,VIIRS,n,2,299.12,3.02,D,0
30.48857,75.5713,349.5,0.33,0.55,2021-11-03,841,N,VIIRS,n,2,299.92,5.28,D,0
30.4893,75.56958,336.38,0.33,0.55,2021-11-03,841,N,VIIRS,n,2,297.89,5.58,D,0
30.4932,75.4843,355.34,0.33,0.55,2021-11-03,841,N,VIIRS,n,2,300.77,6.69,D,0
30.4937,75.96559,353.35,0.35,0.57,2021-11-03,841,N,VIIRS,n,2,298.02,4.29,D,0
30.49401,75.49478,344.74,0.33,0.55,2021-11-03,841,N,VIIRS,n,2,299.4,5.33,D,0
30.49524,75.65286,354.12,0.34,0.56,2021-11-03,841,N,VIIRS,n,2,301.81,3.95,D,0
30.49544,75.6513,333.93,0.34,0.56,2021-11-03,841,N,VIIRS,n,2,300.51,3.12,D,0
30.49566,75.38276,339.76,0.32,0.55,2021-11-03,841,N,VIIRS,n,2,298.27,1.93,D,0
30.49571,75.65488,339.64,0.34,0.56,2021-11-03,841,N,VIIRS,n,2,299.64,4.39,D,0
30.49616,75.00942,335.16,0.62,0.54,2021-11-03,841,N,VIIRS,n,2,298.23,8.13,D,0
30.4967,75.01595,340.06,0.62,0.54,2021-11-03,841,N,VIIRS,n,2,299.75,9.81,D,0
30.49677,75.48216,330.06,0.33,0.55,2021-11-03,841,N,VIIRS,n,2,297.84,3.35,D,0
30.49678,76.21782,367,0.36,0.58,2021-11-03,841,N,VIIRS,h,2,303.86,20.56,D,0
30.49706,75.48565,349.97,0.33,0.55,2021-11-03,841,N,VIIRS,n,2,298.62,6.91,D,0
30.49764,75.49262,348.9,0.33,0.55,2021-11-03,841,N,VIIRS,n,2,298.98,5.59,D,0
30.50185,75.396,335.72,0.32,0.55,2021-11-03,841,N,VIIRS,n,2,299.7,1.99,D,0
30.50441,75.04814,342.7,0.62,0.54,2021-11-03,841,N,VIIRS,n,2,301.06,10.73,D,0
30.50448,75.63239,337.68,0.34,0.56,2021-11-03,841,N,VIIRS,n,2,298.93,1.82,D,0
30.50583,75.31612,367,0.32,0.55,2021-11-03,841,N,VIIRS,h,2,300.57,7.14,D,0
30.50753,75.53578,352.61,0.33,0.55,2021-11-03,841,N,VIIRS,n,2,299.62,6.83,D,0
30.50943,75.49319,340.81,0.33,0.55,2021-11-03,841,N,VIIRS,n,2,300.22,2.55,D,0
30.51114,75.79158,349.79,0.34,0.56,2021-11-03,841,N,VIIRS,n,2,300.54,15.22,D,0
30.5114,75.79521,367,0.34,0.56,2021-11-03,841,N,VIIRS,h,2,304.46,15.22,D,0
30.51187,75.52472,336.39,0.33,0.55,2021-11-03,841,N,VIIRS,n,2,297.9,2.25,D,0
30.51187,75.59224,341.88,0.33,0.56,2021-11-03,841,N,VIIRS,n,2,298.43,5.42,D,0
30.51187,75.793,351.36,0.34,0.56,2021-11-03,841,N,VIIRS,n,2,305.21,15.23,D,0
30.51216,75.79664,346.33,0.34,0.56,2021-11-03,841,N,VIIRS,n,2,299.1,15.23,D,0
30.51262,75.40183,354.12,0.33,0.55,2021-11-03,841,N,VIIRS,n,2,299.46,5.64,D,0
30.513,75.27768,338.2,0.32,0.55,2021-11-03,841,N,VIIRS,n,2,296.79,3.98,D,0
30.51354,75.28446,338.88,0.32,0.55,2021-11-03,841,N,VIIRS,n,2,298.32,7.69,D,0
30.51457,75.49266,367,0.33,0.55,2021-11-03,841,N,VIIRS,h,2,303.53,11.46,D,0
30.51558,75.00079,367,0.62,0.54,2021-11-03,841,N,VIIRS,h,2,301.41,11.85,D,0
30.51598,75.84416,331.2,0.35,0.56,2021-11-03,841,N,VIIRS,n,2,298.23,2.05,D,0
30.51807,75.2142,332.28,0.63,0.54,2021-11-03,841,N,VIIRS,n,2,298.43,3.75,D,0
30.51808,75.93698,367,0.35,0.57,2021-11-03,841,N,VIIRS,h,2,304.57,8.67,D,0
30.51893,75.5488,341.3,0.33,0.55,2021-11-03,841,N,VIIRS,n,2,299.2,2.34,D,0
30.52023,76.31373,367,0.37,0.58,2021-11-03,841,N,VIIRS,h,2,300.53,6.11,D,0
30.52057,75.00025,337.22,0.62,0.54,2021-11-03,841,N,VIIRS,n,2,298.09,11.85,D,0
30.52169,75.93529,356.12,0.35,0.57,2021-11-03,841,N,VIIRS,n,2,302.42,15.27,D,0
30.52242,75.80148,343.97,0.34,0.56,2021-11-03,841,N,VIIRS,n,2,298.51,5.4,D,0
30.52258,76.34517,330.52,0.37,0.58,2021-11-03,841,N,VIIRS,n,2,296.02,1.82,D,0
30.5227,75.80514,367,0.34,0.56,2021-11-03,841,N,VIIRS,h,2,300.67,8.09,D,0
30.523,75.53421,355.67,0.33,0.55,2021-11-03,841,N,VIIRS,n,2,303.15,10.59,D,0
30.52322,75.80293,367,0.34,0.56,2021-11-03,841,N,VIIRS,h,2,301.76,6.85,D,0
30.52328,75.53773,348.24,0.33,0.55,2021-11-03,841,N,VIIRS,n,2,298.83,10.99,D,0
30.52337,75.93649,367,0.35,0.57,2021-11-03,841,N,VIIRS,h,2,297.08,8.67,D,0
30.52359,75.67731,345.96,0.34,0.56,2021-11-03,841,N,VIIRS,n,2,297.9,3.64,D,0
30.52388,75.03947,342.51,0.62,0.54,2021-11-03,841,N,VIIRS,n,2,303.31,16.75,D,0
30.52404,75.48114,367,0.33,0.55,2021-11-03,841,N,VIIRS,h,2,301.44,8.89,D,0
30.52659,75.13242,340.66,0.63,0.54,2021-11-03,841,N,VIIRS,n,2,299.6,10.39,D,0
30.52769,75.39681,356.66,0.32,0.55,2021-11-03,841,N,VIIRS,n,2,301.61,10.3,D,0
30.52796,75.40025,367,0.33,0.55,2021-11-03,841,N,VIIRS,h,2,300.76,10.3,D,0
30.52818,75.21315,330.95,0.63,0.54,2021-11-03,841,N,VIIRS,n,2,297.66,5.07,D,0
30.52822,75.27611,269.64,0.32,0.55,2021-11-03,841,N,VIIRS,l,2,324.69,80.32,D,0
30.5285,75.2795,367,0.32,0.55,2021-11-03,841,N,VIIRS,h,2,302,72.91,D,0
30.53111,75.50508,332.26,0.33,0.55,2021-11-03,841,N,VIIRS,n,2,296.9,2.96,D,0
30.53219,75.26202,331.41,0.32,0.54,2021-11-03,841,N,VIIRS,n,2,298.41,1.18,D,0
30.53261,75.65836,348.13,0.34,0.56,2021-11-03,841,N,VIIRS,n,2,298.88,4.74,D,0
30.53324,75.21262,347.71,0.63,0.54,2021-11-03,841,N,VIIRS,n,2,297.71,13.13,D,0
30.54005,75.29541,330.8,0.32,0.55,2021-11-03,841,N,VIIRS,n,2,299.98,5.25,D,0
30.54033,75.29881,344.96,0.32,0.55,2021-11-03,841,N,VIIRS,n,2,300.91,4.83,D,0
30.54034,75.75932,336.05,0.34,0.56,2021-11-03,841,N,VIIRS,n,2,298.56,9.85,D,0
30.54062,75.76297,367,0.34,0.56,2021-11-03,841,N,VIIRS,h,2,306.04,9.85,D,0
30.54088,75.00329,340.59,0.62,0.54,2021-11-03,841,N,VIIRS,n,2,299.93,9.48,D,0
30.5411,75.00465,331.35,0.62,0.54,2021-11-03,841,N,VIIRS,n,2,298.7,6.04,D,0
30.5414,75.50404,338.37,0.33,0.55,2021-11-03,841,N,VIIRS,n,2,297.45,1.63,D,0
30.54175,76.13875,335.4,0.36,0.57,2021-11-03,841,N,VIIRS,n,2,297.91,3.55,D,0
30.54255,75.32607,330.84,0.32,0.55,2021-11-03,841,N,VIIRS,n,2,299.34,4.73,D,0
30.54279,75.20483,336.93,0.63,0.54,2021-11-03,841,N,VIIRS,n,2,298.66,3.85,D,0
30.5428,75.72259,349.46,0.34,0.56,2021-11-03,841,N,VIIRS,n,2,298.83,4.25,D,0
30.54284,75.7921,338.55,0.34,0.56,2021-11-03,841,N,VIIRS,n,2,299.21,1.94,D,0
30.54291,75.58908,343.61,0.33,0.56,2021-11-03,841,N,VIIRS,n,2,298.71,3.11,D,0
30.54448,76.13585,331.53,0.36,0.57,2021-11-03,841,N,VIIRS,n,2,296.12,3.56,D,0
30.54541,75.29828,338.35,0.32,0.55,2021-11-03,841,N,VIIRS,n,2,298.24,4.83,D,0
30.54625,75.63177,351.38,0.34,0.56,2021-11-03,841,N,VIIRS,n,2,300.52,6.62,D,0
30.54821,75.33239,340.43,0.32,0.55,2021-11-03,841,N,VIIRS,n,2,297.27,4.12,D,0
30.5487,75.40163,337.62,0.33,0.55,2021-11-03,841,N,VIIRS,n,2,299.63,2.59,D,0
30.54947,75.80987,336.2,0.34,0.56,2021-11-03,841,N,VIIRS,n,2,298.38,7.61,D,0
30.55089,75.97005,344.45,0.35,0.57,2021-11-03,841,N,VIIRS,n,2,298.53,2.63,D,0
30.55415,75.80202,337.07,0.34,0.56,2021-11-03,841,N,VIIRS,n,2,297.97,5.39,D,0
30.55443,75.80569,353.11,0.34,0.56,2021-11-03,841,N,VIIRS,n,2,299.39,5.39,D,0
30.55635,75.43225,367,0.33,0.55,2021-11-03,841,N,VIIRS,h,2,299.84,6.09,D,0
30.5564,75.36958,346.61,0.32,0.55,2021-11-03,841,N,VIIRS,n,2,297.93,4.08,D,0
30.55668,75.37302,330.88,0.32,0.55,2021-11-03,841,N,VIIRS,n,2,296.59,3.97,D,0
30.55805,76.3102,367,0.37,0.58,2021-11-03,841,N,VIIRS,h,2,299.13,6.04,D,0
30.55928,76.30901,350.1,0.37,0.58,2021-11-03,841,N,VIIRS,n,2,295.94,6.33,D,0
30.5608,75.81982,351.74,0.34,0.56,2021-11-03,841,N,VIIRS,n,2,299.85,4.77,D,0
30.56097,75.61951,349.72,0.34,0.56,2021-11-03,841,N,VIIRS,n,2,298.59,5.65,D,0
30.56117,75.06205,342.17,0.62,0.54,2021-11-03,841,N,VIIRS,n,2,298.87,11.63,D,0
30.56312,75.91999,330.05,0.35,0.57,2021-11-03,841,N,VIIRS,n,2,297.73,1.92,D,0
30.56433,75.40351,355.95,0.33,0.55,2021-11-03,841,N,VIIRS,n,2,299.63,4.41,D,0
30.56529,75.87865,333.94,0.35,0.57,2021-11-03,841,N,VIIRS,n,2,299.51,3.15,D,0
30.56558,75.06022,346.04,0.62,0.54,2021-11-03,841,N,VIIRS,n,2,300.89,32.91,D,0
30.56561,75.05494,340.67,0.62,0.54,2021-11-03,841,N,VIIRS,n,2,297.66,12.32,D,0
30.56618,75.06152,341.76,0.62,0.54,2021-11-03,841,N,VIIRS,n,2,299.08,11.63,D,0
30.56678,75.96849,341.75,0.35,0.57,2021-11-03,841,N,VIIRS,n,2,298.69,3.14,D,0
30.57402,75.29762,341.3,0.32,0.55,2021-11-03,841,N,VIIRS,n,2,298.13,10.47,D,0
30.57428,75.30103,367,0.32,0.55,2021-11-03,841,N,VIIRS,h,2,305.4,21.75,D,0
30.5752,75.10725,334.95,0.63,0.54,2021-11-03,841,N,VIIRS,n,2,299.11,6.03,D,0
30.57612,75.19335,330.48,0.63,0.54,2021-11-03,841,N,VIIRS,n,2,298.35,5.25,D,0
30.5762,75.29856,351.61,0.32,0.55,2021-11-03,841,N,VIIRS,n,2,300.73,14.49,D,0
30.57649,75.30196,367,0.32,0.55,2021-11-03,841,N,VIIRS,h,2,301.02,19.04,D,0
30.57761,75.19445,331.98,0.63,0.54,2021-11-03,841,N,VIIRS,n,2,298.42,5.34,D,0
30.57789,75.70093,335.19,0.34,0.56,2021-11-03,841,N,VIIRS,n,2,298.9,1.58,D,0
30.57881,75.64657,340.74,0.34,0.56,2021-11-03,841,N,VIIRS,n,2,298.73,3.11,D,0
30.57984,75.1121,341.21,0.63,0.54,2021-11-03,841,N,VIIRS,n,2,299.02,9.55,D,0
30.5808,75.11337,339.84,0.63,0.54,2021-11-03,841,N,VIIRS,n,2,298.56,9.89,D,0
30.58115,75.06521,335.24,0.62,0.54,2021-11-03,841,N,VIIRS,n,2,297.51,4.09,D,0
30.58206,75.24667,335.79,0.32,0.54,2021-11-03,841,N,VIIRS,n,2,298.35,3.81,D,0
30.58281,75.6968,367,0.34,0.56,2021-11-03,841,N,VIIRS,h,2,301.72,12.5,D,0
30.58287,76.33451,334.12,0.37,0.58,2021-11-03,841,N,VIIRS,n,2,296.71,2.14,D,0
30.5836,75.77338,335.89,0.34,0.56,2021-11-03,841,N,VIIRS,n,2,298.4,3.24,D,0
30.58486,75.46445,340.85,0.33,0.55,2021-11-03,841,N,VIIRS,n,2,297.94,4.72,D,0
30.5851,75.92911,339.39,0.35,0.57,2021-11-03,841,N,VIIRS,n,2,297.74,4.39,D,0
30.58539,75.93284,351.61,0.35,0.57,2021-11-03,841,N,VIIRS,n,2,298.75,6.94,D,0
30.58669,75.46323,351.92,0.33,0.55,2021-11-03,841,N,VIIRS,n,2,298.99,4.18,D,0
30.58711,75.42912,342.09,0.33,0.55,2021-11-03,841,N,VIIRS,n,2,299.04,3.09,D,0
30.59419,75.1644,345.15,0.63,0.54,2021-11-03,841,N,VIIRS,n,2,298.85,13.43,D,0
30.59426,75.45294,367,0.33,0.55,2021-11-03,841,N,VIIRS,h,2,300.86,10.27,D,0
30.59466,75.58396,334.01,0.33,0.56,2021-11-03,841,N,VIIRS,n,2,296.66,3.96,D,0
30.59488,75.368,351.55,0.32,0.55,2021-11-03,841,N,VIIRS,n,2,300.91,5.24,D,0
30.5952,75.52692,341.2,0.33,0.55,2021-11-03,841,N,VIIRS,n,2,298.2,2.3,D,0
30.59566,75.05701,339.06,0.62,0.54,2021-11-03,841,N,VIIRS,n,2,299.19,7.9,D,0
30.59573,75.58298,342.69,0.33,0.56,2021-11-03,841,N,VIIRS,n,2,296.94,3.76,D,0
30.59617,75.45169,367,0.33,0.55,2021-11-03,841,N,VIIRS,h,2,298.92,9.64,D,0
30.5962,75.06361,342.82,0.62,0.54,2021-11-03,841,N,VIIRS,n,2,298.74,15.11,D,0
30.59641,75.73552,367,0.34,0.56,2021-11-03,841,N,VIIRS,h,2,299.18,4.95,D,0
30.59663,75.52583,333.58,0.33,0.55,2021-11-03,841,N,VIIRS,n,2,298.02,2.1,D,0
30.59741,76.46144,339.15,0.38,0.59,2021-11-03,841,N,VIIRS,n,2,298.27,3.12,D,0
30.59784,75.27452,344.24,0.32,0.55,2021-11-03,841,N,VIIRS,n,2,300,2.62,D,0
30.5987,75.83091,367,0.35,0.56,2021-11-03,841,N,VIIRS,h,2,299.69,4.94,D,0
30.59979,75.9127,331.07,0.35,0.57,2021-11-03,841,N,VIIRS,n,2,297.71,1.85,D,0
30.59999,75.36746,367,0.32,0.55,2021-11-03,841,N,VIIRS,h,2,302.71,24.84,D,0
30.60012,75.04988,333.72,0.62,0.54,2021-11-03,841,N,VIIRS,n,2,298.32,7.9,D,0
30.60144,76.00294,367,0.35,0.57,2021-11-03,841,N,VIIRS,h,2,301.13,7.64,D,0
30.60159,75.86774,335.53,0.35,0.57,2021-11-03,841,N,VIIRS,n,2,299.61,2.77,D,0
30.60239,75.67233,345.92,0.34,0.56,2021-11-03,841,N,VIIRS,n,2,299.21,4.49,D,0
30.6025,75.74589,335.05,0.34,0.56,2021-11-03,841,N,VIIRS,n,2,297.76,3.8,D,0
30.60318,75.49783,338.08,0.33,0.55,2021-11-03,841,N,VIIRS,n,2,297.85,2.81,D,0
30.60321,75.40895,367,0.33,0.55,2021-11-03,841,N,VIIRS,h,2,300.93,8.32,D,0
30.60454,75.77132,352.06,0.34,0.56,2021-11-03,841,N,VIIRS,n,2,298.57,6.99,D,0
30.60479,75.49666,355.6,0.33,0.55,2021-11-03,841,N,VIIRS,n,2,298.4,4.6,D,0
30.60501,75.97989,343.14,0.35,0.57,2021-11-03,841,N,VIIRS,n,2,298.7,3.89,D,0
30.60675,76.00243,346.82,0.35,0.57,2021-11-03,841,N,VIIRS,n,2,297.37,4.9,D,0
30.60686,75.86723,343.68,0.35,0.57,2021-11-03,841,N,VIIRS,n,2,298.7,4.74,D,0
30.60798,75.02252,339.95,0.62,0.54,2021-11-03,841,N,VIIRS,n,2,297.8,9.85,D,0
30.60972,75.97189,337.47,0.35,0.57,2021-11-03,841,N,VIIRS,n,2,298.89,3.8,D,0
30.61086,75.65423,350.65,0.34,0.56,2021-11-03,841,N,VIIRS,n,2,300.51,4.53,D,0
30.61146,75.65331,350.88,0.34,0.56,2021-11-03,841,N,VIIRS,n,2,299.72,4.18,D,0
30.61468,76.03589,346.73,0.36,0.57,2021-11-03,841,N,VIIRS,n,2,296.72,5.04,D,0
30.61571,75.05486,340.02,0.62,0.54,2021-11-03,841,N,VIIRS,n,2,297.72,4.59,D,0
30.61574,76.41138,355.55,0.37,0.58,2021-11-03,841,N,VIIRS,n,2,298.86,6.44,D,0
30.61603,76.41537,350.22,0.37,0.58,2021-11-03,841,N,VIIRS,n,2,298.24,6.44,D,0
30.61832,75.14835,344.99,0.63,0.54,2021-11-03,841,N,VIIRS,n,2,297.66,12.94,D,0
30.62241,75.87258,330.67,0.35,0.57,2021-11-03,841,N,VIIRS,n,2,297.51,3.65,D,0
30.62253,75.73301,336.22,0.34,0.56,2021-11-03,841,N,VIIRS,n,2,297.64,4.14,D,0
30.62651,75.64462,352.66,0.34,0.56,2021-11-03,841,N,VIIRS,n,2,298.36,3.57,D,0
30.62815,75.66613,353.37,0.34,0.56,2021-11-03,841,N,VIIRS,n,2,298.32,8.25,D,0
30.62842,75.66972,367,0.34,0.56,2021-11-03,841,N,VIIRS,h,2,300.32,13.78,D,0
30.62922,75.54388,367,0.33,0.55,2021-11-03,841,N,VIIRS,h,2,298.49,4.34,D,0
30.62926,76.4464,344.01,0.38,0.58,2021-11-03,841,N,VIIRS,n,2,297.44,3.91,D,0
30.62956,76.45042,336.42,0.38,0.58,2021-11-03,841,N,VIIRS,n,2,298.4,5.53,D,0
30.62982,75.354,333.24,0.32,0.55,2021-11-03,841,N,VIIRS,n,2,297.5,1.85,D,0
30.63014,75.10677,340.47,0.63,0.54,2021-11-03,841,N,VIIRS,n,2,298.91,4.11,D,0
30.63037,75.36088,336.32,0.32,0.55,2021-11-03,841,N,VIIRS,n,2,299.27,3.58,D,0
30.6323,75.38503,334.74,0.33,0.55,2021-11-03,841,N,VIIRS,n,2,297.52,3.95,D,0
30.63388,75.74207,335.58,0.34,0.56,2021-11-03,841,N,VIIRS,n,2,298.33,4.34,D,0
30.63589,75.30152,367,0.32,0.55,2021-11-03,841,N,VIIRS,h,2,304.86,18.35,D,0
30.63849,75.14625,341.1,0.63,0.54,2021-11-03,841,N,VIIRS,n,2,298.85,9.3,D,0
30.63991,75.82251,356.52,0.35,0.56,2021-11-03,841,N,VIIRS,n,2,298.67,8.91,D,0
30.64572,75.82935,367,0.35,0.56,2021-11-03,841,N,VIIRS,h,2,300.94,11.02,D,0
30.64627,75.83671,345.65,0.35,0.56,2021-11-03,841,N,VIIRS,n,2,297.86,4.34,D,0
30.6561,75.00213,335.95,0.62,0.54,2021-11-03,841,N,VIIRS,n,2,298.04,6.44,D,0
30.65755,75.1916,339.31,0.63,0.54,2021-11-03,841,N,VIIRS,n,2,298.25,6.96,D,0
30.65789,75.99326,339.19,0.35,0.57,2021-11-03,841,N,VIIRS,n,2,298.41,5.99,D,0
30.66018,75.34742,341.89,0.32,0.55,2021-11-03,841,N,VIIRS,n,2,297.63,3.65,D,0
30.66039,76.02727,339.22,0.36,0.57,2021-11-03,841,N,VIIRS,n,2,298.53,2.76,D,0
30.66058,75.18941,335.35,0.63,0.54,2021-11-03,841,N,VIIRS,n,2,297.5,4.92,D,0
30.66144,75.49089,345.16,0.33,0.55,2021-11-03,841,N,VIIRS,n,2,296.7,2.71,D,0
30.6632,75.99274,367,0.35,0.57,2021-11-03,841,N,VIIRS,h,2,300.01,5.99,D,0
30.66609,75.42001,367,0.33,0.55,2021-11-03,841,N,VIIRS,h,2,300.82,8.59,D,0
30.66622,75.55083,367,0.33,0.56,2021-11-03,841,N,VIIRS,h,2,298.4,5.94,D,0
30.66637,75.42348,336.01,0.33,0.55,2021-11-03,841,N,VIIRS,n,2,298.22,8.96,D,0
30.66684,75.07416,341.35,0.62,0.54,2021-11-03,841,N,VIIRS,n,2,298.69,7.76,D,0
30.66811,75.07603,341.66,0.62,0.54,2021-11-03,841,N,VIIRS,n,2,298.66,6.26,D,0
30.6686,76.31472,347.04,0.37,0.58,2021-11-03,841,N,VIIRS,n,2,299.27,2.94,D,0
30.66963,76.00734,341.51,0.35,0.57,2021-11-03,841,N,VIIRS,n,2,297.87,2.74,D,0
30.67024,76.31441,351.57,0.37,0.58,2021-11-03,841,N,VIIRS,n,2,299.05,3.96,D,0
30.67188,76.03764,330.34,0.36,0.57,2021-11-03,841,N,VIIRS,n,2,296.51,4.27,D,0
30.67216,76.04144,367,0.36,0.57,2021-11-03,841,N,VIIRS,h,2,298.79,4.27,D,0
30.67482,75.86366,338.09,0.35,0.57,2021-11-03,841,N,VIIRS,n,2,298.7,3.44,D,0
30.67515,75.53212,338.63,0.33,0.55,2021-11-03,841,N,VIIRS,n,2,296.49,3.57,D,0
30.67543,75.53566,345.97,0.33,0.55,2021-11-03,841,N,VIIRS,n,2,298.28,5.75,D,0
30.67599,75.74157,339.64,0.34,0.56,2021-11-03,841,N,VIIRS,n,2,297.66,3.03,D,0
30.67662,75.00657,344.9,0.62,0.54,2021-11-03,841,N,VIIRS,n,2,301.05,20.84,D,0
30.67687,75.96112,343.3,0.35,0.57,2021-11-03,841,N,VIIRS,n,2,298.24,3.67,D,0
30.67688,75.00204,335.25,0.62,0.54,2021-11-03,841,N,VIIRS,n,2,297.15,11.11,D,0
30.67736,75.89708,335.78,0.35,0.57,2021-11-03,841,N,VIIRS,n,2,298.19,2.76,D,0
30.67746,75.00859,341.33,0.62,0.54,2021-11-03,841,N,VIIRS,n,2,300.3,11.11,D,0
30.67872,75.08163,331.67,0.62,0.54,2021-11-03,841,N,VIIRS,n,2,297.94,3.62,D,0
30.68101,75.10818,331.25,0.63,0.54,2021-11-03,841,N,VIIRS,l,2,301.41,7.65,D,0
30.68119,75.41499,338.77,0.33,0.55,2021-11-03,841,N,VIIRS,n,2,297.33,2.61,D,0
30.68122,75.74105,337.33,0.34,0.56,2021-11-03,841,N,VIIRS,n,2,296.82,2.03,D,0
30.68273,75.27771,337.29,0.32,0.55,2021-11-03,841,N,VIIRS,n,2,298.5,2.99,D,0
30.68322,75.15312,341.26,0.63,0.54,2021-11-03,841,N,VIIRS,n,2,299.38,6.28,D,0
30.68445,75.14822,340.29,0.63,0.54,2021-11-03,841,N,VIIRS,n,2,299.34,9.89,D,0
30.68455,75.10579,340.64,0.63,0.54,2021-11-03,841,N,VIIRS,n,2,299.04,5.55,D,0
30.68507,75.27583,342.82,0.32,0.55,2021-11-03,841,N,VIIRS,n,2,298.31,3.25,D,0
30.68508,75.11246,332,0.63,0.54,2021-11-03,841,N,VIIRS,n,2,299.88,8.65,D,0
30.68577,75.47078,367,0.33,0.55,2021-11-03,841,N,VIIRS,h,2,298.41,5.52,D,0
30.68604,75.10765,338.71,0.63,0.54,2021-11-03,841,N,VIIRS,n,2,298.7,7.65,D,0
30.68605,75.47429,343.92,0.33,0.55,2021-11-03,841,N,VIIRS,n,2,296.82,5.52,D,0
30.68675,75.26353,336.23,0.32,0.55,2021-11-03,841,N,VIIRS,n,2,298.48,1.9,D,0
30.69149,75.47728,338.62,0.33,0.55,2021-11-03,841,N,VIIRS,n,2,295.77,3.01,D,0
30.69956,75.56741,335.15,0.33,0.56,2021-11-03,841,N,VIIRS,n,2,297.05,2.26,D,0
30.701,75.59395,341.79,0.34,0.56,2021-11-03,841,N,VIIRS,n,2,296.65,3,D,0
30.70107,75.92857,338.26,0.35,0.57,2021-11-03,841,N,VIIRS,n,2,298.1,2.08,D,0
30.70126,75.12422,340.73,0.63,0.54,2021-11-03,841,N,VIIRS,n,2,298.58,5.84,D,0
30.70126,75.53307,333.3,0.33,0.55,2021-11-03,841,N,VIIRS,n,2,298.13,1.94,D,0
30.70227,75.26534,367,0.32,0.55,2021-11-03,841,N,VIIRS,h,2,300.65,8.23,D,0
30.70575,75.30977,367,0.32,0.55,2021-11-03,841,N,VIIRS,h,2,299.67,7.69,D,0
30.70962,75.90144,330.41,0.35,0.57,2021-11-03,841,N,VIIRS,n,2,297.14,1.39,D,0
30.71305,75.54974,340.83,0.33,0.56,2021-11-03,841,N,VIIRS,n,2,298.31,2.28,D,0
30.71375,75.54806,330.44,0.33,0.56,2021-11-03,841,N,VIIRS,n,2,297.28,3.02,D,0
30.71382,75.41347,356.28,0.33,0.55,2021-11-03,841,N,VIIRS,n,2,297.62,3.97,D,0
30.71396,75.76218,333.05,0.34,0.56,2021-11-03,841,N,VIIRS,n,2,297.92,2.23,D,0
30.71402,75.5516,343.69,0.33,0.56,2021-11-03,841,N,VIIRS,n,2,297.41,4.96,D,0
30.7149,75.90092,333.58,0.35,0.57,2021-11-03,841,N,VIIRS,n,2,295.58,2.16,D,0
30.7162,76.49932,367,0.38,0.59,2021-11-03,841,N,VIIRS,h,2,299.92,7.67,D,0
30.71625,75.72156,336.83,0.34,0.56,2021-11-03,841,N,VIIRS,n,2,298.53,1.89,D,0
30.71785,75.7434,332.34,0.34,0.56,2021-11-03,841,N,VIIRS,n,2,297.87,1.71,D,0
30.71851,76.45444,338.65,0.38,0.59,2021-11-03,841,N,VIIRS,n,2,297.97,2.78,D,0
30.71961,75.22582,354.73,0.32,0.54,2021-11-03,841,N,VIIRS,n,2,301.69,13.32,D,0
30.71988,75.22921,349.36,0.32,0.55,2021-11-03,841,N,VIIRS,n,2,297.93,14.12,D,0
30.72138,75.51163,332.94,0.33,0.55,2021-11-03,841,N,VIIRS,n,2,298.49,1.28,D,0
30.72468,75.2253,367,0.32,0.54,2021-11-03,841,N,VIIRS,h,2,298.11,12.23,D,0
30.72495,75.22868,338.13,0.32,0.55,2021-11-03,841,N,VIIRS,n,2,296.36,11.58,D,0
30.72533,75.29741,351.22,0.32,0.55,2021-11-03,841,N,VIIRS,n,2,297.55,3.94,D,0
30.72541,75.63326,348.57,0.34,0.56,2021-11-03,841,N,VIIRS,n,2,298.73,3.46,D,0
30.7256,75.30083,335.09,0.32,0.55,2021-11-03,841,N,VIIRS,n,2,296.6,3.94,D,0
30.72709,76.4213,335.51,0.38,0.58,2021-11-03,841,N,VIIRS,n,2,297.4,3.04,D,0
30.72805,75.33174,335.54,0.32,0.55,2021-11-03,841,N,VIIRS,n,2,297.89,2.3,D,0
30.72867,75.40495,340.16,0.33,0.55,2021-11-03,841,N,VIIRS,n,2,296.83,2.95,D,0
30.73062,75.63274,343.63,0.34,0.56,2021-11-03,841,N,VIIRS,n,2,298.31,3.46,D,0
30.73079,75.92075,337.45,0.35,0.57,2021-11-03,841,N,VIIRS,n,2,297.26,2.12,D,0
30.73169,76.00785,330.63,0.36,0.57,2021-11-03,841,N,VIIRS,n,2,296.56,1.93,D,0
30.73252,75.92183,367,0.35,0.57,2021-11-03,841,N,VIIRS,h,2,299.55,6.37,D,0
30.73315,76.28079,352.8,0.37,0.58,2021-11-03,841,N,VIIRS,n,2,297.04,9.42,D,0
30.73344,76.28471,367,0.37,0.58,2021-11-03,841,N,VIIRS,h,2,300.48,9.42,D,0
30.73413,75.47487,367,0.33,0.55,2021-11-03,841,N,VIIRS,h,2,297.84,7.75,D,0
30.73441,75.47839,346.7,0.33,0.55,2021-11-03,841,N,VIIRS,n,2,297.57,9.46,D,0
30.73538,75.82431,349.63,0.35,0.56,2021-11-03,841,N,VIIRS,n,2,298.45,2.71,D,0
30.73608,75.92024,367,0.35,0.57,2021-11-03,841,N,VIIRS,h,2,299.48,6.71,D,0
30.7378,75.92133,352.11,0.35,0.57,2021-11-03,841,N,VIIRS,n,2,297.81,4.35,D,0
30.73955,75.82256,349.25,0.35,0.56,2021-11-03,841,N,VIIRS,n,2,297.28,4.54,D,0
30.73982,75.82626,331.33,0.35,0.56,2021-11-03,841,N,VIIRS,n,2,296.66,5.54,D,0
30.74226,75.31642,339.48,0.32,0.55,2021-11-03,841,N,VIIRS,n,2,296.99,2.81,D,0
30.74269,75.13338,340.93,0.63,0.54,2021-11-03,841,N,VIIRS,n,2,298.89,6.07,D,0
30.74365,75.87817,351.16,0.35,0.57,2021-11-03,841,N,VIIRS,n,2,297.37,6.71,D,0
30.74393,75.8819,367,0.35,0.57,2021-11-03,841,N,VIIRS,h,2,298.69,6.71,D,0
30.7442,75.88563,347.01,0.35,0.57,2021-11-03,841,N,VIIRS,n,2,297.52,8.53,D,0
30.74459,75.28163,367,0.32,0.55,2021-11-03,841,N,VIIRS,h,2,298.84,9.73,D,0
30.74564,76.3753,340.47,0.37,0.58,2021-11-03,841,N,VIIRS,n,2,298.11,4.34,D,0
30.74692,75.50552,348.06,0.33,0.55,2021-11-03,841,N,VIIRS,n,2,297.42,5.85,D,0
30.74988,76.35888,346.48,0.37,0.58,2021-11-03,841,N,VIIRS,n,2,298.52,3.71,D,0
30.75156,76.45547,342.63,0.38,0.59,2021-11-03,841,N,VIIRS,n,2,298.66,4.38,D,0
30.75186,76.45951,343.86,0.38,0.59,2021-11-03,841,N,VIIRS,n,2,299.07,4.38,D,0
30.7525,75.9262,338.01,0.35,0.57,2021-11-03,841,N,VIIRS,n,2,297.41,4.69,D,0
30.75584,75.68836,337.03,0.34,0.56,2021-11-03,841,N,VIIRS,n,2,297.05,2.59,D,0
30.75698,75.77267,348.06,0.34,0.56,2021-11-03,841,N,VIIRS,n,2,298.89,4.4,D,0
30.76106,75.68784,333.49,0.34,0.56,2021-11-03,841,N,VIIRS,n,2,296.43,2.08,D,0
30.76561,75.61116,367,0.34,0.56,2021-11-03,841,N,VIIRS,h,2,298.69,6.06,D,0
30.76671,75.49284,330.19,0.33,0.55,2021-11-03,841,N,VIIRS,n,2,296.93,1.38,D,0
30.76779,75.2517,343.43,0.32,0.55,2021-11-03,841,N,VIIRS,n,2,297.25,3.94,D,0
30.76798,76.38132,338.61,0.37,0.58,2021-11-03,841,N,VIIRS,n,2,297.46,3.65,D,0
30.76863,76.38047,349.85,0.37,0.58,2021-11-03,841,N,VIIRS,n,2,297.97,4.69,D,0
30.77487,75.73045,335.32,0.34,0.56,2021-11-03,841,N,VIIRS,n,2,297.54,2.29,D,0
30.77584,76.17355,367,0.36,0.58,2021-11-03,841,N,VIIRS,h,2,298.56,6.17,D,0
30.77712,75.19658,338.19,0.32,0.54,2021-11-03,841,N,VIIRS,n,2,296.7,2.83,D,0
30.77935,75.45618,341.43,0.33,0.55,2021-11-03,841,N,VIIRS,n,2,297.11,2.22,D,0
30.77995,75.27457,346.55,0.32,0.55,2021-11-03,841,N,VIIRS,n,2,296.28,7.33,D,0
30.78023,75.27799,352.99,0.32,0.55,2021-11-03,841,N,VIIRS,n,2,297.96,9.94,D,0
30.78079,75.28483,342.09,0.32,0.55,2021-11-03,841,N,VIIRS,n,2,297.3,3.01,D,0
30.78212,75.12984,339.38,0.63,0.54,2021-11-03,841,N,VIIRS,n,2,298.26,4.02,D,0
30.78304,75.12922,336.52,0.63,0.54,2021-11-03,841,N,VIIRS,n,2,297.65,6.75,D,0
30.78317,76.20028,351.42,0.37,0.58,2021-11-03,841,N,VIIRS,n,2,297.63,4.68,D,0
30.78687,75.68166,337.61,0.34,0.56,2021-11-03,841,N,VIIRS,n,2,297.37,2.95,D,0
30.78715,75.68529,342.15,0.34,0.56,2021-11-03,841,N,VIIRS,n,2,298.25,2.95,D,0
30.78771,75.26752,338.7,0.32,0.55,2021-11-03,841,N,VIIRS,n,2,297.53,3.73,D,0
30.78797,75.27094,343.04,0.32,0.55,2021-11-03,841,N,VIIRS,n,2,296.89,4.83,D,0
30.78874,75.3186,367,0.32,0.55,2021-11-03,841,N,VIIRS,h,2,298.84,5.76,D,0
30.78903,75.32204,336.17,0.32,0.55,2021-11-03,841,N,VIIRS,n,2,297.23,5.76,D,0
30.78955,75.2667,338,0.32,0.55,2021-11-03,841,N,VIIRS,n,2,297.4,3.07,D,0
30.78984,75.2701,342.47,0.32,0.55,2021-11-03,841,N,VIIRS,n,2,296.62,4.35,D,0
30.79166,75.31905,367,0.32,0.55,2021-11-03,841,N,VIIRS,h,2,300.33,12.14,D,0
30.79408,75.70657,367,0.34,0.56,2021-11-03,841,N,VIIRS,h,2,299.71,5.65,D,0
30.79589,76.30186,367,0.37,0.58,2021-11-03,841,N,VIIRS,h,2,298.69,6.3,D,0
30.79798,75.96342,332.18,0.35,0.57,2021-11-03,841,N,VIIRS,n,2,297.6,1.88,D,0
30.80103,76.2222,343.99,0.37,0.58,2021-11-03,841,N,VIIRS,n,2,297.31,5.5,D,0
30.80368,75.49986,340.64,0.33,0.55,2021-11-03,841,N,VIIRS,n,2,297.03,3.58,D,0
30.80518,75.4971,345.7,0.33,0.55,2021-11-03,841,N,VIIRS,n,2,296.4,2.94,D,0
30.80628,75.53168,342.14,0.33,0.56,2021-11-03,841,N,VIIRS,n,2,297.73,2.56,D,0
30.80783,75.53253,342.08,0.33,0.56,2021-11-03,841,N,VIIRS,n,2,298.86,3.02,D,0
30.80881,75.40823,347.44,0.33,0.55,2021-11-03,841,N,VIIRS,n,2,298.19,3.81,D,0
30.81352,75.62093,350,0.34,0.56,2021-11-03,841,N,VIIRS,n,2,300.05,4.87,D,0
30.8145,75.62193,334.78,0.34,0.56,2021-11-03,841,N,VIIRS,n,2,298.47,3.64,D,0
30.81756,75.60606,367,0.34,0.56,2021-11-03,841,N,VIIRS,h,2,301.28,10.22,D,0
30.81836,75.60344,346.45,0.34,0.56,2021-11-03,841,N,VIIRS,n,2,296.43,4.54,D,0
30.81863,75.60703,338.67,0.34,0.56,2021-11-03,841,N,VIIRS,n,2,297.79,4.01,D,0
30.81925,75.54573,332.81,0.33,0.56,2021-11-03,841,N,VIIRS,n,2,298.81,1.67,D,0
30.82409,75.61008,336.19,0.34,0.56,2021-11-03,841,N,VIIRS,n,2,297.72,4.01,D,0
30.82415,75.27414,338.73,0.32,0.55,2021-11-03,841,N,VIIRS,n,2,296.32,5.14,D,0
30.82803,75.7339,332.45,0.34,0.56,2021-11-03,841,N,VIIRS,n,2,298.73,2.63,D,0
30.82808,75.73634,343.19,0.34,0.56,2021-11-03,841,N,VIIRS,n,2,298.13,3.8,D,0
30.82897,75.27019,347.24,0.32,0.55,2021-11-03,841,N,VIIRS,n,2,298.54,4.45,D,0
30.82929,75.60957,332.81,0.34,0.56,2021-11-03,841,N,VIIRS,n,2,297.7,1.87,D,0
30.83059,76.25498,344.56,0.37,0.58,2021-11-03,841,N,VIIRS,n,2,297.4,4.74,D,0
30.836,76.25449,367,0.37,0.58,2021-11-03,841,N,VIIRS,h,2,299.8,10.38,D,0
30.83633,75.70366,332.05,0.34,0.56,2021-11-03,841,N,VIIRS,n,2,296.85,1.43,D,0
30.83716,76.05532,349.25,0.36,0.57,2021-11-03,841,N,VIIRS,n,2,297.61,6.3,D,0
30.83745,76.05917,350.38,0.36,0.57,2021-11-03,841,N,VIIRS,n,2,298.61,8.94,D,0
30.84064,76.05673,367,0.36,0.57,2021-11-03,841,N,VIIRS,h,2,299.29,9.62,D,0
30.84729,76.33308,339.76,0.37,0.58,2021-11-03,841,N,VIIRS,n,2,297.07,4.77,D,0
30.85436,76.13896,344.03,0.36,0.58,2021-11-03,841,N,VIIRS,n,2,297.04,4.96,D,0
30.85466,76.14281,337.27,0.36,0.58,2021-11-03,841,N,VIIRS,n,2,296.43,5.85,D,0
30.8573,75.23971,367,0.32,0.55,2021-11-03,841,N,VIIRS,h,2,298.52,5.06,D,0
30.85732,76.14046,367,0.36,0.58,2021-11-03,841,N,VIIRS,h,2,298.49,5.64,D,0
30.86228,75.06572,344.22,0.63,0.54,2021-11-03,841,N,VIIRS,n,2,297.13,9.41,D,0
30.86315,75.31175,336.95,0.32,0.55,2021-11-03,841,N,VIIRS,n,2,298.68,2.09,D,0
30.86343,75.06738,341.31,0.63,0.54,2021-11-03,841,N,VIIRS,n,2,297.58,9.01,D,0
30.86858,76.38147,331.19,0.38,0.58,2021-11-03,841,N,VIIRS,n,2,296.74,2.71,D,0
30.8764,75.41193,338.97,0.33,0.55,2021-11-03,841,N,VIIRS,n,2,297.96,2.25,D,0
30.88324,75.00987,337.28,0.62,0.54,2021-11-03,841,N,VIIRS,n,2,296.52,5.23,D,0
30.8838,75.43946,333.56,0.33,0.55,2021-11-03,841,N,VIIRS,n,2,297.51,1.49,D,0
30.88868,75.37203,337.77,0.33,0.55,2021-11-03,841,N,VIIRS,n,2,297.37,3.58,D,0
30.88979,75.26049,337.78,0.32,0.55,2021-11-03,841,N,VIIRS,n,2,297.33,3.62,D,0
30.89037,76.14917,331.85,0.36,0.58,2021-11-03,841,N,VIIRS,n,2,297.87,3.85,D,0
30.89381,75.37153,334.84,0.33,0.55,2021-11-03,841,N,VIIRS,n,2,295.8,3.46,D,0
30.89544,75.58495,331.12,0.34,0.56,2021-11-03,841,N,VIIRS,n,2,298.45,1.94,D,0
30.89752,75.48069,367,0.33,0.55,2021-11-03,841,N,VIIRS,h,2,299.79,10.48,D,0
30.89812,75.19945,337.97,0.32,0.55,2021-11-03,841,N,VIIRS,n,2,297.07,1.77,D,0
30.89838,75.4274,367,0.33,0.55,2021-11-03,841,N,VIIRS,h,2,300.76,13.12,D,0
30.89892,75.56298,340.05,0.34,0.56,2021-11-03,841,N,VIIRS,n,2,298.07,4.39,D,0
30.89996,75.42575,345.77,0.33,0.55,2021-11-03,841,N,VIIRS,n,2,297.63,6.28,D,0
30.90022,75.42926,367,0.33,0.55,2021-11-03,841,N,VIIRS,h,2,299.61,6.28,D,0
30.90141,75.27661,336.31,0.32,0.55,2021-11-03,841,N,VIIRS,n,2,298.13,2.81,D,0
30.90977,75.37695,340.69,0.33,0.55,2021-11-03,841,N,VIIRS,n,2,297.34,2.49,D,0
30.91102,75.58343,330.81,0.34,0.56,2021-11-03,841,N,VIIRS,n,2,299.57,2,D,0
30.91147,75.23936,351.47,0.32,0.55,2021-11-03,841,N,VIIRS,n,2,298.42,6.6,D,0
30.9116,75.58202,332.47,0.34,0.56,2021-11-03,841,N,VIIRS,n,2,299.23,2.39,D,0
30.91166,75.37516,331.96,0.33,0.55,2021-11-03,841,N,VIIRS,n,2,296.34,3.41,D,0
30.91314,75.06709,338.51,0.63,0.54,2021-11-03,841,N,VIIRS,n,2,296.17,6.65,D,0
30.91419,76.32925,337.38,0.37,0.58,2021-11-03,841,N,VIIRS,n,2,297.66,2.61,D,0
30.91599,75.36419,341.6,0.33,0.55,2021-11-03,841,N,VIIRS,n,2,297.19,3.56,D,0
30.91924,75.33933,333.62,0.33,0.55,2021-11-03,841,N,VIIRS,n,2,297.34,2.68,D,0
30.9195,75.3428,336.73,0.33,0.55,2021-11-03,841,N,VIIRS,n,2,297.18,2.68,D,0
30.91991,76.33275,336.32,0.37,0.58,2021-11-03,841,N,VIIRS,n,2,297.91,2.61,D,0
30.92266,75.05936,338.25,0.63,0.54,2021-11-03,841,N,VIIRS,n,2,296.97,6.81,D,0
30.92621,76.34424,331.4,0.37,0.58,2021-11-03,841,N,VIIRS,n,2,296.82,1.57,D,0
30.92661,75.04549,331.75,0.63,0.54,2021-11-03,841,N,VIIRS,n,2,295.3,7.94,D,0
30.92894,75.39808,345.23,0.33,0.55,2021-11-03,841,N,VIIRS,n,2,297.56,2.39,D,0
30.92904,76.30787,352.31,0.37,0.58,2021-11-03,841,N,VIIRS,n,2,298.61,4.1,D,0
30.93137,75.36263,356.68,0.33,0.55,2021-11-03,841,N,VIIRS,n,2,297.95,4.71,D,0
30.93272,75.44726,339.12,0.33,0.55,2021-11-03,841,N,VIIRS,n,2,296.86,3.4,D,0
30.93373,75.59805,342.58,0.34,0.56,2021-11-03,841,N,VIIRS,n,2,298.36,3.47,D,0
30.93524,76.24359,349.14,0.37,0.58,2021-11-03,841,N,VIIRS,n,2,297.74,5.71,D,0
30.93699,75.30264,330.11,0.32,0.55,2021-11-03,841,N,VIIRS,n,2,297.71,1.96,D,0
30.93844,75.19186,339.07,0.32,0.55,2021-11-03,841,N,VIIRS,n,2,296.5,3.24,D,0
30.93862,75.3234,350.44,0.32,0.55,2021-11-03,841,N,VIIRS,n,2,297.81,3.61,D,0
30.94224,76.19154,343.18,0.37,0.58,2021-11-03,841,N,VIIRS,n,2,297.42,6.66,D,0
30.94337,75.2534,348.68,0.32,0.55,2021-11-03,841,N,VIIRS,n,2,297.78,4.08,D,0
30.94374,75.32288,344.18,0.32,0.55,2021-11-03,841,N,VIIRS,n,2,295.51,3.38,D,0
30.94532,76.30641,343.97,0.37,0.58,2021-11-03,841,N,VIIRS,n,2,297.51,8.76,D,0
30.94546,76.23472,336.64,0.37,0.58,2021-11-03,841,N,VIIRS,n,2,298.59,7.29,D,0
30.94575,76.23865,367,0.37,0.58,2021-11-03,841,N,VIIRS,h,2,301.09,14.95,D,0
30.94583,75.28434,367,0.32,0.55,2021-11-03,841,N,VIIRS,h,2,299.55,7.73,D,0
30.94709,75.43166,337.25,0.33,0.55,2021-11-03,841,N,VIIRS,n,2,297.18,1.74,D,0
30.94957,76.29004,337.1,0.37,0.58,2021-11-03,841,N,VIIRS,n,2,297.32,3.04,D,0
30.94986,76.29401,338.47,0.37,0.58,2021-11-03,841,N,VIIRS,n,2,298.2,6.13,D,0
30.95008,76.0418,340.67,0.36,0.57,2021-11-03,841,N,VIIRS,n,2,297.31,4.06,D,0
30.95016,76.29797,367,0.37,0.58,2021-11-03,841,N,VIIRS,h,2,300.17,6.13,D,0
30.95251,76.04253,336.52,0.36,0.57,2021-11-03,841,N,VIIRS,n,2,296.56,2.92,D,0
30.95281,76.04636,338.73,0.36,0.57,2021-11-03,841,N,VIIRS,n,2,296.81,2.92,D,0
30.95325,76.01069,336.32,0.36,0.57,2021-11-03,841,N,VIIRS,n,2,297.11,2.89,D,0
30.95752,75.77574,336.69,0.35,0.56,2021-11-03,841,N,VIIRS,n,2,297.34,3.45,D,0
30.95823,76.33331,367,0.37,0.58,2021-11-03,841,N,VIIRS,h,2,299.54,9.1,D,0
30.95963,75.32825,353.84,0.33,0.55,2021-11-03,841,N,VIIRS,n,2,299.41,5.24,D,0
30.96325,75.18246,356.12,0.32,0.54,2021-11-03,841,N,VIIRS,n,2,300.79,10.05,D,0
30.96353,75.18585,351.45,0.32,0.54,2021-11-03,841,N,VIIRS,n,2,297.31,10.05,D,0
30.96475,75.32773,331.23,0.33,0.55,2021-11-03,841,N,VIIRS,n,2,296.18,2.37,D,0
30.9672,76.05565,349.31,0.36,0.57,2021-11-03,841,N,VIIRS,n,2,297.42,4.46,D,0
30.9676,75.98627,344.52,0.36,0.57,2021-11-03,841,N,VIIRS,n,2,297.28,3.84,D,0
30.9691,76.33233,367,0.37,0.58,2021-11-03,841,N,VIIRS,h,2,299.27,8.86,D,0
30.96933,75.9364,339.18,0.35,0.57,2021-11-03,841,N,VIIRS,n,2,298.14,2.6,D,0
30.9694,76.33633,367,0.37,0.58,2021-11-03,841,N,VIIRS,h,2,300.48,8.86,D,0
30.96976,76.26827,331.6,0.37,0.58,2021-11-03,841,N,VIIRS,n,2,297.1,2.31,D,0
30.97018,76.33158,348.24,0.37,0.58,2021-11-03,841,N,VIIRS,n,2,297.99,9.11,D,0
30.97046,76.33558,367,0.37,0.58,2021-11-03,841,N,VIIRS,h,2,300.21,9.11,D,0
30.97067,76.20866,356.71,0.37,0.58,2021-11-03,841,N,VIIRS,n,2,300.09,6.67,D,0
30.97253,76.20773,367,0.37,0.58,2021-11-03,841,N,VIIRS,h,2,299.31,6.27,D,0
30.97746,75.82986,352.61,0.35,0.57,2021-11-03,841,N,VIIRS,n,2,297.78,5.63,D,0
30.98151,75.34353,342.3,0.33,0.55,2021-11-03,841,N,VIIRS,n,2,297.1,2.58,D,0
30.98446,75.64399,352.38,0.34,0.56,2021-11-03,841,N,VIIRS,n,2,296.57,4.83,D,0
30.98482,75.44918,339.34,0.33,0.55,2021-11-03,841,N,VIIRS,n,2,297.72,2.5,D,0
30.98609,75.87419,340.52,0.35,0.57,2021-11-03,841,N,VIIRS,n,2,297.93,2.41,D,0
30.99084,75.0254,335.4,0.62,0.54,2021-11-03,841,N,VIIRS,n,2,295.4,13.69,D,0
30.99093,75.03093,353.95,0.63,0.54,2021-11-03,841,N,VIIRS,n,2,299.78,25.94,D,0
30.99141,75.03204,351.42,0.63,0.54,2021-11-03,841,N,VIIRS,n,2,300.31,13.69,D,0
30.9929,75.61757,367,0.34,0.56,2021-11-03,841,N,VIIRS,h,2,299.15,9.77,D,0
30.99312,75.17256,341.65,0.32,0.54,2021-11-03,841,N,VIIRS,n,2,297.19,2.82,D,0
30.9944,76.20965,367,0.37,0.58,2021-11-03,841,N,VIIRS,h,2,300.94,10.83,D,0
30.99595,75.0304,346.67,0.63,0.54,2021-11-03,841,N,VIIRS,n,2,296.45,13.12,D,0
30.99644,75.03153,339.33,0.63,0.54,2021-11-03,841,N,VIIRS,n,2,296.29,13.69,D,0
30.9994,75.00991,339.44,0.62,0.54,2021-11-03,841,N,VIIRS,n,2,296.25,4.63,D,0
30.99979,76.20914,339.01,0.37,0.58,2021-11-03,841,N,VIIRS,n,2,295.74,4.51,D,0