event_id,burn_date,burn_year,burn_month,burn_doy,modis_item_id,event_lon,event_lat,approx_event_pixels_500m,approx_event_area_km2,chip_size_px,gsd_m,example_id,kind,split,continent,country,patch_lon,patch_lat,is_burned,worldcover_class,worldcover_name,ecosystem_group,latitude_band,hemisphere,climate_proxy,pre_item_id,post_item_id,pre_datetime,post_datetime,pre_date,post_date,pre_post_time_diff_minutes,pre_days_from_burn,post_days_from_burn,pre_cloud_cover,post_cloud_cover,pre_valid_fraction,post_valid_fraction,dnbr_mean,dnbr_median,dnbr_std,dnbr_p25,dnbr_p75,dnbr_p90,dnbr_min,dnbr_max,dnbr_valid_fraction,burn_pixel_fraction_010,burn_pixel_fraction_027,burn_pixel_fraction_044,barc4_label,barc4_label_name,severity3_label,severity3_label_name,image_format,pre_image_path,post_image_path,dnbr_image_path,pre_geotiff_path,post_geotiff_path,dnbr_geotiff_path
MCD64A1.A2019335.h22v05.061.2021309110018_r524_c1648,2019-12-07,2019,12,341,MCD64A1.A2019335.h22v05.061.2021309110018,59.32760784153503,37.81458332991283,15,3.75,224,10,eee054ca4e07d8a0,burn,train,Asia,Turkmenistan,59.31898584603816,37.810416663246535,1,40,cropland,cropland,temperate,N,temperate_other,S2A_MSIL2A_20191110T065111_R020_T40SGG_20201003T145950,S2B_MSIL2A_20191225T065309_R020_T40SGG_20201003T093103,2019-11-10T06:51:11.024000Z,2019-12-25T06:53:09.024000Z,2019-11-10,2019-12-25,1.97,-27,18,0.362218,0.763283,1.0,1.0,0.24108009040355682,0.18813835084438324,0.17901736497879028,0.10964742302894592,0.3572092056274414,0.5272772312164307,-0.19941341876983643,0.9028944373130798,1.0,0.7785993303571429,0.334163743622449,0.17817283163265307,2,low,0,low,png,images/pre/eee054ca4e07d8a0.png,images/post/eee054ca4e07d8a0.png,images/dnbr/eee054ca4e07d8a0.png,geotiff/pre/eee054ca4e07d8a0.tif,geotiff/post/eee054ca4e07d8a0.tif,geotiff/dnbr/eee054ca4e07d8a0.tif
MCD64A1.A2019335.h22v05.061.2021309110018_r524_c1648,2019-12-07,2019,12,341,MCD64A1.A2019335.h22v05.061.2021309110018,59.32760784153503,37.81458332991283,15,3.75,224,10,5ba69e34a14eb616,neg,train,Asia,Turkmenistan,59.41350621626253,37.81252050196267,0,40,cropland,cropland,temperate,N,temperate_other,S2A_MSIL2A_20191110T065111_R020_T40SGG_20201003T145950,S2B_MSIL2A_20191225T065309_R020_T40SGG_20201003T093103,2019-11-10T06:51:11.024000Z,2019-12-25T06:53:09.024000Z,2019-11-10,2019-12-25,1.97,-27,18,0.362218,0.763283,1.0,1.0,0.017165813595056534,0.0163903646171093,0.02256380207836628,0.0032427143305540085,0.030608341097831726,0.04358202964067459,-0.25414881110191345,0.32075396180152893,1.0,0.0023716517857142855,7.971938775510203e-05,0.0,1,unburned_or_regrowth,-1,not_applicable,png,images/pre/5ba69e34a14eb616.png,images/post/5ba69e34a14eb616.png,images/dnbr/5ba69e34a14eb616.png,geotiff/pre/5ba69e34a14eb616.tif,geotiff/post/5ba69e34a14eb616.tif,geotiff/dnbr/5ba69e34a14eb616.tif
MCD64A1.A2020214.h21v03.061.2021309111949_r2247_c2181,2020-08-02,2020,8,215,MCD64A1.A2020214.h21v03.061.2021309111949,61.63092578385494,50.63541666209866,241,60.25,224,10,9eee0d4e83ecaf8f,burn,test,Asia,Kazakhstan,61.5663437064471,50.63124999543237,1,30,grassland,grassland_savanna,temperate,N,temperate_other,S2A_MSIL2A_20200720T065631_R063_T41ULS_20200816T195607,S2A_MSIL2A_20200809T065631_R063_T41ULS_20200815T135709,2020-07-20T06:56:31.024000Z,2020-08-09T06:56:31.024000Z,2020-07-20,2020-08-09,0.0,-13,7,0.008125,15.456392,1.0,1.0,0.22629718482494354,0.1769155114889145,0.1679488569498062,0.11377417296171188,0.2863336205482483,0.48360899090766907,-0.028675884008407593,0.8526065349578857,1.0,0.7917928890306123,0.2736766581632653,0.1221500318877551,2,low,0,low,png,images/pre/9eee0d4e83ecaf8f.png,images/post/9eee0d4e83ecaf8f.png,images/dnbr/9eee0d4e83ecaf8f.png,geotiff/pre/9eee0d4e83ecaf8f.tif,geotiff/post/9eee0d4e83ecaf8f.tif,geotiff/dnbr/9eee0d4e83ecaf8f.tif
MCD64A1.A2020214.h21v03.061.2021309111949_r2247_c2181,2020-08-02,2020,8,215,MCD64A1.A2020214.h21v03.061.2021309111949,61.63092578385494,50.63541666209866,241,60.25,224,10,2b5dab1ac93a501a,neg,test,Asia,Kazakhstan,61.66250770993918,50.74208102682177,0,30,grassland,grassland_savanna,temperate,N,temperate_other,S2A_MSIL2A_20200720T065631_R063_T41ULS_20200816T195607,S2B_MSIL2A_20200903T065629_R063_T41UMS_20201027T145832,2020-07-20T06:56:31.024000Z,2020-09-03T06:56:29.024000Z,2020-07-20,2020-09-03,0.03,-13,32,0.008125,5.857555,0.9966517857142857,1.0,-0.07513827830553055,-0.08329485356807709,0.07016556710004807,-0.10909108072519302,-0.054438814520835876,0.0064554717391729355,-0.8776087164878845,0.27197664976119995,0.9966517857142857,0.027363679846938774,1.992984693877551e-05,0.0,1,unburned_or_regrowth,-1,not_applicable,png,images/pre/2b5dab1ac93a501a.png,images/post/2b5dab1ac93a501a.png,images/dnbr/2b5dab1ac93a501a.png,geotiff/pre/2b5dab1ac93a501a.tif,geotiff/post/2b5dab1ac93a501a.tif,geotiff/dnbr/2b5dab1ac93a501a.tif
MCD64A1.A2020032.h28v05.061.2021309111152_r1379_c2047,2020-02-23,2020,2,54,MCD64A1.A2020032.h28v05.061.2021309111152,131.3032700737967,34.25208333023169,39,9.75,224,10,9ad083106e542381,burn,test,Asia,Japan,131.30393092235664,34.239583330232804,1,40,cropland,cropland,subtropical,N,subtropical,S2A_MSIL2A_20200211T015811_R060_T52SGD_20201001T163208,S2A_MSIL2A_20200312T015651_R060_T52SGD_20201007T022742,2020-02-11T01:58:11.024000Z,2020-03-12T01:56:51.024000Z,2020-02-11,2020-03-12,1.33,-12,18,15.749573,0.786504,0.9107142857142857,0.9107142857142857,0.26151135563850403,0.34194475412368774,0.1732095181941986,0.045452699065208435,0.4060078263282776,0.4388515055179596,-0.2358938753604889,0.539323091506958,0.9107142857142857,0.6183434311224489,0.5616828762755102,0.08731265943877552,2,low,0,low,png,images/pre/9ad083106e542381.png,images/post/9ad083106e542381.png,images/dnbr/9ad083106e542381.png,geotiff/pre/9ad083106e542381.tif,geotiff/post/9ad083106e542381.tif,geotiff/dnbr/9ad083106e542381.tif
MCD64A1.A2020032.h28v05.061.2021309111152_r1379_c2047,2020-02-23,2020,2,54,MCD64A1.A2020032.h28v05.061.2021309111152,131.3032700737967,34.25208333023169,39,9.75,224,10,5d650b7e955de23f,neg,test,Asia,Japan,131.3720122780136,34.30782934910512,0,10,tree_cover,forest,subtropical,N,subtropical,S2A_MSIL2A_20200211T015811_R060_T52SGD_20201001T163208,S2A_MSIL2A_20200312T015651_R060_T52SGD_20201007T022742,2020-02-11T01:58:11.024000Z,2020-03-12T01:56:51.024000Z,2020-02-11,2020-03-12,1.33,-12,18,15.749573,0.786504,1.0,1.0,0.024952247738838196,0.025607749819755554,0.037737488746643066,0.009236320853233337,0.041210711002349854,0.0579448938369751,-0.30474162101745605,0.41038644313812256,1.0,0.022321428571428572,0.0015146683673469387,0.0,1,unburned_or_regrowth,-1,not_applicable,png,images/pre/5d650b7e955de23f.png,images/post/5d650b7e955de23f.png,images/dnbr/5d650b7e955de23f.png,geotiff/pre/5d650b7e955de23f.tif,geotiff/post/5d650b7e955de23f.tif,geotiff/dnbr/5d650b7e955de23f.tif
MCD64A1.A2018091.h22v04.061.2021354064432_r1557_c705,2018-04-19,2018,4,109,MCD64A1.A2018091.h22v04.061.2021354064432,59.20665969560488,43.51041666273637,102,25.5,224,10,f70b803a8c65f74b,burn,train,Asia,Uzbekistan,59.20909026199194,43.518749996068955,1,30,grassland,grassland_savanna,temperate,N,temperate_other,S2A_MSIL2A_20180402T065621_R063_T40TFP_20201012T171751,S2B_MSIL2A_20180427T065619_R063_T40TFP_20201013T032618,2018-04-02T06:56:21.026000Z,2018-04-27T06:56:19.027000Z,2018-04-02,2018-04-27,0.03,-17,8,13.083503,9.856779,0.9973692602040817,1.0,0.17005696892738342,0.1645941436290741,0.1331087052822113,0.04768701642751694,0.28210902214050293,0.34870195388793945,-0.5137306451797485,0.5600220561027527,0.9973692602040817,0.6020208864795918,0.28085140306122447,0.012416294642857142,2,low,0,low,png,images/pre/f70b803a8c65f74b.png,images/post/f70b803a8c65f74b.png,images/dnbr/f70b803a8c65f74b.png,geotiff/pre/f70b803a8c65f74b.tif,geotiff/post/f70b803a8c65f74b.tif,geotiff/dnbr/f70b803a8c65f74b.tif
MCD64A1.A2018091.h22v04.061.2021354064432_r1557_c705,2018-04-19,2018,4,109,MCD64A1.A2018091.h22v04.061.2021354064432,59.20665969560488,43.51041666273637,102,25.5,224,10,691f52746c2c9e70,neg,train,Asia,Uzbekistan,59.28503093153848,43.55106619104867,0,90,herbaceous_wetland,wetland,temperate,N,temperate_other,S2A_MSIL2A_20180402T065621_R063_T40TFP_20201012T171751,S2B_MSIL2A_20180427T065619_R063_T40TFP_20201013T032618,2018-04-02T06:56:21.026000Z,2018-04-27T06:56:19.027000Z,2018-04-02,2018-04-27,0.03,-17,8,13.083503,9.856779,0.9953762755102041,0.9971301020408163,0.04123922437429428,0.042619239538908005,0.04658753052353859,0.022378714755177498,0.06064794957637787,0.07664262503385544,-0.47746607661247253,0.8072582483291626,0.9930644132653061,0.01985012755102041,0.004025829081632653,0.002590880102040816,1,unburned_or_regrowth,-1,not_applicable,png,images/pre/691f52746c2c9e70.png,images/post/691f52746c2c9e70.png,images/dnbr/691f52746c2c9e70.png,geotiff/pre/691f52746c2c9e70.tif,geotiff/post/691f52746c2c9e70.tif,geotiff/dnbr/691f52746c2c9e70.tif
MCD64A1.A2020214.h20v05.061.2021309111942_r566_c1243,2020-08-29,2020,8,242,MCD64A1.A2020214.h20v05.061.2021309111942,31.799810361237228,37.6395833299285,28,7.0,224,10,3041f2e8e107cea7,burn,train,Asia,Turkey,31.794548541040133,37.6395833299285,1,40,cropland,cropland,temperate,N,temperate_other,S2B_MSIL2A_20200804T083609_R064_T36SUG_20201027T084029,S2A_MSIL2A_20200908T083601_R064_T36SUG_20200911T212133,2020-08-04T08:36:09.024000Z,2020-09-08T08:36:01.024000Z,2020-08-04,2020-09-08,0.13,-25,10,0.067173,0.11852,1.0,1.0,0.16980858147144318,0.1692204475402832,0.14432276785373688,0.025741051882505417,0.2925100028514862,0.356626033782959,-0.1494561731815338,0.7588204145431519,1.0,0.5921954719387755,0.30861367984693877,0.02076690051020408,2,low,0,low,png,images/pre/3041f2e8e107cea7.png,images/post/3041f2e8e107cea7.png,images/dnbr/3041f2e8e107cea7.png,geotiff/pre/3041f2e8e107cea7.tif,geotiff/post/3041f2e8e107cea7.tif,geotiff/dnbr/3041f2e8e107cea7.tif
MCD64A1.A2020214.h20v05.061.2021309111942_r566_c1243,2020-08-29,2020,8,242,MCD64A1.A2020214.h20v05.061.2021309111942,31.799810361237228,37.6395833299285,28,7.0,224,10,25243762344dfdd7,neg,train,Asia,Turkey,31.69424555742438,37.62634534698173,0,40,cropland,cropland,temperate,N,temperate_other,S2B_MSIL2A_20200725T083559_R064_T36SUG_20200817T125654,S2A_MSIL2A_20200908T083601_R064_T36SUG_20200911T212133,2020-07-25T08:35:59.024000Z,2020-09-08T08:36:01.024000Z,2020-07-25,2020-09-08,0.03,-35,10,0.053398,0.11852,1.0,0.9998405612244898,-0.017831692472100258,-0.016850702464580536,0.032966628670692444,-0.0365322083234787,0.0008408091962337494,0.01901254616677761,-0.20810124278068542,0.23058907687664032,0.9998405612244898,0.003667091836734694,0.0,0.0,1,unburned_or_regrowth,-1,not_applicable,png,images/pre/25243762344dfdd7.png,images/post/25243762344dfdd7.png,images/dnbr/25243762344dfdd7.png,geotiff/pre/25243762344dfdd7.tif,geotiff/post/25243762344dfdd7.tif,geotiff/dnbr/25243762344dfdd7.tif
MCD64A1.A2019305.h27v07.061.2021309105910_r380_c388,2019-11-18,2019,11,322,MCD64A1.A2019305.h27v07.061.2021309105910,96.56320725174311,18.41458333164777,14,3.5,224,10,10d7a428907da680,burn,train,Asia,Myanmar,96.55881571947616,18.41458333164777,1,40,cropland,cropland,tropical,N,boreal_other,S2A_MSIL2A_20191030T035901_R004_T46QHF_20201004T073331,S2A_MSIL2A_20191129T040121_R004_T46QHF_20201003T203942,2019-10-30T03:59:01.024000Z,2019-11-29T04:01:21.024000Z,2019-10-30,2019-11-29,2.33,-19,11,2.512432,0.125404,1.0,1.0,0.28498080372810364,0.31261706352233887,0.20417562127113342,0.17286822199821472,0.4354898929595947,0.5181739330291748,-1.067057490348816,0.8585545420646667,1.0,0.8244579081632653,0.5864756058673469,0.24079241071428573,3,moderate,1,moderate,png,images/pre/10d7a428907da680.png,images/post/10d7a428907da680.png,images/dnbr/10d7a428907da680.png,geotiff/pre/10d7a428907da680.tif,geotiff/post/10d7a428907da680.tif,geotiff/dnbr/10d7a428907da680.tif
MCD64A1.A2019305.h27v07.061.2021309105910_r380_c388,2019-11-18,2019,11,322,MCD64A1.A2019305.h27v07.061.2021309105910,96.56320725174311,18.41458333164777,14,3.5,224,10,af67df5e0dca7aaa,neg,train,Asia,Myanmar,96.52675553316556,18.51440537694447,0,40,cropland,cropland,tropical,N,boreal_other,S2A_MSIL2A_20191030T035901_R004_T46QHF_20201004T073331,S2B_MSIL2A_20191214T040149_R004_T46QHF_20201003T045537,2019-10-30T03:59:01.024000Z,2019-12-14T04:01:49.024000Z,2019-10-30,2019-12-14,2.8,-19,26,2.512432,0.005435,1.0,1.0,-0.5481992363929749,-0.647792637348175,0.28141671419143677,-0.7728869318962097,-0.36352217197418213,-0.07240702211856842,-1.0189998149871826,0.337393581867218,1.0,0.014090401785714286,0.0014349489795918368,0.0,1,unburned_or_regrowth,-1,not_applicable,png,images/pre/af67df5e0dca7aaa.png,images/post/af67df5e0dca7aaa.png,images/dnbr/af67df5e0dca7aaa.png,geotiff/pre/af67df5e0dca7aaa.tif,geotiff/post/af67df5e0dca7aaa.tif,geotiff/dnbr/af67df5e0dca7aaa.tif
MCD64A1.A2020214.h23v05.061.2021309111946_r782_c270,2020-08-27,2020,8,240,MCD64A1.A2020214.h23v05.061.2021309111946,63.80018824771448,36.739583330009054,409,102.25,224,10,155814500914b6eb,burn,train,Asia,Turkmenistan,63.84178406744316,36.739583330009054,1,30,grassland,grassland_savanna,temperate,N,temperate_other,S2B_MSIL2A_20200805T062629_R077_T41SNA_20200919T095403,S2B_MSIL2A_20200904T062629_R077_T41SNA_20200919T095411,2020-08-05T06:26:29.024000Z,2020-09-04T06:26:29.024000Z,2020-08-05,2020-09-04,0.0,-22,8,3.6e-05,8.6e-05,1.0,1.0,0.18298111855983734,0.18051481246948242,0.05858422815799713,0.14342665672302246,0.2201041579246521,0.25757694244384766,-0.026200667023658752,0.5335813164710999,1.0,0.9348493303571429,0.07017299107142858,0.0006377551020408163,2,low,0,low,png,images/pre/155814500914b6eb.png,images/post/155814500914b6eb.png,images/dnbr/155814500914b6eb.png,geotiff/pre/155814500914b6eb.tif,geotiff/post/155814500914b6eb.tif,geotiff/dnbr/155814500914b6eb.tif
MCD64A1.A2020214.h23v05.061.2021309111946_r782_c270,2020-08-27,2020,8,240,MCD64A1.A2020214.h23v05.061.2021309111946,63.80018824771448,36.739583330009054,409,102.25,224,10,39ac9efb2c6b413b,neg,train,Asia,Turkmenistan,63.70887815291739,36.80556253656441,0,30,grassland,grassland_savanna,temperate,N,temperate_other,S2B_MSIL2A_20200805T062629_R077_T41SNA_20200919T095403,S2B_MSIL2A_20200924T062629_R077_T41SNA_20200926T140018,2020-08-05T06:26:29.024000Z,2020-09-24T06:26:29.024000Z,2020-08-05,2020-09-24,0.0,-22,28,3.6e-05,0.0,1.0,1.0,-0.050081778317689896,-0.049920737743377686,0.007305601611733437,-0.05472500994801521,-0.04520602524280548,-0.0410597026348114,-0.10186289250850677,-0.005995959043502808,1.0,0.0,0.0,0.0,1,unburned_or_regrowth,-1,not_applicable,png,images/pre/39ac9efb2c6b413b.png,images/post/39ac9efb2c6b413b.png,images/dnbr/39ac9efb2c6b413b.png,geotiff/pre/39ac9efb2c6b413b.tif,geotiff/post/39ac9efb2c6b413b.tif,geotiff/dnbr/39ac9efb2c6b413b.tif
MCD64A1.A2017182.h21v03.061.2021312132349_r2378_c1272,2017-07-25,2017,7,206,MCD64A1.A2017182.h21v03.061.2021312132349,55.02288547763942,50.08958332881418,3583,895.75,224,10,2081ec816f44bdcf,burn,train,Asia,Kazakhstan,55.22406460669459,50.20208332880411,1,30,grassland,grassland_savanna,temperate,N,temperate_other,S2B_MSIL2A_20170717T071619_R006_T39UYR_20210210T102817,S2A_MSIL2A_20170811T072301_R006_T40UCA_20210210T224237,2017-07-17T07:16:19.027000Z,2017-08-11T07:23:01.026000Z,2017-07-17,2017-08-11,6.7,-8,17,2.345659,0.024165,0.9895169005102041,1.0,0.3507576882839203,0.3580899238586426,0.10469169169664383,0.2827981114387512,0.42564988136291504,0.4768361449241638,-0.0336071141064167,0.7267962694168091,0.9895169005102041,0.9742107780612245,0.7760283801020408,0.19925860969387754,3,moderate,1,moderate,png,images/pre/2081ec816f44bdcf.png,images/post/2081ec816f44bdcf.png,images/dnbr/2081ec816f44bdcf.png,geotiff/pre/2081ec816f44bdcf.tif,geotiff/post/2081ec816f44bdcf.tif,geotiff/dnbr/2081ec816f44bdcf.tif
MCD64A1.A2017182.h21v03.061.2021312132349_r2378_c1272,2017-07-25,2017,7,206,MCD64A1.A2017182.h21v03.061.2021312132349,55.02288547763942,50.08958332881418,3583,895.75,224,10,560bfe128812a41c,neg,train,Asia,Kazakhstan,55.068391191886164,49.85127481610184,0,30,grassland,grassland_savanna,temperate,N,temperate_other,S2B_MSIL2A_20170717T071619_R006_T39UYR_20210210T102817,S2A_MSIL2A_20170811T072301_R006_T40UCA_20210210T224237,2017-07-17T07:16:19.027000Z,2017-08-11T07:23:01.026000Z,2017-07-17,2017-08-11,6.7,-8,17,2.345659,0.024165,1.0,1.0,-0.01184605062007904,-0.012585513293743134,0.043877508491277695,-0.035075392574071884,0.011309119872748852,0.03781934827566147,-0.2899417281150818,0.27593231201171875,1.0,0.01305404974489796,1.992984693877551e-05,0.0,1,unburned_or_regrowth,-1,not_applicable,png,images/pre/560bfe128812a41c.png,images/post/560bfe128812a41c.png,images/dnbr/560bfe128812a41c.png,geotiff/pre/560bfe128812a41c.tif,geotiff/post/560bfe128812a41c.tif,geotiff/dnbr/560bfe128812a41c.tif
MCD64A1.A2020245.h21v03.061.2021309112109_r1771_c1868,2020-09-13,2020,9,257,MCD64A1.A2020245.h21v03.061.2021309112109,62.23757385631146,52.618749995254475,38,9.5,224,10,038640b858f9e282,burn,train,Asia,Kazakhstan,62.23259084047245,52.61041666192189,1,30,grassland,grassland_savanna,temperate,N,temperate_other,S2A_MSIL2A_20200901T070631_R106_T41UMU_20200907T221233,S2A_MSIL2A_20200928T065651_R063_T41UMU_20201001T014801,2020-09-01T07:06:31.024000Z,2020-09-28T06:56:51.024000Z,2020-09-01,2020-09-28,9.67,-12,15,2.894931,0.129913,1.0,1.0,0.16927401721477509,0.17186592519283295,0.11247733980417252,0.12586016952991486,0.2213120460510254,0.28556740283966064,-0.09158296138048172,0.9331570863723755,1.0,0.818359375,0.12334582270408163,0.019511320153061226,2,low,0,low,png,images/pre/038640b858f9e282.png,images/post/038640b858f9e282.png,images/dnbr/038640b858f9e282.png,geotiff/pre/038640b858f9e282.tif,geotiff/post/038640b858f9e282.tif,geotiff/dnbr/038640b858f9e282.tif
MCD64A1.A2020245.h21v03.061.2021309112109_r1771_c1868,2020-09-13,2020,9,257,MCD64A1.A2020245.h21v03.061.2021309112109,62.23757385631146,52.618749995254475,38,9.5,224,10,35d14e428586c29b,neg,train,Asia,Kazakhstan,62.2864639245588,52.657609635791715,0,30,grassland,grassland_savanna,temperate,N,temperate_other,S2B_MSIL2A_20200804T065629_R063_T41UMU_20200816T035723,S2A_MSIL2A_20200928T065651_R063_T41UMU_20201001T014801,2020-08-04T06:56:29.024000Z,2020-09-28T06:56:51.024000Z,2020-08-04,2020-09-28,0.37,-40,15,0.252597,0.129913,1.0,1.0,-0.10696014761924744,-0.12443853914737701,0.06987830251455307,-0.14546175301074982,-0.09790834784507751,-0.011545632034540176,-0.27767214179039,0.3819708228111267,1.0,0.01985012755102041,0.003268494897959184,0.0,1,unburned_or_regrowth,-1,not_applicable,png,images/pre/35d14e428586c29b.png,images/post/35d14e428586c29b.png,images/dnbr/35d14e428586c29b.png,geotiff/pre/35d14e428586c29b.tif,geotiff/post/35d14e428586c29b.tif,geotiff/dnbr/35d14e428586c29b.tif
MCD64A1.A2020214.h23v05.061.2021309111946_r1087_c291,2020-08-08,2020,8,221,MCD64A1.A2020214.h23v05.061.2021309111946,62.883795923306934,35.46874999678946,693,173.25,224,10,11d38c44bdabd4e4,burn,train,Asia,Turkmenistan,62.83821776380098,35.45624999679058,1,30,grassland,grassland_savanna,temperate,N,temperate_other,S2B_MSIL2A_20200726T062629_R077_T41SMV_20200817T154204,S2A_MSIL2A_20200820T062631_R077_T41SMV_20200919T095357,2020-07-26T06:26:29.024000Z,2020-08-20T06:26:31.024000Z,2020-07-26,2020-08-20,0.03,-13,12,0.034216,0.028069,1.0,1.0,0.29870226979255676,0.310606986284256,0.14943891763687134,0.19915331900119781,0.4101026654243469,0.48342323303222656,-0.06473247706890106,0.6971309781074524,1.0,0.8905652104591837,0.5939891581632653,0.17926897321428573,3,moderate,1,moderate,png,images/pre/11d38c44bdabd4e4.png,images/post/11d38c44bdabd4e4.png,images/dnbr/11d38c44bdabd4e4.png,geotiff/pre/11d38c44bdabd4e4.tif,geotiff/post/11d38c44bdabd4e4.tif,geotiff/dnbr/11d38c44bdabd4e4.tif
MCD64A1.A2020214.h23v05.061.2021309111946_r1087_c291,2020-08-08,2020,8,221,MCD64A1.A2020214.h23v05.061.2021309111946,62.883795923306934,35.46874999678946,693,173.25,224,10,763b8757ba753483,neg,train,Asia,Turkmenistan,62.883189505459015,35.67407271535405,0,30,grassland,grassland_savanna,temperate,N,temperate_other,S2B_MSIL2A_20200726T062629_R077_T41SMV_20200817T154204,S2B_MSIL2A_20200904T062629_R077_T41SMV_20200908T015356,2020-07-26T06:26:29.024000Z,2020-09-04T06:26:29.024000Z,2020-07-26,2020-09-04,0.0,-13,27,0.034216,0.018758,1.0,1.0,-0.019252218306064606,-0.021560467779636383,0.0144120492041111,-0.029498305171728134,-0.010498182848095894,0.0005824118852615356,-0.13016119599342346,0.1939227283000946,1.0,0.00023915816326530612,0.0,0.0,1,unburned_or_regrowth,-1,not_applicable,png,images/pre/763b8757ba753483.png,images/post/763b8757ba753483.png,images/dnbr/763b8757ba753483.png,geotiff/pre/763b8757ba753483.tif,geotiff/post/763b8757ba753483.tif,geotiff/dnbr/763b8757ba753483.tif
MCD64A1.A2020061.h28v07.061.2021309111318_r2208_c948,2020-03-02,2020,3,62,MCD64A1.A2020061.h28v07.061.2021309111318,105.82582873201137,10.797916665655972,498,124.5,224,10,297f3680af281e7c,burn,train,Asia,Vietnam,105.81001440127497,10.77708333232448,1,40,cropland,cropland,tropical,N,boreal_other,S2B_MSIL2A_20200220T031749_R118_T48PWT_20200930T045731,S2A_MSIL2A_20200316T031541_R118_T48PWT_20201010T095931,2020-02-20T03:17:49.024000Z,2020-03-16T03:15:41.024000Z,2020-02-20,2020-03-16,2.13,-11,14,0.112737,4.707234,1.0,0.9013871173469388,0.6033216714859009,0.6465587615966797,0.22760653495788574,0.48053309321403503,0.7579107284545898,0.8562579154968262,-0.3226909339427948,1.1113723516464233,0.9013871173469388,0.873664700255102,0.8115632971938775,0.7137276785714286,4,high,2,high,png,images/pre/297f3680af281e7c.png,images/post/297f3680af281e7c.png,images/dnbr/297f3680af281e7c.png,geotiff/pre/297f3680af281e7c.tif,geotiff/post/297f3680af281e7c.tif,geotiff/dnbr/297f3680af281e7c.tif
MCD64A1.A2020061.h28v07.061.2021309111318_r2208_c948,2020-03-02,2020,3,62,MCD64A1.A2020061.h28v07.061.2021309111318,105.82582873201137,10.797916665655972,498,124.5,224,10,883bae75456ef357,neg,train,Asia,Vietnam,105.70488944093279,10.574666565316502,0,40,cropland,cropland,tropical,N,boreal_other,S2B_MSIL2A_20200121T032039_R118_T48PWS_20201002T035411,S2A_MSIL2A_20200326T031541_R118_T48PWS_20201027T103232,2020-01-21T03:20:39.024000Z,2020-03-26T03:15:41.024000Z,2020-01-21,2020-03-26,4.97,-41,24,0.292856,11.458376,0.9998405612244898,0.9967315051020408,-0.45391327142715454,-0.4646490812301636,0.25016844272613525,-0.6653995513916016,-0.2608383595943451,-0.11361948400735855,-1.2328290939331055,0.3906916677951813,0.9965720663265306,0.010722257653061224,0.0014349489795918368,0.0,1,unburned_or_regrowth,-1,not_applicable,png,images/pre/883bae75456ef357.png,images/post/883bae75456ef357.png,images/dnbr/883bae75456ef357.png,geotiff/pre/883bae75456ef357.tif,geotiff/post/883bae75456ef357.tif,geotiff/dnbr/883bae75456ef357.tif
MCD64A1.A2017152.h26v04.061.2021312130505_r574_c58,2017-06-30,2017,6,181,MCD64A1.A2017152.h26v04.061.2021312130505,119.01683740507232,47.606249995703116,1084,271.0,224,10,2548a9fe1e559a2f,burn,train,Asia,Mongolia,119.06704320736685,47.56041666237389,1,30,grassland,grassland_savanna,temperate,N,temperate_other,S2A_MSIL2A_20170614T025541_R032_T50TPT_20210209T224735,S2B_MSIL2A_20170712T030539_R075_T50TPT_20210210T075518,2017-06-14T02:55:41.026000Z,2017-07-12T03:05:39.027000Z,2017-06-14,2017-07-12,9.97,-16,12,0.003988,3.111834,1.0,1.0,0.3892574608325958,0.37566077709198,0.0784633532166481,0.3375726640224457,0.4293030798435211,0.489122599363327,0.19630803167819977,0.8923960328102112,1.0,1.0,0.9750079719387755,0.21360809948979592,3,moderate,1,moderate,png,images/pre/2548a9fe1e559a2f.png,images/post/2548a9fe1e559a2f.png,images/dnbr/2548a9fe1e559a2f.png,geotiff/pre/2548a9fe1e559a2f.tif,geotiff/post/2548a9fe1e559a2f.tif,geotiff/dnbr/2548a9fe1e559a2f.tif
MCD64A1.A2017152.h26v04.061.2021312130505_r574_c58,2017-06-30,2017,6,181,MCD64A1.A2017152.h26v04.061.2021312130505,119.01683740507232,47.606249995703116,1084,271.0,224,10,aa9d2f68a5a48a35,neg,train,Asia,Mongolia,118.78841052471675,47.818717963014244,0,30,grassland,grassland_savanna,temperate,N,temperate_other,S2A_MSIL2A_20170518T030551_R075_T50TPT_20210209T161830,S2B_MSIL2A_20170712T030539_R075_T50UPU_20210210T075533,2017-05-18T03:05:51.026000Z,2017-07-12T03:05:39.027000Z,2017-05-18,2017-07-12,0.2,-43,12,6.976334,1.567543,1.0,1.0,-0.11943293362855911,-0.04902460426092148,0.18054310977458954,-0.260908305644989,0.02051270753145218,0.06538290530443192,-0.7419408559799194,0.1933591514825821,1.0,0.022321428571428572,0.0,0.0,1,unburned_or_regrowth,-1,not_applicable,png,images/pre/aa9d2f68a5a48a35.png,images/post/aa9d2f68a5a48a35.png,images/dnbr/aa9d2f68a5a48a35.png,geotiff/pre/aa9d2f68a5a48a35.tif,geotiff/post/aa9d2f68a5a48a35.tif,geotiff/dnbr/aa9d2f68a5a48a35.tif
MCD64A1.A2017152.h24v05.061.2021312130351_r1484_c224,2017-06-04,2017,6,155,MCD64A1.A2017152.h24v05.061.2021312130351,73.34168749110515,33.81458333027085,25,6.25,224,10,cb9a057ab1860f5f,burn,val,Asia,Pakistan,73.34883390738197,33.822916663603436,1,10,tree_cover,forest,subtropical,N,subtropical,S2A_MSIL2A_20170526T054641_R048_T43SCT_20210209T181213,S2A_MSIL2A_20170615T054641_R048_T43SCT_20210209T230405,2017-05-26T05:46:41.026000Z,2017-06-15T05:46:41.026000Z,2017-05-26,2017-06-15,0.0,-9,11,3.095869,7.489457,0.9998405612244898,1.0,0.1661715805530548,0.1555626094341278,0.15963555872440338,0.020394079387187958,0.276927649974823,0.38384607434272766,-0.13827946782112122,0.7284716963768005,0.9998405612244898,0.5721659757653061,0.2632334183673469,0.058713329081632654,2,low,0,low,png,images/pre/cb9a057ab1860f5f.png,images/post/cb9a057ab1860f5f.png,images/dnbr/cb9a057ab1860f5f.png,geotiff/pre/cb9a057ab1860f5f.tif,geotiff/post/cb9a057ab1860f5f.tif,geotiff/dnbr/cb9a057ab1860f5f.tif
MCD64A1.A2017152.h24v05.061.2021312130351_r1484_c224,2017-06-04,2017,6,155,MCD64A1.A2017152.h24v05.061.2021312130351,73.34168749110515,33.81458333027085,25,6.25,224,10,f2999849c1e65068,neg,val,Asia,Pakistan,73.40322881031095,33.75304866829663,0,10,tree_cover,forest,subtropical,N,subtropical,S2A_MSIL2A_20170526T054641_R048_T43SCT_20210209T181213,S2A_MSIL2A_20170705T054641_R048_T43SCT_20210210T045208,2017-05-26T05:46:41.026000Z,2017-07-05T05:46:41.026000Z,2017-05-26,2017-07-05,0.0,-9,31,3.095869,6.591481,0.9997608418367347,0.8960459183673469,-0.08038126677274704,-0.07408304512500763,0.10528356581926346,-0.13320600986480713,-0.02403806895017624,0.059842705726623535,-0.5232971906661987,0.24843177199363708,0.8958067602040817,0.026566485969387755,0.0,0.0,1,unburned_or_regrowth,-1,not_applicable,png,images/pre/f2999849c1e65068.png,images/post/f2999849c1e65068.png,images/dnbr/f2999849c1e65068.png,geotiff/pre/f2999849c1e65068.tif,geotiff/post/f2999849c1e65068.tif,geotiff/dnbr/f2999849c1e65068.tif
MCD64A1.A2017182.h26v04.061.2021312132753_r749_c222,2017-07-04,2017,7,185,MCD64A1.A2017182.h26v04.061.2021312132753,118.38960887808865,46.8770833291017,1185,296.25,224,10,f843593062c7b83b,burn,train,Asia,Mongolia,118.35398293238252,46.952083329095,1,90,herbaceous_wetland,wetland,temperate,N,temperate_other,S2A_MSIL2A_20170627T030541_R075_T50TPT_20210210T015838,S2B_MSIL2A_20170712T030539_R075_T50TNT_20210210T075500,2017-06-27T03:05:41.026000Z,2017-07-12T03:05:39.027000Z,2017-06-27,2017-07-12,0.03,-7,8,0.436153,0.154532,1.0,1.0,0.24499908089637756,0.25725728273391724,0.17741630971431732,0.051970820873975754,0.35809463262557983,0.4606171250343323,-0.044252291321754456,1.0383487939834595,1.0,0.7049984056122449,0.46767378826530615,0.12053571428571429,2,low,0,low,png,images/pre/f843593062c7b83b.png,images/post/f843593062c7b83b.png,images/dnbr/f843593062c7b83b.png,geotiff/pre/f843593062c7b83b.tif,geotiff/post/f843593062c7b83b.tif,geotiff/dnbr/f843593062c7b83b.tif
MCD64A1.A2017182.h26v04.061.2021312132753_r749_c222,2017-07-04,2017,7,185,MCD64A1.A2017182.h26v04.061.2021312132753,118.38960887808865,46.8770833291017,1185,296.25,224,10,7e0ba483fe858e04,neg,train,Asia,Mongolia,118.11883167648354,46.75500490369774,0,30,grassland,grassland_savanna,temperate,N,temperate_other,S2A_MSIL2A_20170627T030541_R075_T50TNS_20210210T015837,S2A_MSIL2A_20170717T030541_R075_T50TNS_20210210T101200,2017-06-27T03:05:41.026000Z,2017-07-17T03:05:41.026000Z,2017-06-27,2017-07-17,0.0,-7,13,0.191177,13.185815,1.0,1.0,-0.024500394240021706,-0.014998003840446472,0.04196709021925926,-0.03256814181804657,-0.0020785629749298096,0.009111873805522919,-0.32895323634147644,0.07934606075286865,1.0,0.0,0.0,0.0,1,unburned_or_regrowth,-1,not_applicable,png,images/pre/7e0ba483fe858e04.png,images/post/7e0ba483fe858e04.png,images/dnbr/7e0ba483fe858e04.png,geotiff/pre/7e0ba483fe858e04.tif,geotiff/post/7e0ba483fe858e04.tif,geotiff/dnbr/7e0ba483fe858e04.tif
MCD64A1.A2017152.h21v05.061.2021312130044_r667_c493,2017-06-25,2017,6,176,MCD64A1.A2017152.h21v05.061.2021312130044,40.25488007430563,37.21874999663283,9,2.25,224,10,5bf79a5477b570d1,burn,train,Asia,Turkey,40.2645609753013,37.22708332996542,1,40,cropland,cropland,temperate,N,temperate_other,S2A_MSIL2A_20170607T081001_R078_T37SFB_20210209T210652,S2B_MSIL2A_20170712T081009_R078_T37SFB_20210210T075819,2017-06-07T08:10:01.026000Z,2017-07-12T08:10:09.027000Z,2017-06-07,2017-07-12,0.13,-18,17,0.157565,0.087159,0.9981664540816326,0.9998405612244898,0.22443638741970062,0.2285226285457611,0.21077117323875427,0.03801067918539047,0.3904087543487549,0.4803764522075653,-0.5787971019744873,0.7685715556144714,0.9980867346938775,0.6543765943877551,0.45960220025510207,0.15304129464285715,2,low,0,low,png,images/pre/5bf79a5477b570d1.png,images/post/5bf79a5477b570d1.png,images/dnbr/5bf79a5477b570d1.png,geotiff/pre/5bf79a5477b570d1.tif,geotiff/post/5bf79a5477b570d1.tif,geotiff/dnbr/5bf79a5477b570d1.tif
MCD64A1.A2017152.h21v05.061.2021312130044_r667_c493,2017-06-25,2017,6,176,MCD64A1.A2017152.h21v05.061.2021312130044,40.25488007430563,37.21874999663283,9,2.25,224,10,f112f44aafe24f31,neg,train,Asia,Turkey,40.30315879083481,37.29048530993758,0,40,cropland,cropland,temperate,N,temperate_other,S2A_MSIL2A_20170607T081001_R078_T37SFB_20210209T210652,S2B_MSIL2A_20170801T080959_R078_T37SFB_20210210T175818,2017-06-07T08:10:01.026000Z,2017-08-01T08:09:59.027000Z,2017-06-07,2017-08-01,0.03,-18,37,0.157565,0.050958,1.0,1.0,0.014563662931323051,0.01529704499989748,0.018027175217866898,0.003940659575164318,0.025823108851909637,0.03525930270552635,-0.2000632882118225,0.16208206117153168,1.0,0.0007971938775510204,0.0,0.0,1,unburned_or_regrowth,-1,not_applicable,png,images/pre/f112f44aafe24f31.png,images/post/f112f44aafe24f31.png,images/dnbr/f112f44aafe24f31.png,geotiff/pre/f112f44aafe24f31.tif,geotiff/post/f112f44aafe24f31.tif,geotiff/dnbr/f112f44aafe24f31.tif
MCD64A1.A2020032.h28v07.061.2021309111157_r1699_c703,2020-02-17,2020,2,48,MCD64A1.A2020032.h28v07.061.2021309111157,105.60429713429176,12.91874999880139,120,30.0,224,10,53ddff80de416aff,burn,train,Asia,Cambodia,105.61413381030393,12.95208333213177,1,10,tree_cover,forest,tropical,N,tropical_moist,S2B_MSIL2A_20200121T032039_R118_T48PWV_20201002T035414,S2A_MSIL2A_20200225T031711_R118_T48PWV_20200928T061221,2020-01-21T03:20:39.024000Z,2020-02-25T03:17:11.024000Z,2020-01-21,2020-02-25,3.47,-27,8,0.01438,0.023487,0.9996811224489796,0.9999202806122449,0.1611434370279312,0.13245196640491486,0.14681404829025269,0.04791226238012314,0.2577739357948303,0.3787058889865875,-0.31299319863319397,0.8975340723991394,0.9996811224489796,0.5940489477040817,0.23072783801020408,0.04884805484693878,2,low,0,low,png,images/pre/53ddff80de416aff.png,images/post/53ddff80de416aff.png,images/dnbr/53ddff80de416aff.png,geotiff/pre/53ddff80de416aff.tif,geotiff/post/53ddff80de416aff.tif,geotiff/dnbr/53ddff80de416aff.tif
MCD64A1.A2020032.h28v07.061.2021309111157_r1699_c703,2020-02-17,2020,2,48,MCD64A1.A2020032.h28v07.061.2021309111157,105.60429713429176,12.91874999880139,120,30.0,224,10,95634a5d3b21ad4b,neg,train,Asia,Cambodia,105.52241644533629,13.027361985674945,0,10,tree_cover,forest,tropical,N,tropical_moist,S2B_MSIL2A_20200121T032039_R118_T48PWV_20201002T035414,S2A_MSIL2A_20200225T031711_R118_T48PWV_20200928T061221,2020-01-21T03:20:39.024000Z,2020-02-25T03:17:11.024000Z,2020-01-21,2020-02-25,3.47,-27,8,0.01438,0.023487,1.0,1.0,0.006077861413359642,0.004557967185974121,0.0226342361420393,-0.005980506539344788,0.015315592288970947,0.02693304419517517,-0.10594259947538376,0.32094690203666687,1.0,0.0071548150510204085,0.0001793686224489796,0.0,1,unburned_or_regrowth,-1,not_applicable,png,images/pre/95634a5d3b21ad4b.png,images/post/95634a5d3b21ad4b.png,images/dnbr/95634a5d3b21ad4b.png,geotiff/pre/95634a5d3b21ad4b.tif,geotiff/post/95634a5d3b21ad4b.tif,geotiff/dnbr/95634a5d3b21ad4b.tif
MCD64A1.A2020245.h20v05.061.2021309112057_r645_c2268,2020-09-29,2020,9,273,MCD64A1.A2020245.h20v05.061.2021309112057,37.029724002800016,37.31041666329129,5,1.25,224,10,7f7d06b01236a25a,burn,test,Asia,Turkey,37.03701539774894,37.314583329957586,1,40,cropland,cropland,temperate,N,temperate_other,S2B_MSIL2A_20200917T081609_R121_T37SCB_20200921T064141,S2B_MSIL2A_20201017T081839_R121_T37SCB_20201027T140934,2020-09-17T08:16:09.024000Z,2020-10-17T08:18:39.024000Z,2020-09-17,2020-10-17,2.5,-12,18,0.079465,0.120935,1.0,1.0,0.1859791874885559,0.13851673901081085,0.20419946312904358,-0.0016387668438255787,0.35088497400283813,0.4860672950744629,-0.30240267515182495,0.9138929843902588,1.0,0.5380660076530612,0.37705277423469385,0.15377869897959184,2,low,0,low,png,images/pre/7f7d06b01236a25a.png,images/post/7f7d06b01236a25a.png,images/dnbr/7f7d06b01236a25a.png,geotiff/pre/7f7d06b01236a25a.tif,geotiff/post/7f7d06b01236a25a.tif,geotiff/dnbr/7f7d06b01236a25a.tif
MCD64A1.A2020245.h20v05.061.2021309112057_r645_c2268,2020-09-29,2020,9,273,MCD64A1.A2020245.h20v05.061.2021309112057,37.029724002800016,37.31041666329129,5,1.25,224,10,17460962bdb01900,neg,test,Asia,Turkey,36.93487797217257,37.29736487913519,0,40,cropland,cropland,temperate,N,temperate_other,S2B_MSIL2A_20200917T081609_R121_T37SCB_20200921T064141,S2B_MSIL2A_20201017T081839_R121_T37SCB_20201027T140934,2020-09-17T08:16:09.024000Z,2020-10-17T08:18:39.024000Z,2020-09-17,2020-10-17,2.5,-12,18,0.079465,0.120935,1.0,1.0,-0.012847406789660454,-0.014869915321469307,0.03398976847529411,-0.029845742508769035,-0.001680184155702591,0.015163693577051163,-0.29632022976875305,0.33091315627098083,1.0,0.013034119897959183,0.00045838647959183676,0.0,1,unburned_or_regrowth,-1,not_applicable,png,images/pre/17460962bdb01900.png,images/post/17460962bdb01900.png,images/dnbr/17460962bdb01900.png,geotiff/pre/17460962bdb01900.tif,geotiff/post/17460962bdb01900.tif,geotiff/dnbr/17460962bdb01900.tif
MCD64A1.A2017274.h19v04.061.2021312141659_r2187_c2374,2017-10-12,2017,10,285,MCD64A1.A2017274.h19v04.061.2021312141659,26.31378471900169,40.88541666297132,9,2.25,224,10,aa2242fbf8679a7e,burn,train,Asia,Turkey,26.30827340164513,40.88541666297132,1,40,cropland,cropland,temperate,N,temperate_other,S2B_MSIL2A_20170918T090609_R050_T35TMF_20210202T054439,S2A_MSIL2A_20171020T090021_R007_T35TMF_20201015T010524,2017-09-18T09:06:09.027000Z,2017-10-20T09:00:21.026000Z,2017-09-18,2017-10-20,5.8,-24,8,0.030087,0.054447,1.0,0.99609375,0.4867524802684784,0.5127195119857788,0.1470775157213211,0.43687736988067627,0.5739067792892456,0.6463863253593445,-0.1270020604133606,1.0787217617034912,0.99609375,0.9680524553571429,0.8996930803571429,0.7395567602040817,4,high,2,high,png,images/pre/aa2242fbf8679a7e.png,images/post/aa2242fbf8679a7e.png,images/dnbr/aa2242fbf8679a7e.png,geotiff/pre/aa2242fbf8679a7e.tif,geotiff/post/aa2242fbf8679a7e.tif,geotiff/dnbr/aa2242fbf8679a7e.tif
MCD64A1.A2017274.h19v04.061.2021312141659_r2187_c2374,2017-10-12,2017,10,285,MCD64A1.A2017274.h19v04.061.2021312141659,26.31378471900169,40.88541666297132,9,2.25,224,10,48c1d2fa991349c9,neg,train,Asia,Turkey,26.40311400221707,40.88354149242171,0,40,cropland,cropland,temperate,N,temperate_other,S2B_MSIL2A_20170918T090609_R050_T35TMF_20210202T054439,S2A_MSIL2A_20171102T091131_R050_T35TMF_20201014T175913,2017-09-18T09:06:09.027000Z,2017-11-02T09:11:31.026000Z,2017-09-18,2017-11-02,5.37,-24,21,0.030087,0.050941,0.9983258928571429,0.9951769770408163,-0.10543026030063629,-0.10993781685829163,0.08163813501596451,-0.1557534635066986,-0.057612478733062744,-0.00015922448073979467,-0.6754637360572815,0.255379855632782,0.9950972576530612,0.010722257653061224,0.0,0.0,1,unburned_or_regrowth,-1,not_applicable,png,images/pre/48c1d2fa991349c9.png,images/post/48c1d2fa991349c9.png,images/dnbr/48c1d2fa991349c9.png,geotiff/pre/48c1d2fa991349c9.tif,geotiff/post/48c1d2fa991349c9.tif,geotiff/dnbr/48c1d2fa991349c9.tif
MCD64A1.A2020245.h31v09.061.2021309112117_r1844_c1815,2020-09-30,2020,9,274,MCD64A1.A2020245.h31v09.061.2021309112117,138.8114893478013,-7.685416666023763,3,0.75,224,10,0bd665ac76775f62,burn,train,Asia,Indonesia,138.81285196307377,-7.6895833326900584,1,10,tree_cover,forest,tropical,S,tropical_moist,S2B_MSIL2A_20200922T010729_R045_T54MTS_20200926T085253,S2A_MSIL2A_20201017T010731_R045_T54MTS_20201027T134458,2020-09-22T01:07:29.024000Z,2020-10-17T01:07:31.024000Z,2020-09-22,2020-10-17,0.03,-8,17,27.496349,29.152547,0.9349489795918368,1.0,0.400525838136673,0.5099673271179199,0.2688167691230774,0.09325505048036575,0.6140124797821045,0.6837397217750549,-0.5061501860618591,0.9458844661712646,0.9349489795918368,0.6977040816326531,0.6389110331632653,0.5473333864795918,3,moderate,1,moderate,png,images/pre/0bd665ac76775f62.png,images/post/0bd665ac76775f62.png,images/dnbr/0bd665ac76775f62.png,geotiff/pre/0bd665ac76775f62.tif,geotiff/post/0bd665ac76775f62.tif,geotiff/dnbr/0bd665ac76775f62.tif
MCD64A1.A2020245.h31v09.061.2021309112117_r1844_c1815,2020-09-30,2020,9,274,MCD64A1.A2020245.h31v09.061.2021309112117,138.8114893478013,-7.685416666023763,3,0.75,224,10,422fa7af1b3cc5cf,neg,train,Asia,Indonesia,138.73464216282088,-7.7414761305885404,0,90,herbaceous_wetland,wetland,tropical,S,boreal_other,S2A_MSIL2A_20200818T010731_R045_T54MTS_20200822T151154,S2B_MSIL2A_20201101T010729_R045_T54MTS_20201103T231919,2020-08-18T01:07:31.024000Z,2020-11-01T01:07:29.024000Z,2020-08-18,2020-11-01,0.03,-43,32,2.823103,7.843859,1.0,1.0,-0.03705628216266632,-0.03814117610454559,0.05084626376628876,-0.06543641537427902,-0.010794363915920258,0.01908610761165619,-0.2659183442592621,0.4007110595703125,1.0,0.010662468112244899,0.0013552295918367347,0.0,1,unburned_or_regrowth,-1,not_applicable,png,images/pre/422fa7af1b3cc5cf.png,images/post/422fa7af1b3cc5cf.png,images/dnbr/422fa7af1b3cc5cf.png,geotiff/pre/422fa7af1b3cc5cf.tif,geotiff/post/422fa7af1b3cc5cf.tif,geotiff/dnbr/422fa7af1b3cc5cf.tif
MCD64A1.A2017182.h21v05.061.2021312132358_r643_c335,2017-07-05,2017,7,186,MCD64A1.A2017182.h21v05.061.2021312132358,39.48057158669043,37.31874999662388,20,5.0,224,10,49f0551dfe7dbd93,burn,val,Asia,Turkey,39.48276049595223,37.32291666329017,1,10,tree_cover,forest,temperate,N,temperate_forest,S2A_MSIL2A_20170617T080611_R078_T37SEB_20210209T233745,S2B_MSIL2A_20170722T080609_R078_T37SEB_20210210T125448,2017-06-17T08:06:11.026000Z,2017-07-22T08:06:09.027000Z,2017-06-17,2017-07-22,0.03,-18,17,0.100305,0.054459,1.0,1.0,0.21833550930023193,0.3136101961135864,0.28021490573883057,0.09267008304595947,0.3871800899505615,0.5032321214675903,-0.6188121438026428,0.7154649496078491,1.0,0.7459741709183674,0.6063855229591837,0.16330516581632654,2,low,0,low,png,images/pre/49f0551dfe7dbd93.png,images/post/49f0551dfe7dbd93.png,images/dnbr/49f0551dfe7dbd93.png,geotiff/pre/49f0551dfe7dbd93.tif,geotiff/post/49f0551dfe7dbd93.tif,geotiff/dnbr/49f0551dfe7dbd93.tif
MCD64A1.A2017182.h21v05.061.2021312132358_r643_c335,2017-07-05,2017,7,186,MCD64A1.A2017182.h21v05.061.2021312132358,39.48057158669043,37.31874999662388,20,5.0,224,10,6df5bf1d5d24c571,neg,val,Asia,Turkey,39.40954585399638,37.36787427773148,0,10,tree_cover,forest,temperate,N,temperate_forest,S2A_MSIL2A_20170617T080611_R078_T37SEB_20210209T233745,S2B_MSIL2A_20170722T080609_R078_T37SEB_20210210T125448,2017-06-17T08:06:11.026000Z,2017-07-22T08:06:09.027000Z,2017-06-17,2017-07-22,0.03,-18,17,0.100305,0.054459,1.0,1.0,0.02333677001297474,0.022405855357646942,0.018257828429341316,0.015678051859140396,0.028974611312150955,0.03588628023862839,-0.13269098103046417,0.2785215973854065,1.0,0.007354113520408163,3.985969387755102e-05,0.0,1,unburned_or_regrowth,-1,not_applicable,png,images/pre/6df5bf1d5d24c571.png,images/post/6df5bf1d5d24c571.png,images/dnbr/6df5bf1d5d24c571.png,geotiff/pre/6df5bf1d5d24c571.tif,geotiff/post/6df5bf1d5d24c571.tif,geotiff/dnbr/6df5bf1d5d24c571.tif
MCD64A1.A2017182.h21v04.061.2021312132400_r355_c249,2017-07-30,2017,7,211,MCD64A1.A2017182.h21v04.061.2021312132400,46.86104878885446,48.51874999562144,1585,396.25,224,10,735b62b7416e191b,burn,val,Asia,Kazakhstan,46.96115320962531,48.552083328951795,1,30,grassland,grassland_savanna,temperate,N,temperate_other,S2B_MSIL2A_20170706T074609_R135_T38UPU_20210210T053452,S2B_MSIL2A_20170805T074939_R135_T38UPU_20210210T200416,2017-07-06T07:46:09.027000Z,2017-08-05T07:49:39.027000Z,2017-07-06,2017-08-05,3.5,-24,6,1.685598,1.556485,1.0,1.0,0.23993663489818573,0.25399550795555115,0.10797825455665588,0.20204243063926697,0.3151620626449585,0.3609577417373657,-0.02088705450296402,0.5302953720092773,1.0,0.8528380102040817,0.42460538903061223,0.006297831632653061,2,low,0,low,png,images/pre/735b62b7416e191b.png,images/post/735b62b7416e191b.png,images/dnbr/735b62b7416e191b.png,geotiff/pre/735b62b7416e191b.tif,geotiff/post/735b62b7416e191b.tif,geotiff/dnbr/735b62b7416e191b.tif
MCD64A1.A2017182.h21v04.061.2021312132400_r355_c249,2017-07-30,2017,7,211,MCD64A1.A2017182.h21v04.061.2021312132400,46.86104878885446,48.51874999562144,1585,396.25,224,10,7f422d2e23d9d54c,neg,val,Asia,Kazakhstan,46.71051938395793,48.29911578325718,0,30,grassland,grassland_savanna,temperate,N,temperate_other,S2B_MSIL2A_20170706T074609_R135_T38UPU_20210210T053452,S2B_MSIL2A_20170805T074939_R135_T38UPU_20210210T200416,2017-07-06T07:46:09.027000Z,2017-08-05T07:49:39.027000Z,2017-07-06,2017-08-05,3.5,-24,6,1.685598,1.556485,1.0,1.0,0.03146037459373474,0.0313442125916481,0.014706671237945557,0.021050091832876205,0.04106811806559563,0.04938209056854248,-0.01907689869403839,0.12309981137514114,1.0,0.00033880739795918367,0.0,0.0,1,unburned_or_regrowth,-1,not_applicable,png,images/pre/7f422d2e23d9d54c.png,images/post/7f422d2e23d9d54c.png,images/dnbr/7f422d2e23d9d54c.png,geotiff/pre/7f422d2e23d9d54c.tif,geotiff/post/7f422d2e23d9d54c.tif,geotiff/dnbr/7f422d2e23d9d54c.tif
MCD64A1.A2020032.h28v08.061.2021309111149_r1507_c197,2020-02-04,2020,2,35,MCD64A1.A2020032.h28v08.061.2021309111149,101.03565261052552,3.7187499996221938,41,10.25,224,10,3fbda41253cd7a8e,burn,train,Asia,Malaysia,101.03339161347682,3.7354166662873682,1,40,cropland,cropland,tropical,N,boreal_other,S2B_MSIL2A_20200124T033029_R018_T47NQE_20201002T085814,S2B_MSIL2A_20200223T032739_R018_T47NQE_20200927T234238,2020-01-24T03:30:29.024000Z,2020-02-23T03:27:39.024000Z,2020-01-24,2020-02-23,2.83,-11,19,4.71455,45.012216,1.0,0.9752072704081632,0.3386034369468689,0.33665990829467773,0.21960018575191498,0.17134757339954376,0.5083963871002197,0.6260363459587097,-0.3663536310195923,1.0128002166748047,0.9752072704081632,0.8076969068877551,0.595085299744898,0.3411192602040816,3,moderate,1,moderate,png,images/pre/3fbda41253cd7a8e.png,images/post/3fbda41253cd7a8e.png,images/dnbr/3fbda41253cd7a8e.png,geotiff/pre/3fbda41253cd7a8e.tif,geotiff/post/3fbda41253cd7a8e.tif,geotiff/dnbr/3fbda41253cd7a8e.tif
MCD64A1.A2020032.h28v08.061.2021309111149_r1507_c197,2020-02-04,2020,2,35,MCD64A1.A2020032.h28v08.061.2021309111149,101.03565261052552,3.7187499996221938,41,10.25,224,10,b08fafb4a199e94b,neg,train,Asia,Malaysia,101.15837802539534,3.760932849175526,0,40,cropland,cropland,tropical,N,boreal_other,S2B_MSIL2A_20200124T033029_R018_T47NQE_20201002T085814,S2A_MSIL2A_20200228T032701_R018_T47NQE_20200928T214304,2020-01-24T03:30:29.024000Z,2020-02-28T03:27:01.024000Z,2020-01-24,2020-02-28,3.47,-11,24,4.71455,4.825499,1.0,0.9994419642857143,0.0017959547694772482,0.002708643674850464,0.04116201400756836,-0.010309606790542603,0.016856372356414795,0.03644084930419922,-0.3268788158893585,0.34938010573387146,0.9994419642857143,0.015405771683673469,0.0004185267857142857,0.0,1,unburned_or_regrowth,-1,not_applicable,png,images/pre/b08fafb4a199e94b.png,images/post/b08fafb4a199e94b.png,images/dnbr/b08fafb4a199e94b.png,geotiff/pre/b08fafb4a199e94b.tif,geotiff/post/b08fafb4a199e94b.tif,geotiff/dnbr/b08fafb4a199e94b.tif
MCD64A1.A2019305.h31v09.061.2021309105919_r1954_c2131,2019-11-11,2019,11,315,MCD64A1.A2019305.h31v09.061.2021309105919,140.29602604567435,-8.143749999316075,45,11.25,224,10,aafd369df59d7d51,burn,val,Asia,Indonesia,140.29731662238186,-8.135416665983486,1,90,herbaceous_wetland,wetland,tropical,S,boreal_other,S2A_MSIL2A_20191020T005711_R002_T54MVS_20201004T041434,S2B_MSIL2A_20191127T010729_R045_T54MVS_20201003T201354,2019-10-20T00:57:11.024000Z,2019-11-27T01:07:29.024000Z,2019-10-20,2019-11-27,10.3,-22,16,2.198561,0.60774,1.0,1.0,0.3674570918083191,0.5037992000579834,0.31225326657295227,0.10169621556997299,0.6106866002082825,0.6778029203414917,-0.4307963252067566,0.8324066400527954,1.0,0.7512954400510204,0.6765784438775511,0.5808753188775511,3,moderate,1,moderate,png,images/pre/aafd369df59d7d51.png,images/post/aafd369df59d7d51.png,images/dnbr/aafd369df59d7d51.png,geotiff/pre/aafd369df59d7d51.tif,geotiff/post/aafd369df59d7d51.tif,geotiff/dnbr/aafd369df59d7d51.tif
MCD64A1.A2019305.h31v09.061.2021309105919_r1954_c2131,2019-11-11,2019,11,315,MCD64A1.A2019305.h31v09.061.2021309105919,140.29602604567435,-8.143749999316075,45,11.25,224,10,bce24cab009474ce,neg,val,Asia,Indonesia,140.34541248794244,-8.087198063361441,0,90,herbaceous_wetland,wetland,tropical,S,boreal_other,S2A_MSIL2A_20191020T005711_R002_T54MVS_20201004T041434,S2A_MSIL2A_20191129T005711_R002_T54MVS_20201003T203843,2019-10-20T00:57:11.024000Z,2019-11-29T00:57:11.024000Z,2019-10-20,2019-11-29,0.0,-22,18,2.198561,0.65662,1.0,1.0,-0.01737564615905285,-0.012881278991699219,0.04710327461361885,-0.043358445167541504,0.006884634494781494,0.025945231318473816,-0.21320286393165588,0.28880414366722107,1.0,0.0205078125,0.00013950892857142856,0.0,1,unburned_or_regrowth,-1,not_applicable,png,images/pre/bce24cab009474ce.png,images/post/bce24cab009474ce.png,images/dnbr/bce24cab009474ce.png,geotiff/pre/bce24cab009474ce.tif,geotiff/post/bce24cab009474ce.tif,geotiff/dnbr/bce24cab009474ce.tif
MCD64A1.A2020032.h29v07.061.2021309111150_r1648_c1876,2020-02-26,2020,2,57,MCD64A1.A2020032.h29v07.061.2021309111150,120.98216709791816,13.131249998782561,4,1.0,224,10,1fe22b9c83c069c5,burn,train,Asia,Philippines,120.98216709791816,13.131249998782561,1,30,grassland,grassland_savanna,tropical,N,tropical_dry,S2A_MSIL2A_20200128T021941_R003_T51PTQ_20201002T131237,S2B_MSIL2A_20200313T021559_R003_T51PTQ_20201009T122708,2020-01-28T02:19:41.024000Z,2020-03-13T02:15:59.024000Z,2020-01-28,2020-03-13,3.7,-29,16,3.57677,13.341605,1.0,0.9594626913265306,0.18150848150253296,0.06484273076057434,0.22778600454330444,0.02694357931613922,0.35653966665267944,0.5653704404830933,-0.48887020349502563,0.8074744343757629,0.9594626913265306,0.3934948979591837,0.2981106505102041,0.18568638392857142,2,low,0,low,png,images/pre/1fe22b9c83c069c5.png,images/post/1fe22b9c83c069c5.png,images/dnbr/1fe22b9c83c069c5.png,geotiff/pre/1fe22b9c83c069c5.tif,geotiff/post/1fe22b9c83c069c5.tif,geotiff/dnbr/1fe22b9c83c069c5.tif
MCD64A1.A2020032.h29v07.061.2021309111150_r1648_c1876,2020-02-26,2020,2,57,MCD64A1.A2020032.h29v07.061.2021309111150,120.98216709791816,13.131249998782561,4,1.0,224,10,0220246ec3d8b31d,neg,train,Asia,Philippines,121.0369928737406,13.064178941879733,0,30,grassland,grassland_savanna,tropical,N,tropical_dry,S2A_MSIL2A_20200128T021941_R003_T51PTQ_20201002T131237,S2A_MSIL2A_20200328T021601_R003_T51PTQ_20201019T144456,2020-01-28T02:19:41.024000Z,2020-03-28T02:16:01.024000Z,2020-01-28,2020-03-28,3.67,-29,31,3.57677,4.961049,0.9262595663265306,0.9931441326530612,0.011839537881314754,0.025807946920394897,0.08937270939350128,0.01050691306591034,0.03760531544685364,0.0507359653711319,-0.7646086812019348,0.6614059209823608,0.9194036989795918,0.023716517857142856,0.006995376275510204,0.0027503188775510204,1,unburned_or_regrowth,-1,not_applicable,png,images/pre/0220246ec3d8b31d.png,images/post/0220246ec3d8b31d.png,images/dnbr/0220246ec3d8b31d.png,geotiff/pre/0220246ec3d8b31d.tif,geotiff/post/0220246ec3d8b31d.tif,geotiff/dnbr/0220246ec3d8b31d.tif
MCD64A1.A2020214.h22v03.061.2021309111953_r1927_c1705,2020-08-30,2020,8,243,MCD64A1.A2020214.h22v03.061.2021309111953,76.45986788200516,51.96874999531265,36,9.0,224,10,20a336fb15d2389d,burn,train,Asia,Kazakhstan,76.43957867731312,51.96874999531265,1,30,grassland,grassland_savanna,temperate,N,temperate_other,S2A_MSIL2A_20200801T055641_R091_T43UET_20200815T170548,S2A_MSIL2A_20200913T060641_R134_T43UET_20201101T162158,2020-08-01T05:56:41.024000Z,2020-09-13T06:06:41.024000Z,2020-08-01,2020-09-13,10.0,-29,14,0.383256,1.399484,1.0,1.0,0.22564491629600525,0.20718969404697418,0.09855923056602478,0.18270714581012726,0.25511977076530457,0.34199291467666626,-0.2711029052734375,0.9544031620025635,1.0,0.940788424744898,0.21097735969387754,0.040318080357142856,2,low,0,low,png,images/pre/20a336fb15d2389d.png,images/post/20a336fb15d2389d.png,images/dnbr/20a336fb15d2389d.png,geotiff/pre/20a336fb15d2389d.tif,geotiff/post/20a336fb15d2389d.tif,geotiff/dnbr/20a336fb15d2389d.tif
MCD64A1.A2020214.h22v03.061.2021309111953_r1927_c1705,2020-08-30,2020,8,243,MCD64A1.A2020214.h22v03.061.2021309111953,76.45986788200516,51.96874999531265,36,9.0,224,10,4face692527b85c5,neg,train,Asia,Kazakhstan,76.47002703778179,52.038252741355656,0,30,grassland,grassland_savanna,temperate,N,temperate_other,S2A_MSIL2A_20200801T055641_R091_T43UFT_20200815T170601,S2A_MSIL2A_20201003T060711_R134_T43UFT_20201005T080239,2020-08-01T05:56:41.024000Z,2020-10-03T06:07:11.024000Z,2020-08-01,2020-10-03,10.5,-29,34,0.114811,0.222267,0.8705357142857143,0.8705357142857143,0.0252945926040411,0.02157554030418396,0.022853292524814606,0.012749740853905678,0.031863316893577576,0.04498821496963501,-0.024673879146575928,0.3084392547607422,0.8705357142857143,0.014628507653061224,0.00011957908163265306,0.0,1,unburned_or_regrowth,-1,not_applicable,png,images/pre/4face692527b85c5.png,images/post/4face692527b85c5.png,images/dnbr/4face692527b85c5.png,geotiff/pre/4face692527b85c5.tif,geotiff/post/4face692527b85c5.tif,geotiff/dnbr/4face692527b85c5.tif
MCD64A1.A2017274.h21v05.061.2021312142046_r452_c577,2017-10-12,2017,10,285,MCD64A1.A2017274.h21v05.061.2021312142046,41.18855928781222,38.11458332988598,5,1.25,224,10,7d37520c2d577db6,burn,train,Asia,Turkey,41.18561322714017,38.118749996552275,1,40,cropland,cropland,temperate,N,temperate_other,S2A_MSIL2A_20170912T075611_R035_T37SFC_20210202T005236,S2B_MSIL2A_20171017T075909_R035_T37SFC_20201015T002600,2017-09-12T07:56:11.026000Z,2017-10-17T07:59:09.027000Z,2017-09-12,2017-10-17,2.97,-30,5,0.030354,0.032778,1.0,1.0,0.20972810685634613,0.2364141345024109,0.19310395419597626,0.0163387730717659,0.3859153985977173,0.444362998008728,-1.2591122388839722,0.7305160760879517,1.0,0.5930923150510204,0.46665736607142855,0.1092952806122449,2,low,0,low,png,images/pre/7d37520c2d577db6.png,images/post/7d37520c2d577db6.png,images/dnbr/7d37520c2d577db6.png,geotiff/pre/7d37520c2d577db6.tif,geotiff/post/7d37520c2d577db6.tif,geotiff/dnbr/7d37520c2d577db6.tif
MCD64A1.A2017274.h21v05.061.2021312142046_r452_c577,2017-10-12,2017,10,285,MCD64A1.A2017274.h21v05.061.2021312142046,41.18855928781222,38.11458332988598,5,1.25,224,10,673b724d7935e482,neg,train,Asia,Turkey,41.14579581286045,38.130545359883165,0,40,cropland,cropland,temperate,N,temperate_other,S2A_MSIL2A_20170902T080001_R035_T37SFC_20210201T164232,S2B_MSIL2A_20171020T080949_R078_T37SFC_20201015T011027,2017-09-02T08:00:01.026000Z,2017-10-20T08:09:49.027000Z,2017-09-02,2017-10-20,9.8,-40,8,0.023825,0.012656,0.9975286989795918,0.9874641262755102,0.020298538729548454,0.020528897643089294,0.04517621546983719,0.006789287552237511,0.03357113152742386,0.04636000469326973,-0.20975250005722046,1.1632746458053589,0.9856305803571429,0.01167889030612245,0.0011160714285714285,0.0009566326530612245,1,unburned_or_regrowth,-1,not_applicable,png,images/pre/673b724d7935e482.png,images/post/673b724d7935e482.png,images/dnbr/673b724d7935e482.png,geotiff/pre/673b724d7935e482.tif,geotiff/post/673b724d7935e482.tif,geotiff/dnbr/673b724d7935e482.tif
MCD64A1.A2019305.h21v04.061.2021309105843_r2214_c916,2019-11-12,2019,11,316,MCD64A1.A2019305.h21v04.061.2021309105843,44.65677878523212,40.77291666298139,7,1.75,224,10,d2e83b0c18de83dd,burn,test,Asia,Armenia,44.654077276241715,40.77708332964768,1,30,grassland,grassland_savanna,temperate,N,temperate_other,S2B_MSIL2A_20191014T074859_R135_T38TML_20201004T021812,S2A_MSIL2A_20191118T075211_R135_T38TML_20201003T173733,2019-10-14T07:48:59.024000Z,2019-11-18T07:52:11.024000Z,2019-10-14,2019-11-18,3.2,-29,6,0.002969,0.938764,1.0,0.9290896045918368,0.2858956456184387,0.31925612688064575,0.21952438354492188,0.08536094427108765,0.48190391063690186,0.5550761818885803,-0.5168666839599609,0.7780331373214722,0.9290896045918368,0.651008450255102,0.5075932716836735,0.30239556760204084,3,moderate,1,moderate,png,images/pre/d2e83b0c18de83dd.png,images/post/d2e83b0c18de83dd.png,images/dnbr/d2e83b0c18de83dd.png,geotiff/pre/d2e83b0c18de83dd.tif,geotiff/post/d2e83b0c18de83dd.tif,geotiff/dnbr/d2e83b0c18de83dd.tif
MCD64A1.A2019305.h21v04.061.2021309105843_r2214_c916,2019-11-12,2019,11,316,MCD64A1.A2019305.h21v04.061.2021309105843,44.65677878523212,40.77291666298139,7,1.75,224,10,352612cbf45238a2,neg,test,Asia,Armenia,44.68577119351416,40.807549990509735,0,30,grassland,grassland_savanna,temperate,N,temperate_other,S2B_MSIL2A_20191014T074859_R135_T38TML_20201004T021812,S2A_MSIL2A_20191118T075211_R135_T38TML_20201003T173733,2019-10-14T07:48:59.024000Z,2019-11-18T07:52:11.024000Z,2019-10-14,2019-11-18,3.2,-29,6,0.002969,0.938764,1.0,0.8574617346938775,-0.10769163072109222,-0.05712740123271942,0.17927828431129456,-0.20072360336780548,0.025407353416085243,0.06236101686954498,-0.8557230234146118,0.9025164842605591,0.8574617346938775,0.027642697704081634,0.0034279336734693877,0.000896843112244898,1,unburned_or_regrowth,-1,not_applicable,png,images/pre/352612cbf45238a2.png,images/post/352612cbf45238a2.png,images/dnbr/352612cbf45238a2.png,geotiff/pre/352612cbf45238a2.tif,geotiff/post/352612cbf45238a2.tif,geotiff/dnbr/352612cbf45238a2.tif
MCD64A1.A2020245.h22v03.061.2021309112116_r2232_c687,2020-09-07,2020,9,251,MCD64A1.A2020245.h22v03.061.2021309112116,67.67283486655488,50.697916662093064,1356,339.0,224,10,29eca7d590705506,burn,val,Asia,Kazakhstan,67.59021383974807,50.77291666208635,1,40,cropland,cropland,temperate,N,temperate_other,S2B_MSIL2A_20200828T063629_R120_T42UUB_20200907T130211,S2B_MSIL2A_20200914T062629_R077_T42UUB_20200919T191840,2020-08-28T06:36:29.024000Z,2020-09-14T06:26:29.024000Z,2020-08-28,2020-09-14,10.0,-10,7,1.8687,0.002942,1.0,1.0,0.1983048915863037,0.19032281637191772,0.11353713274002075,0.13611780107021332,0.24991527199745178,0.33991825580596924,-0.05688941106200218,0.7854311466217041,1.0,0.8515027104591837,0.19939811862244897,0.03489716198979592,2,low,0,low,png,images/pre/29eca7d590705506.png,images/post/29eca7d590705506.png,images/dnbr/29eca7d590705506.png,geotiff/pre/29eca7d590705506.tif,geotiff/post/29eca7d590705506.tif,geotiff/dnbr/29eca7d590705506.tif
MCD64A1.A2020245.h22v03.061.2021309112116_r2232_c687,2020-09-07,2020,9,251,MCD64A1.A2020245.h22v03.061.2021309112116,67.67283486655488,50.697916662093064,1356,339.0,224,10,4e82d69e40bec2b6,neg,val,Asia,Kazakhstan,67.65271936459132,50.52042209631477,0,30,grassland,grassland_savanna,temperate,N,temperate_other,S2A_MSIL2A_20200803T063631_R120_T42UVA_20200815T232647,S2B_MSIL2A_20200914T062629_R077_T42UUB_20200919T191840,2020-08-03T06:36:31.024000Z,2020-09-14T06:26:29.024000Z,2020-08-03,2020-09-14,10.03,-35,7,0.004222,0.002942,1.0,1.0,0.027488257735967636,0.027120159938931465,0.010500331409275532,0.0207191314548254,0.033856526017189026,0.04060904681682587,-0.03722018003463745,0.10883854329586029,1.0,1.992984693877551e-05,0.0,0.0,1,unburned_or_regrowth,-1,not_applicable,png,images/pre/4e82d69e40bec2b6.png,images/post/4e82d69e40bec2b6.png,images/dnbr/4e82d69e40bec2b6.png,geotiff/pre/4e82d69e40bec2b6.tif,geotiff/post/4e82d69e40bec2b6.tif,geotiff/dnbr/4e82d69e40bec2b6.tif
MCD64A1.A2017274.h21v03.061.2021312142019_r2053_c416,2017-10-01,2017,10,274,MCD64A1.A2017274.h21v03.061.2021312142019,50.91657234070246,51.44374999535964,3,0.75,224,10,a662df9bf6c1d5b8,burn,train,Asia,Kazakhstan,50.91657234070246,51.44374999535964,1,40,cropland,cropland,temperate,N,temperate_other,S2A_MSIL2A_20170916T073941_R092_T39UVT_20210202T034734,S2A_MSIL2A_20171009T074821_R135_T39UVS_20210202T155735,2017-09-16T07:39:41.026000Z,2017-10-09T07:48:21.026000Z,2017-09-16,2017-10-09,8.67,-15,8,0.003534,0.133818,1.0,0.8660714285714286,0.31515341997146606,0.4662898778915405,0.28145310282707214,-0.03138035908341408,0.5619238615036011,0.6018773317337036,-0.4121914803981781,0.7099083065986633,0.8660714285714286,0.5405970982142857,0.5298549107142857,0.46095742984693877,3,moderate,1,moderate,png,images/pre/a662df9bf6c1d5b8.png,images/post/a662df9bf6c1d5b8.png,images/dnbr/a662df9bf6c1d5b8.png,geotiff/pre/a662df9bf6c1d5b8.tif,geotiff/post/a662df9bf6c1d5b8.tif,geotiff/dnbr/a662df9bf6c1d5b8.tif
MCD64A1.A2017274.h21v03.061.2021312142019_r2053_c416,2017-10-01,2017,10,274,MCD64A1.A2017274.h21v03.061.2021312142019,50.91657234070246,51.44374999535964,3,0.75,224,10,5661b6ef4525f580,neg,train,Asia,Kazakhstan,50.84029681811734,51.45385928093406,0,40,cropland,cropland,temperate,N,temperate_other,S2A_MSIL2A_20170916T073941_R092_T39UVT_20210202T034734,S2B_MSIL2A_20171103T075049_R135_T39UVT_20201014T181232,2017-09-16T07:39:41.026000Z,2017-11-03T07:50:49.027000Z,2017-09-16,2017-11-03,11.13,-15,33,0.003534,1.697635,1.0,0.9996811224489796,-0.15702570974826813,-0.1600436270236969,0.08293436467647552,-0.2168421447277069,-0.08455751091241837,-0.05527830496430397,-0.4823673665523529,0.2351451814174652,0.9996811224489796,0.0016541772959183674,0.0,0.0,1,unburned_or_regrowth,-1,not_applicable,png,images/pre/5661b6ef4525f580.png,images/post/5661b6ef4525f580.png,images/dnbr/5661b6ef4525f580.png,geotiff/pre/5661b6ef4525f580.tif,geotiff/post/5661b6ef4525f580.tif,geotiff/dnbr/5661b6ef4525f580.tif
MCD64A1.A2020245.h20v05.061.2021309112057_r683_c2090,2020-09-01,2020,9,245,MCD64A1.A2020245.h20v05.061.2021309112057,36.02151350334803,37.15208332997213,5,1.25,224,10,bad2997dcfda83c2,burn,train,Asia,Turkey,36.028726605145216,37.15624999663842,1,40,cropland,cropland,temperate,N,temperate_other,S2A_MSIL2A_20200813T081611_R121_T37SBB_20200815T002346,S2B_MSIL2A_20200907T081609_R121_T37SBB_20200911T184009,2020-08-13T08:16:11.024000Z,2020-09-07T08:16:09.024000Z,2020-08-13,2020-09-07,0.03,-19,6,0.113785,0.106735,1.0,1.0,0.15931402146816254,0.17168614268302917,0.12200549989938736,0.07228831946849823,0.25028616189956665,0.3003849387168884,-1.149343490600586,0.5525375604629517,1.0,0.7109175701530612,0.17958785076530612,0.0005381058673469387,2,low,0,low,png,images/pre/bad2997dcfda83c2.png,images/post/bad2997dcfda83c2.png,images/dnbr/bad2997dcfda83c2.png,geotiff/pre/bad2997dcfda83c2.tif,geotiff/post/bad2997dcfda83c2.tif,geotiff/dnbr/bad2997dcfda83c2.tif
MCD64A1.A2020245.h20v05.061.2021309112057_r683_c2090,2020-09-01,2020,9,245,MCD64A1.A2020245.h20v05.061.2021309112057,36.02151350334803,37.15208332997213,5,1.25,224,10,e9c855660d180e94,neg,train,Asia,Turkey,36.08249777367422,37.117457370457764,0,40,cropland,cropland,temperate,N,temperate_other,S2B_MSIL2A_20200729T081609_R121_T37SBB_20200818T013153,S2A_MSIL2A_20201012T081901_R121_T37SBB_20201014T110526,2020-07-29T08:16:09.024000Z,2020-10-12T08:19:01.024000Z,2020-07-29,2020-10-12,2.87,-34,41,0.102103,0.074714,0.9988042091836735,0.9994419642857143,-0.039152294397354126,-0.04390089213848114,0.036772120743989944,-0.06044675037264824,-0.023795926943421364,0.0014782954240217805,-0.38282695412635803,0.3481924533843994,0.9984853316326531,0.0077128507653061226,0.0001793686224489796,0.0,1,unburned_or_regrowth,-1,not_applicable,png,images/pre/e9c855660d180e94.png,images/post/e9c855660d180e94.png,images/dnbr/e9c855660d180e94.png,geotiff/pre/e9c855660d180e94.tif,geotiff/post/e9c855660d180e94.tif,geotiff/dnbr/e9c855660d180e94.tif
MCD64A1.A2017152.h22v04.061.2021312130154_r34_c104,2017-06-21,2017,6,172,MCD64A1.A2017152.h22v04.061.2021312130154,62.719008686312165,49.856249995501734,1670,417.5,224,10,641572749157bb75,burn,test,Asia,Kazakhstan,62.72850830086086,49.81874999550509,1,30,grassland,grassland_savanna,temperate,N,temperate_other,S2A_MSIL2A_20170524T064631_R020_T41UMR_20210209T174401,S2A_MSIL2A_20170703T064621_R020_T41UMR_20210210T040412,2017-05-24T06:46:31.026000Z,2017-07-03T06:46:21.026000Z,2017-05-24,2017-07-03,0.17,-28,12,5.47338,0.330008,1.0,0.9976084183673469,0.16904814541339874,0.18093538284301758,0.10322168469429016,0.09424025565385818,0.23274144530296326,0.28412365913391113,-0.11565803736448288,0.6948325634002686,0.9976084183673469,0.7349529655612245,0.12944435586734693,0.010064572704081632,2,low,0,low,png,images/pre/641572749157bb75.png,images/post/641572749157bb75.png,images/dnbr/641572749157bb75.png,geotiff/pre/641572749157bb75.tif,geotiff/post/641572749157bb75.tif,geotiff/dnbr/641572749157bb75.tif
MCD64A1.A2017152.h22v04.061.2021312130154_r34_c104,2017-06-21,2017,6,172,MCD64A1.A2017152.h22v04.061.2021312130154,62.719008686312165,49.856249995501734,1670,417.5,224,10,560cf198ca832fbc,neg,test,Asia,Kazakhstan,62.871894087005856,50.167183268055055,0,30,grassland,grassland_savanna,temperate,N,temperate_other,S2A_MSIL2A_20170514T065021_R020_T41UMR_20210209T152224,S2A_MSIL2A_20170723T064631_R020_T41UMR_20210210T130921,2017-05-14T06:50:21.026000Z,2017-07-23T06:46:31.026000Z,2017-05-14,2017-07-23,3.83,-38,32,0.956958,0.247727,0.9680723852040817,0.9203005420918368,0.0028331726789474487,0.0064959414303302765,0.045264240354299545,-0.014943473041057587,0.023983091115951538,0.045349955558776855,-0.3146187663078308,0.2379833608865738,0.9185467155612245,0.02220184948979592,0.0,0.0,1,unburned_or_regrowth,-1,not_applicable,png,images/pre/560cf198ca832fbc.png,images/post/560cf198ca832fbc.png,images/dnbr/560cf198ca832fbc.png,geotiff/pre/560cf198ca832fbc.tif,geotiff/post/560cf198ca832fbc.tif,geotiff/dnbr/560cf198ca832fbc.tif
MCD64A1.A2020032.h26v07.061.2021309111143_r62_c2152,2020-02-11,2020,2,42,MCD64A1.A2020032.h26v07.061.2021309111143,94.52317418717679,19.73958333153037,16,4.0,224,10,c7a3ace12b48d0bf,burn,train,Asia,Myanmar,94.52121416783102,19.743749998196666,1,30,grassland,grassland_savanna,tropical,N,tropical_dry,S2B_MSIL2A_20200205T040939_R047_T46QFG_20200930T231012,S2A_MSIL2A_20200301T040701_R047_T46QFG_20200925T233108,2020-02-05T04:09:39.024000Z,2020-03-01T04:07:01.024000Z,2020-02-05,2020-03-01,2.63,-6,19,0.000521,0.043212,1.0,1.0,0.20713932812213898,0.2129756063222885,0.0678849071264267,0.1697917878627777,0.2526204586029053,0.28596019744873047,-0.08665192127227783,0.5054787397384644,1.0,0.9285714285714286,0.16063456632653061,0.0001992984693877551,2,low,0,low,png,images/pre/c7a3ace12b48d0bf.png,images/post/c7a3ace12b48d0bf.png,images/dnbr/c7a3ace12b48d0bf.png,geotiff/pre/c7a3ace12b48d0bf.tif,geotiff/post/c7a3ace12b48d0bf.tif,geotiff/dnbr/c7a3ace12b48d0bf.tif
MCD64A1.A2020032.h26v07.061.2021309111143_r62_c2152,2020-02-11,2020,2,42,MCD64A1.A2020032.h26v07.061.2021309111143,94.52317418717679,19.73958333153037,16,4.0,224,10,860b2db298c6ef8f,neg,train,Asia,Myanmar,94.42392861844493,19.767311692261558,0,10,tree_cover,forest,tropical,N,tropical_moist,S2B_MSIL2A_20200205T040939_R047_T46QFG_20200930T231012,S2A_MSIL2A_20200311T040551_R047_T46QFG_20201005T175708,2020-02-05T04:09:39.024000Z,2020-03-11T04:05:51.024000Z,2020-02-05,2020-03-11,3.8,-6,29,0.000521,0.000826,1.0,1.0,0.009527884423732758,0.008685797452926636,0.04699062556028366,-0.020986124873161316,0.04062269628047943,0.06931453943252563,-0.26668182015419006,0.3326939642429352,1.0,0.024214764030612245,0.00011957908163265306,0.0,1,unburned_or_regrowth,-1,not_applicable,png,images/pre/860b2db298c6ef8f.png,images/post/860b2db298c6ef8f.png,images/dnbr/860b2db298c6ef8f.png,geotiff/pre/860b2db298c6ef8f.tif,geotiff/post/860b2db298c6ef8f.tif,geotiff/dnbr/860b2db298c6ef8f.tif
MCD64A1.A2017152.h26v04.061.2021312130505_r576_c61,2017-06-30,2017,6,181,MCD64A1.A2017152.h26v04.061.2021312130505,119.01641727513527,47.59791666237052,989,247.25,224,10,14e8fd9d5a4010a6,burn,train,Asia,Mongolia,119.1135640050185,47.56458332904018,1,30,grassland,grassland_savanna,temperate,N,temperate_other,S2A_MSIL2A_20170614T025541_R032_T50TPT_20210209T224735,S2B_MSIL2A_20170712T030539_R075_T50TPT_20210210T075518,2017-06-14T02:55:41.026000Z,2017-07-12T03:05:39.027000Z,2017-06-14,2017-07-12,9.97,-16,12,0.003988,3.111834,1.0,1.0,0.4897100627422333,0.4893592596054077,0.09762756526470184,0.4228414297103882,0.5526747107505798,0.6139138340950012,0.16242247819900513,0.9298617839813232,1.0,1.0,0.9905333227040817,0.6924426020408163,4,high,2,high,png,images/pre/14e8fd9d5a4010a6.png,images/post/14e8fd9d5a4010a6.png,images/dnbr/14e8fd9d5a4010a6.png,geotiff/pre/14e8fd9d5a4010a6.tif,geotiff/post/14e8fd9d5a4010a6.tif,geotiff/dnbr/14e8fd9d5a4010a6.tif
MCD64A1.A2017152.h26v04.061.2021312130505_r576_c61,2017-06-30,2017,6,181,MCD64A1.A2017152.h26v04.061.2021312130505,119.01641727513527,47.59791666237052,989,247.25,224,10,5bd570c78e77a483,neg,train,Asia,Mongolia,119.03032903579081,47.811508811464265,0,30,grassland,grassland_savanna,temperate,N,temperate_other,S2A_MSIL2A_20170614T025541_R032_T50UPU_20210209T224736,S2A_MSIL2A_20170724T025551_R032_T50TPT_20210210T133605,2017-06-14T02:55:41.026000Z,2017-07-24T02:55:51.026000Z,2017-06-14,2017-07-24,0.17,-16,24,0.047324,0.255747,1.0,1.0,0.016704171895980835,0.01692695915699005,0.024182671681046486,0.0006885789334774017,0.03249993920326233,0.04769405722618103,-0.12103548645973206,0.13010334968566895,1.0,0.0007174744897959184,0.0,0.0,1,unburned_or_regrowth,-1,not_applicable,png,images/pre/5bd570c78e77a483.png,images/post/5bd570c78e77a483.png,images/dnbr/5bd570c78e77a483.png,geotiff/pre/5bd570c78e77a483.tif,geotiff/post/5bd570c78e77a483.tif,geotiff/dnbr/5bd570c78e77a483.tif
MCD64A1.A2020032.h27v07.061.2021309111153_r1071_c1185,2020-02-25,2020,2,56,MCD64A1.A2020032.h27v07.061.2021309111153,98.53972436192102,15.535416665236209,12,3.0,224,10,aa6df32eb091170f,burn,train,Asia,Myanmar,98.53773258094849,15.531249998569912,1,10,tree_cover,forest,tropical,N,tropical_moist,S2A_MSIL2A_20200214T034841_R104_T47PMT_20201001T230102,S2B_MSIL2A_20200310T034549_R104_T47PMT_20201027T095050,2020-02-14T03:48:41.024000Z,2020-03-10T03:45:49.024000Z,2020-02-14,2020-03-10,2.87,-11,14,0.874609,0.081606,1.0,0.9943000637755102,0.1587066352367401,0.15358282625675201,0.07986137270927429,0.10296888649463654,0.20655614137649536,0.2585466504096985,-0.22490495443344116,0.9494754076004028,0.9943000637755102,0.7591079400510204,0.07924107142857142,0.003667091836734694,2,low,0,low,png,images/pre/aa6df32eb091170f.png,images/post/aa6df32eb091170f.png,images/dnbr/aa6df32eb091170f.png,geotiff/pre/aa6df32eb091170f.tif,geotiff/post/aa6df32eb091170f.tif,geotiff/dnbr/aa6df32eb091170f.tif
MCD64A1.A2020032.h27v07.061.2021309111153_r1071_c1185,2020-02-25,2020,2,56,MCD64A1.A2020032.h27v07.061.2021309111153,98.53972436192102,15.535416665236209,12,3.0,224,10,12e1c4fdee511f41,neg,train,Asia,Myanmar,98.44629294971865,15.49084242651827,0,10,tree_cover,forest,tropical,N,tropical_moist,S2A_MSIL2A_20200214T034841_R104_T47PMT_20201001T230102,S2B_MSIL2A_20200310T034549_R104_T47PMT_20201027T095050,2020-02-14T03:48:41.024000Z,2020-03-10T03:45:49.024000Z,2020-02-14,2020-03-10,2.87,-11,14,0.874609,0.081606,1.0,1.0,0.03908487409353256,0.04014500975608826,0.03132348135113716,0.022099003195762634,0.05712383985519409,0.07422208786010742,-0.17476525902748108,0.2656956911087036,1.0,0.024952168367346938,0.0,0.0,1,unburned_or_regrowth,-1,not_applicable,png,images/pre/12e1c4fdee511f41.png,images/post/12e1c4fdee511f41.png,images/dnbr/12e1c4fdee511f41.png,geotiff/pre/12e1c4fdee511f41.tif,geotiff/post/12e1c4fdee511f41.tif,geotiff/dnbr/12e1c4fdee511f41.tif
MCD64A1.A2020214.h22v05.061.2021309111948_r3_c1885,2020-08-23,2020,8,236,MCD64A1.A2020214.h22v05.061.2021309111948,62.458560101048704,39.985416663051865,54,13.5,224,10,3b5317af1b0c8db4,burn,train,Asia,Turkmenistan,62.4743209319113,39.97291666305299,1,40,cropland,cropland,temperate,N,temperate_other,S2A_MSIL2A_20200803T063631_R120_T41TME_20200815T232554,S2B_MSIL2A_20200828T063629_R120_T41TME_20200907T130518,2020-08-03T06:36:31.024000Z,2020-08-28T06:36:29.024000Z,2020-08-03,2020-08-28,0.03,-20,5,0.293904,0.373157,0.9623325892857143,0.9526466836734694,0.2940995693206787,0.2769371271133423,0.2062591016292572,0.11960016936063766,0.43761855363845825,0.5998325347900391,-0.5225818753242493,0.8731757402420044,0.94140625,0.7364875637755102,0.4813855229591837,0.2326610331632653,3,moderate,1,moderate,png,images/pre/3b5317af1b0c8db4.png,images/post/3b5317af1b0c8db4.png,images/dnbr/3b5317af1b0c8db4.png,geotiff/pre/3b5317af1b0c8db4.tif,geotiff/post/3b5317af1b0c8db4.tif,geotiff/dnbr/3b5317af1b0c8db4.tif
MCD64A1.A2020214.h22v05.061.2021309111948_r3_c1885,2020-08-23,2020,8,236,MCD64A1.A2020214.h22v05.061.2021309111948,62.458560101048704,39.985416663051865,54,13.5,224,10,a4c939ba8ec0fffb,neg,train,Asia,Turkmenistan,62.4247839610868,40.08130327772141,0,40,cropland,cropland,temperate,N,temperate_other,S2A_MSIL2A_20200714T063631_R120_T41TME_20200919T100059,S2A_MSIL2A_20201002T063711_R120_T41TME_20201005T001922,2020-07-14T06:36:31.024000Z,2020-10-02T06:37:11.024000Z,2020-07-14,2020-10-02,0.67,-40,40,0.204515,0.240251,0.9797512755102041,0.9552774234693877,-0.029116246849298477,-0.0276021771132946,0.04185117781162262,-0.03930135816335678,-0.017474224790930748,-0.005104501266032457,-0.34720277786254883,0.5171211957931519,0.9499362244897959,0.01215720663265306,0.0027503188775510204,0.00011957908163265306,1,unburned_or_regrowth,-1,not_applicable,png,images/pre/a4c939ba8ec0fffb.png,images/post/a4c939ba8ec0fffb.png,images/dnbr/a4c939ba8ec0fffb.png,geotiff/pre/a4c939ba8ec0fffb.tif,geotiff/post/a4c939ba8ec0fffb.tif,geotiff/dnbr/a4c939ba8ec0fffb.tif
MCD64A1.A2019335.h28v06.061.2021309110027_r1692_c917,2019-12-06,2019,12,340,MCD64A1.A2019335.h28v06.061.2021309110027,112.74564564468236,22.94791666457678,85,21.25,224,10,6130ebb0b879b329,burn,val,Asia,China,112.75606383990979,22.960416664575664,1,30,grassland,grassland_savanna,tropical,N,tropical_dry,S2A_MSIL2A_20191121T030021_R032_T49QFF_20201003T183041,S2A_MSIL2A_20191211T030121_R032_T49QFF_20201003T032516,2019-11-21T03:00:21.024000Z,2019-12-11T03:01:21.024000Z,2019-11-21,2019-12-11,1.0,-15,5,1.486457,1.260483,0.9794722576530612,0.892578125,0.29413869976997375,0.2753806710243225,0.22374896705150604,0.09904992580413818,0.4566172957420349,0.6162446141242981,-0.4240747392177582,0.9305620789527893,0.8874760841836735,0.6645806760204082,0.451351243622449,0.23814174107142858,3,moderate,1,moderate,png,images/pre/6130ebb0b879b329.png,images/post/6130ebb0b879b329.png,images/dnbr/6130ebb0b879b329.png,geotiff/pre/6130ebb0b879b329.tif,geotiff/post/6130ebb0b879b329.tif,geotiff/dnbr/6130ebb0b879b329.tif
MCD64A1.A2019335.h28v06.061.2021309110027_r1692_c917,2019-12-06,2019,12,340,MCD64A1.A2019335.h28v06.061.2021309110027,112.74564564468236,22.94791666457678,85,21.25,224,10,728c862b9616384d,neg,val,Asia,China,112.80215216217496,22.990426525854904,0,30,grassland,grassland_savanna,tropical,N,tropical_dry,S2A_MSIL2A_20191121T030021_R032_T49QFF_20201003T183041,S2A_MSIL2A_20191211T030121_R032_T49QFF_20201003T032516,2019-11-21T03:00:21.024000Z,2019-12-11T03:01:21.024000Z,2019-11-21,2019-12-11,1.0,-15,5,1.486457,1.260483,0.9483816964285714,0.9659996811224489,-0.005005685146898031,-0.0075283050537109375,0.052196796983480453,-0.027904894202947617,0.014219407923519611,0.04244818538427353,-0.5182178616523743,0.5314393043518066,0.9355867346938775,0.028858418367346938,0.002730389030612245,0.00025908801020408165,1,unburned_or_regrowth,-1,not_applicable,png,images/pre/728c862b9616384d.png,images/post/728c862b9616384d.png,images/dnbr/728c862b9616384d.png,geotiff/pre/728c862b9616384d.tif,geotiff/post/728c862b9616384d.tif,geotiff/dnbr/728c862b9616384d.tif
MCD64A1.A2017182.h22v05.061.2021312132459_r420_c971,2017-07-05,2017,7,186,MCD64A1.A2017182.h22v05.061.2021312132459,56.08774288790681,38.247916663207384,283,70.75,224,10,f7a99b40a80fb937,burn,train,Asia,Turkmenistan,56.05912326540537,38.25208332987368,1,30,grassland,grassland_savanna,temperate,N,temperate_other,S2A_MSIL2A_20170619T070621_R106_T40SDH_20210210T000541,S2B_MSIL2A_20170724T070619_R106_T40SDH_20210210T135402,2017-06-19T07:06:21.026000Z,2017-07-24T07:06:19.027000Z,2017-06-19,2017-07-24,0.03,-16,19,0.151016,0.218138,1.0,1.0,0.2531054615974426,0.25362661480903625,0.08511906117200851,0.1994158923625946,0.30685803294181824,0.3546253740787506,-0.03196726739406586,0.6954790353775024,1.0,0.9553372130102041,0.419124681122449,0.018136160714285716,2,low,0,low,png,images/pre/f7a99b40a80fb937.png,images/post/f7a99b40a80fb937.png,images/dnbr/f7a99b40a80fb937.png,geotiff/pre/f7a99b40a80fb937.tif,geotiff/post/f7a99b40a80fb937.tif,geotiff/dnbr/f7a99b40a80fb937.tif
MCD64A1.A2017182.h22v05.061.2021312132459_r420_c971,2017-07-05,2017,7,186,MCD64A1.A2017182.h22v05.061.2021312132459,56.08774288790681,38.247916663207384,283,70.75,224,10,aaf9c64ab2dc2232,neg,train,Asia,Turkmenistan,56.111575737501745,38.330854813246916,0,30,grassland,grassland_savanna,temperate,N,temperate_other,S2A_MSIL2A_20170619T070621_R106_T40SDH_20210210T000541,S2A_MSIL2A_20170818T070621_R106_T40SDH_20210201T043304,2017-06-19T07:06:21.026000Z,2017-08-18T07:06:21.026000Z,2017-06-19,2017-08-18,0.0,-16,44,0.151016,0.085534,1.0,1.0,0.02777521312236786,0.027763590216636658,0.018042366951704025,0.01699027046561241,0.03865819424390793,0.049493998289108276,-0.07864384353160858,0.12865221500396729,1.0,0.000896843112244898,0.0,0.0,1,unburned_or_regrowth,-1,not_applicable,png,images/pre/aaf9c64ab2dc2232.png,images/post/aaf9c64ab2dc2232.png,images/dnbr/aaf9c64ab2dc2232.png,geotiff/pre/aaf9c64ab2dc2232.tif,geotiff/post/aaf9c64ab2dc2232.tif,geotiff/dnbr/aaf9c64ab2dc2232.tif
MCD64A1.A2020032.h22v05.061.2021309111142_r1901_c248,2020-02-06,2020,2,37,MCD64A1.A2020032.h22v05.061.2021309111142,48.42883372703832,32.077083330426355,3,0.75,224,10,a8ed07419da9db7f,burn,train,Asia,Iran,48.426626669449234,32.07291666376006,1,40,cropland,cropland,subtropical,N,subtropical,S2A_MSIL2A_20200131T073131_R049_T39STR_20201002T160722,S2B_MSIL2A_20200215T073009_R049_T39STR_20201002T021007,2020-01-31T07:31:31.024000Z,2020-02-15T07:30:09.024000Z,2020-01-31,2020-02-15,1.37,-6,9,0.179721,41.377659,1.0,1.0,0.2740638852119446,0.1934635490179062,0.2467968612909317,0.08729410916566849,0.3838215470314026,0.7109049558639526,-0.12954260408878326,0.8497039079666138,1.0,0.7312260841836735,0.30654097576530615,0.24079241071428573,3,moderate,1,moderate,png,images/pre/a8ed07419da9db7f.png,images/post/a8ed07419da9db7f.png,images/dnbr/a8ed07419da9db7f.png,geotiff/pre/a8ed07419da9db7f.tif,geotiff/post/a8ed07419da9db7f.tif,geotiff/dnbr/a8ed07419da9db7f.tif
MCD64A1.A2020032.h22v05.061.2021309111142_r1901_c248,2020-02-06,2020,2,37,MCD64A1.A2020032.h22v05.061.2021309111142,48.42883372703832,32.077083330426355,3,0.75,224,10,6f11cc9839a7f211,neg,train,Asia,Iran,48.49890768244344,32.07728353067874,0,40,cropland,cropland,subtropical,N,subtropical,S2B_MSIL2A_20200106T073209_R049_T39STR_20201002T234506,S2B_MSIL2A_20200316T072639_R049_T39STR_20201010T095159,2020-01-06T07:32:09.024000Z,2020-03-16T07:26:39.024000Z,2020-01-06,2020-03-16,5.5,-31,39,0.141128,0.611657,1.0,0.9991230867346939,-0.28048837184906006,-0.2789698839187622,0.19856573641300201,-0.3866092562675476,-0.16656151413917542,-0.00389162078499794,-1.1583147048950195,0.4487656056880951,0.9991230867346939,0.01136001275510204,0.0017338966836734694,3.985969387755102e-05,1,unburned_or_regrowth,-1,not_applicable,png,images/pre/6f11cc9839a7f211.png,images/post/6f11cc9839a7f211.png,images/dnbr/6f11cc9839a7f211.png,geotiff/pre/6f11cc9839a7f211.tif,geotiff/post/6f11cc9839a7f211.tif,geotiff/dnbr/6f11cc9839a7f211.tif
MCD64A1.A2017182.h20v05.061.2021312132246_r447_c306,2017-07-02,2017,7,183,MCD64A1.A2017182.h20v05.061.2021312132246,27.05103269980702,38.135416663217455,82,20.5,224,10,8f38262968bf05fc,burn,train,Asia,Turkey,27.061627444818164,38.135416663217455,1,10,tree_cover,forest,temperate,N,temperate_forest,S2A_MSIL2A_20170602T090021_R007_T35SMC_20210209T195532,S2B_MSIL2A_20170707T085559_R007_T35SMC_20210210T060053,2017-06-02T09:00:21.026000Z,2017-07-07T08:55:59.027000Z,2017-06-02,2017-07-07,4.37,-30,5,0.298476,0.243702,1.0,1.0,0.4292990267276764,0.351719468832016,0.3594683110713959,0.1181127279996872,0.7686572074890137,0.9498901963233948,-1.2748889923095703,1.1912620067596436,1.0,0.7759088010204082,0.5867745535714286,0.4257015306122449,3,moderate,1,moderate,png,images/pre/8f38262968bf05fc.png,images/post/8f38262968bf05fc.png,images/dnbr/8f38262968bf05fc.png,geotiff/pre/8f38262968bf05fc.tif,geotiff/post/8f38262968bf05fc.tif,geotiff/dnbr/8f38262968bf05fc.tif
MCD64A1.A2017182.h20v05.061.2021312132246_r447_c306,2017-07-02,2017,7,183,MCD64A1.A2017182.h20v05.061.2021312132246,27.05103269980702,38.135416663217455,82,20.5,224,10,1bf167f786e4bb63,neg,train,Asia,Turkey,27.13917687379235,38.08056607368104,0,10,tree_cover,forest,temperate,N,temperate_forest,S2A_MSIL2A_20170602T090021_R007_T35SNC_20210209T195534,S2A_MSIL2A_20170722T085601_R007_T35SNC_20210210T124137,2017-06-02T09:00:21.026000Z,2017-07-22T08:56:01.026000Z,2017-06-02,2017-07-22,4.33,-30,20,1.050498,0.594563,1.0,1.0,-0.004681698512285948,-0.007543817162513733,0.031430743634700775,-0.023642368614673615,0.010324910283088684,0.030955791473388672,-0.1357550024986267,0.22260665893554688,1.0,0.009964923469387755,0.0,0.0,1,unburned_or_regrowth,-1,not_applicable,png,images/pre/1bf167f786e4bb63.png,images/post/1bf167f786e4bb63.png,images/dnbr/1bf167f786e4bb63.png,geotiff/pre/1bf167f786e4bb63.tif,geotiff/post/1bf167f786e4bb63.tif,geotiff/dnbr/1bf167f786e4bb63.tif
MCD64A1.A2020245.h23v05.061.2021309112110_r2069_c657,2020-09-30,2020,9,274,MCD64A1.A2020245.h23v05.061.2021309112110,61.773376379923825,31.377083330489015,10,2.5,224,10,c5cc71cc8ad07a4c,burn,test,Asia,Afghanistan,61.77611630264938,31.381249997155308,1,90,herbaceous_wetland,wetland,subtropical,N,subtropical,S2B_MSIL2A_20200904T062629_R077_T41RLQ_20200919T094833,S2A_MSIL2A_20201019T062901_R077_T41RLQ_20201021T033515,2020-09-04T06:26:29.024000Z,2020-10-19T06:29:01.024000Z,2020-09-04,2020-10-19,2.53,-26,19,10.970403,9.931518,0.9957748724489796,0.9414859693877551,0.25801488757133484,0.23305514454841614,0.2321169525384903,0.028680669143795967,0.48321694135665894,0.5651882886886597,-0.162260964512825,0.7538633346557617,0.9386160714285714,0.5610650510204082,0.44748485331632654,0.30488679846938777,2,low,0,low,png,images/pre/c5cc71cc8ad07a4c.png,images/post/c5cc71cc8ad07a4c.png,images/dnbr/c5cc71cc8ad07a4c.png,geotiff/pre/c5cc71cc8ad07a4c.tif,geotiff/post/c5cc71cc8ad07a4c.tif,geotiff/dnbr/c5cc71cc8ad07a4c.tif
MCD64A1.A2020245.h23v05.061.2021309112110_r2069_c657,2020-09-30,2020,9,274,MCD64A1.A2020245.h23v05.061.2021309112110,61.773376379923825,31.377083330489015,10,2.5,224,10,781b769a53ee86c8,neg,test,Asia,Afghanistan,61.8580182118637,31.339536481940012,0,90,herbaceous_wetland,wetland,subtropical,N,subtropical,S2B_MSIL2A_20200904T062629_R077_T41RLQ_20200919T094833,S2B_MSIL2A_20201103T063029_R077_T41RLQ_20201104T191304,2020-09-04T06:26:29.024000Z,2020-11-03T06:30:29.024000Z,2020-09-04,2020-11-03,4.0,-26,34,10.970403,8.429065,0.9999202806122449,1.0,0.01593104936182499,0.013795049861073494,0.02797139436006546,-0.0007918849587440491,0.030466411262750626,0.05096786841750145,-0.15576720237731934,0.22518759965896606,0.9999202806122449,0.008051658163265306,0.0,0.0,1,unburned_or_regrowth,-1,not_applicable,png,images/pre/781b769a53ee86c8.png,images/post/781b769a53ee86c8.png,images/dnbr/781b769a53ee86c8.png,geotiff/pre/781b769a53ee86c8.tif,geotiff/post/781b769a53ee86c8.tif,geotiff/dnbr/781b769a53ee86c8.tif
MCD64A1.A2017274.h22v05.061.2021312161332_r366_c1938,2017-10-15,2017,10,288,MCD64A1.A2017274.h22v05.061.2021312161332,61.40878831444628,38.47291666318724,12,3.0,224,10,a7dbc3a277c85cb0,burn,train,Asia,Turkmenistan,61.41588343027083,38.46874999652095,1,40,cropland,cropland,temperate,N,temperate_other,S2A_MSIL2A_20170918T064011_R120_T41SLC_20210202T051939,S2B_MSIL2A_20171023T063959_R120_T41SLC_20201015T014917,2017-09-18T06:40:11.026000Z,2017-10-23T06:39:59.027000Z,2017-09-18,2017-10-23,0.2,-27,8,0.051141,0.091941,0.9917889030612245,0.9494977678571429,0.15778088569641113,0.10555417090654373,0.16564661264419556,0.0417906753718853,0.19638431072235107,0.4940883219242096,-0.4366689920425415,0.7585694789886475,0.9453125,0.489078443877551,0.15294164540816327,0.11477598852040816,2,low,0,low,png,images/pre/a7dbc3a277c85cb0.png,images/post/a7dbc3a277c85cb0.png,images/dnbr/a7dbc3a277c85cb0.png,geotiff/pre/a7dbc3a277c85cb0.tif,geotiff/post/a7dbc3a277c85cb0.tif,geotiff/dnbr/a7dbc3a277c85cb0.tif
MCD64A1.A2017274.h22v05.061.2021312161332_r366_c1938,2017-10-15,2017,10,288,MCD64A1.A2017274.h22v05.061.2021312161332,61.40878831444628,38.47291666318724,12,3.0,224,10,72a913fbe1e7ee40,neg,train,Asia,Turkmenistan,61.385658165086966,38.41538417936699,0,40,cropland,cropland,temperate,N,temperate_other,S2A_MSIL2A_20170918T064011_R120_T41SLC_20210202T051939,S2B_MSIL2A_20171026T064939_R020_T41SLC_20201015T022504,2017-09-18T06:40:11.026000Z,2017-10-26T06:49:39.027000Z,2017-09-18,2017-10-26,9.47,-27,11,0.051141,0.056753,1.0,0.9088010204081632,0.02466890588402748,0.024363325908780098,0.036619558930397034,0.011743539944291115,0.03610028326511383,0.04732159152626991,-0.23934821784496307,0.9855421185493469,0.9088010204081632,0.002650669642857143,0.0009367028061224489,0.0009367028061224489,1,unburned_or_regrowth,-1,not_applicable,png,images/pre/72a913fbe1e7ee40.png,images/post/72a913fbe1e7ee40.png,images/dnbr/72a913fbe1e7ee40.png,geotiff/pre/72a913fbe1e7ee40.tif,geotiff/post/72a913fbe1e7ee40.tif,geotiff/dnbr/72a913fbe1e7ee40.tif
MCD64A1.A2020245.h23v04.061.2021309112114_r701_c1124,2020-09-24,2020,9,268,MCD64A1.A2020245.h23v04.061.2021309112114,80.3000112540235,47.077083329083806,32,8.0,224,10,640800c22736d18f,burn,val,Asia,Kazakhstan,80.31273512058847,47.08958332908269,1,30,grassland,grassland_savanna,temperate,N,temperate_other,S2B_MSIL2A_20200830T053649_R005_T44TMT_20200919T121003,S2B_MSIL2A_20200929T053649_R005_T44TMT_20201001T180945,2020-08-30T05:36:49.024000Z,2020-09-29T05:36:49.024000Z,2020-08-30,2020-09-29,0.0,-25,5,0.146065,2.063391,1.0,1.0,0.16412730515003204,0.1538718044757843,0.15661101043224335,0.013150587677955627,0.2776400148868561,0.37209540605545044,-0.10176236927509308,0.7916690111160278,1.0,0.5642139668367347,0.26602359693877553,0.05006377551020408,2,low,0,low,png,images/pre/640800c22736d18f.png,images/post/640800c22736d18f.png,images/dnbr/640800c22736d18f.png,geotiff/pre/640800c22736d18f.tif,geotiff/post/640800c22736d18f.tif,geotiff/dnbr/640800c22736d18f.tif
MCD64A1.A2020245.h23v04.061.2021309112114_r701_c1124,2020-09-24,2020,9,268,MCD64A1.A2020245.h23v04.061.2021309112114,80.3000112540235,47.077083329083806,32,8.0,224,10,91f4417b53da0ca1,neg,val,Asia,Kazakhstan,80.315875980699,47.14061088651126,0,30,grassland,grassland_savanna,temperate,N,temperate_other,S2B_MSIL2A_20200830T053649_R005_T44TMT_20200919T121003,S2B_MSIL2A_20201019T053839_R005_T44TMT_20201021T034442,2020-08-30T05:36:49.024000Z,2020-10-19T05:38:39.024000Z,2020-08-30,2020-10-19,1.83,-25,25,0.146065,1.868298,1.0,1.0,-0.015347043983638287,-0.019656505435705185,0.027864595875144005,-0.02766689844429493,-0.009574536234140396,0.002473261207342148,-0.06091952696442604,0.36777064204216003,1.0,0.01078204719387755,0.0016541772959183674,0.0,1,unburned_or_regrowth,-1,not_applicable,png,images/pre/91f4417b53da0ca1.png,images/post/91f4417b53da0ca1.png,images/dnbr/91f4417b53da0ca1.png,geotiff/pre/91f4417b53da0ca1.tif,geotiff/post/91f4417b53da0ca1.tif,geotiff/dnbr/91f4417b53da0ca1.tif
MCD64A1.A2019305.h23v04.061.2021309105851_r1894_c268,2019-11-10,2019,11,314,MCD64A1.A2019305.h23v04.061.2021309105851,68.90222894714442,42.10624999619539,28,7.0,224,10,55853f601cedef01,burn,train,Asia,Kazakhstan,68.9089325508982,42.102083329529094,1,40,cropland,cropland,temperate,N,temperate_other,S2A_MSIL2A_20191012T061811_R034_T42TVM_20201004T012204,S2B_MSIL2A_20191116T062129_R034_T42TVM_20201003T170804,2019-10-12T06:18:11.024000Z,2019-11-16T06:21:29.024000Z,2019-10-12,2019-11-16,3.3,-29,6,0.165179,2.206635,1.0,1.0,0.230360209941864,0.2648215591907501,0.12303020805120468,0.16066108644008636,0.3268339931964874,0.3615068793296814,-0.05302642285823822,0.5326219797134399,1.0,0.8016581632653061,0.4829599808673469,0.0033681441326530613,2,low,0,low,png,images/pre/55853f601cedef01.png,images/post/55853f601cedef01.png,images/dnbr/55853f601cedef01.png,geotiff/pre/55853f601cedef01.tif,geotiff/post/55853f601cedef01.tif,geotiff/dnbr/55853f601cedef01.tif
MCD64A1.A2019305.h23v04.061.2021309105851_r1894_c268,2019-11-10,2019,11,314,MCD64A1.A2019305.h23v04.061.2021309105851,68.90222894714442,42.10624999619539,28,7.0,224,10,deeca72514c38e85,neg,train,Asia,Kazakhstan,68.95190090224237,42.14300883682434,0,40,cropland,cropland,temperate,N,temperate_other,S2B_MSIL2A_20190927T061629_R034_T42TVM_20201004T174612,S2B_MSIL2A_20191116T062129_R034_T42TVM_20201003T170804,2019-09-27T06:16:29.024000Z,2019-11-16T06:21:29.024000Z,2019-09-27,2019-11-16,5.0,-44,6,0.090637,2.206635,1.0,1.0,0.00643762806430459,0.0066913035698235035,0.01135010551661253,-0.0008717863820493221,0.013745704665780067,0.02004394680261612,-0.04233439266681671,0.11237812787294388,1.0,7.971938775510203e-05,0.0,0.0,1,unburned_or_regrowth,-1,not_applicable,png,images/pre/deeca72514c38e85.png,images/post/deeca72514c38e85.png,images/dnbr/deeca72514c38e85.png,geotiff/pre/deeca72514c38e85.tif,geotiff/post/deeca72514c38e85.tif,geotiff/dnbr/deeca72514c38e85.tif
MCD64A1.A2019305.h30v09.061.2021309105906_r2120_c1037,2019-11-04,2019,11,308,MCD64A1.A2019305.h30v09.061.2021309105906,125.81589507356719,-8.835416665920835,11,2.75,224,10,70938de166c5c988,burn,train,Asia,East Timor,125.81868985513746,-8.83124999925454,1,10,tree_cover,forest,tropical,S,tropical_moist,S2A_MSIL2A_20191018T015021_R117_T51LZL_20201004T033214,S2B_MSIL2A_20191112T015619_R117_T51LZL_20201003T154652,2019-10-18T01:50:21.024000Z,2019-11-12T01:56:19.024000Z,2019-10-18,2019-11-12,5.97,-17,8,0.200175,0.360583,1.0,1.0,0.1759404093027115,0.17549434304237366,0.1666879653930664,0.03756316378712654,0.3136959969997406,0.3897714614868164,-0.30870071053504944,1.0402072668075562,1.0,0.606086575255102,0.3415377869897959,0.04201211734693878,2,low,0,low,png,images/pre/70938de166c5c988.png,images/post/70938de166c5c988.png,images/dnbr/70938de166c5c988.png,geotiff/pre/70938de166c5c988.tif,geotiff/post/70938de166c5c988.tif,geotiff/dnbr/70938de166c5c988.tif
MCD64A1.A2019305.h30v09.061.2021309105906_r2120_c1037,2019-11-04,2019,11,308,MCD64A1.A2019305.h30v09.061.2021309105906,125.81589507356719,-8.835416665920835,11,2.75,224,10,fb4a950ce73317ce,neg,train,Asia,East Timor,125.72669445101835,-8.834109126910345,0,10,tree_cover,forest,tropical,S,tropical_moist,S2A_MSIL2A_20191018T015021_R117_T51LYL_20201004T033212,S2A_MSIL2A_20191117T015621_R117_T51LYL_20201003T171612,2019-10-18T01:50:21.024000Z,2019-11-17T01:56:21.024000Z,2019-10-18,2019-11-17,6.0,-17,13,0.111113,1.718631,1.0,1.0,0.022502359002828598,0.018098294734954834,0.04053911194205284,-0.002174362540245056,0.04283355176448822,0.0669914186000824,-0.20177839696407318,0.5333889126777649,1.0,0.028519610969387755,0.0021723533163265306,0.00029894770408163266,1,unburned_or_regrowth,-1,not_applicable,png,images/pre/fb4a950ce73317ce.png,images/post/fb4a950ce73317ce.png,images/dnbr/fb4a950ce73317ce.png,geotiff/pre/fb4a950ce73317ce.tif,geotiff/post/fb4a950ce73317ce.tif,geotiff/dnbr/fb4a950ce73317ce.tif
MCD64A1.A2017152.h25v04.061.2021312130425_r244_c1435,2017-06-28,2017,6,179,MCD64A1.A2017152.h25v04.061.2021312130425,115.77107816991727,48.98124999558005,5603,1400.75,224,10,dde4247395572bef,burn,val,Asia,Mongolia,115.94793433425887,49.035416662241865,1,30,grassland,grassland_savanna,temperate,N,temperate_other,S2A_MSIL2A_20170531T031541_R118_T50UMV_20210209T192234,S2A_MSIL2A_20170703T032541_R018_T50UMV_20210210T040249,2017-05-31T03:15:41.026000Z,2017-07-03T03:25:41.026000Z,2017-05-31,2017-07-03,10.0,-28,5,1.132276,2.49255,1.0,1.0,0.28963199257850647,0.28776198625564575,0.03808941692113876,0.26872116327285767,0.310604453086853,0.33618059754371643,0.07649839669466019,0.4914902448654175,1.0,0.9995017538265306,0.7351124043367347,0.0013751594387755102,3,moderate,1,moderate,png,images/pre/dde4247395572bef.png,images/post/dde4247395572bef.png,images/dnbr/dde4247395572bef.png,geotiff/pre/dde4247395572bef.tif,geotiff/post/dde4247395572bef.tif,geotiff/dnbr/dde4247395572bef.tif
MCD64A1.A2017152.h25v04.061.2021312130425_r244_c1435,2017-06-28,2017,6,179,MCD64A1.A2017152.h25v04.061.2021312130425,115.77107816991727,48.98124999558005,5603,1400.75,224,10,28abe0df872a7808,neg,val,Asia,Mongolia,115.35070640224072,48.97699650373188,0,30,grassland,grassland_savanna,temperate,N,temperate_other,S2A_MSIL2A_20170620T031541_R118_T50ULV_20210210T001818,S2A_MSIL2A_20170710T031541_R118_T50ULV_20210210T065430,2017-06-20T03:15:41.026000Z,2017-07-10T03:15:41.026000Z,2017-06-20,2017-07-10,0.0,-8,12,1.03971,0.430695,0.9998405612244898,1.0,0.047161731868982315,0.04892689362168312,0.014890093356370926,0.037987008690834045,0.05776378512382507,0.06479202955961227,-0.04376073181629181,0.09248186647891998,0.9998405612244898,0.0,0.0,0.0,1,unburned_or_regrowth,-1,not_applicable,png,images/pre/28abe0df872a7808.png,images/post/28abe0df872a7808.png,images/dnbr/28abe0df872a7808.png,geotiff/pre/28abe0df872a7808.tif,geotiff/post/28abe0df872a7808.tif,geotiff/dnbr/28abe0df872a7808.tif
MCD64A1.A2019305.h23v04.061.2021309105851_r1476_c270,2019-11-15,2019,11,319,MCD64A1.A2019305.h23v04.061.2021309105851,70.89353966645504,43.84791666270616,11,2.75,224,10,03831739734e02e9,burn,train,Asia,Kazakhstan,70.89931722561451,43.84791666270616,1,30,grassland,grassland_savanna,temperate,N,temperate_other,S2A_MSIL2A_20191019T060851_R134_T42TXP_20201004T035458,S2B_MSIL2A_20191203T061219_R134_T42TXP_20201003T001534,2019-10-19T06:08:51.024000Z,2019-12-03T06:12:19.024000Z,2019-10-19,2019-12-03,3.47,-27,18,0.0133,10.613445,1.0,0.9818638392857143,0.40984928607940674,0.4359392523765564,0.4346587657928467,-0.04580037295818329,0.7652313113212585,0.9913185238838196,-0.7920508980751038,1.4698172807693481,0.9818638392857143,0.6421595982142857,0.5779456313775511,0.4886001275510204,3,moderate,1,moderate,png,images/pre/03831739734e02e9.png,images/post/03831739734e02e9.png,images/dnbr/03831739734e02e9.png,geotiff/pre/03831739734e02e9.tif,geotiff/post/03831739734e02e9.tif,geotiff/dnbr/03831739734e02e9.tif
MCD64A1.A2019305.h23v04.061.2021309105851_r1476_c270,2019-11-15,2019,11,319,MCD64A1.A2019305.h23v04.061.2021309105851,70.89353966645504,43.84791666270616,11,2.75,224,10,6b05c61409ff0325,neg,train,Asia,Kazakhstan,70.92714739685424,43.7928450810712,0,30,grassland,grassland_savanna,temperate,N,temperate_other,S2A_MSIL2A_20191019T060851_R134_T42TXP_20201004T035458,S2B_MSIL2A_20191203T061219_R134_T42TXP_20201003T001534,2019-10-19T06:08:51.024000Z,2019-12-03T06:12:19.024000Z,2019-10-19,2019-12-03,3.47,-27,18,0.0133,10.613445,0.9998405612244898,0.9994818239795918,-0.01750071905553341,-0.02488870359957218,0.04926195368170738,-0.047660090029239655,0.006009858101606369,0.038247961550951004,-0.30534636974334717,0.5353602766990662,0.9993223852040817,0.0254703443877551,0.0013352997448979591,9.964923469387755e-05,1,unburned_or_regrowth,-1,not_applicable,png,images/pre/6b05c61409ff0325.png,images/post/6b05c61409ff0325.png,images/dnbr/6b05c61409ff0325.png,geotiff/pre/6b05c61409ff0325.tif,geotiff/post/6b05c61409ff0325.tif,geotiff/dnbr/6b05c61409ff0325.tif
MCD64A1.A2017152.h22v04.061.2021312130154_r474_c1570,2017-06-27,2017,6,178,MCD64A1.A2017152.h22v04.061.2021312130154,69.58946102274197,48.02291666233249,6283,1570.75,224,10,0eedf0490a3098e0,burn,train,Asia,Kazakhstan,69.81845751690503,48.12291666232353,1,30,grassland,grassland_savanna,temperate,N,temperate_other,S2A_MSIL2A_20170607T062631_R077_T42UWU_20210209T210437,S2A_MSIL2A_20170704T061631_R034_T42UWU_20210210T042821,2017-06-07T06:26:31.026000Z,2017-07-04T06:16:31.026000Z,2017-06-07,2017-07-04,10.0,-20,7,1.077808,3.003942,1.0,1.0,0.33496221899986267,0.3131565451622009,0.09203080087900162,0.27004384994506836,0.3756336569786072,0.4604507088661194,0.11873865127563477,0.8270556926727295,1.0,1.0,0.7502790178571429,0.12420280612244898,3,moderate,1,moderate,png,images/pre/0eedf0490a3098e0.png,images/post/0eedf0490a3098e0.png,images/dnbr/0eedf0490a3098e0.png,geotiff/pre/0eedf0490a3098e0.tif,geotiff/post/0eedf0490a3098e0.tif,geotiff/dnbr/0eedf0490a3098e0.tif
MCD64A1.A2017152.h22v04.061.2021312130154_r474_c1570,2017-06-27,2017,6,178,MCD64A1.A2017152.h22v04.061.2021312130154,69.58946102274197,48.02291666233249,6283,1570.75,224,10,a26b9e321d739ac4,neg,train,Asia,Kazakhstan,68.87027355521964,47.63613504878213,0,30,grassland,grassland_savanna,temperate,N,temperate_other,S2A_MSIL2A_20170607T062631_R077_T42TVT_20210209T210437,S2A_MSIL2A_20170704T061631_R034_T42TVT_20210210T042807,2017-06-07T06:26:31.026000Z,2017-07-04T06:16:31.026000Z,2017-06-07,2017-07-04,10.0,-20,7,0.120073,0.050215,1.0,1.0,0.03280341997742653,0.03140340372920036,0.014605577103793621,0.02196962758898735,0.042086321860551834,0.051805369555950165,-0.039565809071063995,0.10585764795541763,1.0,9.964923469387755e-05,0.0,0.0,1,unburned_or_regrowth,-1,not_applicable,png,images/pre/a26b9e321d739ac4.png,images/post/a26b9e321d739ac4.png,images/dnbr/a26b9e321d739ac4.png,geotiff/pre/a26b9e321d739ac4.tif,geotiff/post/a26b9e321d739ac4.tif,geotiff/dnbr/a26b9e321d739ac4.tif
MCD64A1.A2017152.h23v03.061.2021312130252_r2340_c74,2017-06-20,2017,6,171,MCD64A1.A2017152.h23v03.061.2021312130252,78.67555324393658,50.24791666213334,1071,267.75,224,10,c42f8dd764cc4b43,burn,val,Asia,Kazakhstan,78.74283163999387,50.197916662137814,1,30,grassland,grassland_savanna,temperate,N,temperate_other,S2A_MSIL2A_20170526T054641_R048_T43UGR_20210209T181226,S2A_MSIL2A_20170705T054641_R048_T43UGR_20210210T045222,2017-05-26T05:46:41.026000Z,2017-07-05T05:46:41.026000Z,2017-05-26,2017-07-05,0.0,-25,15,0.169508,7.857801,1.0,0.9981664540816326,0.15314285457134247,0.16669327020645142,0.10717714577913284,0.07547547668218613,0.23493468761444092,0.27688494324684143,-0.25454190373420715,0.5278858542442322,0.9981664540816326,0.6879783163265306,0.11826371173469388,0.0024513711734693877,2,low,0,low,png,images/pre/c42f8dd764cc4b43.png,images/post/c42f8dd764cc4b43.png,images/dnbr/c42f8dd764cc4b43.png,geotiff/pre/c42f8dd764cc4b43.tif,geotiff/post/c42f8dd764cc4b43.tif,geotiff/dnbr/c42f8dd764cc4b43.tif
MCD64A1.A2017152.h23v03.061.2021312130252_r2340_c74,2017-06-20,2017,6,171,MCD64A1.A2017152.h23v03.061.2021312130252,78.67555324393658,50.24791666213334,1071,267.75,224,10,670203359836f395,neg,val,Asia,Kazakhstan,78.60173419648113,50.03597906076012,0,30,grassland,grassland_savanna,temperate,N,temperate_other,S2A_MSIL2A_20170526T054641_R048_T43UGR_20210209T181226,S2A_MSIL2A_20170725T054641_R048_T44ULA_20210210T140719,2017-05-26T05:46:41.026000Z,2017-07-25T05:46:41.026000Z,2017-05-26,2017-07-25,0.0,-25,35,0.169508,0.026579,1.0,1.0,-0.00011057053052354604,-0.0003115051658824086,0.036815494298934937,-0.022023791447281837,0.023492231965065002,0.04311620444059372,-0.3283845782279968,0.19674375653266907,1.0,0.007453762755102041,0.0,0.0,1,unburned_or_regrowth,-1,not_applicable,png,images/pre/670203359836f395.png,images/post/670203359836f395.png,images/dnbr/670203359836f395.png,geotiff/pre/670203359836f395.tif,geotiff/post/670203359836f395.tif,geotiff/dnbr/670203359836f395.tif
MCD64A1.A2019305.h20v05.061.2021309105836_r417_c2201,2019-11-06,2019,11,310,MCD64A1.A2019305.h20v05.061.2021309105836,37.15327884157946,38.260416663206264,4,1.0,224,10,8f5076a7eadf1b6b,burn,train,Asia,Turkey,37.158585315740915,38.260416663206264,1,40,cropland,cropland,temperate,N,temperate_other,S2B_MSIL2A_20191013T081859_R121_T37SCC_20201004T015634,S2B_MSIL2A_20191112T082109_R121_T37SCC_20201003T155045,2019-10-13T08:18:59.024000Z,2019-11-12T08:21:09.024000Z,2019-10-13,2019-11-12,2.17,-24,6,0.025713,0.051506,1.0,1.0,0.1787433624267578,0.16801375150680542,0.17526036500930786,0.05499328300356865,0.28321582078933716,0.3761526346206665,-0.4060437083244324,0.8737689256668091,1.0,0.6482780612244898,0.2789779974489796,0.07132892219387756,2,low,0,low,png,images/pre/8f5076a7eadf1b6b.png,images/post/8f5076a7eadf1b6b.png,images/dnbr/8f5076a7eadf1b6b.png,geotiff/pre/8f5076a7eadf1b6b.tif,geotiff/post/8f5076a7eadf1b6b.tif,geotiff/dnbr/8f5076a7eadf1b6b.tif
MCD64A1.A2019305.h20v05.061.2021309105836_r417_c2201,2019-11-06,2019,11,310,MCD64A1.A2019305.h20v05.061.2021309105836,37.15327884157946,38.260416663206264,4,1.0,224,10,6096d0e8b3bcbdab,neg,train,Asia,Turkey,37.17081209820709,38.33930032908427,0,40,cropland,cropland,temperate,N,temperate_other,S2B_MSIL2A_20191013T081859_R121_T37SCC_20201004T015634,S2B_MSIL2A_20191112T082109_R121_T37SCC_20201003T155045,2019-10-13T08:18:59.024000Z,2019-11-12T08:21:09.024000Z,2019-10-13,2019-11-12,2.17,-24,6,0.025713,0.051506,1.0,1.0,0.011632882989943027,0.008596744388341904,0.02239391766488552,-0.001799868419766426,0.022901099175214767,0.0383860245347023,-0.07841122150421143,0.17105871438980103,1.0,0.004723373724489796,0.0,0.0,1,unburned_or_regrowth,-1,not_applicable,png,images/pre/6096d0e8b3bcbdab.png,images/post/6096d0e8b3bcbdab.png,images/dnbr/6096d0e8b3bcbdab.png,geotiff/pre/6096d0e8b3bcbdab.tif,geotiff/post/6096d0e8b3bcbdab.tif,geotiff/dnbr/6096d0e8b3bcbdab.tif
MCD64A1.A2020245.h29v09.061.2021309112118_r612_c1124,2020-09-02,2020,9,246,MCD64A1.A2020245.h29v09.061.2021309112118,114.79927944075379,-2.5520833331498793,3,0.75,224,10,b57031f91734f2c7,burn,train,Asia,Indonesia,114.7951086373081,-2.5520833331498793,1,90,herbaceous_wetland,wetland,tropical,S,boreal_other,S2B_MSIL2A_20200813T022549_R046_T50MKC_20200815T011922,S2B_MSIL2A_20200912T022549_R046_T50MKC_20200918T144549,2020-08-13T02:25:49.024000Z,2020-09-12T02:25:49.024000Z,2020-08-13,2020-09-12,0.0,-20,10,4.722728,37.367783,1.0,0.9879623724489796,0.15988142788410187,0.1611335575580597,0.14154866337776184,0.0705052986741066,0.2306090146303177,0.3393821716308594,-0.28073859214782715,0.6737328767776489,0.9879623724489796,0.6805644132653061,0.16167091836734693,0.04645647321428571,2,low,0,low,png,images/pre/b57031f91734f2c7.png,images/post/b57031f91734f2c7.png,images/dnbr/b57031f91734f2c7.png,geotiff/pre/b57031f91734f2c7.tif,geotiff/post/b57031f91734f2c7.tif,geotiff/dnbr/b57031f91734f2c7.tif
MCD64A1.A2020245.h29v09.061.2021309112118_r612_c1124,2020-09-02,2020,9,246,MCD64A1.A2020245.h29v09.061.2021309112118,114.79927944075379,-2.5520833331498793,3,0.75,224,10,fc72847b94c42922,neg,train,Asia,Indonesia,114.75801839710824,-2.5772934098054576,0,90,herbaceous_wetland,wetland,tropical,S,boreal_other,S2B_MSIL2A_20200813T022549_R046_T50MKC_20200815T011922,S2B_MSIL2A_20200912T022549_R046_T50MKC_20200918T144549,2020-08-13T02:25:49.024000Z,2020-09-12T02:25:49.024000Z,2020-08-13,2020-09-12,0.0,-20,10,4.722728,37.367783,1.0,0.8927774234693877,-0.05284491181373596,-0.056399378925561905,0.07623102515935898,-0.10060768574476242,-0.013733956962823868,0.035249263048172,-0.5032949447631836,0.4896758794784546,0.8927774234693877,0.027383609693877552,0.003706951530612245,9.964923469387755e-05,1,unburned_or_regrowth,-1,not_applicable,png,images/pre/fc72847b94c42922.png,images/post/fc72847b94c42922.png,images/dnbr/fc72847b94c42922.png,geotiff/pre/fc72847b94c42922.tif,geotiff/post/fc72847b94c42922.tif,geotiff/dnbr/fc72847b94c42922.tif
MCD64A1.A2017305.h25v06.061.2021315120100_r637_c985,2017-11-14,2017,11,318,MCD64A1.A2017305.h25v06.061.2021315120100,83.42792228031226,27.343749997516674,114,28.5,224,10,e96b9c5b181841f8,burn,train,Asia,India,83.42019704677614,27.377083330847025,1,40,cropland,cropland,subtropical,N,subtropical,S2B_MSIL2A_20171102T045929_R119_T44RQR_20201014T180008,S2B_MSIL2A_20171122T050109_R119_T44RQR_20201014T213657,2017-11-02T04:59:29.027000Z,2017-11-22T05:01:09.027000Z,2017-11-02,2017-11-22,1.67,-12,8,2.192806,0.746225,1.0,0.9997608418367347,0.2838626801967621,0.31132909655570984,0.1945025622844696,0.11366595327854156,0.4381774663925171,0.5237421989440918,-0.5115774869918823,1.0486931800842285,0.9997608418367347,0.7725007971938775,0.5557836415816326,0.24565529336734693,3,moderate,1,moderate,png,images/pre/e96b9c5b181841f8.png,images/post/e96b9c5b181841f8.png,images/dnbr/e96b9c5b181841f8.png,geotiff/pre/e96b9c5b181841f8.tif,geotiff/post/e96b9c5b181841f8.tif,geotiff/dnbr/e96b9c5b181841f8.tif
MCD64A1.A2017305.h25v06.061.2021315120100_r637_c985,2017-11-14,2017,11,318,MCD64A1.A2017305.h25v06.061.2021315120100,83.42792228031226,27.343749997516674,114,28.5,224,10,166a19fd8c3a3473,neg,train,Asia,India,83.55026944423281,27.36630669089766,0,40,cropland,cropland,subtropical,N,subtropical,S2B_MSIL2A_20171102T045929_R119_T44RQR_20201014T180008,S2B_MSIL2A_20171122T050109_R119_T44RQR_20201014T213657,2017-11-02T04:59:29.027000Z,2017-11-22T05:01:09.027000Z,2017-11-02,2017-11-22,1.67,-12,8,2.192806,0.746225,1.0,1.0,-0.004582366906106472,-0.005311250686645508,0.016261747106909752,-0.01383998990058899,0.003364354372024536,0.012425810098648071,-0.13101205229759216,0.1422264575958252,1.0,0.0012157206632653062,0.0,0.0,1,unburned_or_regrowth,-1,not_applicable,png,images/pre/166a19fd8c3a3473.png,images/post/166a19fd8c3a3473.png,images/dnbr/166a19fd8c3a3473.png,geotiff/pre/166a19fd8c3a3473.tif,geotiff/post/166a19fd8c3a3473.tif,geotiff/dnbr/166a19fd8c3a3473.tif
MCD64A1.A2020245.h20v05.061.2021309112057_r506_c1200,2020-09-09,2020,9,253,MCD64A1.A2020245.h20v05.061.2021309112057,31.680458576780264,37.889583329906124,4,1.0,224,10,66183c3b4f55575f,burn,val,Asia,Turkey,31.675178940320528,37.889583329906124,1,40,cropland,cropland,temperate,N,temperate_other,S2A_MSIL2A_20200829T083611_R064_T36SUG_20200907T151320,S2A_MSIL2A_20200928T083741_R064_T36SUH_20200930T231759,2020-08-29T08:36:11.024000Z,2020-09-28T08:37:41.024000Z,2020-08-29,2020-09-28,1.5,-11,19,0.05005,0.177232,0.9997608418367347,1.0,0.18892130255699158,0.1935971975326538,0.12323962897062302,0.09155535697937012,0.2726791799068451,0.32694607973098755,-0.4077966809272766,0.7416058778762817,0.9997608418367347,0.723991549744898,0.26054288903061223,0.024533641581632654,2,low,0,low,png,images/pre/66183c3b4f55575f.png,images/post/66183c3b4f55575f.png,images/dnbr/66183c3b4f55575f.png,geotiff/pre/66183c3b4f55575f.tif,geotiff/post/66183c3b4f55575f.tif,geotiff/dnbr/66183c3b4f55575f.tif
MCD64A1.A2020245.h20v05.061.2021309112057_r506_c1200,2020-09-09,2020,9,253,MCD64A1.A2020245.h20v05.061.2021309112057,31.680458576780264,37.889583329906124,4,1.0,224,10,33b39fc62a086d39,neg,val,Asia,Turkey,31.692748614547916,37.94028207426083,0,40,cropland,cropland,temperate,N,temperate_other,S2B_MSIL2A_20200804T083609_R064_T36SUH_20201025T175902,S2A_MSIL2A_20200928T083741_R064_T36SUH_20200930T231759,2020-08-04T08:36:09.024000Z,2020-09-28T08:37:41.024000Z,2020-08-04,2020-09-28,1.53,-36,19,0.155438,0.177232,1.0,1.0,-0.009041232988238335,-0.009476050734519958,0.027487488463521004,-0.024313703179359436,0.005651738494634628,0.02266637235879898,-0.194379061460495,0.23105467855930328,1.0,0.00235172193877551,0.0,0.0,1,unburned_or_regrowth,-1,not_applicable,png,images/pre/33b39fc62a086d39.png,images/post/33b39fc62a086d39.png,images/dnbr/33b39fc62a086d39.png,geotiff/pre/33b39fc62a086d39.tif,geotiff/post/33b39fc62a086d39.tif,geotiff/dnbr/33b39fc62a086d39.tif
MCD64A1.A2017152.h25v04.061.2021312130425_r255_c1460,2017-06-29,2017,6,180,MCD64A1.A2017152.h25v04.061.2021312130425,115.82331834162079,48.935416662250816,4579,1144.75,224,10,60e38e67638ad701,burn,train,Asia,Mongolia,116.03172960362882,48.98958332891263,1,30,grassland,grassland_savanna,temperate,N,temperate_other,S2A_MSIL2A_20170531T031541_R118_T50UMV_20210209T192234,S2A_MSIL2A_20170710T031541_R118_T50UMV_20210210T065440,2017-05-31T03:15:41.026000Z,2017-07-10T03:15:41.026000Z,2017-05-31,2017-07-10,0.0,-29,11,1.132276,21.801364,1.0,1.0,0.20910251140594482,0.2039596140384674,0.03973093256354332,0.18283581733703613,0.22884038090705872,0.2597464323043823,0.07539615035057068,0.43902671337127686,1.0,0.9994818239795918,0.07447783801020408,0.0,2,low,0,low,png,images/pre/60e38e67638ad701.png,images/post/60e38e67638ad701.png,images/dnbr/60e38e67638ad701.png,geotiff/pre/60e38e67638ad701.tif,geotiff/post/60e38e67638ad701.tif,geotiff/dnbr/60e38e67638ad701.tif
MCD64A1.A2017152.h25v04.061.2021312130425_r255_c1460,2017-06-29,2017,6,180,MCD64A1.A2017152.h25v04.061.2021312130425,115.82331834162079,48.935416662250816,4579,1144.75,224,10,2a8971f80558e47a,neg,train,Asia,Mongolia,115.78745189142158,49.36353435196549,0,30,grassland,grassland_savanna,temperate,N,temperate_other,S2A_MSIL2A_20170531T031541_R118_T50UMV_20210209T192234,S2A_MSIL2A_20170730T031541_R118_T50UMV_20210210T163634,2017-05-31T03:15:41.026000Z,2017-07-30T03:15:41.026000Z,2017-05-31,2017-07-30,0.0,-29,31,1.132276,2.601033,1.0,0.998405612244898,-0.0165085531771183,0.016756687313318253,0.09159902483224869,-0.019629226997494698,0.03106914833188057,0.04612722992897034,-0.6012987494468689,0.2217448651790619,0.998405612244898,3.985969387755102e-05,0.0,0.0,1,unburned_or_regrowth,-1,not_applicable,png,images/pre/2a8971f80558e47a.png,images/post/2a8971f80558e47a.png,images/dnbr/2a8971f80558e47a.png,geotiff/pre/2a8971f80558e47a.tif,geotiff/post/2a8971f80558e47a.tif,geotiff/dnbr/2a8971f80558e47a.tif
MCD64A1.A2020214.h21v05.061.2021309111945_r1033_c1659,2020-08-24,2020,8,237,MCD64A1.A2020214.h21v05.061.2021309111945,45.45307106313666,35.69374999676932,44,11.0,224,10,2353cd335ba0d21c,burn,train,Asia,Iraq,45.45031525967677,35.69791666343561,1,30,grassland,grassland_savanna,temperate,N,temperate_other,S2A_MSIL2A_20200811T073621_R092_T38SNE_20200814T184231,S2B_MSIL2A_20200905T073619_R092_T38SNE_20200908T040950,2020-08-11T07:36:21.024000Z,2020-09-05T07:36:19.024000Z,2020-08-11,2020-09-05,0.03,-13,12,0.056025,0.053401,1.0,1.0,0.25294968485832214,0.24686339497566223,0.10561741143465042,0.18079860508441925,0.32011401653289795,0.3928411602973938,-0.05162586271762848,0.6519951820373535,1.0,0.9324577487244898,0.4158960459183674,0.048728475765306124,2,low,0,low,png,images/pre/2353cd335ba0d21c.png,images/post/2353cd335ba0d21c.png,images/dnbr/2353cd335ba0d21c.png,geotiff/pre/2353cd335ba0d21c.tif,geotiff/post/2353cd335ba0d21c.tif,geotiff/dnbr/2353cd335ba0d21c.tif
MCD64A1.A2020214.h21v05.061.2021309111945_r1033_c1659,2020-08-24,2020,8,237,MCD64A1.A2020214.h21v05.061.2021309111945,45.45307106313666,35.69374999676932,44,11.0,224,10,1df112b611cfc496,neg,train,Asia,Iraq,45.3864916993603,35.69548938847618,0,30,grassland,grassland_savanna,temperate,N,temperate_other,S2A_MSIL2A_20200811T073621_R092_T38SNE_20200814T184231,S2B_MSIL2A_20200925T073649_R092_T38SNE_20200926T232159,2020-08-11T07:36:21.024000Z,2020-09-25T07:36:49.024000Z,2020-08-11,2020-09-25,0.47,-13,32,0.056025,0.011964,0.9992028061224489,1.0,0.03291912376880646,0.031762294471263885,0.019184766337275505,0.0230366513133049,0.04129432141780853,0.051795728504657745,-0.07501673698425293,0.539696455001831,0.9992028061224489,0.004683514030612245,0.0005381058673469387,0.00015943877551020407,1,unburned_or_regrowth,-1,not_applicable,png,images/pre/1df112b611cfc496.png,images/post/1df112b611cfc496.png,images/dnbr/1df112b611cfc496.png,geotiff/pre/1df112b611cfc496.tif,geotiff/post/1df112b611cfc496.tif,geotiff/dnbr/1df112b611cfc496.tif
MCD64A1.A2020061.h27v07.061.2021309111323_r124_c1358,2020-03-02,2020,3,62,MCD64A1.A2020061.h27v07.061.2021309111323,101.46947525262836,19.48124999821993,4,1.0,224,10,493227ab26e1d673,burn,test,Asia,Laos,101.47128481747042,19.47708333155363,1,30,grassland,grassland_savanna,tropical,N,tropical_dry,S2B_MSIL2A_20200216T033829_R061_T47QQB_20200929T112555,S2A_MSIL2A_20200312T033531_R061_T47QQB_20201007T002101,2020-02-16T03:38:29.024000Z,2020-03-12T03:35:31.024000Z,2020-02-16,2020-03-12,2.97,-15,10,0.05528,0.059318,1.0,1.0,0.22969378530979156,0.19937628507614136,0.16352829337120056,0.08021201938390732,0.34340447187423706,0.46915489435195923,-0.07515326142311096,0.9058202505111694,1.0,0.6835339604591837,0.36648995535714285,0.1280891262755102,2,low,0,low,png,images/pre/493227ab26e1d673.png,images/post/493227ab26e1d673.png,images/dnbr/493227ab26e1d673.png,geotiff/pre/493227ab26e1d673.tif,geotiff/post/493227ab26e1d673.tif,geotiff/dnbr/493227ab26e1d673.tif
MCD64A1.A2020061.h27v07.061.2021309111323_r124_c1358,2020-03-02,2020,3,62,MCD64A1.A2020061.h27v07.061.2021309111323,101.46947525262836,19.48124999821993,4,1.0,224,10,70a9b327ed9af81f,neg,test,Asia,Laos,101.39427954046612,19.510265382342364,0,30,grassland,grassland_savanna,tropical,N,tropical_dry,S2B_MSIL2A_20200216T033829_R061_T47QQB_20200929T112555,S2A_MSIL2A_20200312T033531_R061_T47QQB_20201007T002101,2020-02-16T03:38:29.024000Z,2020-03-12T03:35:31.024000Z,2020-02-16,2020-03-12,2.97,-15,10,0.05528,0.059318,1.0,1.0,0.04878206178545952,0.046546876430511475,0.023966511711478233,0.03281131386756897,0.06237855553627014,0.07935304939746857,-0.08789905905723572,0.3038337826728821,1.0,0.02708466198979592,0.00011957908163265306,0.0,1,unburned_or_regrowth,-1,not_applicable,png,images/pre/70a9b327ed9af81f.png,images/post/70a9b327ed9af81f.png,images/dnbr/70a9b327ed9af81f.png,geotiff/pre/70a9b327ed9af81f.tif,geotiff/post/70a9b327ed9af81f.tif,geotiff/dnbr/70a9b327ed9af81f.tif
MCD64A1.A2017274.h21v03.061.2021312142019_r2210_c272,2017-10-03,2017,10,276,MCD64A1.A2017274.h21v03.061.2021312142019,49.25163759956409,50.789583328751526,106,26.5,224,10,b68c63a1e5625a79,burn,train,Asia,Kazakhstan,49.26920572340533,50.8062499954167,1,30,grassland,grassland_savanna,temperate,N,temperate_other,S2B_MSIL2A_20170924T074629_R135_T38UQB_20210202T091808,S2A_MSIL2A_20171009T074821_R135_T38UQB_20210202T155730,2017-09-24T07:46:29.027000Z,2017-10-09T07:48:21.026000Z,2017-09-24,2017-10-09,1.87,-9,6,0.017021,1.262517,1.0,1.0,0.2887454628944397,0.27950775623321533,0.09788880497217178,0.23205292224884033,0.3379984498023987,0.4237971007823944,-0.17549119889736176,0.7083174586296082,1.0,0.9743702168367347,0.5515186543367347,0.08077566964285714,3,moderate,1,moderate,png,images/pre/b68c63a1e5625a79.png,images/post/b68c63a1e5625a79.png,images/dnbr/b68c63a1e5625a79.png,geotiff/pre/b68c63a1e5625a79.tif,geotiff/post/b68c63a1e5625a79.tif,geotiff/dnbr/b68c63a1e5625a79.tif
MCD64A1.A2017274.h21v03.061.2021312142019_r2210_c272,2017-10-03,2017,10,276,MCD64A1.A2017274.h21v03.061.2021312142019,49.25163759956409,50.789583328751526,106,26.5,224,10,8e6c55bd81f379d0,neg,train,Asia,Kazakhstan,49.28283006021586,50.723194810375844,0,30,grassland,grassland_savanna,temperate,N,temperate_other,S2A_MSIL2A_20170820T074941_R135_T38UQB_20210201T061240,S2A_MSIL2A_20171009T074821_R135_T38UQB_20210202T155730,2017-08-20T07:49:41.026000Z,2017-10-09T07:48:21.026000Z,2017-08-20,2017-10-09,1.33,-44,6,0.012372,1.262517,1.0,1.0,-0.022099370136857033,-0.02497655525803566,0.02662883885204792,-0.03771764412522316,-0.011767289601266384,0.0035737240687012672,-0.2320312112569809,0.23932237923145294,1.0,0.006018813775510204,0.0,0.0,1,unburned_or_regrowth,-1,not_applicable,png,images/pre/8e6c55bd81f379d0.png,images/post/8e6c55bd81f379d0.png,images/dnbr/8e6c55bd81f379d0.png,geotiff/pre/8e6c55bd81f379d0.tif,geotiff/post/8e6c55bd81f379d0.tif,geotiff/dnbr/8e6c55bd81f379d0.tif
MCD64A1.A2017305.h20v05.061.2021315062549_r554_c1515,2017-11-23,2017,11,327,MCD64A1.A2017305.h20v05.061.2021315062549,33.25341776994081,37.68958332992402,40,10.0,224,10,42311d688509870c,burn,train,Asia,Turkey,33.2410194837599,37.685416663257726,1,40,cropland,cropland,temperate,N,temperate_other,S2A_MSIL2A_20171103T084121_R064_T36SWG_20201014T180641,S2A_MSIL2A_20171203T084321_R064_T36SWG_20201014T115223,2017-11-03T08:41:21.026000Z,2017-12-03T08:43:21.026000Z,2017-11-03,2017-12-03,2.0,-20,10,0.166719,2.006272,1.0,1.0,0.20103999972343445,0.16158704459667206,0.1370486170053482,0.11314000934362411,0.281823068857193,0.40939241647720337,-0.13995257019996643,0.8681714534759521,1.0,0.7964963329081632,0.2628547512755102,0.05532525510204082,2,low,0,low,png,images/pre/42311d688509870c.png,images/post/42311d688509870c.png,images/dnbr/42311d688509870c.png,geotiff/pre/42311d688509870c.tif,geotiff/post/42311d688509870c.tif,geotiff/dnbr/42311d688509870c.tif
MCD64A1.A2017305.h20v05.061.2021315062549_r554_c1515,2017-11-23,2017,11,327,MCD64A1.A2017305.h20v05.061.2021315062549,33.25341776994081,37.68958332992402,40,10.0,224,10,39019557ad920e06,neg,train,Asia,Turkey,33.17538319188304,37.77029355557332,0,40,cropland,cropland,temperate,N,temperate_other,S2A_MSIL2A_20171103T084121_R064_T36SWG_20201014T180641,S2A_MSIL2A_20180102T084341_R064_T36SWG_20201014T024605,2017-11-03T08:41:21.026000Z,2018-01-02T08:43:41.026000Z,2017-11-03,2018-01-02,2.33,-20,40,0.166719,0.361192,1.0,1.0,0.0300457701086998,0.03144752234220505,0.028887229040265083,0.009493114426732063,0.05070372298359871,0.06668812036514282,-0.10191309452056885,0.12757782638072968,1.0,0.003567442602040816,0.0,0.0,1,unburned_or_regrowth,-1,not_applicable,png,images/pre/39019557ad920e06.png,images/post/39019557ad920e06.png,images/dnbr/39019557ad920e06.png,geotiff/pre/39019557ad920e06.tif,geotiff/post/39019557ad920e06.tif,geotiff/dnbr/39019557ad920e06.tif
MCD64A1.A2020214.h21v05.061.2021309111945_r831_c1120,2020-08-30,2020,8,243,MCD64A1.A2020214.h21v05.061.2021309111945,43.147757995648305,36.53541666336066,65,16.25,224,10,6ddc9a5fd79b8f6d,burn,train,Asia,Iraq,43.13220084475754,36.53541666336066,1,40,cropland,cropland,temperate,N,temperate_other,S2B_MSIL2A_20200819T074619_R135_T38SLF_20200919T075952,S2B_MSIL2A_20200918T074619_R135_T38SLF_20200921T100045,2020-08-19T07:46:19.024000Z,2020-09-18T07:46:19.024000Z,2020-08-19,2020-09-18,0.0,-11,19,0.158032,0.119993,0.9992028061224489,0.9991230867346939,0.18542365729808807,0.21628811955451965,0.15623590350151062,0.01850847154855728,0.3185465335845947,0.38593199849128723,-0.14610490202903748,0.5792089104652405,0.9985650510204082,0.5974569515306123,0.38364955357142855,0.02766262755102041,2,low,0,low,png,images/pre/6ddc9a5fd79b8f6d.png,images/post/6ddc9a5fd79b8f6d.png,images/dnbr/6ddc9a5fd79b8f6d.png,geotiff/pre/6ddc9a5fd79b8f6d.tif,geotiff/post/6ddc9a5fd79b8f6d.tif,geotiff/dnbr/6ddc9a5fd79b8f6d.tif
MCD64A1.A2020214.h21v05.061.2021309111945_r831_c1120,2020-08-30,2020,8,243,MCD64A1.A2020214.h21v05.061.2021309111945,43.147757995648305,36.53541666336066,65,16.25,224,10,503f4591c23117dc,neg,train,Asia,Iraq,43.18080065708034,36.49462529679159,0,40,cropland,cropland,temperate,N,temperate_other,S2B_MSIL2A_20200819T074619_R135_T38SLF_20200919T075952,S2B_MSIL2A_20200928T074709_R135_T38SLF_20201001T005317,2020-08-19T07:46:19.024000Z,2020-09-28T07:47:09.024000Z,2020-08-19,2020-09-28,0.83,-11,29,0.158032,0.102525,1.0,0.9998405612244898,-0.0047127013094723225,-0.0013425648212432861,0.024717750027775764,-0.00825957115739584,0.004024490714073181,0.008528532460331917,-0.373647540807724,0.4743877053260803,0.9998405612244898,0.0007573341836734694,0.00027901785714285713,7.971938775510203e-05,1,unburned_or_regrowth,-1,not_applicable,png,images/pre/503f4591c23117dc.png,images/post/503f4591c23117dc.png,images/dnbr/503f4591c23117dc.png,geotiff/pre/503f4591c23117dc.tif,geotiff/post/503f4591c23117dc.tif,geotiff/dnbr/503f4591c23117dc.tif
MCD64A1.A2020245.h21v05.061.2021309112111_r425_c461,2020-09-23,2020,9,267,MCD64A1.A2020245.h21v05.061.2021309112111,40.6369141625619,38.22708332987591,22,5.5,224,10,cfd4b952ef5bc630,burn,test,Asia,Turkey,40.64221820408933,38.22708332987591,1,40,cropland,cropland,temperate,N,temperate_other,S2B_MSIL2A_20200904T080609_R078_T37SFC_20200908T013810,S2A_MSIL2A_20200929T080731_R078_T37SFC_20201001T154629,2020-09-04T08:06:09.024000Z,2020-09-29T08:07:31.024000Z,2020-09-04,2020-09-29,1.37,-19,6,0.02155,0.053052,0.9999202806122449,0.9998405612244898,0.19743067026138306,0.23053205013275146,0.15593230724334717,0.042858630418777466,0.301220566034317,0.3760248124599457,-0.21336834132671356,0.6801493167877197,0.9997608418367347,0.7071109693877551,0.35799984056122447,0.05006377551020408,2,low,0,low,png,images/pre/cfd4b952ef5bc630.png,images/post/cfd4b952ef5bc630.png,images/dnbr/cfd4b952ef5bc630.png,geotiff/pre/cfd4b952ef5bc630.tif,geotiff/post/cfd4b952ef5bc630.tif,geotiff/dnbr/cfd4b952ef5bc630.tif
MCD64A1.A2020245.h21v05.061.2021309112111_r425_c461,2020-09-23,2020,9,267,MCD64A1.A2020245.h21v05.061.2021309112111,40.6369141625619,38.22708332987591,22,5.5,224,10,52e4341da4b0c787,neg,test,Asia,Turkey,40.68456663659693,38.28361817265749,0,30,grassland,grassland_savanna,temperate,N,temperate_other,S2B_MSIL2A_20200815T080609_R078_T37SFC_20200818T110851,S2B_MSIL2A_20201024T081009_R078_T37SFC_20201029T150740,2020-08-15T08:06:09.024000Z,2020-10-24T08:10:09.024000Z,2020-08-15,2020-10-24,4.0,-39,31,0.020823,0.013483,1.0,1.0,-0.03205956891179085,-0.030910268425941467,0.04216141626238823,-0.05160846933722496,-0.011602841317653656,0.007044820114970207,-0.24876949191093445,0.3606009781360626,1.0,0.010184151785714286,0.0005978954081632653,0.0,1,unburned_or_regrowth,-1,not_applicable,png,images/pre/52e4341da4b0c787.png,images/post/52e4341da4b0c787.png,images/dnbr/52e4341da4b0c787.png,geotiff/pre/52e4341da4b0c787.tif,geotiff/post/52e4341da4b0c787.tif,geotiff/dnbr/52e4341da4b0c787.tif
MCD64A1.A2017182.h20v05.061.2021312132246_r910_c1536,2017-07-01,2017,7,182,MCD64A1.A2017182.h20v05.061.2021312132246,32.720557770169464,36.20624999672345,41,10.25,224,10,abf793bab61b0f97,burn,train,Asia,Turkey,32.72236345241757,36.22291666338863,1,30,grassland,grassland_savanna,temperate,N,temperate_other,S2A_MSIL2A_20170606T084021_R064_T36SVF_20210209T205312,S2B_MSIL2A_20170718T083009_R021_T36SVF_20210210T105519,2017-06-06T08:40:21.026000Z,2017-07-18T08:30:09.027000Z,2017-06-06,2017-07-18,10.2,-25,17,3.917182,0.152122,1.0,1.0,0.31180211901664734,0.29314643144607544,0.23842373490333557,0.0933074802160263,0.4725401997566223,0.6507501602172852,-0.16328880190849304,1.0905117988586426,1.0,0.7389987244897959,0.5278419961734694,0.29300860969387754,3,moderate,1,moderate,png,images/pre/abf793bab61b0f97.png,images/post/abf793bab61b0f97.png,images/dnbr/abf793bab61b0f97.png,geotiff/pre/abf793bab61b0f97.tif,geotiff/post/abf793bab61b0f97.tif,geotiff/dnbr/abf793bab61b0f97.tif
MCD64A1.A2017182.h20v05.061.2021312132246_r910_c1536,2017-07-01,2017,7,182,MCD64A1.A2017182.h20v05.061.2021312132246,32.720557770169464,36.20624999672345,41,10.25,224,10,db7b0a1be045d780,neg,train,Asia,Turkey,32.83825044125858,36.1624158823516,0,10,tree_cover,forest,temperate,N,temperate_forest,S2A_MSIL2A_20170606T084021_R064_T36SVF_20210209T205312,S2B_MSIL2A_20170731T084009_R064_T36SVF_20210210T173139,2017-06-06T08:40:21.026000Z,2017-07-31T08:40:09.027000Z,2017-06-06,2017-07-31,0.2,-25,30,3.917182,0.129574,1.0,1.0,0.0013227829476818442,-0.0007474496960639954,0.04126432538032532,-0.02602439373731613,0.02692636474967003,0.0525793731212616,-0.1781264841556549,0.3429020047187805,1.0,0.015465561224489796,9.964923469387755e-05,0.0,1,unburned_or_regrowth,-1,not_applicable,png,images/pre/db7b0a1be045d780.png,images/post/db7b0a1be045d780.png,images/dnbr/db7b0a1be045d780.png,geotiff/pre/db7b0a1be045d780.tif,geotiff/post/db7b0a1be045d780.tif,geotiff/dnbr/db7b0a1be045d780.tif
MCD64A1.A2020214.h28v07.061.2021309112005_r1040_c1038,2020-08-30,2020,8,243,MCD64A1.A2020214.h28v07.061.2021309112005,108.35138027507777,15.664583331891432,37,9.25,224,10,795070b20f1636e9,burn,train,Asia,Vietnam,108.34263522113274,15.656249998558836,1,40,cropland,cropland,tropical,N,boreal_other,S2A_MSIL2A_20200810T030551_R075_T49PBT_20201027T084649,S2A_MSIL2A_20200909T030551_R075_T49PBT_20200919T143733,2020-08-10T03:05:51.024000Z,2020-09-09T03:05:51.024000Z,2020-08-10,2020-09-09,0.0,-20,10,2.069867,10.476106,1.0,0.9996811224489796,0.21370144188404083,0.08239680528640747,0.30943962931632996,-0.041826240718364716,0.5291761755943298,0.6668336987495422,-0.44514527916908264,1.1165727376937866,0.9996811224489796,0.48515226403061223,0.3998923788265306,0.3116031568877551,2,low,0,low,png,images/pre/795070b20f1636e9.png,images/post/795070b20f1636e9.png,images/dnbr/795070b20f1636e9.png,geotiff/pre/795070b20f1636e9.tif,geotiff/post/795070b20f1636e9.tif,geotiff/dnbr/795070b20f1636e9.tif
MCD64A1.A2020214.h28v07.061.2021309112005_r1040_c1038,2020-08-30,2020,8,243,MCD64A1.A2020214.h28v07.061.2021309112005,108.35138027507777,15.664583331891432,37,9.25,224,10,d9886b6ef1f8f89a,neg,train,Asia,Vietnam,108.34470945846573,15.608342267456235,0,40,cropland,cropland,tropical,N,boreal_other,S2B_MSIL2A_20200716T030549_R075_T49PBT_20200816T085927,S2A_MSIL2A_20200909T030551_R075_T49PBT_20200919T143733,2020-07-16T03:05:49.024000Z,2020-09-09T03:05:51.024000Z,2020-07-16,2020-09-09,0.03,-45,10,0.239704,10.476106,1.0,0.9891980229591837,-0.04645676165819168,-0.02838614210486412,0.09872149676084518,-0.1005687266588211,0.011491522192955017,0.04002634808421135,-0.43941372632980347,0.6799452304840088,0.9891980229591837,0.02574936224489796,0.008370535714285714,0.0026307397959183672,1,unburned_or_regrowth,-1,not_applicable,png,images/pre/d9886b6ef1f8f89a.png,images/post/d9886b6ef1f8f89a.png,images/dnbr/d9886b6ef1f8f89a.png,geotiff/pre/d9886b6ef1f8f89a.tif,geotiff/post/d9886b6ef1f8f89a.tif,geotiff/dnbr/d9886b6ef1f8f89a.tif
MCD64A1.A2019335.h30v09.061.2021309110030_r831_c1591,2019-12-10,2019,12,344,MCD64A1.A2019335.h30v09.061.2021309110030,126.86311210190551,-3.464583333068208,7,1.75,224,10,44e96315732192ef,burn,train,Asia,Indonesia,126.85893780606287,-3.464583333068208,1,30,grassland,grassland_savanna,tropical,S,tropical_dry,S2A_MSIL2A_20191127T015621_R117_T52MBB_20201003T200641,S2A_MSIL2A_20191227T015621_R117_T52MBB_20201003T100416,2019-11-27T01:56:21.024000Z,2019-12-27T01:56:21.024000Z,2019-11-27,2019-12-27,0.0,-13,17,0.613757,20.167568,1.0,0.9745296556122449,0.17801237106323242,0.07156875729560852,0.2394312620162964,-0.004411861300468445,0.3779759407043457,0.5415957570075989,-0.31691575050354004,0.9586241245269775,0.9745296556122449,0.45601482780612246,0.3270886479591837,0.18474968112244897,2,low,0,low,png,images/pre/44e96315732192ef.png,images/post/44e96315732192ef.png,images/dnbr/44e96315732192ef.png,geotiff/pre/44e96315732192ef.tif,geotiff/post/44e96315732192ef.tif,geotiff/dnbr/44e96315732192ef.tif
MCD64A1.A2019335.h30v09.061.2021309110030_r831_c1591,2019-12-10,2019,12,344,MCD64A1.A2019335.h30v09.061.2021309110030,126.86311210190551,-3.464583333068208,7,1.75,224,10,2029f06bf94b8127,neg,train,Asia,Indonesia,126.88608372545623,-3.514477427795297,0,30,grassland,grassland_savanna,tropical,S,tropical_dry,S2A_MSIL2A_20191127T015621_R117_T52MBB_20201003T200641,S2A_MSIL2A_20200116T015621_R117_T52MBB_20201002T191421,2019-11-27T01:56:21.024000Z,2020-01-16T01:56:21.024000Z,2019-11-27,2020-01-16,0.0,-13,37,0.613757,12.6238,0.9939413265306123,0.9999202806122449,-0.14638753235340118,-0.13563217222690582,0.12810580432415009,-0.22655582427978516,-0.05165871977806091,-0.003262741956859827,-0.8556975722312927,0.5967271327972412,0.9939413265306123,0.013791454081632654,0.002730389030612245,0.00023915816326530612,1,unburned_or_regrowth,-1,not_applicable,png,images/pre/2029f06bf94b8127.png,images/post/2029f06bf94b8127.png,images/dnbr/2029f06bf94b8127.png,geotiff/pre/2029f06bf94b8127.tif,geotiff/post/2029f06bf94b8127.tif,geotiff/dnbr/2029f06bf94b8127.tif
MCD64A1.A2020061.h28v05.061.2021309111312_r404_c4,2020-03-17,2020,3,77,MCD64A1.A2020061.h28v05.061.2021309111312,127.47435593171029,38.31458332986808,15,3.75,224,10,dfe491e7205951a3,burn,train,Asia,North Korea,127.45311418854853,38.31458332986808,1,30,grassland,grassland_savanna,temperate,N,temperate_other,S2A_MSIL2A_20200308T021601_R003_T52SCH_20200930T115049,S2B_MSIL2A_20200323T021559_R003_T52SCH_20201015T144650,2020-03-08T02:16:01.024000Z,2020-03-23T02:15:59.024000Z,2020-03-08,2020-03-23,0.03,-9,6,2.557145,2.21852,1.0,1.0,0.15100423991680145,0.1298229992389679,0.12529301643371582,0.033523645251989365,0.2588605284690857,0.33128622174263,-0.13701090216636658,0.5197800397872925,1.0,0.5313895089285714,0.2239716198979592,0.0034478635204081634,2,low,0,low,png,images/pre/dfe491e7205951a3.png,images/post/dfe491e7205951a3.png,images/dnbr/dfe491e7205951a3.png,geotiff/pre/dfe491e7205951a3.tif,geotiff/post/dfe491e7205951a3.tif,geotiff/dnbr/dfe491e7205951a3.tif
MCD64A1.A2020061.h28v05.061.2021309111312_r404_c4,2020-03-17,2020,3,77,MCD64A1.A2020061.h28v05.061.2021309111312,127.47435593171029,38.31458332986808,15,3.75,224,10,c52d5e5b7713a065,neg,train,Asia,North Korea,127.38699257960111,38.26987175259244,0,30,grassland,grassland_savanna,temperate,N,temperate_other,S2A_MSIL2A_20200308T021601_R003_T52SCH_20200930T115049,S2B_MSIL2A_20200323T021559_R003_T52SCH_20201015T144650,2020-03-08T02:16:01.024000Z,2020-03-23T02:15:59.024000Z,2020-03-08,2020-03-23,0.03,-9,6,2.557145,2.21852,0.9970503826530612,0.9999202806122449,0.04320524260401726,0.04255642741918564,0.028794486075639725,0.025880880653858185,0.05975266918540001,0.07753307372331619,-0.1081877052783966,0.2724706828594208,0.9969706632653061,0.029356664540816327,1.992984693877551e-05,0.0,1,unburned_or_regrowth,-1,not_applicable,png,images/pre/c52d5e5b7713a065.png,images/post/c52d5e5b7713a065.png,images/dnbr/c52d5e5b7713a065.png,geotiff/pre/c52d5e5b7713a065.tif,geotiff/post/c52d5e5b7713a065.tif,geotiff/dnbr/c52d5e5b7713a065.tif
MCD64A1.A2017182.h21v03.061.2021312132349_r2330_c1170,2017-07-26,2017,7,207,MCD64A1.A2017182.h21v03.061.2021312132349,54.58861114990337,50.289583328796276,4228,1057.0,224,10,44689c2bb09d605d,burn,train,Asia,Kazakhstan,54.672569032600926,50.32291666212663,1,30,grassland,grassland_savanna,temperate,N,temperate_other,S2B_MSIL2A_20170717T071619_R006_T39UYR_20210210T102817,S2A_MSIL2A_20170811T072301_R006_T40UCA_20210210T224237,2017-07-17T07:16:19.027000Z,2017-08-11T07:23:01.026000Z,2017-07-17,2017-08-11,6.7,-9,16,2.345659,0.024165,1.0,1.0,0.19589293003082275,0.1857682168483734,0.06999245285987854,0.14666159451007843,0.23620867729187012,0.2901747226715088,-0.024385526776313782,0.5870361328125,1.0,0.9507134885204082,0.1451690051020408,0.003926179846938775,2,low,0,low,png,images/pre/44689c2bb09d605d.png,images/post/44689c2bb09d605d.png,images/dnbr/44689c2bb09d605d.png,geotiff/pre/44689c2bb09d605d.tif,geotiff/post/44689c2bb09d605d.tif,geotiff/dnbr/44689c2bb09d605d.tif
MCD64A1.A2017182.h21v03.061.2021312132349_r2330_c1170,2017-07-26,2017,7,207,MCD64A1.A2017182.h21v03.061.2021312132349,54.58861114990337,50.289583328796276,4228,1057.0,224,10,4d38f71b9af814cc,neg,train,Asia,Kazakhstan,54.01044524210317,50.04640653549702,0,30,grassland,grassland_savanna,temperate,N,temperate_other,S2B_MSIL2A_20170630T072949_R049_T39UYR_20210210T030555,S2B_MSIL2A_20170819T072609_R049_T39UYR_20201019T225913,2017-06-30T07:29:49.027000Z,2017-08-19T07:26:09.027000Z,2017-06-30,2017-08-19,3.67,-26,24,3.459438,0.04487,1.0,1.0,-0.017035773023962975,-0.018574150279164314,0.02361452765762806,-0.03303281217813492,-0.0031157881021499634,0.012198969721794128,-0.13767258822917938,0.1366102248430252,1.0,0.0004982461734693878,0.0,0.0,1,unburned_or_regrowth,-1,not_applicable,png,images/pre/4d38f71b9af814cc.png,images/post/4d38f71b9af814cc.png,images/dnbr/4d38f71b9af814cc.png,geotiff/pre/4d38f71b9af814cc.tif,geotiff/post/4d38f71b9af814cc.tif,geotiff/dnbr/4d38f71b9af814cc.tif
MCD64A1.A2017152.h25v04.061.2021312130425_r205_c1372,2017-06-28,2017,6,179,MCD64A1.A2017152.h25v04.061.2021312130425,115.74897375123408,49.1437499955655,1992,498.0,224,10,fb10bb3da20c002a,burn,train,Asia,Mongolia,115.76581340477291,49.23541666222397,1,30,grassland,grassland_savanna,temperate,N,temperate_other,S2A_MSIL2A_20170531T031541_R118_T50UMV_20210209T192234,S2A_MSIL2A_20170703T032541_R018_T50UMV_20210210T040249,2017-05-31T03:15:41.026000Z,2017-07-03T03:25:41.026000Z,2017-05-31,2017-07-03,10.0,-28,5,1.132276,2.49255,1.0,1.0,0.22924649715423584,0.23805314302444458,0.06757514923810959,0.21270765364170074,0.26024574041366577,0.280866801738739,-0.10308363288640976,0.6062794923782349,1.0,0.9485411352040817,0.16673309948979592,0.007314253826530612,2,low,0,low,png,images/pre/fb10bb3da20c002a.png,images/post/fb10bb3da20c002a.png,images/dnbr/fb10bb3da20c002a.png,geotiff/pre/fb10bb3da20c002a.tif,geotiff/post/fb10bb3da20c002a.tif,geotiff/dnbr/fb10bb3da20c002a.tif
MCD64A1.A2017152.h25v04.061.2021312130425_r205_c1372,2017-06-28,2017,6,179,MCD64A1.A2017152.h25v04.061.2021312130425,115.74897375123408,49.1437499955655,1992,498.0,224,10,b3c330f99b145ccd,neg,train,Asia,Mongolia,115.51587914804126,49.103893357893554,0,30,grassland,grassland_savanna,temperate,N,temperate_other,S2A_MSIL2A_20170620T031541_R118_T50ULV_20210210T001818,S2A_MSIL2A_20170710T031541_R118_T50ULV_20210210T065430,2017-06-20T03:15:41.026000Z,2017-07-10T03:15:41.026000Z,2017-06-20,2017-07-10,0.0,-8,12,1.03971,0.430695,0.9701849489795918,1.0,0.02377266250550747,0.024914678186178207,0.029472660273313522,0.015875473618507385,0.03470788151025772,0.04376254975795746,-0.6106089353561401,0.38916388154029846,0.9701849489795918,0.004842952806122449,0.0006576849489795918,0.0,1,unburned_or_regrowth,-1,not_applicable,png,images/pre/b3c330f99b145ccd.png,images/post/b3c330f99b145ccd.png,images/dnbr/b3c330f99b145ccd.png,geotiff/pre/b3c330f99b145ccd.tif,geotiff/post/b3c330f99b145ccd.tif,geotiff/dnbr/b3c330f99b145ccd.tif
MCD64A1.A2020061.h21v04.061.2021309111249_r1790_c171,2020-03-05,2020,3,65,MCD64A1.A2020061.h21v04.061.2021309111249,41.68586975752692,42.53958332948993,81,20.25,224,10,16696f665e2942f0,burn,train,Asia,Georgia,41.67474770254034,42.522916662824755,1,90,herbaceous_wetland,wetland,temperate,N,temperate_other,S2B_MSIL2A_20200217T080959_R078_T37TGH_20200929T163318,S2A_MSIL2A_20200310T075731_R035_T37TGH_20201005T053159,2020-02-17T08:09:59.024000Z,2020-03-10T07:57:31.024000Z,2020-02-17,2020-03-10,12.47,-17,5,12.694522,1.162706,1.0,1.0,0.16245046257972717,0.03741292655467987,0.2136085331439972,-0.010100576095283031,0.39182132482528687,0.4794790744781494,-0.2426154464483261,0.7002952694892883,1.0,0.4196827168367347,0.35702327806122447,0.17313058035714285,2,low,0,low,png,images/pre/16696f665e2942f0.png,images/post/16696f665e2942f0.png,images/dnbr/16696f665e2942f0.png,geotiff/pre/16696f665e2942f0.tif,geotiff/post/16696f665e2942f0.tif,geotiff/dnbr/16696f665e2942f0.tif
MCD64A1.A2020061.h21v04.061.2021309111249_r1790_c171,2020-03-05,2020,3,65,MCD64A1.A2020061.h21v04.061.2021309111249,41.68586975752692,42.53958332948993,81,20.25,224,10,9e694e09b943659f,neg,train,Asia,Georgia,41.76142094912926,42.5190356305892,0,10,tree_cover,forest,temperate,N,temperate_forest,S2B_MSIL2A_20200217T080959_R078_T37TGH_20200929T163318,S2A_MSIL2A_20200310T075731_R035_T37TGH_20201005T053159,2020-02-17T08:09:59.024000Z,2020-03-10T07:57:31.024000Z,2020-02-17,2020-03-10,12.47,-17,5,12.694522,1.162706,0.9983258928571429,1.0,-0.06110188364982605,-0.06135134398937225,0.06041094288229942,-0.09993241727352142,-0.021479832008481026,0.009978757239878178,-0.6073943376541138,0.7067815065383911,0.9983258928571429,0.004723373724489796,0.0009964923469387755,0.0005779655612244898,1,unburned_or_regrowth,-1,not_applicable,png,images/pre/9e694e09b943659f.png,images/post/9e694e09b943659f.png,images/dnbr/9e694e09b943659f.png,geotiff/pre/9e694e09b943659f.tif,geotiff/post/9e694e09b943659f.tif,geotiff/dnbr/9e694e09b943659f.tif
MCD64A1.A2020214.h21v05.061.2021309111945_r482_c474,2020-08-31,2020,8,244,MCD64A1.A2020214.h21v05.061.2021309111945,40.5737387157995,37.98958332989717,9,2.25,224,10,1416009a3c97d9a3,burn,train,Asia,Turkey,40.56777362110968,37.99791666322976,1,40,cropland,cropland,temperate,N,temperate_other,S2B_MSIL2A_20200805T080609_R078_T37SFC_20201025T060344,S2B_MSIL2A_20200914T080609_R078_T37SFC_20200919T185412,2020-08-05T08:06:09.024000Z,2020-09-14T08:06:09.024000Z,2020-08-05,2020-09-14,0.0,-26,14,0.017786,0.023602,1.0,1.0,0.18996641039848328,0.21001015603542328,0.14183519780635834,0.06327306479215622,0.3130723237991333,0.3669658303260803,-0.21339091658592224,0.5933868885040283,1.0,0.7158003826530612,0.3334861288265306,0.007114955357142857,2,low,0,low,png,images/pre/1416009a3c97d9a3.png,images/post/1416009a3c97d9a3.png,images/dnbr/1416009a3c97d9a3.png,geotiff/pre/1416009a3c97d9a3.tif,geotiff/post/1416009a3c97d9a3.tif,geotiff/dnbr/1416009a3c97d9a3.tif
MCD64A1.A2020214.h21v05.061.2021309111945_r482_c474,2020-08-31,2020,8,244,MCD64A1.A2020214.h21v05.061.2021309111945,40.5737387157995,37.98958332989717,9,2.25,224,10,1834b55d7927e0a6,neg,train,Asia,Turkey,40.55729749179697,37.94915183575554,0,40,cropland,cropland,temperate,N,temperate_other,S2B_MSIL2A_20200805T080609_R078_T37SFC_20201025T060344,S2B_MSIL2A_20200914T080609_R078_T37SFC_20200919T185412,2020-08-05T08:06:09.024000Z,2020-09-14T08:06:09.024000Z,2020-08-05,2020-09-14,0.0,-26,14,0.017786,0.023602,1.0,0.9999202806122449,-0.02269170805811882,-0.027825655415654182,0.028786197304725647,-0.03979380428791046,-0.01156739704310894,0.00799455028027296,-0.14992523193359375,0.4425160884857178,0.9999202806122449,0.00821109693877551,0.0002192283163265306,1.992984693877551e-05,1,unburned_or_regrowth,-1,not_applicable,png,images/pre/1834b55d7927e0a6.png,images/post/1834b55d7927e0a6.png,images/dnbr/1834b55d7927e0a6.png,geotiff/pre/1834b55d7927e0a6.tif,geotiff/post/1834b55d7927e0a6.tif,geotiff/dnbr/1834b55d7927e0a6.tif
MCD64A1.A2020032.h28v07.061.2021309111157_r1825_c153,2020-02-24,2020,2,55,MCD64A1.A2020032.h28v07.061.2021309111157,103.04087924540377,12.393749998847907,13,3.25,224,10,1ad6681ad12c7615,burn,train,Asia,Cambodia,103.04679235886243,12.397916665514204,1,30,grassland,grassland_savanna,tropical,N,tropical_dry,S2A_MSIL2A_20200208T032911_R018_T48PTU_20201001T080834,S2A_MSIL2A_20200309T032551_R018_T48PTU_20201003T025050,2020-02-08T03:29:11.024000Z,2020-03-09T03:25:51.024000Z,2020-02-08,2020-03-09,3.33,-16,14,12.101427,1.473572,0.9954161352040817,0.9958545918367347,0.2507082223892212,0.22857560217380524,0.17193755507469177,0.10579574108123779,0.36044085025787354,0.49154072999954224,-0.10842013359069824,0.9787952899932861,0.9912707270408163,0.7547433035714286,0.4092992665816326,0.14564732142857142,2,low,0,low,png,images/pre/1ad6681ad12c7615.png,images/post/1ad6681ad12c7615.png,images/dnbr/1ad6681ad12c7615.png,geotiff/pre/1ad6681ad12c7615.tif,geotiff/post/1ad6681ad12c7615.tif,geotiff/dnbr/1ad6681ad12c7615.tif
MCD64A1.A2020032.h28v07.061.2021309111157_r1825_c153,2020-02-24,2020,2,55,MCD64A1.A2020032.h28v07.061.2021309111157,103.04087924540377,12.393749998847907,13,3.25,224,10,954d44c08741578a,neg,train,Asia,Cambodia,102.94256554992242,12.419940787371868,0,30,grassland,grassland_savanna,tropical,N,tropical_dry,S2B_MSIL2A_20200114T033109_R018_T48PTU_20201002T183425,S2A_MSIL2A_20200309T032551_R018_T48PTU_20201003T025050,2020-01-14T03:31:09.024000Z,2020-03-09T03:25:51.024000Z,2020-01-14,2020-03-09,5.3,-41,14,2.592695,1.473572,1.0,1.0,0.03674430027604103,0.037132203578948975,0.025038916617631912,0.021621927618980408,0.05218304693698883,0.06721040606498718,-0.11181700229644775,0.1794905662536621,1.0,0.008131377551020409,0.0,0.0,1,unburned_or_regrowth,-1,not_applicable,png,images/pre/954d44c08741578a.png,images/post/954d44c08741578a.png,images/dnbr/954d44c08741578a.png,geotiff/pre/954d44c08741578a.tif,geotiff/post/954d44c08741578a.tif,geotiff/dnbr/954d44c08741578a.tif
MCD64A1.A2020214.h22v05.061.2021309111948_r454_c964,2020-08-11,2020,8,224,MCD64A1.A2020214.h22v05.061.2021309111948,55.94174152099643,38.106249996553395,86,21.5,224,10,e03474f74e000b50,burn,val,Asia,Turkmenistan,55.92266639455065,38.1020833298871,1,40,cropland,cropland,temperate,N,temperate_other,S2A_MSIL2A_20200802T070631_R106_T40SDH_20200815T202512,S2B_MSIL2A_20200827T070629_R106_T40SDH_20200907T100055,2020-08-02T07:06:31.024000Z,2020-08-27T07:06:29.024000Z,2020-08-02,2020-08-27,0.03,-9,16,0.006802,0.004809,1.0,1.0,0.2680109739303589,0.28313466906547546,0.17049725353717804,0.10670852661132812,0.398716002702713,0.4834526777267456,-0.1032140925526619,0.8124056458473206,1.0,0.7582110969387755,0.5260283801020408,0.16862643494897958,2,low,0,low,png,images/pre/e03474f74e000b50.png,images/post/e03474f74e000b50.png,images/dnbr/e03474f74e000b50.png,geotiff/pre/e03474f74e000b50.tif,geotiff/post/e03474f74e000b50.tif,geotiff/dnbr/e03474f74e000b50.tif
MCD64A1.A2020214.h22v05.061.2021309111948_r454_c964,2020-08-11,2020,8,224,MCD64A1.A2020214.h22v05.061.2021309111948,55.94174152099643,38.106249996553395,86,21.5,224,10,020df39cc7cf8f6d,neg,val,Asia,Turkmenistan,56.100588427837494,38.11963826506272,0,40,cropland,cropland,temperate,N,temperate_other,S2A_MSIL2A_20200802T070631_R106_T40SDH_20200815T202512,S2B_MSIL2A_20200827T070629_R106_T40SDH_20200907T100055,2020-08-02T07:06:31.024000Z,2020-08-27T07:06:29.024000Z,2020-08-02,2020-08-27,0.03,-9,16,0.006802,0.004809,1.0,1.0,0.036339279264211655,0.036437101662158966,0.028816014528274536,0.018936874344944954,0.054880790412425995,0.0718194842338562,-0.12679392099380493,0.18302032351493835,1.0,0.012914540816326531,0.0,0.0,1,unburned_or_regrowth,-1,not_applicable,png,images/pre/020df39cc7cf8f6d.png,images/post/020df39cc7cf8f6d.png,images/dnbr/020df39cc7cf8f6d.png,geotiff/pre/020df39cc7cf8f6d.tif,geotiff/post/020df39cc7cf8f6d.tif,geotiff/dnbr/020df39cc7cf8f6d.tif
MCD64A1.A2017152.h21v04.061.2021312130052_r714_c2377,2017-06-16,2017,6,167,MCD64A1.A2017152.h21v04.061.2021312130052,58.53881669960786,47.022916662421984,419,104.75,224,10,e1fd6cf198796562,burn,train,Asia,Kazakhstan,58.52955804276196,47.04791666241976,1,30,grassland,grassland_savanna,temperate,N,temperate_other,S2A_MSIL2A_20170606T065621_R063_T40TFT_20210209T205102,S2B_MSIL2A_20170704T071309_R106_T40TFT_20210210T044139,2017-06-06T06:56:21.026000Z,2017-07-04T07:13:09.027000Z,2017-06-06,2017-07-04,16.8,-10,18,0.352553,0.516165,1.0,1.0,0.1723775416612625,0.17510133981704712,0.03469377011060715,0.14879785478115082,0.19789919257164001,0.21473920345306396,0.03689758479595184,0.3243458569049835,1.0,0.9774992028061225,0.0010363520408163266,0.0,2,low,0,low,png,images/pre/e1fd6cf198796562.png,images/post/e1fd6cf198796562.png,images/dnbr/e1fd6cf198796562.png,geotiff/pre/e1fd6cf198796562.tif,geotiff/post/e1fd6cf198796562.tif,geotiff/dnbr/e1fd6cf198796562.tif
MCD64A1.A2017152.h21v04.061.2021312130052_r714_c2377,2017-06-16,2017,6,167,MCD64A1.A2017152.h21v04.061.2021312130052,58.53881669960786,47.022916662421984,419,104.75,224,10,4837d0ad2c448db5,neg,train,Asia,Kazakhstan,58.695946169729844,46.892793271746626,0,30,grassland,grassland_savanna,temperate,N,temperate_other,S2A_MSIL2A_20170530T070621_R106_T40TFS_20210209T191045,S2A_MSIL2A_20170729T070621_R106_T40TFS_20210210T160757,2017-05-30T07:06:21.026000Z,2017-07-29T07:06:21.026000Z,2017-05-30,2017-07-29,0.0,-17,43,0.32557,0.094343,1.0,1.0,0.04115448519587517,0.040682241320610046,0.016802823171019554,0.031360916793346405,0.05086164548993111,0.060858987271785736,-0.07694143056869507,0.14666152000427246,1.0,0.0029097576530612247,0.0,0.0,1,unburned_or_regrowth,-1,not_applicable,png,images/pre/4837d0ad2c448db5.png,images/post/4837d0ad2c448db5.png,images/dnbr/4837d0ad2c448db5.png,geotiff/pre/4837d0ad2c448db5.tif,geotiff/post/4837d0ad2c448db5.tif,geotiff/dnbr/4837d0ad2c448db5.tif
MCD64A1.A2017182.h23v04.061.2021312132551_r559_c605,2017-07-27,2017,7,208,MCD64A1.A2017182.h23v04.061.2021312132551,77.99477697346256,47.668749995697524,4306,1076.5,224,10,13417ade567f6e93,burn,train,Asia,Kazakhstan,78.06229324257666,47.6145833290357,1,30,grassland,grassland_savanna,temperate,N,temperate_other,S2A_MSIL2A_20170705T054641_R048_T43TGN_20210210T045216,S2B_MSIL2A_20170809T054639_R048_T43TGN_20210210T221059,2017-07-05T05:46:41.026000Z,2017-08-09T05:46:39.027000Z,2017-07-05,2017-08-09,0.03,-22,13,6.248433,0.030892,1.0,1.0,0.16897264122962952,0.15014638006687164,0.09080303460359573,0.11001367121934891,0.20459958910942078,0.28441092371940613,-0.051249850541353226,0.9752978682518005,1.0,0.8061224489795918,0.11702806122448979,0.01620296556122449,2,low,0,low,png,images/pre/13417ade567f6e93.png,images/post/13417ade567f6e93.png,images/dnbr/13417ade567f6e93.png,geotiff/pre/13417ade567f6e93.tif,geotiff/post/13417ade567f6e93.tif,geotiff/dnbr/13417ade567f6e93.tif
MCD64A1.A2017182.h23v04.061.2021312132551_r559_c605,2017-07-27,2017,7,208,MCD64A1.A2017182.h23v04.061.2021312132551,77.99477697346256,47.668749995697524,4306,1076.5,224,10,f46acb64d29590ee,neg,train,Asia,Kazakhstan,78.47602297339776,47.345677558386484,0,60,bare_sparse_vegetation,grassland_savanna,temperate,N,temperate_other,S2A_MSIL2A_20170702T053641_R005_T43TGN_20210210T034248,S2A_MSIL2A_20170831T053641_R005_T43TGN_20210201T153801,2017-07-02T05:36:41.026000Z,2017-08-31T05:36:41.026000Z,2017-07-02,2017-08-31,0.0,-25,35,0.848206,0.025608,0.9997608418367347,1.0,0.030398990958929062,0.03119755908846855,0.01585843414068222,0.020170552656054497,0.04151143878698349,0.05003054067492485,-0.06660941243171692,0.09449028968811035,0.9997608418367347,0.0,0.0,0.0,1,unburned_or_regrowth,-1,not_applicable,png,images/pre/f46acb64d29590ee.png,images/post/f46acb64d29590ee.png,images/dnbr/f46acb64d29590ee.png,geotiff/pre/f46acb64d29590ee.tif,geotiff/post/f46acb64d29590ee.tif,geotiff/dnbr/f46acb64d29590ee.tif
MCD64A1.A2020214.h21v05.061.2021309111945_r999_c1679,2020-08-03,2020,8,216,MCD64A1.A2020214.h21v05.061.2021309111945,45.636883860192164,35.83541666342331,151,37.75,224,10,5331c6fdb5cf50d7,burn,train,Asia,Iraq,45.652647560434474,35.82708333009072,1,10,tree_cover,forest,temperate,N,temperate_forest,S2A_MSIL2A_20200712T073621_R092_T38SNE_20200912T220020,S2A_MSIL2A_20200821T073621_R092_T38SNE_20200823T110919,2020-07-12T07:36:21.024000Z,2020-08-21T07:36:21.024000Z,2020-07-12,2020-08-21,0.0,-22,18,0.170739,0.025322,1.0,1.0,0.25050225853919983,0.2612021267414093,0.14249420166015625,0.16773468255996704,0.34434232115745544,0.4259888827800751,-0.08821003139019012,0.6790287494659424,1.0,0.8472576530612245,0.47140066964285715,0.08476163903061225,2,low,0,low,png,images/pre/5331c6fdb5cf50d7.png,images/post/5331c6fdb5cf50d7.png,images/dnbr/5331c6fdb5cf50d7.png,geotiff/pre/5331c6fdb5cf50d7.tif,geotiff/post/5331c6fdb5cf50d7.tif,geotiff/dnbr/5331c6fdb5cf50d7.tif
MCD64A1.A2020214.h21v05.061.2021309111945_r999_c1679,2020-08-03,2020,8,216,MCD64A1.A2020214.h21v05.061.2021309111945,45.636883860192164,35.83541666342331,151,37.75,224,10,82a1a0ef3b306c5b,neg,train,Asia,Iraq,45.49699324488832,35.78539395008502,0,10,tree_cover,forest,temperate,N,temperate_forest,S2B_MSIL2A_20200627T073619_R092_T38SNE_20200919T080430,S2A_MSIL2A_20200821T073621_R092_T38SNE_20200823T110919,2020-06-27T07:36:19.024000Z,2020-08-21T07:36:21.024000Z,2020-06-27,2020-08-21,0.03,-37,18,0.095212,0.025322,1.0,1.0,-0.03025463968515396,-0.03330638259649277,0.02579299733042717,-0.04667540267109871,-0.01721951924264431,0.002710975706577301,-0.28635942935943604,0.1728792041540146,1.0,0.00023915816326530612,0.0,0.0,1,unburned_or_regrowth,-1,not_applicable,png,images/pre/82a1a0ef3b306c5b.png,images/post/82a1a0ef3b306c5b.png,images/dnbr/82a1a0ef3b306c5b.png,geotiff/pre/82a1a0ef3b306c5b.tif,geotiff/post/82a1a0ef3b306c5b.tif,geotiff/dnbr/82a1a0ef3b306c5b.tif
MCD64A1.A2020061.h27v05.061.2021309111312_r665_c1623,2020-03-18,2020,3,78,MCD64A1.A2020061.h27v05.061.2021309111312,121.5262891426735,37.22708332996542,99,24.75,224,10,940bf5e8b3c4dc6f,burn,test,Asia,China,121.52855943903963,37.21874999663283,1,40,cropland,cropland,temperate,N,temperate_other,S2A_MSIL2A_20200223T023711_R089_T51SUB_20201029T220919,S2A_MSIL2A_20200403T023541_R089_T51SUB_20200924T190559,2020-02-23T02:37:11.024000Z,2020-04-03T02:35:41.024000Z,2020-02-23,2020-04-03,1.5,-24,16,0.655983,0.806825,0.9998405612244898,1.0,0.31559088826179504,0.28913062810897827,0.22204777598381042,0.14214356243610382,0.4683401584625244,0.6544609665870667,-0.26256221532821655,0.9728014469146729,0.9998405612244898,0.7978117028061225,0.5377471301020408,0.27694515306122447,3,moderate,1,moderate,png,images/pre/940bf5e8b3c4dc6f.png,images/post/940bf5e8b3c4dc6f.png,images/dnbr/940bf5e8b3c4dc6f.png,geotiff/pre/940bf5e8b3c4dc6f.tif,geotiff/post/940bf5e8b3c4dc6f.tif,geotiff/dnbr/940bf5e8b3c4dc6f.tif
MCD64A1.A2020061.h27v05.061.2021309111312_r665_c1623,2020-03-18,2020,3,78,MCD64A1.A2020061.h27v05.061.2021309111312,121.5262891426735,37.22708332996542,99,24.75,224,10,3c62d854f0b03cf9,neg,test,Asia,China,121.43865292457306,37.31180535991672,0,50,built_up,cropland,temperate,N,temperate_other,S2A_MSIL2A_20200223T023711_R089_T51SUB_20201029T220919,S2B_MSIL2A_20200428T023549_R089_T51SUB_20200922T112656,2020-02-23T02:37:11.024000Z,2020-04-28T02:35:49.024000Z,2020-02-23,2020-04-28,1.37,-24,41,0.655983,0.243655,0.998046875,0.9971301020408163,-0.036440666764974594,-0.029963135719299316,0.07507847994565964,-0.08188101649284363,0.016831349581480026,0.05187578499317169,-0.7134674787521362,0.24327799677848816,0.9952566964285714,0.013791454081632654,0.0,0.0,1,unburned_or_regrowth,-1,not_applicable,png,images/pre/3c62d854f0b03cf9.png,images/post/3c62d854f0b03cf9.png,images/dnbr/3c62d854f0b03cf9.png,geotiff/pre/3c62d854f0b03cf9.tif,geotiff/post/3c62d854f0b03cf9.tif,geotiff/dnbr/3c62d854f0b03cf9.tif
MCD64A1.A2017305.h29v09.061.2021315164403_r2284_c2041,2017-11-08,2017,11,312,MCD64A1.A2017305.h29v09.061.2021315164403,120.16067783316214,-9.518749999193009,5,1.25,224,10,2279ee75e386d078,burn,val,Asia,Indonesia,120.16067783316214,-9.518749999193009,1,30,grassland,grassland_savanna,tropical,S,tropical_dry,S2B_MSIL2A_20171019T021909_R060_T50LRQ_20201015T005639,S2A_MSIL2A_20171123T021341_R060_T50LRQ_20201014T214323,2017-10-19T02:19:09.027000Z,2017-11-23T02:13:41.026000Z,2017-10-19,2017-11-23,5.47,-20,15,1.27904,11.684065,1.0,1.0,0.17785212397575378,0.18361684679985046,0.07291607558727264,0.132080540060997,0.22717291116714478,0.2629930078983307,-0.13119661808013916,0.5438510775566101,1.0,0.8551698022959183,0.08169244260204081,0.00045838647959183676,2,low,0,low,png,images/pre/2279ee75e386d078.png,images/post/2279ee75e386d078.png,images/dnbr/2279ee75e386d078.png,geotiff/pre/2279ee75e386d078.tif,geotiff/post/2279ee75e386d078.tif,geotiff/dnbr/2279ee75e386d078.tif
MCD64A1.A2017305.h29v09.061.2021315164403_r2284_c2041,2017-11-08,2017,11,312,MCD64A1.A2017305.h29v09.061.2021315164403,120.16067783316214,-9.518749999193009,5,1.25,224,10,3444035f305db6ce,neg,val,Asia,Indonesia,120.08608574259476,-9.503644555620262,0,30,grassland,grassland_savanna,tropical,S,tropical_dry,S2B_MSIL2A_20171019T021909_R060_T50LRQ_20201015T005639,S2A_MSIL2A_20171213T021341_R060_T50LRQ_20201014T134516,2017-10-19T02:19:09.027000Z,2017-12-13T02:13:41.026000Z,2017-10-19,2017-12-13,5.47,-20,35,1.27904,8.175473,1.0,1.0,-0.03245159983634949,-0.031103111803531647,0.07899903506040573,-0.08397167176008224,0.027150310575962067,0.06607718765735626,-0.5111409425735474,0.2041778564453125,1.0,0.019690688775510203,0.0,0.0,1,unburned_or_regrowth,-1,not_applicable,png,images/pre/3444035f305db6ce.png,images/post/3444035f305db6ce.png,images/dnbr/3444035f305db6ce.png,geotiff/pre/3444035f305db6ce.tif,geotiff/post/3444035f305db6ce.tif,geotiff/dnbr/3444035f305db6ce.tif
MCD64A1.A2017182.h22v04.061.2021312132505_r743_c1263,2017-07-09,2017,7,190,MCD64A1.A2017182.h22v04.061.2021312132505,66.24920197320523,46.902083329099476,162,40.5,224,10,5edd63b21912c94d,burn,train,Asia,Kazakhstan,66.28727768295427,46.868749995769114,1,30,grassland,grassland_savanna,temperate,N,temperate_other,S2A_MSIL2A_20170627T062631_R077_T41TQN_20210210T020022,S2A_MSIL2A_20170727T063021_R077_T41TQN_20210210T150612,2017-06-27T06:26:31.026000Z,2017-07-27T06:30:21.026000Z,2017-06-27,2017-07-27,3.83,-12,18,5.106392,0.04887,0.9994419642857143,1.0,0.15688267350196838,0.16165892779827118,0.10904821008443832,0.05130919814109802,0.251740425825119,0.291598379611969,-0.23638610541820526,0.6843246221542358,0.9994419642857143,0.6015027104591837,0.17930883290816327,0.0049824617346938774,2,low,0,low,png,images/pre/5edd63b21912c94d.png,images/post/5edd63b21912c94d.png,images/dnbr/5edd63b21912c94d.png,geotiff/pre/5edd63b21912c94d.tif,geotiff/post/5edd63b21912c94d.tif,geotiff/dnbr/5edd63b21912c94d.tif
MCD64A1.A2017182.h22v04.061.2021312132505_r743_c1263,2017-07-09,2017,7,190,MCD64A1.A2017182.h22v04.061.2021312132505,66.24920197320523,46.902083329099476,162,40.5,224,10,1bffe436d3450e7a,neg,train,Asia,Kazakhstan,66.17819431425109,46.87603349787056,0,30,grassland,grassland_savanna,temperate,N,temperate_other,S2A_MSIL2A_20170607T062631_R077_T41TQN_20210209T210431,S2A_MSIL2A_20170819T063631_R120_T41TQN_20210201T052049,2017-06-07T06:26:31.026000Z,2017-08-19T06:36:31.026000Z,2017-06-07,2017-08-19,10.0,-32,41,0.088821,0.009423,1.0,1.0,0.016198327764868736,0.018567878752946854,0.021462200209498405,0.007276476826518774,0.02810722216963768,0.038486771285533905,-0.17372484505176544,0.11861488223075867,1.0,9.964923469387755e-05,0.0,0.0,1,unburned_or_regrowth,-1,not_applicable,png,images/pre/1bffe436d3450e7a.png,images/post/1bffe436d3450e7a.png,images/dnbr/1bffe436d3450e7a.png,geotiff/pre/1bffe436d3450e7a.tif,geotiff/post/1bffe436d3450e7a.tif,geotiff/dnbr/1bffe436d3450e7a.tif
MCD64A1.A2020245.h20v05.061.2021309112057_r620_c2244,2020-09-18,2020,9,262,MCD64A1.A2020245.h20v05.061.2021309112057,36.95525808579737,37.414583329948634,10,2.5,224,10,83edd0180cd19f54,burn,train,Asia,Turkey,36.95731410199439,37.41874999661493,1,40,cropland,cropland,temperate,N,temperate_other,S2B_MSIL2A_20200907T081609_R121_T37SCB_20200911T183855,S2B_MSIL2A_20200927T081719_R121_T37SCB_20200929T033148,2020-09-07T08:16:09.024000Z,2020-09-27T08:17:19.024000Z,2020-09-07,2020-09-27,1.17,-11,9,0.206181,0.255348,1.0,1.0,0.18189159035682678,0.17559978365898132,0.1432366967201233,0.06545957177877426,0.2969328761100769,0.3681197166442871,-0.5111976861953735,0.5842328071594238,1.0,0.6586814413265306,0.32386001275510207,0.017458545918367346,2,low,0,low,png,images/pre/83edd0180cd19f54.png,images/post/83edd0180cd19f54.png,images/dnbr/83edd0180cd19f54.png,geotiff/pre/83edd0180cd19f54.tif,geotiff/post/83edd0180cd19f54.tif,geotiff/dnbr/83edd0180cd19f54.tif
MCD64A1.A2020245.h20v05.061.2021309112057_r620_c2244,2020-09-18,2020,9,262,MCD64A1.A2020245.h20v05.061.2021309112057,36.95525808579737,37.414583329948634,10,2.5,224,10,459d3d762e6bb433,neg,train,Asia,Turkey,37.0641820854902,37.428284844982095,0,40,cropland,cropland,temperate,N,temperate_other,S2B_MSIL2A_20200907T081609_R121_T37SCB_20200911T183855,S2B_MSIL2A_20201017T081839_R121_T37SCB_20201027T140934,2020-09-07T08:16:09.024000Z,2020-10-17T08:18:39.024000Z,2020-09-07,2020-10-17,2.5,-11,29,0.206181,0.120935,0.9999202806122449,1.0,-0.037901103496551514,-0.03340940922498703,0.024739587679505348,-0.054667774587869644,-0.02014749124646187,-0.010112631134688854,-0.14678269624710083,0.08229106664657593,0.9999202806122449,0.0,0.0,0.0,1,unburned_or_regrowth,-1,not_applicable,png,images/pre/459d3d762e6bb433.png,images/post/459d3d762e6bb433.png,images/dnbr/459d3d762e6bb433.png,geotiff/pre/459d3d762e6bb433.tif,geotiff/post/459d3d762e6bb433.tif,geotiff/dnbr/459d3d762e6bb433.tif
MCD64A1.A2017152.h21v03.061.2021312130050_r1834_c1787,2017-06-26,2017,6,177,MCD64A1.A2017152.h21v03.061.2021312130050,61.314644099712964,52.35624999527797,25,6.25,224,10,db4c9d31d7edc560,burn,test,Asia,Kazakhstan,61.33511074030254,52.35624999527797,1,40,cropland,cropland,temperate,N,temperate_other,S2A_MSIL2A_20170606T065621_R063_T40UGD_20210209T205104,S2B_MSIL2A_20170704T071309_R106_T41ULU_20210210T044148,2017-06-06T06:56:21.026000Z,2017-07-04T07:13:09.027000Z,2017-06-06,2017-07-04,16.8,-20,8,14.171235,26.639517,0.9774792729591837,0.9980867346938775,0.26287561655044556,0.368689626455307,0.2638278603553772,0.1294257938861847,0.4433000683784485,0.5015667080879211,-0.5937883853912354,0.836637020111084,0.9755660076530612,0.7374641262755102,0.6785116390306123,0.25326849489795916,2,low,0,low,png,images/pre/db4c9d31d7edc560.png,images/post/db4c9d31d7edc560.png,images/dnbr/db4c9d31d7edc560.png,geotiff/pre/db4c9d31d7edc560.tif,geotiff/post/db4c9d31d7edc560.tif,geotiff/dnbr/db4c9d31d7edc560.tif
MCD64A1.A2017152.h21v03.061.2021312130050_r1834_c1787,2017-06-26,2017,6,177,MCD64A1.A2017152.h21v03.061.2021312130050,61.314644099712964,52.35624999527797,25,6.25,224,10,f00cd417d3661aa1,neg,test,Asia,Kazakhstan,61.237609513372256,52.32687346733797,0,40,cropland,cropland,temperate,N,temperate_other,S2A_MSIL2A_20170517T065631_R063_T41ULT_20210209T160603,S2A_MSIL2A_20170808T071311_R106_T41ULT_20210210T212513,2017-05-17T06:56:31.026000Z,2017-08-08T07:13:11.026000Z,2017-05-17,2017-08-08,16.67,-40,43,0.127311,0.557214,1.0,1.0,-0.3582780659198761,-0.3662770688533783,0.1080157458782196,-0.42543327808380127,-0.30497753620147705,-0.2510719895362854,-0.7228704690933228,0.2641568183898926,1.0,0.009705835459183673,0.0,0.0,1,unburned_or_regrowth,-1,not_applicable,png,images/pre/f00cd417d3661aa1.png,images/post/f00cd417d3661aa1.png,images/dnbr/f00cd417d3661aa1.png,geotiff/pre/f00cd417d3661aa1.tif,geotiff/post/f00cd417d3661aa1.tif,geotiff/dnbr/f00cd417d3661aa1.tif
MCD64A1.A2020245.h20v05.061.2021309112057_r632_c1855,2020-09-10,2020,9,254,MCD64A1.A2020245.h20v05.061.2021309112057,34.89129596432536,37.36458332995311,34,8.5,224,10,66fe01ebe834ae22,burn,train,Asia,Turkey,34.88024372251834,37.35208332995423,1,30,grassland,grassland_savanna,temperate,N,temperate_other,S2B_MSIL2A_20200831T082609_R021_T36SXG_20200919T061014,S2A_MSIL2A_20200915T082611_R021_T36SXG_20200918T103441,2020-08-31T08:26:09.024000Z,2020-09-15T08:26:11.024000Z,2020-08-31,2020-09-15,0.03,-10,5,0.174595,0.293901,1.0,1.0,0.18454651534557343,0.12605887651443481,0.2476891130208969,-0.00536821223795414,0.29403603076934814,0.5194569826126099,-0.41997846961021423,1.1961712837219238,1.0,0.5375279017857143,0.2821069834183674,0.1325733418367347,2,low,0,low,png,images/pre/66fe01ebe834ae22.png,images/post/66fe01ebe834ae22.png,images/dnbr/66fe01ebe834ae22.png,geotiff/pre/66fe01ebe834ae22.tif,geotiff/post/66fe01ebe834ae22.tif,geotiff/dnbr/66fe01ebe834ae22.tif
MCD64A1.A2020245.h20v05.061.2021309112057_r632_c1855,2020-09-10,2020,9,254,MCD64A1.A2020245.h20v05.061.2021309112057,34.89129596432536,37.36458332995311,34,8.5,224,10,f67c17932b8b47b0,neg,train,Asia,Turkey,34.81360273557916,37.3020029518499,0,30,grassland,grassland_savanna,temperate,N,temperate_other,S2B_MSIL2A_20200831T082609_R021_T36SXG_20200919T061014,S2A_MSIL2A_20201005T082821_R021_T36SXG_20201007T113841,2020-08-31T08:26:09.024000Z,2020-10-05T08:28:21.024000Z,2020-08-31,2020-10-05,2.2,-10,25,0.174595,0.189525,1.0,1.0,-0.05320306122303009,-0.05061847344040871,0.057385411113500595,-0.08676761388778687,-0.01777321845293045,0.013658978044986725,-0.36563870310783386,0.43873149156570435,1.0,0.006297831632653061,9.964923469387755e-05,0.0,1,unburned_or_regrowth,-1,not_applicable,png,images/pre/f67c17932b8b47b0.png,images/post/f67c17932b8b47b0.png,images/dnbr/f67c17932b8b47b0.png,geotiff/pre/f67c17932b8b47b0.tif,geotiff/post/f67c17932b8b47b0.tif,geotiff/dnbr/f67c17932b8b47b0.tif
MCD64A1.A2020245.h23v04.061.2021309112114_r1232_c30,2020-09-26,2020,9,270,MCD64A1.A2020245.h23v04.061.2021309112114,70.72344625642184,44.864583329281835,764,191.0,224,10,aecb504eeb8c0388,burn,train,Asia,Kazakhstan,70.85352774274193,44.86041666261554,1,30,grassland,grassland_savanna,temperate,N,temperate_other,S2A_MSIL2A_20200913T060641_R134_T42TXQ_20201101T162122,S2A_MSIL2A_20201013T060821_R134_T42TXQ_20201015T061218,2020-09-13T06:06:41.024000Z,2020-10-13T06:08:21.024000Z,2020-09-13,2020-10-13,1.67,-13,17,0.171715,0.620164,1.0,1.0,0.4207533597946167,0.4022218585014343,0.20674307644367218,0.25275638699531555,0.5656641721725464,0.7164868116378784,-0.047459445893764496,1.1137638092041016,1.0,0.9725366709183674,0.7208426339285714,0.43861607142857145,3,moderate,1,moderate,png,images/pre/aecb504eeb8c0388.png,images/post/aecb504eeb8c0388.png,images/dnbr/aecb504eeb8c0388.png,geotiff/pre/aecb504eeb8c0388.tif,geotiff/post/aecb504eeb8c0388.tif,geotiff/dnbr/aecb504eeb8c0388.tif
MCD64A1.A2020245.h23v04.061.2021309112114_r1232_c30,2020-09-26,2020,9,270,MCD64A1.A2020245.h23v04.061.2021309112114,70.72344625642184,44.864583329281835,764,191.0,224,10,b0c92fd572515cea,neg,train,Asia,Kazakhstan,70.76893237957884,44.64222725049322,0,20,shrubland,shrubland_chaparral,temperate,N,temperate_other,S2A_MSIL2A_20200913T060641_R134_T42TXQ_20201101T162122,S2B_MSIL2A_20201031T062009_R034_T42TXQ_20201102T114933,2020-09-13T06:06:41.024000Z,2020-10-31T06:20:09.024000Z,2020-09-13,2020-10-31,13.47,-13,35,0.171715,0.359805,1.0,1.0,-0.005143424496054649,-0.005269266664981842,0.02324182353913784,-0.020172875374555588,0.00940476730465889,0.023099593818187714,-0.11188089847564697,0.15391941368579865,1.0,0.0005181760204081633,0.0,0.0,1,unburned_or_regrowth,-1,not_applicable,png,images/pre/b0c92fd572515cea.png,images/post/b0c92fd572515cea.png,images/dnbr/b0c92fd572515cea.png,geotiff/pre/b0c92fd572515cea.tif,geotiff/post/b0c92fd572515cea.tif,geotiff/dnbr/b0c92fd572515cea.tif
MCD64A1.A2020061.h28v07.061.2021309111318_r2333_c834,2020-03-15,2020,3,75,MCD64A1.A2020061.h28v07.061.2021309111318,105.16428922887447,10.277083332368784,6350,1587.5,224,10,783c48c9a8835f58,burn,train,Asia,Vietnam,105.18838794319689,10.260416665703595,1,40,cropland,cropland,tropical,N,boreal_other,S2A_MSIL2A_20200225T031711_R118_T48PWS_20200928T061218,S2A_MSIL2A_20200326T031541_R118_T48PWS_20201027T103232,2020-02-25T03:17:11.024000Z,2020-03-26T03:15:41.024000Z,2020-02-25,2020-03-26,1.5,-19,11,0.60605,11.458376,0.9988042091836735,0.9993622448979592,0.45674458146095276,0.4828292727470398,0.26093122363090515,0.25480571389198303,0.6681554317474365,0.7722082734107971,-0.4566602110862732,1.1128324270248413,0.9983258928571429,0.8914022640306123,0.7235530931122449,0.5290178571428571,4,high,2,high,png,images/pre/783c48c9a8835f58.png,images/post/783c48c9a8835f58.png,images/dnbr/783c48c9a8835f58.png,geotiff/pre/783c48c9a8835f58.tif,geotiff/post/783c48c9a8835f58.tif,geotiff/dnbr/783c48c9a8835f58.tif
MCD64A1.A2020061.h28v07.061.2021309111318_r2333_c834,2020-03-15,2020,3,75,MCD64A1.A2020061.h28v07.061.2021309111318,105.16428922887447,10.277083332368784,6350,1587.5,224,10,4bb81c44e387f263,neg,train,Asia,Vietnam,104.69152909452717,9.704038181759532,0,80,permanent_water_bodies,cropland,tropical,N,boreal_other,S2A_MSIL2A_20200215T031821_R118_T48PVR_20201002T005936,S2B_MSIL2A_20200420T031539_R118_T48PVR_20200924T075630,2020-02-15T03:18:21.024000Z,2020-04-20T03:15:39.024000Z,2020-02-15,2020-04-20,2.7,-29,36,0.935229,0.163662,1.0,1.0,-0.06067727878689766,-0.06370575726032257,0.06124117970466614,-0.10176186263561249,-0.023582052439451218,0.017961623147130013,-0.29062092304229736,0.36340954899787903,1.0,0.010881696428571428,7.971938775510203e-05,0.0,1,unburned_or_regrowth,-1,not_applicable,png,images/pre/4bb81c44e387f263.png,images/post/4bb81c44e387f263.png,images/dnbr/4bb81c44e387f263.png,geotiff/pre/4bb81c44e387f263.tif,geotiff/post/4bb81c44e387f263.tif,geotiff/dnbr/4bb81c44e387f263.tif
MCD64A1.A2017274.h19v04.061.2021312141659_r2205_c2373,2017-10-04,2017,10,277,MCD64A1.A2017274.h19v04.061.2021312141659,26.278514334539793,40.810416662978035,3,0.75,224,10,1ade4b95bf05c8bc,burn,train,Asia,Turkey,26.278514334539793,40.810416662978035,1,40,cropland,cropland,temperate,N,temperate_other,S2B_MSIL2A_20170918T090609_R050_T35TMF_20210202T054439,S2A_MSIL2A_20171013T090921_R050_T35TMF_20201019T203643,2017-09-18T09:06:09.027000Z,2017-10-13T09:09:21.026000Z,2017-09-18,2017-10-13,3.2,-16,9,0.030087,0.041229,1.0,1.0,0.42430996894836426,0.4464452862739563,0.1080230325460434,0.3902590274810791,0.49089494347572327,0.5287151336669922,-0.06848523020744324,0.7280925512313843,1.0,0.9765226403061225,0.9118104272959183,0.5348573022959183,3,moderate,1,moderate,png,images/pre/1ade4b95bf05c8bc.png,images/post/1ade4b95bf05c8bc.png,images/dnbr/1ade4b95bf05c8bc.png,geotiff/pre/1ade4b95bf05c8bc.tif,geotiff/post/1ade4b95bf05c8bc.tif,geotiff/dnbr/1ade4b95bf05c8bc.tif
MCD64A1.A2017274.h19v04.061.2021312141659_r2205_c2373,2017-10-04,2017,10,277,MCD64A1.A2017274.h19v04.061.2021312141659,26.278514334539793,40.810416662978035,3,0.75,224,10,a49a7964d0db66d7,neg,train,Asia,Turkey,26.284054774636537,40.7476781725522,0,40,cropland,cropland,temperate,N,temperate_other,S2B_MSIL2A_20170918T090609_R050_T35TMF_20210202T054439,S2A_MSIL2A_20171013T090921_R050_T35TMF_20201019T203643,2017-09-18T09:06:09.027000Z,2017-10-13T09:09:21.026000Z,2017-09-18,2017-10-13,3.2,-16,9,0.030087,0.041229,1.0,1.0,-0.04476628080010414,-0.051156818866729736,0.038455672562122345,-0.06726323813199997,-0.03162948787212372,-0.0007083266973495483,-0.18063780665397644,0.3703823685646057,1.0,0.00510204081632653,0.0001793686224489796,0.0,1,unburned_or_regrowth,-1,not_applicable,png,images/pre/a49a7964d0db66d7.png,images/post/a49a7964d0db66d7.png,images/dnbr/a49a7964d0db66d7.png,geotiff/pre/a49a7964d0db66d7.tif,geotiff/post/a49a7964d0db66d7.tif,geotiff/dnbr/a49a7964d0db66d7.tif
MCD64A1.A2018091.h23v04.061.2021354082011_r514_c1670,2018-04-15,2018,4,105,MCD64A1.A2018091.h23v04.061.2021354082011,84.88973527458619,47.856249995680734,316,79.0,224,10,005fdc458d9e52cc,burn,train,Asia,Kazakhstan,84.90154194772016,47.85208332901444,1,30,grassland,grassland_savanna,temperate,N,temperate_other,S2A_MSIL2A_20180405T052651_R105_T44UQU_20201012T183009,S2A_MSIL2A_20180422T051651_R062_T44UQU_20201013T010956,2018-04-05T05:26:51.026000Z,2018-04-22T05:16:51.026000Z,2018-04-05,2018-04-22,10.0,-10,7,2.914602,1.548929,1.0,0.9940609056122449,0.2869700789451599,0.30650535225868225,0.16920480132102966,0.153136745095253,0.4245114028453827,0.4992973506450653,-0.2603493928909302,0.6576705574989319,0.9940609056122449,0.8154097576530612,0.5637555803571429,0.2152423469387755,3,moderate,1,moderate,png,images/pre/005fdc458d9e52cc.png,images/post/005fdc458d9e52cc.png,images/dnbr/005fdc458d9e52cc.png,geotiff/pre/005fdc458d9e52cc.tif,geotiff/post/005fdc458d9e52cc.tif,geotiff/dnbr/005fdc458d9e52cc.tif
MCD64A1.A2018091.h23v04.061.2021354082011_r514_c1670,2018-04-15,2018,4,105,MCD64A1.A2018091.h23v04.061.2021354082011,84.88973527458619,47.856249995680734,316,79.0,224,10,096c2b4369232bc7,neg,train,Asia,Kazakhstan,85.12228685279439,47.89737306180767,0,30,grassland,grassland_savanna,temperate,N,temperate_other,S2A_MSIL2A_20180405T052651_R105_T44UQU_20201012T183009,S2A_MSIL2A_20180522T051651_R062_T44UQU_20201012T125014,2018-04-05T05:26:51.026000Z,2018-05-22T05:16:51.024000Z,2018-04-05,2018-05-22,10.0,-10,37,2.914602,0.529392,1.0,0.9993622448979592,-0.05810028314590454,-0.05589793622493744,0.032848529517650604,-0.06698760390281677,-0.045488569885492325,-0.034212544560432434,-0.3819810450077057,0.5462149977684021,0.9993622448979592,0.0017338966836734694,0.0006178252551020409,0.00015943877551020407,1,unburned_or_regrowth,-1,not_applicable,png,images/pre/096c2b4369232bc7.png,images/post/096c2b4369232bc7.png,images/dnbr/096c2b4369232bc7.png,geotiff/pre/096c2b4369232bc7.tif,geotiff/post/096c2b4369232bc7.tif,geotiff/dnbr/096c2b4369232bc7.tif
MCD64A1.A2020245.h23v05.061.2021309112110_r2113_c729,2020-09-30,2020,9,274,MCD64A1.A2020245.h23v05.061.2021309112110,62.004086898538716,31.193749997172088,21,5.25,224,10,76e85ec9e167030c,burn,train,Asia,Afghanistan,62.00194618521859,31.19791666383838,1,40,cropland,cropland,subtropical,N,subtropical,S2B_MSIL2A_20200924T062629_R077_T41RMQ_20200926T140148,S2A_MSIL2A_20201019T062901_R077_T41RMQ_20201021T033900,2020-09-24T06:26:29.024000Z,2020-10-19T06:29:01.024000Z,2020-09-24,2020-10-19,2.53,-6,19,0.334106,0.344382,1.0,1.0,0.20197810232639313,0.26029789447784424,0.19580820202827454,-0.02948577329516411,0.37932151556015015,0.43745994567871094,-0.10240186750888824,0.5533236265182495,1.0,0.6190409757653061,0.4878427933673469,0.09408880739795919,2,low,0,low,png,images/pre/76e85ec9e167030c.png,images/post/76e85ec9e167030c.png,images/dnbr/76e85ec9e167030c.png,geotiff/pre/76e85ec9e167030c.tif,geotiff/post/76e85ec9e167030c.tif,geotiff/dnbr/76e85ec9e167030c.tif
MCD64A1.A2020245.h23v05.061.2021309112110_r2113_c729,2020-09-30,2020,9,274,MCD64A1.A2020245.h23v05.061.2021309112110,62.004086898538716,31.193749997172088,21,5.25,224,10,536b79b617d50352,neg,train,Asia,Afghanistan,62.069747363675674,31.16567960151385,0,40,cropland,cropland,subtropical,N,subtropical,S2B_MSIL2A_20200924T062629_R077_T41RMQ_20200926T140148,S2A_MSIL2A_20201019T062901_R077_T41RMQ_20201021T033900,2020-09-24T06:26:29.024000Z,2020-10-19T06:29:01.024000Z,2020-09-24,2020-10-19,2.53,-6,19,0.334106,0.344382,0.9953762755102041,0.9996014030612245,-0.01611344888806343,-0.018441442400217056,0.025101274251937866,-0.03305907920002937,-0.0021046120673418045,0.014679589308798313,-0.11684896796941757,0.21186122298240662,0.9950573979591837,0.002032844387755102,0.0,0.0,1,unburned_or_regrowth,-1,not_applicable,png,images/pre/536b79b617d50352.png,images/post/536b79b617d50352.png,images/dnbr/536b79b617d50352.png,geotiff/pre/536b79b617d50352.tif,geotiff/post/536b79b617d50352.tif,geotiff/dnbr/536b79b617d50352.tif
MCD64A1.A2017152.h22v04.061.2021312130154_r100_c615,2017-06-19,2017,6,170,MCD64A1.A2017152.h22v04.061.2021312130154,65.64869407307489,49.58124999552634,4859,1214.75,224,10,c33b16314edd24c5,burn,test,Asia,Kazakhstan,65.57767532773936,49.64791666218704,1,30,grassland,grassland_savanna,temperate,N,temperate_other,S2A_MSIL2A_20170531T063631_R120_T41UPR_20210209T192341,S2A_MSIL2A_20170703T064621_R020_T41UPR_20210210T040417,2017-05-31T06:36:31.026000Z,2017-07-03T06:46:21.026000Z,2017-05-31,2017-07-03,9.83,-19,14,2.943832,0.229115,1.0,1.0,0.1843075007200241,0.1927754282951355,0.05922083929181099,0.15534548461437225,0.21952801942825317,0.24321748316287994,-0.07266853004693985,0.6241154670715332,1.0,0.9090999681122449,0.04392538265306122,0.0002192283163265306,2,low,0,low,png,images/pre/c33b16314edd24c5.png,images/post/c33b16314edd24c5.png,images/dnbr/c33b16314edd24c5.png,geotiff/pre/c33b16314edd24c5.tif,geotiff/post/c33b16314edd24c5.tif,geotiff/dnbr/c33b16314edd24c5.tif
MCD64A1.A2017152.h22v04.061.2021312130154_r100_c615,2017-06-19,2017,6,170,MCD64A1.A2017152.h22v04.061.2021312130154,65.64869407307489,49.58124999552634,4859,1214.75,224,10,02baf0e7f018e578,neg,test,Asia,Kazakhstan,65.51231164261277,49.09032237226881,0,30,grassland,grassland_savanna,temperate,N,temperate_other,S2A_MSIL2A_20170531T063631_R120_T41UPQ_20210209T192338,S2A_MSIL2A_20170723T064631_R020_T41UPQ_20210210T130924,2017-05-31T06:36:31.026000Z,2017-07-23T06:46:31.026000Z,2017-05-31,2017-07-23,10.0,-19,34,0.29842,0.0976,0.9996811224489796,1.0,0.03750661760568619,0.035513680428266525,0.016539376229047775,0.026163190603256226,0.045987311750650406,0.05881687253713608,-0.043957456946372986,0.12060189247131348,0.9996811224489796,0.002849968112244898,0.0,0.0,1,unburned_or_regrowth,-1,not_applicable,png,images/pre/02baf0e7f018e578.png,images/post/02baf0e7f018e578.png,images/dnbr/02baf0e7f018e578.png,geotiff/pre/02baf0e7f018e578.tif,geotiff/post/02baf0e7f018e578.tif,geotiff/dnbr/02baf0e7f018e578.tif
MCD64A1.A2017274.h22v05.061.2021312161332_r1968_c343,2017-10-31,2017,10,304,MCD64A1.A2017274.h22v05.061.2021312161332,48.7477022999779,31.79791666378468,13,3.25,224,10,7f5969c3c6413009,burn,train,Asia,Iran,48.75750723833962,31.79791666378468,1,40,cropland,cropland,subtropical,N,subtropical,S2B_MSIL2A_20171018T072859_R049_T39STR_20201015T004308,S2B_MSIL2A_20171117T073149_R049_T39STR_20201014T203149,2017-10-18T07:28:59.027000Z,2017-11-17T07:31:49.027000Z,2017-10-18,2017-11-17,2.83,-13,17,0.050511,0.077976,1.0,0.9998405612244898,0.21273358166217804,0.09289298206567764,0.29259559512138367,-0.006053591147065163,0.5483265519142151,0.659568727016449,-0.2829395830631256,0.840016782283783,0.9998405612244898,0.4770607461734694,0.34375,0.30568399234693877,2,low,0,low,png,images/pre/7f5969c3c6413009.png,images/post/7f5969c3c6413009.png,images/dnbr/7f5969c3c6413009.png,geotiff/pre/7f5969c3c6413009.tif,geotiff/post/7f5969c3c6413009.tif,geotiff/dnbr/7f5969c3c6413009.tif
MCD64A1.A2017274.h22v05.061.2021312161332_r1968_c343,2017-10-31,2017,10,304,MCD64A1.A2017274.h22v05.061.2021312161332,48.7477022999779,31.79791666378468,13,3.25,224,10,71409924bddc71e8,neg,train,Asia,Iran,48.80615433661306,31.861678237861558,0,40,cropland,cropland,subtropical,N,subtropical,S2B_MSIL2A_20171018T072859_R049_T39STR_20201015T004308,S2B_MSIL2A_20171117T073149_R049_T39STR_20201014T203149,2017-10-18T07:28:59.027000Z,2017-11-17T07:31:49.027000Z,2017-10-18,2017-11-17,2.83,-13,17,0.050511,0.077976,1.0,1.0,0.014107500202953815,0.008830875158309937,0.01981189288198948,0.003065260127186775,0.01700749807059765,0.048517853021621704,-0.06546693295240402,0.13046066462993622,1.0,0.0004185267857142857,0.0,0.0,1,unburned_or_regrowth,-1,not_applicable,png,images/pre/71409924bddc71e8.png,images/post/71409924bddc71e8.png,images/dnbr/71409924bddc71e8.png,geotiff/pre/71409924bddc71e8.tif,geotiff/post/71409924bddc71e8.tif,geotiff/dnbr/71409924bddc71e8.tif
MCD64A1.A2020032.h27v08.061.2021309111147_r826_c2320,2020-02-02,2020,2,33,MCD64A1.A2020032.h27v08.061.2021309111147,100.32485044677796,6.556249999368229,4,1.0,224,10,e51313ff8b650e34,burn,val,Asia,Malaysia,100.32485044677796,6.556249999368229,1,10,tree_cover,forest,tropical,N,tropical_moist,S2B_MSIL2A_20200127T034019_R061_T47NPH_20201002T124344,S2B_MSIL2A_20200216T033829_R061_T47NPH_20200929T112455,2020-01-27T03:40:19.024000Z,2020-02-16T03:38:29.024000Z,2020-01-27,2020-02-16,1.83,-6,14,6.403837,12.663165,0.9641661352040817,1.0,0.15713255107402802,0.22505627572536469,0.2750059962272644,-0.027248360216617584,0.3656904697418213,0.44737181067466736,-1.2725580930709839,0.9024642109870911,0.9641661352040817,0.5991111288265306,0.4199816645408163,0.10524952168367346,2,low,0,low,png,images/pre/e51313ff8b650e34.png,images/post/e51313ff8b650e34.png,images/dnbr/e51313ff8b650e34.png,geotiff/pre/e51313ff8b650e34.tif,geotiff/post/e51313ff8b650e34.tif,geotiff/dnbr/e51313ff8b650e34.tif
MCD64A1.A2020032.h27v08.061.2021309111147_r826_c2320,2020-02-02,2020,2,33,MCD64A1.A2020032.h27v08.061.2021309111147,100.32485044677796,6.556249999368229,4,1.0,224,10,a17fa1065630027a,neg,val,Asia,Malaysia,100.37785067829297,6.529490399850796,0,10,tree_cover,forest,tropical,N,tropical_moist,S2B_MSIL2A_20200127T034019_R061_T47NPH_20201002T124344,S2B_MSIL2A_20200216T033829_R061_T47NPH_20200929T112455,2020-01-27T03:40:19.024000Z,2020-02-16T03:38:29.024000Z,2020-01-27,2020-02-16,1.83,-6,14,6.403837,12.663165,1.0,0.9630500637755102,-0.26339101791381836,-0.2993747591972351,0.15744060277938843,-0.38855117559432983,-0.1390700489282608,-0.01961706578731537,-0.6101831793785095,0.2014884352684021,0.9630500637755102,0.0014947385204081632,0.0,0.0,1,unburned_or_regrowth,-1,not_applicable,png,images/pre/a17fa1065630027a.png,images/post/a17fa1065630027a.png,images/dnbr/a17fa1065630027a.png,geotiff/pre/a17fa1065630027a.tif,geotiff/post/a17fa1065630027a.tif,geotiff/dnbr/a17fa1065630027a.tif
MCD64A1.A2017152.h25v04.061.2021312130425_r547_c2385,2017-06-28,2017,6,179,MCD64A1.A2017152.h25v04.061.2021312130425,118.82148695514864,47.718749995693045,317,79.25,224,10,8b0f3be05f99c38f,burn,val,Asia,Mongolia,118.84167958239064,47.68958332902899,1,30,grassland,grassland_savanna,temperate,N,temperate_other,S2A_MSIL2A_20170614T025541_R032_T50TPT_20210209T224735,S2B_MSIL2A_20170712T030539_R075_T50TPT_20210210T075518,2017-06-14T02:55:41.026000Z,2017-07-12T03:05:39.027000Z,2017-06-14,2017-07-12,9.97,-14,14,0.003988,3.111834,0.9793526785714286,1.0,0.2644919455051422,0.2539989650249481,0.09679106622934341,0.1929609179496765,0.32519662380218506,0.3915724456310272,0.04046592116355896,0.8907066583633423,0.9793526785714286,0.9658003826530612,0.4247448979591837,0.04528061224489796,2,low,0,low,png,images/pre/8b0f3be05f99c38f.png,images/post/8b0f3be05f99c38f.png,images/dnbr/8b0f3be05f99c38f.png,geotiff/pre/8b0f3be05f99c38f.tif,geotiff/post/8b0f3be05f99c38f.tif,geotiff/dnbr/8b0f3be05f99c38f.tif
MCD64A1.A2017152.h25v04.061.2021312130425_r547_c2385,2017-06-28,2017,6,179,MCD64A1.A2017152.h25v04.061.2021312130425,118.82148695514864,47.718749995693045,317,79.25,224,10,754e7d7082f5422e,neg,val,Asia,Mongolia,118.95073465732791,47.8284671570576,0,30,grassland,grassland_savanna,temperate,N,temperate_other,S2A_MSIL2A_20170614T025541_R032_T50UPU_20210209T224736,S2A_MSIL2A_20170724T025551_R032_T50TPT_20210210T133605,2017-06-14T02:55:41.026000Z,2017-07-24T02:55:51.026000Z,2017-06-14,2017-07-24,0.17,-14,26,0.047324,0.255747,1.0,0.9285714285714286,0.01909845508635044,0.018025852739810944,0.01669677346944809,0.00862668827176094,0.028724025934934616,0.03962305560708046,-0.07119880616664886,0.10761747509241104,0.9285714285714286,0.00015943877551020407,0.0,0.0,1,unburned_or_regrowth,-1,not_applicable,png,images/pre/754e7d7082f5422e.png,images/post/754e7d7082f5422e.png,images/dnbr/754e7d7082f5422e.png,geotiff/pre/754e7d7082f5422e.tif,geotiff/post/754e7d7082f5422e.tif,geotiff/dnbr/754e7d7082f5422e.tif
MCD64A1.A2020061.h27v07.061.2021309111323_r672_c905,2020-03-25,2020,3,85,MCD64A1.A2020061.h27v07.061.2021309111323,98.16181856250127,17.197916665088904,54,13.5,224,10,cba4bc95d257a715,burn,train,Asia,Myanmar,98.15303939581126,17.18958333175631,1,10,tree_cover,forest,tropical,N,tropical_moist,S2A_MSIL2A_20200308T035611_R004_T47QMV_20200930T101720,S2B_MSIL2A_20200402T035539_R004_T47QMV_20200924T173114,2020-03-08T03:56:11.024000Z,2020-04-02T03:55:39.024000Z,2020-03-08,2020-04-02,0.53,-17,8,0.000412,0.002957,1.0,1.0,0.1552457958459854,0.14593198895454407,0.09590951353311539,0.08405861258506775,0.2198757529258728,0.28930482268333435,-0.1843176633119583,0.6234540343284607,1.0,0.6884367028061225,0.13526387117346939,0.001175860969387755,2,low,0,low,png,images/pre/cba4bc95d257a715.png,images/post/cba4bc95d257a715.png,images/dnbr/cba4bc95d257a715.png,geotiff/pre/cba4bc95d257a715.tif,geotiff/post/cba4bc95d257a715.tif,geotiff/dnbr/cba4bc95d257a715.tif
MCD64A1.A2020061.h27v07.061.2021309111323_r672_c905,2020-03-25,2020,3,85,MCD64A1.A2020061.h27v07.061.2021309111323,98.16181856250127,17.197916665088904,54,13.5,224,10,003eb06be1cce01f,neg,train,Asia,Myanmar,98.1312138307378,17.07344409856085,0,10,tree_cover,forest,tropical,N,tropical_moist,S2A_MSIL2A_20200308T035611_R004_T47QMU_20200930T101959,S2B_MSIL2A_20200402T035539_R004_T47QMU_20200924T173114,2020-03-08T03:56:11.024000Z,2020-04-02T03:55:39.024000Z,2020-03-08,2020-04-02,0.53,-17,8,0.020031,0.019087,1.0,1.0,0.03681214153766632,0.03147733211517334,0.029947908595204353,0.01852494478225708,0.04934801161289215,0.07141964137554169,-0.1838735193014145,0.46429941058158875,1.0,0.026745854591836735,0.0013153698979591836,3.985969387755102e-05,1,unburned_or_regrowth,-1,not_applicable,png,images/pre/003eb06be1cce01f.png,images/post/003eb06be1cce01f.png,images/dnbr/003eb06be1cce01f.png,geotiff/pre/003eb06be1cce01f.tif,geotiff/post/003eb06be1cce01f.tif,geotiff/dnbr/003eb06be1cce01f.tif
MCD64A1.A2020245.h22v03.061.2021309112116_r2090_c634,2020-09-02,2020,9,246,MCD64A1.A2020245.h22v03.061.2021309112116,68.18804718162203,51.28958332870677,751,187.75,224,10,0ac21b872ab4ceef,burn,train,Asia,Kazakhstan,68.21564378607226,51.28124999537419,1,30,grassland,grassland_savanna,temperate,N,temperate_other,S2A_MSIL2A_20200803T063631_R120_T42UVB_20200909T005624,S2B_MSIL2A_20200914T062629_R077_T42UVB_20200919T191845,2020-08-03T06:36:31.024000Z,2020-09-14T06:26:29.024000Z,2020-08-03,2020-09-14,10.03,-30,12,0.005002,0.007933,1.0,1.0,0.298166960477829,0.28881925344467163,0.09889860451221466,0.22852179408073425,0.3676636219024658,0.43493688106536865,0.021054087206721306,0.636035680770874,1.0,0.9820232780612245,0.5734614158163265,0.09193638392857142,3,moderate,1,moderate,png,images/pre/0ac21b872ab4ceef.png,images/post/0ac21b872ab4ceef.png,images/dnbr/0ac21b872ab4ceef.png,geotiff/pre/0ac21b872ab4ceef.tif,geotiff/post/0ac21b872ab4ceef.tif,geotiff/dnbr/0ac21b872ab4ceef.tif
MCD64A1.A2020245.h22v03.061.2021309112116_r2090_c634,2020-09-02,2020,9,246,MCD64A1.A2020245.h22v03.061.2021309112116,68.18804718162203,51.28958332870677,751,187.75,224,10,ae2913d81ee31319,neg,train,Asia,Kazakhstan,68.21070599374328,51.38146672441759,0,30,grassland,grassland_savanna,temperate,N,temperate_other,S2A_MSIL2A_20200803T063631_R120_T42UVC_20200815T232650,S2B_MSIL2A_20200914T062629_R077_T42UVC_20200919T191837,2020-08-03T06:36:31.024000Z,2020-09-14T06:26:29.024000Z,2020-08-03,2020-09-14,10.03,-30,12,0.00149,0.000576,1.0,1.0,-0.0010604221606627107,0.02323921024799347,0.07022469490766525,-0.03449289873242378,0.04926479607820511,0.06222384423017502,-0.34059643745422363,0.3095689117908478,1.0,0.0062380420918367345,1.992984693877551e-05,0.0,1,unburned_or_regrowth,-1,not_applicable,png,images/pre/ae2913d81ee31319.png,images/post/ae2913d81ee31319.png,images/dnbr/ae2913d81ee31319.png,geotiff/pre/ae2913d81ee31319.tif,geotiff/post/ae2913d81ee31319.tif,geotiff/dnbr/ae2913d81ee31319.tif
MCD64A1.A2020061.h29v08.061.2021309111309_r1074_c1222,2020-03-24,2020,3,84,MCD64A1.A2020061.h29v08.061.2021309111309,115.63053198801018,5.522916666127381,60,15.0,224,10,bcf420928e3b4268,burn,train,Asia,Malaysia,115.62553315085397,5.518749999461088,1,20,shrubland,shrubland_chaparral,tropical,N,tropical_dry,S2B_MSIL2A_20200316T022549_R046_T50NLM_20201010T100112,S2B_MSIL2A_20200405T022549_R046_T50NLM_20200925T031138,2020-03-16T02:25:49.024000Z,2020-04-05T02:25:49.024000Z,2020-03-16,2020-04-05,0.0,-8,12,0.303067,4.903729,1.0,1.0,0.46076473593711853,0.2540138363838196,0.39944782853126526,0.08520352840423584,0.8760653734207153,0.9799190759658813,-0.5450542569160461,1.190425992012024,1.0,0.7420878507653061,0.4909717793367347,0.46249202806122447,4,high,2,high,png,images/pre/bcf420928e3b4268.png,images/post/bcf420928e3b4268.png,images/dnbr/bcf420928e3b4268.png,geotiff/pre/bcf420928e3b4268.tif,geotiff/post/bcf420928e3b4268.tif,geotiff/dnbr/bcf420928e3b4268.tif
MCD64A1.A2020061.h29v08.061.2021309111309_r1074_c1222,2020-03-24,2020,3,84,MCD64A1.A2020061.h29v08.061.2021309111309,115.63053198801018,5.522916666127381,60,15.0,224,10,9410320bde8aba0b,neg,train,Asia,Malaysia,115.6470609527422,5.411521877553591,0,20,shrubland,shrubland_chaparral,tropical,N,tropical_dry,S2B_MSIL2A_20200316T022549_R046_T50NLM_20201010T100112,S2B_MSIL2A_20200405T022549_R046_T50NLM_20200925T031138,2020-03-16T02:25:49.024000Z,2020-04-05T02:25:49.024000Z,2020-03-16,2020-04-05,0.0,-8,12,0.303067,4.903729,1.0,1.0,-0.002517198445275426,0.0037903785705566406,0.04219414293766022,-0.01578514277935028,0.014746665954589844,0.0252077579498291,-0.3719402253627777,0.3167324662208557,1.0,0.017239317602040817,0.0009367028061224489,0.0,1,unburned_or_regrowth,-1,not_applicable,png,images/pre/9410320bde8aba0b.png,images/post/9410320bde8aba0b.png,images/dnbr/9410320bde8aba0b.png,geotiff/pre/9410320bde8aba0b.tif,geotiff/post/9410320bde8aba0b.tif,geotiff/dnbr/9410320bde8aba0b.tif
MCD64A1.A2019335.h26v06.061.2021309110019_r648_c1581,2019-12-27,2019,12,361,MCD64A1.A2019335.h26v06.061.2021309110019,97.44123248423969,27.297916664187444,9,2.25,224,10,354ae5aa4ff64c3f,burn,train,Asia,Myanmar,97.43654363923409,27.297916664187444,1,30,grassland,grassland_savanna,subtropical,N,subtropical,S2B_MSIL2A_20191207T041139_R047_T47RLL_20201003T015609,S2A_MSIL2A_20200111T041131_R047_T47RLL_20201002T165049,2019-12-07T04:11:39.024000Z,2020-01-11T04:11:31.024000Z,2019-12-07,2020-01-11,0.13,-20,15,0.897676,6.291938,1.0,1.0,0.2577934265136719,0.17810207605361938,0.17701564729213715,0.1202668845653534,0.4428294897079468,0.51288902759552,-0.13891327381134033,0.8344312906265259,1.0,0.8061224489795918,0.4075255102040816,0.25418526785714285,2,low,0,low,png,images/pre/354ae5aa4ff64c3f.png,images/post/354ae5aa4ff64c3f.png,images/dnbr/354ae5aa4ff64c3f.png,geotiff/pre/354ae5aa4ff64c3f.tif,geotiff/post/354ae5aa4ff64c3f.tif,geotiff/dnbr/354ae5aa4ff64c3f.tif
MCD64A1.A2019335.h26v06.061.2021309110019_r648_c1581,2019-12-27,2019,12,361,MCD64A1.A2019335.h26v06.061.2021309110019,97.44123248423969,27.297916664187444,9,2.25,224,10,81c002ed07201236,neg,train,Asia,Myanmar,97.4025395809955,27.2297790076683,0,10,tree_cover,forest,subtropical,N,subtropical,S2B_MSIL2A_20191207T041139_R047_T47RLL_20201003T015609,S2B_MSIL2A_20200126T041039_R047_T47RLL_20201002T114030,2019-12-07T04:11:39.024000Z,2020-01-26T04:10:39.024000Z,2019-12-07,2020-01-26,1.0,-20,30,0.897676,3.582713,1.0,1.0,0.0123134171590209,0.008336812257766724,0.03738425299525261,-0.0018699169158935547,0.01913142204284668,0.03270557522773743,-0.1363714337348938,0.625291645526886,1.0,0.017737563775510203,0.004743303571428571,0.0014947385204081632,1,unburned_or_regrowth,-1,not_applicable,png,images/pre/81c002ed07201236.png,images/post/81c002ed07201236.png,images/dnbr/81c002ed07201236.png,geotiff/pre/81c002ed07201236.tif,geotiff/post/81c002ed07201236.tif,geotiff/dnbr/81c002ed07201236.tif
MCD64A1.A2017305.h22v04.061.2021315084415_r1141_c1338,2017-11-01,2017,11,305,MCD64A1.A2017305.h22v04.061.2021315084415,64.73169850117397,45.24374999591456,52,13.0,224,10,8eb3d91aa4ff670b,burn,train,Asia,Kazakhstan,64.7281888512328,45.25624999591344,1,90,herbaceous_wetland,wetland,temperate,N,temperate_other,S2A_MSIL2A_20171008T064011_R120_T41TPL_20210202T153422,S2A_MSIL2A_20171107T064051_R120_T41TPL_20201014T183747,2017-10-08T06:40:11.026000Z,2017-11-07T06:40:51.026000Z,2017-10-08,2017-11-07,0.67,-24,6,2.473618,0.963157,1.0,1.0,0.6546092629432678,0.8144004344940186,0.34706372022628784,0.41514623165130615,0.9152767658233643,0.980689287185669,-0.0997704565525055,1.2732932567596436,1.0,0.8291613520408163,0.7995854591836735,0.7404336734693877,4,high,2,high,png,images/pre/8eb3d91aa4ff670b.png,images/post/8eb3d91aa4ff670b.png,images/dnbr/8eb3d91aa4ff670b.png,geotiff/pre/8eb3d91aa4ff670b.tif,geotiff/post/8eb3d91aa4ff670b.tif,geotiff/dnbr/8eb3d91aa4ff670b.tif
MCD64A1.A2017305.h22v04.061.2021315084415_r1141_c1338,2017-11-01,2017,11,305,MCD64A1.A2017305.h22v04.061.2021315084415,64.73169850117397,45.24374999591456,52,13.0,224,10,34eba6ae687220d6,neg,train,Asia,Kazakhstan,64.77393440952686,45.30800718501481,0,30,grassland,grassland_savanna,temperate,N,temperate_other,S2B_MSIL2A_20170923T063609_R120_T41TPL_20210202T084201,S2A_MSIL2A_20171107T064051_R120_T41TPL_20201014T183747,2017-09-23T06:36:09.027000Z,2017-11-07T06:40:51.026000Z,2017-09-23,2017-11-07,4.7,-39,6,1.317,0.963157,0.9997608418367347,0.9999202806122449,0.002377775264903903,-0.0008770618587732315,0.023954546079039574,-0.0143497409299016,0.016000062227249146,0.03365180641412735,-0.07028475403785706,0.14955982565879822,0.9996811224489796,0.0013950892857142857,0.0,0.0,1,unburned_or_regrowth,-1,not_applicable,png,images/pre/34eba6ae687220d6.png,images/post/34eba6ae687220d6.png,images/dnbr/34eba6ae687220d6.png,geotiff/pre/34eba6ae687220d6.tif,geotiff/post/34eba6ae687220d6.tif,geotiff/dnbr/34eba6ae687220d6.tif
MCD64A1.A2017274.h22v04.061.2021312153530_r1132_c867,2017-10-21,2017,10,294,MCD64A1.A2017274.h22v04.061.2021312153530,61.98535070337342,45.28124999591121,7,1.75,224,10,0da2366b6a82af5f,burn,train,Asia,Kazakhstan,61.98853448049076,45.2895833292438,1,90,herbaceous_wetland,wetland,temperate,N,temperate_other,S2A_MSIL2A_20170921T064621_R020_T41TML_20210202T071620,S2A_MSIL2A_20171031T065021_R020_T41TML_20201015T032104,2017-09-21T06:46:21.026000Z,2017-10-31T06:50:21.026000Z,2017-09-21,2017-10-31,4.0,-30,10,0.696375,2.102787,0.9990433673469388,0.9708227040816326,0.19194535911083221,0.3226892054080963,0.27238714694976807,-0.0009562503546476364,0.3757118284702301,0.4003923833370209,-1.1113320589065552,0.47846728563308716,0.9699457908163265,0.642936862244898,0.5447225765306123,0.003288424744897959,2,low,0,low,png,images/pre/0da2366b6a82af5f.png,images/post/0da2366b6a82af5f.png,images/dnbr/0da2366b6a82af5f.png,geotiff/pre/0da2366b6a82af5f.tif,geotiff/post/0da2366b6a82af5f.tif,geotiff/dnbr/0da2366b6a82af5f.tif
MCD64A1.A2017274.h22v04.061.2021312153530_r1132_c867,2017-10-21,2017,10,294,MCD64A1.A2017274.h22v04.061.2021312153530,61.98535070337342,45.28124999591121,7,1.75,224,10,7235670620e6899d,neg,train,Asia,Kazakhstan,61.930446002704535,45.331121998196885,0,90,herbaceous_wetland,wetland,temperate,N,temperate_other,S2B_MSIL2A_20170916T064619_R020_T41TML_20210202T040950,S2A_MSIL2A_20171031T065021_R020_T41TML_20201015T032104,2017-09-16T06:46:19.027000Z,2017-10-31T06:50:21.026000Z,2017-09-16,2017-10-31,4.03,-35,10,0.384657,2.102787,0.9997608418367347,0.9996811224489796,-0.03533296287059784,-0.0377129502594471,0.018121765926480293,-0.047858379781246185,-0.025216858834028244,-0.011208745650947094,-0.1049136146903038,0.0821613073348999,0.9994419642857143,0.0,0.0,0.0,1,unburned_or_regrowth,-1,not_applicable,png,images/pre/7235670620e6899d.png,images/post/7235670620e6899d.png,images/dnbr/7235670620e6899d.png,geotiff/pre/7235670620e6899d.tif,geotiff/post/7235670620e6899d.tif,geotiff/dnbr/7235670620e6899d.tif
MCD64A1.A2020245.h22v03.061.2021309112116_r1556_c684,2020-09-16,2020,9,260,MCD64A1.A2020245.h22v03.061.2021309112116,72.06655617753943,53.51458332850763,227,56.75,224,10,8b894c3a32d915e4,burn,train,Asia,Kazakhstan,72.04553428356962,53.51458332850763,1,30,grassland,grassland_savanna,temperate,N,temperate_other,S2A_MSIL2A_20200830T062631_R077_T42UXE_20200907T182116,S2B_MSIL2A_20200921T061629_R034_T42UXE_20201028T020842,2020-08-30T06:26:31.024000Z,2020-09-21T06:16:29.024000Z,2020-08-30,2020-09-21,10.03,-17,5,0.241406,0.572022,1.0,0.9992825255102041,0.2511439323425293,0.232045978307724,0.14970934391021729,0.18186233937740326,0.31814461946487427,0.45383280515670776,-0.11697976291179657,0.8515838384628296,0.9992825255102041,0.8763552295918368,0.3602917729591837,0.10925542091836735,2,low,0,low,png,images/pre/8b894c3a32d915e4.png,images/post/8b894c3a32d915e4.png,images/dnbr/8b894c3a32d915e4.png,geotiff/pre/8b894c3a32d915e4.tif,geotiff/post/8b894c3a32d915e4.tif,geotiff/dnbr/8b894c3a32d915e4.tif
MCD64A1.A2020245.h22v03.061.2021309112116_r1556_c684,2020-09-16,2020,9,260,MCD64A1.A2020245.h22v03.061.2021309112116,72.06655617753943,53.51458332850763,227,56.75,224,10,44a895de8666d7a3,neg,train,Asia,Kazakhstan,72.21447784889601,53.54791641331118,0,30,grassland,grassland_savanna,temperate,N,temperate_other,S2A_MSIL2A_20200830T062631_R077_T43UCV_20200907T182127,S2B_MSIL2A_20200921T061629_R034_T43UCV_20201028T020058,2020-08-30T06:26:31.024000Z,2020-09-21T06:16:29.024000Z,2020-08-30,2020-09-21,10.03,-17,5,0.424681,2.899612,1.0,1.0,0.0002704198705032468,-0.004367005079984665,0.0371331125497818,-0.024914339184761047,0.018157958984375,0.045798175036907196,-0.12599457800388336,0.4375373423099518,1.0,0.014548788265306123,0.0007772640306122449,0.0,1,unburned_or_regrowth,-1,not_applicable,png,images/pre/44a895de8666d7a3.png,images/post/44a895de8666d7a3.png,images/dnbr/44a895de8666d7a3.png,geotiff/pre/44a895de8666d7a3.tif,geotiff/post/44a895de8666d7a3.tif,geotiff/dnbr/44a895de8666d7a3.tif
MCD64A1.A2017152.h20v05.061.2021312125936_r643_c2235,2017-06-23,2017,6,174,MCD64A1.A2017152.h20v05.061.2021312125936,36.86093310307439,37.31874999662388,3,0.75,224,10,d23bff2c22c704f0,burn,train,Asia,Turkey,36.866172380041625,37.31874999662388,1,40,cropland,cropland,temperate,N,temperate_other,S2A_MSIL2A_20170610T081601_R121_T37SCB_20210209T215244,S2A_MSIL2A_20170710T082011_R121_T37SCB_20210210T065754,2017-06-10T08:16:01.026000Z,2017-07-10T08:20:11.026000Z,2017-06-10,2017-07-10,4.17,-13,17,1.254007,0.208553,1.0,0.9999202806122449,0.3643592596054077,0.37406623363494873,0.214721217751503,0.21176716685295105,0.5299201011657715,0.6297961473464966,-0.5174458622932434,0.9360777139663696,0.9999202806122449,0.9025031887755102,0.651725924744898,0.396663743622449,3,moderate,1,moderate,png,images/pre/d23bff2c22c704f0.png,images/post/d23bff2c22c704f0.png,images/dnbr/d23bff2c22c704f0.png,geotiff/pre/d23bff2c22c704f0.tif,geotiff/post/d23bff2c22c704f0.tif,geotiff/dnbr/d23bff2c22c704f0.tif
MCD64A1.A2017152.h20v05.061.2021312125936_r643_c2235,2017-06-23,2017,6,174,MCD64A1.A2017152.h20v05.061.2021312125936,36.86093310307439,37.31874999662388,3,0.75,224,10,203612cd6c44bfdf,neg,train,Asia,Turkey,36.818311723512004,37.389750314438984,0,40,cropland,cropland,temperate,N,temperate_other,S2A_MSIL2A_20170610T081601_R121_T37SCB_20210209T215244,S2A_MSIL2A_20170710T082011_R121_T37SBB_20210210T065751,2017-06-10T08:16:01.026000Z,2017-07-10T08:20:11.026000Z,2017-06-10,2017-07-10,4.17,-13,17,1.254007,0.061745,0.9999202806122449,0.9999202806122449,0.015187126584351063,0.018880680203437805,0.03788509592413902,0.00010512582957744598,0.03693224489688873,0.05315143242478371,-0.4237842559814453,0.1840241402387619,0.9998405612244898,0.004803093112244898,0.0,0.0,1,unburned_or_regrowth,-1,not_applicable,png,images/pre/203612cd6c44bfdf.png,images/post/203612cd6c44bfdf.png,images/dnbr/203612cd6c44bfdf.png,geotiff/pre/203612cd6c44bfdf.tif,geotiff/post/203612cd6c44bfdf.tif,geotiff/dnbr/203612cd6c44bfdf.tif
MCD64A1.A2017274.h29v09.061.2021313061329_r760_c1109,2017-10-22,2017,10,295,MCD64A1.A2017274.h29v09.061.2021313061329,114.79843639628987,-3.168749999761353,15,3.75,224,10,ae915481ceae3241,burn,test,Asia,Indonesia,114.8030719448763,-3.1729166664276462,1,30,grassland,grassland_savanna,tropical,S,tropical_dry,S2A_MSIL2A_20171013T022631_R046_T50MKB_20201015T000853,S2B_MSIL2A_20171028T022759_R046_T50MKB_20201015T024852,2017-10-13T02:26:31.026000Z,2017-10-28T02:27:59.027000Z,2017-10-13,2017-10-28,1.47,-9,6,10.761779,11.418187,0.9909119897959183,0.9684709821428571,0.2473456859588623,0.2458343505859375,0.20692868530750275,0.05294780805706978,0.40609145164489746,0.5217786431312561,-0.3548930287361145,1.2277555465698242,0.9594626913265306,0.6307397959183674,0.4473852040816326,0.19561144770408162,2,low,0,low,png,images/pre/ae915481ceae3241.png,images/post/ae915481ceae3241.png,images/dnbr/ae915481ceae3241.png,geotiff/pre/ae915481ceae3241.tif,geotiff/post/ae915481ceae3241.tif,geotiff/dnbr/ae915481ceae3241.tif
MCD64A1.A2017274.h29v09.061.2021313061329_r760_c1109,2017-10-22,2017,10,295,MCD64A1.A2017274.h29v09.061.2021313061329,114.79843639628987,-3.168749999761353,15,3.75,224,10,1cf02635202253d8,neg,test,Asia,Indonesia,114.72055237836754,-3.216195260519335,0,90,herbaceous_wetland,wetland,tropical,S,boreal_other,S2A_MSIL2A_20171013T022631_R046_T50MKB_20201015T000853,S2B_MSIL2A_20171028T022759_R046_T50MKB_20201015T024852,2017-10-13T02:26:31.026000Z,2017-10-28T02:27:59.027000Z,2017-10-13,2017-10-28,1.47,-9,6,10.761779,11.418187,1.0,0.9996014030612245,0.021001528948545456,0.02099093794822693,0.03375378996133804,0.004899069666862488,0.036535535007715225,0.05272337794303894,-0.26247382164001465,0.35951098799705505,0.9996014030612245,0.018415178571428572,0.0004982461734693878,0.0,1,unburned_or_regrowth,-1,not_applicable,png,images/pre/1cf02635202253d8.png,images/post/1cf02635202253d8.png,images/dnbr/1cf02635202253d8.png,geotiff/pre/1cf02635202253d8.tif,geotiff/post/1cf02635202253d8.tif,geotiff/dnbr/1cf02635202253d8.tif
MCD64A1.A2017152.h26v04.061.2021312130505_r568_c43,2017-06-29,2017,6,180,MCD64A1.A2017152.h26v04.061.2021312130505,118.98101619178703,47.63124999570088,1205,301.25,224,10,a8aa10b0c9c2243d,burn,val,Asia,Mongolia,118.97410305593091,47.67708332903011,1,30,grassland,grassland_savanna,temperate,N,temperate_other,S2A_MSIL2A_20170614T025541_R032_T50TPT_20210209T224735,S2B_MSIL2A_20170712T030539_R075_T50TPT_20210210T075518,2017-06-14T02:55:41.026000Z,2017-07-12T03:05:39.027000Z,2017-06-14,2017-07-12,9.97,-15,13,0.003988,3.111834,1.0,1.0,0.31823840737342834,0.3353363573551178,0.12642519176006317,0.2117769420146942,0.4198407530784607,0.4763069748878479,-0.0028158873319625854,0.8141493201255798,1.0,0.9633888711734694,0.6373565051020408,0.1911670918367347,3,moderate,1,moderate,png,images/pre/a8aa10b0c9c2243d.png,images/post/a8aa10b0c9c2243d.png,images/dnbr/a8aa10b0c9c2243d.png,geotiff/pre/a8aa10b0c9c2243d.tif,geotiff/post/a8aa10b0c9c2243d.tif,geotiff/dnbr/a8aa10b0c9c2243d.tif
MCD64A1.A2017152.h26v04.061.2021312130505_r568_c43,2017-06-29,2017,6,180,MCD64A1.A2017152.h26v04.061.2021312130505,118.98101619178703,47.63124999570088,1205,301.25,224,10,26cc0d34ed1069c7,neg,val,Asia,Mongolia,119.33560435140372,47.53960948191366,0,30,grassland,grassland_savanna,temperate,N,temperate_other,S2A_MSIL2A_20170614T025541_R032_T50TPT_20210209T224735,S2A_MSIL2A_20170724T025551_R032_T50TPT_20210210T133605,2017-06-14T02:55:41.026000Z,2017-07-24T02:55:51.026000Z,2017-06-14,2017-07-24,0.17,-15,25,0.003988,0.255747,1.0,1.0,-0.13705475628376007,-0.1134626716375351,0.134759783744812,-0.2144259512424469,-0.038636356592178345,0.01276607159525156,-0.6378656029701233,0.20876365900039673,1.0,0.013612085459183673,0.0,0.0,1,unburned_or_regrowth,-1,not_applicable,png,images/pre/26cc0d34ed1069c7.png,images/post/26cc0d34ed1069c7.png,images/dnbr/26cc0d34ed1069c7.png,geotiff/pre/26cc0d34ed1069c7.tif,geotiff/post/26cc0d34ed1069c7.tif,geotiff/dnbr/26cc0d34ed1069c7.tif
MCD64A1.A2017152.h23v03.061.2021312130252_r2332_c62,2017-06-20,2017,6,171,MCD64A1.A2017152.h23v03.061.2021312130252,78.65239050174692,50.28124999546369,1337,334.25,224,10,21a1aa80114d67bb,burn,train,Asia,Kazakhstan,78.67664422458422,50.26041666213222,1,30,grassland,grassland_savanna,temperate,N,temperate_other,S2A_MSIL2A_20170526T054641_R048_T43UGR_20210209T181226,S2A_MSIL2A_20170705T054641_R048_T43UGR_20210210T045222,2017-05-26T05:46:41.026000Z,2017-07-05T05:46:41.026000Z,2017-05-26,2017-07-05,0.0,-25,15,0.169508,7.857801,1.0,0.9023038903061225,0.19730417430400848,0.2089618593454361,0.09547440707683563,0.17205020785331726,0.23917004466056824,0.27511531114578247,-0.7909100651741028,0.8169954419136047,0.9023038903061225,0.8107661033163265,0.10299744897959184,0.009247448979591837,2,low,0,low,png,images/pre/21a1aa80114d67bb.png,images/post/21a1aa80114d67bb.png,images/dnbr/21a1aa80114d67bb.png,geotiff/pre/21a1aa80114d67bb.tif,geotiff/post/21a1aa80114d67bb.tif,geotiff/dnbr/21a1aa80114d67bb.tif
MCD64A1.A2017152.h23v03.061.2021312130252_r2332_c62,2017-06-20,2017,6,171,MCD64A1.A2017152.h23v03.061.2021312130252,78.65239050174692,50.28124999546369,1337,334.25,224,10,cecea144625f076a,neg,train,Asia,Kazakhstan,78.35304607046025,50.06349351251557,0,30,grassland,grassland_savanna,temperate,N,temperate_other,S2A_MSIL2A_20170526T054641_R048_T43UGR_20210209T181226,S2A_MSIL2A_20170725T054641_R048_T44ULA_20210210T140719,2017-05-26T05:46:41.026000Z,2017-07-25T05:46:41.026000Z,2017-05-26,2017-07-25,0.0,-25,35,0.169508,0.026579,1.0,1.0,0.023613469675183296,0.020514341071248055,0.0925121158361435,0.000959278317168355,0.041771821677684784,0.06508775055408478,-0.8393692970275879,0.8650816082954407,1.0,0.028041294642857144,0.013213488520408163,0.009207589285714286,1,unburned_or_regrowth,-1,not_applicable,png,images/pre/cecea144625f076a.png,images/post/cecea144625f076a.png,images/dnbr/cecea144625f076a.png,geotiff/pre/cecea144625f076a.tif,geotiff/post/cecea144625f076a.tif,geotiff/dnbr/cecea144625f076a.tif
MCD64A1.A2019305.h21v05.061.2021309105844_r901_c1037,2019-11-05,2019,11,309,MCD64A1.A2019305.h21v05.061.2021309105844,42.55738292966776,36.2437499967201,19,4.75,224,10,1419e71f64a21240,burn,train,Asia,Iraq,42.571240741069985,36.23124999672122,1,40,cropland,cropland,temperate,N,temperate_other,S2B_MSIL2A_20191007T075809_R035_T38SKF_20201003T234258,S2A_MSIL2A_20191111T080151_R035_T38SKF_20201003T152037,2019-10-07T07:58:09.024000Z,2019-11-11T08:01:51.024000Z,2019-10-07,2019-11-11,3.7,-29,6,0.031546,1.101579,1.0,1.0,0.16111887991428375,0.16640394926071167,0.10502733290195465,0.08649063110351562,0.24430981278419495,0.29407501220703125,-0.08018699288368225,0.5006800293922424,1.0,0.7137476084183674,0.17743542729591838,0.0016541772959183674,2,low,0,low,png,images/pre/1419e71f64a21240.png,images/post/1419e71f64a21240.png,images/dnbr/1419e71f64a21240.png,geotiff/pre/1419e71f64a21240.tif,geotiff/post/1419e71f64a21240.tif,geotiff/dnbr/1419e71f64a21240.tif
MCD64A1.A2019305.h21v05.061.2021309105844_r901_c1037,2019-11-05,2019,11,309,MCD64A1.A2019305.h21v05.061.2021309105844,42.55738292966776,36.2437499967201,19,4.75,224,10,e748b6cc304eb87b,neg,train,Asia,Iraq,42.49307812122269,36.250845389674,0,40,cropland,cropland,temperate,N,temperate_other,S2B_MSIL2A_20190927T075659_R035_T38SKF_20201004T174730,S2B_MSIL2A_20191203T075209_R135_T38SKF_20201003T001654,2019-09-27T07:56:59.024000Z,2019-12-03T07:52:09.024000Z,2019-09-27,2019-12-03,4.83,-39,28,0.022462,0.732273,1.0,1.0,-0.031879499554634094,-0.03186725080013275,0.04080699384212494,-0.053322933614254,-0.009299421682953835,0.00912277027964592,-0.19080111384391785,0.24349576234817505,1.0,0.010004783163265306,0.0,0.0,1,unburned_or_regrowth,-1,not_applicable,png,images/pre/e748b6cc304eb87b.png,images/post/e748b6cc304eb87b.png,images/dnbr/e748b6cc304eb87b.png,geotiff/pre/e748b6cc304eb87b.tif,geotiff/post/e748b6cc304eb87b.tif,geotiff/dnbr/e748b6cc304eb87b.tif
MCD64A1.A2020245.h23v04.061.2021309112114_r1029_c1766,2020-09-08,2020,9,252,MCD64A1.A2020245.h23v04.061.2021309112114,82.14468839771673,45.71041666253946,15,3.75,224,10,5b8b6ad875741ce6,burn,train,Asia,Kazakhstan,82.14500278750505,45.718749995872045,1,40,cropland,cropland,temperate,N,temperate_other,S2A_MSIL2A_20200822T052651_R105_T44TNR_20200825T142904,S2A_MSIL2A_20200921T052651_R105_T44TNR_20200924T113650,2020-08-22T05:26:51.024000Z,2020-09-21T05:26:51.024000Z,2020-08-22,2020-09-21,0.0,-17,13,2.712735,0.805376,1.0,1.0,0.17117474973201752,0.11378312110900879,0.2738722562789917,0.039126258343458176,0.2089751660823822,0.5559630393981934,-1.2758532762527466,1.1559913158416748,1.0,0.5575773278061225,0.19670758928571427,0.12944435586734693,2,low,0,low,png,images/pre/5b8b6ad875741ce6.png,images/post/5b8b6ad875741ce6.png,images/dnbr/5b8b6ad875741ce6.png,geotiff/pre/5b8b6ad875741ce6.tif,geotiff/post/5b8b6ad875741ce6.tif,geotiff/dnbr/5b8b6ad875741ce6.tif
MCD64A1.A2020245.h23v04.061.2021309112114_r1029_c1766,2020-09-08,2020,9,252,MCD64A1.A2020245.h23v04.061.2021309112114,82.14468839771673,45.71041666253946,15,3.75,224,10,ecdf6bc428140e14,neg,train,Asia,Kazakhstan,82.16512435996447,45.671575078684455,0,40,cropland,cropland,temperate,N,temperate_other,S2B_MSIL2A_20200807T052649_R105_T44TNR_20200815T085452,S2A_MSIL2A_20200921T052651_R105_T44TNR_20200924T113650,2020-08-07T05:26:49.024000Z,2020-09-21T05:26:51.024000Z,2020-08-07,2020-09-21,0.03,-32,13,0.611196,0.805376,1.0,1.0,-0.022317521274089813,-0.021994709968566895,0.012333180755376816,-0.029680073261260986,-0.014494698494672775,-0.007717616856098175,-0.10711737722158432,0.06609418988227844,1.0,0.0,0.0,0.0,1,unburned_or_regrowth,-1,not_applicable,png,images/pre/ecdf6bc428140e14.png,images/post/ecdf6bc428140e14.png,images/dnbr/ecdf6bc428140e14.png,geotiff/pre/ecdf6bc428140e14.tif,geotiff/post/ecdf6bc428140e14.tif,geotiff/dnbr/ecdf6bc428140e14.tif
MCD64A1.A2018091.h23v04.061.2021354082011_r864_c782,2018-04-28,2018,4,118,MCD64A1.A2018091.h23v04.061.2021354082011,77.22864530252927,46.397916662477925,74,18.5,224,10,539451ef03d508a4,burn,test,Asia,Kazakhstan,77.24763655832584,46.372916662480165,1,90,herbaceous_wetland,wetland,temperate,N,temperate_other,S2A_MSIL2A_20180401T054641_R048_T43TFM_20201012T165210,S2B_MSIL2A_20180516T054639_R048_T43TFM_20201012T103802,2018-04-01T05:46:41.026000Z,2018-05-16T05:46:39.027000Z,2018-04-01,2018-05-16,0.03,-27,18,15.804237,0.463131,0.9766422193877551,1.0,0.3253774642944336,0.31368160247802734,0.31940311193466187,0.06969411671161652,0.6138308644294739,0.7061581611633301,-1.5549852848052979,0.971787691116333,0.9766422193877551,0.7029854910714286,0.5348573022959183,0.4042370854591837,3,moderate,1,moderate,png,images/pre/539451ef03d508a4.png,images/post/539451ef03d508a4.png,images/dnbr/539451ef03d508a4.png,geotiff/pre/539451ef03d508a4.tif,geotiff/post/539451ef03d508a4.tif,geotiff/dnbr/539451ef03d508a4.tif
MCD64A1.A2018091.h23v04.061.2021354082011_r864_c782,2018-04-28,2018,4,118,MCD64A1.A2018091.h23v04.061.2021354082011,77.22864530252927,46.397916662477925,74,18.5,224,10,14c6b25bae43196f,neg,test,Asia,Kazakhstan,77.27912111372656,46.30712011374916,0,80,permanent_water_bodies,wetland,temperate,N,temperate_other,S2A_MSIL2A_20180322T054641_R048_T43TFM_20201026T055739,S2A_MSIL2A_20180521T054641_R048_T43TFM_20201026T102617,2018-03-22T05:46:41.026000Z,2018-05-21T05:46:41.024000Z,2018-03-22,2018-05-21,0.0,-37,23,13.699683,0.266482,0.9996014030612245,1.0,-0.24678878486156464,-0.2543705701828003,0.1320219486951828,-0.3471609055995941,-0.13555553555488586,-0.07472839951515198,-0.6988353729248047,0.473254531621933,0.9996014030612245,0.003168845663265306,0.0008370535714285714,5.978954081632653e-05,1,unburned_or_regrowth,-1,not_applicable,png,images/pre/14c6b25bae43196f.png,images/post/14c6b25bae43196f.png,images/dnbr/14c6b25bae43196f.png,geotiff/pre/14c6b25bae43196f.tif,geotiff/post/14c6b25bae43196f.tif,geotiff/dnbr/14c6b25bae43196f.tif
MCD64A1.A2020214.h22v03.061.2021309111953_r1941_c1713,2020-08-31,2020,8,244,MCD64A1.A2020214.h22v03.061.2021309111953,76.41454661296466,51.91041666198454,209,52.25,224,10,a1f212544a328250,burn,train,Asia,Kazakhstan,76.38520989033938,51.88124999532049,1,30,grassland,grassland_savanna,temperate,N,temperate_other,S2A_MSIL2A_20200801T055641_R091_T43UET_20200815T170548,S2A_MSIL2A_20200913T060641_R134_T43UET_20201101T162158,2020-08-01T05:56:41.024000Z,2020-09-13T06:06:41.024000Z,2020-08-01,2020-09-13,10.0,-30,13,0.383256,1.399484,1.0,1.0,0.23570901155471802,0.25491753220558167,0.13498488068580627,0.19149065017700195,0.2992527484893799,0.3821088671684265,-0.03273311257362366,0.8053661584854126,1.0,0.7936463647959183,0.4052734375,0.06186224489795918,2,low,0,low,png,images/pre/a1f212544a328250.png,images/post/a1f212544a328250.png,images/dnbr/a1f212544a328250.png,geotiff/pre/a1f212544a328250.tif,geotiff/post/a1f212544a328250.tif,geotiff/dnbr/a1f212544a328250.tif
MCD64A1.A2020214.h22v03.061.2021309111953_r1941_c1713,2020-08-31,2020,8,244,MCD64A1.A2020214.h22v03.061.2021309111953,76.41454661296466,51.91041666198454,209,52.25,224,10,305d8ded3401cb12,neg,train,Asia,Kazakhstan,76.27045761389347,51.93116358961807,0,30,grassland,grassland_savanna,temperate,N,temperate_other,S2A_MSIL2A_20200801T055641_R091_T43UET_20200815T170548,S2A_MSIL2A_20200920T055641_R091_T43UET_20200923T001210,2020-08-01T05:56:41.024000Z,2020-09-20T05:56:41.024000Z,2020-08-01,2020-09-20,0.0,-30,20,0.383256,1.000025,1.0,1.0,-0.009181634522974491,-0.013315200805664062,0.019365575164556503,-0.022435838356614113,-0.000493684783577919,0.020975977182388306,-0.06256353855133057,0.07555107027292252,1.0,0.0,0.0,0.0,1,unburned_or_regrowth,-1,not_applicable,png,images/pre/305d8ded3401cb12.png,images/post/305d8ded3401cb12.png,images/dnbr/305d8ded3401cb12.png,geotiff/pre/305d8ded3401cb12.tif,geotiff/post/305d8ded3401cb12.tif,geotiff/dnbr/305d8ded3401cb12.tif
MCD64A1.A2017182.h21v04.061.2021312132400_r394_c1887,2017-07-24,2017,7,205,MCD64A1.A2017182.h21v04.061.2021312132400,56.98232191688904,48.356249995635984,2561,640.25,224,10,bfdd43288f4e517e,burn,val,Asia,Kazakhstan,56.8928013264953,48.24791666231235,1,30,grassland,grassland_savanna,temperate,N,temperate_other,S2B_MSIL2A_20170704T071309_R106_T40UDU_20210210T044138,S2A_MSIL2A_20170729T070621_R106_T40UDU_20210210T160756,2017-07-04T07:13:09.027000Z,2017-07-29T07:06:21.026000Z,2017-07-04,2017-07-29,6.8,-20,5,0.108601,0.140696,1.0,1.0,0.31182894110679626,0.3142188489437103,0.11203384399414062,0.24058260023593903,0.38300156593322754,0.4427131116390228,-0.027450205758213997,0.9275116920471191,1.0,0.9618742028061225,0.6548947704081632,0.10499043367346939,3,moderate,1,moderate,png,images/pre/bfdd43288f4e517e.png,images/post/bfdd43288f4e517e.png,images/dnbr/bfdd43288f4e517e.png,geotiff/pre/bfdd43288f4e517e.tif,geotiff/post/bfdd43288f4e517e.tif,geotiff/dnbr/bfdd43288f4e517e.tif
MCD64A1.A2017182.h21v04.061.2021312132400_r394_c1887,2017-07-24,2017,7,205,MCD64A1.A2017182.h21v04.061.2021312132400,56.98232191688904,48.356249995635984,2561,640.25,224,10,ea3b065835a476b3,neg,val,Asia,Kazakhstan,57.43542618710289,48.388672477070536,0,30,grassland,grassland_savanna,temperate,N,temperate_other,S2B_MSIL2A_20170704T071309_R106_T40UEU_20210210T044144,S2B_MSIL2A_20170816T072259_R006_T40UEU_20210201T015858,2017-07-04T07:13:09.027000Z,2017-08-16T07:22:59.027000Z,2017-07-04,2017-08-16,9.83,-20,23,0.041765,0.290237,0.9929049744897959,0.9882413903061225,0.029332567006349564,0.04115010052919388,0.04804392158985138,0.007818307727575302,0.05619021877646446,0.0703466385602951,-0.34097355604171753,0.511136531829834,0.9841358418367347,0.026666135204081634,0.0010562818877551021,3.985969387755102e-05,1,unburned_or_regrowth,-1,not_applicable,png,images/pre/ea3b065835a476b3.png,images/post/ea3b065835a476b3.png,images/dnbr/ea3b065835a476b3.png,geotiff/pre/ea3b065835a476b3.tif,geotiff/post/ea3b065835a476b3.tif,geotiff/dnbr/ea3b065835a476b3.tif
MCD64A1.A2017305.h21v05.061.2021315072902_r722_c519,2017-11-04,2017,11,308,MCD64A1.A2017305.h21v05.061.2021315072902,40.268905541925214,36.98958332998668,835,208.75,224,10,3a80239e0d81e41a,burn,val,Asia,Turkey,40.14040056030292,36.943749996657445,1,30,grassland,grassland_savanna,temperate,N,temperate_other,S2B_MSIL2A_20171007T075949_R035_T37SEA_20210202T152110,S2A_MSIL2A_20171111T080151_R035_T37SEA_20201014T192019,2017-10-07T07:59:49.027000Z,2017-11-11T08:01:51.026000Z,2017-10-07,2017-11-11,2.03,-28,7,0.012645,0.007338,1.0,1.0,0.41268599033355713,0.46681100130081177,0.22785158455371857,0.2364090085029602,0.5961788892745972,0.6750322580337524,-0.49954095482826233,0.837541937828064,1.0,0.8371332908163265,0.7309470663265306,0.5491470025510204,3,moderate,1,moderate,png,images/pre/3a80239e0d81e41a.png,images/post/3a80239e0d81e41a.png,images/dnbr/3a80239e0d81e41a.png,geotiff/pre/3a80239e0d81e41a.tif,geotiff/post/3a80239e0d81e41a.tif,geotiff/dnbr/3a80239e0d81e41a.tif
MCD64A1.A2017305.h21v05.061.2021315072902_r722_c519,2017-11-04,2017,11,308,MCD64A1.A2017305.h21v05.061.2021315072902,40.268905541925214,36.98958332998668,835,208.75,224,10,a1c5b2682afe2769,neg,val,Asia,Turkey,40.03905232576995,36.946135051098125,0,30,grassland,grassland_savanna,temperate,N,temperate_other,S2B_MSIL2A_20171007T075949_R035_T37SEA_20210202T152110,S2A_MSIL2A_20171111T080151_R035_T37SEA_20201014T192019,2017-10-07T07:59:49.027000Z,2017-11-11T08:01:51.026000Z,2017-10-07,2017-11-11,2.03,-28,7,0.012645,0.007338,1.0,0.9996014030612245,-0.01016822550445795,-0.0070101115852594376,0.022122522816061974,-0.015247518196702003,0.0006290869787335396,0.009311612695455551,-0.1909681260585785,0.09383652359247208,0.9996014030612245,0.0,0.0,0.0,1,unburned_or_regrowth,-1,not_applicable,png,images/pre/a1c5b2682afe2769.png,images/post/a1c5b2682afe2769.png,images/dnbr/a1c5b2682afe2769.png,geotiff/pre/a1c5b2682afe2769.tif,geotiff/post/a1c5b2682afe2769.tif,geotiff/dnbr/a1c5b2682afe2769.tif
MCD64A1.A2017182.h26v04.061.2021312132753_r570_c21,2017-07-03,2017,7,184,MCD64A1.A2017182.h26v04.061.2021312132753,118.82604566567981,47.62291666236829,289,72.25,224,10,cf6ee35858563b72,burn,train,Asia,Mongolia,118.84580086361298,47.64791666236605,1,30,grassland,grassland_savanna,temperate,N,temperate_other,S2A_MSIL2A_20170614T025541_R032_T50TPT_20210209T224735,S2B_MSIL2A_20170712T030539_R075_T50TPT_20210210T075518,2017-06-14T02:55:41.026000Z,2017-07-12T03:05:39.027000Z,2017-06-14,2017-07-12,9.97,-19,9,0.003988,3.111834,1.0,1.0,0.24436606466770172,0.23153308033943176,0.08832135796546936,0.1833886355161667,0.29178333282470703,0.3724082112312317,-0.12208952754735947,0.8641279935836792,1.0,0.9783960459183674,0.31802056760204084,0.025231186224489797,2,low,0,low,png,images/pre/cf6ee35858563b72.png,images/post/cf6ee35858563b72.png,images/dnbr/cf6ee35858563b72.png,geotiff/pre/cf6ee35858563b72.tif,geotiff/post/cf6ee35858563b72.tif,geotiff/dnbr/cf6ee35858563b72.tif
MCD64A1.A2017182.h26v04.061.2021312132753_r570_c21,2017-07-03,2017,7,184,MCD64A1.A2017182.h26v04.061.2021312132753,118.82604566567981,47.62291666236829,289,72.25,224,10,dd79936e9e47188b,neg,train,Asia,Mongolia,118.91285298660533,47.500858139681526,0,30,grassland,grassland_savanna,temperate,N,temperate_other,S2A_MSIL2A_20170614T025541_R032_T50TPT_20210209T224735,S2A_MSIL2A_20170724T025551_R032_T50TPT_20210210T133605,2017-06-14T02:55:41.026000Z,2017-07-24T02:55:51.026000Z,2017-06-14,2017-07-24,0.17,-19,21,0.003988,0.255747,1.0,1.0,-0.009579154662787914,-0.006669582799077034,0.018502673134207726,-0.01896948181092739,0.002818580251187086,0.010529318824410439,-0.14049537479877472,0.050134677439928055,1.0,0.0,0.0,0.0,1,unburned_or_regrowth,-1,not_applicable,png,images/pre/dd79936e9e47188b.png,images/post/dd79936e9e47188b.png,images/dnbr/dd79936e9e47188b.png,geotiff/pre/dd79936e9e47188b.tif,geotiff/post/dd79936e9e47188b.tif,geotiff/dnbr/dd79936e9e47188b.tif
MCD64A1.A2017305.h24v06.061.2021315113429_r113_c1246,2017-11-19,2017,11,323,MCD64A1.A2017305.h24v06.061.2021315113429,74.92476635694221,29.527083330654595,3579,894.75,224,10,444ad9f53cc01fc1,burn,train,Asia,India,74.99451117064676,29.614583330646756,1,40,cropland,cropland,subtropical,N,subtropical,S2A_MSIL2A_20171030T053941_R005_T43RDN_20201015T030740,S2B_MSIL2A_20171124T054129_R005_T43RDN_20201014T220311,2017-10-30T05:39:41.026000Z,2017-11-24T05:41:29.027000Z,2017-10-30,2017-11-24,1.8,-20,5,1.050361,0.128706,0.9794323979591837,0.9997608418367347,0.32468360662460327,0.32957106828689575,0.16840380430221558,0.1869538575410843,0.4627828598022461,0.5404926538467407,-0.3175646662712097,0.8630876541137695,0.9791932397959183,0.8916414221938775,0.5997887436224489,0.2878268494897959,3,moderate,1,moderate,png,images/pre/444ad9f53cc01fc1.png,images/post/444ad9f53cc01fc1.png,images/dnbr/444ad9f53cc01fc1.png,geotiff/pre/444ad9f53cc01fc1.tif,geotiff/post/444ad9f53cc01fc1.tif,geotiff/dnbr/444ad9f53cc01fc1.tif
MCD64A1.A2017305.h24v06.061.2021315113429_r113_c1246,2017-11-19,2017,11,323,MCD64A1.A2017305.h24v06.061.2021315113429,74.92476635694221,29.527083330654595,3579,894.75,224,10,cda09793874e1472,neg,train,Asia,India,74.89840387953542,28.959034275620784,0,40,cropland,cropland,subtropical,N,subtropical,S2B_MSIL2A_20171015T053759_R005_T43RDN_20201015T001224,S2A_MSIL2A_20171209T054221_R005_T43RDN_20201014T125444,2017-10-15T05:37:59.027000Z,2017-12-09T05:42:21.026000Z,2017-10-15,2017-12-09,4.37,-35,20,0.093812,0.719314,1.0,1.0,0.005344309378415346,0.0008084354922175407,0.031749214977025986,-0.01412944681942463,0.018406454473733902,0.04064946249127388,-0.17217949032783508,0.255054771900177,1.0,0.018534757653061226,0.0,0.0,1,unburned_or_regrowth,-1,not_applicable,png,images/pre/cda09793874e1472.png,images/post/cda09793874e1472.png,images/dnbr/cda09793874e1472.png,geotiff/pre/cda09793874e1472.tif,geotiff/post/cda09793874e1472.tif,geotiff/dnbr/cda09793874e1472.tif
MCD64A1.A2017305.h20v05.061.2021315062549_r623_c1486,2017-11-27,2017,11,331,MCD64A1.A2017305.h20v05.061.2021315062549,32.97330832787613,37.402083329949754,53,13.25,224,10,51578d5e992968f5,burn,train,Asia,Turkey,32.96989658832163,37.40624999661605,1,40,cropland,cropland,temperate,N,temperate_other,S2A_MSIL2A_20171103T084121_R064_T36SVG_20201014T180654,S2B_MSIL2A_20171208T084329_R064_T36SVG_20201014T124945,2017-11-03T08:41:21.026000Z,2017-12-08T08:43:29.027000Z,2017-11-03,2017-12-08,2.13,-24,11,0.116035,3.214603,1.0,0.9995216836734694,0.25336289405822754,0.30689436197280884,0.14814965426921844,0.12507113814353943,0.36602869629859924,0.40258073806762695,-0.3194321095943451,0.7226075530052185,0.9995216836734694,0.7673788265306123,0.5929926658163265,0.02987484056122449,2,low,0,low,png,images/pre/51578d5e992968f5.png,images/post/51578d5e992968f5.png,images/dnbr/51578d5e992968f5.png,geotiff/pre/51578d5e992968f5.tif,geotiff/post/51578d5e992968f5.tif,geotiff/dnbr/51578d5e992968f5.tif
MCD64A1.A2017305.h20v05.061.2021315062549_r623_c1486,2017-11-27,2017,11,331,MCD64A1.A2017305.h20v05.061.2021315062549,32.97330832787613,37.402083329949754,53,13.25,224,10,ecea423fa3c9445e,neg,train,Asia,Turkey,32.936441542725476,37.340380296333194,0,40,cropland,cropland,temperate,N,temperate_other,S2B_MSIL2A_20171019T083959_R064_T36SVG_20201015T005916,S2A_MSIL2A_20180102T084341_R064_T36SVG_20201014T024612,2017-10-19T08:39:59.027000Z,2018-01-02T08:43:41.026000Z,2017-10-19,2018-01-02,3.7,-39,36,0.04491,1.561408,1.0,0.9999202806122449,-0.09203138202428818,-0.07946182787418365,0.09294519573450089,-0.11133512854576111,-0.04741274565458298,-0.010299432091414928,-0.6163889169692993,0.9214264750480652,0.9999202806122449,0.002232142857142857,0.000896843112244898,0.0005580357142857143,1,unburned_or_regrowth,-1,not_applicable,png,images/pre/ecea423fa3c9445e.png,images/post/ecea423fa3c9445e.png,images/dnbr/ecea423fa3c9445e.png,geotiff/pre/ecea423fa3c9445e.tif,geotiff/post/ecea423fa3c9445e.tif,geotiff/dnbr/ecea423fa3c9445e.tif
MCD64A1.A2017305.h27v04.061.2021315132511_r1866_c351,2017-11-25,2017,11,329,MCD64A1.A2017305.h27v04.061.2021315132511,123.51134801301319,42.22291666285161,17,4.25,224,10,86646fa995474f69,burn,train,Asia,China,123.51949980531717,42.2270833295179,1,40,cropland,cropland,temperate,N,temperate_other,S2A_MSIL2A_20171115T023951_R089_T51TWG_20201014T195650,S2A_MSIL2A_20171205T024101_R089_T51TWG_20201014T120233,2017-11-15T02:39:51.026000Z,2017-12-05T02:41:01.026000Z,2017-11-15,2017-12-05,1.17,-10,10,0.587536,2.426856,1.0,1.0,0.1791984736919403,0.17206868529319763,0.16389308869838715,0.015434028580784798,0.3394365906715393,0.4065142571926117,-0.3372347950935364,0.6671595573425293,1.0,0.5919961734693877,0.34313217474489793,0.035853794642857144,2,low,0,low,png,images/pre/86646fa995474f69.png,images/post/86646fa995474f69.png,images/dnbr/86646fa995474f69.png,geotiff/pre/86646fa995474f69.tif,geotiff/post/86646fa995474f69.tif,geotiff/dnbr/86646fa995474f69.tif
MCD64A1.A2017305.h27v04.061.2021315132511_r1866_c351,2017-11-25,2017,11,329,MCD64A1.A2017305.h27v04.061.2021315132511,123.51134801301319,42.22291666285161,17,4.25,224,10,f41b7de83519dc13,neg,train,Asia,China,123.42920463283833,42.21518818539816,0,40,cropland,cropland,temperate,N,temperate_other,S2A_MSIL2A_20171115T023951_R089_T51TWG_20201014T195650,S2A_MSIL2A_20171225T024121_R089_T51TWG_20201014T161109,2017-11-15T02:39:51.026000Z,2017-12-25T02:41:21.026000Z,2017-11-15,2017-12-25,1.5,-10,30,0.587536,1.044572,0.9974888392857143,0.9911511479591837,-0.003174241865053773,-0.0088249072432518,0.03736322000622749,-0.022408317774534225,0.01084069348871708,0.03953029587864876,-0.6662845611572266,0.32969731092453003,0.9895169005102041,0.015306122448979591,0.0003786670918367347,0.0,1,unburned_or_regrowth,-1,not_applicable,png,images/pre/f41b7de83519dc13.png,images/post/f41b7de83519dc13.png,images/dnbr/f41b7de83519dc13.png,geotiff/pre/f41b7de83519dc13.tif,geotiff/post/f41b7de83519dc13.tif,geotiff/dnbr/f41b7de83519dc13.tif
MCD64A1.A2020245.h30v09.061.2021309112110_r2282_c548,2020-09-09,2020,9,253,MCD64A1.A2020245.h30v09.061.2021309112110,123.9895816987578,-9.51041666586042,15,3.75,224,10,c7a70c0fb977f910,burn,train,Asia,Indonesia,123.98807146880027,-9.506249999194127,1,30,grassland,grassland_savanna,tropical,S,tropical_dry,S2A_MSIL2A_20200826T020451_R017_T51LWK_20200909T185827,S2A_MSIL2A_20200915T020451_R017_T51LXK_20200918T113640,2020-08-26T02:04:51.024000Z,2020-09-15T02:04:51.024000Z,2020-08-26,2020-09-15,0.0,-14,6,0.010262,5.581723,0.9999202806122449,1.0,0.15318752825260162,0.15763568878173828,0.09083560854196548,0.0819351077079773,0.2225998044013977,0.27033746242523193,-0.18198469281196594,0.4410398006439209,0.9999202806122449,0.6927814094387755,0.10096460459183673,1.992984693877551e-05,2,low,0,low,png,images/pre/c7a70c0fb977f910.png,images/post/c7a70c0fb977f910.png,images/dnbr/c7a70c0fb977f910.png,geotiff/pre/c7a70c0fb977f910.tif,geotiff/post/c7a70c0fb977f910.tif,geotiff/dnbr/c7a70c0fb977f910.tif
MCD64A1.A2020245.h30v09.061.2021309112110_r2282_c548,2020-09-09,2020,9,253,MCD64A1.A2020245.h30v09.061.2021309112110,123.9895816987578,-9.51041666586042,15,3.75,224,10,960a78b9975e7776,neg,train,Asia,Indonesia,123.97569672656311,-9.416858365847139,0,30,grassland,grassland_savanna,tropical,S,tropical_dry,S2A_MSIL2A_20200826T020451_R017_T51LWK_20200909T185827,S2A_MSIL2A_20200915T020451_R017_T51LXK_20200918T113640,2020-08-26T02:04:51.024000Z,2020-09-15T02:04:51.024000Z,2020-08-26,2020-09-15,0.0,-14,6,0.010262,5.581723,1.0,1.0,0.03331729769706726,0.031789228320121765,0.024488525465130806,0.01766365021467209,0.048017941415309906,0.06421087682247162,-0.14087039232254028,0.2055250108242035,1.0,0.008330676020408163,0.0,0.0,1,unburned_or_regrowth,-1,not_applicable,png,images/pre/960a78b9975e7776.png,images/post/960a78b9975e7776.png,images/dnbr/960a78b9975e7776.png,geotiff/pre/960a78b9975e7776.tif,geotiff/post/960a78b9975e7776.tif,geotiff/dnbr/960a78b9975e7776.tif
MCD64A1.A2020214.h22v04.061.2021309112000_r803_c1401,2020-08-07,2020,8,220,MCD64A1.A2020214.h22v04.061.2021309112000,66.78000703219482,46.652083329121844,2976,744.0,224,10,e93c64bda9c272fe,burn,train,Asia,Kazakhstan,66.82875834937326,46.70624999578366,1,30,grassland,grassland_savanna,temperate,N,temperate_other,S2A_MSIL2A_20200714T063631_R120_T42TUS_20200913T031950,S2B_MSIL2A_20200815T062629_R077_T41TQM_20200818T113006,2020-07-14T06:36:31.024000Z,2020-08-15T06:26:29.024000Z,2020-07-14,2020-08-15,10.03,-24,8,0.298769,3.50263,1.0,1.0,0.19334501028060913,0.18561901152133942,0.08106964826583862,0.1327594667673111,0.2590980529785156,0.30828288197517395,-0.10985109210014343,0.4463939964771271,1.0,0.8724888392857143,0.22367267219387754,1.992984693877551e-05,2,low,0,low,png,images/pre/e93c64bda9c272fe.png,images/post/e93c64bda9c272fe.png,images/dnbr/e93c64bda9c272fe.png,geotiff/pre/e93c64bda9c272fe.tif,geotiff/post/e93c64bda9c272fe.tif,geotiff/dnbr/e93c64bda9c272fe.tif
MCD64A1.A2020214.h22v04.061.2021309112000_r803_c1401,2020-08-07,2020,8,220,MCD64A1.A2020214.h22v04.061.2021309112000,66.78000703219482,46.652083329121844,2976,744.0,224,10,720b99bba221a052,neg,train,Asia,Kazakhstan,66.81882068836816,47.003129086452724,0,30,grassland,grassland_savanna,temperate,N,temperate_other,S2A_MSIL2A_20200714T063631_R120_T41TQN_20200919T100555,S2A_MSIL2A_20200912T063631_R120_T41TQN_20200918T140851,2020-07-14T06:36:31.024000Z,2020-09-12T06:36:31.024000Z,2020-07-14,2020-09-12,0.0,-24,36,0.040212,0.013527,1.0,1.0,-0.012586912140250206,-0.013060420751571655,0.0108463941141963,-0.019746851176023483,-0.005885629449039698,0.0009934119880199432,-0.07272779196500778,0.10871583223342896,1.0,3.985969387755102e-05,0.0,0.0,1,unburned_or_regrowth,-1,not_applicable,png,images/pre/720b99bba221a052.png,images/post/720b99bba221a052.png,images/dnbr/720b99bba221a052.png,geotiff/pre/720b99bba221a052.tif,geotiff/post/720b99bba221a052.tif,geotiff/dnbr/720b99bba221a052.tif
MCD64A1.A2020245.h20v05.061.2021309112057_r571_c1248,2020-09-07,2020,9,251,MCD64A1.A2020245.h20v05.061.2021309112057,31.81719945053626,37.61874999659703,15,3.75,224,10,4efaa67e052150be,burn,test,Asia,Turkey,31.811939105086907,37.61874999659703,1,40,cropland,cropland,temperate,N,temperate_other,S2A_MSIL2A_20200829T083611_R064_T36SUG_20200907T151320,S2B_MSIL2A_20200913T083559_R064_T36SUG_20201027T093406,2020-08-29T08:36:11.024000Z,2020-09-13T08:35:59.024000Z,2020-08-29,2020-09-13,0.2,-9,6,0.05005,4.839731,1.0,1.0,0.18308168649673462,0.22168667614459991,0.15195992588996887,0.06181644648313522,0.2904708981513977,0.35241129994392395,-0.6641427874565125,0.6035096645355225,1.0,0.6827965561224489,0.32328204719387754,0.014130261479591837,2,low,0,low,png,images/pre/4efaa67e052150be.png,images/post/4efaa67e052150be.png,images/dnbr/4efaa67e052150be.png,geotiff/pre/4efaa67e052150be.tif,geotiff/post/4efaa67e052150be.tif,geotiff/dnbr/4efaa67e052150be.tif
MCD64A1.A2020245.h20v05.061.2021309112057_r571_c1248,2020-09-07,2020,9,251,MCD64A1.A2020245.h20v05.061.2021309112057,31.81719945053626,37.61874999659703,15,3.75,224,10,a223b4bfdcea5f46,neg,test,Asia,Turkey,31.721155492821055,37.61822287554654,0,40,cropland,cropland,temperate,N,temperate_other,S2A_MSIL2A_20200829T083611_R064_T36SUG_20200907T151320,S2B_MSIL2A_20201003T083729_R064_T36SUG_20201005T074959,2020-08-29T08:36:11.024000Z,2020-10-03T08:37:29.024000Z,2020-08-29,2020-10-03,1.3,-9,26,0.05005,0.338726,1.0,1.0,0.008730515837669373,0.009905749000608921,0.026687880977988243,-0.0076024532318115234,0.02567736618220806,0.04052712395787239,-0.21327365934848785,0.21902650594711304,1.0,0.0015146683673469387,0.0,0.0,1,unburned_or_regrowth,-1,not_applicable,png,images/pre/a223b4bfdcea5f46.png,images/post/a223b4bfdcea5f46.png,images/dnbr/a223b4bfdcea5f46.png,geotiff/pre/a223b4bfdcea5f46.tif,geotiff/post/a223b4bfdcea5f46.tif,geotiff/dnbr/a223b4bfdcea5f46.tif
MCD64A1.A2020061.h28v07.061.2021309111318_r2341_c819,2020-03-21,2020,3,81,MCD64A1.A2020061.h28v07.061.2021309111318,105.08970241697011,10.243749999038405,4504,1126.0,224,10,7608eacfd74e77be,burn,val,Asia,Vietnam,104.95227153360082,10.147916665713563,1,40,cropland,cropland,tropical,N,boreal_other,S2A_MSIL2A_20200225T031711_R118_T48PVS_20200928T061200,S2A_MSIL2A_20200326T031541_R118_T48PVS_20201027T103247,2020-02-25T03:17:11.024000Z,2020-03-26T03:15:41.024000Z,2020-02-25,2020-03-26,1.5,-25,5,0.737015,5.503067,0.9634885204081632,0.9874043367346939,0.5598836541175842,0.6000117063522339,0.22324712574481964,0.4774891436100006,0.6826802492141724,0.8155226111412048,-0.36975932121276855,1.1101047992706299,0.9512117346938775,0.896125637755102,0.8324497767857143,0.7412109375,4,high,2,high,png,images/pre/7608eacfd74e77be.png,images/post/7608eacfd74e77be.png,images/dnbr/7608eacfd74e77be.png,geotiff/pre/7608eacfd74e77be.tif,geotiff/post/7608eacfd74e77be.tif,geotiff/dnbr/7608eacfd74e77be.tif
MCD64A1.A2020061.h28v07.061.2021309111318_r2341_c819,2020-03-21,2020,3,81,MCD64A1.A2020061.h28v07.061.2021309111318,105.08970241697011,10.243749999038405,4504,1126.0,224,10,33b8f3f5da1d8ae8,neg,val,Asia,Vietnam,104.62478497968033,9.645478848599538,0,80,permanent_water_bodies,cropland,tropical,N,boreal_other,S2A_MSIL2A_20200215T031821_R118_T48PVR_20201002T005936,S2B_MSIL2A_20200420T031539_R118_T48PVR_20200924T075630,2020-02-15T03:18:21.024000Z,2020-04-20T03:15:39.024000Z,2020-02-15,2020-04-20,2.7,-35,30,0.935229,0.163662,1.0,1.0,-0.11684560030698776,-0.11564487218856812,0.05630812793970108,-0.1540580838918686,-0.07857143133878708,-0.04586833715438843,-0.3690076172351837,0.22541967034339905,1.0,9.964923469387755e-05,0.0,0.0,1,unburned_or_regrowth,-1,not_applicable,png,images/pre/33b8f3f5da1d8ae8.png,images/post/33b8f3f5da1d8ae8.png,images/dnbr/33b8f3f5da1d8ae8.png,geotiff/pre/33b8f3f5da1d8ae8.tif,geotiff/post/33b8f3f5da1d8ae8.tif,geotiff/dnbr/33b8f3f5da1d8ae8.tif
MCD64A1.A2017182.h26v04.061.2021312132753_r766_c258,2017-07-03,2017,7,184,MCD64A1.A2017182.h26v04.061.2021312132753,118.4527730003545,46.806249995774714,1243,310.75,224,10,09c8004f63756007,burn,train,Asia,Mongolia,118.52827199976475,46.75208332911289,1,90,herbaceous_wetland,wetland,temperate,N,temperate_other,S2A_MSIL2A_20170614T025541_R032_T50TPS_20210209T224735,S2A_MSIL2A_20170717T030541_R075_T50TPS_20210210T101156,2017-06-14T02:55:41.026000Z,2017-07-17T03:05:41.026000Z,2017-06-14,2017-07-17,10.0,-19,14,0.255427,12.36011,1.0,1.0,0.2965337932109833,0.29224228858947754,0.06312926858663559,0.25946640968322754,0.32811492681503296,0.370718777179718,0.12150073051452637,0.7398852109909058,1.0,1.0,0.6761798469387755,0.023776307397959183,3,moderate,1,moderate,png,images/pre/09c8004f63756007.png,images/post/09c8004f63756007.png,images/dnbr/09c8004f63756007.png,geotiff/pre/09c8004f63756007.tif,geotiff/post/09c8004f63756007.tif,geotiff/dnbr/09c8004f63756007.tif
MCD64A1.A2017182.h26v04.061.2021312132753_r766_c258,2017-07-03,2017,7,184,MCD64A1.A2017182.h26v04.061.2021312132753,118.4527730003545,46.806249995774714,1243,310.75,224,10,e392f36912654cd9,neg,train,Asia,Mongolia,118.56825826888118,46.91945591311087,0,90,herbaceous_wetland,wetland,temperate,N,temperate_other,S2A_MSIL2A_20170614T025541_R032_T50TPT_20210209T224735,S2A_MSIL2A_20170724T025551_R032_T50TPS_20210210T133604,2017-06-14T02:55:41.026000Z,2017-07-24T02:55:51.026000Z,2017-06-14,2017-07-24,0.17,-19,21,0.003988,0.210781,1.0,0.9963329081632653,0.0008549531339667737,0.02322731912136078,0.08899185061454773,0.002526290714740753,0.04110303148627281,0.05746136233210564,-0.5412415266036987,0.1846761554479599,0.9963329081632653,0.011399872448979591,0.0,0.0,1,unburned_or_regrowth,-1,not_applicable,png,images/pre/e392f36912654cd9.png,images/post/e392f36912654cd9.png,images/dnbr/e392f36912654cd9.png,geotiff/pre/e392f36912654cd9.tif,geotiff/post/e392f36912654cd9.tif,geotiff/dnbr/e392f36912654cd9.tif
MCD64A1.A2017152.h25v04.061.2021312130425_r245_c1436,2017-06-27,2017,6,178,MCD64A1.A2017152.h25v04.061.2021312130425,115.76774873941103,48.97708332891376,5560,1390.0,224,10,1230325835a9bb45,burn,val,Asia,Mongolia,115.64463253714818,48.90208332892046,1,30,grassland,grassland_savanna,temperate,N,temperate_other,S2A_MSIL2A_20170620T031541_R118_T50ULV_20210210T001818,S2A_MSIL2A_20170710T031541_R118_T50ULV_20210210T065430,2017-06-20T03:15:41.026000Z,2017-07-10T03:15:41.026000Z,2017-06-20,2017-07-10,0.0,-7,13,1.03971,0.430695,1.0,1.0,0.3776981830596924,0.38303714990615845,0.0781451165676117,0.3325998783111572,0.43072229623794556,0.47229963541030884,0.07031632959842682,0.6155552268028259,1.0,0.9995814732142857,0.9019650829081632,0.2090640943877551,3,moderate,1,moderate,png,images/pre/1230325835a9bb45.png,images/post/1230325835a9bb45.png,images/dnbr/1230325835a9bb45.png,geotiff/pre/1230325835a9bb45.tif,geotiff/post/1230325835a9bb45.tif,geotiff/dnbr/1230325835a9bb45.tif
MCD64A1.A2017152.h25v04.061.2021312130425_r245_c1436,2017-06-27,2017,6,178,MCD64A1.A2017152.h25v04.061.2021312130425,115.76774873941103,48.97708332891376,5560,1390.0,224,10,705d84af03f8ef51,neg,val,Asia,Mongolia,115.11060204248218,49.31316217639996,0,30,grassland,grassland_savanna,temperate,N,temperate_other,S2A_MSIL2A_20170613T032541_R018_T49UGQ_20210209T223310,S2A_MSIL2A_20170710T031541_R118_T50ULV_20210210T065430,2017-06-13T03:25:41.026000Z,2017-07-10T03:15:41.026000Z,2017-06-13,2017-07-10,10.0,-14,13,0.461336,0.430695,1.0,1.0,-0.07016762346029282,-0.07293850928544998,0.029706548899412155,-0.08504698425531387,-0.05540791526436806,-0.03494558855891228,-0.312202125787735,0.08923150599002838,1.0,0.0,0.0,0.0,1,unburned_or_regrowth,-1,not_applicable,png,images/pre/705d84af03f8ef51.png,images/post/705d84af03f8ef51.png,images/dnbr/705d84af03f8ef51.png,geotiff/pre/705d84af03f8ef51.tif,geotiff/post/705d84af03f8ef51.tif,geotiff/dnbr/705d84af03f8ef51.tif
MCD64A1.A2020214.h22v03.061.2021309111953_r1523_c805,2020-08-31,2020,8,244,MCD64A1.A2020214.h22v03.061.2021309111953,73.15202123387655,53.65208332849533,71,17.75,224,10,2c9674c34b3b54e5,burn,train,Asia,Kazakhstan,73.15985424688371,53.668749995160496,1,40,cropland,cropland,temperate,N,temperate_other,S2B_MSIL2A_20200802T061639_R034_T43UCV_20200919T112156,S2B_MSIL2A_20200911T061629_R034_T43UCV_20200913T080816,2020-08-02T06:16:39.024000Z,2020-09-11T06:16:29.024000Z,2020-08-02,2020-09-11,0.17,-29,11,1.83945,4.480884,1.0,1.0,0.17094579339027405,0.2192513644695282,0.15793509781360626,-0.022903718054294586,0.28352707624435425,0.33481061458587646,-0.14887353777885437,0.7383142113685608,1.0,0.681281887755102,0.303531568877551,0.023776307397959183,2,low,0,low,png,images/pre/2c9674c34b3b54e5.png,images/post/2c9674c34b3b54e5.png,images/dnbr/2c9674c34b3b54e5.png,geotiff/pre/2c9674c34b3b54e5.tif,geotiff/post/2c9674c34b3b54e5.tif,geotiff/dnbr/2c9674c34b3b54e5.tif
MCD64A1.A2020214.h22v03.061.2021309111953_r1523_c805,2020-08-31,2020,8,244,MCD64A1.A2020214.h22v03.061.2021309111953,73.15202123387655,53.65208332849533,71,17.75,224,10,b3d2aacbdbcc5f25,neg,train,Asia,Kazakhstan,73.29167681405525,53.68496096261823,0,40,cropland,cropland,temperate,N,temperate_other,S2B_MSIL2A_20200802T061639_R034_T43UCV_20200919T112156,S2B_MSIL2A_20200921T061629_R034_T43UCV_20201028T020058,2020-08-02T06:16:39.024000Z,2020-09-21T06:16:29.024000Z,2020-08-02,2020-09-21,0.17,-29,21,1.83945,2.899612,1.0,1.0,-0.0464063435792923,-0.030379178002476692,0.05392463132739067,-0.06818525493144989,-0.009515414945781231,0.004381280392408371,-0.30499744415283203,0.10393982380628586,1.0,7.971938775510203e-05,0.0,0.0,1,unburned_or_regrowth,-1,not_applicable,png,images/pre/b3d2aacbdbcc5f25.png,images/post/b3d2aacbdbcc5f25.png,images/dnbr/b3d2aacbdbcc5f25.png,geotiff/pre/b3d2aacbdbcc5f25.tif,geotiff/post/b3d2aacbdbcc5f25.tif,geotiff/dnbr/b3d2aacbdbcc5f25.tif
MCD64A1.A2017152.h22v06.061.2021312130207_r274_c1436,2017-06-07,2017,6,158,MCD64A1.A2017152.h22v06.061.2021312130207,52.50475953105632,28.8562499973813,96,24.0,224,10,cadc0964b317f551,burn,train,Asia,Iran,52.49314140022694,28.852083330715008,1,30,grassland,grassland_savanna,subtropical,N,subtropical,S2A_MSIL2A_20170510T070621_R106_T39RXM_20210209T142639,S2A_MSIL2A_20170619T070621_R106_T39RXN_20210210T000536,2017-05-10T07:06:21.026000Z,2017-06-19T07:06:21.026000Z,2017-05-10,2017-06-19,0.0,-28,12,0.056896,0.524282,0.9960538903061225,0.9645248724489796,0.41379764676094055,0.4302860498428345,0.2878931164741516,0.23801493644714355,0.6431320905685425,0.7610434889793396,-0.6320902705192566,1.052197813987732,0.9607780612244898,0.8318718112244898,0.6829161352040817,0.4690090880102041,3,moderate,1,moderate,png,images/pre/cadc0964b317f551.png,images/post/cadc0964b317f551.png,images/dnbr/cadc0964b317f551.png,geotiff/pre/cadc0964b317f551.tif,geotiff/post/cadc0964b317f551.tif,geotiff/dnbr/cadc0964b317f551.tif
MCD64A1.A2017152.h22v06.061.2021312130207_r274_c1436,2017-06-07,2017,6,158,MCD64A1.A2017152.h22v06.061.2021312130207,52.50475953105632,28.8562499973813,96,24.0,224,10,bc4e5d01fb23445d,neg,train,Asia,Iran,52.55004360367707,28.910006612880363,0,30,grassland,grassland_savanna,subtropical,N,subtropical,S2A_MSIL2A_20170510T070621_R106_T39RXM_20210209T142639,S2B_MSIL2A_20170704T071309_R106_T39RXM_20210210T044123,2017-05-10T07:06:21.026000Z,2017-07-04T07:13:09.027000Z,2017-05-10,2017-07-04,6.8,-28,27,0.056896,0.079544,0.963249362244898,0.9640465561224489,0.04116595536470413,0.0409466028213501,0.020717313513159752,0.03378955274820328,0.047911662608385086,0.05530043691396713,-0.14051523804664612,0.5034376382827759,0.9630899234693877,0.010144292091836735,0.0009167729591836735,3.985969387755102e-05,1,unburned_or_regrowth,-1,not_applicable,png,images/pre/bc4e5d01fb23445d.png,images/post/bc4e5d01fb23445d.png,images/dnbr/bc4e5d01fb23445d.png,geotiff/pre/bc4e5d01fb23445d.tif,geotiff/post/bc4e5d01fb23445d.tif,geotiff/dnbr/bc4e5d01fb23445d.tif
MCD64A1.A2017182.h26v04.061.2021312132753_r765_c255,2017-07-04,2017,7,185,MCD64A1.A2017182.h26v04.061.2021312132753,118.44368536087792,46.81041666244101,1377,344.25,224,10,c8ea2cefd86c2374,burn,test,Asia,Mongolia,118.4399266682438,46.73124999578143,1,30,grassland,grassland_savanna,temperate,N,temperate_other,S2A_MSIL2A_20170627T030541_R075_T50TPS_20210210T015840,S2A_MSIL2A_20170717T030541_R075_T50TPS_20210210T101156,2017-06-27T03:05:41.026000Z,2017-07-17T03:05:41.026000Z,2017-06-27,2017-07-17,0.0,-7,13,1.030166,12.36011,1.0,0.9818239795918368,0.22493836283683777,0.23776569962501526,0.07211960107088089,0.18769127130508423,0.27228254079818726,0.2984812259674072,-0.12875542044639587,0.4931107461452484,0.9818239795918368,0.9232700892857143,0.26136001275510207,0.0013751594387755102,2,low,0,low,png,images/pre/c8ea2cefd86c2374.png,images/post/c8ea2cefd86c2374.png,images/dnbr/c8ea2cefd86c2374.png,geotiff/pre/c8ea2cefd86c2374.tif,geotiff/post/c8ea2cefd86c2374.tif,geotiff/dnbr/c8ea2cefd86c2374.tif
MCD64A1.A2017182.h26v04.061.2021312132753_r765_c255,2017-07-04,2017,7,185,MCD64A1.A2017182.h26v04.061.2021312132753,118.44368536087792,46.81041666244101,1377,344.25,224,10,5fcd9e261e31104c,neg,test,Asia,Mongolia,118.51353111701134,46.620193326782626,0,30,grassland,grassland_savanna,temperate,N,temperate_other,S2A_MSIL2A_20170614T025541_R032_T50TPS_20210209T224735,S2A_MSIL2A_20170724T025551_R032_T50TPS_20210210T133604,2017-06-14T02:55:41.026000Z,2017-07-24T02:55:51.026000Z,2017-06-14,2017-07-24,0.17,-20,20,0.255427,0.210781,0.9999202806122449,1.0,-0.049793343991041183,-0.04595295712351799,0.032315537333488464,-0.06439773738384247,-0.030146492645144463,-0.017593273892998695,-0.37348538637161255,0.09454913437366486,0.9999202806122449,0.0,0.0,0.0,1,unburned_or_regrowth,-1,not_applicable,png,images/pre/5fcd9e261e31104c.png,images/post/5fcd9e261e31104c.png,images/dnbr/5fcd9e261e31104c.png,geotiff/pre/5fcd9e261e31104c.tif,geotiff/post/5fcd9e261e31104c.tif,geotiff/dnbr/5fcd9e261e31104c.tif
MCD64A1.A2017152.h22v04.061.2021312130154_r114_c896,2017-06-19,2017,6,170,MCD64A1.A2017152.h22v04.061.2021312130154,67.37399771340121,49.52291666219823,899,224.75,224,10,1bf40b78513f43fe,burn,train,Asia,Kazakhstan,67.31733662691133,49.477083328869,1,30,grassland,grassland_savanna,temperate,N,temperate_other,S2A_MSIL2A_20170531T063631_R120_T42UUV_20210209T192348,S2B_MSIL2A_20170705T064019_R120_T42UUV_20210210T050552,2017-05-31T06:36:31.026000Z,2017-07-05T06:40:19.027000Z,2017-05-31,2017-07-05,3.8,-19,16,4.591036,3.611703,1.0,0.9657206632653061,0.2290855348110199,0.19922052323818207,0.15580043196678162,0.1168585792183876,0.2814679443836212,0.4477395713329315,-0.24908055365085602,1.0014594793319702,0.9657206632653061,0.7689931441326531,0.2676578443877551,0.10046635841836735,2,low,0,low,png,images/pre/1bf40b78513f43fe.png,images/post/1bf40b78513f43fe.png,images/dnbr/1bf40b78513f43fe.png,geotiff/pre/1bf40b78513f43fe.tif,geotiff/post/1bf40b78513f43fe.tif,geotiff/dnbr/1bf40b78513f43fe.tif
MCD64A1.A2017152.h22v04.061.2021312130154_r114_c896,2017-06-19,2017,6,170,MCD64A1.A2017152.h22v04.061.2021312130154,67.37399771340121,49.52291666219823,899,224.75,224,10,ed75acba2788afac,neg,train,Asia,Kazakhstan,67.68925654478471,49.40385277058737,0,30,grassland,grassland_savanna,temperate,N,temperate_other,S2A_MSIL2A_20170508T063021_R077_T42UVV_20210209T135639,S2B_MSIL2A_20170801T062629_R077_T42UUV_20210210T175556,2017-05-08T06:30:21.026000Z,2017-08-01T06:26:29.027000Z,2017-05-08,2017-08-01,3.87,-42,43,0.075378,0.009483,1.0,1.0,0.03502919524908066,0.044183578342199326,0.0407557412981987,0.034009188413619995,0.0523049458861351,0.058833420276641846,-0.5953421592712402,0.17912383377552032,1.0,0.0009765625,0.0,0.0,1,unburned_or_regrowth,-1,not_applicable,png,images/pre/ed75acba2788afac.png,images/post/ed75acba2788afac.png,images/dnbr/ed75acba2788afac.png,geotiff/pre/ed75acba2788afac.tif,geotiff/post/ed75acba2788afac.tif,geotiff/dnbr/ed75acba2788afac.tif
MCD64A1.A2019305.h23v04.061.2021309105851_r1238_c94,2019-11-17,2019,11,321,MCD64A1.A2019305.h23v04.061.2021309105851,71.06882508117982,44.83958332928407,65,16.25,224,10,cca3937742da7786,burn,val,Asia,Kazakhstan,71.0886610013666,44.82708332928519,1,30,grassland,grassland_savanna,temperate,N,temperate_other,S2A_MSIL2A_20191019T060851_R134_T42TXQ_20201004T035504,S2A_MSIL2A_20191201T062221_R034_T42TXQ_20201106T060450,2019-10-19T06:08:51.024000Z,2019-12-01T06:22:21.024000Z,2019-10-19,2019-12-01,13.5,-29,14,0.353589,5.355692,0.9954559948979592,0.8257732780612245,0.3454872667789459,0.3665582537651062,0.30807751417160034,0.043898407369852066,0.5823582410812378,0.7590819597244263,-0.8270121812820435,1.1981958150863647,0.8252152423469388,0.5906608737244898,0.4926658163265306,0.34249441964285715,3,moderate,1,moderate,png,images/pre/cca3937742da7786.png,images/post/cca3937742da7786.png,images/dnbr/cca3937742da7786.png,geotiff/pre/cca3937742da7786.tif,geotiff/post/cca3937742da7786.tif,geotiff/dnbr/cca3937742da7786.tif
MCD64A1.A2019305.h23v04.061.2021309105851_r1238_c94,2019-11-17,2019,11,321,MCD64A1.A2019305.h23v04.061.2021309105851,71.06882508117982,44.83958332928407,65,16.25,224,10,15e2ba0e5a4a44a0,neg,val,Asia,Kazakhstan,71.00200177841697,44.91974452719894,0,30,grassland,grassland_savanna,temperate,N,temperate_other,S2A_MSIL2A_20191009T060741_R134_T42TXQ_20201004T001505,S2A_MSIL2A_20191201T062221_R034_T42TXQ_20201106T060450,2019-10-09T06:07:41.024000Z,2019-12-01T06:22:21.024000Z,2019-10-09,2019-12-01,14.67,-39,14,0.350092,5.355692,1.0,1.0,-0.0595884695649147,-0.050371117889881134,0.028978675603866577,-0.06410917639732361,-0.04183260351419449,-0.03496825695037842,-0.20437419414520264,0.039996951818466187,1.0,0.0,0.0,0.0,1,unburned_or_regrowth,-1,not_applicable,png,images/pre/15e2ba0e5a4a44a0.png,images/post/15e2ba0e5a4a44a0.png,images/dnbr/15e2ba0e5a4a44a0.png,geotiff/pre/15e2ba0e5a4a44a0.tif,geotiff/post/15e2ba0e5a4a44a0.tif,geotiff/dnbr/15e2ba0e5a4a44a0.tif
MCD64A1.A2017274.h23v04.061.2021312170250_r865_c1413,2017-10-05,2017,10,278,MCD64A1.A2017274.h23v04.061.2021312170250,81.03480075154278,46.39374999581163,295,73.75,224,10,a7b7655e6b739c7a,burn,train,Asia,Kazakhstan,81.05248557300082,46.38124999581275,1,30,grassland,grassland_savanna,temperate,N,temperate_other,S2A_MSIL2A_20170917T052641_R105_T44TNS_20210202T043143,S2A_MSIL2A_20171010T053731_R005_T44TMS_20210202T161203,2017-09-17T05:26:41.026000Z,2017-10-10T05:37:31.026000Z,2017-09-17,2017-10-10,10.83,-18,5,0.114479,1.805435,0.9990433673469388,0.9995216836734694,0.2442597895860672,0.25673842430114746,0.13072264194488525,0.14221180975437164,0.34845948219299316,0.40716636180877686,-0.1831437647342682,0.7888257503509521,0.9985650510204082,0.8263512436224489,0.46627869897959184,0.046755420918367346,2,low,0,low,png,images/pre/a7b7655e6b739c7a.png,images/post/a7b7655e6b739c7a.png,images/dnbr/a7b7655e6b739c7a.png,geotiff/pre/a7b7655e6b739c7a.tif,geotiff/post/a7b7655e6b739c7a.tif,geotiff/dnbr/a7b7655e6b739c7a.tif
MCD64A1.A2017274.h23v04.061.2021312170250_r865_c1413,2017-10-05,2017,10,278,MCD64A1.A2017274.h23v04.061.2021312170250,81.03480075154278,46.39374999581163,295,73.75,224,10,a64d1babb26bdae0,neg,train,Asia,Kazakhstan,80.7995342361597,46.44612345820158,0,30,grassland,grassland_savanna,temperate,N,temperate_other,S2A_MSIL2A_20170828T052651_R105_T44TMS_20210201T130453,S2A_MSIL2A_20171010T053731_R005_T44TMS_20210202T161203,2017-08-28T05:26:51.026000Z,2017-10-10T05:37:31.026000Z,2017-08-28,2017-10-10,10.67,-38,5,0.036288,1.805435,1.0,1.0,-0.09448042511940002,-0.10310796648263931,0.04050547257065773,-0.12268659472465515,-0.07473135739564896,-0.037273019552230835,-0.2853527069091797,0.14799416065216064,1.0,0.00023915816326530612,0.0,0.0,1,unburned_or_regrowth,-1,not_applicable,png,images/pre/a64d1babb26bdae0.png,images/post/a64d1babb26bdae0.png,images/dnbr/a64d1babb26bdae0.png,geotiff/pre/a64d1babb26bdae0.tif,geotiff/post/a64d1babb26bdae0.tif,geotiff/dnbr/a64d1babb26bdae0.tif
MCD64A1.A2020245.h21v05.061.2021309112111_r755_c1284,2020-09-03,2020,9,247,MCD64A1.A2020245.h21v05.061.2021309112111,44.17980406076413,36.85208332999898,114,28.5,224,10,5ef05351aaef4508,burn,train,Asia,Iraq,44.15337507869951,36.86041666333157,1,30,grassland,grassland_savanna,temperate,N,temperate_other,S2B_MSIL2A_20200819T074619_R135_T38SMF_20200919T080259,S2B_MSIL2A_20200908T074619_R135_T38SMF_20200911T213016,2020-08-19T07:46:19.024000Z,2020-09-08T07:46:19.024000Z,2020-08-19,2020-09-08,0.0,-15,5,0.134983,0.067598,1.0,1.0,0.23115916550159454,0.2508774399757385,0.17030850052833557,0.055133119225502014,0.3615146279335022,0.45612451434135437,-0.24974994361400604,0.6688456535339355,1.0,0.7066924426020408,0.455078125,0.12163185586734694,2,low,0,low,png,images/pre/5ef05351aaef4508.png,images/post/5ef05351aaef4508.png,images/dnbr/5ef05351aaef4508.png,geotiff/pre/5ef05351aaef4508.tif,geotiff/post/5ef05351aaef4508.tif,geotiff/dnbr/5ef05351aaef4508.tif
MCD64A1.A2020245.h21v05.061.2021309112111_r755_c1284,2020-09-03,2020,9,247,MCD64A1.A2020245.h21v05.061.2021309112111,44.17980406076413,36.85208332999898,114,28.5,224,10,383a3f9955c02bcb,neg,train,Asia,Iraq,44.33335325963675,36.789109481332964,0,60,bare_sparse_vegetation,grassland_savanna,temperate,N,temperate_other,S2B_MSIL2A_20200730T074619_R135_T38SMF_20200818T044606,S2B_MSIL2A_20200908T074619_R135_T38SMF_20200911T213016,2020-07-30T07:46:19.024000Z,2020-09-08T07:46:19.024000Z,2020-07-30,2020-09-08,0.0,-35,5,0.083955,0.067598,1.0,1.0,0.0067270416766405106,0.006582845002412796,0.021761499345302582,-0.005499791353940964,0.018826924264431,0.03149133920669556,-0.2233383059501648,0.27352648973464966,1.0,0.0020527742346938774,1.992984693877551e-05,0.0,1,unburned_or_regrowth,-1,not_applicable,png,images/pre/383a3f9955c02bcb.png,images/post/383a3f9955c02bcb.png,images/dnbr/383a3f9955c02bcb.png,geotiff/pre/383a3f9955c02bcb.tif,geotiff/post/383a3f9955c02bcb.tif,geotiff/dnbr/383a3f9955c02bcb.tif
MCD64A1.A2020032.h24v06.061.2021309111141_r2086_c1384,2020-02-24,2020,2,55,MCD64A1.A2020032.h24v06.061.2021309111141,70.5937178353295,21.306249998057048,13,3.25,224,10,18e6b5ad7952d0dc,burn,train,Asia,India,70.60466521997533,21.310416664723345,1,10,tree_cover,forest,tropical,N,tropical_moist,S2B_MSIL2A_20200215T054929_R048_T42QXJ_20201002T020402,S2A_MSIL2A_20200301T054741_R048_T42QXJ_20200925T231154,2020-02-15T05:49:29.024000Z,2020-03-01T05:47:41.024000Z,2020-02-15,2020-03-01,1.8,-9,6,0.035992,0.034101,0.9999202806122449,0.9999202806122449,0.17623598873615265,0.17769905924797058,0.14670763909816742,0.0446121022105217,0.2875446677207947,0.36488229036331177,-0.3402085304260254,0.7169684171676636,0.9998405612244898,0.6480986926020408,0.29147401147959184,0.03734853316326531,2,low,0,low,png,images/pre/18e6b5ad7952d0dc.png,images/post/18e6b5ad7952d0dc.png,images/dnbr/18e6b5ad7952d0dc.png,geotiff/pre/18e6b5ad7952d0dc.tif,geotiff/post/18e6b5ad7952d0dc.tif,geotiff/dnbr/18e6b5ad7952d0dc.tif
MCD64A1.A2020032.h24v06.061.2021309111141_r2086_c1384,2020-02-24,2020,2,55,MCD64A1.A2020032.h24v06.061.2021309111141,70.5937178353295,21.306249998057048,13,3.25,224,10,8ea79c4931e66b2c,neg,train,Asia,India,70.62070701258091,21.24753430369958,0,40,cropland,cropland,tropical,N,boreal_other,S2B_MSIL2A_20200215T054929_R048_T42QXJ_20201002T020402,S2A_MSIL2A_20200301T054741_R048_T42QXJ_20200925T231154,2020-02-15T05:49:29.024000Z,2020-03-01T05:47:41.024000Z,2020-02-15,2020-03-01,1.8,-9,6,0.035992,0.034101,1.0,1.0,0.032712943851947784,0.028421364724636078,0.02950803004205227,0.012156497687101364,0.04853310063481331,0.0708208829164505,-0.062349166721105576,0.33690088987350464,1.0,0.02369658801020408,0.0004185267857142857,0.0,1,unburned_or_regrowth,-1,not_applicable,png,images/pre/8ea79c4931e66b2c.png,images/post/8ea79c4931e66b2c.png,images/dnbr/8ea79c4931e66b2c.png,geotiff/pre/8ea79c4931e66b2c.tif,geotiff/post/8ea79c4931e66b2c.tif,geotiff/dnbr/8ea79c4931e66b2c.tif
MCD64A1.A2017182.h21v03.061.2021312132349_r2388_c90,2017-07-17,2017,7,198,MCD64A1.A2017182.h21v03.061.2021312132349,47.30551674722123,50.04791666215124,286,71.5,224,10,0899f6d657a8e09a,burn,train,Asia,Kazakhstan,47.260400307957134,50.00208332882201,1,30,grassland,grassland_savanna,temperate,N,temperate_other,S2B_MSIL2A_20170706T074609_R135_T38UPA_20210210T053447,S2A_MSIL2A_20170803T075611_R035_T38UPA_20210210T184421,2017-07-06T07:46:09.027000Z,2017-08-03T07:56:11.026000Z,2017-07-06,2017-08-03,10.03,-11,17,3.137791,0.146287,1.0,1.0,0.45388004183769226,0.4440739154815674,0.1442977786064148,0.34805500507354736,0.5527569651603699,0.6512162685394287,0.008882537484169006,1.0216819047927856,1.0,0.996452487244898,0.9118502869897959,0.5116191007653061,4,high,2,high,png,images/pre/0899f6d657a8e09a.png,images/post/0899f6d657a8e09a.png,images/dnbr/0899f6d657a8e09a.png,geotiff/pre/0899f6d657a8e09a.tif,geotiff/post/0899f6d657a8e09a.tif,geotiff/dnbr/0899f6d657a8e09a.tif
MCD64A1.A2017182.h21v03.061.2021312132349_r2388_c90,2017-07-17,2017,7,198,MCD64A1.A2017182.h21v03.061.2021312132349,47.30551674722123,50.04791666215124,286,71.5,224,10,f280d9fafabd6fa1,neg,train,Asia,Kazakhstan,47.33326065524592,49.93510512331391,0,30,grassland,grassland_savanna,temperate,N,temperate_other,S2B_MSIL2A_20170706T074609_R135_T38UPA_20210210T053447,S2A_MSIL2A_20170803T075611_R035_T38UPA_20210210T184421,2017-07-06T07:46:09.027000Z,2017-08-03T07:56:11.026000Z,2017-07-06,2017-08-03,10.03,-11,17,3.137791,0.146287,0.9973294005102041,1.0,0.036582086235284805,0.03236857429146767,0.03234720230102539,0.02046610787510872,0.04741712287068367,0.06464013457298279,-0.3970484137535095,0.5717178583145142,0.9973294005102041,0.02325813137755102,0.002072704081632653,0.0004384566326530612,1,unburned_or_regrowth,-1,not_applicable,png,images/pre/f280d9fafabd6fa1.png,images/post/f280d9fafabd6fa1.png,images/dnbr/f280d9fafabd6fa1.png,geotiff/pre/f280d9fafabd6fa1.tif,geotiff/post/f280d9fafabd6fa1.tif,geotiff/dnbr/f280d9fafabd6fa1.tif
MCD64A1.A2018121.h25v04.061.2021356005333_r203_c85,2018-05-24,2018,5,144,MCD64A1.A2018121.h25v04.061.2021356005333,107.56957195715117,49.15208332889809,13,3.25,224,10,77a6ec2b1c3badcb,burn,train,Asia,Mongolia,107.57862035685041,49.15624999556438,1,30,grassland,grassland_savanna,temperate,N,temperate_other,S2B_MSIL2A_20180510T034539_R104_T48UXV_20201026T092412,S2B_MSIL2A_20180530T034529_R104_T48UXV_20201012T155619,2018-05-10T03:45:39.027000Z,2018-05-30T03:45:29.024000Z,2018-05-10,2018-05-30,0.17,-14,6,0.754935,0.285518,1.0,1.0,0.159101203083992,0.17429733276367188,0.09433387964963913,0.11190956830978394,0.22364959120750427,0.2627696692943573,-0.35091203451156616,0.7615660429000854,1.0,0.7827845982142857,0.08005819515306123,0.0004384566326530612,2,low,0,low,png,images/pre/77a6ec2b1c3badcb.png,images/post/77a6ec2b1c3badcb.png,images/dnbr/77a6ec2b1c3badcb.png,geotiff/pre/77a6ec2b1c3badcb.tif,geotiff/post/77a6ec2b1c3badcb.tif,geotiff/dnbr/77a6ec2b1c3badcb.tif
MCD64A1.A2018121.h25v04.061.2021356005333_r203_c85,2018-05-24,2018,5,144,MCD64A1.A2018121.h25v04.061.2021356005333,107.56957195715117,49.15208332889809,13,3.25,224,10,ba3e52be088a3f17,neg,train,Asia,Mongolia,107.51556820348685,49.16552295256591,0,30,grassland,grassland_savanna,temperate,N,temperate_other,S2B_MSIL2A_20180423T035539_R004_T48UXV_20201013T014645,S2B_MSIL2A_20180530T034529_R104_T48UXV_20201012T155619,2018-04-23T03:55:39.027000Z,2018-05-30T03:45:29.024000Z,2018-04-23,2018-05-30,10.17,-31,6,0.54606,0.285518,0.9999202806122449,1.0,-0.20935000479221344,-0.20237556099891663,0.07856566458940506,-0.2560405731201172,-0.15498323738574982,-0.11776983737945557,-0.718387246131897,0.38690489530563354,0.9999202806122449,0.0005580357142857143,0.00013950892857142856,0.0,1,unburned_or_regrowth,-1,not_applicable,png,images/pre/ba3e52be088a3f17.png,images/post/ba3e52be088a3f17.png,images/dnbr/ba3e52be088a3f17.png,geotiff/pre/ba3e52be088a3f17.tif,geotiff/post/ba3e52be088a3f17.tif,geotiff/dnbr/ba3e52be088a3f17.tif
MCD64A1.A2017152.h26v04.061.2021312130505_r576_c62,2017-06-30,2017,6,181,MCD64A1.A2017152.h26v04.061.2021312130505,119.022596254824,47.59791666237052,975,243.75,224,10,042d68cd0f47eb17,burn,train,Asia,Mongolia,119.0440072039929,47.53124999570983,1,30,grassland,grassland_savanna,temperate,N,temperate_other,S2A_MSIL2A_20170614T025541_R032_T50TPT_20210209T224735,S2B_MSIL2A_20170712T030539_R075_T50TPT_20210210T075518,2017-06-14T02:55:41.026000Z,2017-07-12T03:05:39.027000Z,2017-06-14,2017-07-12,9.97,-16,12,0.003988,3.111834,1.0,1.0,0.363479882478714,0.3455151915550232,0.17773091793060303,0.2774822413921356,0.4982489347457886,0.5892101526260376,-0.39001527428627014,0.9041458368301392,1.0,0.9449338329081632,0.7690927933673469,0.3360570790816326,3,moderate,1,moderate,png,images/pre/042d68cd0f47eb17.png,images/post/042d68cd0f47eb17.png,images/dnbr/042d68cd0f47eb17.png,geotiff/pre/042d68cd0f47eb17.tif,geotiff/post/042d68cd0f47eb17.tif,geotiff/dnbr/042d68cd0f47eb17.tif
MCD64A1.A2017152.h26v04.061.2021312130505_r576_c62,2017-06-30,2017,6,181,MCD64A1.A2017152.h26v04.061.2021312130505,119.022596254824,47.59791666237052,975,243.75,224,10,28fc1996ebed93b8,neg,train,Asia,Mongolia,119.17946026187417,47.78310432150019,0,30,grassland,grassland_savanna,temperate,N,temperate_other,S2A_MSIL2A_20170614T025541_R032_T50UPU_20210209T224736,S2A_MSIL2A_20170724T025551_R032_T50TPT_20210210T133605,2017-06-14T02:55:41.026000Z,2017-07-24T02:55:51.026000Z,2017-06-14,2017-07-24,0.17,-16,24,0.047324,0.255747,1.0,1.0,0.03490401431918144,0.03513490408658981,0.02971695363521576,0.015159699134528637,0.05483595281839371,0.07252173125743866,-0.10084885358810425,0.1974993646144867,1.0,0.013671875,0.0,0.0,1,unburned_or_regrowth,-1,not_applicable,png,images/pre/28fc1996ebed93b8.png,images/post/28fc1996ebed93b8.png,images/dnbr/28fc1996ebed93b8.png,geotiff/pre/28fc1996ebed93b8.tif,geotiff/post/28fc1996ebed93b8.tif,geotiff/dnbr/28fc1996ebed93b8.tif
MCD64A1.A2017152.h22v04.061.2021312130154_r325_c752,2017-06-17,2017,6,168,MCD64A1.A2017152.h22v04.061.2021312130154,65.28360378601344,48.64374999561025,3127,781.75,224,10,9d4cfac9fa0277e2,burn,train,Asia,Kazakhstan,65.43765106036477,48.63124999561137,1,30,grassland,grassland_savanna,temperate,N,temperate_other,S2A_MSIL2A_20170531T063631_R120_T41UPP_20210209T192340,S2B_MSIL2A_20170705T064019_R120_T41UPP_20210210T050546,2017-05-31T06:36:31.026000Z,2017-07-05T06:40:19.027000Z,2017-05-31,2017-07-05,3.8,-17,18,0.228417,3.238871,1.0,1.0,0.19435767829418182,0.17277675867080688,0.0969076007604599,0.14694930613040924,0.20626190304756165,0.295556902885437,-0.17581868171691895,0.8065508008003235,1.0,0.9304647640306123,0.11981823979591837,0.04141422193877551,2,low,0,low,png,images/pre/9d4cfac9fa0277e2.png,images/post/9d4cfac9fa0277e2.png,images/dnbr/9d4cfac9fa0277e2.png,geotiff/pre/9d4cfac9fa0277e2.tif,geotiff/post/9d4cfac9fa0277e2.tif,geotiff/dnbr/9d4cfac9fa0277e2.tif
MCD64A1.A2017152.h22v04.061.2021312130154_r325_c752,2017-06-17,2017,6,168,MCD64A1.A2017152.h22v04.061.2021312130154,65.28360378601344,48.64374999561025,3127,781.75,224,10,7ead0c88944214e6,neg,train,Asia,Kazakhstan,65.30748413231943,48.94852839113703,0,30,grassland,grassland_savanna,temperate,N,temperate_other,S2A_MSIL2A_20170531T063631_R120_T41UPQ_20210209T192338,S2A_MSIL2A_20170723T064631_R020_T41UPQ_20210210T130924,2017-05-31T06:36:31.026000Z,2017-07-23T06:46:31.026000Z,2017-05-31,2017-07-23,10.0,-17,36,0.29842,0.0976,1.0,1.0,0.03805675730109215,0.03662540763616562,0.02162536047399044,0.027396656572818756,0.046412158757448196,0.05856646969914436,-1.056530475616455,0.20410968363285065,1.0,0.00918765943877551,0.0,0.0,1,unburned_or_regrowth,-1,not_applicable,png,images/pre/7ead0c88944214e6.png,images/post/7ead0c88944214e6.png,images/dnbr/7ead0c88944214e6.png,geotiff/pre/7ead0c88944214e6.tif,geotiff/post/7ead0c88944214e6.tif,geotiff/dnbr/7ead0c88944214e6.tif
MCD64A1.A2017152.h26v04.061.2021312130505_r569_c43,2017-06-29,2017,6,180,MCD64A1.A2017152.h26v04.061.2021312130505,118.97153113284836,47.62708332903458,1228,307.0,224,10,e982b6a6057e9763,burn,train,Asia,Mongolia,118.95467601339845,47.66041666236494,1,30,grassland,grassland_savanna,temperate,N,temperate_other,S2A_MSIL2A_20170614T025541_R032_T50TPT_20210209T224735,S2B_MSIL2A_20170712T030539_R075_T50TPT_20210210T075518,2017-06-14T02:55:41.026000Z,2017-07-12T03:05:39.027000Z,2017-06-14,2017-07-12,9.97,-15,13,0.003988,3.111834,1.0,1.0,0.3390520513057709,0.34277525544166565,0.1267233043909073,0.23592333495616913,0.4398643672466278,0.5048905611038208,0.04297336935997009,0.8540118932723999,1.0,0.9905532525510204,0.6727917729591837,0.24980070153061223,3,moderate,1,moderate,png,images/pre/e982b6a6057e9763.png,images/post/e982b6a6057e9763.png,images/dnbr/e982b6a6057e9763.png,geotiff/pre/e982b6a6057e9763.tif,geotiff/post/e982b6a6057e9763.tif,geotiff/dnbr/e982b6a6057e9763.tif
MCD64A1.A2017152.h26v04.061.2021312130505_r569_c43,2017-06-29,2017,6,180,MCD64A1.A2017152.h26v04.061.2021312130505,118.97153113284836,47.62708332903458,1228,307.0,224,10,da63cc7fc19bdadb,neg,train,Asia,Mongolia,118.89816302780672,47.815538268958385,0,30,grassland,grassland_savanna,temperate,N,temperate_other,S2A_MSIL2A_20170614T025541_R032_T50UPU_20210209T224736,S2A_MSIL2A_20170724T025551_R032_T50TPT_20210210T133605,2017-06-14T02:55:41.026000Z,2017-07-24T02:55:51.026000Z,2017-06-14,2017-07-24,0.17,-15,25,0.047324,0.255747,1.0,1.0,0.007980522699654102,0.007832042872905731,0.015289084985852242,-0.0014764852821826935,0.017000533640384674,0.026748932898044586,-0.11230036616325378,0.10075956583023071,1.0,1.992984693877551e-05,0.0,0.0,1,unburned_or_regrowth,-1,not_applicable,png,images/pre/da63cc7fc19bdadb.png,images/post/da63cc7fc19bdadb.png,images/dnbr/da63cc7fc19bdadb.png,geotiff/pre/da63cc7fc19bdadb.tif,geotiff/post/da63cc7fc19bdadb.tif,geotiff/dnbr/da63cc7fc19bdadb.tif
MCD64A1.A2020032.h23v05.061.2021309111145_r2109_c713,2020-02-06,2020,2,37,MCD64A1.A2020032.h23v05.061.2021309111145,61.93706381502321,31.210416663837265,6,1.5,224,10,6f1bf38534b6a1ce,burn,val,Asia,Afghanistan,61.93492108287766,31.214583330503558,1,40,cropland,cropland,subtropical,N,subtropical,S2A_MSIL2A_20200113T063221_R077_T41RLQ_20201002T180544,S2A_MSIL2A_20200222T062851_R077_T41RLQ_20200927T180000,2020-01-13T06:32:21.024000Z,2020-02-22T06:28:51.024000Z,2020-01-13,2020-02-22,3.5,-24,16,7.153107,11.428094,1.0,0.9322983099489796,0.20038668811321259,0.1488969773054123,0.16225822269916534,0.08866670727729797,0.29197824001312256,0.468538761138916,-0.35780423879623413,0.6638057231903076,0.9322983099489796,0.6579241071428571,0.2535873724489796,0.11310188137755102,2,low,0,low,png,images/pre/6f1bf38534b6a1ce.png,images/post/6f1bf38534b6a1ce.png,images/dnbr/6f1bf38534b6a1ce.png,geotiff/pre/6f1bf38534b6a1ce.tif,geotiff/post/6f1bf38534b6a1ce.tif,geotiff/dnbr/6f1bf38534b6a1ce.tif
MCD64A1.A2020032.h23v05.061.2021309111145_r2109_c713,2020-02-06,2020,2,37,MCD64A1.A2020032.h23v05.061.2021309111145,61.93706381502321,31.210416663837265,6,1.5,224,10,f438330875a5cc1b,neg,val,Asia,Afghanistan,61.96440852729691,31.120249012678325,0,40,cropland,cropland,subtropical,N,subtropical,S2B_MSIL2A_20200118T063209_R077_T41RMQ_20201002T202146,S2A_MSIL2A_20200222T062851_R077_T41RMQ_20200927T180022,2020-01-18T06:32:09.024000Z,2020-02-22T06:28:51.024000Z,2020-01-18,2020-02-22,3.3,-19,16,0.316777,0.308825,0.9971301020408163,0.9793128188775511,-0.13777369260787964,-0.14984051883220673,0.11938496679067612,-0.23073095083236694,-0.016123143956065178,0.011646459810435772,-0.545353889465332,0.18983468413352966,0.9773198341836735,0.0065170599489795915,0.0,0.0,1,unburned_or_regrowth,-1,not_applicable,png,images/pre/f438330875a5cc1b.png,images/post/f438330875a5cc1b.png,images/dnbr/f438330875a5cc1b.png,geotiff/pre/f438330875a5cc1b.tif,geotiff/post/f438330875a5cc1b.tif,geotiff/dnbr/f438330875a5cc1b.tif
MCD64A1.A2018091.h25v04.061.2021354104913_r863_c1968,2018-04-24,2018,4,114,MCD64A1.A2018091.h25v04.061.2021354104913,113.40320931169938,46.40208332914422,29,7.25,224,10,18b248d868205020,burn,train,Asia,Mongolia,113.40320931169938,46.40208332914422,1,30,grassland,grassland_savanna,temperate,N,temperate_other,S2B_MSIL2A_20180325T032529_R018_T49TFM_20201013T140714,S2A_MSIL2A_20180429T032541_R018_T49TFM_20201026T080958,2018-03-25T03:25:29.027000Z,2018-04-29T03:25:41.024000Z,2018-03-25,2018-04-29,0.2,-30,5,1.051267,7.688033,1.0,0.9829400510204082,0.19463971257209778,0.19546809792518616,0.12650653719902039,0.12138386070728302,0.2724969685077667,0.3513452112674713,-0.18057894706726074,0.6614691615104675,0.9829400510204082,0.7852957589285714,0.2521125637755102,0.03182796556122449,2,low,0,low,png,images/pre/18b248d868205020.png,images/post/18b248d868205020.png,images/dnbr/18b248d868205020.png,geotiff/pre/18b248d868205020.tif,geotiff/post/18b248d868205020.tif,geotiff/dnbr/18b248d868205020.tif
MCD64A1.A2018091.h25v04.061.2021354104913_r863_c1968,2018-04-24,2018,4,114,MCD64A1.A2018091.h25v04.061.2021354104913,113.40320931169938,46.40208332914422,29,7.25,224,10,54f609432e5fc358,neg,train,Asia,Mongolia,113.40589336531949,46.46189185020723,0,30,grassland,grassland_savanna,temperate,N,temperate_other,S2A_MSIL2A_20180320T032531_R018_T49TFM_20201013T113037,S2B_MSIL2A_20180531T031539_R118_T49TFM_20201012T161947,2018-03-20T03:25:31.026000Z,2018-05-31T03:15:39.024000Z,2018-03-20,2018-05-31,9.87,-35,37,0.101377,0.378843,1.0,1.0,0.03203759714961052,0.02976015768945217,0.02433151938021183,0.019669920206069946,0.04102490842342377,0.05198371037840843,-0.05836331844329834,0.6230552196502686,1.0,0.009745695153061224,0.0016541772959183674,0.0003985969387755102,1,unburned_or_regrowth,-1,not_applicable,png,images/pre/54f609432e5fc358.png,images/post/54f609432e5fc358.png,images/dnbr/54f609432e5fc358.png,geotiff/pre/54f609432e5fc358.tif,geotiff/post/54f609432e5fc358.tif,geotiff/dnbr/54f609432e5fc358.tif
MCD64A1.A2017182.h20v05.061.2021312132246_r1046_c2286,2017-07-19,2017,7,200,MCD64A1.A2017182.h20v05.061.2021312132246,36.33215380040539,35.6395833301075,9,2.25,224,10,0b093ffb022580f3,burn,train,Asia,Syria,36.33728075359812,35.6395833301075,1,40,cropland,cropland,temperate,N,temperate_other,S2A_MSIL2A_20170710T082011_R121_T37SBV_20210210T065752,S2B_MSIL2A_20170804T081559_R121_T37SBV_20210210T193058,2017-07-10T08:20:11.026000Z,2017-08-04T08:15:59.027000Z,2017-07-10,2017-08-04,4.2,-9,16,0.756354,2.556362,0.9998405612244898,0.9998405612244898,0.1799686998128891,0.06560453772544861,0.19600749015808105,0.031180085614323616,0.3411785960197449,0.49129220843315125,-0.19331452250480652,0.8692373037338257,0.9997608418367347,0.4321986607142857,0.3161471619897959,0.15104830994897958,2,low,0,low,png,images/pre/0b093ffb022580f3.png,images/post/0b093ffb022580f3.png,images/dnbr/0b093ffb022580f3.png,geotiff/pre/0b093ffb022580f3.tif,geotiff/post/0b093ffb022580f3.tif,geotiff/dnbr/0b093ffb022580f3.tif
MCD64A1.A2017182.h20v05.061.2021312132246_r1046_c2286,2017-07-19,2017,7,200,MCD64A1.A2017182.h20v05.061.2021312132246,36.33215380040539,35.6395833301075,9,2.25,224,10,60ee0e2526c3515c,neg,train,Asia,Syria,36.41717220985586,35.6388451548412,0,40,cropland,cropland,temperate,N,temperate_other,S2A_MSIL2A_20170710T082011_R121_T37SBV_20210210T065752,S2B_MSIL2A_20170804T081559_R121_T37SBV_20210210T193058,2017-07-10T08:20:11.026000Z,2017-08-04T08:15:59.027000Z,2017-07-10,2017-08-04,4.2,-9,16,0.756354,2.556362,0.9996811224489796,0.9996014030612245,0.031818270683288574,0.030540253967046738,0.016172796487808228,0.022034410387277603,0.039885058999061584,0.05026794224977493,-0.05300014466047287,0.23728212714195251,0.9995216836734694,0.003667091836734694,0.0,0.0,1,unburned_or_regrowth,-1,not_applicable,png,images/pre/60ee0e2526c3515c.png,images/post/60ee0e2526c3515c.png,images/dnbr/60ee0e2526c3515c.png,geotiff/pre/60ee0e2526c3515c.tif,geotiff/post/60ee0e2526c3515c.tif,geotiff/dnbr/60ee0e2526c3515c.tif
MCD64A1.A2020245.h20v05.061.2021309112057_r510_c1187,2020-09-02,2020,9,246,MCD64A1.A2020245.h20v05.061.2021309112057,31.604670437141497,37.87291666324095,6,1.5,224,10,8333adb8e5bed1be,burn,train,Asia,Turkey,31.60645809935607,37.877083329907244,1,40,cropland,cropland,temperate,N,temperate_other,S2B_MSIL2A_20200804T083609_R064_T36SUG_20201027T084029,S2A_MSIL2A_20200908T083601_R064_T36SUG_20200911T212133,2020-08-04T08:36:09.024000Z,2020-09-08T08:36:01.024000Z,2020-08-04,2020-09-08,0.13,-29,6,0.067173,0.11852,1.0,1.0,0.15920573472976685,0.17637187242507935,0.12204389274120331,0.043003149330616,0.2365041822195053,0.30581289529800415,-0.5516409873962402,0.646940290927887,1.0,0.6967275191326531,0.1607342155612245,0.012276785714285714,2,low,0,low,png,images/pre/8333adb8e5bed1be.png,images/post/8333adb8e5bed1be.png,images/dnbr/8333adb8e5bed1be.png,geotiff/pre/8333adb8e5bed1be.tif,geotiff/post/8333adb8e5bed1be.tif,geotiff/dnbr/8333adb8e5bed1be.tif
MCD64A1.A2020245.h20v05.061.2021309112057_r510_c1187,2020-09-02,2020,9,246,MCD64A1.A2020245.h20v05.061.2021309112057,31.604670437141497,37.87291666324095,6,1.5,224,10,a67888ea064a1ee7,neg,train,Asia,Turkey,31.684357043788996,37.92305661245774,0,40,cropland,cropland,temperate,N,temperate_other,S2B_MSIL2A_20200725T083559_R064_T36SUG_20200817T125654,S2A_MSIL2A_20200908T083601_R064_T36SUG_20200911T212133,2020-07-25T08:35:59.024000Z,2020-09-08T08:36:01.024000Z,2020-07-25,2020-09-08,0.03,-39,6,0.053398,0.11852,0.9999202806122449,0.9998405612244898,-0.012648630887269974,-0.011351708322763443,0.025751739740371704,-0.026633718982338905,0.002372266724705696,0.0159047469496727,-0.21159212291240692,0.1668265163898468,0.9997608418367347,0.0009367028061224489,0.0,0.0,1,unburned_or_regrowth,-1,not_applicable,png,images/pre/a67888ea064a1ee7.png,images/post/a67888ea064a1ee7.png,images/dnbr/a67888ea064a1ee7.png,geotiff/pre/a67888ea064a1ee7.tif,geotiff/post/a67888ea064a1ee7.tif,geotiff/dnbr/a67888ea064a1ee7.tif
MCD64A1.A2020214.h22v04.061.2021309112000_r802_c1400,2020-08-07,2020,8,220,MCD64A1.A2020214.h22v04.061.2021309112000,66.77908189261295,46.65624999578814,2874,718.5,224,10,294d60b11c877f44,burn,train,Asia,Kazakhstan,66.58251729055061,46.639583329122964,1,30,grassland,grassland_savanna,temperate,N,temperate_other,S2A_MSIL2A_20200714T063631_R120_T42TUS_20200913T031950,S2B_MSIL2A_20200815T062629_R077_T41TQM_20200818T113006,2020-07-14T06:36:31.024000Z,2020-08-15T06:26:29.024000Z,2020-07-14,2020-08-15,10.03,-24,8,0.298769,3.50263,1.0,1.0,0.16726192831993103,0.1774071753025055,0.09515169262886047,0.08882506191730499,0.23968373239040375,0.2878333330154419,-0.08694871515035629,0.5208404660224915,1.0,0.7279575892857143,0.15122767857142858,0.0007772640306122449,2,low,0,low,png,images/pre/294d60b11c877f44.png,images/post/294d60b11c877f44.png,images/dnbr/294d60b11c877f44.png,geotiff/pre/294d60b11c877f44.tif,geotiff/post/294d60b11c877f44.tif,geotiff/dnbr/294d60b11c877f44.tif
MCD64A1.A2020214.h22v04.061.2021309112000_r802_c1400,2020-08-07,2020,8,220,MCD64A1.A2020214.h22v04.061.2021309112000,66.77908189261295,46.65624999578814,2874,718.5,224,10,42138ce49348d0a4,neg,train,Asia,Kazakhstan,66.84449951598019,47.00878558979449,0,30,grassland,grassland_savanna,temperate,N,temperate_other,S2A_MSIL2A_20200714T063631_R120_T41TQN_20200919T100555,S2A_MSIL2A_20200912T063631_R120_T41TQN_20200918T140851,2020-07-14T06:36:31.024000Z,2020-09-12T06:36:31.024000Z,2020-07-14,2020-09-12,0.0,-24,36,0.040212,0.013527,1.0,1.0,-0.01458787452429533,-0.014601442962884903,0.012205595150589943,-0.022350210696458817,-0.006863765884190798,0.0006293877959251404,-0.0786554217338562,0.04509679973125458,1.0,0.0,0.0,0.0,1,unburned_or_regrowth,-1,not_applicable,png,images/pre/42138ce49348d0a4.png,images/post/42138ce49348d0a4.png,images/dnbr/42138ce49348d0a4.png,geotiff/pre/42138ce49348d0a4.tif,geotiff/post/42138ce49348d0a4.tif,geotiff/dnbr/42138ce49348d0a4.tif
MCD64A1.A2017152.h27v04.061.2021312130543_r2172_c447,2017-06-08,2017,6,159,MCD64A1.A2017152.h27v04.061.2021312130543,121.62570767837121,40.94791666296573,7,1.75,224,10,cd830bd3eee8638d,burn,test,Asia,China,121.63122420893832,40.94791666296573,1,40,cropland,cropland,temperate,N,temperate_other,S2A_MSIL2A_20170519T023551_R089_T51TUF_20210209T163033,S2A_MSIL2A_20170621T024551_R132_T51TUF_20210210T003225,2017-05-19T02:35:51.026000Z,2017-06-21T02:45:51.026000Z,2017-05-19,2017-06-21,10.0,-20,13,0.215672,10.763275,0.9990433673469388,1.0,0.20018917322158813,0.27042388916015625,0.2602860629558563,-0.03928414732217789,0.40637338161468506,0.49163752794265747,-0.515421986579895,0.7249219417572021,0.9990433673469388,0.6639429209183674,0.5002790178571429,0.18207908163265307,2,low,0,low,png,images/pre/cd830bd3eee8638d.png,images/post/cd830bd3eee8638d.png,images/dnbr/cd830bd3eee8638d.png,geotiff/pre/cd830bd3eee8638d.tif,geotiff/post/cd830bd3eee8638d.tif,geotiff/dnbr/cd830bd3eee8638d.tif
MCD64A1.A2017152.h27v04.061.2021312130543_r2172_c447,2017-06-08,2017,6,159,MCD64A1.A2017152.h27v04.061.2021312130543,121.62570767837121,40.94791666296573,7,1.75,224,10,6023c12c59569de4,neg,test,Asia,China,121.71446857976035,40.98058660580417,0,40,cropland,cropland,temperate,N,temperate_other,S2A_MSIL2A_20170519T023551_R089_T51TUF_20210209T163033,S2A_MSIL2A_20170621T024551_R132_T51TUF_20210210T003225,2017-05-19T02:35:51.026000Z,2017-06-21T02:45:51.026000Z,2017-05-19,2017-06-21,10.0,-20,13,0.215672,10.763275,1.0,0.9423628826530612,-0.21823447942733765,-0.20132404565811157,0.1341361105442047,-0.29319852590560913,-0.1297275871038437,-0.05886166915297508,-0.8003063797950745,0.28671592473983765,0.9423628826530612,0.0038066007653061226,0.00015943877551020407,0.0,1,unburned_or_regrowth,-1,not_applicable,png,images/pre/6023c12c59569de4.png,images/post/6023c12c59569de4.png,images/dnbr/6023c12c59569de4.png,geotiff/pre/6023c12c59569de4.tif,geotiff/post/6023c12c59569de4.tif,geotiff/dnbr/6023c12c59569de4.tif
MCD64A1.A2020214.h21v04.061.2021309111950_r251_c1716,2020-08-31,2020,8,244,MCD64A1.A2020214.h21v04.061.2021309111950,56.57476931265567,48.95208332891599,73,18.25,224,10,b8e3609db5822e80,burn,train,Asia,Kazakhstan,56.600149122811004,48.95208332891599,1,30,grassland,grassland_savanna,temperate,N,temperate_other,S2A_MSIL2A_20200825T071621_R006_T40UDV_20200909T170540,S2A_MSIL2A_20200911T070631_R106_T40UDV_20200913T080039,2020-08-25T07:16:21.024000Z,2020-09-11T07:06:31.024000Z,2020-08-25,2020-09-11,9.83,-6,11,5.648203,0.001338,1.0,1.0,0.20359911024570465,0.21763664484024048,0.1253381073474884,0.1532588005065918,0.26454171538352966,0.3456282615661621,-0.07967682182788849,0.6433901786804199,1.0,0.8389070471938775,0.22969148596938777,0.04235092474489796,2,low,0,low,png,images/pre/b8e3609db5822e80.png,images/post/b8e3609db5822e80.png,images/dnbr/b8e3609db5822e80.png,geotiff/pre/b8e3609db5822e80.tif,geotiff/post/b8e3609db5822e80.tif,geotiff/dnbr/b8e3609db5822e80.tif
MCD64A1.A2020214.h21v04.061.2021309111950_r251_c1716,2020-08-31,2020,8,244,MCD64A1.A2020214.h21v04.061.2021309111950,56.57476931265567,48.95208332891599,73,18.25,224,10,9929a1349ec4c49e,neg,train,Asia,Kazakhstan,56.46822328764974,48.92122538151964,0,30,grassland,grassland_savanna,temperate,N,temperate_other,S2B_MSIL2A_20200718T070619_R106_T40UDV_20200816T154102,S2A_MSIL2A_20200911T070631_R106_T40UDV_20200913T080039,2020-07-18T07:06:19.024000Z,2020-09-11T07:06:31.024000Z,2020-07-18,2020-09-11,0.2,-44,11,4.354763,0.001338,1.0,1.0,0.009154461324214935,0.008070945739746094,0.018055599182844162,-0.00195261649787426,0.018282001838088036,0.028889698907732964,-0.07059191912412643,0.3378818929195404,1.0,0.0036870216836734694,7.971938775510203e-05,0.0,1,unburned_or_regrowth,-1,not_applicable,png,images/pre/9929a1349ec4c49e.png,images/post/9929a1349ec4c49e.png,images/dnbr/9929a1349ec4c49e.png,geotiff/pre/9929a1349ec4c49e.tif,geotiff/post/9929a1349ec4c49e.tif,geotiff/dnbr/9929a1349ec4c49e.tif
MCD64A1.A2017182.h20v05.061.2021312132246_r76_c88,2017-07-04,2017,7,185,MCD64A1.A2017182.h20v05.061.2021312132246,26.466376957373964,39.681249996412426,9,2.25,224,10,9dcf33baa62a1136,burn,train,Asia,Turkey,26.46096294960936,39.681249996412426,1,30,grassland,grassland_savanna,temperate,N,temperate_other,S2A_MSIL2A_20170625T091021_R050_T35TME_20210210T013500,S2A_MSIL2A_20170712T090021_R007_T35TME_20210210T074545,2017-06-25T09:10:21.026000Z,2017-07-12T09:00:21.026000Z,2017-06-25,2017-07-12,10.0,-9,8,0.935265,0.130501,0.9574298469387755,1.0,0.20538783073425293,0.04902322590351105,0.30330756306648254,-0.029096294194459915,0.37914136052131653,0.7214145660400391,-0.34911561012268066,1.1246073246002197,0.9574298469387755,0.44345902423469385,0.31361607142857145,0.20934311224489796,2,low,0,low,png,images/pre/9dcf33baa62a1136.png,images/post/9dcf33baa62a1136.png,images/dnbr/9dcf33baa62a1136.png,geotiff/pre/9dcf33baa62a1136.tif,geotiff/post/9dcf33baa62a1136.tif,geotiff/dnbr/9dcf33baa62a1136.tif
MCD64A1.A2017182.h20v05.061.2021312132246_r76_c88,2017-07-04,2017,7,185,MCD64A1.A2017182.h20v05.061.2021312132246,26.466376957373964,39.681249996412426,9,2.25,224,10,6ed89b5486db22d6,neg,train,Asia,Turkey,26.55243230114852,39.67569067384123,0,30,grassland,grassland_savanna,temperate,N,temperate_other,S2A_MSIL2A_20170625T091021_R050_T35TME_20210210T013500,S2A_MSIL2A_20170814T090601_R050_T35SMD_20210131T210623,2017-06-25T09:10:21.026000Z,2017-08-14T09:06:01.026000Z,2017-06-25,2017-08-14,4.33,-9,41,0.935265,0.043629,0.9984853316326531,0.9143016581632653,0.0008084272849373519,8.788704872131348e-05,0.04219634830951691,-0.02028632164001465,0.01937638595700264,0.04438745602965355,-0.3475082516670227,0.405953586101532,0.9127869897959183,0.019371811224489797,0.0006975446428571429,0.0,1,unburned_or_regrowth,-1,not_applicable,png,images/pre/6ed89b5486db22d6.png,images/post/6ed89b5486db22d6.png,images/dnbr/6ed89b5486db22d6.png,geotiff/pre/6ed89b5486db22d6.tif,geotiff/post/6ed89b5486db22d6.tif,geotiff/dnbr/6ed89b5486db22d6.tif
MCD64A1.A2019305.h30v09.061.2021309105906_r809_c1600,2019-11-29,2019,11,333,MCD64A1.A2019305.h30v09.061.2021309105906,126.88855266790175,-3.3729166664097456,43,10.75,224,10,6557bec1cf8ba505,burn,test,Asia,Indonesia,126.88546777285826,-3.381249999742333,1,30,grassland,grassland_savanna,tropical,S,tropical_dry,S2B_MSIL2A_20191112T015619_R117_T52MBB_20201003T154659,S2A_MSIL2A_20191217T015621_R117_T52MBB_20201003T055817,2019-11-12T01:56:19.024000Z,2019-12-17T01:56:21.024000Z,2019-11-12,2019-12-17,0.03,-17,18,2.871075,41.979302,0.9996014030612245,0.9979272959183674,0.1617921143770218,0.07475782930850983,0.22292086482048035,0.0008105682209134102,0.3368026614189148,0.5063921213150024,-0.924915075302124,0.8192040920257568,0.9978475765306123,0.4657405931122449,0.3073580994897959,0.15774473852040816,2,low,0,low,png,images/pre/6557bec1cf8ba505.png,images/post/6557bec1cf8ba505.png,images/dnbr/6557bec1cf8ba505.png,geotiff/pre/6557bec1cf8ba505.tif,geotiff/post/6557bec1cf8ba505.tif,geotiff/dnbr/6557bec1cf8ba505.tif
MCD64A1.A2019305.h30v09.061.2021309105906_r809_c1600,2019-11-29,2019,11,333,MCD64A1.A2019305.h30v09.061.2021309105906,126.88855266790175,-3.3729166664097456,43,10.75,224,10,426d9c7c961c1b9a,neg,test,Asia,Indonesia,126.94854907126059,-3.470924764799847,0,30,grassland,grassland_savanna,tropical,S,tropical_dry,S2B_MSIL2A_20191112T015619_R117_T52MBB_20201003T154659,S2A_MSIL2A_20191227T015621_R117_T52MBB_20201003T100416,2019-11-12T01:56:19.024000Z,2019-12-27T01:56:21.024000Z,2019-11-12,2019-12-27,0.03,-17,28,2.871075,20.167568,1.0,0.9995216836734694,-0.01599663682281971,-0.008525371551513672,0.05673272907733917,-0.041385114192962646,0.016268037259578705,0.03749510273337364,-0.6554794907569885,0.506888747215271,0.9995216836734694,0.00817123724489796,0.0015146683673469387,0.00011957908163265306,1,unburned_or_regrowth,-1,not_applicable,png,images/pre/426d9c7c961c1b9a.png,images/post/426d9c7c961c1b9a.png,images/dnbr/426d9c7c961c1b9a.png,geotiff/pre/426d9c7c961c1b9a.tif,geotiff/post/426d9c7c961c1b9a.tif,geotiff/dnbr/426d9c7c961c1b9a.tif
MCD64A1.A2017182.h21v05.061.2021312132358_r100_c1528,2017-07-24,2017,7,205,MCD64A1.A2017182.h21v05.061.2021312132358,47.187908903133135,39.58124999642137,1051,262.75,224,10,609edb30ad85c565,burn,train,Asia,Azerbaijan,47.19128554560715,39.60208332975285,1,20,shrubland,shrubland_chaparral,temperate,N,temperate_other,S2B_MSIL2A_20170703T073939_R092_T38SPJ_20210210T041615,S2B_MSIL2A_20170812T073609_R092_T38SPJ_20210131T180417,2017-07-03T07:39:39.027000Z,2017-08-12T07:36:09.027000Z,2017-07-03,2017-08-12,3.5,-21,19,0.041928,0.746149,1.0,1.0,0.16106659173965454,0.1816263645887375,0.16300612688064575,0.10929252952337265,0.24133746325969696,0.3059857189655304,-0.8979669809341431,0.7672022581100464,1.0,0.7718829719387755,0.16978236607142858,0.022441007653061226,2,low,0,low,png,images/pre/609edb30ad85c565.png,images/post/609edb30ad85c565.png,images/dnbr/609edb30ad85c565.png,geotiff/pre/609edb30ad85c565.tif,geotiff/post/609edb30ad85c565.tif,geotiff/dnbr/609edb30ad85c565.tif
MCD64A1.A2017182.h21v05.061.2021312132358_r100_c1528,2017-07-24,2017,7,205,MCD64A1.A2017182.h21v05.061.2021312132358,47.187908903133135,39.58124999642137,1051,262.75,224,10,9ce2fe5e41337f6f,neg,train,Asia,Azerbaijan,47.148288437453715,39.87572161013812,0,30,grassland,grassland_savanna,temperate,N,temperate_other,S2B_MSIL2A_20170703T073939_R092_T38TPK_20210210T041619,S2B_MSIL2A_20170812T073609_R092_T38TPK_20210131T180419,2017-07-03T07:39:39.027000Z,2017-08-12T07:36:09.027000Z,2017-07-03,2017-08-12,3.5,-21,19,0.242713,0.196333,1.0,1.0,-0.027961447834968567,-0.028106093406677246,0.04438428580760956,-0.05265406519174576,-0.007541254162788391,0.0137014240026474,-0.27456027269363403,0.18319639563560486,1.0,0.025908801020408163,0.0,0.0,1,unburned_or_regrowth,-1,not_applicable,png,images/pre/9ce2fe5e41337f6f.png,images/post/9ce2fe5e41337f6f.png,images/dnbr/9ce2fe5e41337f6f.png,geotiff/pre/9ce2fe5e41337f6f.tif,geotiff/post/9ce2fe5e41337f6f.tif,geotiff/dnbr/9ce2fe5e41337f6f.tif
MCD64A1.A2017182.h22v05.061.2021312132459_r1043_c333,2017-07-09,2017,7,190,MCD64A1.A2017182.h22v05.061.2021312132459,50.93655823420951,35.652083330106386,9,2.25,224,10,6b7b6e5faac3d1ee,burn,train,Asia,Iran,50.94168598960631,35.652083330106386,1,40,cropland,cropland,temperate,N,temperate_other,S2A_MSIL2A_20170612T072301_R006_T39SVV_20210209T222215,S2A_MSIL2A_20170722T072301_R006_T39SVV_20210210T124003,2017-06-12T07:23:01.026000Z,2017-07-22T07:23:01.026000Z,2017-06-12,2017-07-22,0.0,-27,13,0.785548,0.218111,0.9999202806122449,1.0,0.3224790692329407,0.37753844261169434,0.24816671013832092,0.06489238142967224,0.5221842527389526,0.6186460256576538,-0.5833538174629211,0.9005021452903748,0.9999202806122449,0.7064732142857143,0.6138392857142857,0.3969029017857143,3,moderate,1,moderate,png,images/pre/6b7b6e5faac3d1ee.png,images/post/6b7b6e5faac3d1ee.png,images/dnbr/6b7b6e5faac3d1ee.png,geotiff/pre/6b7b6e5faac3d1ee.tif,geotiff/post/6b7b6e5faac3d1ee.tif,geotiff/dnbr/6b7b6e5faac3d1ee.tif
MCD64A1.A2017182.h22v05.061.2021312132459_r1043_c333,2017-07-09,2017,7,190,MCD64A1.A2017182.h22v05.061.2021312132459,50.93655823420951,35.652083330106386,9,2.25,224,10,6d528b624708f4a8,neg,train,Asia,Iran,50.83766151940145,35.646990427522056,0,40,cropland,cropland,temperate,N,temperate_other,S2A_MSIL2A_20170602T071621_R006_T39SVV_20210209T195326,S2A_MSIL2A_20170801T071621_R006_T39SVV_20210210T174319,2017-06-02T07:16:21.026000Z,2017-08-01T07:16:21.026000Z,2017-06-02,2017-08-01,0.0,-37,23,0.254432,0.116257,1.0,1.0,0.029041074216365814,0.025818387046456337,0.023767385631799698,0.016595391556620598,0.038068145513534546,0.052438318729400635,-0.15567152202129364,0.14769616723060608,1.0,0.02401546556122449,0.0,0.0,1,unburned_or_regrowth,-1,not_applicable,png,images/pre/6d528b624708f4a8.png,images/post/6d528b624708f4a8.png,images/dnbr/6d528b624708f4a8.png,geotiff/pre/6d528b624708f4a8.tif,geotiff/post/6d528b624708f4a8.tif,geotiff/dnbr/6d528b624708f4a8.tif
MCD64A1.A2017152.h23v05.061.2021312130301_r1112_c252,2017-06-22,2017,6,173,MCD64A1.A2017152.h23v05.061.2021312130301,62.60328337479311,35.36458333013211,17,4.25,224,10,247b8870812a9853,burn,train,Asia,Turkmenistan,62.60516171402678,35.36041666346583,1,30,grassland,grassland_savanna,temperate,N,temperate_other,S2A_MSIL2A_20170531T063631_R120_T41SMV_20210209T192330,S2B_MSIL2A_20170705T064019_R120_T41SMV_20210210T050539,2017-05-31T06:36:31.026000Z,2017-07-05T06:40:19.027000Z,2017-05-31,2017-07-05,3.8,-22,13,0.040076,0.063292,1.0,1.0,0.22825060784816742,0.16329866647720337,0.1734621226787567,0.06964743137359619,0.3762543201446533,0.47081464529037476,-0.057674117386341095,0.7431206107139587,1.0,0.6120455994897959,0.44325972576530615,0.1407844387755102,2,low,0,low,png,images/pre/247b8870812a9853.png,images/post/247b8870812a9853.png,images/dnbr/247b8870812a9853.png,geotiff/pre/247b8870812a9853.tif,geotiff/post/247b8870812a9853.tif,geotiff/dnbr/247b8870812a9853.tif
MCD64A1.A2017152.h23v05.061.2021312130301_r1112_c252,2017-06-22,2017,6,173,MCD64A1.A2017152.h23v05.061.2021312130301,62.60328337479311,35.36458333013211,17,4.25,224,10,04deb8857ef113ad,neg,train,Asia,Turkmenistan,62.58052864964042,35.44019915536612,0,30,grassland,grassland_savanna,temperate,N,temperate_other,S2A_MSIL2A_20170511T063631_R120_T41SMV_20210209T143946,S2B_MSIL2A_20170725T063629_R120_T41SMV_20210210T142152,2017-05-11T06:36:31.026000Z,2017-07-25T06:36:29.027000Z,2017-05-11,2017-07-25,0.03,-42,33,0.017245,0.025837,1.0,1.0,-0.036085616797208786,-0.03961287811398506,0.04491183161735535,-0.06373148411512375,-0.012500923126935959,0.018393177539110184,-0.31081026792526245,0.17245885729789734,1.0,0.00932716836734694,0.0,0.0,1,unburned_or_regrowth,-1,not_applicable,png,images/pre/04deb8857ef113ad.png,images/post/04deb8857ef113ad.png,images/dnbr/04deb8857ef113ad.png,geotiff/pre/04deb8857ef113ad.tif,geotiff/post/04deb8857ef113ad.tif,geotiff/dnbr/04deb8857ef113ad.tif
MCD64A1.A2017274.h21v03.061.2021312142019_r1564_c2254,2017-10-05,2017,10,278,MCD64A1.A2017274.h21v03.061.2021312142019,66.1984354253919,53.481249995177286,62,15.5,224,10,d89a700350911cf4,burn,train,Asia,Kazakhstan,66.23096284204289,53.50208332850875,1,40,cropland,cropland,temperate,N,temperate_other,S2B_MSIL2A_20170916T064619_R020_T42UUE_20210202T041010,S2B_MSIL2A_20171013T063809_R120_T42UUE_20201019T211034,2017-09-16T06:46:19.027000Z,2017-10-13T06:38:09.027000Z,2017-09-16,2017-10-13,8.17,-19,8,0.001102,0.007976,1.0,1.0,0.2095417082309723,0.24993622303009033,0.15641354024410248,0.04153013229370117,0.31472480297088623,0.37791556119918823,-0.07541152834892273,0.8677859306335449,1.0,0.6857262436224489,0.42026068239795916,0.05345184948979592,2,low,0,low,png,images/pre/d89a700350911cf4.png,images/post/d89a700350911cf4.png,images/dnbr/d89a700350911cf4.png,geotiff/pre/d89a700350911cf4.tif,geotiff/post/d89a700350911cf4.tif,geotiff/dnbr/d89a700350911cf4.tif
MCD64A1.A2017274.h21v03.061.2021312142019_r1564_c2254,2017-10-05,2017,10,278,MCD64A1.A2017274.h21v03.061.2021312142019,66.1984354253919,53.481249995177286,62,15.5,224,10,809c9e4897ac4694,neg,train,Asia,Kazakhstan,66.12246473299687,53.426372208675026,0,40,cropland,cropland,temperate,N,temperate_other,S2B_MSIL2A_20170916T064619_R020_T42UUE_20210202T041010,S2B_MSIL2A_20171013T063809_R120_T42UUE_20201019T211034,2017-09-16T06:46:19.027000Z,2017-10-13T06:38:09.027000Z,2017-09-16,2017-10-13,8.17,-19,8,0.001102,0.007976,1.0,1.0,-0.014035390689969063,-0.01173409540206194,0.042081739753484726,-0.032142966985702515,0.004030861891806126,0.01754389889538288,-0.2993307113647461,0.4361101984977722,1.0,0.012954400510204082,0.003009406887755102,0.0,1,unburned_or_regrowth,-1,not_applicable,png,images/pre/809c9e4897ac4694.png,images/post/809c9e4897ac4694.png,images/dnbr/809c9e4897ac4694.png,geotiff/pre/809c9e4897ac4694.tif,geotiff/post/809c9e4897ac4694.tif,geotiff/dnbr/809c9e4897ac4694.tif
MCD64A1.A2020032.h22v05.061.2021309111142_r2134_c361,2020-02-13,2020,2,44,MCD64A1.A2020032.h22v05.061.2021309111142,48.476675571343975,31.106249997179923,29,7.25,224,10,f28734ae545f2181,burn,train,Asia,Iran,48.476675571343975,31.106249997179923,1,40,cropland,cropland,subtropical,N,subtropical,S2A_MSIL2A_20200131T073131_R049_T39RTQ_20201002T160716,S2B_MSIL2A_20200222T071919_R006_T39RTQ_20200927T200633,2020-01-31T07:31:31.024000Z,2020-02-22T07:19:19.024000Z,2020-01-31,2020-02-22,12.2,-13,9,0.131156,0.210003,1.0,1.0,0.25684788823127747,0.23223289847373962,0.18128515779972076,0.11777952313423157,0.3180120885372162,0.5635510683059692,-0.15824159979820251,0.7330658435821533,1.0,0.7956194196428571,0.36092952806122447,0.1843311543367347,2,low,0,low,png,images/pre/f28734ae545f2181.png,images/post/f28734ae545f2181.png,images/dnbr/f28734ae545f2181.png,geotiff/pre/f28734ae545f2181.tif,geotiff/post/f28734ae545f2181.tif,geotiff/dnbr/f28734ae545f2181.tif
MCD64A1.A2020032.h22v05.061.2021309111142_r2134_c361,2020-02-13,2020,2,44,MCD64A1.A2020032.h22v05.061.2021309111142,48.476675571343975,31.106249997179923,29,7.25,224,10,9f494d643ababf7e,neg,train,Asia,Iran,48.42054987231182,31.139249386102563,0,40,cropland,cropland,subtropical,N,subtropical,S2A_MSIL2A_20200131T073131_R049_T39RTQ_20201002T160716,S2B_MSIL2A_20200306T072749_R049_T39RTQ_20200929T125220,2020-01-31T07:31:31.024000Z,2020-03-06T07:27:49.024000Z,2020-01-31,2020-03-06,3.7,-13,22,0.131156,0.155754,0.9973294005102041,0.9876833545918368,-0.14255081117153168,-0.10257034748792648,0.17724192142486572,-0.24916702508926392,-0.005566401407122612,0.04509935900568962,-0.87058424949646,0.39094510674476624,0.9857302295918368,0.026207748724489797,0.0009367028061224489,0.0,1,unburned_or_regrowth,-1,not_applicable,png,images/pre/9f494d643ababf7e.png,images/post/9f494d643ababf7e.png,images/dnbr/9f494d643ababf7e.png,geotiff/pre/9f494d643ababf7e.tif,geotiff/post/9f494d643ababf7e.tif,geotiff/dnbr/9f494d643ababf7e.tif
MCD64A1.A2020245.h22v03.061.2021309112116_r2239_c699,2020-09-08,2020,9,252,MCD64A1.A2020245.h22v03.061.2021309112116,67.7096731510363,50.668749995429,1286,321.5,224,10,eee6d9ffe48c8d5e,burn,train,Asia,Kazakhstan,67.79920754686881,50.58958332876943,1,30,grassland,grassland_savanna,temperate,N,temperate_other,S2A_MSIL2A_20200902T063631_R120_T42UVB_20201027T063058,S2B_MSIL2A_20200914T062629_R077_T42UVB_20200919T191845,2020-09-02T06:36:31.024000Z,2020-09-14T06:26:29.024000Z,2020-09-02,2020-09-14,10.03,-6,6,0.008412,0.007933,1.0,1.0,0.18703250586986542,0.2109813243150711,0.12075228989124298,0.05178145691752434,0.28262951970100403,0.3344138264656067,-0.02959071844816208,0.48384517431259155,1.0,0.7119339923469388,0.2957788584183674,0.0007971938775510204,2,low,0,low,png,images/pre/eee6d9ffe48c8d5e.png,images/post/eee6d9ffe48c8d5e.png,images/dnbr/eee6d9ffe48c8d5e.png,geotiff/pre/eee6d9ffe48c8d5e.tif,geotiff/post/eee6d9ffe48c8d5e.tif,geotiff/dnbr/eee6d9ffe48c8d5e.tif
MCD64A1.A2020245.h22v03.061.2021309112116_r2239_c699,2020-09-08,2020,9,252,MCD64A1.A2020245.h22v03.061.2021309112116,67.7096731510363,50.668749995429,1286,321.5,224,10,f072f9385891d696,neg,train,Asia,Kazakhstan,67.50412718823243,50.62904305754287,0,30,grassland,grassland_savanna,temperate,N,temperate_other,S2A_MSIL2A_20200902T063631_R120_T42UUB_20201027T063105,S2B_MSIL2A_20200914T062629_R077_T42UUB_20200919T191840,2020-09-02T06:36:31.024000Z,2020-09-14T06:26:29.024000Z,2020-09-02,2020-09-14,10.03,-6,6,0.001835,0.002942,1.0,1.0,0.005526806227862835,0.005381162278354168,0.009189220145344734,-8.517270907759666e-05,0.010801492258906364,0.016008928418159485,-0.07163834571838379,0.08404285460710526,1.0,0.0,0.0,0.0,1,unburned_or_regrowth,-1,not_applicable,png,images/pre/f072f9385891d696.png,images/post/f072f9385891d696.png,images/dnbr/f072f9385891d696.png,geotiff/pre/f072f9385891d696.tif,geotiff/post/f072f9385891d696.tif,geotiff/dnbr/f072f9385891d696.tif
MCD64A1.A2017182.h21v03.061.2021312132349_r2328_c1166,2017-07-26,2017,7,207,MCD64A1.A2017182.h21v03.061.2021312132349,54.57208239102248,50.29791666212886,3931,982.75,224,10,d1bd5056bede2f34,burn,train,Asia,Kazakhstan,54.49158691094748,50.31874999546033,1,30,grassland,grassland_savanna,temperate,N,temperate_other,S2B_MSIL2A_20170717T071619_R006_T39UYR_20210210T102817,S2A_MSIL2A_20170811T072301_R006_T40UCA_20210210T224237,2017-07-17T07:16:19.027000Z,2017-08-11T07:23:01.026000Z,2017-07-17,2017-08-11,6.7,-9,16,2.345659,0.024165,0.9889190051020408,1.0,0.3548828661441803,0.339594304561615,0.15052436292171478,0.2560063600540161,0.42838621139526367,0.5251088738441467,-0.41822707653045654,1.073554515838623,0.9889190051020408,0.9727758290816326,0.6983019770408163,0.22154017857142858,3,moderate,1,moderate,png,images/pre/d1bd5056bede2f34.png,images/post/d1bd5056bede2f34.png,images/dnbr/d1bd5056bede2f34.png,geotiff/pre/d1bd5056bede2f34.tif,geotiff/post/d1bd5056bede2f34.tif,geotiff/dnbr/d1bd5056bede2f34.tif
MCD64A1.A2017182.h21v03.061.2021312132349_r2328_c1166,2017-07-26,2017,7,207,MCD64A1.A2017182.h21v03.061.2021312132349,54.57208239102248,50.29791666212886,3931,982.75,224,10,3501fa93e425ee33,neg,train,Asia,Kazakhstan,54.75352099894632,49.833104129508406,0,30,grassland,grassland_savanna,temperate,N,temperate_other,S2B_MSIL2A_20170717T071619_R006_T39UYR_20210210T102817,S2A_MSIL2A_20170811T072301_R006_T40UCA_20210210T224237,2017-07-17T07:16:19.027000Z,2017-08-11T07:23:01.026000Z,2017-07-17,2017-08-11,6.7,-9,16,2.345659,0.024165,0.947624362244898,1.0,-0.06262929737567902,-0.05675935745239258,0.07576765865087509,-0.07512983679771423,-0.03849100321531296,-0.006463048048317432,-0.8259076476097107,0.36911335587501526,0.947624362244898,0.011798469387755101,0.0007374043367346938,0.0,1,unburned_or_regrowth,-1,not_applicable,png,images/pre/3501fa93e425ee33.png,images/post/3501fa93e425ee33.png,images/dnbr/3501fa93e425ee33.png,geotiff/pre/3501fa93e425ee33.tif,geotiff/post/3501fa93e425ee33.tif,geotiff/dnbr/3501fa93e425ee33.tif
MCD64A1.A2017182.h23v04.061.2021312132551_r560_c580,2017-07-28,2017,7,209,MCD64A1.A2017182.h23v04.061.2021312132551,77.83387944824902,47.66458332903123,3355,838.75,224,10,097e3240c04a741e,burn,test,Asia,Kazakhstan,77.65452353622038,47.6854166623627,1,30,grassland,grassland_savanna,temperate,N,temperate_other,S2A_MSIL2A_20170705T054641_R048_T43TFN_20210210T045219,S2B_MSIL2A_20170809T054639_R048_T43TFN_20210210T221055,2017-07-05T05:46:41.026000Z,2017-08-09T05:46:39.027000Z,2017-07-05,2017-08-09,0.03,-23,12,12.267424,0.033066,0.9999202806122449,0.9998804209183674,0.22556884586811066,0.20860131084918976,0.09463333338499069,0.17747312784194946,0.2556018829345703,0.3492719531059265,-0.051969945430755615,0.8720422983169556,0.9998007015306123,0.9401307397959183,0.2090441645408163,0.041294642857142856,2,low,0,low,png,images/pre/097e3240c04a741e.png,images/post/097e3240c04a741e.png,images/dnbr/097e3240c04a741e.png,geotiff/pre/097e3240c04a741e.tif,geotiff/post/097e3240c04a741e.tif,geotiff/dnbr/097e3240c04a741e.tif
MCD64A1.A2017182.h23v04.061.2021312132551_r560_c580,2017-07-28,2017,7,209,MCD64A1.A2017182.h23v04.061.2021312132551,77.83387944824902,47.66458332903123,3355,838.75,224,10,94f490935f53f4b5,neg,test,Asia,Kazakhstan,77.25514997548879,47.92555812898189,0,30,grassland,grassland_savanna,temperate,N,temperate_other,S2A_MSIL2A_20170705T054641_R048_T43UFP_20210210T045218,S2B_MSIL2A_20170802T055639_R091_T43UFP_20210210T182735,2017-07-05T05:46:41.026000Z,2017-08-02T05:56:39.027000Z,2017-07-05,2017-08-02,9.97,-23,5,11.707226,0.024646,1.0,1.0,0.041632745414972305,0.04411705583333969,0.03054836578667164,0.028918607160449028,0.05828053504228592,0.07254336774349213,-0.19197465479373932,0.24733704328536987,1.0,0.019870057397959183,0.0,0.0,1,unburned_or_regrowth,-1,not_applicable,png,images/pre/94f490935f53f4b5.png,images/post/94f490935f53f4b5.png,images/dnbr/94f490935f53f4b5.png,geotiff/pre/94f490935f53f4b5.tif,geotiff/post/94f490935f53f4b5.tif,geotiff/dnbr/94f490935f53f4b5.tif
MCD64A1.A2020245.h22v03.061.2021309112116_r2175_c744,2020-09-08,2020,9,252,MCD64A1.A2020245.h22v03.061.2021309112116,68.39472869528696,50.9354166620718,72,18.0,224,10,227ccfde2675c389,burn,train,Asia,Kazakhstan,68.37022836380939,50.91874999540663,1,30,grassland,grassland_savanna,temperate,N,temperate_other,S2A_MSIL2A_20200902T063631_R120_T42UVB_20201027T063058,S2B_MSIL2A_20200914T062629_R077_T42UVB_20200919T191845,2020-09-02T06:36:31.024000Z,2020-09-14T06:26:29.024000Z,2020-09-02,2020-09-14,10.03,-6,6,0.008412,0.007933,1.0,1.0,0.15825976431369781,0.176114022731781,0.12506616115570068,0.019799640402197838,0.25759607553482056,0.30946505069732666,-0.2139943540096283,0.6150949001312256,1.0,0.669563137755102,0.21143574617346939,0.005600286989795918,2,low,0,low,png,images/pre/227ccfde2675c389.png,images/post/227ccfde2675c389.png,images/dnbr/227ccfde2675c389.png,geotiff/pre/227ccfde2675c389.tif,geotiff/post/227ccfde2675c389.tif,geotiff/dnbr/227ccfde2675c389.tif
MCD64A1.A2020245.h22v03.061.2021309112116_r2175_c744,2020-09-08,2020,9,252,MCD64A1.A2020245.h22v03.061.2021309112116,68.39472869528696,50.9354166620718,72,18.0,224,10,b8005bf5db7f9977,neg,train,Asia,Kazakhstan,68.42126668751378,51.0097106960439,0,30,grassland,grassland_savanna,temperate,N,temperate_other,S2A_MSIL2A_20200803T063631_R120_T42UVB_20200909T005624,S2B_MSIL2A_20200914T062629_R077_T42UVB_20200919T191845,2020-08-03T06:36:31.024000Z,2020-09-14T06:26:29.024000Z,2020-08-03,2020-09-14,10.03,-36,6,0.005002,0.007933,1.0,1.0,0.036200687289237976,0.03527604788541794,0.017752336338162422,0.024830525740981102,0.04663153365254402,0.05821583792567253,-0.03735452890396118,0.16110526025295258,1.0,0.003168845663265306,0.0,0.0,1,unburned_or_regrowth,-1,not_applicable,png,images/pre/b8005bf5db7f9977.png,images/post/b8005bf5db7f9977.png,images/dnbr/b8005bf5db7f9977.png,geotiff/pre/b8005bf5db7f9977.tif,geotiff/post/b8005bf5db7f9977.tif,geotiff/dnbr/b8005bf5db7f9977.tif
MCD64A1.A2020061.h23v04.061.2021309111317_r1198_c760,2020-03-24,2020,3,84,MCD64A1.A2020061.h23v04.061.2021309111317,75.20017084601207,45.006249995935825,17,4.25,224,10,db4dc6a5bd1c8360,burn,train,Asia,Kazakhstan,75.19427764661972,45.006249995935825,1,30,grassland,grassland_savanna,temperate,N,temperate_other,S2A_MSIL2A_20200304T055721_R091_T43TEK_20200928T131501,S2B_MSIL2A_20200329T055639_R091_T43TEK_20201020T214821,2020-03-04T05:57:21.024000Z,2020-03-29T05:56:39.024000Z,2020-03-04,2020-03-29,0.7,-20,5,0.368128,0.926262,0.9823820153061225,0.9931839923469388,0.3126308023929596,0.3406449556350708,0.25857022404670715,0.05862144008278847,0.5055885314941406,0.6035066843032837,-0.911952018737793,1.6538972854614258,0.9778778698979592,0.6947544642857143,0.569953762755102,0.34482621173469385,3,moderate,1,moderate,png,images/pre/db4dc6a5bd1c8360.png,images/post/db4dc6a5bd1c8360.png,images/dnbr/db4dc6a5bd1c8360.png,geotiff/pre/db4dc6a5bd1c8360.tif,geotiff/post/db4dc6a5bd1c8360.tif,geotiff/dnbr/db4dc6a5bd1c8360.tif
MCD64A1.A2020061.h23v04.061.2021309111317_r1198_c760,2020-03-24,2020,3,84,MCD64A1.A2020061.h23v04.061.2021309111317,75.20017084601207,45.006249995935825,17,4.25,224,10,957a0587b31c860e,neg,train,Asia,Kazakhstan,75.14452253236382,45.053732529862174,0,30,grassland,grassland_savanna,temperate,N,temperate_other,S2A_MSIL2A_20200304T055721_R091_T43TEK_20200928T131501,S2A_MSIL2A_20200420T054641_R048_T43TEK_20200924T062953,2020-03-04T05:57:21.024000Z,2020-04-20T05:46:41.024000Z,2020-03-04,2020-04-20,10.67,-20,27,0.368128,0.184857,1.0,0.9998405612244898,-0.023610107600688934,-0.021598903462290764,0.04999016970396042,-0.053973495960235596,0.0054871924221515656,0.034247878938913345,-0.7006492018699646,0.4537501633167267,0.9998405612244898,0.012994260204081632,0.0001992984693877551,3.985969387755102e-05,1,unburned_or_regrowth,-1,not_applicable,png,images/pre/957a0587b31c860e.png,images/post/957a0587b31c860e.png,images/dnbr/957a0587b31c860e.png,geotiff/pre/957a0587b31c860e.tif,geotiff/post/957a0587b31c860e.tif,geotiff/dnbr/957a0587b31c860e.tif
MCD64A1.A2017182.h21v04.061.2021312132400_r333_c1017,2017-07-21,2017,7,202,MCD64A1.A2017182.h21v04.061.2021312132400,51.785924228517075,48.6104166622799,13,3.25,224,10,c8952ec0dd051a3a,burn,test,Asia,Kazakhstan,51.792226135937625,48.6104166622799,1,30,grassland,grassland_savanna,temperate,N,temperate_other,S2B_MSIL2A_20170630T072949_R049_T39UWP_20210210T030553,S2A_MSIL2A_20170804T072621_R049_T39UWP_20210210T191231,2017-06-30T07:29:49.027000Z,2017-08-04T07:26:21.026000Z,2017-06-30,2017-08-04,3.47,-21,14,0.803463,0.603144,1.0,1.0,0.30000069737434387,0.2657065689563751,0.18375283479690552,0.18492870032787323,0.38657957315444946,0.5362327098846436,-0.13594238460063934,1.1348695755004883,1.0,0.9150390625,0.4885204081632653,0.17988679846938777,3,moderate,1,moderate,png,images/pre/c8952ec0dd051a3a.png,images/post/c8952ec0dd051a3a.png,images/dnbr/c8952ec0dd051a3a.png,geotiff/pre/c8952ec0dd051a3a.tif,geotiff/post/c8952ec0dd051a3a.tif,geotiff/dnbr/c8952ec0dd051a3a.tif
MCD64A1.A2017182.h21v04.061.2021312132400_r333_c1017,2017-07-21,2017,7,202,MCD64A1.A2017182.h21v04.061.2021312132400,51.785924228517075,48.6104166622799,13,3.25,224,10,816855c3100d33ab,neg,test,Asia,Kazakhstan,51.883911503224155,48.59418036086777,0,30,grassland,grassland_savanna,temperate,N,temperate_other,S2B_MSIL2A_20170630T072949_R049_T39UWP_20210210T030553,S2A_MSIL2A_20170804T072621_R049_T39UWP_20210210T191231,2017-06-30T07:29:49.027000Z,2017-08-04T07:26:21.026000Z,2017-06-30,2017-08-04,3.47,-21,14,0.803463,0.603144,1.0,1.0,-0.033226318657398224,-0.03308986499905586,0.01662818342447281,-0.043807510286569595,-0.02258029766380787,-0.012380950152873993,-0.09760583192110062,0.06140197440981865,1.0,0.0,0.0,0.0,1,unburned_or_regrowth,-1,not_applicable,png,images/pre/816855c3100d33ab.png,images/post/816855c3100d33ab.png,images/dnbr/816855c3100d33ab.png,geotiff/pre/816855c3100d33ab.tif,geotiff/post/816855c3100d33ab.tif,geotiff/dnbr/816855c3100d33ab.tif
MCD64A1.A2017182.h26v04.061.2021312132753_r769_c263,2017-07-01,2017,7,182,MCD64A1.A2017182.h26v04.061.2021312132753,118.45568706257039,46.79374999577584,1064,266.0,224,10,666ee4b153fcbbdb,burn,train,Asia,Mongolia,118.50057634400326,46.714583329116245,1,30,grassland,grassland_savanna,temperate,N,temperate_other,S2A_MSIL2A_20170614T025541_R032_T50TPS_20210209T224735,S2A_MSIL2A_20170717T030541_R075_T50TPS_20210210T101156,2017-06-14T02:55:41.026000Z,2017-07-17T03:05:41.026000Z,2017-06-14,2017-07-17,10.0,-17,16,0.255427,12.36011,1.0,1.0,0.17463943362236023,0.1913737952709198,0.06433166563510895,0.15732011198997498,0.21687300503253937,0.23592327535152435,-0.0334806814789772,0.2957164943218231,1.0,0.8803212691326531,0.0034478635204081634,0.0,2,low,0,low,png,images/pre/666ee4b153fcbbdb.png,images/post/666ee4b153fcbbdb.png,images/dnbr/666ee4b153fcbbdb.png,geotiff/pre/666ee4b153fcbbdb.tif,geotiff/post/666ee4b153fcbbdb.tif,geotiff/dnbr/666ee4b153fcbbdb.tif
MCD64A1.A2017182.h26v04.061.2021312132753_r769_c263,2017-07-01,2017,7,182,MCD64A1.A2017182.h26v04.061.2021312132753,118.45568706257039,46.79374999577584,1064,266.0,224,10,94fce458491d4337,neg,train,Asia,Mongolia,118.25609650576278,46.62805299890241,0,30,grassland,grassland_savanna,temperate,N,temperate_other,S2A_MSIL2A_20170518T030551_R075_T50TNS_20210209T161824,S2A_MSIL2A_20170717T030541_R075_T50TNS_20210210T101200,2017-05-18T03:05:51.026000Z,2017-07-17T03:05:41.026000Z,2017-05-18,2017-07-17,0.17,-44,16,7.281887,13.185815,1.0,1.0,-0.16431765258312225,-0.157636821269989,0.07317574322223663,-0.21472086012363434,-0.10681504011154175,-0.07689838111400604,-0.5063931941986084,0.01017501950263977,1.0,0.0,0.0,0.0,1,unburned_or_regrowth,-1,not_applicable,png,images/pre/94fce458491d4337.png,images/post/94fce458491d4337.png,images/dnbr/94fce458491d4337.png,geotiff/pre/94fce458491d4337.tif,geotiff/post/94fce458491d4337.tif,geotiff/dnbr/94fce458491d4337.tif
MCD64A1.A2017182.h23v04.061.2021312132551_r1883_c234,2017-07-22,2017,7,203,MCD64A1.A2017182.h23v04.061.2021312132551,68.76101208251235,42.152083329524615,43,10.75,224,10,96011f539756ab5c,burn,train,Asia,Kazakhstan,68.77334570857197,42.14791666285832,1,40,cropland,cropland,temperate,N,temperate_other,S2A_MSIL2A_20170704T061631_R034_T42TVM_20210210T042812,S2B_MSIL2A_20170808T061629_R034_T42TVM_20210210T213959,2017-07-04T06:16:31.026000Z,2017-08-08T06:16:29.027000Z,2017-07-04,2017-08-08,0.03,-18,17,0.058746,0.043928,1.0,1.0,0.16504231095314026,0.2059038132429123,0.09367804229259491,0.04149336740374565,0.23002758622169495,0.2501284182071686,-0.06326104700565338,0.3939581513404846,1.0,0.7346340880102041,0.029715401785714284,0.0,2,low,0,low,png,images/pre/96011f539756ab5c.png,images/post/96011f539756ab5c.png,images/dnbr/96011f539756ab5c.png,geotiff/pre/96011f539756ab5c.tif,geotiff/post/96011f539756ab5c.tif,geotiff/dnbr/96011f539756ab5c.tif
MCD64A1.A2017182.h23v04.061.2021312132551_r1883_c234,2017-07-22,2017,7,203,MCD64A1.A2017182.h23v04.061.2021312132551,68.76101208251235,42.152083329524615,43,10.75,224,10,73de77d0c3a70764,neg,train,Asia,Kazakhstan,68.71650111726792,42.10606969211639,0,30,grassland,grassland_savanna,temperate,N,temperate_other,S2A_MSIL2A_20170704T061631_R034_T42TVM_20210210T042812,S2B_MSIL2A_20170808T061629_R034_T42TVM_20210210T213959,2017-07-04T06:16:31.026000Z,2017-08-08T06:16:29.027000Z,2017-07-04,2017-08-08,0.03,-18,17,0.058746,0.043928,1.0,1.0,-0.0052498443983495235,-0.0054032281041145325,0.020868584513664246,-0.019192546606063843,0.008511930704116821,0.02126425877213478,-0.11988713592290878,0.10169392079114914,1.0,1.992984693877551e-05,0.0,0.0,1,unburned_or_regrowth,-1,not_applicable,png,images/pre/73de77d0c3a70764.png,images/post/73de77d0c3a70764.png,images/dnbr/73de77d0c3a70764.png,geotiff/pre/73de77d0c3a70764.tif,geotiff/post/73de77d0c3a70764.tif,geotiff/dnbr/73de77d0c3a70764.tif
MCD64A1.A2020245.h23v04.061.2021309112114_r446_c661,2020-09-01,2020,9,245,MCD64A1.A2020245.h23v04.061.2021309112114,79.05711466930322,48.139583328988714,925,231.25,224,10,9fc5907c8a10b80d,burn,val,Asia,Kazakhstan,79.06301325082983,48.13124999565613,1,30,grassland,grassland_savanna,temperate,N,temperate_other,S2A_MSIL2A_20200805T053651_R005_T43UGP_20200815T020347,S2A_MSIL2A_20200914T053651_R005_T43UGP_20200919T192134,2020-08-05T05:36:51.024000Z,2020-09-14T05:36:51.024000Z,2020-08-05,2020-09-14,0.0,-27,13,0.153022,5.520839,1.0,1.0,0.28172606229782104,0.24889209866523743,0.16616874933242798,0.17576614022254944,0.33225879073143005,0.495173841714859,0.012370321899652481,1.0980074405670166,1.0,0.9269571109693877,0.4220344387755102,0.12852758290816327,3,moderate,1,moderate,png,images/pre/9fc5907c8a10b80d.png,images/post/9fc5907c8a10b80d.png,images/dnbr/9fc5907c8a10b80d.png,geotiff/pre/9fc5907c8a10b80d.tif,geotiff/post/9fc5907c8a10b80d.tif,geotiff/dnbr/9fc5907c8a10b80d.tif
MCD64A1.A2020245.h23v04.061.2021309112114_r446_c661,2020-09-01,2020,9,245,MCD64A1.A2020245.h23v04.061.2021309112114,79.05711466930322,48.139583328988714,925,231.25,224,10,8ffa6e28d66a4be4,neg,val,Asia,Kazakhstan,78.9653919766581,48.01164610711431,0,30,grassland,grassland_savanna,temperate,N,temperate_other,S2A_MSIL2A_20200805T053651_R005_T43UGP_20200815T020347,S2A_MSIL2A_20200914T053651_R005_T43UGP_20200919T192134,2020-08-05T05:36:51.024000Z,2020-09-14T05:36:51.024000Z,2020-08-05,2020-09-14,0.0,-27,13,0.153022,5.520839,0.9935427295918368,0.9972895408163265,0.032747767865657806,0.029003266245126724,0.026507487520575523,0.0203213170170784,0.0386011004447937,0.05005502700805664,-0.05112600326538086,0.4517063796520233,0.9930644132653061,0.023138552295918366,0.0018933354591836734,1.992984693877551e-05,1,unburned_or_regrowth,-1,not_applicable,png,images/pre/8ffa6e28d66a4be4.png,images/post/8ffa6e28d66a4be4.png,images/dnbr/8ffa6e28d66a4be4.png,geotiff/pre/8ffa6e28d66a4be4.tif,geotiff/post/8ffa6e28d66a4be4.tif,geotiff/dnbr/8ffa6e28d66a4be4.tif
MCD64A1.A2020061.h26v07.061.2021309111307_r3_c2088,2020-03-30,2020,3,90,MCD64A1.A2020061.h26v07.061.2021309111307,94.3860445504464,19.98541666484192,35,8.75,224,10,341acb3998cf8be8,burn,test,Asia,Myanmar,94.38410737935232,19.989583331508218,1,10,tree_cover,forest,tropical,N,tropical_moist,S2A_MSIL2A_20200311T040551_R047_T46QFH_20201005T175723,S2B_MSIL2A_20200415T040539_R047_T46QFH_20200923T153357,2020-03-11T04:05:51.024000Z,2020-04-15T04:05:39.024000Z,2020-03-11,2020-04-15,0.2,-19,16,0.003165,0.038344,1.0,1.0,0.1852605938911438,0.179548442363739,0.1483837515115738,0.07986105233430862,0.28132161498069763,0.3821360170841217,-0.3332258462905884,0.7857926487922668,1.0,0.702766262755102,0.27283960459183676,0.05426897321428571,2,low,0,low,png,images/pre/341acb3998cf8be8.png,images/post/341acb3998cf8be8.png,images/dnbr/341acb3998cf8be8.png,geotiff/pre/341acb3998cf8be8.tif,geotiff/post/341acb3998cf8be8.tif,geotiff/dnbr/341acb3998cf8be8.tif
MCD64A1.A2020061.h26v07.061.2021309111307_r3_c2088,2020-03-30,2020,3,90,MCD64A1.A2020061.h26v07.061.2021309111307,94.3860445504464,19.98541666484192,35,8.75,224,10,d5fa5a8c87ab01c9,neg,test,Asia,Myanmar,94.27011886883344,19.966925313384642,0,10,tree_cover,forest,tropical,N,tropical_moist,S2A_MSIL2A_20200311T040551_R047_T46QFH_20201005T175723,S2B_MSIL2A_20200415T040539_R047_T46QFH_20200923T153357,2020-03-11T04:05:51.024000Z,2020-04-15T04:05:39.024000Z,2020-03-11,2020-04-15,0.2,-19,16,0.003165,0.038344,1.0,1.0,0.01796714961528778,0.017944931983947754,0.03185909986495972,-3.428757190704346e-05,0.03526388108730316,0.05313560366630554,-0.17071634531021118,0.25913307070732117,1.0,0.01309390943877551,0.0,0.0,1,unburned_or_regrowth,-1,not_applicable,png,images/pre/d5fa5a8c87ab01c9.png,images/post/d5fa5a8c87ab01c9.png,images/dnbr/d5fa5a8c87ab01c9.png,geotiff/pre/d5fa5a8c87ab01c9.tif,geotiff/post/d5fa5a8c87ab01c9.tif,geotiff/dnbr/d5fa5a8c87ab01c9.tif
MCD64A1.A2020214.h31v09.061.2021309112009_r1981_c1525,2020-08-09,2020,8,222,MCD64A1.A2020214.h31v09.061.2021309112009,137.78428373827828,-8.256249999306005,119,29.75,224,10,5a3663efc34f983c,burn,train,Asia,Indonesia,137.79400801976823,-8.247916665973419,1,10,tree_cover,forest,tropical,S,tropical_moist,S2B_MSIL2A_20200724T010729_R045_T53LQL_20200817T092151,S2B_MSIL2A_20200823T010729_R045_T53LQL_20200909T191108,2020-07-24T01:07:29.024000Z,2020-08-23T01:07:29.024000Z,2020-07-24,2020-08-23,0.0,-16,14,7.228319,7.203758,0.8514429209183674,1.0,0.6191275119781494,0.7274024486541748,0.3018181324005127,0.4102335572242737,0.8686574697494507,0.9143742322921753,-0.3035247325897217,1.1428014039993286,0.8514429209183674,0.7668407206632653,0.6855668048469388,0.6248007015306123,4,high,2,high,png,images/pre/5a3663efc34f983c.png,images/post/5a3663efc34f983c.png,images/dnbr/5a3663efc34f983c.png,geotiff/pre/5a3663efc34f983c.tif,geotiff/post/5a3663efc34f983c.tif,geotiff/dnbr/5a3663efc34f983c.tif
MCD64A1.A2020214.h31v09.061.2021309112009_r1981_c1525,2020-08-09,2020,8,222,MCD64A1.A2020214.h31v09.061.2021309112009,137.78428373827828,-8.256249999306005,119,29.75,224,10,b1a75213c93ce804,neg,train,Asia,Indonesia,137.95792740155107,-8.220506314454772,0,10,tree_cover,forest,tropical,S,tropical_moist,S2B_MSIL2A_20200704T010729_R045_T53LRL_20200909T063844,S2B_MSIL2A_20200823T010729_R045_T53LRL_20200827T142038,2020-07-04T01:07:29.024000Z,2020-08-23T01:07:29.024000Z,2020-07-04,2020-08-23,0.0,-36,14,6.885007,9.399242,1.0,1.0,0.0127981873229146,0.01211121678352356,0.03745438903570175,-0.0021094679832458496,0.028813257813453674,0.045385390520095825,-0.5098649859428406,0.4140618145465851,1.0,0.01034359056122449,0.0021324936224489796,0.0,1,unburned_or_regrowth,-1,not_applicable,png,images/pre/b1a75213c93ce804.png,images/post/b1a75213c93ce804.png,images/dnbr/b1a75213c93ce804.png,geotiff/pre/b1a75213c93ce804.tif,geotiff/post/b1a75213c93ce804.tif,geotiff/dnbr/b1a75213c93ce804.tif
MCD64A1.A2017152.h26v04.061.2021312130505_r573_c54,2017-06-29,2017,6,180,MCD64A1.A2017152.h26v04.061.2021312130505,119.00159732352985,47.61041666236941,1181,295.25,224,10,cd361575e5d378e1,burn,train,Asia,Mongolia,119.06170245251575,47.57708332903906,1,30,grassland,grassland_savanna,temperate,N,temperate_other,S2A_MSIL2A_20170614T025541_R032_T50TPT_20210209T224735,S2B_MSIL2A_20170712T030539_R075_T50TPT_20210210T075518,2017-06-14T02:55:41.026000Z,2017-07-12T03:05:39.027000Z,2017-06-14,2017-07-12,9.97,-15,13,0.003988,3.111834,1.0,1.0,0.4435732066631317,0.4355289936065674,0.06692007929086685,0.3986102044582367,0.48210403323173523,0.5381249189376831,0.23855720460414886,0.8907486200332642,1.0,1.0,0.9987244897959183,0.4705835459183674,4,high,2,high,png,images/pre/cd361575e5d378e1.png,images/post/cd361575e5d378e1.png,images/dnbr/cd361575e5d378e1.png,geotiff/pre/cd361575e5d378e1.tif,geotiff/post/cd361575e5d378e1.tif,geotiff/dnbr/cd361575e5d378e1.tif
MCD64A1.A2017152.h26v04.061.2021312130505_r573_c54,2017-06-29,2017,6,180,MCD64A1.A2017152.h26v04.061.2021312130505,119.00159732352985,47.61041666236941,1181,295.25,224,10,64292c262e8308c9,neg,train,Asia,Mongolia,118.91172913351035,47.89233604566947,0,30,grassland,grassland_savanna,temperate,N,temperate_other,S2A_MSIL2A_20170614T025541_R032_T50UPU_20210209T224736,S2A_MSIL2A_20170724T025551_R032_T50UPU_20210210T133604,2017-06-14T02:55:41.026000Z,2017-07-24T02:55:51.026000Z,2017-06-14,2017-07-24,0.17,-15,25,0.047324,0.682858,0.8549107142857143,0.9805484693877551,0.027560817077755928,0.02709774672985077,0.019701452925801277,0.016504237428307533,0.03719494491815567,0.046209849417209625,-0.2323521226644516,0.32684487104415894,0.8549107142857143,0.00506218112244898,7.971938775510203e-05,0.0,1,unburned_or_regrowth,-1,not_applicable,png,images/pre/64292c262e8308c9.png,images/post/64292c262e8308c9.png,images/dnbr/64292c262e8308c9.png,geotiff/pre/64292c262e8308c9.tif,geotiff/post/64292c262e8308c9.tif,geotiff/dnbr/64292c262e8308c9.tif
MCD64A1.A2017182.h22v03.061.2021312132501_r2367_c1018,2017-07-07,2017,7,188,MCD64A1.A2017182.h22v03.061.2021312132501,69.02567119098039,50.135416662143406,2070,517.5,224,10,aaf4532a79a0173a,burn,val,Asia,Kazakhstan,69.213162837323,50.20208332880411,1,30,grassland,grassland_savanna,temperate,N,temperate_other,S2A_MSIL2A_20170607T062631_R077_T42UWA_20210209T210438,S2B_MSIL2A_20170722T063019_R077_T42UWA_20210210T125244,2017-06-07T06:26:31.026000Z,2017-07-22T06:30:19.027000Z,2017-06-07,2017-07-22,3.8,-30,15,5.993587,7.697108,1.0,0.9974489795918368,0.16920794546604156,0.15488220751285553,0.1145523190498352,0.09475796669721603,0.23447185754776,0.30041369795799255,-0.13137057423591614,0.7996891140937805,0.9974489795918368,0.726921237244898,0.1568279655612245,0.02321827168367347,2,low,0,low,png,images/pre/aaf4532a79a0173a.png,images/post/aaf4532a79a0173a.png,images/dnbr/aaf4532a79a0173a.png,geotiff/pre/aaf4532a79a0173a.tif,geotiff/post/aaf4532a79a0173a.tif,geotiff/dnbr/aaf4532a79a0173a.tif
MCD64A1.A2017182.h22v03.061.2021312132501_r2367_c1018,2017-07-07,2017,7,188,MCD64A1.A2017182.h22v03.061.2021312132501,69.02567119098039,50.135416662143406,2070,517.5,224,10,9af6173f70f06eab,neg,val,Asia,Kazakhstan,69.2444821509707,49.90564776823029,0,30,grassland,grassland_savanna,temperate,N,temperate_other,S2A_MSIL2A_20170607T062631_R077_T42UWA_20210209T210438,S2A_MSIL2A_20170816T063021_R077_T42UWA_20210201T005121,2017-06-07T06:26:31.026000Z,2017-08-16T06:30:21.026000Z,2017-06-07,2017-08-16,3.83,-30,40,5.993587,0.123324,1.0,1.0,0.0410141758620739,0.03758775442838669,0.01773744262754917,0.028818616643548012,0.04894610121846199,0.06530281901359558,-0.010569484904408455,0.1556902378797531,1.0,0.00821109693877551,0.0,0.0,1,unburned_or_regrowth,-1,not_applicable,png,images/pre/9af6173f70f06eab.png,images/post/9af6173f70f06eab.png,images/dnbr/9af6173f70f06eab.png,geotiff/pre/9af6173f70f06eab.tif,geotiff/post/9af6173f70f06eab.tif,geotiff/dnbr/9af6173f70f06eab.tif
MCD64A1.A2017182.h26v04.061.2021312132753_r745_c213,2017-07-04,2017,7,185,MCD64A1.A2017182.h26v04.061.2021312132753,118.37152078756829,46.89374999576689,877,219.25,224,10,ddc39873cccb99e9,burn,train,Asia,Mongolia,118.2808411397574,46.960416662427576,1,90,herbaceous_wetland,wetland,temperate,N,temperate_other,S2A_MSIL2A_20170627T030541_R075_T50TNT_20210210T015841,S2B_MSIL2A_20170712T030539_R075_T50TNT_20210210T075500,2017-06-27T03:05:41.026000Z,2017-07-12T03:05:39.027000Z,2017-06-27,2017-07-12,0.03,-7,8,0.723465,0.154532,1.0,0.9670758928571429,0.20352233946323395,0.23244927823543549,0.14931830763816833,0.03802059590816498,0.3297460079193115,0.3868698179721832,-0.09816032648086548,0.5976908206939697,0.9670758928571429,0.6420599489795918,0.4008888711734694,0.025948660714285716,2,low,0,low,png,images/pre/ddc39873cccb99e9.png,images/post/ddc39873cccb99e9.png,images/dnbr/ddc39873cccb99e9.png,geotiff/pre/ddc39873cccb99e9.tif,geotiff/post/ddc39873cccb99e9.tif,geotiff/dnbr/ddc39873cccb99e9.tif
MCD64A1.A2017182.h26v04.061.2021312132753_r745_c213,2017-07-04,2017,7,185,MCD64A1.A2017182.h26v04.061.2021312132753,118.37152078756829,46.89374999576689,877,219.25,224,10,ff3aef4987431a38,neg,train,Asia,Mongolia,118.4969805948293,47.07277773357577,0,90,herbaceous_wetland,wetland,temperate,N,temperate_other,S2A_MSIL2A_20170627T030541_R075_T50TPT_20210210T015838,S2B_MSIL2A_20170712T030539_R075_T50TPT_20210210T075518,2017-06-27T03:05:41.026000Z,2017-07-12T03:05:39.027000Z,2017-06-27,2017-07-12,0.03,-7,8,0.436153,3.111834,1.0,1.0,0.020992564037442207,0.02289649099111557,0.014893430285155773,0.01423606090247631,0.030529849231243134,0.03703620284795761,-0.07985883951187134,0.08219300210475922,1.0,0.0,0.0,0.0,1,unburned_or_regrowth,-1,not_applicable,png,images/pre/ff3aef4987431a38.png,images/post/ff3aef4987431a38.png,images/dnbr/ff3aef4987431a38.png,geotiff/pre/ff3aef4987431a38.tif,geotiff/post/ff3aef4987431a38.tif,geotiff/dnbr/ff3aef4987431a38.tif
MCD64A1.A2018091.h23v04.061.2021354082011_r513_c1632,2018-04-13,2018,4,103,MCD64A1.A2018091.h23v04.061.2021354082011,84.66057010494876,47.86041666234703,17,4.25,224,10,56244cabaceef9ea,burn,test,Asia,Kazakhstan,84.6673751641296,47.864583329013314,1,90,herbaceous_wetland,wetland,temperate,N,temperate_other,S2A_MSIL2A_20180405T052651_R105_T44UQU_20201012T183009,S2A_MSIL2A_20180422T051651_R062_T44UQU_20201013T010956,2018-04-05T05:26:51.026000Z,2018-04-22T05:16:51.026000Z,2018-04-05,2018-04-22,10.0,-8,9,2.914602,1.548929,0.9997608418367347,0.9992028061224489,0.19278161227703094,0.20947358012199402,0.12859174609184265,0.06489446759223938,0.2980790436267853,0.3525484800338745,-0.1748875379562378,0.5971792340278625,0.9989636479591837,0.6864437181122449,0.33388472576530615,0.011080994897959183,2,low,0,low,png,images/pre/56244cabaceef9ea.png,images/post/56244cabaceef9ea.png,images/dnbr/56244cabaceef9ea.png,geotiff/pre/56244cabaceef9ea.tif,geotiff/post/56244cabaceef9ea.tif,geotiff/dnbr/56244cabaceef9ea.tif
MCD64A1.A2018091.h23v04.061.2021354082011_r513_c1632,2018-04-13,2018,4,103,MCD64A1.A2018091.h23v04.061.2021354082011,84.66057010494876,47.86041666234703,17,4.25,224,10,26b0f2a58f6f73b0,neg,test,Asia,Kazakhstan,84.67195331187662,47.92487820158835,0,90,herbaceous_wetland,wetland,temperate,N,temperate_other,S2A_MSIL2A_20180405T052651_R105_T44UQU_20201012T183009,S2A_MSIL2A_20180522T051651_R062_T44UQU_20201012T125014,2018-04-05T05:26:51.026000Z,2018-05-22T05:16:51.024000Z,2018-04-05,2018-05-22,10.0,-8,39,2.914602,0.529392,1.0,1.0,-0.05617858096957207,-0.05489997938275337,0.0142251281067729,-0.06419876962900162,-0.046636611223220825,-0.03943924233317375,-0.14228878915309906,-0.0038488656282424927,1.0,0.0,0.0,0.0,1,unburned_or_regrowth,-1,not_applicable,png,images/pre/26b0f2a58f6f73b0.png,images/post/26b0f2a58f6f73b0.png,images/dnbr/26b0f2a58f6f73b0.png,geotiff/pre/26b0f2a58f6f73b0.tif,geotiff/post/26b0f2a58f6f73b0.tif,geotiff/dnbr/26b0f2a58f6f73b0.tif
MCD64A1.A2017152.h26v04.061.2021312130505_r567_c41,2017-06-29,2017,6,180,MCD64A1.A2017152.h26v04.061.2021312130505,118.97813656706427,47.63541666236717,1157,289.25,224,10,cb26f51b6c771d3a,burn,val,Asia,Mongolia,118.98117193057809,47.693749995695285,1,30,grassland,grassland_savanna,temperate,N,temperate_other,S2A_MSIL2A_20170614T025541_R032_T50TPT_20210209T224735,S2B_MSIL2A_20170712T030539_R075_T50TPT_20210210T075518,2017-06-14T02:55:41.026000Z,2017-07-12T03:05:39.027000Z,2017-06-14,2017-07-12,9.97,-15,13,0.003988,3.111834,1.0,1.0,0.30829447507858276,0.3137285113334656,0.13265717029571533,0.18928788602352142,0.41610491275787354,0.4827725291252136,0.007845968008041382,0.7329710721969604,1.0,0.9619339923469388,0.5891462053571429,0.18879544005102042,3,moderate,1,moderate,png,images/pre/cb26f51b6c771d3a.png,images/post/cb26f51b6c771d3a.png,images/dnbr/cb26f51b6c771d3a.png,geotiff/pre/cb26f51b6c771d3a.tif,geotiff/post/cb26f51b6c771d3a.tif,geotiff/dnbr/cb26f51b6c771d3a.tif
MCD64A1.A2017152.h26v04.061.2021312130505_r567_c41,2017-06-29,2017,6,180,MCD64A1.A2017152.h26v04.061.2021312130505,118.97813656706427,47.63541666236717,1157,289.25,224,10,8819ee5ce348ec7a,neg,val,Asia,Mongolia,118.925691491717,47.38682605810385,0,30,grassland,grassland_savanna,temperate,N,temperate_other,S2A_MSIL2A_20170614T025541_R032_T50TPT_20210209T224735,S2A_MSIL2A_20170724T025551_R032_T50TPT_20210210T133605,2017-06-14T02:55:41.026000Z,2017-07-24T02:55:51.026000Z,2017-06-14,2017-07-24,0.17,-15,25,0.003988,0.255747,1.0,1.0,0.015430779196321964,0.021490585058927536,0.05297099053859711,0.0007931520231068134,0.04248242825269699,0.06211750954389572,-0.4647196829319,0.19082200527191162,1.0,0.006138392857142857,0.0,0.0,1,unburned_or_regrowth,-1,not_applicable,png,images/pre/8819ee5ce348ec7a.png,images/post/8819ee5ce348ec7a.png,images/dnbr/8819ee5ce348ec7a.png,geotiff/pre/8819ee5ce348ec7a.tif,geotiff/post/8819ee5ce348ec7a.tif,geotiff/dnbr/8819ee5ce348ec7a.tif
MCD64A1.A2020061.h25v07.061.2021309111317_r1231_c1551,2020-03-28,2020,3,88,MCD64A1.A2020061.h25v07.061.2021309111317,79.1136091949578,14.868749998628612,267,66.75,224,10,ce534db88975a082,burn,train,Asia,India,79.12600551387324,14.843749998630827,1,20,shrubland,shrubland_chaparral,tropical,N,tropical_dry,S2A_MSIL2A_20200319T050651_R019_T44PKB_20201012T174037,S2B_MSIL2A_20200403T050649_R019_T44PKB_20200924T205442,2020-03-19T05:06:51.024000Z,2020-04-03T05:06:49.024000Z,2020-03-19,2020-04-03,0.03,-9,6,0.020969,0.019788,1.0,1.0,0.2673438787460327,0.2715122103691101,0.07682465016841888,0.22128687798976898,0.3166557550430298,0.36420077085494995,-0.02716749906539917,0.4872199296951294,1.0,0.9691286670918368,0.5078523596938775,0.006636639030612245,2,low,0,low,png,images/pre/ce534db88975a082.png,images/post/ce534db88975a082.png,images/dnbr/ce534db88975a082.png,geotiff/pre/ce534db88975a082.tif,geotiff/post/ce534db88975a082.tif,geotiff/dnbr/ce534db88975a082.tif
MCD64A1.A2020061.h25v07.061.2021309111317_r1231_c1551,2020-03-28,2020,3,88,MCD64A1.A2020061.h25v07.061.2021309111317,79.1136091949578,14.868749998628612,267,66.75,224,10,ebd426cf34d89297,neg,train,Asia,India,79.02713182056785,14.651100330033875,0,10,tree_cover,forest,tropical,N,tropical_moist,S2A_MSIL2A_20200319T050651_R019_T44PKB_20201012T174037,S2B_MSIL2A_20200403T050649_R019_T44PKB_20200924T205442,2020-03-19T05:06:51.024000Z,2020-04-03T05:06:49.024000Z,2020-03-19,2020-04-03,0.03,-9,6,0.020969,0.019788,1.0,1.0,0.04146132245659828,0.04348514601588249,0.04770714417099953,0.03023410402238369,0.0565207377076149,0.06944844126701355,-0.8943307995796204,0.7011334896087646,1.0,0.014309630102040817,0.0010762117346938774,0.00027901785714285713,1,unburned_or_regrowth,-1,not_applicable,png,images/pre/ebd426cf34d89297.png,images/post/ebd426cf34d89297.png,images/dnbr/ebd426cf34d89297.png,geotiff/pre/ebd426cf34d89297.tif,geotiff/post/ebd426cf34d89297.tif,geotiff/dnbr/ebd426cf34d89297.tif
MCD64A1.A2020245.h29v09.061.2021309112118_r1968_c1618,2020-09-14,2020,9,258,MCD64A1.A2020245.h29v09.061.2021309112118,117.9502579744167,-8.202083332644186,9,2.25,224,10,363628856b784f71,burn,val,Asia,Indonesia,117.9502579744167,-8.202083332644186,1,30,grassland,grassland_savanna,tropical,S,tropical_dry,S2A_MSIL2A_20200822T022331_R103_T50MNS_20200825T145444,S2B_MSIL2A_20200926T022329_R103_T50MPS_20200928T053039,2020-08-22T02:23:31.024000Z,2020-09-26T02:23:29.024000Z,2020-08-22,2020-09-26,0.03,-23,12,0.483281,1.394531,1.0,0.8142538265306123,0.15274237096309662,0.13271218538284302,0.11694397777318954,0.08118613064289093,0.21566219627857208,0.31331175565719604,-0.7770934104919434,0.7302291393280029,0.8142538265306123,0.5395009566326531,0.13036112882653061,0.011220503826530613,2,low,0,low,png,images/pre/363628856b784f71.png,images/post/363628856b784f71.png,images/dnbr/363628856b784f71.png,geotiff/pre/363628856b784f71.tif,geotiff/post/363628856b784f71.tif,geotiff/dnbr/363628856b784f71.tif
MCD64A1.A2020245.h29v09.061.2021309112118_r1968_c1618,2020-09-14,2020,9,258,MCD64A1.A2020245.h29v09.061.2021309112118,117.9502579744167,-8.202083332644186,9,2.25,224,10,9ed35915099e206a,neg,val,Asia,Indonesia,117.97129870998344,-8.243701963257026,0,30,grassland,grassland_savanna,tropical,S,tropical_dry,S2B_MSIL2A_20200827T022329_R103_T50LPR_20200907T103319,S2B_MSIL2A_20200926T022329_R103_T50LPR_20200928T053238,2020-08-27T02:23:29.024000Z,2020-09-26T02:23:29.024000Z,2020-08-27,2020-09-26,0.0,-18,12,4.297733,6.420221,0.984733737244898,0.9763632015306123,0.01170952059328556,0.01781684346497059,0.04824472591280937,-0.0007102955132722855,0.03455309569835663,0.052632275968790054,-0.5498841404914856,0.4235351085662842,0.9731744260204082,0.010403380102040817,0.0003786670918367347,0.0,1,unburned_or_regrowth,-1,not_applicable,png,images/pre/9ed35915099e206a.png,images/post/9ed35915099e206a.png,images/dnbr/9ed35915099e206a.png,geotiff/pre/9ed35915099e206a.tif,geotiff/post/9ed35915099e206a.tif,geotiff/dnbr/9ed35915099e206a.tif
MCD64A1.A2020245.h20v04.061.2021309112101_r2240_c1021,2020-09-28,2020,9,272,MCD64A1.A2020245.h20v04.061.2021309112101,31.977663731700233,40.66458332965775,6,1.5,224,10,296220ec3cf42375,burn,val,Asia,Turkey,31.983156759911452,40.66458332965775,1,30,grassland,grassland_savanna,temperate,N,temperate_other,S2A_MSIL2A_20200829T083611_R064_T36TVL_20200907T151529,S2B_MSIL2A_20201013T083829_R064_T36TVL_20201027T130108,2020-08-29T08:36:11.024000Z,2020-10-13T08:38:29.024000Z,2020-08-29,2020-10-13,2.3,-30,15,0.050561,0.096815,1.0,1.0,0.2432650476694107,0.10855332762002945,0.28839823603630066,0.054445985704660416,0.39885416626930237,0.7335459589958191,-0.22453054785728455,1.130180835723877,1.0,0.5308314732142857,0.31032764668367346,0.23076769770408162,2,low,0,low,png,images/pre/296220ec3cf42375.png,images/post/296220ec3cf42375.png,images/dnbr/296220ec3cf42375.png,geotiff/pre/296220ec3cf42375.tif,geotiff/post/296220ec3cf42375.tif,geotiff/dnbr/296220ec3cf42375.tif
MCD64A1.A2020245.h20v04.061.2021309112101_r2240_c1021,2020-09-28,2020,9,272,MCD64A1.A2020245.h20v04.061.2021309112101,31.977663731700233,40.66458332965775,6,1.5,224,10,f1b8b6aa6138f64d,neg,val,Asia,Turkey,31.88607746783069,40.623950211566275,0,30,grassland,grassland_savanna,temperate,N,temperate_other,S2B_MSIL2A_20200916T084609_R107_T36TVK_20200919T221801,S2B_MSIL2A_20201016T084849_R107_T36TVK_20201027T133110,2020-09-16T08:46:09.024000Z,2020-10-16T08:48:49.024000Z,2020-09-16,2020-10-16,2.67,-12,18,0.000177,0.000359,1.0,1.0,-0.037795573472976685,-0.037958819419145584,0.049712300300598145,-0.06118734925985336,-0.013534996658563614,0.0173758864402771,-0.32450705766677856,0.48652487993240356,1.0,0.0069355867346938774,0.0006178252551020409,3.985969387755102e-05,1,unburned_or_regrowth,-1,not_applicable,png,images/pre/f1b8b6aa6138f64d.png,images/post/f1b8b6aa6138f64d.png,images/dnbr/f1b8b6aa6138f64d.png,geotiff/pre/f1b8b6aa6138f64d.tif,geotiff/post/f1b8b6aa6138f64d.tif,geotiff/dnbr/f1b8b6aa6138f64d.tif
MCD64A1.A2017274.h20v05.061.2021312141837_r212_c360,2017-10-06,2017,10,279,MCD64A1.A2017274.h20v05.061.2021312141837,27.71294658153686,39.114583329796474,66,16.5,224,10,4daff5b1664b72ee,burn,train,Asia,Turkey,27.736067521092394,39.11874999646278,1,10,tree_cover,forest,temperate,N,temperate_forest,S2B_MSIL2A_20170915T090009_R007_T35SND_20210202T032905,S2A_MSIL2A_20171020T090021_R007_T35SND_20201015T010525,2017-09-15T09:00:09.027000Z,2017-10-20T09:00:21.026000Z,2017-09-15,2017-10-20,0.2,-21,14,0.244024,0.273284,0.9996811224489796,0.9992028061224489,0.2774306833744049,0.30880552530288696,0.16183613240718842,0.14903604984283447,0.4058726131916046,0.4630725085735321,-0.3590388000011444,0.8002578020095825,0.9990433673469388,0.8336057079081632,0.5552455357142857,0.15076929209183673,3,moderate,1,moderate,png,images/pre/4daff5b1664b72ee.png,images/post/4daff5b1664b72ee.png,images/dnbr/4daff5b1664b72ee.png,geotiff/pre/4daff5b1664b72ee.tif,geotiff/post/4daff5b1664b72ee.tif,geotiff/dnbr/4daff5b1664b72ee.tif
MCD64A1.A2017274.h20v05.061.2021312141837_r212_c360,2017-10-06,2017,10,279,MCD64A1.A2017274.h20v05.061.2021312141837,27.71294658153686,39.114583329796474,66,16.5,224,10,2831ab26af9398bb,neg,train,Asia,Turkey,27.65718846768855,39.032995368732486,0,10,tree_cover,forest,temperate,N,temperate_forest,S2B_MSIL2A_20170915T090009_R007_T35SND_20210202T032905,S2A_MSIL2A_20171020T090021_R007_T35SND_20201015T010525,2017-09-15T09:00:09.027000Z,2017-10-20T09:00:21.026000Z,2017-09-15,2017-10-20,0.2,-21,14,0.244024,0.273284,0.9996811224489796,0.9999202806122449,-0.06156107038259506,-0.061497170478105545,0.03452707454562187,-0.08145438134670258,-0.04200633987784386,-0.021179862320423126,-0.31366559863090515,0.1649770885705948,0.9996014030612245,0.00027901785714285713,0.0,0.0,1,unburned_or_regrowth,-1,not_applicable,png,images/pre/2831ab26af9398bb.png,images/post/2831ab26af9398bb.png,images/dnbr/2831ab26af9398bb.png,geotiff/pre/2831ab26af9398bb.tif,geotiff/post/2831ab26af9398bb.tif,geotiff/dnbr/2831ab26af9398bb.tif
MCD64A1.A2017152.h24v05.061.2021312130351_r1636_c513,2017-06-01,2017,6,152,MCD64A1.A2017152.h24v05.061.2021312130351,74.24585580994614,33.1812499969942,7,1.75,224,10,335bf725a5efa624,burn,train,Asia,India,74.25228187895964,33.1770833303279,1,10,tree_cover,forest,subtropical,N,subtropical,S2A_MSIL2A_20170506T054641_R048_T43SDS_20210209T132352,S2A_MSIL2A_20170612T053641_R005_T43SDS_20210209T221956,2017-05-06T05:46:41.026000Z,2017-06-12T05:36:41.026000Z,2017-05-06,2017-06-12,10.0,-26,11,0.286028,1.720614,1.0,0.9993622448979592,0.25870445370674133,0.27185720205307007,0.1510702669620514,0.15836799144744873,0.36074110865592957,0.43887126445770264,-1.036389946937561,0.7901101112365723,0.9993622448979592,0.8584183673469388,0.5050223214285714,0.09813456632653061,2,low,0,low,png,images/pre/335bf725a5efa624.png,images/post/335bf725a5efa624.png,images/dnbr/335bf725a5efa624.png,geotiff/pre/335bf725a5efa624.tif,geotiff/post/335bf725a5efa624.tif,geotiff/dnbr/335bf725a5efa624.tif
MCD64A1.A2017152.h24v05.061.2021312130351_r1636_c513,2017-06-01,2017,6,152,MCD64A1.A2017152.h24v05.061.2021312130351,74.24585580994614,33.1812499969942,7,1.75,224,10,b09eac3095868f9a,neg,train,Asia,India,74.23960063422606,33.23948507664664,0,10,tree_cover,forest,subtropical,N,subtropical,S2A_MSIL2A_20170506T054641_R048_T43SDS_20210209T132352,S2A_MSIL2A_20170705T054641_R048_T43SDS_20210210T045209,2017-05-06T05:46:41.026000Z,2017-07-05T05:46:41.026000Z,2017-05-06,2017-07-05,0.0,-26,34,0.286028,0.882633,1.0,1.0,-0.046768564730882645,-0.03346487879753113,0.06692088395357132,-0.08682993799448013,0.0028323642909526825,0.028573520481586456,-0.42767012119293213,0.13209351897239685,1.0,0.0003985969387755102,0.0,0.0,1,unburned_or_regrowth,-1,not_applicable,png,images/pre/b09eac3095868f9a.png,images/post/b09eac3095868f9a.png,images/dnbr/b09eac3095868f9a.png,geotiff/pre/b09eac3095868f9a.tif,geotiff/post/b09eac3095868f9a.tif,geotiff/dnbr/b09eac3095868f9a.tif
MCD64A1.A2017274.h22v04.061.2021312153530_r1129_c1397,2017-10-10,2017,10,283,MCD64A1.A2017274.h22v04.061.2021312153530,65.13820217947176,45.29374999591009,30,7.5,224,10,e8bad694f3501acb,burn,train,Asia,Kazakhstan,65.15004818123205,45.29374999591009,1,30,grassland,grassland_savanna,temperate,N,temperate_other,S2B_MSIL2A_20170923T063609_R120_T41TPL_20210202T084201,S2A_MSIL2A_20171015T063021_R077_T41TPL_20201015T000635,2017-09-23T06:36:09.027000Z,2017-10-15T06:30:21.026000Z,2017-09-23,2017-10-15,5.8,-17,5,1.317,2.026211,1.0,1.0,0.325900137424469,0.1790931075811386,0.29438331723213196,0.10383313149213791,0.5700942277908325,0.7988836169242859,-0.2014542520046234,1.1940491199493408,1.0,0.7673389668367347,0.3993542729591837,0.3145328443877551,3,moderate,1,moderate,png,images/pre/e8bad694f3501acb.png,images/post/e8bad694f3501acb.png,images/dnbr/e8bad694f3501acb.png,geotiff/pre/e8bad694f3501acb.tif,geotiff/post/e8bad694f3501acb.tif,geotiff/dnbr/e8bad694f3501acb.tif
MCD64A1.A2017274.h22v04.061.2021312153530_r1129_c1397,2017-10-10,2017,10,283,MCD64A1.A2017274.h22v04.061.2021312153530,65.13820217947176,45.29374999591009,30,7.5,224,10,bce45266a90f18b7,neg,train,Asia,Kazakhstan,65.0804441486541,45.3388820909243,0,30,grassland,grassland_savanna,temperate,N,temperate_other,S2B_MSIL2A_20170903T063619_R120_T41TPL_20210201T175208,S2A_MSIL2A_20171107T064051_R120_T41TPL_20201014T183747,2017-09-03T06:36:19.027000Z,2017-11-07T06:40:51.026000Z,2017-09-03,2017-11-07,4.53,-37,28,0.124283,0.963157,1.0,1.0,-0.013384532183408737,-0.013412060216069221,0.02055324986577034,-0.027105232700705528,0.0003880225121974945,0.012618470937013626,-0.1216542050242424,0.11629776656627655,1.0,1.992984693877551e-05,0.0,0.0,1,unburned_or_regrowth,-1,not_applicable,png,images/pre/bce45266a90f18b7.png,images/post/bce45266a90f18b7.png,images/dnbr/bce45266a90f18b7.png,geotiff/pre/bce45266a90f18b7.tif,geotiff/post/bce45266a90f18b7.tif,geotiff/dnbr/bce45266a90f18b7.tif
MCD64A1.A2020245.h21v03.061.2021309112109_r2179_c393,2020-09-02,2020,9,246,MCD64A1.A2020245.h21v03.061.2021309112109,50.187957763153904,50.91874999540663,25,6.25,224,10,7ce1b840c3738c77,burn,train,Asia,Kazakhstan,50.18372696669294,50.927083328739215,1,30,grassland,grassland_savanna,temperate,N,temperate_other,S2B_MSIL2A_20200826T073619_R092_T39UVS_20200909T165550,S2A_MSIL2A_20200913T074621_R135_T39UVS_20201101T162933,2020-08-26T07:36:19.024000Z,2020-09-13T07:46:21.024000Z,2020-08-26,2020-09-13,10.03,-7,11,0.019985,0.036526,1.0,1.0,0.19044680893421173,0.21097584068775177,0.14969688653945923,0.04847651347517967,0.294852077960968,0.35913968086242676,-0.09548339992761612,0.8459304571151733,1.0,0.7095025510204082,0.3335658482142857,0.035455197704081634,2,low,0,low,png,images/pre/7ce1b840c3738c77.png,images/post/7ce1b840c3738c77.png,images/dnbr/7ce1b840c3738c77.png,geotiff/pre/7ce1b840c3738c77.tif,geotiff/post/7ce1b840c3738c77.tif,geotiff/dnbr/7ce1b840c3738c77.tif
MCD64A1.A2020245.h21v03.061.2021309112109_r2179_c393,2020-09-02,2020,9,246,MCD64A1.A2020245.h21v03.061.2021309112109,50.187957763153904,50.91874999540663,25,6.25,224,10,d4d27ff2d00fce3b,neg,train,Asia,Kazakhstan,50.09779834022273,50.886565781609036,0,30,grassland,grassland_savanna,temperate,N,temperate_other,S2B_MSIL2A_20200826T073619_R092_T39UVS_20200909T165550,S2A_MSIL2A_20201003T074751_R135_T39UVS_20201005T075401,2020-08-26T07:36:19.024000Z,2020-10-03T07:47:51.024000Z,2020-08-26,2020-10-03,11.53,-7,31,0.019985,0.006131,1.0,1.0,-0.016857635229825974,-0.01970674842596054,0.02355586178600788,-0.026854507625102997,-0.011890020221471786,-0.0029337704181671143,-0.08285251259803772,0.30018818378448486,1.0,0.008111447704081632,0.00045838647959183676,0.0,1,unburned_or_regrowth,-1,not_applicable,png,images/pre/d4d27ff2d00fce3b.png,images/post/d4d27ff2d00fce3b.png,images/dnbr/d4d27ff2d00fce3b.png,geotiff/pre/d4d27ff2d00fce3b.tif,geotiff/post/d4d27ff2d00fce3b.tif,geotiff/dnbr/d4d27ff2d00fce3b.tif
MCD64A1.A2018121.h23v04.061.2021355223059_r894_c1375,2018-05-24,2018,5,144,MCD64A1.A2018121.h23v04.061.2021355223059,80.62689358700074,46.272916662489116,245,61.25,224,10,8e1c35543dccba86,burn,train,Asia,Kazakhstan,80.68093402321298,46.26458332915653,1,30,grassland,grassland_savanna,temperate,N,temperate_other,S2A_MSIL2A_20180515T052651_R105_T44TMS_20201012T100225,S2B_MSIL2A_20180609T052649_R105_T44TMS_20201026T201842,2018-05-15T05:26:51.024000Z,2018-06-09T05:26:49.024000Z,2018-05-15,2018-06-09,0.03,-9,16,0.592005,0.331685,1.0,1.0,0.28683310747146606,0.29657477140426636,0.0803280919790268,0.24858403205871582,0.3378753066062927,0.37717878818511963,-0.14582422375679016,0.5640116333961487,1.0,0.9719985650510204,0.652961575255102,0.008709343112244899,3,moderate,1,moderate,png,images/pre/8e1c35543dccba86.png,images/post/8e1c35543dccba86.png,images/dnbr/8e1c35543dccba86.png,geotiff/pre/8e1c35543dccba86.tif,geotiff/post/8e1c35543dccba86.tif,geotiff/dnbr/8e1c35543dccba86.tif
MCD64A1.A2018121.h23v04.061.2021355223059_r894_c1375,2018-05-24,2018,5,144,MCD64A1.A2018121.h23v04.061.2021355223059,80.62689358700074,46.272916662489116,245,61.25,224,10,67c4770a4c3fc71c,neg,train,Asia,Kazakhstan,80.47424808339758,46.16575746626015,0,30,grassland,grassland_savanna,temperate,N,temperate_other,S2B_MSIL2A_20180413T053639_R005_T44TMS_20201012T215330,S2A_MSIL2A_20180707T053641_R005_T44TMS_20201011T125406,2018-04-13T05:36:39.027000Z,2018-07-07T05:36:41.024000Z,2018-04-13,2018-07-07,0.03,-41,44,1.038142,0.418423,1.0,1.0,-0.05615381896495819,-0.05285325646400452,0.059660669416189194,-0.09016021341085434,-0.016263622790575027,0.013175353407859802,-0.6983667016029358,0.12207350879907608,1.0,9.964923469387755e-05,0.0,0.0,1,unburned_or_regrowth,-1,not_applicable,png,images/pre/67c4770a4c3fc71c.png,images/post/67c4770a4c3fc71c.png,images/dnbr/67c4770a4c3fc71c.png,geotiff/pre/67c4770a4c3fc71c.tif,geotiff/post/67c4770a4c3fc71c.tif,geotiff/dnbr/67c4770a4c3fc71c.tif
MCD64A1.A2020214.h21v03.061.2021309111949_r2167_c274,2020-08-01,2020,8,214,MCD64A1.A2020214.h21v03.061.2021309111949,49.45460670438722,50.968749995402156,760,190.0,224,10,349c1f6c709ad8d0,burn,val,Asia,Kazakhstan,49.42152448704543,50.968749995402156,1,30,grassland,grassland_savanna,temperate,N,temperate_other,S2B_MSIL2A_20200720T074619_R135_T39UUS_20200919T085554,S2B_MSIL2A_20200819T074619_R135_T39UUS_20200919T085553,2020-07-20T07:46:19.024000Z,2020-08-19T07:46:19.024000Z,2020-07-20,2020-08-19,0.0,-12,18,13.787814,5.383781,0.8755181760204082,1.0,0.304865300655365,0.27909547090530396,0.1442335546016693,0.21204689145088196,0.3772122859954834,0.4844357669353485,-0.3326241970062256,1.0791878700256348,0.8755181760204082,0.8485530931122449,0.4657605229591837,0.12912547831632654,3,moderate,1,moderate,png,images/pre/349c1f6c709ad8d0.png,images/post/349c1f6c709ad8d0.png,images/dnbr/349c1f6c709ad8d0.png,geotiff/pre/349c1f6c709ad8d0.tif,geotiff/post/349c1f6c709ad8d0.tif,geotiff/dnbr/349c1f6c709ad8d0.tif
MCD64A1.A2020214.h21v03.061.2021309111949_r2167_c274,2020-08-01,2020,8,214,MCD64A1.A2020214.h21v03.061.2021309111949,49.45460670438722,50.968749995402156,760,190.0,224,10,67259eb0773cf79b,neg,val,Asia,Kazakhstan,49.6409783522183,50.82851230800383,0,30,grassland,grassland_savanna,temperate,N,temperate_other,S2B_MSIL2A_20200620T074619_R135_T39UUS_20200823T112122,S2A_MSIL2A_20200903T074621_R135_T39UUS_20201027T064442,2020-06-20T07:46:19.024000Z,2020-09-03T07:46:21.024000Z,2020-06-20,2020-09-03,0.03,-42,33,0.011682,0.008932,1.0,1.0,0.010775200091302395,0.003854207694530487,0.0346868559718132,-0.008610397577285767,0.02086709812283516,0.04198824614286423,-0.6543306112289429,0.4970437288284302,1.0,0.023577008928571428,0.0012755102040816326,5.978954081632653e-05,1,unburned_or_regrowth,-1,not_applicable,png,images/pre/67259eb0773cf79b.png,images/post/67259eb0773cf79b.png,images/dnbr/67259eb0773cf79b.png,geotiff/pre/67259eb0773cf79b.tif,geotiff/post/67259eb0773cf79b.tif,geotiff/dnbr/67259eb0773cf79b.tif
MCD64A1.A2017274.h21v03.061.2021312142019_r2372_c1165,2017-10-09,2017,10,282,MCD64A1.A2017274.h21v03.061.2021312142019,54.35635670757923,50.114583328811946,399,99.75,224,10,fb895aa55cdc99a1,burn,test,Asia,Kazakhstan,54.327409138367,50.10624999547936,1,30,grassland,grassland_savanna,temperate,N,temperate_other,S2A_MSIL2A_20170913T072611_R049_T40UCA_20210202T014232,S2A_MSIL2A_20171023T072941_R049_T39UYR_20201015T014259,2017-09-13T07:26:11.026000Z,2017-10-23T07:29:41.026000Z,2017-09-13,2017-10-23,3.5,-26,14,0.016914,16.873079,1.0,1.0,0.23739834129810333,0.24150419235229492,0.13635268807411194,0.1600954234600067,0.3313419818878174,0.4022091329097748,-0.2880857586860657,0.9145975112915039,1.0,0.8610291772959183,0.40792410714285715,0.05084103954081633,2,low,0,low,png,images/pre/fb895aa55cdc99a1.png,images/post/fb895aa55cdc99a1.png,images/dnbr/fb895aa55cdc99a1.png,geotiff/pre/fb895aa55cdc99a1.tif,geotiff/post/fb895aa55cdc99a1.tif,geotiff/dnbr/fb895aa55cdc99a1.tif
MCD64A1.A2017274.h21v03.061.2021312142019_r2372_c1165,2017-10-09,2017,10,282,MCD64A1.A2017274.h21v03.061.2021312142019,54.35635670757923,50.114583328811946,399,99.75,224,10,21370dd02a38914e,neg,test,Asia,Kazakhstan,54.372678258580784,50.286663194292686,0,30,grassland,grassland_savanna,temperate,N,temperate_other,S2A_MSIL2A_20170913T072611_R049_T40UCA_20210202T014232,S2A_MSIL2A_20171023T072941_R049_T39UYR_20201015T014259,2017-09-13T07:26:11.026000Z,2017-10-23T07:29:41.026000Z,2017-09-13,2017-10-23,3.5,-26,14,0.016914,16.873079,1.0,1.0,-0.1476433277130127,-0.13978131115436554,0.06200597807765007,-0.17127953469753265,-0.11430191993713379,-0.0878542810678482,-0.6081744432449341,0.1995328813791275,1.0,0.0007174744897959184,0.0,0.0,1,unburned_or_regrowth,-1,not_applicable,png,images/pre/21370dd02a38914e.png,images/post/21370dd02a38914e.png,images/dnbr/21370dd02a38914e.png,geotiff/pre/21370dd02a38914e.tif,geotiff/post/21370dd02a38914e.tif,geotiff/dnbr/21370dd02a38914e.tif
MCD64A1.A2020214.h22v04.061.2021309112000_r805_c1408,2020-08-07,2020,8,220,MCD64A1.A2020214.h22v04.061.2021309112000,66.8122036776685,46.64374999578926,2479,619.75,224,10,734b584e4b1d9cdd,burn,train,Asia,Kazakhstan,66.84185825149201,46.51041666246787,1,30,grassland,grassland_savanna,temperate,N,temperate_other,S2A_MSIL2A_20200714T063631_R120_T42TUS_20200913T031950,S2B_MSIL2A_20200815T062629_R077_T41TQM_20200818T113006,2020-07-14T06:36:31.024000Z,2020-08-15T06:26:29.024000Z,2020-07-14,2020-08-15,10.03,-24,8,0.298769,3.50263,1.0,1.0,0.19221724569797516,0.19714811444282532,0.06542956829071045,0.15772826969623566,0.23333117365837097,0.2665333151817322,-0.11918023228645325,0.4386105537414551,1.0,0.9088807397959183,0.09028220663265306,0.0,2,low,0,low,png,images/pre/734b584e4b1d9cdd.png,images/post/734b584e4b1d9cdd.png,images/dnbr/734b584e4b1d9cdd.png,geotiff/pre/734b584e4b1d9cdd.tif,geotiff/post/734b584e4b1d9cdd.tif,geotiff/dnbr/734b584e4b1d9cdd.tif
MCD64A1.A2020214.h22v04.061.2021309112000_r805_c1408,2020-08-07,2020,8,220,MCD64A1.A2020214.h22v04.061.2021309112000,66.8122036776685,46.64374999578926,2479,619.75,224,10,2f1fd35c546d1317,neg,train,Asia,Kazakhstan,66.99792594592414,46.94604675043819,0,30,grassland,grassland_savanna,temperate,N,temperate_other,S2A_MSIL2A_20200714T063631_R120_T41TQN_20200919T100555,S2A_MSIL2A_20200912T063631_R120_T41TQN_20200918T140851,2020-07-14T06:36:31.024000Z,2020-09-12T06:36:31.024000Z,2020-07-14,2020-09-12,0.0,-24,36,0.040212,0.013527,1.0,1.0,-0.009824791923165321,-0.010903134942054749,0.01458724681288004,-0.020057544112205505,0.00033070798963308334,0.010000364854931831,-0.07132723927497864,0.045197200030088425,1.0,0.0,0.0,0.0,1,unburned_or_regrowth,-1,not_applicable,png,images/pre/2f1fd35c546d1317.png,images/post/2f1fd35c546d1317.png,images/dnbr/2f1fd35c546d1317.png,geotiff/pre/2f1fd35c546d1317.tif,geotiff/post/2f1fd35c546d1317.tif,geotiff/dnbr/2f1fd35c546d1317.tif
MCD64A1.A2017182.h23v04.061.2021312132551_r1407_c1214,2017-07-28,2017,7,209,MCD64A1.A2017182.h23v04.061.2021312132551,76.7183004517613,44.135416662680434,273,68.25,224,10,cea0fd237e05490e,burn,val,Asia,Kazakhstan,76.72176050656255,44.16041666267819,1,30,grassland,grassland_savanna,temperate,N,temperate_other,S2B_MSIL2A_20170720T054639_R048_T43TFK_20210210T115330,S2B_MSIL2A_20170809T054639_R048_T43TFK_20210210T221056,2017-07-20T05:46:39.027000Z,2017-08-09T05:46:39.027000Z,2017-07-20,2017-08-09,0.0,-8,12,2.660774,1.473728,0.8973214285714286,0.8973214285714286,0.2221207320690155,0.22456051409244537,0.09849081188440323,0.16458657383918762,0.29194962978363037,0.3479665219783783,-0.07325918972492218,0.6246815323829651,0.8973214285714286,0.7923708545918368,0.2914540816326531,0.004344706632653061,2,low,0,low,png,images/pre/cea0fd237e05490e.png,images/post/cea0fd237e05490e.png,images/dnbr/cea0fd237e05490e.png,geotiff/pre/cea0fd237e05490e.tif,geotiff/post/cea0fd237e05490e.tif,geotiff/dnbr/cea0fd237e05490e.tif
MCD64A1.A2017182.h23v04.061.2021312132551_r1407_c1214,2017-07-28,2017,7,209,MCD64A1.A2017182.h23v04.061.2021312132551,76.7183004517613,44.135416662680434,273,68.25,224,10,d91375753da80cdf,neg,val,Asia,Kazakhstan,76.96084366565273,44.11971421950888,0,30,grassland,grassland_savanna,temperate,N,temperate_other,S2B_MSIL2A_20170720T054639_R048_T43TFJ_20210210T115320,S2B_MSIL2A_20170809T054639_R048_T43TFJ_20210210T221057,2017-07-20T05:46:39.027000Z,2017-08-09T05:46:39.027000Z,2017-07-20,2017-08-09,0.0,-8,12,3.497274,1.64445,1.0,1.0,-0.014475814998149872,-0.014147557318210602,0.015490716323256493,-0.02331400476396084,-0.005219488870352507,0.0032658465206623077,-0.17170588672161102,0.1370691955089569,1.0,0.0001793686224489796,0.0,0.0,1,unburned_or_regrowth,-1,not_applicable,png,images/pre/d91375753da80cdf.png,images/post/d91375753da80cdf.png,images/dnbr/d91375753da80cdf.png,geotiff/pre/d91375753da80cdf.tif,geotiff/post/d91375753da80cdf.tif,geotiff/dnbr/d91375753da80cdf.tif
MCD64A1.A2020032.h28v07.061.2021309111157_r1832_c79,2020-02-26,2020,2,57,MCD64A1.A2020032.h28v07.061.2021309111157,102.71371224568719,12.364583332183825,4,1.0,224,10,ca9b4395f67ae255,burn,train,Asia,Cambodia,102.71534999115467,12.368749998850122,1,10,tree_cover,forest,tropical,N,tropical_moist,S2A_MSIL2A_20200208T032911_R018_T48PTU_20201001T080834,S2A_MSIL2A_20200309T032551_R018_T48PTU_20201003T025050,2020-02-08T03:29:11.024000Z,2020-03-09T03:25:51.024000Z,2020-02-08,2020-03-09,3.33,-18,12,12.101427,1.473572,1.0,1.0,0.23982228338718414,0.22969786822795868,0.20502132177352905,0.03508839011192322,0.38829150795936584,0.48724862933158875,-0.11796700954437256,1.0428531169891357,1.0,0.6698820153061225,0.4379185267857143,0.16462053571428573,2,low,0,low,png,images/pre/ca9b4395f67ae255.png,images/post/ca9b4395f67ae255.png,images/dnbr/ca9b4395f67ae255.png,geotiff/pre/ca9b4395f67ae255.tif,geotiff/post/ca9b4395f67ae255.tif,geotiff/dnbr/ca9b4395f67ae255.tif
MCD64A1.A2020032.h28v07.061.2021309111157_r1832_c79,2020-02-26,2020,2,57,MCD64A1.A2020032.h28v07.061.2021309111157,102.71371224568719,12.364583332183825,4,1.0,224,10,4ea876908b077541,neg,train,Asia,Cambodia,102.8105586536044,12.3361197327312,0,30,grassland,grassland_savanna,tropical,N,tropical_dry,S2B_MSIL2A_20200114T033109_R018_T48PTU_20201002T183425,S2A_MSIL2A_20200309T032551_R018_T48PTU_20201003T025050,2020-01-14T03:31:09.024000Z,2020-03-09T03:25:51.024000Z,2020-01-14,2020-03-09,5.3,-43,12,2.592695,1.473572,1.0,1.0,0.046946536749601364,0.04688581824302673,0.02608945034444332,0.030928179621696472,0.0626264363527298,0.07807347178459167,-0.10486501455307007,0.24605363607406616,1.0,0.02499202806122449,0.0,0.0,1,unburned_or_regrowth,-1,not_applicable,png,images/pre/4ea876908b077541.png,images/post/4ea876908b077541.png,images/dnbr/4ea876908b077541.png,geotiff/pre/4ea876908b077541.tif,geotiff/post/4ea876908b077541.tif,geotiff/dnbr/4ea876908b077541.tif
MCD64A1.A2018091.h23v04.061.2021354082011_r1100_c641,2018-04-24,2018,4,114,MCD64A1.A2018091.h23v04.061.2021354082011,75.03565903644787,45.414583329232606,43,10.75,224,10,701f27977de535c3,burn,train,Asia,Kazakhstan,75.01785205332807,45.414583329232606,1,90,herbaceous_wetland,wetland,temperate,N,temperate_other,S2A_MSIL2A_20180404T055641_R091_T43TEL_20201012T180510,S2B_MSIL2A_20180429T055639_R091_T43TEL_20201013T041512,2018-04-04T05:56:41.026000Z,2018-04-29T05:56:39.027000Z,2018-04-04,2018-04-29,0.03,-20,5,0.67663,0.374355,0.9939811862244898,1.0,0.2118108570575714,0.19568414986133575,0.17648117244243622,0.06018199771642685,0.3479931950569153,0.4486638903617859,-0.47247010469436646,0.93435138463974,0.9939811862244898,0.6484175701530612,0.38022161989795916,0.11025191326530612,2,low,0,low,png,images/pre/701f27977de535c3.png,images/post/701f27977de535c3.png,images/dnbr/701f27977de535c3.png,geotiff/pre/701f27977de535c3.tif,geotiff/post/701f27977de535c3.tif,geotiff/dnbr/701f27977de535c3.tif
MCD64A1.A2018091.h23v04.061.2021354082011_r1100_c641,2018-04-24,2018,4,114,MCD64A1.A2018091.h23v04.061.2021354082011,75.03565903644787,45.414583329232606,43,10.75,224,10,cb836fc94aa6b415,neg,train,Asia,Kazakhstan,75.11982732951455,45.44524959028773,0,90,herbaceous_wetland,wetland,temperate,N,temperate_other,S2A_MSIL2A_20180404T055641_R091_T43TEL_20201012T180510,S2B_MSIL2A_20180519T055639_R091_T43TEL_20201012T114748,2018-04-04T05:56:41.026000Z,2018-05-19T05:56:39.027000Z,2018-04-04,2018-05-19,0.03,-20,25,0.67663,0.246393,0.9985650510204082,1.0,-0.15482980012893677,-0.12451887130737305,0.17308561503887177,-0.26014143228530884,-0.03414406254887581,0.017471978440880775,-1.1483174562454224,0.7376052737236023,0.9985650510204082,0.02774234693877551,0.007393973214285714,0.0022122130102040817,1,unburned_or_regrowth,-1,not_applicable,png,images/pre/cb836fc94aa6b415.png,images/post/cb836fc94aa6b415.png,images/dnbr/cb836fc94aa6b415.png,geotiff/pre/cb836fc94aa6b415.tif,geotiff/post/cb836fc94aa6b415.tif,geotiff/dnbr/cb836fc94aa6b415.tif
MCD64A1.A2017274.h21v04.061.2021312151617_r38_c652,2017-10-11,2017,10,284,MCD64A1.A2017274.h21v04.061.2021312151617,50.73226117326444,49.839583328836554,15,3.75,224,10,9d0d412bf26ffbed,burn,val,Asia,Kazakhstan,50.723519448440356,49.83124999550397,1,30,grassland,grassland_savanna,temperate,N,temperate_other,S2A_MSIL2A_20170916T073941_R092_T39UVR_20210202T034733,S2A_MSIL2A_20171019T074941_R135_T39UVR_20201015T005112,2017-09-16T07:39:41.026000Z,2017-10-19T07:49:41.026000Z,2017-09-16,2017-10-19,10.0,-25,8,0.004592,6.405458,1.0,1.0,0.2426932007074356,0.09294302761554718,0.27503764629364014,0.03679070621728897,0.42601269483566284,0.7399415373802185,-0.10742425918579102,1.0310983657836914,1.0,0.4853515625,0.32944036989795916,0.24320392219387754,2,low,0,low,png,images/pre/9d0d412bf26ffbed.png,images/post/9d0d412bf26ffbed.png,images/dnbr/9d0d412bf26ffbed.png,geotiff/pre/9d0d412bf26ffbed.tif,geotiff/post/9d0d412bf26ffbed.tif,geotiff/dnbr/9d0d412bf26ffbed.tif
MCD64A1.A2017274.h21v04.061.2021312151617_r38_c652,2017-10-11,2017,10,284,MCD64A1.A2017274.h21v04.061.2021312151617,50.73226117326444,49.839583328836554,15,3.75,224,10,81b49c8f2042d467,neg,val,Asia,Kazakhstan,50.77006552328667,49.80672190284642,0,30,grassland,grassland_savanna,temperate,N,temperate_other,S2A_MSIL2A_20170916T073941_R092_T39UVR_20210202T034733,S2A_MSIL2A_20171019T074941_R135_T39UVR_20201015T005112,2017-09-16T07:39:41.026000Z,2017-10-19T07:49:41.026000Z,2017-09-16,2017-10-19,10.0,-25,8,0.004592,6.405458,1.0,1.0,0.025842174887657166,0.024747615680098534,0.016502920538187027,0.014580370858311653,0.036248549818992615,0.047418203204870224,-0.03726187348365784,0.13050547242164612,1.0,0.00027901785714285713,0.0,0.0,1,unburned_or_regrowth,-1,not_applicable,png,images/pre/81b49c8f2042d467.png,images/post/81b49c8f2042d467.png,images/dnbr/81b49c8f2042d467.png,geotiff/pre/81b49c8f2042d467.tif,geotiff/post/81b49c8f2042d467.tif,geotiff/dnbr/81b49c8f2042d467.tif
MCD64A1.A2019335.h26v06.061.2021309110019_r492_c1031,2019-12-30,2019,12,364,MCD64A1.A2019335.h26v06.061.2021309110019,95.42721162376846,27.947916664129266,28,7.0,224,10,c12bf3bd06b00d45,burn,train,Asia,India,95.43561076042096,27.95208333079556,1,20,shrubland,shrubland_chaparral,subtropical,N,mediterranean_or_dry,S2A_MSIL2A_20191212T041141_R047_T46RGR_20201030T210511,S2A_MSIL2A_20200114T042121_R090_T46RGR_20201002T182025,2019-12-12T04:11:41.024000Z,2020-01-14T04:21:21.024000Z,2019-12-12,2020-01-14,9.67,-18,15,0.262148,0.33437,0.993781887755102,0.9947385204081632,0.2795431315898895,0.2905796766281128,0.22801703214645386,0.06546255201101303,0.48077481985092163,0.5628143548965454,-0.7232509255409241,0.8037209510803223,0.9909119897959183,0.6919044961734694,0.5088687818877551,0.3295998086734694,3,moderate,1,moderate,png,images/pre/c12bf3bd06b00d45.png,images/post/c12bf3bd06b00d45.png,images/dnbr/c12bf3bd06b00d45.png,geotiff/pre/c12bf3bd06b00d45.tif,geotiff/post/c12bf3bd06b00d45.tif,geotiff/dnbr/c12bf3bd06b00d45.tif
MCD64A1.A2019335.h26v06.061.2021309110019_r492_c1031,2019-12-30,2019,12,364,MCD64A1.A2019335.h26v06.061.2021309110019,95.42721162376846,27.947916664129266,28,7.0,224,10,e8665db322cb6e22,neg,train,Asia,India,95.36472412800245,28.01065625309055,0,20,shrubland,shrubland_chaparral,subtropical,N,mediterranean_or_dry,S2A_MSIL2A_20191205T042141_R090_T46RGS_20201003T005231,S2A_MSIL2A_20200114T042121_R090_T46RGS_20201002T182025,2019-12-05T04:21:41.024000Z,2020-01-14T04:21:21.024000Z,2019-12-05,2020-01-14,0.33,-25,15,2.889547,3.697158,0.9994419642857143,0.9992825255102041,0.031107038259506226,0.03482511639595032,0.043250177055597305,0.017472535371780396,0.05181388556957245,0.06925861537456512,-0.4775761067867279,0.4854043126106262,0.9988839285714286,0.018893494897959183,0.0007374043367346938,0.00011957908163265306,1,unburned_or_regrowth,-1,not_applicable,png,images/pre/e8665db322cb6e22.png,images/post/e8665db322cb6e22.png,images/dnbr/e8665db322cb6e22.png,geotiff/pre/e8665db322cb6e22.tif,geotiff/post/e8665db322cb6e22.tif,geotiff/dnbr/e8665db322cb6e22.tif
MCD64A1.A2017152.h23v04.061.2021312130251_r464_c1160,2017-06-14,2017,6,165,MCD64A1.A2017152.h23v04.061.2021312130251,82.05301638402723,48.064583328995425,1549,387.25,224,10,bc0d37f36cb32080,burn,train,Asia,Kazakhstan,82.16316682857446,48.04374999566396,1,30,grassland,grassland_savanna,temperate,N,temperate_other,S2A_MSIL2A_20170520T052651_R105_T44UNU_20210209T164558,S2A_MSIL2A_20170702T053641_R005_T44UNU_20210210T034302,2017-05-20T05:26:51.026000Z,2017-07-02T05:36:41.026000Z,2017-05-20,2017-07-02,9.83,-25,18,0.863293,19.006085,1.0,0.9827407525510204,0.19498425722122192,0.19574928283691406,0.03692197427153587,0.17735330760478973,0.21435704827308655,0.2289329469203949,-0.30331799387931824,0.6705843210220337,0.9827407525510204,0.9667769451530612,0.011838329081632654,0.0015345982142857143,2,low,0,low,png,images/pre/bc0d37f36cb32080.png,images/post/bc0d37f36cb32080.png,images/dnbr/bc0d37f36cb32080.png,geotiff/pre/bc0d37f36cb32080.tif,geotiff/post/bc0d37f36cb32080.tif,geotiff/dnbr/bc0d37f36cb32080.tif
MCD64A1.A2017152.h23v04.061.2021312130251_r464_c1160,2017-06-14,2017,6,165,MCD64A1.A2017152.h23v04.061.2021312130251,82.05301638402723,48.064583328995425,1549,387.25,224,10,3813b8011d03a3a3,neg,train,Asia,Kazakhstan,81.82293308851249,48.2505071797998,0,30,grassland,grassland_savanna,temperate,N,temperate_other,S2A_MSIL2A_20170520T052651_R105_T44UNU_20210209T164558,S2B_MSIL2A_20170707T053639_R005_T44UNU_20210210T055802,2017-05-20T05:26:51.026000Z,2017-07-07T05:36:39.027000Z,2017-05-20,2017-07-07,9.8,-25,23,0.863293,6.031516,0.9737324617346939,1.0,-0.10530420392751694,-0.025413798168301582,0.17298488318920135,-0.267062246799469,0.04076056182384491,0.06706057488918304,-0.705559492111206,0.24988409876823425,0.9737324617346939,0.02676578443877551,0.0,0.0,1,unburned_or_regrowth,-1,not_applicable,png,images/pre/3813b8011d03a3a3.png,images/post/3813b8011d03a3a3.png,images/dnbr/3813b8011d03a3a3.png,geotiff/pre/3813b8011d03a3a3.tif,geotiff/post/3813b8011d03a3a3.tif,geotiff/dnbr/3813b8011d03a3a3.tif
MCD64A1.A2020032.h28v07.061.2021309111157_r1566_c1077,2020-02-03,2020,2,34,MCD64A1.A2020032.h28v07.061.2021309111157,107.44649365584132,13.472916665418955,65,16.25,224,10,38bc695bfa6e9271,burn,test,Asia,Cambodia,107.41572052713585,13.452083332087469,1,10,tree_cover,forest,tropical,N,tropical_moist,S2B_MSIL2A_20200118T031039_R075_T48PYV_20201002T201933,S2A_MSIL2A_20200212T030831_R075_T48PYV_20201001T185300,2020-01-18T03:10:39.024000Z,2020-02-12T03:08:31.024000Z,2020-01-18,2020-02-12,2.13,-16,9,0.039139,0.075435,1.0,1.0,0.21143914759159088,0.2143590748310089,0.11290766298770905,0.12641006708145142,0.29253503680229187,0.35758036375045776,-0.29358190298080444,0.5706704258918762,1.0,0.8176219706632653,0.3212890625,0.017059948979591837,2,low,0,low,png,images/pre/38bc695bfa6e9271.png,images/post/38bc695bfa6e9271.png,images/dnbr/38bc695bfa6e9271.png,geotiff/pre/38bc695bfa6e9271.tif,geotiff/post/38bc695bfa6e9271.tif,geotiff/dnbr/38bc695bfa6e9271.tif
MCD64A1.A2020032.h28v07.061.2021309111157_r1566_c1077,2020-02-03,2020,2,34,MCD64A1.A2020032.h28v07.061.2021309111157,107.44649365584132,13.472916665418955,65,16.25,224,10,9ab763c8a95a0dfe,neg,test,Asia,Cambodia,107.43834960281711,13.373699753127227,0,10,tree_cover,forest,tropical,N,tropical_moist,S2B_MSIL2A_20200118T031039_R075_T48PYV_20201002T201933,S2A_MSIL2A_20200212T030831_R075_T48PYV_20201001T185300,2020-01-18T03:10:39.024000Z,2020-02-12T03:08:31.024000Z,2020-01-18,2020-02-12,2.13,-16,9,0.039139,0.075435,1.0,1.0,-0.014972591772675514,-0.012181837111711502,0.0515509657561779,-0.042878296226263046,0.014313142746686935,0.043778300285339355,-0.27165767550468445,0.248480424284935,1.0,0.016043526785714284,0.0,0.0,1,unburned_or_regrowth,-1,not_applicable,png,images/pre/9ab763c8a95a0dfe.png,images/post/9ab763c8a95a0dfe.png,images/dnbr/9ab763c8a95a0dfe.png,geotiff/pre/9ab763c8a95a0dfe.tif,geotiff/post/9ab763c8a95a0dfe.tif,geotiff/dnbr/9ab763c8a95a0dfe.tif
MCD64A1.A2020214.h21v05.061.2021309111945_r715_c1019,2020-08-01,2020,8,214,MCD64A1.A2020214.h21v05.061.2021309111945,42.893617532367735,37.01874999665073,87,21.75,224,10,df86d6d18f50196e,burn,train,Asia,Iraq,42.91449160866545,37.01874999665073,1,30,grassland,grassland_savanna,temperate,N,temperate_other,S2B_MSIL2A_20200720T074619_R135_T38SLG_20200908T214332,S2B_MSIL2A_20200819T074619_R135_T38SLG_20201027T090138,2020-07-20T07:46:19.024000Z,2020-08-19T07:46:19.024000Z,2020-07-20,2020-08-19,0.0,-12,18,0.148891,0.038069,1.0,1.0,0.2166244089603424,0.23624475300312042,0.14208194613456726,0.12415400892496109,0.31803658604621887,0.38486719131469727,-0.30783289670944214,0.6566649675369263,1.0,0.7791772959183674,0.3959263392857143,0.03989955357142857,2,low,0,low,png,images/pre/df86d6d18f50196e.png,images/post/df86d6d18f50196e.png,images/dnbr/df86d6d18f50196e.png,geotiff/pre/df86d6d18f50196e.tif,geotiff/post/df86d6d18f50196e.tif,geotiff/dnbr/df86d6d18f50196e.tif
MCD64A1.A2020214.h21v05.061.2021309111945_r715_c1019,2020-08-01,2020,8,214,MCD64A1.A2020214.h21v05.061.2021309111945,42.893617532367735,37.01874999665073,87,21.75,224,10,cc53e6cd24969059,neg,train,Asia,Iraq,42.99841635238909,37.07522578027765,0,30,grassland,grassland_savanna,temperate,N,temperate_other,S2B_MSIL2A_20200720T074619_R135_T38SLG_20200908T214332,S2B_MSIL2A_20200819T074619_R135_T38SLG_20201027T090138,2020-07-20T07:46:19.024000Z,2020-08-19T07:46:19.024000Z,2020-07-20,2020-08-19,0.0,-12,18,0.148891,0.038069,1.0,1.0,-0.010291083715856075,-0.010867483913898468,0.03013763390481472,-0.019934989511966705,7.416121661663055e-06,0.015371022745966911,-0.37969785928726196,0.14294344186782837,1.0,0.0004982461734693878,0.0,0.0,1,unburned_or_regrowth,-1,not_applicable,png,images/pre/cc53e6cd24969059.png,images/post/cc53e6cd24969059.png,images/dnbr/cc53e6cd24969059.png,geotiff/pre/cc53e6cd24969059.tif,geotiff/post/cc53e6cd24969059.tif,geotiff/dnbr/cc53e6cd24969059.tif
MCD64A1.A2017152.h25v04.061.2021312130425_r257_c1465,2017-06-28,2017,6,179,MCD64A1.A2017152.h25v04.061.2021312130425,115.83569683193352,48.92708332891823,4351,1087.75,224,10,223f9ef13853bcb1,burn,train,Asia,Mongolia,115.80223016831222,48.8770833289227,1,30,grassland,grassland_savanna,temperate,N,temperate_other,S2A_MSIL2A_20170531T031541_R118_T50UMV_20210209T192234,S2A_MSIL2A_20170703T032541_R018_T50UMV_20210210T040249,2017-05-31T03:15:41.026000Z,2017-07-03T03:25:41.026000Z,2017-05-31,2017-07-03,10.0,-28,5,1.132276,2.49255,1.0,1.0,0.36640188097953796,0.36328911781311035,0.050781477242708206,0.33431142568588257,0.39367151260375977,0.4266226887702942,-0.03215041756629944,0.6633569002151489,1.0,0.9995017538265306,0.9851124043367347,0.07055165816326531,3,moderate,1,moderate,png,images/pre/223f9ef13853bcb1.png,images/post/223f9ef13853bcb1.png,images/dnbr/223f9ef13853bcb1.png,geotiff/pre/223f9ef13853bcb1.tif,geotiff/post/223f9ef13853bcb1.tif,geotiff/dnbr/223f9ef13853bcb1.tif
MCD64A1.A2017152.h25v04.061.2021312130425_r257_c1465,2017-06-28,2017,6,179,MCD64A1.A2017152.h25v04.061.2021312130425,115.83569683193352,48.92708332891823,4351,1087.75,224,10,e11aef49a7ecfa76,neg,train,Asia,Mongolia,116.4206232134853,48.95775074894718,0,30,grassland,grassland_savanna,temperate,N,temperate_other,S2A_MSIL2A_20170531T031541_R118_T50UMV_20210209T192234,S2A_MSIL2A_20170730T031541_R118_T50UMV_20210210T163634,2017-05-31T03:15:41.026000Z,2017-07-30T03:15:41.026000Z,2017-05-31,2017-07-30,0.0,-28,32,1.132276,2.601033,1.0,0.9888392857142857,0.010437702760100365,0.01794135570526123,0.049173831939697266,0.0010118074715137482,0.03227813541889191,0.048898156732320786,-0.3418533504009247,0.3384503126144409,0.9888392857142857,0.016481983418367346,0.0006776147959183673,0.0,1,unburned_or_regrowth,-1,not_applicable,png,images/pre/e11aef49a7ecfa76.png,images/post/e11aef49a7ecfa76.png,images/dnbr/e11aef49a7ecfa76.png,geotiff/pre/e11aef49a7ecfa76.tif,geotiff/post/e11aef49a7ecfa76.tif,geotiff/dnbr/e11aef49a7ecfa76.tif
MCD64A1.A2020214.h22v04.061.2021309112000_r805_c1407,2020-08-09,2020,8,222,MCD64A1.A2020214.h22v04.061.2021309112000,66.80613453076587,46.64374999578926,2600,650.0,224,10,81b4bceb386cdf2f,burn,test,Asia,Kazakhstan,66.84839561985882,46.53541666246562,1,30,grassland,grassland_savanna,temperate,N,temperate_other,S2A_MSIL2A_20200714T063631_R120_T42TUS_20200913T031950,S2B_MSIL2A_20200815T062629_R077_T41TQM_20200818T113006,2020-07-14T06:36:31.024000Z,2020-08-15T06:26:29.024000Z,2020-07-14,2020-08-15,10.03,-26,6,0.298769,3.50263,1.0,1.0,0.17947468161582947,0.17617693543434143,0.0712864100933075,0.1318933516740799,0.22873558104038239,0.2795983850955963,-0.07589254528284073,0.4234033524990082,1.0,0.8691007653061225,0.1299426020408163,0.0,2,low,0,low,png,images/pre/81b4bceb386cdf2f.png,images/post/81b4bceb386cdf2f.png,images/dnbr/81b4bceb386cdf2f.png,geotiff/pre/81b4bceb386cdf2f.tif,geotiff/post/81b4bceb386cdf2f.tif,geotiff/dnbr/81b4bceb386cdf2f.tif
MCD64A1.A2020214.h22v04.061.2021309112000_r805_c1407,2020-08-09,2020,8,222,MCD64A1.A2020214.h22v04.061.2021309112000,66.80613453076587,46.64374999578926,2600,650.0,224,10,b8cd5509686a9e99,neg,test,Asia,Kazakhstan,66.21416066398648,46.76413961818809,0,30,grassland,grassland_savanna,temperate,N,temperate_other,S2A_MSIL2A_20200704T063631_R120_T41TQM_20200825T034430,S2A_MSIL2A_20200912T063631_R120_T41TQM_20200918T140534,2020-07-04T06:36:31.024000Z,2020-09-12T06:36:31.024000Z,2020-07-04,2020-09-12,0.0,-36,34,0.858772,0.317468,1.0,1.0,-0.013979443348944187,-0.014344897121191025,0.015299971215426922,-0.023809421807527542,-0.004421299323439598,0.006084549240767956,-0.08441852033138275,0.09448070824146271,1.0,0.0,0.0,0.0,1,unburned_or_regrowth,-1,not_applicable,png,images/pre/b8cd5509686a9e99.png,images/post/b8cd5509686a9e99.png,images/dnbr/b8cd5509686a9e99.png,geotiff/pre/b8cd5509686a9e99.tif,geotiff/post/b8cd5509686a9e99.tif,geotiff/dnbr/b8cd5509686a9e99.tif
MCD64A1.A2017274.h21v04.061.2021312151617_r2380_c1165,2017-10-23,2017,10,296,MCD64A1.A2017274.h21v04.061.2021312151617,45.5558559972496,40.08124999637663,21,5.25,224,10,3e9adeafb8e24c9a,burn,train,Asia,Armenia,45.54230612265351,40.08541666304292,1,30,grassland,grassland_savanna,temperate,N,temperate_other,S2B_MSIL2A_20171014T074849_R135_T38TNK_20201019T212155,S2B_MSIL2A_20171103T075049_R135_T38TNK_20201014T181225,2017-10-14T07:48:49.027000Z,2017-11-03T07:50:49.027000Z,2017-10-14,2017-11-03,2.0,-9,11,2.045952,8.225215,1.0,1.0,0.19303938746452332,0.0584525465965271,0.24135394394397736,0.025604236871004105,0.3721616566181183,0.6201056241989136,-0.1300644725561142,0.9175662398338318,1.0,0.37617586096938777,0.2880062181122449,0.21819196428571427,2,low,0,low,png,images/pre/3e9adeafb8e24c9a.png,images/post/3e9adeafb8e24c9a.png,images/dnbr/3e9adeafb8e24c9a.png,geotiff/pre/3e9adeafb8e24c9a.tif,geotiff/post/3e9adeafb8e24c9a.tif,geotiff/dnbr/3e9adeafb8e24c9a.tif
MCD64A1.A2017274.h21v04.061.2021312151617_r2380_c1165,2017-10-23,2017,10,296,MCD64A1.A2017274.h21v04.061.2021312151617,45.5558559972496,40.08124999637663,21,5.25,224,10,76391f9f2196dbd0,neg,train,Asia,Armenia,45.473810362436744,40.11964326685335,0,30,grassland,grassland_savanna,temperate,N,temperate_other,S2A_MSIL2A_20170909T074941_R135_T38TNK_20210201T221202,S2B_MSIL2A_20171113T075139_R135_T38TNK_20201014T193930,2017-09-09T07:49:41.026000Z,2017-11-13T07:51:39.027000Z,2017-09-09,2017-11-13,1.97,-44,21,0.008743,3.422491,1.0,1.0,-0.019902674481272697,-0.011773073114454746,0.07000386714935303,-0.038097914308309555,0.013409247621893883,0.040357720106840134,-0.5941401720046997,0.29276004433631897,1.0,0.01030373086734694,9.964923469387755e-05,0.0,1,unburned_or_regrowth,-1,not_applicable,png,images/pre/76391f9f2196dbd0.png,images/post/76391f9f2196dbd0.png,images/dnbr/76391f9f2196dbd0.png,geotiff/pre/76391f9f2196dbd0.tif,geotiff/post/76391f9f2196dbd0.tif,geotiff/dnbr/76391f9f2196dbd0.tif
MCD64A1.A2019305.h31v09.061.2021309105919_r1866_c1817,2019-11-08,2019,11,312,MCD64A1.A2019305.h31v09.061.2021309105919,138.85005339796746,-7.777083332682227,8,2.0,224,10,35cd2805610767d6,burn,train,Asia,Indonesia,138.84867471298614,-7.772916666015932,1,20,shrubland,shrubland_chaparral,tropical,S,tropical_dry,S2B_MSIL2A_20191018T010729_R045_T54MTS_20201004T034146,S2B_MSIL2A_20191127T010729_R045_T54MTS_20201003T201402,2019-10-18T01:07:29.024000Z,2019-11-27T01:07:29.024000Z,2019-10-18,2019-11-27,0.0,-21,19,2.97066,1.684523,1.0,1.0,0.3369641602039337,0.3369898796081543,0.2853814363479614,0.05463158339262009,0.6036368608474731,0.7377195358276367,-0.5033243298530579,0.9259659647941589,1.0,0.6542570153061225,0.5515585140306123,0.3857421875,3,moderate,1,moderate,png,images/pre/35cd2805610767d6.png,images/post/35cd2805610767d6.png,images/dnbr/35cd2805610767d6.png,geotiff/pre/35cd2805610767d6.tif,geotiff/post/35cd2805610767d6.tif,geotiff/dnbr/35cd2805610767d6.tif
MCD64A1.A2019305.h31v09.061.2021309105919_r1866_c1817,2019-11-08,2019,11,312,MCD64A1.A2019305.h31v09.061.2021309105919,138.85005339796746,-7.777083332682227,8,2.0,224,10,eb518ad77fcabe97,neg,train,Asia,Indonesia,138.75084879850644,-7.796718509326286,0,20,shrubland,shrubland_chaparral,tropical,S,tropical_dry,S2B_MSIL2A_20191018T010729_R045_T54MTS_20201004T034146,S2B_MSIL2A_20191127T010729_R045_T54MTS_20201003T201402,2019-10-18T01:07:29.024000Z,2019-11-27T01:07:29.024000Z,2019-10-18,2019-11-27,0.0,-21,19,2.97066,1.684523,1.0,1.0,-0.15440978109836578,-0.16617675125598907,0.13963809609413147,-0.2302694022655487,-0.03907056152820587,-0.004194706678390503,-0.9815016984939575,1.0034924745559692,1.0,0.005739795918367347,0.0028300382653061226,0.0015146683673469387,1,unburned_or_regrowth,-1,not_applicable,png,images/pre/eb518ad77fcabe97.png,images/post/eb518ad77fcabe97.png,images/dnbr/eb518ad77fcabe97.png,geotiff/pre/eb518ad77fcabe97.tif,geotiff/post/eb518ad77fcabe97.tif,geotiff/dnbr/eb518ad77fcabe97.tif
MCD64A1.A2018121.h23v04.061.2021355223059_r100_c735,2018-05-26,2018,5,146,MCD64A1.A2018121.h23v04.061.2021355223059,81.8431739383674,49.58124999552634,11,2.75,224,10,078253fe236be2e6,burn,val,Asia,Kazakhstan,81.84960031926633,49.58124999552634,1,30,grassland,grassland_savanna,temperate,N,temperate_other,S2B_MSIL2A_20180520T052649_R105_T44UNV_20201012T121146,S2A_MSIL2A_20180604T052651_R105_T44UNV_20201108T194941,2018-05-20T05:26:49.027000Z,2018-06-04T05:26:51.024000Z,2018-05-20,2018-06-04,0.03,-6,9,0.516545,0.01153,1.0,1.0,0.26702073216438293,0.3337995707988739,0.21330232918262482,0.08684854209423065,0.43308886885643005,0.5006203651428223,-0.2778669595718384,0.7057774066925049,1.0,0.7450175382653061,0.6120455994897959,0.2317841198979592,2,low,0,low,png,images/pre/078253fe236be2e6.png,images/post/078253fe236be2e6.png,images/dnbr/078253fe236be2e6.png,geotiff/pre/078253fe236be2e6.tif,geotiff/post/078253fe236be2e6.tif,geotiff/dnbr/078253fe236be2e6.tif
MCD64A1.A2018121.h23v04.061.2021355223059_r100_c735,2018-05-26,2018,5,146,MCD64A1.A2018121.h23v04.061.2021355223059,81.8431739383674,49.58124999552634,11,2.75,224,10,fda0bcf3a96d97ec,neg,val,Asia,Kazakhstan,81.74636663247064,49.571883561024684,0,40,cropland,cropland,temperate,N,temperate_other,S2B_MSIL2A_20180513T053639_R005_T44UNA_20201012T092636,S2A_MSIL2A_20180617T053641_R005_T44UNA_20201011T230513,2018-05-13T05:36:39.027000Z,2018-06-17T05:36:41.024000Z,2018-05-13,2018-06-17,0.03,-13,22,0.829291,0.023872,0.9732142857142857,0.9732142857142857,-0.25902149081230164,-0.25135189294815063,0.12893162667751312,-0.3558237850666046,-0.16212454438209534,-0.08937875926494598,-0.6562482118606567,0.07982011884450912,0.9732142857142857,0.0,0.0,0.0,1,unburned_or_regrowth,-1,not_applicable,png,images/pre/fda0bcf3a96d97ec.png,images/post/fda0bcf3a96d97ec.png,images/dnbr/fda0bcf3a96d97ec.png,geotiff/pre/fda0bcf3a96d97ec.tif,geotiff/post/fda0bcf3a96d97ec.tif,geotiff/dnbr/fda0bcf3a96d97ec.tif
MCD64A1.A2017182.h23v04.061.2021312132551_r384_c1057,2017-07-28,2017,7,209,MCD64A1.A2017182.h23v04.061.2021312132551,81.94287392963066,48.397916662298925,1450,362.5,224,10,b07af47693e12540,burn,train,Asia,Kazakhstan,82.08187096017964,48.46458332895963,1,30,grassland,grassland_savanna,temperate,N,temperate_other,S2B_MSIL2A_20170707T053639_R005_T44UNU_20210210T055802,S2B_MSIL2A_20170816T053639_R005_T44UNU_20210201T015009,2017-07-07T05:36:39.027000Z,2017-08-16T05:36:39.027000Z,2017-07-07,2017-08-16,0.0,-21,19,6.031516,0.730071,1.0,1.0,0.15688049793243408,0.11983272433280945,0.14129239320755005,0.06619903445243835,0.19520100951194763,0.31370747089385986,-0.08919906616210938,0.8559618592262268,1.0,0.6010443239795918,0.1351642219387755,0.05723852040816327,2,low,0,low,png,images/pre/b07af47693e12540.png,images/post/b07af47693e12540.png,images/dnbr/b07af47693e12540.png,geotiff/pre/b07af47693e12540.tif,geotiff/post/b07af47693e12540.tif,geotiff/dnbr/b07af47693e12540.tif
MCD64A1.A2017182.h23v04.061.2021312132551_r384_c1057,2017-07-28,2017,7,209,MCD64A1.A2017182.h23v04.061.2021312132551,81.94287392963066,48.397916662298925,1450,362.5,224,10,5f7de1a2b8e6894e,neg,train,Asia,Kazakhstan,81.90739469279843,48.096683246161795,0,30,grassland,grassland_savanna,temperate,N,temperate_other,S2B_MSIL2A_20170707T053639_R005_T44UNU_20210210T055802,S2A_MSIL2A_20170828T052651_R105_T44UNU_20210201T130516,2017-07-07T05:36:39.027000Z,2017-08-28T05:26:51.026000Z,2017-07-07,2017-08-28,9.8,-21,31,6.031516,0.035803,1.0,1.0,-0.05147780850529671,-0.05457328259944916,0.03369373083114624,-0.07098624855279922,-0.036758799105882645,-0.013145685195922852,-0.29035577178001404,0.35959723591804504,1.0,0.002730389030612245,0.0006377551020408163,0.0,1,unburned_or_regrowth,-1,not_applicable,png,images/pre/5f7de1a2b8e6894e.png,images/post/5f7de1a2b8e6894e.png,images/dnbr/5f7de1a2b8e6894e.png,geotiff/pre/5f7de1a2b8e6894e.tif,geotiff/post/5f7de1a2b8e6894e.tif,geotiff/dnbr/5f7de1a2b8e6894e.tif
MCD64A1.A2020032.h21v04.061.2021309111140_r1786_c172,2020-02-29,2020,2,60,MCD64A1.A2020032.h21v04.061.2021309111140,41.70265779485508,42.5562499961551,32,8.0,224,10,566bd6eaeeba1202,burn,train,Asia,Georgia,41.694217511106864,42.552083329488816,1,90,herbaceous_wetland,wetland,temperate,N,temperate_other,S2B_MSIL2A_20200217T080959_R078_T37TGH_20200929T163318,S2B_MSIL2A_20200308T080749_R078_T37TGH_20200930T062018,2020-02-17T08:09:59.024000Z,2020-03-08T08:07:49.024000Z,2020-02-17,2020-03-08,2.17,-12,8,12.694522,0.723878,1.0,1.0,0.26526525616645813,0.33302974700927734,0.16926704347133636,0.0744846984744072,0.40151357650756836,0.4419689178466797,-0.8880103826522827,0.6927633881568909,1.0,0.7236328125,0.6096540178571429,0.10586734693877552,2,low,0,low,png,images/pre/566bd6eaeeba1202.png,images/post/566bd6eaeeba1202.png,images/dnbr/566bd6eaeeba1202.png,geotiff/pre/566bd6eaeeba1202.tif,geotiff/post/566bd6eaeeba1202.tif,geotiff/dnbr/566bd6eaeeba1202.tif
MCD64A1.A2020032.h21v04.061.2021309111140_r1786_c172,2020-02-29,2020,2,60,MCD64A1.A2020032.h21v04.061.2021309111140,41.70265779485508,42.5562499961551,32,8.0,224,10,1ada07ab1a4a6587,neg,train,Asia,Georgia,41.79857480094454,42.51983591888835,0,10,tree_cover,forest,temperate,N,temperate_forest,S2B_MSIL2A_20200217T080959_R078_T37TGH_20200929T163318,S2B_MSIL2A_20200308T080749_R078_T37TGH_20200930T062018,2020-02-17T08:09:59.024000Z,2020-03-08T08:07:49.024000Z,2020-02-17,2020-03-08,2.17,-12,8,12.694522,0.723878,0.9981664540816326,1.0,-0.012829054147005081,-0.011929662898182869,0.05644102767109871,-0.03918670862913132,0.013450166210532188,0.03804377093911171,-0.8591493964195251,0.4985901415348053,0.9981664540816326,0.019152582908163265,0.0034080038265306123,0.00025908801020408165,1,unburned_or_regrowth,-1,not_applicable,png,images/pre/1ada07ab1a4a6587.png,images/post/1ada07ab1a4a6587.png,images/dnbr/1ada07ab1a4a6587.png,geotiff/pre/1ada07ab1a4a6587.tif,geotiff/post/1ada07ab1a4a6587.tif,geotiff/dnbr/1ada07ab1a4a6587.tif
MCD64A1.A2020061.h25v07.061.2021309111317_r1408_c1253,2020-03-28,2020,3,88,MCD64A1.A2020061.h25v07.061.2021309111317,77.57027064626533,14.131249998693958,51,12.75,224,10,6baf493b20894478,burn,train,Asia,India,77.57172768225281,14.122916665361364,1,20,shrubland,shrubland_chaparral,tropical,N,tropical_dry,S2A_MSIL2A_20200319T050651_R019_T43PGR_20201012T173416,S2B_MSIL2A_20200413T050649_R019_T43PGR_20200923T090558,2020-03-19T05:06:51.024000Z,2020-04-13T05:06:49.024000Z,2020-03-19,2020-04-13,0.03,-9,16,0.03244,0.024016,1.0,1.0,0.15606769919395447,0.17472490668296814,0.10394696146249771,0.049967944622039795,0.24057984352111816,0.283791184425354,-0.25437936186790466,0.7328163385391235,1.0,0.6457669005102041,0.1402264030612245,0.0009167729591836735,2,low,0,low,png,images/pre/6baf493b20894478.png,images/post/6baf493b20894478.png,images/dnbr/6baf493b20894478.png,geotiff/pre/6baf493b20894478.tif,geotiff/post/6baf493b20894478.tif,geotiff/dnbr/6baf493b20894478.tif
MCD64A1.A2020061.h25v07.061.2021309111317_r1408_c1253,2020-03-28,2020,3,88,MCD64A1.A2020061.h25v07.061.2021309111317,77.57027064626533,14.131249998693958,51,12.75,224,10,c6051aff15a36bf9,neg,train,Asia,India,77.50957683509635,14.143744708744872,0,20,shrubland,shrubland_chaparral,tropical,N,tropical_dry,S2A_MSIL2A_20200319T050651_R019_T43PGR_20201012T173416,S2B_MSIL2A_20200413T050649_R019_T43PGR_20200923T090558,2020-03-19T05:06:51.024000Z,2020-04-13T05:06:49.024000Z,2020-03-19,2020-04-13,0.03,-9,16,0.03244,0.024016,1.0,1.0,0.03880396485328674,0.037713926285505295,0.02818537876009941,0.027833525091409683,0.04805551841855049,0.059859707951545715,-0.3509973883628845,0.6128374338150024,1.0,0.014947385204081632,0.0015345982142857143,0.00027901785714285713,1,unburned_or_regrowth,-1,not_applicable,png,images/pre/c6051aff15a36bf9.png,images/post/c6051aff15a36bf9.png,images/dnbr/c6051aff15a36bf9.png,geotiff/pre/c6051aff15a36bf9.tif,geotiff/post/c6051aff15a36bf9.tif,geotiff/dnbr/c6051aff15a36bf9.tif
MCD64A1.A2020214.h22v04.061.2021309112000_r300_c2344,2020-08-22,2020,8,235,MCD64A1.A2020214.h22v04.061.2021309112000,75.47888447587339,48.74791666226759,182,45.5,224,10,cdd1155719969f66,burn,test,Asia,Kazakhstan,75.40957488035203,48.73541666226871,1,30,grassland,grassland_savanna,temperate,N,temperate_other,S2B_MSIL2A_20200806T055639_R091_T43UEQ_20200815T060514,S2B_MSIL2A_20200829T060639_R134_T43UEP_20200907T154010,2020-08-06T05:56:39.024000Z,2020-08-29T06:06:39.024000Z,2020-08-06,2020-08-29,10.0,-16,7,0.049834,0.001878,1.0,1.0,0.22989588975906372,0.21737071871757507,0.17504161596298218,0.057000551372766495,0.33572110533714294,0.48172828555107117,-0.05966850742697716,0.9443818926811218,1.0,0.6782525510204082,0.36561304209183676,0.13610092474489796,2,low,0,low,png,images/pre/cdd1155719969f66.png,images/post/cdd1155719969f66.png,images/dnbr/cdd1155719969f66.png,geotiff/pre/cdd1155719969f66.tif,geotiff/post/cdd1155719969f66.tif,geotiff/dnbr/cdd1155719969f66.tif
MCD64A1.A2020214.h22v04.061.2021309112000_r300_c2344,2020-08-22,2020,8,235,MCD64A1.A2020214.h22v04.061.2021309112000,75.47888447587339,48.74791666226759,182,45.5,224,10,ea0caabfef4636db,neg,test,Asia,Kazakhstan,75.5208647685404,48.6374757601009,0,30,grassland,grassland_savanna,temperate,N,temperate_other,S2B_MSIL2A_20200806T055639_R091_T43UEP_20200919T112319,S2A_MSIL2A_20200831T055641_R091_T43UEP_20200907T204550,2020-08-06T05:56:39.024000Z,2020-08-31T05:56:41.024000Z,2020-08-06,2020-08-31,0.03,-16,9,0.113898,0.065239,1.0,1.0,0.017318284139037132,0.015933170914649963,0.022105777636170387,0.006563564762473106,0.02478707954287529,0.03632432222366333,-0.08995272219181061,0.289529412984848,1.0,0.010662468112244899,0.00011957908163265306,0.0,1,unburned_or_regrowth,-1,not_applicable,png,images/pre/ea0caabfef4636db.png,images/post/ea0caabfef4636db.png,images/dnbr/ea0caabfef4636db.png,geotiff/pre/ea0caabfef4636db.tif,geotiff/post/ea0caabfef4636db.tif,geotiff/dnbr/ea0caabfef4636db.tif
MCD64A1.A2018091.h25v04.061.2021354104913_r650_c1605,2018-04-18,2018,4,108,MCD64A1.A2018091.h25v04.061.2021354104913,113.06257443964985,47.28958332906478,31,7.75,224,10,da7f64269dba3cae,burn,train,Asia,Mongolia,113.05366843948391,47.28541666239849,1,30,grassland,grassland_savanna,temperate,N,temperate_other,S2A_MSIL2A_20180320T032531_R018_T49TFN_20201013T113038,S2B_MSIL2A_20180504T032539_R018_T49TFN_20201012T054827,2018-03-20T03:25:31.026000Z,2018-05-04T03:25:39.027000Z,2018-03-20,2018-05-04,0.13,-29,16,0.936225,0.592712,0.9727758290816326,1.0,0.21020789444446564,0.21177458763122559,0.0934513658285141,0.15031161904335022,0.26440638303756714,0.3283141553401947,-0.006774134933948517,0.8002305626869202,0.9727758290816326,0.8280253507653061,0.2242107780612245,0.012934470663265306,2,low,0,low,png,images/pre/da7f64269dba3cae.png,images/post/da7f64269dba3cae.png,images/dnbr/da7f64269dba3cae.png,geotiff/pre/da7f64269dba3cae.tif,geotiff/post/da7f64269dba3cae.tif,geotiff/dnbr/da7f64269dba3cae.tif
MCD64A1.A2018091.h25v04.061.2021354104913_r650_c1605,2018-04-18,2018,4,108,MCD64A1.A2018091.h25v04.061.2021354104913,113.06257443964985,47.28958332906478,31,7.75,224,10,4c5393487dbc418a,neg,train,Asia,Mongolia,112.95350825075523,47.321814775323936,0,30,grassland,grassland_savanna,temperate,N,temperate_other,S2A_MSIL2A_20180320T032531_R018_T49TFN_20201013T113038,S2B_MSIL2A_20180504T032539_R018_T49TFN_20201012T054827,2018-03-20T03:25:31.026000Z,2018-05-04T03:25:39.027000Z,2018-03-20,2018-05-04,0.13,-29,16,0.936225,0.592712,0.9987244897959183,1.0,0.03786125406622887,0.035777658224105835,0.02158253826200962,0.024459484964609146,0.04734800010919571,0.06015084311366081,-0.06456299126148224,0.3150779902935028,0.9987244897959183,0.015625,9.964923469387755e-05,0.0,1,unburned_or_regrowth,-1,not_applicable,png,images/pre/4c5393487dbc418a.png,images/post/4c5393487dbc418a.png,images/dnbr/4c5393487dbc418a.png,geotiff/pre/4c5393487dbc418a.tif,geotiff/post/4c5393487dbc418a.tif,geotiff/dnbr/4c5393487dbc418a.tif
MCD64A1.A2017182.h23v04.061.2021312132551_r560_c599,2017-07-27,2017,7,208,MCD64A1.A2017182.h23v04.061.2021312132551,77.95142991997224,47.66458332903123,4855,1213.75,224,10,794ec1323ea46e06,burn,val,Asia,Kazakhstan,78.08158782697788,47.6854166623627,1,30,grassland,grassland_savanna,temperate,N,temperate_other,S2A_MSIL2A_20170705T054641_R048_T43TGN_20210210T045216,S2B_MSIL2A_20170809T054639_R048_T43TGN_20210210T221059,2017-07-05T05:46:41.026000Z,2017-08-09T05:46:39.027000Z,2017-07-05,2017-08-09,0.03,-22,13,6.248433,0.030892,0.9995216836734694,0.9985650510204082,0.1702091097831726,0.15008103847503662,0.10516201704740524,0.10882172733545303,0.22132568061351776,0.3085596263408661,-0.14584463834762573,0.848224401473999,0.998405612244898,0.7944634885204082,0.15266262755102042,0.021603954081632654,2,low,0,low,png,images/pre/794ec1323ea46e06.png,images/post/794ec1323ea46e06.png,images/dnbr/794ec1323ea46e06.png,geotiff/pre/794ec1323ea46e06.tif,geotiff/post/794ec1323ea46e06.tif,geotiff/dnbr/794ec1323ea46e06.tif
MCD64A1.A2017182.h23v04.061.2021312132551_r560_c599,2017-07-27,2017,7,208,MCD64A1.A2017182.h23v04.061.2021312132551,77.95142991997224,47.66458332903123,4855,1213.75,224,10,cf4b91acb3238275,neg,val,Asia,Kazakhstan,78.36149349495612,47.554356157514434,0,60,bare_sparse_vegetation,grassland_savanna,temperate,N,temperate_other,S2A_MSIL2A_20170615T054641_R048_T44TLT_20210209T230422,S2B_MSIL2A_20170809T054639_R048_T43TGN_20210210T221059,2017-06-15T05:46:41.026000Z,2017-08-09T05:46:39.027000Z,2017-06-15,2017-08-09,0.03,-42,13,2.172881,0.030892,1.0,1.0,0.039836250245571136,0.04082215577363968,0.030055910348892212,0.021941352635622025,0.05775526911020279,0.07519130408763885,-0.1527773141860962,0.24250063300132751,1.0,0.02517139668367347,0.0,0.0,1,unburned_or_regrowth,-1,not_applicable,png,images/pre/cf4b91acb3238275.png,images/post/cf4b91acb3238275.png,images/dnbr/cf4b91acb3238275.png,geotiff/pre/cf4b91acb3238275.tif,geotiff/post/cf4b91acb3238275.tif,geotiff/dnbr/cf4b91acb3238275.tif
MCD64A1.A2020214.h22v03.061.2021309111953_r1369_c1110,2020-08-14,2020,8,227,MCD64A1.A2020214.h22v03.061.2021309111953,76.46471085104177,54.29374999510456,121,30.25,224,10,23692f378fa16732,burn,val,Asia,Kazakhstan,76.4087814746849,54.302083328437156,1,30,grassland,grassland_savanna,temperate,N,temperate_other,S2A_MSIL2A_20200801T055641_R091_T43UEA_20200815T170519,S2A_MSIL2A_20200831T055641_R091_T43UEA_20200907T204710,2020-08-01T05:56:41.024000Z,2020-08-31T05:56:41.024000Z,2020-08-01,2020-08-31,0.0,-13,17,1.740599,2.208968,1.0,1.0,0.16313792765140533,0.16959375143051147,0.22236375510692596,-0.04474719986319542,0.35441648960113525,0.45359426736831665,-0.4058090150356293,0.7492148876190186,1.0,0.5311902104591837,0.40638950892857145,0.11579241071428571,2,low,0,low,png,images/pre/23692f378fa16732.png,images/post/23692f378fa16732.png,images/dnbr/23692f378fa16732.png,geotiff/pre/23692f378fa16732.tif,geotiff/post/23692f378fa16732.tif,geotiff/dnbr/23692f378fa16732.tif
MCD64A1.A2020214.h22v03.061.2021309111953_r1369_c1110,2020-08-14,2020,8,227,MCD64A1.A2020214.h22v03.061.2021309111953,76.46471085104177,54.29374999510456,121,30.25,224,10,f9febdfd2f5559dd,neg,val,Asia,Kazakhstan,76.37662935287771,54.26980462379047,0,30,grassland,grassland_savanna,temperate,N,temperate_other,S2A_MSIL2A_20200801T055641_R091_T43UEA_20200815T170519,S2A_MSIL2A_20200831T055641_R091_T43UEA_20200907T204710,2020-08-01T05:56:41.024000Z,2020-08-31T05:56:41.024000Z,2020-08-01,2020-08-31,0.0,-13,17,1.740599,2.208968,1.0,1.0,-0.10790357738733292,-0.11405713856220245,0.08292427659034729,-0.16805365681648254,-0.0556437112390995,-0.00202217698097229,-0.3693374991416931,0.3090757727622986,1.0,0.0176578443877551,0.00015943877551020407,0.0,1,unburned_or_regrowth,-1,not_applicable,png,images/pre/f9febdfd2f5559dd.png,images/post/f9febdfd2f5559dd.png,images/dnbr/f9febdfd2f5559dd.png,geotiff/pre/f9febdfd2f5559dd.tif,geotiff/post/f9febdfd2f5559dd.tif,geotiff/dnbr/f9febdfd2f5559dd.tif
MCD64A1.A2018091.h27v07.061.2021354130053_r344_c1970,2018-04-14,2018,4,104,MCD64A1.A2018091.h27v07.061.2021354130053,103.6012682871186,18.56458333163448,11,2.75,224,10,58da9c19297a81d2,burn,val,Asia,Laos,103.59500797143471,18.568749998300778,1,10,tree_cover,forest,tropical,N,tropical_moist,S2B_MSIL2A_20180315T032529_R018_T48QUF_20201013T092345,S2B_MSIL2A_20180424T032539_R018_T48QUF_20201013T021015,2018-03-15T03:25:29.027000Z,2018-04-24T03:25:39.027000Z,2018-03-15,2018-04-24,0.17,-30,10,0.520162,1.440891,1.0,1.0,0.17135141789913177,0.07543586194515228,0.18115611374378204,0.040831685066223145,0.31307876110076904,0.43466442823410034,-0.22257408499717712,0.9436917901039124,1.0,0.4391940369897959,0.298648756377551,0.09452726403061225,2,low,0,low,png,images/pre/58da9c19297a81d2.png,images/post/58da9c19297a81d2.png,images/dnbr/58da9c19297a81d2.png,geotiff/pre/58da9c19297a81d2.tif,geotiff/post/58da9c19297a81d2.tif,geotiff/dnbr/58da9c19297a81d2.tif
MCD64A1.A2018091.h27v07.061.2021354130053_r344_c1970,2018-04-14,2018,4,104,MCD64A1.A2018091.h27v07.061.2021354130053,103.6012682871186,18.56458333163448,11,2.75,224,10,b00f5de10ffcc122,neg,val,Asia,Laos,103.59257965870148,18.516258555002775,0,10,tree_cover,forest,tropical,N,tropical_moist,S2B_MSIL2A_20180315T032529_R018_T48QUF_20201013T092345,S2B_MSIL2A_20180424T032539_R018_T48QUF_20201013T021015,2018-03-15T03:25:29.027000Z,2018-04-24T03:25:39.027000Z,2018-03-15,2018-04-24,0.17,-30,10,0.520162,1.440891,1.0,1.0,0.017074521631002426,0.026111438870429993,0.05155421420931816,-0.006509833037853241,0.05074514448642731,0.06862004101276398,-0.2840997576713562,0.3746023178100586,1.0,0.014787946428571428,0.00033880739795918367,0.0,1,unburned_or_regrowth,-1,not_applicable,png,images/pre/b00f5de10ffcc122.png,images/post/b00f5de10ffcc122.png,images/dnbr/b00f5de10ffcc122.png,geotiff/pre/b00f5de10ffcc122.tif,geotiff/post/b00f5de10ffcc122.tif,geotiff/dnbr/b00f5de10ffcc122.tif
MCD64A1.A2017274.h22v04.061.2021312153530_r1139_c1342,2017-10-21,2017,10,294,MCD64A1.A2017274.h22v04.061.2021312153530,64.76487048736972,45.25208332924715,4,1.0,224,10,5bc77cbc68724167,burn,test,Asia,Kazakhstan,64.76487048736972,45.25208332924715,1,30,grassland,grassland_savanna,temperate,N,temperate_other,S2B_MSIL2A_20170923T063609_R120_T41TPL_20210202T084201,S2A_MSIL2A_20171107T064051_R120_T41TPL_20201014T183747,2017-09-23T06:36:09.027000Z,2017-11-07T06:40:51.026000Z,2017-09-23,2017-11-07,4.7,-28,17,1.317,0.963157,1.0,0.9904735331632653,0.41986432671546936,0.19715005159378052,0.3997250199317932,0.07902351021766663,0.8504154086112976,1.020107388496399,-0.10588540136814117,1.4065139293670654,0.9904735331632653,0.6867028061224489,0.4428013392857143,0.39682318239795916,3,moderate,1,moderate,png,images/pre/5bc77cbc68724167.png,images/post/5bc77cbc68724167.png,images/dnbr/5bc77cbc68724167.png,geotiff/pre/5bc77cbc68724167.tif,geotiff/post/5bc77cbc68724167.tif,geotiff/dnbr/5bc77cbc68724167.tif
MCD64A1.A2017274.h22v04.061.2021312153530_r1139_c1342,2017-10-21,2017,10,294,MCD64A1.A2017274.h22v04.061.2021312153530,64.76487048736972,45.25208332924715,4,1.0,224,10,ecedb49eead35902,neg,test,Asia,Kazakhstan,64.73069546367923,45.30382675687292,0,90,herbaceous_wetland,wetland,temperate,N,temperate_other,S2B_MSIL2A_20170923T063609_R120_T41TPL_20210202T084201,S2A_MSIL2A_20171107T064051_R120_T41TPL_20201014T183747,2017-09-23T06:36:09.027000Z,2017-11-07T06:40:51.026000Z,2017-09-23,2017-11-07,4.7,-28,17,1.317,0.963157,0.9996014030612245,0.9999202806122449,-0.004948489833623171,-0.008315792307257652,0.02485254965722561,-0.022677956148982048,0.009855417534708977,0.029274756088852882,-0.09832067787647247,0.12880629301071167,0.9995216836734694,0.0001793686224489796,0.0,0.0,1,unburned_or_regrowth,-1,not_applicable,png,images/pre/ecedb49eead35902.png,images/post/ecedb49eead35902.png,images/dnbr/ecedb49eead35902.png,geotiff/pre/ecedb49eead35902.tif,geotiff/post/ecedb49eead35902.tif,geotiff/dnbr/ecedb49eead35902.tif
MCD64A1.A2020245.h20v04.061.2021309112101_r2337_c971,2020-09-01,2020,9,245,MCD64A1.A2020245.h20v04.061.2021309112101,31.51283492688459,40.260416663027264,10,2.5,224,10,b0828c48cbf5e9d4,burn,train,Asia,Turkey,31.518295003974906,40.260416663027264,1,10,tree_cover,forest,temperate,N,temperate_forest,S2B_MSIL2A_20200807T084559_R107_T36TUK_20200815T091616,S2B_MSIL2A_20200916T084609_R107_T36TUK_20200919T221800,2020-08-07T08:45:59.024000Z,2020-09-16T08:46:09.024000Z,2020-08-07,2020-09-16,0.17,-25,15,0.354269,0.244014,1.0,1.0,0.2198723405599594,0.05612485483288765,0.33107325434684753,-0.02132069319486618,0.38301342725753784,0.8287391066551208,-0.16297277808189392,1.1358784437179565,1.0,0.4281728316326531,0.30283402423469385,0.22726004464285715,2,low,0,low,png,images/pre/b0828c48cbf5e9d4.png,images/post/b0828c48cbf5e9d4.png,images/dnbr/b0828c48cbf5e9d4.png,geotiff/pre/b0828c48cbf5e9d4.tif,geotiff/post/b0828c48cbf5e9d4.tif,geotiff/dnbr/b0828c48cbf5e9d4.tif
MCD64A1.A2020245.h20v04.061.2021309112101_r2337_c971,2020-09-01,2020,9,245,MCD64A1.A2020245.h20v04.061.2021309112101,31.51283492688459,40.260416663027264,10,2.5,224,10,67c353c0e0d95ea6,neg,train,Asia,Turkey,31.496786385776407,40.3163190718029,0,10,tree_cover,forest,temperate,N,temperate_forest,S2B_MSIL2A_20200807T084559_R107_T36TUK_20200815T091616,S2B_MSIL2A_20200926T084719_R107_T36TUK_20201027T094007,2020-08-07T08:45:59.024000Z,2020-09-26T08:47:19.024000Z,2020-08-07,2020-09-26,1.33,-25,25,0.354269,0.189387,0.9998405612244898,0.9998405612244898,-0.03426269441843033,-0.04169726371765137,0.0497993566095829,-0.06874154508113861,-0.007730008102953434,0.02899245172739029,-0.21125364303588867,0.35657382011413574,0.9996811224489796,0.01670121173469388,0.0007374043367346938,0.0,1,unburned_or_regrowth,-1,not_applicable,png,images/pre/67c353c0e0d95ea6.png,images/post/67c353c0e0d95ea6.png,images/dnbr/67c353c0e0d95ea6.png,geotiff/pre/67c353c0e0d95ea6.tif,geotiff/post/67c353c0e0d95ea6.tif,geotiff/dnbr/67c353c0e0d95ea6.tif
MCD64A1.A2020032.h23v05.061.2021309111145_r668_c953,2020-02-20,2020,2,51,MCD64A1.A2020032.h23v05.061.2021309111145,67.77315777885023,37.21458332996654,4,1.0,224,10,b3f86815ecfe25bd,burn,train,Asia,Uzbekistan,67.77464691926143,37.210416663300244,1,20,shrubland,shrubland_chaparral,temperate,N,temperate_other,S2B_MSIL2A_20200125T062129_R034_T42SUG_20201002T102801,S2B_MSIL2A_20200302T060749_R134_T42SUG_20200926T020620,2020-01-25T06:21:29.024000Z,2020-03-02T06:07:49.024000Z,2020-01-25,2020-03-02,13.67,-26,11,0.205812,0.193778,0.9958545918367347,0.9944595025510204,0.1884104311466217,0.1934736669063568,0.21456751227378845,-0.025383321568369865,0.3730050027370453,0.4732142388820648,-0.731147050857544,0.7033793330192566,0.9918686224489796,0.5980747767857143,0.40505420918367346,0.14080436862244897,2,low,0,low,png,images/pre/b3f86815ecfe25bd.png,images/post/b3f86815ecfe25bd.png,images/dnbr/b3f86815ecfe25bd.png,geotiff/pre/b3f86815ecfe25bd.tif,geotiff/post/b3f86815ecfe25bd.tif,geotiff/dnbr/b3f86815ecfe25bd.tif
MCD64A1.A2020032.h23v05.061.2021309111145_r668_c953,2020-02-20,2020,2,51,MCD64A1.A2020032.h23v05.061.2021309111145,67.77315777885023,37.21458332996654,4,1.0,224,10,8595a7733bc45107,neg,train,Asia,Uzbekistan,67.8216708363567,37.233147070284254,0,20,shrubland,shrubland_chaparral,temperate,N,temperate_other,S2B_MSIL2A_20200125T062129_R034_T42SUG_20201002T102801,S2B_MSIL2A_20200302T060749_R134_T42SUG_20200926T020620,2020-01-25T06:21:29.024000Z,2020-03-02T06:07:49.024000Z,2020-01-25,2020-03-02,13.67,-26,11,0.205812,0.193778,1.0,1.0,-0.10872625559568405,-0.09697529673576355,0.07637796550989151,-0.1496976613998413,-0.056841619312763214,-0.022387560456991196,-0.5336652994155884,0.09576708823442459,1.0,0.0,0.0,0.0,1,unburned_or_regrowth,-1,not_applicable,png,images/pre/8595a7733bc45107.png,images/post/8595a7733bc45107.png,images/dnbr/8595a7733bc45107.png,geotiff/pre/8595a7733bc45107.tif,geotiff/post/8595a7733bc45107.tif,geotiff/dnbr/8595a7733bc45107.tif
MCD64A1.A2020214.h22v03.061.2021309111953_r2092_c625,2020-08-31,2020,8,244,MCD64A1.A2020214.h22v03.061.2021309111953,68.11572340554497,51.28124999537419,86,21.5,224,10,5223d4e3f10131ea,burn,train,Asia,Kazakhstan,68.11717215045415,51.26874999537531,1,30,grassland,grassland_savanna,temperate,N,temperate_other,S2A_MSIL2A_20200803T063631_R120_T42UVB_20200909T005624,S2B_MSIL2A_20200914T062629_R077_T42UVB_20200919T191845,2020-08-03T06:36:31.024000Z,2020-09-14T06:26:29.024000Z,2020-08-03,2020-09-14,10.03,-28,14,0.005002,0.007933,1.0,1.0,0.35979706048965454,0.34737110137939453,0.1435493677854538,0.26494383811950684,0.4454052150249481,0.5565199255943298,-0.19364918768405914,0.9231300950050354,1.0,0.9704440369897959,0.7350725446428571,0.26084183673469385,3,moderate,1,moderate,png,images/pre/5223d4e3f10131ea.png,images/post/5223d4e3f10131ea.png,images/dnbr/5223d4e3f10131ea.png,geotiff/pre/5223d4e3f10131ea.tif,geotiff/post/5223d4e3f10131ea.tif,geotiff/dnbr/5223d4e3f10131ea.tif
MCD64A1.A2020214.h22v03.061.2021309111953_r2092_c625,2020-08-31,2020,8,244,MCD64A1.A2020214.h22v03.061.2021309111953,68.11572340554497,51.28124999537419,86,21.5,224,10,98f2c49dd6d70c84,neg,train,Asia,Kazakhstan,68.17866940373838,51.36889905274877,0,30,grassland,grassland_savanna,temperate,N,temperate_other,S2A_MSIL2A_20200803T063631_R120_T42UVC_20200815T232650,S2B_MSIL2A_20200914T062629_R077_T42UVC_20200919T191837,2020-08-03T06:36:31.024000Z,2020-09-14T06:26:29.024000Z,2020-08-03,2020-09-14,10.03,-28,14,0.00149,0.000576,0.9241071428571429,0.9241071428571429,-0.02053646929562092,-0.01937069557607174,0.05326974764466286,-0.052283886820077896,0.015840010717511177,0.04572219029068947,-0.25733044743537903,0.19936102628707886,0.9241071428571429,0.008310746173469387,0.0,0.0,1,unburned_or_regrowth,-1,not_applicable,png,images/pre/98f2c49dd6d70c84.png,images/post/98f2c49dd6d70c84.png,images/dnbr/98f2c49dd6d70c84.png,geotiff/pre/98f2c49dd6d70c84.tif,geotiff/post/98f2c49dd6d70c84.tif,geotiff/dnbr/98f2c49dd6d70c84.tif
MCD64A1.A2020245.h20v04.061.2021309112101_r2264_c95,2020-09-15,2020,9,259,MCD64A1.A2020245.h20v04.061.2021309112101,26.850901787387702,40.5645833296667,9,2.25,224,10,b04651c26056aa88,burn,train,Asia,Turkey,26.84923042926979,40.56041666300041,1,10,tree_cover,forest,temperate,N,temperate_forest,S2B_MSIL2A_20200830T085559_R007_T35TME_20200907T180147,S2B_MSIL2A_20200922T090659_R050_T35TME_20200926T073512,2020-08-30T08:55:59.024000Z,2020-09-22T09:06:59.024000Z,2020-08-30,2020-09-22,11.0,-16,7,0.103135,0.139903,1.0,1.0,0.21147370338439941,0.04292915016412735,0.2873333692550659,0.02152305655181408,0.41611599922180176,0.6852538585662842,-0.09552367031574249,1.1684719324111938,1.0,0.34177694515306123,0.30568399234693877,0.23694595025510204,2,low,0,low,png,images/pre/b04651c26056aa88.png,images/post/b04651c26056aa88.png,images/dnbr/b04651c26056aa88.png,geotiff/pre/b04651c26056aa88.tif,geotiff/post/b04651c26056aa88.tif,geotiff/dnbr/b04651c26056aa88.tif
MCD64A1.A2020245.h20v04.061.2021309112101_r2264_c95,2020-09-15,2020,9,259,MCD64A1.A2020245.h20v04.061.2021309112101,26.850901787387702,40.5645833296667,9,2.25,224,10,9e8e388b24eeacb6,neg,train,Asia,Turkey,26.949009502095556,40.59541307011378,0,10,tree_cover,forest,temperate,N,temperate_forest,S2B_MSIL2A_20200830T085559_R007_T35TMF_20200907T180141,S2A_MSIL2A_20201024T090041_R007_T35TME_20201029T134219,2020-08-30T08:55:59.024000Z,2020-10-24T09:00:41.024000Z,2020-08-30,2020-10-24,4.7,-16,39,0.045332,0.173799,1.0,1.0,-0.05605974420905113,-0.05685156583786011,0.04603871703147888,-0.07362839579582214,-0.039920419454574585,-0.010280117392539978,-0.3487538695335388,0.21896150708198547,1.0,0.008729272959183673,0.0,0.0,1,unburned_or_regrowth,-1,not_applicable,png,images/pre/9e8e388b24eeacb6.png,images/post/9e8e388b24eeacb6.png,images/dnbr/9e8e388b24eeacb6.png,geotiff/pre/9e8e388b24eeacb6.tif,geotiff/post/9e8e388b24eeacb6.tif,geotiff/dnbr/9e8e388b24eeacb6.tif
MCD64A1.A2017152.h26v04.061.2021312130505_r564_c33,2017-06-28,2017,6,179,MCD64A1.A2017152.h26v04.061.2021312130505,118.95712892770409,47.64791666236605,943,235.75,224,10,dae5851cf9e14839,burn,train,Asia,Mongolia,118.83177102970103,47.67708332903011,1,30,grassland,grassland_savanna,temperate,N,temperate_other,S2A_MSIL2A_20170614T025541_R032_T50TPT_20210209T224735,S2B_MSIL2A_20170712T030539_R075_T50TPT_20210210T075518,2017-06-14T02:55:41.026000Z,2017-07-12T03:05:39.027000Z,2017-06-14,2017-07-12,9.97,-14,14,0.003988,3.111834,0.8370535714285714,1.0,0.20702578127384186,0.19817772507667542,0.06379236280918121,0.1658441722393036,0.23687294125556946,0.28699347376823425,0.05013342201709747,0.6950064897537231,0.8370535714285714,0.8258529974489796,0.1123046875,0.005899234693877551,2,low,0,low,png,images/pre/dae5851cf9e14839.png,images/post/dae5851cf9e14839.png,images/dnbr/dae5851cf9e14839.png,geotiff/pre/dae5851cf9e14839.tif,geotiff/post/dae5851cf9e14839.tif,geotiff/dnbr/dae5851cf9e14839.tif
MCD64A1.A2017152.h26v04.061.2021312130505_r564_c33,2017-06-28,2017,6,179,MCD64A1.A2017152.h26v04.061.2021312130505,118.95712892770409,47.64791666236605,943,235.75,224,10,4b60153e2d61cad3,neg,train,Asia,Mongolia,118.96822284117668,47.89526565231442,0,30,grassland,grassland_savanna,temperate,N,temperate_other,S2A_MSIL2A_20170614T025541_R032_T50UPU_20210209T224736,S2A_MSIL2A_20170724T025551_R032_T50UPU_20210210T133604,2017-06-14T02:55:41.026000Z,2017-07-24T02:55:51.026000Z,2017-06-14,2017-07-24,0.17,-14,26,0.047324,0.682858,1.0,1.0,-0.0737389624118805,-0.0009826421737670898,0.15232086181640625,-0.0685315951704979,0.010025277733802795,0.021167520433664322,-0.8443711400032043,0.181399866938591,1.0,0.0012755102040816326,0.0,0.0,1,unburned_or_regrowth,-1,not_applicable,png,images/pre/4b60153e2d61cad3.png,images/post/4b60153e2d61cad3.png,images/dnbr/4b60153e2d61cad3.png,geotiff/pre/4b60153e2d61cad3.tif,geotiff/post/4b60153e2d61cad3.tif,geotiff/dnbr/4b60153e2d61cad3.tif
MCD64A1.A2020245.h22v03.061.2021309112116_r1580_c605,2020-09-21,2020,9,265,MCD64A1.A2020245.h22v03.061.2021309112116,71.3447196206013,53.41458332851658,50,12.5,224,10,ada65c8b96f24632,burn,train,Asia,Kazakhstan,71.35870124220149,53.41458332851658,1,30,grassland,grassland_savanna,temperate,N,temperate_other,S2A_MSIL2A_20200830T062631_R077_T42UXE_20200907T182116,S2A_MSIL2A_20200926T061641_R034_T42UXE_20200928T025459,2020-08-30T06:26:31.024000Z,2020-09-26T06:16:41.024000Z,2020-08-30,2020-09-26,9.83,-22,5,0.241406,4.375794,1.0,0.9998405612244898,0.3029204308986664,0.35024964809417725,0.19894172251224518,0.20253323018550873,0.42254361510276794,0.5042024254798889,-0.15176692605018616,1.0127102136611938,0.9998405612244898,0.8241589604591837,0.6670121173469388,0.2027264030612245,3,moderate,1,moderate,png,images/pre/ada65c8b96f24632.png,images/post/ada65c8b96f24632.png,images/dnbr/ada65c8b96f24632.png,geotiff/pre/ada65c8b96f24632.tif,geotiff/post/ada65c8b96f24632.tif,geotiff/dnbr/ada65c8b96f24632.tif
MCD64A1.A2020245.h22v03.061.2021309112116_r1580_c605,2020-09-21,2020,9,265,MCD64A1.A2020245.h22v03.061.2021309112116,71.3447196206013,53.41458332851658,50,12.5,224,10,d7cd7c8b6f57d197,neg,train,Asia,Kazakhstan,71.39146707002337,53.380171867033475,0,30,grassland,grassland_savanna,temperate,N,temperate_other,S2A_MSIL2A_20200830T062631_R077_T42UXE_20200907T182116,S2B_MSIL2A_20201031T062009_R034_T42UXE_20201102T115904,2020-08-30T06:26:31.024000Z,2020-10-31T06:20:09.024000Z,2020-08-30,2020-10-31,6.37,-22,40,0.241406,0.991538,1.0,0.9993622448979592,-0.08605678379535675,-0.09023914486169815,0.06347910314798355,-0.10994602739810944,-0.07021629065275192,-0.047814734280109406,-0.4001310467720032,1.2955352067947388,0.9993622448979592,0.012017697704081632,0.005082110969387755,0.0022520727040816328,1,unburned_or_regrowth,-1,not_applicable,png,images/pre/d7cd7c8b6f57d197.png,images/post/d7cd7c8b6f57d197.png,images/dnbr/d7cd7c8b6f57d197.png,geotiff/pre/d7cd7c8b6f57d197.tif,geotiff/post/d7cd7c8b6f57d197.tif,geotiff/dnbr/d7cd7c8b6f57d197.tif
MCD64A1.A2017152.h26v04.061.2021312130505_r571_c48,2017-06-29,2017,6,180,MCD64A1.A2017152.h26v04.061.2021312130505,118.98347464504268,47.618749995702,1341,335.25,224,10,c298a616b039f5f9,burn,val,Asia,Mongolia,118.98923641077458,47.61041666236941,1,30,grassland,grassland_savanna,temperate,N,temperate_other,S2A_MSIL2A_20170614T025541_R032_T50TPT_20210209T224735,S2B_MSIL2A_20170712T030539_R075_T50TPT_20210210T075518,2017-06-14T02:55:41.026000Z,2017-07-12T03:05:39.027000Z,2017-06-14,2017-07-12,9.97,-15,13,0.003988,3.111834,1.0,1.0,0.2403607815504074,0.2375679612159729,0.03701605275273323,0.2162637561559677,0.2599528729915619,0.28365927934646606,0.09573185443878174,0.5868395566940308,1.0,0.9999800701530612,0.1689453125,0.0013751594387755102,2,low,0,low,png,images/pre/c298a616b039f5f9.png,images/post/c298a616b039f5f9.png,images/dnbr/c298a616b039f5f9.png,geotiff/pre/c298a616b039f5f9.tif,geotiff/post/c298a616b039f5f9.tif,geotiff/dnbr/c298a616b039f5f9.tif
MCD64A1.A2017152.h26v04.061.2021312130505_r571_c48,2017-06-29,2017,6,180,MCD64A1.A2017152.h26v04.061.2021312130505,118.98347464504268,47.618749995702,1341,335.25,224,10,9f5e39cb87e90674,neg,val,Asia,Mongolia,119.39747572593524,47.68438074953152,0,30,grassland,grassland_savanna,temperate,N,temperate_other,S2A_MSIL2A_20170614T025541_R032_T50TPT_20210209T224727,S2A_MSIL2A_20170724T025551_R032_T50TPT_20210210T133605,2017-06-14T02:55:41.026000Z,2017-07-24T02:55:51.026000Z,2017-06-14,2017-07-24,0.17,-15,25,0.093448,0.255747,1.0,0.9999202806122449,-0.017800839617848396,-0.02332247421145439,0.054286085069179535,-0.058950021862983704,0.018183771520853043,0.05352950468659401,-0.24555017054080963,0.2010938972234726,0.9999202806122449,0.025550063775510203,0.0,0.0,1,unburned_or_regrowth,-1,not_applicable,png,images/pre/9f5e39cb87e90674.png,images/post/9f5e39cb87e90674.png,images/dnbr/9f5e39cb87e90674.png,geotiff/pre/9f5e39cb87e90674.tif,geotiff/post/9f5e39cb87e90674.tif,geotiff/dnbr/9f5e39cb87e90674.tif
MCD64A1.A2017274.h29v09.061.2021313061329_r766_c1110,2017-10-22,2017,10,295,MCD64A1.A2017274.h29v09.061.2021313061329,114.80539361607057,-3.1937499997591154,12,3.0,224,10,6f5f49f692966650,burn,train,Asia,Indonesia,114.80492806002358,-3.189583333092821,1,30,grassland,grassland_savanna,tropical,S,tropical_dry,S2A_MSIL2A_20171013T022631_R046_T50MKB_20201015T000853,S2B_MSIL2A_20171028T022759_R046_T50MKB_20201015T024852,2017-10-13T02:26:31.026000Z,2017-10-28T02:27:59.027000Z,2017-10-13,2017-10-28,1.47,-9,6,10.761779,11.418187,0.978874362244898,0.9862882653061225,0.24942633509635925,0.2818228602409363,0.19698625802993774,0.05872318893671036,0.40475085377693176,0.48476386070251465,-0.38868266344070435,0.8629519939422607,0.9651626275510204,0.6836535395408163,0.5015545280612245,0.17022082270408162,2,low,0,low,png,images/pre/6f5f49f692966650.png,images/post/6f5f49f692966650.png,images/dnbr/6f5f49f692966650.png,geotiff/pre/6f5f49f692966650.tif,geotiff/post/6f5f49f692966650.tif,geotiff/dnbr/6f5f49f692966650.tif
MCD64A1.A2017274.h29v09.061.2021313061329_r766_c1110,2017-10-22,2017,10,295,MCD64A1.A2017274.h29v09.061.2021313061329,114.80539361607057,-3.1937499997591154,12,3.0,224,10,8a5afbc924d8ac4b,neg,train,Asia,Indonesia,114.8379079494134,-3.2677399857809397,0,90,herbaceous_wetland,wetland,tropical,S,boreal_other,S2A_MSIL2A_20171013T022631_R046_T50MKB_20201015T000853,S2B_MSIL2A_20171028T022759_R046_T50MKB_20201015T024852,2017-10-13T02:26:31.026000Z,2017-10-28T02:27:59.027000Z,2017-10-13,2017-10-28,1.47,-9,6,10.761779,11.418187,0.9995216836734694,1.0,0.00027024169685319066,3.3974647521972656e-06,0.03544902428984642,-0.011201342567801476,0.011251315474510193,0.031055554747581482,-0.3195282518863678,0.2575450539588928,0.9995216836734694,0.012814891581632654,0.0,0.0,1,unburned_or_regrowth,-1,not_applicable,png,images/pre/8a5afbc924d8ac4b.png,images/post/8a5afbc924d8ac4b.png,images/dnbr/8a5afbc924d8ac4b.png,geotiff/pre/8a5afbc924d8ac4b.tif,geotiff/post/8a5afbc924d8ac4b.tif,geotiff/dnbr/8a5afbc924d8ac4b.tif
MCD64A1.A2020061.h23v04.061.2021309111317_r1134_c692,2020-03-24,2020,3,84,MCD64A1.A2020061.h23v04.061.2021309111317,75.150086661965,45.27291666257862,24,6.0,224,10,dc2513b88af08c49,burn,train,Asia,Kazakhstan,75.13824500954637,45.27291666257862,1,90,herbaceous_wetland,wetland,temperate,N,temperate_other,S2A_MSIL2A_20200304T055721_R091_T43TEL_20200928T131634,S2B_MSIL2A_20200329T055639_R091_T43TEL_20201020T214753,2020-03-04T05:57:21.024000Z,2020-03-29T05:56:39.024000Z,2020-03-04,2020-03-29,0.7,-20,5,0.198314,0.957744,0.9441964285714286,0.9838966836734694,0.29136091470718384,0.31865009665489197,0.23453083634376526,0.08607181906700134,0.48333466053009033,0.5724560618400574,-1.381925106048584,1.4468821287155151,0.9396524234693877,0.6873804209183674,0.5267857142857143,0.3028539540816326,3,moderate,1,moderate,png,images/pre/dc2513b88af08c49.png,images/post/dc2513b88af08c49.png,images/dnbr/dc2513b88af08c49.png,geotiff/pre/dc2513b88af08c49.tif,geotiff/post/dc2513b88af08c49.tif,geotiff/dnbr/dc2513b88af08c49.tif
MCD64A1.A2020061.h23v04.061.2021309111317_r1134_c692,2020-03-24,2020,3,84,MCD64A1.A2020061.h23v04.061.2021309111317,75.150086661965,45.27291666257862,24,6.0,224,10,5789c92b4080250e,neg,train,Asia,Kazakhstan,75.23241738253958,45.22709320705028,0,30,grassland,grassland_savanna,temperate,N,temperate_other,S2A_MSIL2A_20200311T054631_R048_T43TEL_20201005T170828,S2A_MSIL2A_20200331T054631_R048_T43TEL_20201022T162741,2020-03-11T05:46:31.024000Z,2020-03-31T05:46:31.024000Z,2020-03-11,2020-03-31,0.0,-13,7,0.10461,0.19874,0.9943797831632653,0.9809072066326531,-0.04972628131508827,-0.02148197405040264,0.11161944270133972,-0.037879154086112976,-0.007476518861949444,0.005281925201416016,-1.3284997940063477,0.7093546390533447,0.9764827806122449,0.0061782525510204085,0.0025111607142857145,0.001016422193877551,1,unburned_or_regrowth,-1,not_applicable,png,images/pre/5789c92b4080250e.png,images/post/5789c92b4080250e.png,images/dnbr/5789c92b4080250e.png,geotiff/pre/5789c92b4080250e.tif,geotiff/post/5789c92b4080250e.tif,geotiff/dnbr/5789c92b4080250e.tif
MCD64A1.A2020214.h22v03.061.2021309111953_r2331_c321,2020-08-07,2020,8,220,MCD64A1.A2020214.h22v03.061.2021309111953,64.69786602835633,50.28541666212998,11,2.75,224,10,f5f1794463197126,burn,test,Asia,Kazakhstan,64.70438700462284,50.28541666212998,1,30,grassland,grassland_savanna,temperate,N,temperate_other,S2A_MSIL2A_20200714T063631_R120_T41UPR_20200919T101037,S2A_MSIL2A_20200826T064631_R020_T41UPR_20200909T171443,2020-07-14T06:36:31.024000Z,2020-08-26T06:46:31.024000Z,2020-07-14,2020-08-26,10.0,-24,19,0.200259,2.120978,1.0,1.0,0.15804119408130646,0.1480327695608139,0.049992673099040985,0.12386967241764069,0.1819235384464264,0.22705960273742676,0.024582017213106155,0.5571438074111938,1.0,0.9321588010204082,0.034259406887755105,0.0004384566326530612,2,low,0,low,png,images/pre/f5f1794463197126.png,images/post/f5f1794463197126.png,images/dnbr/f5f1794463197126.png,geotiff/pre/f5f1794463197126.tif,geotiff/post/f5f1794463197126.tif,geotiff/dnbr/f5f1794463197126.tif
MCD64A1.A2020214.h22v03.061.2021309111953_r2331_c321,2020-08-07,2020,8,220,MCD64A1.A2020214.h22v03.061.2021309111953,64.69786602835633,50.28541666212998,11,2.75,224,10,e47b3b825f196493,neg,test,Asia,Kazakhstan,64.6104730579006,50.25366755905063,0,30,grassland,grassland_savanna,temperate,N,temperate_other,S2A_MSIL2A_20200714T063631_R120_T41UPR_20200919T101037,S2A_MSIL2A_20200902T063631_R120_T41UPR_20201027T063042,2020-07-14T06:36:31.024000Z,2020-09-02T06:36:31.024000Z,2020-07-14,2020-09-02,0.0,-24,26,0.200259,0.361586,1.0,1.0,0.014619679190218449,0.011579204350709915,0.025937318801879883,-0.0005921944975852966,0.02531270496547222,0.04247526079416275,-0.09808619320392609,0.1808146834373474,1.0,0.014190051020408163,0.0,0.0,1,unburned_or_regrowth,-1,not_applicable,png,images/pre/e47b3b825f196493.png,images/post/e47b3b825f196493.png,images/dnbr/e47b3b825f196493.png,geotiff/pre/e47b3b825f196493.tif,geotiff/post/e47b3b825f196493.tif,geotiff/dnbr/e47b3b825f196493.tif
MCD64A1.A2020245.h22v04.061.2021309112106_r1228_c2389,2020-09-24,2020,9,268,MCD64A1.A2020245.h22v04.061.2021309112106,70.50283513468554,44.88124999594701,205,51.25,224,10,9e36643f2321cdb6,burn,train,Asia,Kazakhstan,70.54168448656718,44.89374999594589,1,30,grassland,grassland_savanna,temperate,N,temperate_other,S2A_MSIL2A_20200913T060641_R134_T42TXQ_20201101T162122,S2A_MSIL2A_20201013T060821_R134_T42TXQ_20201015T061218,2020-09-13T06:06:41.024000Z,2020-10-13T06:08:21.024000Z,2020-09-13,2020-10-13,1.67,-11,19,0.171715,0.620164,1.0,1.0,0.2133169025182724,0.06817958503961563,0.2550182342529297,-0.013920370489358902,0.43860360980033875,0.5945714116096497,-0.0789734348654747,1.1209408044815063,1.0,0.48692602040816324,0.4091198979591837,0.24846540178571427,2,low,0,low,png,images/pre/9e36643f2321cdb6.png,images/post/9e36643f2321cdb6.png,images/dnbr/9e36643f2321cdb6.png,geotiff/pre/9e36643f2321cdb6.tif,geotiff/post/9e36643f2321cdb6.tif,geotiff/dnbr/9e36643f2321cdb6.tif
MCD64A1.A2020245.h22v04.061.2021309112106_r1228_c2389,2020-09-24,2020,9,268,MCD64A1.A2020245.h22v04.061.2021309112106,70.50283513468554,44.88124999594701,205,51.25,224,10,c2683dcdf49869b5,neg,train,Asia,Kazakhstan,70.38208259098546,44.8073925461978,0,30,grassland,grassland_savanna,temperate,N,temperate_other,S2A_MSIL2A_20200913T060641_R134_T42TXQ_20201101T162122,S2B_MSIL2A_20201031T062009_R034_T42TXQ_20201102T114933,2020-09-13T06:06:41.024000Z,2020-10-31T06:20:09.024000Z,2020-09-13,2020-10-31,13.47,-11,37,0.171715,0.359805,1.0,1.0,-0.0015792807098478079,-0.00106058269739151,0.015670500695705414,-0.011890903115272522,0.008917467668652534,0.017577331513166428,-0.07954220473766327,0.07076352089643478,1.0,0.0,0.0,0.0,1,unburned_or_regrowth,-1,not_applicable,png,images/pre/c2683dcdf49869b5.png,images/post/c2683dcdf49869b5.png,images/dnbr/c2683dcdf49869b5.png,geotiff/pre/c2683dcdf49869b5.tif,geotiff/post/c2683dcdf49869b5.tif,geotiff/dnbr/c2683dcdf49869b5.tif
MCD64A1.A2017182.h22v04.061.2021312132505_r79_c1099,2017-07-04,2017,7,185,MCD64A1.A2017182.h22v04.061.2021312132505,68.88266456506962,49.66874999551851,3372,843.0,224,10,00cf19da40707ab2,burn,train,Asia,Kazakhstan,68.77705590371887,49.63958332885446,1,30,grassland,grassland_savanna,temperate,N,temperate_other,S2A_MSIL2A_20170607T062631_R077_T42UVV_20210209T210438,S2B_MSIL2A_20170722T063019_R077_T42UVA_20210210T125246,2017-06-07T06:26:31.026000Z,2017-07-22T06:30:19.027000Z,2017-06-07,2017-07-22,3.8,-27,18,12.284743,9.549819,1.0,1.0,0.23657432198524475,0.21771889925003052,0.10897254198789597,0.18402184545993805,0.26491668820381165,0.3441708981990814,-0.4793162941932678,0.8676772117614746,1.0,0.9473054846938775,0.23140545280612246,0.05424904336734694,2,low,0,low,png,images/pre/00cf19da40707ab2.png,images/post/00cf19da40707ab2.png,images/dnbr/00cf19da40707ab2.png,geotiff/pre/00cf19da40707ab2.tif,geotiff/post/00cf19da40707ab2.tif,geotiff/dnbr/00cf19da40707ab2.tif
MCD64A1.A2017182.h22v04.061.2021312132505_r79_c1099,2017-07-04,2017,7,185,MCD64A1.A2017182.h22v04.061.2021312132505,68.88266456506962,49.66874999551851,3372,843.0,224,10,37e476fa0c0ac51c,neg,train,Asia,Kazakhstan,68.87504933477865,49.29304092940032,0,30,grassland,grassland_savanna,temperate,N,temperate_other,S2A_MSIL2A_20170607T062631_R077_T42UVV_20210209T210438,S2A_MSIL2A_20170816T063021_R077_T42UVV_20210201T005118,2017-06-07T06:26:31.026000Z,2017-08-16T06:30:21.026000Z,2017-06-07,2017-08-16,3.83,-27,43,12.284743,0.190019,1.0,1.0,0.04959556460380554,0.046212270855903625,0.026464981958270073,0.03523518145084381,0.06475898623466492,0.08034585416316986,-0.6854194402694702,0.16076456010341644,1.0,0.01580436862244898,0.0,0.0,1,unburned_or_regrowth,-1,not_applicable,png,images/pre/37e476fa0c0ac51c.png,images/post/37e476fa0c0ac51c.png,images/dnbr/37e476fa0c0ac51c.png,geotiff/pre/37e476fa0c0ac51c.tif,geotiff/post/37e476fa0c0ac51c.tif,geotiff/dnbr/37e476fa0c0ac51c.tif
MCD64A1.A2017152.h26v04.061.2021312130505_r570_c47,2017-06-29,2017,6,180,MCD64A1.A2017152.h26v04.061.2021312130505,118.98677595141733,47.62291666236829,1307,326.75,224,10,67ea96033b7d527d,burn,train,Asia,Mongolia,118.95916627914374,47.62708332903458,1,30,grassland,grassland_savanna,temperate,N,temperate_other,S2A_MSIL2A_20170614T025541_R032_T50TPT_20210209T224735,S2B_MSIL2A_20170712T030539_R075_T50TPT_20210210T075518,2017-06-14T02:55:41.026000Z,2017-07-12T03:05:39.027000Z,2017-06-14,2017-07-12,9.97,-15,13,0.003988,3.111834,1.0,1.0,0.25856083631515503,0.2543274462223053,0.06732454895973206,0.21271687746047974,0.2945280969142914,0.34092527627944946,0.07587599754333496,0.635067343711853,1.0,0.9986248405612245,0.39951371173469385,0.016003667091836735,2,low,0,low,png,images/pre/67ea96033b7d527d.png,images/post/67ea96033b7d527d.png,images/dnbr/67ea96033b7d527d.png,geotiff/pre/67ea96033b7d527d.tif,geotiff/post/67ea96033b7d527d.tif,geotiff/dnbr/67ea96033b7d527d.tif
MCD64A1.A2017152.h26v04.061.2021312130505_r570_c47,2017-06-29,2017,6,180,MCD64A1.A2017152.h26v04.061.2021312130505,118.98677595141733,47.62291666236829,1307,326.75,224,10,b59e139e3989b718,neg,train,Asia,Mongolia,119.09893038501984,47.41312885287151,0,30,grassland,grassland_savanna,temperate,N,temperate_other,S2A_MSIL2A_20170614T025541_R032_T50TPT_20210209T224735,S2A_MSIL2A_20170724T025551_R032_T50TPT_20210210T133605,2017-06-14T02:55:41.026000Z,2017-07-24T02:55:51.026000Z,2017-06-14,2017-07-24,0.17,-15,25,0.003988,0.255747,1.0,1.0,-0.0042544519528746605,0.02172113209962845,0.09645131975412369,0.0018994985148310661,0.03609754145145416,0.04879770055413246,-0.5689392685890198,0.14281955361366272,1.0,0.0017338966836734694,0.0,0.0,1,unburned_or_regrowth,-1,not_applicable,png,images/pre/b59e139e3989b718.png,images/post/b59e139e3989b718.png,images/dnbr/b59e139e3989b718.png,geotiff/pre/b59e139e3989b718.tif,geotiff/post/b59e139e3989b718.tif,geotiff/dnbr/b59e139e3989b718.tif
MCD64A1.A2017305.h26v06.061.2021315124817_r748_c523,2017-11-16,2017,11,320,MCD64A1.A2017305.h26v06.061.2021315124817,92.13707141883391,26.88124999755807,9,2.25,224,10,823b819618839668,burn,train,Asia,India,92.14301776686852,26.877083330891775,1,30,grassland,grassland_savanna,subtropical,N,subtropical,S2B_MSIL2A_20171103T042919_R133_T46RDQ_20201014T181103,S2B_MSIL2A_20171123T043059_R133_T46RDQ_20201014T214933,2017-11-03T04:29:19.027000Z,2017-11-23T04:30:59.027000Z,2017-11-03,2017-11-23,1.67,-13,7,0.566215,6.801761,0.9995216836734694,1.0,0.20404045283794403,0.18842045962810516,0.17006012797355652,0.05733577907085419,0.33720558881759644,0.434518963098526,-0.38569337129592896,0.7539972066879272,0.9995216836734694,0.6600964604591837,0.36365991709183676,0.09394929846938775,2,low,0,low,png,images/pre/823b819618839668.png,images/post/823b819618839668.png,images/dnbr/823b819618839668.png,geotiff/pre/823b819618839668.tif,geotiff/post/823b819618839668.tif,geotiff/dnbr/823b819618839668.tif
MCD64A1.A2017305.h26v06.061.2021315124817_r748_c523,2017-11-16,2017,11,320,MCD64A1.A2017305.h26v06.061.2021315124817,92.13707141883391,26.88124999755807,9,2.25,224,10,e4484ba23b606827,neg,train,Asia,India,92.1091711213731,26.974964959042055,0,30,grassland,grassland_savanna,subtropical,N,subtropical,S2B_MSIL2A_20171103T042919_R133_T46RDQ_20201014T181103,S2A_MSIL2A_20171228T043201_R133_T46RDQ_20201014T165301,2017-11-03T04:29:19.027000Z,2017-12-28T04:32:01.026000Z,2017-11-03,2017-12-28,2.7,-13,42,0.566215,0.261154,1.0,1.0,-0.006841823924332857,-0.011386573314666748,0.04863562434911728,-0.03593321144580841,0.01712845265865326,0.05155441164970398,-0.34110531210899353,0.3168220818042755,1.0,0.029097576530612245,0.00027901785714285713,0.0,1,unburned_or_regrowth,-1,not_applicable,png,images/pre/e4484ba23b606827.png,images/post/e4484ba23b606827.png,images/dnbr/e4484ba23b606827.png,geotiff/pre/e4484ba23b606827.tif,geotiff/post/e4484ba23b606827.tif,geotiff/dnbr/e4484ba23b606827.tif
MCD64A1.A2017182.h21v04.061.2021312132400_r276_c870,2017-07-07,2017,7,188,MCD64A1.A2017182.h21v04.061.2021312132400,51.10033160980001,48.84791666225865,10763,2690.75,224,10,6374472e00f5a9b8,burn,val,Asia,Kazakhstan,51.104399964773506,48.82708332892718,1,30,grassland,grassland_savanna,temperate,N,temperate_other,S2A_MSIL2A_20170618T073611_R092_T39UVQ_20210209T235153,S2B_MSIL2A_20170723T073609_R092_T39UWQ_20210210T132400,2017-06-18T07:36:11.026000Z,2017-07-23T07:36:09.027000Z,2017-06-18,2017-07-23,0.03,-19,16,19.260904,0.50248,0.9006696428571429,1.0,0.19563278555870056,0.18185675144195557,0.07903492450714111,0.14834371209144592,0.22833037376403809,0.2927244305610657,-0.17944249510765076,0.7026187181472778,0.9006696428571429,0.8524394132653061,0.12183115433673469,0.01309390943877551,2,low,0,low,png,images/pre/6374472e00f5a9b8.png,images/post/6374472e00f5a9b8.png,images/dnbr/6374472e00f5a9b8.png,geotiff/pre/6374472e00f5a9b8.tif,geotiff/post/6374472e00f5a9b8.tif,geotiff/dnbr/6374472e00f5a9b8.tif
MCD64A1.A2017182.h21v04.061.2021312132400_r276_c870,2017-07-07,2017,7,188,MCD64A1.A2017182.h21v04.061.2021312132400,51.10033160980001,48.84791666225865,10763,2690.75,224,10,d862867530b79144,neg,val,Asia,Kazakhstan,51.84178137245522,49.072703059966635,0,30,grassland,grassland_savanna,temperate,N,temperate_other,S2B_MSIL2A_20170630T072949_R049_T39UWQ_20210210T030548,S2B_MSIL2A_20170723T073609_R092_T39UWQ_20210210T132400,2017-06-30T07:29:49.027000Z,2017-07-23T07:36:09.027000Z,2017-06-30,2017-07-23,6.33,-7,16,2.23054,0.50248,1.0,1.0,-0.012729084119200706,-0.012092605233192444,0.01992090605199337,-0.025667855516076088,0.0008197762072086334,0.011770285665988922,-0.10909757763147354,0.1857481747865677,1.0,0.00031887755102040814,0.0,0.0,1,unburned_or_regrowth,-1,not_applicable,png,images/pre/d862867530b79144.png,images/post/d862867530b79144.png,images/dnbr/d862867530b79144.png,geotiff/pre/d862867530b79144.tif,geotiff/post/d862867530b79144.tif,geotiff/dnbr/d862867530b79144.tif
MCD64A1.A2017274.h21v04.061.2021312151617_r82_c1818,2017-10-01,2017,10,274,MCD64A1.A2017274.h21v04.061.2021312151617,58.04558462211686,49.65624999551963,21,5.25,224,10,07c58e97c3407182,burn,val,Asia,Kazakhstan,58.0406154378201,49.65208332885334,1,30,grassland,grassland_savanna,temperate,N,temperate_other,S2A_MSIL2A_20170920T072301_R006_T40UEA_20210202T063959,S2A_MSIL2A_20171010T072301_R006_T40UEA_20210202T161247,2017-09-20T07:23:01.026000Z,2017-10-10T07:23:01.026000Z,2017-09-20,2017-10-10,0.0,-11,9,0.017277,0.028276,1.0,1.0,0.29489320516586304,0.27796876430511475,0.16190259158611298,0.17253179848194122,0.40854841470718384,0.5298701524734497,-0.07709945738315582,0.7786335349082947,1.0,0.8959462691326531,0.5195113201530612,0.20802774234693877,3,moderate,1,moderate,png,images/pre/07c58e97c3407182.png,images/post/07c58e97c3407182.png,images/dnbr/07c58e97c3407182.png,geotiff/pre/07c58e97c3407182.tif,geotiff/post/07c58e97c3407182.tif,geotiff/dnbr/07c58e97c3407182.tif
MCD64A1.A2017274.h21v04.061.2021312151617_r82_c1818,2017-10-01,2017,10,274,MCD64A1.A2017274.h21v04.061.2021312151617,58.04558462211686,49.65624999551963,21,5.25,224,10,c3ed39935eb9fbe0,neg,val,Asia,Kazakhstan,58.109055241269836,49.69234422029243,0,30,grassland,grassland_savanna,temperate,N,temperate_other,S2A_MSIL2A_20170920T072301_R006_T40UEA_20210202T063959,S2A_MSIL2A_20171010T072301_R006_T40UEA_20210202T161247,2017-09-20T07:23:01.026000Z,2017-10-10T07:23:01.026000Z,2017-09-20,2017-10-10,0.0,-11,9,0.017277,0.028276,1.0,1.0,0.0018488005734980106,-0.0034007281064987183,0.026148466393351555,-0.013738419860601425,0.009249042719602585,0.033029571175575256,-0.07798753678798676,0.1692529022693634,1.0,0.010064572704081632,0.0,0.0,1,unburned_or_regrowth,-1,not_applicable,png,images/pre/c3ed39935eb9fbe0.png,images/post/c3ed39935eb9fbe0.png,images/dnbr/c3ed39935eb9fbe0.png,geotiff/pre/c3ed39935eb9fbe0.tif,geotiff/post/c3ed39935eb9fbe0.tif,geotiff/dnbr/c3ed39935eb9fbe0.tif
MCD64A1.A2020245.h21v05.061.2021309112111_r1028_c1730,2020-09-28,2020,9,272,MCD64A1.A2020245.h21v05.061.2021309112111,45.82930638160336,35.714583330100794,22,5.5,224,10,10f9591d74fe0c0b,burn,train,Asia,Iraq,45.8187027301496,35.72291666343338,1,30,grassland,grassland_savanna,temperate,N,temperate_other,S2A_MSIL2A_20200920T073621_R092_T38SNE_20201027T220104,S2A_MSIL2A_20201010T073831_R092_T38SNE_20201012T042715,2020-09-20T07:36:21.024000Z,2020-10-10T07:38:31.024000Z,2020-09-20,2020-10-10,2.17,-8,12,0.049688,0.308327,1.0,1.0,0.17618654668331146,0.16918811202049255,0.20084735751152039,-0.018899228423833847,0.3440065383911133,0.45216917991638184,-0.11212293803691864,0.8295900225639343,1.0,0.5379663584183674,0.37173150510204084,0.11401865433673469,2,low,0,low,png,images/pre/10f9591d74fe0c0b.png,images/post/10f9591d74fe0c0b.png,images/dnbr/10f9591d74fe0c0b.png,geotiff/pre/10f9591d74fe0c0b.tif,geotiff/post/10f9591d74fe0c0b.tif,geotiff/dnbr/10f9591d74fe0c0b.tif
MCD64A1.A2020245.h21v05.061.2021309112111_r1028_c1730,2020-09-28,2020,9,272,MCD64A1.A2020245.h21v05.061.2021309112111,45.82930638160336,35.714583330100794,22,5.5,224,10,bdae2a2ccc76513c,neg,train,Asia,Iraq,45.781858076844024,35.776537941496656,0,40,cropland,cropland,temperate,N,temperate_other,S2A_MSIL2A_20200821T073621_R092_T38SNE_20200823T110919,S2B_MSIL2A_20201025T074009_R092_T38SNE_20201109T233350,2020-08-21T07:36:21.024000Z,2020-10-25T07:40:09.024000Z,2020-08-21,2020-10-25,3.8,-38,27,0.025322,0.013119,1.0,1.0,-0.02129376120865345,-0.012071982026100159,0.0471126027405262,-0.04025079309940338,0.006239623762667179,0.0234399251639843,-0.2989495098590851,0.3252308964729309,1.0,0.00506218112244898,1.992984693877551e-05,0.0,1,unburned_or_regrowth,-1,not_applicable,png,images/pre/bdae2a2ccc76513c.png,images/post/bdae2a2ccc76513c.png,images/dnbr/bdae2a2ccc76513c.png,geotiff/pre/bdae2a2ccc76513c.tif,geotiff/post/bdae2a2ccc76513c.tif,geotiff/dnbr/bdae2a2ccc76513c.tif
MCD64A1.A2017152.h22v03.061.2021312130150_r1662_c888,2017-06-04,2017,6,155,MCD64A1.A2017152.h22v03.061.2021312130150,72.74004142256635,53.0729166618805,3157,789.25,224,10,c39082589245c01b,burn,train,Asia,Kazakhstan,72.92096550383806,53.09374999521196,1,30,grassland,grassland_savanna,temperate,N,temperate_other,S2A_MSIL2A_20170525T061631_R034_T42UYD_20210209T175738,S2A_MSIL2A_20170614T061631_R034_T43UCU_20210209T224912,2017-05-25T06:16:31.026000Z,2017-06-14T06:16:31.026000Z,2017-05-25,2017-06-14,0.0,-10,10,6.451213,28.471421,1.0,0.9916693239795918,0.22493647038936615,0.2217453122138977,0.1319805085659027,0.1648976355791092,0.28646320104599,0.38214197754859924,-0.5453070998191833,0.7644023895263672,0.9916693239795918,0.8421356823979592,0.30058195153061223,0.06349649234693877,2,low,0,low,png,images/pre/c39082589245c01b.png,images/post/c39082589245c01b.png,images/dnbr/c39082589245c01b.png,geotiff/pre/c39082589245c01b.tif,geotiff/post/c39082589245c01b.tif,geotiff/dnbr/c39082589245c01b.tif
MCD64A1.A2017152.h22v03.061.2021312130150_r1662_c888,2017-06-04,2017,6,155,MCD64A1.A2017152.h22v03.061.2021312130150,72.74004142256635,53.0729166618805,3157,789.25,224,10,5a7698ece0d4fef3,neg,train,Asia,Kazakhstan,72.63461968448493,53.47729823415473,0,30,grassland,grassland_savanna,temperate,N,temperate_other,S2A_MSIL2A_20170525T061631_R034_T43UCV_20210209T175750,S2A_MSIL2A_20170704T061631_R034_T43UCV_20210210T042823,2017-05-25T06:16:31.026000Z,2017-07-04T06:16:31.026000Z,2017-05-25,2017-07-04,0.0,-10,30,1.278907,25.183878,1.0,0.8210299744897959,-0.08614616096019745,-0.06854560971260071,0.10752235352993011,-0.1843184232711792,-0.00026628002524375916,0.04591859132051468,-0.39802858233451843,0.25141996145248413,0.8210299744897959,0.014150191326530613,0.0,0.0,1,unburned_or_regrowth,-1,not_applicable,png,images/pre/5a7698ece0d4fef3.png,images/post/5a7698ece0d4fef3.png,images/dnbr/5a7698ece0d4fef3.png,geotiff/pre/5a7698ece0d4fef3.tif,geotiff/post/5a7698ece0d4fef3.tif,geotiff/dnbr/5a7698ece0d4fef3.tif
MCD64A1.A2017152.h25v04.061.2021312130425_r245_c1437,2017-06-28,2017,6,179,MCD64A1.A2017152.h25v04.061.2021312130425,115.77409687357819,48.97708332891376,5549,1387.25,224,10,d966b38cf437966d,burn,val,Asia,Mongolia,115.90875983064852,49.010416662244104,1,30,grassland,grassland_savanna,temperate,N,temperate_other,S2A_MSIL2A_20170531T031541_R118_T50UMV_20210209T192234,S2A_MSIL2A_20170703T032541_R018_T50UMV_20210210T040249,2017-05-31T03:15:41.026000Z,2017-07-03T03:25:41.026000Z,2017-05-31,2017-07-03,10.0,-28,5,1.132276,2.49255,1.0,1.0,0.3484834134578705,0.3435690104961395,0.04692820832133293,0.3145623803138733,0.3773266077041626,0.4112128019332886,0.054175734519958496,0.5634117126464844,1.0,0.9997608418367347,0.9799505739795918,0.040357940051020405,3,moderate,1,moderate,png,images/pre/d966b38cf437966d.png,images/post/d966b38cf437966d.png,images/dnbr/d966b38cf437966d.png,geotiff/pre/d966b38cf437966d.tif,geotiff/post/d966b38cf437966d.tif,geotiff/dnbr/d966b38cf437966d.tif
MCD64A1.A2017152.h25v04.061.2021312130425_r245_c1437,2017-06-28,2017,6,179,MCD64A1.A2017152.h25v04.061.2021312130425,115.77409687357819,48.97708332891376,5549,1387.25,224,10,6a8ee519b0d5116e,neg,val,Asia,Mongolia,115.5101614051804,48.45623254898409,0,30,grassland,grassland_savanna,temperate,N,temperate_other,S2A_MSIL2A_20170531T031541_R118_T50ULU_20210209T192225,S2A_MSIL2A_20170710T031541_R118_T50ULU_20210210T065429,2017-05-31T03:15:41.026000Z,2017-07-10T03:15:41.026000Z,2017-05-31,2017-07-10,0.0,-28,12,0.707748,3.984171,1.0,1.0,-0.020284058526158333,-0.02309175580739975,0.0205448716878891,-0.03151310980319977,-0.012532047927379608,0.002517562359571457,-0.23258942365646362,0.24078094959259033,1.0,0.0005181760204081633,0.0,0.0,1,unburned_or_regrowth,-1,not_applicable,png,images/pre/6a8ee519b0d5116e.png,images/post/6a8ee519b0d5116e.png,images/dnbr/6a8ee519b0d5116e.png,geotiff/pre/6a8ee519b0d5116e.tif,geotiff/post/6a8ee519b0d5116e.tif,geotiff/dnbr/6a8ee519b0d5116e.tif
MCD64A1.A2020061.h29v08.061.2021309111309_r857_c1383,2020-03-18,2020,3,78,MCD64A1.A2020061.h29v08.061.2021309111309,116.4967517170688,6.4270833327131225,17,4.25,224,10,01aa7fb5bb62e995,burn,train,Asia,Malaysia,116.49446855076026,6.435416666045709,1,30,grassland,grassland_savanna,tropical,N,tropical_dry,S2A_MSIL2A_20200311T022551_R046_T50NMN_20201020T012439,S2B_MSIL2A_20200405T022549_R046_T50NMN_20200925T031147,2020-03-11T02:25:51.024000Z,2020-04-05T02:25:49.024000Z,2020-03-11,2020-04-05,0.03,-7,18,18.941742,11.137505,1.0,1.0,0.18341897428035736,0.08039423823356628,0.3034633696079254,-0.004180818796157837,0.4460798501968384,0.6242094039916992,-0.6731231212615967,1.2787833213806152,1.0,0.47518734056122447,0.3475366709183674,0.25338807397959184,2,low,0,low,png,images/pre/01aa7fb5bb62e995.png,images/post/01aa7fb5bb62e995.png,images/dnbr/01aa7fb5bb62e995.png,geotiff/pre/01aa7fb5bb62e995.tif,geotiff/post/01aa7fb5bb62e995.tif,geotiff/dnbr/01aa7fb5bb62e995.tif
MCD64A1.A2020061.h29v08.061.2021309111309_r857_c1383,2020-03-18,2020,3,78,MCD64A1.A2020061.h29v08.061.2021309111309,116.4967517170688,6.4270833327131225,17,4.25,224,10,684abd02c396c09d,neg,train,Asia,Malaysia,116.595203150588,6.386775940948243,0,30,grassland,grassland_savanna,tropical,N,tropical_dry,S2A_MSIL2A_20200311T022551_R046_T50NMN_20201020T012439,S2B_MSIL2A_20200415T022549_R046_T50NMN_20200923T152735,2020-03-11T02:25:51.024000Z,2020-04-15T02:25:49.024000Z,2020-03-11,2020-04-15,0.03,-7,28,18.941742,6.238964,0.9886001275510204,0.9992825255102041,-0.04399671405553818,-0.03096255660057068,0.07242707163095474,-0.05007639527320862,-0.016234174370765686,-0.0014920523390173912,-0.7132890820503235,0.3573431968688965,0.9878826530612245,0.011838329081632654,0.001136001275510204,0.0,1,unburned_or_regrowth,-1,not_applicable,png,images/pre/684abd02c396c09d.png,images/post/684abd02c396c09d.png,images/dnbr/684abd02c396c09d.png,geotiff/pre/684abd02c396c09d.tif,geotiff/post/684abd02c396c09d.tif,geotiff/dnbr/684abd02c396c09d.tif
MCD64A1.A2017152.h24v05.061.2021312130351_r1635_c521,2017-06-05,2017,6,156,MCD64A1.A2017152.h24v05.061.2021312130351,74.28921621691318,33.1854166636605,16,4.0,224,10,36292fe923f6c003,burn,train,Asia,India,74.29917355581567,33.1854166636605,1,10,tree_cover,forest,subtropical,N,subtropical,S2A_MSIL2A_20170506T054641_R048_T43SDS_20210209T132352,S2A_MSIL2A_20170612T053641_R005_T43SDS_20210209T221956,2017-05-06T05:46:41.026000Z,2017-06-12T05:36:41.026000Z,2017-05-06,2017-06-12,10.0,-30,7,0.286028,1.720614,1.0,1.0,0.19632887840270996,0.19735963642597198,0.09227617084980011,0.12615902721881866,0.2580091655254364,0.31322675943374634,-0.08261603862047195,0.5459653735160828,1.0,0.8218869579081632,0.20928332270408162,0.0074338329081632655,2,low,0,low,png,images/pre/36292fe923f6c003.png,images/post/36292fe923f6c003.png,images/dnbr/36292fe923f6c003.png,geotiff/pre/36292fe923f6c003.tif,geotiff/post/36292fe923f6c003.tif,geotiff/dnbr/36292fe923f6c003.tif
MCD64A1.A2017152.h24v05.061.2021312130351_r1635_c521,2017-06-05,2017,6,156,MCD64A1.A2017152.h24v05.061.2021312130351,74.28921621691318,33.1854166636605,16,4.0,224,10,9376d8010c4f6253,neg,train,Asia,India,74.19795642969729,33.14690346062194,0,10,tree_cover,forest,subtropical,N,subtropical,S2A_MSIL2A_20170506T054641_R048_T43SDS_20210209T132352,S2A_MSIL2A_20170705T054641_R048_T43SDS_20210210T045209,2017-05-06T05:46:41.026000Z,2017-07-05T05:46:41.026000Z,2017-05-06,2017-07-05,0.0,-30,30,0.286028,0.882633,0.9999202806122449,0.9985650510204082,-0.14461761713027954,-0.1378142535686493,0.09412854164838791,-0.20113429427146912,-0.08113843947649002,-0.035342853516340256,-0.8424810767173767,0.41350722312927246,0.9985650510204082,0.0037468112244897957,0.00045838647959183676,0.0,1,unburned_or_regrowth,-1,not_applicable,png,images/pre/9376d8010c4f6253.png,images/post/9376d8010c4f6253.png,images/dnbr/9376d8010c4f6253.png,geotiff/pre/9376d8010c4f6253.tif,geotiff/post/9376d8010c4f6253.tif,geotiff/dnbr/9376d8010c4f6253.tif
MCD64A1.A2017182.h23v04.061.2021312132551_r1331_c653,2017-07-22,2017,7,203,MCD64A1.A2017182.h23v04.061.2021312132551,73.85854613467889,44.452083329318754,306,76.5,224,10,596130e39ae50c46,burn,train,Asia,Kazakhstan,73.85257210137152,44.41041666265581,1,30,grassland,grassland_savanna,temperate,N,temperate_other,S2A_MSIL2A_20170628T055631_R091_T43TDK_20210210T021445,S2A_MSIL2A_20170807T055641_R091_T43TCK_20210210T204928,2017-06-28T05:56:31.026000Z,2017-08-07T05:56:41.026000Z,2017-06-28,2017-08-07,0.17,-24,16,24.226449,0.025577,0.9222735969387755,1.0,0.28630635142326355,0.342620849609375,0.15665923058986664,0.16412052512168884,0.40261614322662354,0.44019630551338196,-0.10524308681488037,0.8919956088066101,0.9222735969387755,0.7367466517857143,0.5780851403061225,0.09249441964285714,3,moderate,1,moderate,png,images/pre/596130e39ae50c46.png,images/post/596130e39ae50c46.png,images/dnbr/596130e39ae50c46.png,geotiff/pre/596130e39ae50c46.tif,geotiff/post/596130e39ae50c46.tif,geotiff/dnbr/596130e39ae50c46.tif
MCD64A1.A2017182.h23v04.061.2021312132551_r1331_c653,2017-07-22,2017,7,203,MCD64A1.A2017182.h23v04.061.2021312132551,73.85854613467889,44.452083329318754,306,76.5,224,10,dd753a1d22a298c3,neg,train,Asia,Kazakhstan,73.66241503031874,44.5536175000831,0,30,grassland,grassland_savanna,temperate,N,temperate_other,S2A_MSIL2A_20170711T060631_R134_T43TCK_20210210T072152,S2A_MSIL2A_20170807T055641_R091_T43TCK_20210210T204928,2017-07-11T06:06:31.026000Z,2017-08-07T05:56:41.026000Z,2017-07-11,2017-08-07,9.83,-11,16,0.161352,0.025577,1.0,1.0,0.005394874606281519,0.0055498406291007996,0.013916649855673313,-0.004187826998531818,0.015261506661772728,0.023306414484977722,-0.06507185101509094,0.058435916900634766,1.0,0.0,0.0,0.0,1,unburned_or_regrowth,-1,not_applicable,png,images/pre/dd753a1d22a298c3.png,images/post/dd753a1d22a298c3.png,images/dnbr/dd753a1d22a298c3.png,geotiff/pre/dd753a1d22a298c3.tif,geotiff/post/dd753a1d22a298c3.tif,geotiff/dnbr/dd753a1d22a298c3.tif
MCD64A1.A2017152.h26v04.061.2021312130505_r573_c55,2017-06-30,2017,6,181,MCD64A1.A2017152.h26v04.061.2021312130505,119.00777777990747,47.61041666236941,1154,288.5,224,10,9d30cd3496a0d1bb,burn,train,Asia,Mongolia,118.979406880493,47.53541666237612,1,30,grassland,grassland_savanna,temperate,N,temperate_other,S2A_MSIL2A_20170614T025541_R032_T50TPT_20210209T224735,S2B_MSIL2A_20170712T030539_R075_T50TPT_20210210T075518,2017-06-14T02:55:41.026000Z,2017-07-12T03:05:39.027000Z,2017-06-14,2017-07-12,9.97,-16,12,0.003988,3.111834,1.0,1.0,0.226118266582489,0.2610276937484741,0.28908756375312805,0.0207337848842144,0.4781370759010315,0.5945775508880615,-0.6901031732559204,0.8941671848297119,1.0,0.6368981186224489,0.49276546556122447,0.2827845982142857,2,low,0,low,png,images/pre/9d30cd3496a0d1bb.png,images/post/9d30cd3496a0d1bb.png,images/dnbr/9d30cd3496a0d1bb.png,geotiff/pre/9d30cd3496a0d1bb.tif,geotiff/post/9d30cd3496a0d1bb.tif,geotiff/dnbr/9d30cd3496a0d1bb.tif
MCD64A1.A2017152.h26v04.061.2021312130505_r573_c55,2017-06-30,2017,6,181,MCD64A1.A2017152.h26v04.061.2021312130505,119.00777777990747,47.61041666236941,1154,288.5,224,10,e73f48449b2f1652,neg,train,Asia,Mongolia,119.13217738872643,47.76799019734739,0,30,grassland,grassland_savanna,temperate,N,temperate_other,S2A_MSIL2A_20170614T025541_R032_T50UPU_20210209T224736,S2A_MSIL2A_20170724T025551_R032_T50TPT_20210210T133605,2017-06-14T02:55:41.026000Z,2017-07-24T02:55:51.026000Z,2017-06-14,2017-07-24,0.17,-16,24,0.047324,0.255747,1.0,1.0,0.02238178811967373,0.0230398029088974,0.023515591397881508,0.008129112422466278,0.03741978853940964,0.05090947821736336,-0.19154848158359528,0.16117817163467407,1.0,0.0013352997448979591,0.0,0.0,1,unburned_or_regrowth,-1,not_applicable,png,images/pre/e73f48449b2f1652.png,images/post/e73f48449b2f1652.png,images/dnbr/e73f48449b2f1652.png,geotiff/pre/e73f48449b2f1652.tif,geotiff/post/e73f48449b2f1652.tif,geotiff/dnbr/e73f48449b2f1652.tif
MCD64A1.A2017182.h25v04.061.2021312132719_r531_c2335,2017-07-06,2017,7,187,MCD64A1.A2017182.h25v04.061.2021312132719,118.66374085431679,47.78541666235375,1012,253.0,224,10,c7b0d64c3b743439,burn,val,Asia,Mongolia,118.76829231647736,47.76874999568857,1,30,grassland,grassland_savanna,temperate,N,temperate_other,S2A_MSIL2A_20170627T030541_R075_T50TPT_20210210T015838,S2B_MSIL2A_20170712T030539_R075_T50UPU_20210210T075533,2017-06-27T03:05:41.026000Z,2017-07-12T03:05:39.027000Z,2017-06-27,2017-07-12,0.03,-9,6,0.436153,1.567543,1.0,1.0,0.3172472417354584,0.26395320892333984,0.1868397444486618,0.2030271589756012,0.37434864044189453,0.6393958330154419,-0.23671375215053558,0.9263925552368164,1.0,0.9506736288265306,0.477718431122449,0.2070910395408163,3,moderate,1,moderate,png,images/pre/c7b0d64c3b743439.png,images/post/c7b0d64c3b743439.png,images/dnbr/c7b0d64c3b743439.png,geotiff/pre/c7b0d64c3b743439.tif,geotiff/post/c7b0d64c3b743439.tif,geotiff/dnbr/c7b0d64c3b743439.tif
MCD64A1.A2017182.h25v04.061.2021312132719_r531_c2335,2017-07-06,2017,7,187,MCD64A1.A2017182.h25v04.061.2021312132719,118.66374085431679,47.78541666235375,1012,253.0,224,10,1c822764d26863d9,neg,val,Asia,Mongolia,118.32862405418688,47.92186411780253,0,30,grassland,grassland_savanna,temperate,N,temperate_other,S2A_MSIL2A_20170627T030541_R075_T50UNU_20210210T015844,S2B_MSIL2A_20170712T030539_R075_T50UNU_20210210T075503,2017-06-27T03:05:41.026000Z,2017-07-12T03:05:39.027000Z,2017-06-27,2017-07-12,0.03,-9,6,0.515861,0.144207,1.0,1.0,0.0374009907245636,0.03977295011281967,0.015457358211278915,0.029323797672986984,0.04786849394440651,0.05478232353925705,-0.035733580589294434,0.08803907036781311,1.0,0.0,0.0,0.0,1,unburned_or_regrowth,-1,not_applicable,png,images/pre/1c822764d26863d9.png,images/post/1c822764d26863d9.png,images/dnbr/1c822764d26863d9.png,geotiff/pre/1c822764d26863d9.tif,geotiff/post/1c822764d26863d9.tif,geotiff/dnbr/1c822764d26863d9.tif
MCD64A1.A2020061.h29v07.061.2021309111310_r1010_c1360,2020-03-22,2020,3,82,MCD64A1.A2020061.h29v07.061.2021309111310,120.204363593676,15.789583331880356,48,12.0,224,10,ff7d39366fe8fd7f,burn,train,Asia,Philippines,120.20622204268403,15.78541666521406,1,10,tree_cover,forest,tropical,N,tropical_moist,S2A_MSIL2A_20200301T022621_R046_T51PTT_20200925T234217,S2B_MSIL2A_20200405T022549_R046_T51PTT_20200925T031246,2020-03-01T02:26:21.024000Z,2020-04-05T02:25:49.024000Z,2020-03-01,2020-04-05,0.53,-21,14,1.853936,2.136175,0.8080357142857143,0.8080357142857143,0.2809532880783081,0.34074491262435913,0.16357138752937317,0.1158105731010437,0.40289485454559326,0.4518294930458069,-0.09124049544334412,0.7357252836227417,0.8080357142857143,0.6253188775510204,0.5060586734693877,0.1014827806122449,3,moderate,1,moderate,png,images/pre/ff7d39366fe8fd7f.png,images/post/ff7d39366fe8fd7f.png,images/dnbr/ff7d39366fe8fd7f.png,geotiff/pre/ff7d39366fe8fd7f.tif,geotiff/post/ff7d39366fe8fd7f.tif,geotiff/dnbr/ff7d39366fe8fd7f.tif
MCD64A1.A2020061.h29v07.061.2021309111310_r1010_c1360,2020-03-22,2020,3,82,MCD64A1.A2020061.h29v07.061.2021309111310,120.204363593676,15.789583331880356,48,12.0,224,10,77e73f36e630c788,neg,train,Asia,Philippines,120.112410452485,15.740816268835877,0,10,tree_cover,forest,tropical,N,tropical_moist,S2A_MSIL2A_20200220T022731_R046_T50PRC_20200930T025137,S2B_MSIL2A_20200405T022549_R046_T50PRC_20200925T031225,2020-02-20T02:27:31.024000Z,2020-04-05T02:25:49.024000Z,2020-02-20,2020-04-05,1.7,-31,14,0.212681,4.811122,1.0,1.0,0.03599889576435089,0.036688536405563354,0.013879459351301193,0.027899429202079773,0.044574394822120667,0.05166369676589966,-0.0930778980255127,0.14712584018707275,1.0,0.0008569834183673469,0.0,0.0,1,unburned_or_regrowth,-1,not_applicable,png,images/pre/77e73f36e630c788.png,images/post/77e73f36e630c788.png,images/dnbr/77e73f36e630c788.png,geotiff/pre/77e73f36e630c788.tif,geotiff/post/77e73f36e630c788.tif,geotiff/dnbr/77e73f36e630c788.tif
MCD64A1.A2019305.h30v09.061.2021309105906_r803_c1610,2019-11-02,2019,11,306,MCD64A1.A2019305.h30v09.061.2021309105906,126.92703967111316,-3.347916666411983,20,5.0,224,10,3d3ecaf6e862b9ad,burn,train,Asia,Indonesia,126.92812095616185,-3.3562499997445707,1,30,grassland,grassland_savanna,tropical,S,tropical_dry,S2A_MSIL2A_20191008T015021_R117_T52MBB_20201003T235111,S2B_MSIL2A_20191112T015619_R117_T52MBB_20201003T154659,2019-10-08T01:50:21.024000Z,2019-11-12T01:56:19.024000Z,2019-10-08,2019-11-12,5.97,-25,10,18.305208,2.871075,0.9672751913265306,1.0,0.2733418941497803,0.2606273591518402,0.19463449716567993,0.13094176352024078,0.40325111150741577,0.532198429107666,-0.6393817067146301,0.924889326095581,0.9672751913265306,0.7841996173469388,0.46773357780612246,0.19274154974489796,3,moderate,1,moderate,png,images/pre/3d3ecaf6e862b9ad.png,images/post/3d3ecaf6e862b9ad.png,images/dnbr/3d3ecaf6e862b9ad.png,geotiff/pre/3d3ecaf6e862b9ad.tif,geotiff/post/3d3ecaf6e862b9ad.tif,geotiff/dnbr/3d3ecaf6e862b9ad.tif
MCD64A1.A2019305.h30v09.061.2021309105906_r803_c1610,2019-11-02,2019,11,306,MCD64A1.A2019305.h30v09.061.2021309105906,126.92703967111316,-3.347916666411983,20,5.0,224,10,77be246cf50ed948,neg,train,Asia,Indonesia,126.83633567045939,-3.2881510681638306,0,30,grassland,grassland_savanna,tropical,S,tropical_dry,S2B_MSIL2A_20190923T015019_R117_T52MBB_20201004T162156,S2A_MSIL2A_20191127T015621_R117_T52MBB_20201003T200641,2019-09-23T01:50:19.024000Z,2019-11-27T01:56:21.024000Z,2019-09-23,2019-11-27,6.03,-40,25,2.420387,0.613757,1.0,1.0,0.010195243172347546,0.008566051721572876,0.03706742823123932,-0.011380434036254883,0.029497981071472168,0.05560138821601868,-0.1549648940563202,0.23866762220859528,1.0,0.017857142857142856,0.0,0.0,1,unburned_or_regrowth,-1,not_applicable,png,images/pre/77be246cf50ed948.png,images/post/77be246cf50ed948.png,images/dnbr/77be246cf50ed948.png,geotiff/pre/77be246cf50ed948.tif,geotiff/post/77be246cf50ed948.tif,geotiff/dnbr/77be246cf50ed948.tif
MCD64A1.A2017152.h22v04.061.2021312130154_r201_c759,2017-06-22,2017,6,173,MCD64A1.A2017152.h22v04.061.2021312130154,66.00660188624119,49.16041666223067,3332,833.0,224,10,6c68747712dd0522,burn,train,Asia,Kazakhstan,66.01335951800029,49.09374999556998,1,30,grassland,grassland_savanna,temperate,N,temperate_other,S2A_MSIL2A_20170531T063631_R120_T41UQQ_20210209T192345,S2B_MSIL2A_20170705T064019_R120_T41UQQ_20210210T050551,2017-05-31T06:36:31.026000Z,2017-07-05T06:40:19.027000Z,2017-05-31,2017-07-05,3.8,-22,13,4.743362,1.914559,1.0,0.9996811224489796,0.19459831714630127,0.2091619074344635,0.06800390034914017,0.134995698928833,0.24400191009044647,0.26861894130706787,-0.2401570975780487,0.7086273431777954,0.9996811224489796,0.8934550382653061,0.09390943877551021,0.0024713010204081634,2,low,0,low,png,images/pre/6c68747712dd0522.png,images/post/6c68747712dd0522.png,images/dnbr/6c68747712dd0522.png,geotiff/pre/6c68747712dd0522.tif,geotiff/post/6c68747712dd0522.tif,geotiff/dnbr/6c68747712dd0522.tif
MCD64A1.A2017152.h22v04.061.2021312130154_r201_c759,2017-06-22,2017,6,173,MCD64A1.A2017152.h22v04.061.2021312130154,66.00660188624119,49.16041666223067,3332,833.0,224,10,6b664b72203e480d,neg,train,Asia,Kazakhstan,65.51049837427776,48.985514559314296,0,30,grassland,grassland_savanna,temperate,N,temperate_other,S2A_MSIL2A_20170531T063631_R120_T41UPQ_20210209T192338,S2A_MSIL2A_20170723T064631_R020_T41UPQ_20210210T130924,2017-05-31T06:36:31.026000Z,2017-07-23T06:46:31.026000Z,2017-05-31,2017-07-23,10.0,-22,31,0.29842,0.0976,1.0,1.0,0.02378407120704651,0.023805975914001465,0.045961715281009674,0.010989414528012276,0.04028676077723503,0.06140879541635513,-0.8386589288711548,0.25270751118659973,1.0,0.026088169642857144,0.0,0.0,1,unburned_or_regrowth,-1,not_applicable,png,images/pre/6b664b72203e480d.png,images/post/6b664b72203e480d.png,images/dnbr/6b664b72203e480d.png,geotiff/pre/6b664b72203e480d.tif,geotiff/post/6b664b72203e480d.tif,geotiff/dnbr/6b664b72203e480d.tif
MCD64A1.A2019305.h23v04.061.2021309105851_r1472_c265,2019-11-16,2019,11,320,MCD64A1.A2019305.h23v04.061.2021309105851,70.88446134345524,43.86458332937134,14,3.5,224,10,8e0a0146091b03c1,burn,train,Asia,Kazakhstan,70.89106491538844,43.86041666270505,1,30,grassland,grassland_savanna,temperate,N,temperate_other,S2A_MSIL2A_20191019T060851_R134_T42TXP_20201004T035458,S2B_MSIL2A_20191203T061219_R134_T42TXP_20201003T001534,2019-10-19T06:08:51.024000Z,2019-12-03T06:12:19.024000Z,2019-10-19,2019-12-03,3.47,-28,17,0.0133,10.613445,1.0,0.9812460140306123,0.2961234152317047,0.22444868087768555,0.42474034428596497,-0.09426038712263107,0.6759287714958191,0.8786234259605408,-1.2667605876922607,1.392592191696167,0.9812460140306123,0.5227200255102041,0.4777981505102041,0.41019610969387754,3,moderate,1,moderate,png,images/pre/8e0a0146091b03c1.png,images/post/8e0a0146091b03c1.png,images/dnbr/8e0a0146091b03c1.png,geotiff/pre/8e0a0146091b03c1.tif,geotiff/post/8e0a0146091b03c1.tif,geotiff/dnbr/8e0a0146091b03c1.tif
MCD64A1.A2019305.h23v04.061.2021309105851_r1472_c265,2019-11-16,2019,11,320,MCD64A1.A2019305.h23v04.061.2021309105851,70.88446134345524,43.86458332937134,14,3.5,224,10,3946fc3387a28c14,neg,train,Asia,Kazakhstan,70.89692478596326,43.79824962220622,0,30,grassland,grassland_savanna,temperate,N,temperate_other,S2A_MSIL2A_20191019T060851_R134_T42TXP_20201004T035458,S2B_MSIL2A_20191203T061219_R134_T42TXP_20201003T001534,2019-10-19T06:08:51.024000Z,2019-12-03T06:12:19.024000Z,2019-10-19,2019-12-03,3.47,-28,17,0.0133,10.613445,1.0,1.0,-0.03827935829758644,-0.03907535970211029,0.0321119986474514,-0.058674246072769165,-0.019842766225337982,0.0010597463697195053,-0.20194585621356964,0.16095472872257233,1.0,0.001016422193877551,0.0,0.0,1,unburned_or_regrowth,-1,not_applicable,png,images/pre/3946fc3387a28c14.png,images/post/3946fc3387a28c14.png,images/dnbr/3946fc3387a28c14.png,geotiff/pre/3946fc3387a28c14.tif,geotiff/post/3946fc3387a28c14.tif,geotiff/dnbr/3946fc3387a28c14.tif
MCD64A1.A2020061.h29v08.061.2021309111309_r1083_c1239,2020-03-24,2020,3,84,MCD64A1.A2020061.h29v08.061.2021309111309,115.69439870979944,5.485416666130738,28,7.0,224,10,a22b49b65b035d23,burn,val,Asia,Malaysia,115.70519727023017,5.497916666129618,1,20,shrubland,shrubland_chaparral,tropical,N,tropical_dry,S2B_MSIL2A_20200316T022549_R046_T50NLM_20201010T100112,S2B_MSIL2A_20200405T022549_R046_T50NLM_20200925T031138,2020-03-16T02:25:49.024000Z,2020-04-05T02:25:49.024000Z,2020-03-16,2020-04-05,0.0,-8,12,0.303067,4.903729,1.0,1.0,0.34924083948135376,0.03294488787651062,0.41634401679039,0.01857331395149231,0.8340315818786621,0.9613120555877686,-0.07268044352531433,1.192739486694336,1.0,0.41171077806122447,0.39150191326530615,0.3780891262755102,3,moderate,1,moderate,png,images/pre/a22b49b65b035d23.png,images/post/a22b49b65b035d23.png,images/dnbr/a22b49b65b035d23.png,geotiff/pre/a22b49b65b035d23.tif,geotiff/post/a22b49b65b035d23.tif,geotiff/dnbr/a22b49b65b035d23.tif
MCD64A1.A2020061.h29v08.061.2021309111309_r1083_c1239,2020-03-24,2020,3,84,MCD64A1.A2020061.h29v08.061.2021309111309,115.69439870979944,5.485416666130738,28,7.0,224,10,4acce2fd2b8e58a4,neg,val,Asia,Malaysia,115.63504829835114,5.442671088141101,0,20,shrubland,shrubland_chaparral,tropical,N,tropical_dry,S2B_MSIL2A_20200316T022549_R046_T50NLM_20201010T100112,S2B_MSIL2A_20200405T022549_R046_T50NLM_20200925T031138,2020-03-16T02:25:49.024000Z,2020-04-05T02:25:49.024000Z,2020-03-16,2020-04-05,0.0,-8,12,0.303067,4.903729,0.9998405612244898,0.9994419642857143,0.004100862890481949,0.009384721517562866,0.04448359087109566,-0.007002100348472595,0.02172054350376129,0.035071901977062225,-0.48135340213775635,0.8587288856506348,0.9994419642857143,0.010642538265306123,0.001793686224489796,0.0007573341836734694,1,unburned_or_regrowth,-1,not_applicable,png,images/pre/4acce2fd2b8e58a4.png,images/post/4acce2fd2b8e58a4.png,images/dnbr/4acce2fd2b8e58a4.png,geotiff/pre/4acce2fd2b8e58a4.tif,geotiff/post/4acce2fd2b8e58a4.tif,geotiff/dnbr/4acce2fd2b8e58a4.tif
MCD64A1.A2020032.h27v07.061.2021309111153_r1456_c1450,2020-02-20,2020,2,51,MCD64A1.A2020032.h27v07.061.2021309111153,98.9544645810583,13.931249998711678,72,18.0,224,10,857f8038480a61fb,burn,train,Asia,Myanmar,98.95982234093745,13.943749998710569,1,10,tree_cover,forest,tropical,N,tropical_moist,S2A_MSIL2A_20200204T034941_R104_T47PMR_20200930T180629,S2B_MSIL2A_20200310T034549_R104_T47PMR_20201005T060328,2020-02-04T03:49:41.024000Z,2020-03-10T03:45:49.024000Z,2020-02-04,2020-03-10,3.87,-16,19,2.126834,0.723631,0.9689094387755102,1.0,0.21654851734638214,0.21529534459114075,0.11853957921266556,0.1453697830438614,0.2863718271255493,0.3535083532333374,-0.2713874578475952,1.1448417901992798,0.9689094387755102,0.8506457270408163,0.29372608418367346,0.027543048469387755,2,low,0,low,png,images/pre/857f8038480a61fb.png,images/post/857f8038480a61fb.png,images/dnbr/857f8038480a61fb.png,geotiff/pre/857f8038480a61fb.tif,geotiff/post/857f8038480a61fb.tif,geotiff/dnbr/857f8038480a61fb.tif
MCD64A1.A2020032.h27v07.061.2021309111153_r1456_c1450,2020-02-20,2020,2,51,MCD64A1.A2020032.h27v07.061.2021309111153,98.9544645810583,13.931249998711678,72,18.0,224,10,52d468a53107691f,neg,train,Asia,Myanmar,98.88308365799396,13.821830458207156,0,10,tree_cover,forest,tropical,N,tropical_moist,S2B_MSIL2A_20200120T035049_R104_T47PMR_20201002T211330,S2B_MSIL2A_20200330T034529_R104_T47PMR_20201021T124446,2020-01-20T03:50:49.024000Z,2020-03-30T03:45:29.024000Z,2020-01-20,2020-03-30,5.33,-31,39,0.95356,0.035232,1.0,1.0,-0.032890595495700836,-0.03157156705856323,0.0394299253821373,-0.05551990866661072,-0.010096564888954163,0.01155698299407959,-0.22709417343139648,0.2586806118488312,1.0,0.004384566326530612,0.0,0.0,1,unburned_or_regrowth,-1,not_applicable,png,images/pre/52d468a53107691f.png,images/post/52d468a53107691f.png,images/dnbr/52d468a53107691f.png,geotiff/pre/52d468a53107691f.tif,geotiff/post/52d468a53107691f.tif,geotiff/dnbr/52d468a53107691f.tif
MCD64A1.A2019335.h27v07.061.2021309110026_r975_c1313,2019-12-24,2019,12,358,MCD64A1.A2019335.h27v07.061.2021309110026,99.2883927202836,15.935416665200767,405,101.25,224,10,6c63a2f5eaea330c,burn,train,Asia,Thailand,99.30304212444533,15.956249998532256,1,10,tree_cover,forest,tropical,N,tropical_moist,S2B_MSIL2A_20191211T035139_R104_T47PNT_20201003T033645,S2B_MSIL2A_20200110T035129_R104_T47PNT_20201029T200024,2019-12-11T03:51:39.024000Z,2020-01-10T03:51:29.024000Z,2019-12-11,2020-01-10,0.17,-13,17,0.056294,2.246147,1.0,1.0,0.3637395203113556,0.37385666370391846,0.15059176087379456,0.2784996032714844,0.46129870414733887,0.5351094007492065,-0.8008332252502441,0.7967159748077393,1.0,0.9680125956632653,0.7699497767857143,0.306819993622449,3,moderate,1,moderate,png,images/pre/6c63a2f5eaea330c.png,images/post/6c63a2f5eaea330c.png,images/dnbr/6c63a2f5eaea330c.png,geotiff/pre/6c63a2f5eaea330c.tif,geotiff/post/6c63a2f5eaea330c.tif,geotiff/dnbr/6c63a2f5eaea330c.tif
MCD64A1.A2019335.h27v07.061.2021309110026_r975_c1313,2019-12-24,2019,12,358,MCD64A1.A2019335.h27v07.061.2021309110026,99.2883927202836,15.935416665200767,405,101.25,224,10,c224d4888356b18e,neg,train,Asia,Thailand,99.14153652678725,15.814461393188358,0,30,grassland,grassland_savanna,tropical,N,tropical_dry,S2B_MSIL2A_20191211T035139_R104_T47PNT_20201003T033645,S2B_MSIL2A_20200130T035009_R104_T47PNT_20201002T153504,2019-12-11T03:51:39.024000Z,2020-01-30T03:50:09.024000Z,2019-12-11,2020-01-30,1.5,-13,37,0.056294,0.826324,1.0,0.9330357142857143,-0.005220411811023951,-0.003306865692138672,0.04877042397856712,-0.03420992195606232,0.02447947859764099,0.04985585808753967,-0.23563891649246216,0.4518255591392517,0.9330357142857143,0.011220503826530613,0.0010562818877551021,3.985969387755102e-05,1,unburned_or_regrowth,-1,not_applicable,png,images/pre/c224d4888356b18e.png,images/post/c224d4888356b18e.png,images/dnbr/c224d4888356b18e.png,geotiff/pre/c224d4888356b18e.tif,geotiff/post/c224d4888356b18e.tif,geotiff/dnbr/c224d4888356b18e.tif
MCD64A1.A2020061.h29v08.061.2021309111309_r2343_c1602,2020-03-17,2020,3,77,MCD64A1.A2020061.h29v08.061.2021309111309,116.67806821309509,0.23541666660062951,10,2.5,224,10,bd73fc001974171e,burn,train,Asia,Indonesia,116.6739015112573,0.23541666660062951,1,20,shrubland,shrubland_chaparral,tropical,N,tropical_dry,S2B_MSIL2A_20200225T022659_R046_T50NMF_20200928T081029,S2B_MSIL2A_20200405T022549_R046_T50NMF_20200925T031147,2020-02-25T02:26:59.024000Z,2020-04-05T02:25:49.024000Z,2020-02-25,2020-04-05,1.17,-21,19,3.087375,11.999898,1.0,0.9877232142857143,0.18281805515289307,0.0286877304315567,0.28228768706321716,-0.04093839228153229,0.45065435767173767,0.6330832242965698,-0.41389796137809753,0.86976557970047,0.9877232142857143,0.4303651147959184,0.3508250956632653,0.2534279336734694,2,low,0,low,png,images/pre/bd73fc001974171e.png,images/post/bd73fc001974171e.png,images/dnbr/bd73fc001974171e.png,geotiff/pre/bd73fc001974171e.tif,geotiff/post/bd73fc001974171e.tif,geotiff/dnbr/bd73fc001974171e.tif
MCD64A1.A2020061.h29v08.061.2021309111309_r2343_c1602,2020-03-17,2020,3,77,MCD64A1.A2020061.h29v08.061.2021309111309,116.67806821309509,0.23541666660062951,10,2.5,224,10,ec62f7d8d366a7ba,neg,train,Asia,Indonesia,116.62094271045008,0.2860838878232271,0,30,grassland,grassland_savanna,tropical,N,tropical_dry,S2B_MSIL2A_20200225T022659_R046_T50NMF_20200928T081029,S2B_MSIL2A_20200405T022549_R046_T50NMF_20200925T031147,2020-02-25T02:26:59.024000Z,2020-04-05T02:25:49.024000Z,2020-02-25,2020-04-05,1.17,-21,19,3.087375,11.999898,0.9944196428571429,0.9544005102040817,-0.032134395092725754,-0.016751348972320557,0.07351276278495789,-0.058868374675512314,0.007966035977005959,0.025882381945848465,-0.4957905411720276,0.5368067026138306,0.9530452806122449,0.015206473214285714,0.003248565051020408,0.0004982461734693878,1,unburned_or_regrowth,-1,not_applicable,png,images/pre/ec62f7d8d366a7ba.png,images/post/ec62f7d8d366a7ba.png,images/dnbr/ec62f7d8d366a7ba.png,geotiff/pre/ec62f7d8d366a7ba.tif,geotiff/post/ec62f7d8d366a7ba.tif,geotiff/dnbr/ec62f7d8d366a7ba.tif
MCD64A1.A2020245.h23v05.061.2021309112110_r2102_c717,2020-09-30,2020,9,274,MCD64A1.A2020245.h23v05.061.2021309112110,61.975673452478865,31.23958333050132,71,17.75,224,10,1a67adc6accdeb9f,burn,train,Asia,Afghanistan,61.969852191333736,31.260416663832785,1,90,herbaceous_wetland,wetland,subtropical,N,subtropical,S2B_MSIL2A_20200924T062629_R077_T41RMQ_20200926T140148,S2A_MSIL2A_20201019T062901_R077_T41RMQ_20201021T033900,2020-09-24T06:26:29.024000Z,2020-10-19T06:29:01.024000Z,2020-09-24,2020-10-19,2.53,-6,19,0.334106,0.344382,1.0,1.0,0.17763304710388184,0.15532752871513367,0.21258409321308136,-0.03557974100112915,0.39021581411361694,0.4512983560562134,-0.12108804285526276,0.5898060202598572,1.0,0.5185746173469388,0.44790338010204084,0.12635522959183673,2,low,0,low,png,images/pre/1a67adc6accdeb9f.png,images/post/1a67adc6accdeb9f.png,images/dnbr/1a67adc6accdeb9f.png,geotiff/pre/1a67adc6accdeb9f.tif,geotiff/post/1a67adc6accdeb9f.tif,geotiff/dnbr/1a67adc6accdeb9f.tif
MCD64A1.A2020245.h23v05.061.2021309112110_r2102_c717,2020-09-30,2020,9,274,MCD64A1.A2020245.h23v05.061.2021309112110,61.975673452478865,31.23958333050132,71,17.75,224,10,3e31bb24e3f30243,neg,train,Asia,Afghanistan,61.84190776555626,31.23724020076511,0,40,cropland,cropland,subtropical,N,subtropical,S2B_MSIL2A_20200904T062629_R077_T41RLQ_20200919T094833,S2B_MSIL2A_20201103T063029_R077_T41RLQ_20201104T191304,2020-09-04T06:26:29.024000Z,2020-11-03T06:30:29.024000Z,2020-09-04,2020-11-03,4.0,-26,34,10.970403,8.429065,0.9885602678571429,0.9970503826530612,0.0026176751125603914,0.0012505855411291122,0.023739608004689217,-0.012544538825750351,0.015940556302666664,0.031666480004787445,-0.10986670106649399,0.3999042510986328,0.9884008290816326,0.0011559311224489796,0.0001992984693877551,0.0,1,unburned_or_regrowth,-1,not_applicable,png,images/pre/3e31bb24e3f30243.png,images/post/3e31bb24e3f30243.png,images/dnbr/3e31bb24e3f30243.png,geotiff/pre/3e31bb24e3f30243.tif,geotiff/post/3e31bb24e3f30243.tif,geotiff/dnbr/3e31bb24e3f30243.tif
MCD64A1.A2020032.h24v05.061.2021309111143_r1716_c48,2020-02-18,2020,2,49,MCD64A1.A2020032.h24v05.061.2021309111143,71.65948327309948,32.8479166636907,95,23.75,224,10,2a92b2b245fae755,burn,val,Asia,Pakistan,71.66250301304864,32.82708333035923,1,20,shrubland,shrubland_chaparral,subtropical,N,mediterranean_or_dry,S2B_MSIL2A_20200205T055029_R048_T42SYB_20200930T231826,S2A_MSIL2A_20200223T055831_R091_T42SYB_20200927T215504,2020-02-05T05:50:29.024000Z,2020-02-23T05:58:31.024000Z,2020-02-05,2020-02-23,8.03,-13,5,0.047052,0.049407,1.0,1.0,0.1842680126428604,0.20558112859725952,0.11463916301727295,0.09541256725788116,0.2613242268562317,0.31948432326316833,-0.35652661323547363,0.6073601841926575,1.0,0.7443199936224489,0.21884964923469388,0.006855867346938775,2,low,0,low,png,images/pre/2a92b2b245fae755.png,images/post/2a92b2b245fae755.png,images/dnbr/2a92b2b245fae755.png,geotiff/pre/2a92b2b245fae755.tif,geotiff/post/2a92b2b245fae755.tif,geotiff/dnbr/2a92b2b245fae755.tif
MCD64A1.A2020032.h24v05.061.2021309111143_r1716_c48,2020-02-18,2020,2,49,MCD64A1.A2020032.h24v05.061.2021309111143,71.65948327309948,32.8479166636907,95,23.75,224,10,683247b5f245b4b6,neg,val,Asia,Pakistan,71.62492161378651,32.779104557447084,0,20,shrubland,shrubland_chaparral,subtropical,N,mediterranean_or_dry,S2B_MSIL2A_20200205T055029_R048_T42SYB_20200930T231826,S2A_MSIL2A_20200223T055831_R091_T42SYB_20200927T215504,2020-02-05T05:50:29.024000Z,2020-02-23T05:58:31.024000Z,2020-02-05,2020-02-23,8.03,-13,5,0.047052,0.049407,0.9998405612244898,1.0,-0.007473222445696592,-0.008273109793663025,0.03537668287754059,-0.02061416208744049,0.005712167359888554,0.02477162890136242,-0.3345193862915039,0.28429365158081055,0.9998405612244898,0.009347098214285714,3.985969387755102e-05,0.0,1,unburned_or_regrowth,-1,not_applicable,png,images/pre/683247b5f245b4b6.png,images/post/683247b5f245b4b6.png,images/dnbr/683247b5f245b4b6.png,geotiff/pre/683247b5f245b4b6.tif,geotiff/post/683247b5f245b4b6.tif,geotiff/dnbr/683247b5f245b4b6.tif
MCD64A1.A2019305.h30v09.061.2021309105906_r2286_c610,2019-11-21,2019,11,325,MCD64A1.A2019305.h30v09.061.2021309105906,124.25757577768306,-9.527083332525596,25,6.25,224,10,7c84cc85a88b5720,burn,train,Asia,Indonesia,124.25486767759908,-9.531249999191889,1,10,tree_cover,forest,tropical,S,tropical_moist,S2B_MSIL2A_20191115T020449_R017_T51LXK_20201003T164612,S2A_MSIL2A_20191210T020441_R017_T51LXK_20201003T025911,2019-11-15T02:04:49.024000Z,2019-12-10T02:04:41.024000Z,2019-11-15,2019-12-10,0.13,-6,19,4.87592,4.182989,1.0,1.0,0.157858744263649,0.142875537276268,0.10778298228979111,0.08102720230817795,0.2193826138973236,0.306204617023468,-0.14877110719680786,0.6991259455680847,1.0,0.6762794961734694,0.15051020408163265,0.01446906887755102,2,low,0,low,png,images/pre/7c84cc85a88b5720.png,images/post/7c84cc85a88b5720.png,images/dnbr/7c84cc85a88b5720.png,geotiff/pre/7c84cc85a88b5720.tif,geotiff/post/7c84cc85a88b5720.tif,geotiff/dnbr/7c84cc85a88b5720.tif
MCD64A1.A2019305.h30v09.061.2021309105906_r2286_c610,2019-11-21,2019,11,325,MCD64A1.A2019305.h30v09.061.2021309105906,124.25757577768306,-9.527083332525596,25,6.25,224,10,00ab480bc779138f,neg,train,Asia,Indonesia,124.23586553578427,-9.579711950683029,0,30,grassland,grassland_savanna,tropical,S,tropical_dry,S2A_MSIL2A_20191021T020451_R017_T51LXK_20201004T043418,S2B_MSIL2A_20191225T020439_R017_T51LXK_20201003T092822,2019-10-21T02:04:51.024000Z,2019-12-25T02:04:39.024000Z,2019-10-21,2019-12-25,0.2,-31,34,2.72705,2.051339,1.0,1.0,-0.03981589153409004,-0.033320099115371704,0.050125665962696075,-0.0707646831870079,-0.00478498637676239,0.01592448353767395,-0.3050226867198944,0.23327365517616272,1.0,0.0024513711734693877,0.0,0.0,1,unburned_or_regrowth,-1,not_applicable,png,images/pre/00ab480bc779138f.png,images/post/00ab480bc779138f.png,images/dnbr/00ab480bc779138f.png,geotiff/pre/00ab480bc779138f.tif,geotiff/post/00ab480bc779138f.tif,geotiff/dnbr/00ab480bc779138f.tif
MCD64A1.A2017182.h21v05.061.2021312132358_r601_c340,2017-07-17,2017,7,198,MCD64A1.A2017182.h21v05.061.2021312132358,39.59915334428753,37.493749996608216,10,2.5,224,10,7b67ad1b2fddd7d4,burn,train,Asia,Turkey,39.59694437542739,37.48958332994192,1,10,tree_cover,forest,temperate,N,temperate_forest,S2A_MSIL2A_20170617T080611_R078_T37SEB_20210209T233745,S2B_MSIL2A_20170722T080609_R078_T37SEB_20210210T125448,2017-06-17T08:06:11.026000Z,2017-07-22T08:06:09.027000Z,2017-06-17,2017-07-22,0.03,-30,5,0.100305,0.054459,0.9992825255102041,1.0,0.1555163562297821,0.05338982492685318,0.16920197010040283,0.023022230714559555,0.314228355884552,0.43036288022994995,-0.0826268345117569,0.5947039127349854,0.9992825255102041,0.4112922512755102,0.2878467793367347,0.07882254464285714,2,low,0,low,png,images/pre/7b67ad1b2fddd7d4.png,images/post/7b67ad1b2fddd7d4.png,images/dnbr/7b67ad1b2fddd7d4.png,geotiff/pre/7b67ad1b2fddd7d4.tif,geotiff/post/7b67ad1b2fddd7d4.tif,geotiff/dnbr/7b67ad1b2fddd7d4.tif
MCD64A1.A2017182.h21v05.061.2021312132358_r601_c340,2017-07-17,2017,7,198,MCD64A1.A2017182.h21v05.061.2021312132358,39.59915334428753,37.493749996608216,10,2.5,224,10,0773d736e44ef92c,neg,train,Asia,Turkey,39.69805641093175,37.4668356046319,0,10,tree_cover,forest,temperate,N,temperate_forest,S2A_MSIL2A_20170617T080611_R078_T37SEB_20210209T233745,S2B_MSIL2A_20170821T080959_R078_T37SEB_20201019T223639,2017-06-17T08:06:11.026000Z,2017-08-21T08:09:59.027000Z,2017-06-17,2017-08-21,3.8,-30,35,0.100305,0.044343,1.0,1.0,0.04424352943897247,0.04182390123605728,0.02392505668103695,0.03142337128520012,0.05379602685570717,0.0684283971786499,-0.15710368752479553,0.571110725402832,1.0,0.0253109056122449,0.0001793686224489796,1.992984693877551e-05,1,unburned_or_regrowth,-1,not_applicable,png,images/pre/0773d736e44ef92c.png,images/post/0773d736e44ef92c.png,images/dnbr/0773d736e44ef92c.png,geotiff/pre/0773d736e44ef92c.tif,geotiff/post/0773d736e44ef92c.tif,geotiff/dnbr/0773d736e44ef92c.tif
MCD64A1.A2020032.h27v07.061.2021309111153_r1835_c1631,2020-02-19,2020,2,50,MCD64A1.A2020032.h27v07.061.2021309111153,99.09173974432375,12.35208333218493,139,34.75,224,10,72fa8470f1cf7f7b,burn,test,Asia,Myanmar,99.08858477455884,12.343749998852337,1,10,tree_cover,forest,tropical,N,tropical_moist,S2A_MSIL2A_20200204T034941_R104_T47PNP_20200930T180629,S2A_MSIL2A_20200224T034731_R104_T47PNP_20200928T020255,2020-02-04T03:49:41.024000Z,2020-02-24T03:47:31.024000Z,2020-02-04,2020-02-24,2.17,-15,5,12.18702,0.395874,1.0,1.0,0.18980740010738373,0.15132755041122437,0.14819353818893433,0.06831171363592148,0.2776249349117279,0.40581244230270386,-0.1422021985054016,0.8491936922073364,1.0,0.6355827487244898,0.26199776785714285,0.0745376275510204,2,low,0,low,png,images/pre/72fa8470f1cf7f7b.png,images/post/72fa8470f1cf7f7b.png,images/dnbr/72fa8470f1cf7f7b.png,geotiff/pre/72fa8470f1cf7f7b.tif,geotiff/post/72fa8470f1cf7f7b.tif,geotiff/dnbr/72fa8470f1cf7f7b.tif
MCD64A1.A2020032.h27v07.061.2021309111153_r1835_c1631,2020-02-19,2020,2,50,MCD64A1.A2020032.h27v07.061.2021309111153,99.09173974432375,12.35208333218493,139,34.75,224,10,07f6875aec3729b9,neg,test,Asia,Myanmar,98.93872187152499,12.243881175606134,0,10,tree_cover,forest,tropical,N,tropical_moist,S2A_MSIL2A_20200105T035141_R104_T47PMP_20201002T230526,S2A_MSIL2A_20200224T034731_R104_T47PMP_20200928T020251,2020-01-05T03:51:41.024000Z,2020-02-24T03:47:31.024000Z,2020-01-05,2020-02-24,4.17,-45,5,0.025809,1.34543,0.9999202806122449,1.0,-0.10139051079750061,-0.040295571088790894,0.15444569289684296,-0.13541743159294128,-0.006672307848930359,0.02008613757789135,-0.7551218867301941,0.44289374351501465,0.9999202806122449,0.007174744897959184,0.0011957908163265306,3.985969387755102e-05,1,unburned_or_regrowth,-1,not_applicable,png,images/pre/07f6875aec3729b9.png,images/post/07f6875aec3729b9.png,images/dnbr/07f6875aec3729b9.png,geotiff/pre/07f6875aec3729b9.tif,geotiff/post/07f6875aec3729b9.tif,geotiff/dnbr/07f6875aec3729b9.tif
MCD64A1.A2020061.h21v04.061.2021309111249_r1782_c172,2020-03-01,2020,3,61,MCD64A1.A2020061.h21v04.061.2021309111249,41.71380030509708,42.57291666282028,56,14.0,224,10,d0bab66f93d19cff,burn,train,Asia,Georgia,41.69404084286819,42.56874999615399,1,90,herbaceous_wetland,wetland,temperate,N,temperate_other,S2B_MSIL2A_20200217T080959_R078_T37TGH_20200929T163318,S2B_MSIL2A_20200308T080749_R078_T37TGH_20200930T062018,2020-02-17T08:09:59.024000Z,2020-03-08T08:07:49.024000Z,2020-02-17,2020-03-08,2.17,-13,7,12.694522,0.723878,1.0,1.0,0.17060330510139465,0.10700826346874237,0.16522818803787231,0.0270223505795002,0.3262036144733429,0.3994251787662506,-0.8636765480041504,0.8196537494659424,1.0,0.5068359375,0.3549107142857143,0.04340720663265306,2,low,0,low,png,images/pre/d0bab66f93d19cff.png,images/post/d0bab66f93d19cff.png,images/dnbr/d0bab66f93d19cff.png,geotiff/pre/d0bab66f93d19cff.tif,geotiff/post/d0bab66f93d19cff.tif,geotiff/dnbr/d0bab66f93d19cff.tif
MCD64A1.A2020061.h21v04.061.2021309111249_r1782_c172,2020-03-01,2020,3,61,MCD64A1.A2020061.h21v04.061.2021309111249,41.71380030509708,42.57291666282028,56,14.0,224,10,efd75f1c28d3a07d,neg,train,Asia,Georgia,41.67800488637673,42.50010709853682,0,90,herbaceous_wetland,wetland,temperate,N,temperate_other,S2B_MSIL2A_20200217T080959_R078_T37TGH_20200929T163318,S2B_MSIL2A_20200308T080749_R078_T37TGH_20200930T062018,2020-02-17T08:09:59.024000Z,2020-03-08T08:07:49.024000Z,2020-02-17,2020-03-08,2.17,-13,7,12.694522,0.723878,0.9999202806122449,0.9996811224489796,-0.013419881463050842,-0.0052902838215231895,0.07638684660196304,-0.03305363655090332,0.02038467302918434,0.0433650016784668,-1.0913411378860474,0.25459158420562744,0.9996811224489796,0.011818399234693877,0.0,0.0,1,unburned_or_regrowth,-1,not_applicable,png,images/pre/efd75f1c28d3a07d.png,images/post/efd75f1c28d3a07d.png,images/dnbr/efd75f1c28d3a07d.png,geotiff/pre/efd75f1c28d3a07d.tif,geotiff/post/efd75f1c28d3a07d.tif,geotiff/dnbr/efd75f1c28d3a07d.tif
MCD64A1.A2017274.h30v09.061.2021313073548_r2256_c685,2017-10-26,2017,10,299,MCD64A1.A2017274.h30v09.061.2021313073548,124.52914687063725,-9.402083332536783,56,14.0,224,10,1e9e456fbd2ba381,burn,val,Asia,Indonesia,124.52764766608097,-9.39791666587049,1,10,tree_cover,forest,tropical,S,tropical_moist,S2A_MSIL2A_20171001T020441_R017_T51LXK_20210202T121631,S2A_MSIL2A_20171031T020751_R017_T51LXK_20201015T031948,2017-10-01T02:04:41.026000Z,2017-10-31T02:07:51.026000Z,2017-10-01,2017-10-31,3.17,-25,5,2.463198,16.127651,1.0,0.9068080357142857,0.1897367388010025,0.1802954524755478,0.13996011018753052,0.08453252166509628,0.2954373061656952,0.3737550675868988,-0.41978970170021057,0.9276909232139587,0.9068080357142857,0.6354033801020408,0.28079161352040816,0.03045280612244898,2,low,0,low,png,images/pre/1e9e456fbd2ba381.png,images/post/1e9e456fbd2ba381.png,images/dnbr/1e9e456fbd2ba381.png,geotiff/pre/1e9e456fbd2ba381.tif,geotiff/post/1e9e456fbd2ba381.tif,geotiff/dnbr/1e9e456fbd2ba381.tif
MCD64A1.A2017274.h30v09.061.2021313073548_r2256_c685,2017-10-26,2017,10,299,MCD64A1.A2017274.h30v09.061.2021313073548,124.52914687063725,-9.402083332536783,56,14.0,224,10,c3e921075bda4e2a,neg,val,Asia,Indonesia,124.41854720747354,-9.3979990085191,0,10,tree_cover,forest,tropical,S,tropical_moist,S2A_MSIL2A_20171001T020441_R017_T51LXK_20210202T121631,S2A_MSIL2A_20171031T020751_R017_T51LXK_20201015T031948,2017-10-01T02:04:41.026000Z,2017-10-31T02:07:51.026000Z,2017-10-01,2017-10-31,3.17,-25,5,2.463198,16.127651,1.0,0.861686862244898,-0.17984768748283386,-0.17807477712631226,0.12167129665613174,-0.26362302899360657,-0.1040862426161766,-0.028370913118124008,-0.589867889881134,0.4264160990715027,0.861686862244898,0.014847735969387755,0.0005978954081632653,0.0,1,unburned_or_regrowth,-1,not_applicable,png,images/pre/c3e921075bda4e2a.png,images/post/c3e921075bda4e2a.png,images/dnbr/c3e921075bda4e2a.png,geotiff/pre/c3e921075bda4e2a.tif,geotiff/post/c3e921075bda4e2a.tif,geotiff/dnbr/c3e921075bda4e2a.tif
MCD64A1.A2017274.h22v04.061.2021312153530_r1131_c1318,2017-10-30,2017,10,303,MCD64A1.A2017274.h22v04.061.2021312153530,64.66078433397308,45.285416662577504,97,24.25,224,10,20f0c3267fd758cd,burn,train,Asia,Kazakhstan,64.64067010553957,45.29374999591009,1,90,herbaceous_wetland,wetland,temperate,N,temperate_other,S2A_MSIL2A_20171008T064011_R120_T41TPL_20210202T153422,S2A_MSIL2A_20171107T064051_R120_T41TPL_20201014T183747,2017-10-08T06:40:11.026000Z,2017-11-07T06:40:51.026000Z,2017-10-08,2017-11-07,0.67,-22,8,2.473618,0.963157,1.0,1.0,0.32128405570983887,0.3168720006942749,0.2606920003890991,0.05432678014039993,0.5393780469894409,0.6707139015197754,-0.03974711894989014,1.212106704711914,1.0,0.6390505420918368,0.5342793367346939,0.38279257015306123,3,moderate,1,moderate,png,images/pre/20f0c3267fd758cd.png,images/post/20f0c3267fd758cd.png,images/dnbr/20f0c3267fd758cd.png,geotiff/pre/20f0c3267fd758cd.tif,geotiff/post/20f0c3267fd758cd.tif,geotiff/dnbr/20f0c3267fd758cd.tif
MCD64A1.A2017274.h22v04.061.2021312153530_r1131_c1318,2017-10-30,2017,10,303,MCD64A1.A2017274.h22v04.061.2021312153530,64.66078433397308,45.285416662577504,97,24.25,224,10,8ce823181916948b,neg,train,Asia,Kazakhstan,64.61018660873584,45.323640797886156,0,90,herbaceous_wetland,wetland,temperate,N,temperate_other,S2B_MSIL2A_20170923T063609_R120_T41TPL_20210202T084201,S2A_MSIL2A_20171107T064051_R120_T41TPL_20201014T183747,2017-09-23T06:36:09.027000Z,2017-11-07T06:40:51.026000Z,2017-09-23,2017-11-07,4.7,-37,8,1.317,0.963157,0.9999202806122449,0.9994419642857143,-1.614734355825931e-05,-0.0023572472855448723,0.02788694202899933,-0.01806410774588585,0.01459542941302061,0.034033581614494324,-0.11883454024791718,0.22693271934986115,0.9993622448979592,0.0045041454081632655,0.0,0.0,1,unburned_or_regrowth,-1,not_applicable,png,images/pre/8ce823181916948b.png,images/post/8ce823181916948b.png,images/dnbr/8ce823181916948b.png,geotiff/pre/8ce823181916948b.tif,geotiff/post/8ce823181916948b.tif,geotiff/dnbr/8ce823181916948b.tif
MCD64A1.A2019305.h29v09.061.2021309105913_r536_c1075,2019-11-01,2019,11,305,MCD64A1.A2019305.h29v09.061.2021309105913,114.56843696405463,-2.235416666511556,12,3.0,224,10,cef3438b01dbeef3,burn,train,Asia,Indonesia,114.56042279198132,-2.23958333317785,1,20,shrubland,shrubland_chaparral,tropical,S,tropical_dry,S2A_MSIL2A_20191023T022741_R046_T49MHT_20201004T051520,S2B_MSIL2A_20191117T022949_R046_T50MKC_20201003T172404,2019-10-23T02:27:41.024000Z,2019-11-17T02:29:49.024000Z,2019-10-23,2019-11-17,2.13,-9,16,5.466862,14.570681,0.9200414540816326,0.8058035714285714,0.5944870710372925,0.717362642288208,0.31793662905693054,0.46509408950805664,0.8177165389060974,0.8998550772666931,-1.236154317855835,1.099927544593811,0.7688934948979592,0.6349649234693877,0.6098732461734694,0.5832270408163265,4,high,2,high,png,images/pre/cef3438b01dbeef3.png,images/post/cef3438b01dbeef3.png,images/dnbr/cef3438b01dbeef3.png,geotiff/pre/cef3438b01dbeef3.tif,geotiff/post/cef3438b01dbeef3.tif,geotiff/dnbr/cef3438b01dbeef3.tif
MCD64A1.A2019305.h29v09.061.2021309105913_r536_c1075,2019-11-01,2019,11,305,MCD64A1.A2019305.h29v09.061.2021309105913,114.56843696405463,-2.235416666511556,12,3.0,224,10,b1aff8d5c908e474,neg,train,Asia,Indonesia,114.5227392603492,-2.185216880412065,0,20,shrubland,shrubland_chaparral,tropical,S,tropical_dry,S2A_MSIL2A_20191023T022741_R046_T49MHT_20201004T051520,S2B_MSIL2A_20191117T022949_R046_T50MKC_20201003T172404,2019-10-23T02:27:41.024000Z,2019-11-17T02:29:49.024000Z,2019-10-23,2019-11-17,2.13,-9,16,5.466862,14.570681,0.9929846938775511,1.0,-0.03646285459399223,-0.03684060275554657,0.02364334650337696,-0.04906463623046875,-0.024021238088607788,-0.009815998375415802,-0.3123195171356201,0.1951073408126831,0.9929846938775511,0.0013552295918367347,0.0,0.0,1,unburned_or_regrowth,-1,not_applicable,png,images/pre/b1aff8d5c908e474.png,images/post/b1aff8d5c908e474.png,images/dnbr/b1aff8d5c908e474.png,geotiff/pre/b1aff8d5c908e474.tif,geotiff/post/b1aff8d5c908e474.tif,geotiff/dnbr/b1aff8d5c908e474.tif
MCD64A1.A2020061.h22v04.061.2021309111302_r1024_c748,2020-03-23,2020,3,83,MCD64A1.A2020061.h22v04.061.2021309111302,61.77251586563557,45.73124999587093,379,94.75,224,10,89860a80a2d37e32,burn,train,Asia,Kazakhstan,61.84685780765342,45.72291666253834,1,90,herbaceous_wetland,wetland,temperate,N,temperate_other,S2A_MSIL2A_20200228T064821_R020_T41TML_20200928T221054,S2A_MSIL2A_20200329T064621_R020_T41TML_20201020T213347,2020-02-28T06:48:21.024000Z,2020-03-29T06:46:21.024000Z,2020-02-28,2020-03-29,2.0,-24,6,0.509789,6.721712,0.974250637755102,0.9908721301020408,0.1757979840040207,0.1112782210111618,0.18559053540229797,0.046381138265132904,0.26367804408073425,0.4004058241844177,-0.40602535009384155,1.1984376907348633,0.9651227678571429,0.5227000956632653,0.2331592793367347,0.07736766581632654,2,low,0,low,png,images/pre/89860a80a2d37e32.png,images/post/89860a80a2d37e32.png,images/dnbr/89860a80a2d37e32.png,geotiff/pre/89860a80a2d37e32.tif,geotiff/post/89860a80a2d37e32.tif,geotiff/dnbr/89860a80a2d37e32.tif
MCD64A1.A2020061.h22v04.061.2021309111302_r1024_c748,2020-03-23,2020,3,83,MCD64A1.A2020061.h22v04.061.2021309111302,61.77251586563557,45.73124999587093,379,94.75,224,10,c96c36e8b3c5c9f2,neg,train,Asia,Kazakhstan,61.58373323506253,45.67042665443775,0,30,grassland,grassland_savanna,temperate,N,temperate_other,S2B_MSIL2A_20200213T064959_R020_T41TLL_20201001T220237,S2A_MSIL2A_20200501T065631_R063_T41TLL_20200920T005211,2020-02-13T06:49:59.024000Z,2020-05-01T06:56:31.024000Z,2020-02-13,2020-05-01,6.53,-39,39,15.500171,10.849269,0.9943797831632653,0.8916414221938775,0.004564989823848009,0.0013290271162986755,0.04876835644245148,-0.019793320447206497,0.028709301725029945,0.060891274362802505,-0.4560019373893738,0.1884383261203766,0.8878946109693877,0.02303890306122449,0.0,0.0,1,unburned_or_regrowth,-1,not_applicable,png,images/pre/c96c36e8b3c5c9f2.png,images/post/c96c36e8b3c5c9f2.png,images/dnbr/c96c36e8b3c5c9f2.png,geotiff/pre/c96c36e8b3c5c9f2.tif,geotiff/post/c96c36e8b3c5c9f2.tif,geotiff/dnbr/c96c36e8b3c5c9f2.tif
MCD64A1.A2020245.h20v05.061.2021309112057_r902_c2173,2020-09-01,2020,9,245,MCD64A1.A2020245.h20v05.061.2021309112057,36.025261368748,36.239583330053804,208,52.0,224,10,0434f9c2813632d1,burn,train,Asia,Turkey,36.04075943773859,36.239583330053804,1,10,tree_cover,forest,temperate,N,temperate_forest,S2A_MSIL2A_20200823T081611_R121_T37SBA_20200827T042324,S2B_MSIL2A_20200907T081609_R121_T37SBA_20200911T183958,2020-08-23T08:16:11.024000Z,2020-09-07T08:16:09.024000Z,2020-08-23,2020-09-07,0.03,-9,6,0.347129,0.645874,0.9994419642857143,0.9458705357142857,0.29944634437561035,0.1587989628314972,0.3058193325996399,0.03537682443857193,0.5805836915969849,0.7240551114082336,-0.23918694257736206,1.3592435121536255,0.9453922193877551,0.5331034757653061,0.42380819515306123,0.3440688775510204,3,moderate,1,moderate,png,images/pre/0434f9c2813632d1.png,images/post/0434f9c2813632d1.png,images/dnbr/0434f9c2813632d1.png,geotiff/pre/0434f9c2813632d1.tif,geotiff/post/0434f9c2813632d1.tif,geotiff/dnbr/0434f9c2813632d1.tif
MCD64A1.A2020245.h20v05.061.2021309112057_r902_c2173,2020-09-01,2020,9,245,MCD64A1.A2020245.h20v05.061.2021309112057,36.025261368748,36.239583330053804,208,52.0,224,10,7c3c1375ccfc99f0,neg,train,Asia,Turkey,35.91975839146047,36.2959989832467,0,30,grassland,grassland_savanna,temperate,N,temperate_other,S2A_MSIL2A_20200823T081611_R121_T37SBA_20200827T042324,S2B_MSIL2A_20201007T081759_R121_T37SBA_20201010T082328,2020-08-23T08:16:11.024000Z,2020-10-07T08:17:59.024000Z,2020-08-23,2020-10-07,1.8,-9,36,0.347129,0.176101,1.0,1.0,0.010649715550243855,0.0067795515060424805,0.040355585515499115,-0.013723775744438171,0.031302548944950104,0.05851121246814728,-0.42231881618499756,0.36451053619384766,1.0,0.024932238520408163,0.00025908801020408165,0.0,1,unburned_or_regrowth,-1,not_applicable,png,images/pre/7c3c1375ccfc99f0.png,images/post/7c3c1375ccfc99f0.png,images/dnbr/7c3c1375ccfc99f0.png,geotiff/pre/7c3c1375ccfc99f0.tif,geotiff/post/7c3c1375ccfc99f0.tif,geotiff/dnbr/7c3c1375ccfc99f0.tif
MCD64A1.A2017182.h26v04.061.2021312132753_r750_c224,2017-07-03,2017,7,184,MCD64A1.A2017182.h26v04.061.2021312132753,118.39260695641374,46.87291666243541,1263,315.75,224,10,4f06d19877b3fb79,burn,train,Asia,Mongolia,118.31393569371606,46.922916662430936,1,90,herbaceous_wetland,wetland,temperate,N,temperate_other,S2A_MSIL2A_20170627T030541_R075_T50TNS_20210210T015837,S2B_MSIL2A_20170712T030539_R075_T50TNT_20210210T075500,2017-06-27T03:05:41.026000Z,2017-07-12T03:05:39.027000Z,2017-06-27,2017-07-12,0.03,-6,9,0.191177,0.154532,1.0,1.0,0.2756342887878418,0.21414008736610413,0.19401764869689941,0.14599455893039703,0.3260301351547241,0.6431374549865723,-0.0745047926902771,0.9506258964538574,1.0,0.9104153380102041,0.35022720025510207,0.1560905612244898,3,moderate,1,moderate,png,images/pre/4f06d19877b3fb79.png,images/post/4f06d19877b3fb79.png,images/dnbr/4f06d19877b3fb79.png,geotiff/pre/4f06d19877b3fb79.tif,geotiff/post/4f06d19877b3fb79.tif,geotiff/dnbr/4f06d19877b3fb79.tif
MCD64A1.A2017182.h26v04.061.2021312132753_r750_c224,2017-07-03,2017,7,184,MCD64A1.A2017182.h26v04.061.2021312132753,118.39260695641374,46.87291666243541,1263,315.75,224,10,78fb958fb0049388,neg,train,Asia,Mongolia,118.58302433918318,46.631675705323616,0,30,grassland,grassland_savanna,temperate,N,temperate_other,S2A_MSIL2A_20170614T025541_R032_T50TPS_20210209T224735,S2A_MSIL2A_20170724T025551_R032_T50TPS_20210210T133604,2017-06-14T02:55:41.026000Z,2017-07-24T02:55:51.026000Z,2017-06-14,2017-07-24,0.17,-19,21,0.255427,0.210781,0.9972496811224489,1.0,-0.22322314977645874,-0.14774607121944427,0.26067134737968445,-0.33157670497894287,-0.032744910567998886,0.010184656828641891,-1.24916672706604,0.2996608018875122,0.9972496811224489,0.0009765625,3.985969387755102e-05,0.0,1,unburned_or_regrowth,-1,not_applicable,png,images/pre/78fb958fb0049388.png,images/post/78fb958fb0049388.png,images/dnbr/78fb958fb0049388.png,geotiff/pre/78fb958fb0049388.tif,geotiff/post/78fb958fb0049388.tif,geotiff/dnbr/78fb958fb0049388.tif
MCD64A1.A2017182.h26v04.061.2021312132753_r760_c243,2017-07-03,2017,7,184,MCD64A1.A2017182.h26v04.061.2021312132753,118.41650629322713,46.83124999577248,1778,444.5,224,10,78c0e18f232cb2b2,burn,test,Asia,Mongolia,118.37649748059849,46.785416662443254,1,90,herbaceous_wetland,wetland,temperate,N,temperate_other,S2A_MSIL2A_20170627T030541_R075_T50TNS_20210210T015837,S2A_MSIL2A_20170717T030541_R075_T50TPS_20210210T101156,2017-06-27T03:05:41.026000Z,2017-07-17T03:05:41.026000Z,2017-06-27,2017-07-17,0.0,-6,14,0.191177,12.36011,1.0,0.9900350765306123,0.1846461296081543,0.16378265619277954,0.18275561928749084,0.04096612334251404,0.31107795238494873,0.4393368363380432,-0.250038206577301,0.8433274030685425,0.9900350765306123,0.6239437181122449,0.30701929209183676,0.09859295280612244,2,low,0,low,png,images/pre/78c0e18f232cb2b2.png,images/post/78c0e18f232cb2b2.png,images/dnbr/78c0e18f232cb2b2.png,geotiff/pre/78c0e18f232cb2b2.tif,geotiff/post/78c0e18f232cb2b2.tif,geotiff/dnbr/78c0e18f232cb2b2.tif
MCD64A1.A2017182.h26v04.061.2021312132753_r760_c243,2017-07-03,2017,7,184,MCD64A1.A2017182.h26v04.061.2021312132753,118.41650629322713,46.83124999577248,1778,444.5,224,10,53f99b5fedae9575,neg,test,Asia,Mongolia,118.84119289273524,46.68737791356013,0,30,grassland,grassland_savanna,temperate,N,temperate_other,S2A_MSIL2A_20170614T025541_R032_T50TPS_20210209T224735,S2A_MSIL2A_20170724T025551_R032_T50TPS_20210210T133604,2017-06-14T02:55:41.026000Z,2017-07-24T02:55:51.026000Z,2017-06-14,2017-07-24,0.17,-19,21,0.255427,0.210781,1.0,0.9750478316326531,-0.03904702141880989,-0.03163870424032211,0.04782857745885849,-0.06668417900800705,-0.0037485777866095304,0.0125198345631361,-0.31439894437789917,0.16777342557907104,0.9750478316326531,0.000896843112244898,0.0,0.0,1,unburned_or_regrowth,-1,not_applicable,png,images/pre/53f99b5fedae9575.png,images/post/53f99b5fedae9575.png,images/dnbr/53f99b5fedae9575.png,geotiff/pre/53f99b5fedae9575.tif,geotiff/post/53f99b5fedae9575.tif,geotiff/dnbr/53f99b5fedae9575.tif
MCD64A1.A2020061.h29v08.061.2021309111309_r1098_c1242,2020-03-19,2020,3,79,MCD64A1.A2020061.h29v08.061.2021309111309,115.69490545007955,5.422916666136332,10,2.5,224,10,0edf8dc50de71310,burn,test,Asia,Malaysia,115.69829242012551,5.418749999470037,1,20,shrubland,shrubland_chaparral,tropical,N,tropical_dry,S2B_MSIL2A_20200225T022659_R046_T50NLM_20200928T081022,S2B_MSIL2A_20200405T022549_R046_T50NLM_20200925T031138,2020-02-25T02:26:59.024000Z,2020-04-05T02:25:49.024000Z,2020-02-25,2020-04-05,1.17,-23,17,2.125571,4.903729,1.0,1.0,0.3090303838253021,0.07390289008617401,0.3616524040699005,0.021647214889526367,0.7051517963409424,0.851248025894165,-0.4064822196960449,1.1800448894500732,1.0,0.4674545599489796,0.39182079081632654,0.3540736607142857,3,moderate,1,moderate,png,images/pre/0edf8dc50de71310.png,images/post/0edf8dc50de71310.png,images/dnbr/0edf8dc50de71310.png,geotiff/pre/0edf8dc50de71310.tif,geotiff/post/0edf8dc50de71310.tif,geotiff/dnbr/0edf8dc50de71310.tif
MCD64A1.A2020061.h29v08.061.2021309111309_r1098_c1242,2020-03-19,2020,3,79,MCD64A1.A2020061.h29v08.061.2021309111309,115.69490545007955,5.422916666136332,10,2.5,224,10,ab9721341aa33e93,neg,test,Asia,Malaysia,115.65288223902444,5.344499149848002,0,20,shrubland,shrubland_chaparral,tropical,N,tropical_dry,S2B_MSIL2A_20200225T022659_R046_T50NLM_20200928T081022,S2B_MSIL2A_20200405T022549_R046_T50NLM_20200925T031138,2020-02-25T02:26:59.024000Z,2020-04-05T02:25:49.024000Z,2020-02-25,2020-04-05,1.17,-23,17,2.125571,4.903729,0.8080357142857143,0.8080357142857143,0.009299198165535927,0.016411960124969482,0.06424813717603683,-0.0002461671829223633,0.03409162163734436,0.05531490594148636,-0.8991308212280273,0.6655324697494507,0.8080357142857143,0.013871173469387755,0.0009367028061224489,0.0001992984693877551,1,unburned_or_regrowth,-1,not_applicable,png,images/pre/ab9721341aa33e93.png,images/post/ab9721341aa33e93.png,images/dnbr/ab9721341aa33e93.png,geotiff/pre/ab9721341aa33e93.tif,geotiff/post/ab9721341aa33e93.tif,geotiff/dnbr/ab9721341aa33e93.tif
MCD64A1.A2020061.h25v07.061.2021309111317_r953_c1315,2020-03-24,2020,3,84,MCD64A1.A2020061.h25v07.061.2021309111317,78.53375523100908,16.027083331859316,69,17.25,224,10,7213790dcc771761,burn,train,Asia,India,78.5467607382097,16.027083331859316,1,20,shrubland,shrubland_chaparral,tropical,N,tropical_dry,S2B_MSIL2A_20200304T050709_R019_T44PKC_20200928T132644,S2A_MSIL2A_20200329T050651_R019_T44PKC_20201020T215514,2020-03-04T05:07:09.024000Z,2020-03-29T05:06:51.024000Z,2020-03-04,2020-03-29,0.3,-20,5,1.629291,0.027379,1.0,1.0,0.1690446138381958,0.1891409456729889,0.10612200945615768,0.07289018481969833,0.25520461797714233,0.2977079153060913,-0.15775613486766815,0.7032874226570129,1.0,0.6705795599489796,0.19090800382653061,0.0005978954081632653,2,low,0,low,png,images/pre/7213790dcc771761.png,images/post/7213790dcc771761.png,images/dnbr/7213790dcc771761.png,geotiff/pre/7213790dcc771761.tif,geotiff/post/7213790dcc771761.tif,geotiff/dnbr/7213790dcc771761.tif
MCD64A1.A2020061.h25v07.061.2021309111317_r953_c1315,2020-03-24,2020,3,84,MCD64A1.A2020061.h25v07.061.2021309111317,78.53375523100908,16.027083331859316,69,17.25,224,10,798079341e8e13f1,neg,train,Asia,India,78.4564471608456,16.039765966337313,0,20,shrubland,shrubland_chaparral,tropical,N,tropical_dry,S2B_MSIL2A_20200304T050709_R019_T44PKC_20200928T132644,S2A_MSIL2A_20200329T050651_R019_T44PKC_20201020T215514,2020-03-04T05:07:09.024000Z,2020-03-29T05:06:51.024000Z,2020-03-04,2020-03-29,0.3,-20,5,1.629291,0.027379,1.0,1.0,0.03482385724782944,0.03115566074848175,0.027641059830784798,0.01563548482954502,0.05040131136775017,0.07034344226121902,-0.0666363462805748,0.3438509404659271,1.0,0.02307876275510204,0.00013950892857142856,0.0,1,unburned_or_regrowth,-1,not_applicable,png,images/pre/798079341e8e13f1.png,images/post/798079341e8e13f1.png,images/dnbr/798079341e8e13f1.png,geotiff/pre/798079341e8e13f1.tif,geotiff/post/798079341e8e13f1.tif,geotiff/dnbr/798079341e8e13f1.tif
MCD64A1.A2020245.h30v09.061.2021309112110_r2058_c1157,2020-09-03,2020,9,247,MCD64A1.A2020245.h30v09.061.2021309112110,126.23471155636899,-8.577083332610624,14,3.5,224,10,c1a8c5b88b30d393,burn,train,Asia,East Timor,126.24596855039205,-8.57291666594433,1,10,tree_cover,forest,tropical,S,tropical_moist,S2A_MSIL2A_20200813T015631_R117_T51LZL_20200815T012807,S2A_MSIL2A_20200912T015621_R117_T51LZL_20200918T145412,2020-08-13T01:56:31.024000Z,2020-09-12T01:56:21.024000Z,2020-08-13,2020-09-12,0.17,-21,9,0.160517,8.780495,1.0,0.9090202487244898,0.18323925137519836,0.17457765340805054,0.12208405137062073,0.10291862487792969,0.25613167881965637,0.3387068212032318,-0.34000617265701294,1.0447856187820435,0.9090202487244898,0.6893933354591837,0.19706632653061223,0.02285953443877551,2,low,0,low,png,images/pre/c1a8c5b88b30d393.png,images/post/c1a8c5b88b30d393.png,images/dnbr/c1a8c5b88b30d393.png,geotiff/pre/c1a8c5b88b30d393.tif,geotiff/post/c1a8c5b88b30d393.tif,geotiff/dnbr/c1a8c5b88b30d393.tif
MCD64A1.A2020245.h30v09.061.2021309112110_r2058_c1157,2020-09-03,2020,9,247,MCD64A1.A2020245.h30v09.061.2021309112110,126.23471155636899,-8.577083332610624,14,3.5,224,10,c74c463327e00007,neg,train,Asia,East Timor,126.18058025709985,-8.536519255702007,0,10,tree_cover,forest,tropical,S,tropical_moist,S2A_MSIL2A_20200813T015631_R117_T51LZL_20200815T012807,S2A_MSIL2A_20200912T015621_R117_T51LZL_20200918T145412,2020-08-13T01:56:31.024000Z,2020-09-12T01:56:21.024000Z,2020-08-13,2020-09-12,0.17,-21,9,0.160517,8.780495,0.9849330357142857,0.9347895408163265,-0.021671989932656288,-0.016172753646969795,0.062437284737825394,-0.03338097780942917,0.0011422685347497463,0.026799999177455902,-0.4692370295524597,0.3857116401195526,0.9230707908163265,0.017518335459183673,0.0013751594387755102,0.0,1,unburned_or_regrowth,-1,not_applicable,png,images/pre/c74c463327e00007.png,images/post/c74c463327e00007.png,images/dnbr/c74c463327e00007.png,geotiff/pre/c74c463327e00007.tif,geotiff/post/c74c463327e00007.tif,geotiff/dnbr/c74c463327e00007.tif
MCD64A1.A2020061.h25v07.061.2021309111317_r1431_c1339,2020-03-30,2020,3,90,MCD64A1.A2020061.h25v07.061.2021309111317,77.90708820965914,14.035416665369116,80,20.0,224,10,50c667148c46b19e,burn,train,Asia,India,77.91567798205745,14.035416665369116,1,20,shrubland,shrubland_chaparral,tropical,N,tropical_dry,S2B_MSIL2A_20200324T050649_R019_T43PHR_20201018T223742,S2B_MSIL2A_20200413T050649_R019_T43PHR_20200923T090606,2020-03-24T05:06:49.024000Z,2020-04-13T05:06:49.024000Z,2020-03-24,2020-04-13,0.0,-6,14,0.026576,0.020544,1.0,1.0,0.17311909794807434,0.18674099445343018,0.07290453463792801,0.13886378705501556,0.22385084629058838,0.2535780072212219,-0.09748852998018265,0.38047635555267334,1.0,0.842414700255102,0.04986447704081633,0.0,2,low,0,low,png,images/pre/50c667148c46b19e.png,images/post/50c667148c46b19e.png,images/dnbr/50c667148c46b19e.png,geotiff/pre/50c667148c46b19e.tif,geotiff/post/50c667148c46b19e.tif,geotiff/dnbr/50c667148c46b19e.tif
MCD64A1.A2020061.h25v07.061.2021309111317_r1431_c1339,2020-03-30,2020,3,90,MCD64A1.A2020061.h25v07.061.2021309111317,77.90708820965914,14.035416665369116,80,20.0,224,10,f19d63cbcdee60a9,neg,train,Asia,India,77.84366786113996,14.065692104396026,0,20,shrubland,shrubland_chaparral,tropical,N,tropical_dry,S2B_MSIL2A_20200324T050649_R019_T43PHR_20201018T223742,S2B_MSIL2A_20200413T050649_R019_T43PHR_20200923T090606,2020-03-24T05:06:49.024000Z,2020-04-13T05:06:49.024000Z,2020-03-24,2020-04-13,0.0,-6,14,0.026576,0.020544,1.0,1.0,0.02722897008061409,0.026214145123958588,0.018027624115347862,0.016092706471681595,0.03714069351553917,0.04899304360151291,-0.0804821252822876,0.19018080830574036,1.0,0.0024513711734693877,0.0,0.0,1,unburned_or_regrowth,-1,not_applicable,png,images/pre/f19d63cbcdee60a9.png,images/post/f19d63cbcdee60a9.png,images/dnbr/f19d63cbcdee60a9.png,geotiff/pre/f19d63cbcdee60a9.tif,geotiff/post/f19d63cbcdee60a9.tif,geotiff/dnbr/f19d63cbcdee60a9.tif
MCD64A1.A2020032.h29v07.061.2021309111150_r968_c1266,2020-02-11,2020,2,42,MCD64A1.A2020032.h29v07.061.2021309111150,119.90145535578432,15.96458333186485,6,1.5,224,10,2312d8dc6afecf55,burn,train,Asia,Philippines,119.90080158753952,15.956249998532256,1,10,tree_cover,forest,tropical,N,tropical_moist,S2B_MSIL2A_20200116T023029_R046_T50PRC_20201002T192655,S2A_MSIL2A_20200220T022731_R046_T50PRC_20200930T025137,2020-01-16T02:30:29.024000Z,2020-02-20T02:27:31.024000Z,2020-01-16,2020-02-20,2.97,-26,9,0.436741,0.212681,1.0,1.0,0.217844158411026,0.1094893217086792,0.21524779498577118,0.04808652400970459,0.41276705265045166,0.55717533826828,-0.3458791971206665,0.8392969369888306,1.0,0.5264867665816326,0.35829878826530615,0.22674186862244897,2,low,0,low,png,images/pre/2312d8dc6afecf55.png,images/post/2312d8dc6afecf55.png,images/dnbr/2312d8dc6afecf55.png,geotiff/pre/2312d8dc6afecf55.tif,geotiff/post/2312d8dc6afecf55.tif,geotiff/dnbr/2312d8dc6afecf55.tif
MCD64A1.A2020032.h29v07.061.2021309111150_r968_c1266,2020-02-11,2020,2,42,MCD64A1.A2020032.h29v07.061.2021309111150,119.90145535578432,15.96458333186485,6,1.5,224,10,21ff69e9b693cf90,neg,train,Asia,Philippines,119.98412892047891,15.90751806433706,0,10,tree_cover,forest,tropical,N,tropical_moist,S2B_MSIL2A_20200116T023029_R046_T50PRC_20201002T192655,S2A_MSIL2A_20200220T022731_R046_T50PRC_20200930T025137,2020-01-16T02:30:29.024000Z,2020-02-20T02:27:31.024000Z,2020-01-16,2020-02-20,2.97,-26,9,0.436741,0.212681,1.0,1.0,0.017064785584807396,0.013654753565788269,0.042975883930921555,-0.005297496914863586,0.03719595819711685,0.0610150545835495,-0.5299938917160034,0.5659406185150146,1.0,0.016741071428571428,0.0028300382653061226,0.0007573341836734694,1,unburned_or_regrowth,-1,not_applicable,png,images/pre/21ff69e9b693cf90.png,images/post/21ff69e9b693cf90.png,images/dnbr/21ff69e9b693cf90.png,geotiff/pre/21ff69e9b693cf90.tif,geotiff/post/21ff69e9b693cf90.tif,geotiff/dnbr/21ff69e9b693cf90.tif
MCD64A1.A2020061.h26v06.061.2021309111316_r1294_c1497,2020-03-28,2020,3,88,MCD64A1.A2020061.h26v06.061.2021309111316,94.85313020783767,24.606249997761687,994,248.5,224,10,35ee3159c198c5fd,burn,test,Asia,Myanmar,94.73570501398869,24.614583331094277,1,10,tree_cover,forest,subtropical,N,subtropical,S2A_MSIL2A_20200311T040551_R047_T46RFN_20201005T175640,S2B_MSIL2A_20200405T040539_R047_T46RFN_20200925T031847,2020-03-11T04:05:51.024000Z,2020-04-05T04:05:39.024000Z,2020-03-11,2020-04-05,0.2,-17,8,0.21407,0.230477,1.0,1.0,0.30603253841400146,0.3054865896701813,0.13304750621318817,0.2037297487258911,0.4158211946487427,0.4736586809158325,-0.2108258157968521,1.0811009407043457,1.0,0.9357063137755102,0.5851203762755102,0.18395248724489796,3,moderate,1,moderate,png,images/pre/35ee3159c198c5fd.png,images/post/35ee3159c198c5fd.png,images/dnbr/35ee3159c198c5fd.png,geotiff/pre/35ee3159c198c5fd.tif,geotiff/post/35ee3159c198c5fd.tif,geotiff/dnbr/35ee3159c198c5fd.tif
MCD64A1.A2020061.h26v06.061.2021309111316_r1294_c1497,2020-03-28,2020,3,88,MCD64A1.A2020061.h26v06.061.2021309111316,94.85313020783767,24.606249997761687,994,248.5,224,10,c20c82a36ac55789,neg,test,Asia,Myanmar,94.54492769153809,24.83128888396619,0,10,tree_cover,forest,subtropical,N,subtropical,S2B_MSIL2A_20200218T041829_R090_T46RFN_20200929T202505,S2A_MSIL2A_20200413T041551_R090_T46RFN_20200923T072118,2020-02-18T04:18:29.024000Z,2020-04-13T04:15:51.024000Z,2020-02-18,2020-04-13,2.63,-39,16,0.98391,5.786863,1.0,1.0,0.027365176007151604,0.030852407217025757,0.04297921806573868,0.0038215070962905884,0.05266328155994415,0.07314899563789368,-0.25227120518684387,0.6553902626037598,1.0,0.02503188775510204,0.0012555803571428572,0.0006377551020408163,1,unburned_or_regrowth,-1,not_applicable,png,images/pre/c20c82a36ac55789.png,images/post/c20c82a36ac55789.png,images/dnbr/c20c82a36ac55789.png,geotiff/pre/c20c82a36ac55789.tif,geotiff/post/c20c82a36ac55789.tif,geotiff/dnbr/c20c82a36ac55789.tif
MCD64A1.A2020245.h21v05.061.2021309112111_r593_c832,2020-09-15,2020,9,259,MCD64A1.A2020245.h21v05.061.2021309112111,42.20174782599428,37.52708332993857,52,13.0,224,10,75f8f530a1877452,burn,val,Asia,Turkey,42.22040516350669,37.52291666327228,1,20,shrubland,shrubland_chaparral,temperate,N,temperate_other,S2A_MSIL2A_20200906T075611_R035_T37SGB_20200919T072424,S2B_MSIL2A_20201001T075739_R035_T38SKG_20201004T141019,2020-09-06T07:56:11.024000Z,2020-10-01T07:57:39.024000Z,2020-09-06,2020-10-01,1.47,-9,16,0.036055,0.038474,1.0,1.0,0.1670781672000885,0.15501201152801514,0.1716732531785965,0.017315935343503952,0.3086273670196533,0.4030715525150299,-0.3496192991733551,0.6885738372802734,1.0,0.576789700255102,0.32095025510204084,0.05901227678571429,2,low,0,low,png,images/pre/75f8f530a1877452.png,images/post/75f8f530a1877452.png,images/dnbr/75f8f530a1877452.png,geotiff/pre/75f8f530a1877452.tif,geotiff/post/75f8f530a1877452.tif,geotiff/dnbr/75f8f530a1877452.tif
MCD64A1.A2020245.h21v05.061.2021309112111_r593_c832,2020-09-15,2020,9,259,MCD64A1.A2020245.h21v05.061.2021309112111,42.20174782599428,37.52708332993857,52,13.0,224,10,bb52491bc5bbe473,neg,val,Asia,Turkey,42.12297660971103,37.54008831788759,0,20,shrubland,shrubland_chaparral,temperate,N,temperate_other,S2A_MSIL2A_20200906T075611_R035_T37SGB_20200919T072424,S2A_MSIL2A_20201016T075921_R035_T37SGB_20201027T130930,2020-09-06T07:56:11.024000Z,2020-10-16T07:59:21.024000Z,2020-09-06,2020-10-16,3.17,-9,31,0.036055,0.032521,1.0,1.0,-0.04424884915351868,-0.044554099440574646,0.032295212149620056,-0.0636751800775528,-0.027185603976249695,-0.009234685450792313,-0.21158629655838013,0.2042621523141861,1.0,0.0022520727040816328,0.0,0.0,1,unburned_or_regrowth,-1,not_applicable,png,images/pre/bb52491bc5bbe473.png,images/post/bb52491bc5bbe473.png,images/dnbr/bb52491bc5bbe473.png,geotiff/pre/bb52491bc5bbe473.tif,geotiff/post/bb52491bc5bbe473.tif,geotiff/dnbr/bb52491bc5bbe473.tif
MCD64A1.A2020061.h26v06.061.2021309111316_r1922_c1712,2020-03-09,2020,3,69,MCD64A1.A2020061.h26v06.061.2021309111316,93.97167313701975,21.989583331329225,2374,593.5,224,10,867644c21e94e7fd,burn,val,Asia,Myanmar,94.01251260435674,21.95624999799887,1,10,tree_cover,forest,tropical,N,tropical_moist,S2B_MSIL2A_20200215T040839_R047_T46QEK_20201002T015952,S2B_MSIL2A_20200326T040539_R047_T46QEK_20201027T105556,2020-02-15T04:08:39.024000Z,2020-03-26T04:05:39.024000Z,2020-02-15,2020-03-26,3.0,-23,17,0.000475,0.000665,1.0,1.0,0.4347722828388214,0.491492360830307,0.18828681111335754,0.41153714060783386,0.5481163263320923,0.5912837982177734,-0.49380460381507874,0.7840859293937683,1.0,0.9072664221938775,0.860710299744898,0.6830157844387755,3,moderate,1,moderate,png,images/pre/867644c21e94e7fd.png,images/post/867644c21e94e7fd.png,images/dnbr/867644c21e94e7fd.png,geotiff/pre/867644c21e94e7fd.tif,geotiff/post/867644c21e94e7fd.tif,geotiff/dnbr/867644c21e94e7fd.tif
MCD64A1.A2020061.h26v06.061.2021309111316_r1922_c1712,2020-03-09,2020,3,69,MCD64A1.A2020061.h26v06.061.2021309111316,93.97167313701975,21.989583331329225,2374,593.5,224,10,4ab89ae51378f2f6,neg,val,Asia,Myanmar,93.84333358442106,21.63017568938096,0,10,tree_cover,forest,tropical,N,tropical_moist,S2B_MSIL2A_20200218T041829_R090_T46QEJ_20200929T202439,S2B_MSIL2A_20200329T041549_R090_T46QEJ_20201020T220631,2020-02-18T04:18:29.024000Z,2020-03-29T04:15:49.024000Z,2020-02-18,2020-03-29,2.67,-20,20,0.00771,0.002456,1.0,1.0,-0.01988888718187809,-0.022147029638290405,0.046163804829120636,-0.05022825300693512,0.008716404438018799,0.040217310190200806,-0.2257070243358612,0.2104817032814026,1.0,0.008270886479591837,0.0,0.0,1,unburned_or_regrowth,-1,not_applicable,png,images/pre/4ab89ae51378f2f6.png,images/post/4ab89ae51378f2f6.png,images/dnbr/4ab89ae51378f2f6.png,geotiff/pre/4ab89ae51378f2f6.tif,geotiff/post/4ab89ae51378f2f6.tif,geotiff/dnbr/4ab89ae51378f2f6.tif
MCD64A1.A2020032.h28v07.061.2021309111157_r1322_c721,2020-02-19,2020,2,50,MCD64A1.A2020032.h28v07.061.2021309111157,106.3901872773363,14.489583331995542,199,49.75,224,10,624ca51b59c8addc,burn,train,Asia,Laos,106.41911549076498,14.522916665325921,1,10,tree_cover,forest,tropical,N,tropical_moist,S2A_MSIL2A_20200205T031921_R118_T48PXB_20200930T212857,S2A_MSIL2A_20200225T031711_R118_T48PXB_20200928T061219,2020-02-05T03:19:21.024000Z,2020-02-25T03:17:11.024000Z,2020-02-05,2020-02-25,2.17,-14,6,0.122262,0.202401,1.0,1.0,0.18302009999752045,0.19347193837165833,0.10659274458885193,0.10809705406427383,0.2600271999835968,0.316851407289505,-0.1751285344362259,0.5019461512565613,1.0,0.7692920918367347,0.21619897959183673,0.0018136160714285715,2,low,0,low,png,images/pre/624ca51b59c8addc.png,images/post/624ca51b59c8addc.png,images/dnbr/624ca51b59c8addc.png,geotiff/pre/624ca51b59c8addc.tif,geotiff/post/624ca51b59c8addc.tif,geotiff/dnbr/624ca51b59c8addc.tif
MCD64A1.A2020032.h28v07.061.2021309111157_r1322_c721,2020-02-19,2020,2,50,MCD64A1.A2020032.h28v07.061.2021309111157,106.3901872773363,14.489583331995542,199,49.75,224,10,971b6ea92647d642,neg,train,Asia,Laos,106.50542575042815,14.398948271063842,0,10,tree_cover,forest,tropical,N,tropical_moist,S2A_MSIL2A_20200106T032121_R118_T48PXA_20201002T233051,S2A_MSIL2A_20200225T031711_R118_T48PXA_20200928T061218,2020-01-06T03:21:21.024000Z,2020-02-25T03:17:11.024000Z,2020-01-06,2020-02-25,4.17,-44,6,0.006111,0.011775,1.0,1.0,0.0029953632038086653,0.002783745527267456,0.022758636623620987,-0.0098971426486969,0.015086010098457336,0.02751275897026062,-0.1376151442527771,0.21065980195999146,1.0,0.003966039540816327,0.0,0.0,1,unburned_or_regrowth,-1,not_applicable,png,images/pre/971b6ea92647d642.png,images/post/971b6ea92647d642.png,images/dnbr/971b6ea92647d642.png,geotiff/pre/971b6ea92647d642.tif,geotiff/post/971b6ea92647d642.tif,geotiff/dnbr/971b6ea92647d642.tif
MCD64A1.A2017182.h25v04.061.2021312132719_r366_c328,2017-07-16,2017,7,197,MCD64A1.A2017182.h25v04.061.2021312132719,107.64939488994007,48.472916662292214,248,62.0,224,10,adfe00e42ec48d34,burn,train,Asia,Mongolia,107.67475833124199,48.49374999562368,1,10,tree_cover,forest,temperate,N,temperate_forest,S2A_MSIL2A_20170709T034531_R104_T48UXU_20210210T062855,S2A_MSIL2A_20170801T035541_R004_T48UXU_20210210T174112,2017-07-09T03:45:31.026000Z,2017-08-01T03:55:41.026000Z,2017-07-09,2017-08-01,10.17,-7,16,2.208053,27.746065,1.0,0.8577008928571429,0.593430757522583,0.7160295248031616,0.3776210844516754,0.2089979648590088,0.9005400538444519,1.0173739194869995,-0.19716763496398926,1.2186895608901978,0.8577008928571429,0.665397799744898,0.6315967793367347,0.5924944196428571,4,high,2,high,png,images/pre/adfe00e42ec48d34.png,images/post/adfe00e42ec48d34.png,images/dnbr/adfe00e42ec48d34.png,geotiff/pre/adfe00e42ec48d34.tif,geotiff/post/adfe00e42ec48d34.tif,geotiff/dnbr/adfe00e42ec48d34.tif
MCD64A1.A2017182.h25v04.061.2021312132719_r366_c328,2017-07-16,2017,7,197,MCD64A1.A2017182.h25v04.061.2021312132719,107.64939488994007,48.472916662292214,248,62.0,224,10,6d8d804bc3431be5,neg,train,Asia,Mongolia,107.80272544745344,48.573504535751674,0,30,grassland,grassland_savanna,temperate,N,temperate_other,S2A_MSIL2A_20170602T035541_R004_T48UXU_20210209T195129,S2B_MSIL2A_20170826T035529_R004_T48UXU_20210201T113105,2017-06-02T03:55:41.026000Z,2017-08-26T03:55:29.027000Z,2017-06-02,2017-08-26,0.2,-44,41,0.97368,7.317627,0.9962930484693877,1.0,-0.1330837607383728,-0.06659345328807831,0.16197693347930908,-0.2658321261405945,-0.002620384097099304,0.022091513499617577,-0.8661549091339111,0.3580736219882965,0.9962930484693877,0.007613201530612245,0.00027901785714285713,0.0,1,unburned_or_regrowth,-1,not_applicable,png,images/pre/6d8d804bc3431be5.png,images/post/6d8d804bc3431be5.png,images/dnbr/6d8d804bc3431be5.png,geotiff/pre/6d8d804bc3431be5.tif,geotiff/post/6d8d804bc3431be5.tif,geotiff/dnbr/6d8d804bc3431be5.tif
MCD64A1.A2019305.h28v06.061.2021309105910_r975_c819,2019-11-15,2019,11,319,MCD64A1.A2019305.h28v06.061.2021309105910,114.99611793950557,25.935416664309393,22,5.5,224,10,c6743b13409e45d3,burn,train,Asia,China,115.00131752885581,25.931249997643096,1,10,tree_cover,forest,subtropical,N,subtropical,S2A_MSIL2A_20191101T025841_R032_T50RKP_20201003T114640,S2A_MSIL2A_20191121T030021_R032_T50RKP_20201003T183047,2019-11-01T02:58:41.024000Z,2019-11-21T03:00:21.024000Z,2019-11-01,2019-11-21,1.67,-14,6,0.24688,0.295639,0.9935825892857143,0.8280452806122449,0.16441680490970612,0.10301478952169418,0.16360057890415192,0.030816227197647095,0.27516117691993713,0.41406023502349854,-0.1468678116798401,0.7589335441589355,0.8275271045918368,0.41858657525510207,0.21135602678571427,0.06624681122448979,2,low,0,low,png,images/pre/c6743b13409e45d3.png,images/post/c6743b13409e45d3.png,images/dnbr/c6743b13409e45d3.png,geotiff/pre/c6743b13409e45d3.tif,geotiff/post/c6743b13409e45d3.tif,geotiff/dnbr/c6743b13409e45d3.tif
MCD64A1.A2019305.h28v06.061.2021309105910_r975_c819,2019-11-15,2019,11,319,MCD64A1.A2019305.h28v06.061.2021309105910,114.99611793950557,25.935416664309393,22,5.5,224,10,82319eb5ed6c347b,neg,train,Asia,China,114.95437188936782,25.95199580773767,0,10,tree_cover,forest,subtropical,N,subtropical,S2A_MSIL2A_20191101T025841_R032_T50RKP_20201003T114640,S2A_MSIL2A_20191211T030121_R032_T50RKP_20201003T032522,2019-11-01T02:58:41.024000Z,2019-12-11T03:01:21.024000Z,2019-11-01,2019-12-11,2.67,-14,26,0.24688,0.227995,0.9901546556122449,0.9711017219387755,-0.029739195480942726,0.0054117292165756226,0.12230374664068222,-0.028385289013385773,0.0314498171210289,0.05744398385286331,-0.5020210146903992,0.4515978693962097,0.9652423469387755,0.02307876275510204,0.001833545918367347,1.992984693877551e-05,1,unburned_or_regrowth,-1,not_applicable,png,images/pre/82319eb5ed6c347b.png,images/post/82319eb5ed6c347b.png,images/dnbr/82319eb5ed6c347b.png,geotiff/pre/82319eb5ed6c347b.tif,geotiff/post/82319eb5ed6c347b.tif,geotiff/dnbr/82319eb5ed6c347b.tif
MCD64A1.A2020061.h25v07.061.2021309111317_r1278_c1584,2020-03-27,2020,3,87,MCD64A1.A2020061.h25v07.061.2021309111317,79.184479695236,14.67291666531263,45,11.25,224,10,175f038daf64c474,burn,val,Asia,India,79.19309396048065,14.67291666531263,1,10,tree_cover,forest,tropical,N,tropical_moist,S2A_MSIL2A_20200319T050651_R019_T44PKB_20201012T174037,S2B_MSIL2A_20200403T050649_R019_T44PKB_20200924T205442,2020-03-19T05:06:51.024000Z,2020-04-03T05:06:49.024000Z,2020-03-19,2020-04-03,0.03,-8,7,0.020969,0.019788,1.0,1.0,0.21371573209762573,0.22724699974060059,0.09436902403831482,0.14512701332569122,0.2864183783531189,0.3278076648712158,-0.054812975227832794,0.47372812032699585,1.0,0.8100884885204082,0.3175023915816326,0.0011160714285714285,2,low,0,low,png,images/pre/175f038daf64c474.png,images/post/175f038daf64c474.png,images/dnbr/175f038daf64c474.png,geotiff/pre/175f038daf64c474.tif,geotiff/post/175f038daf64c474.tif,geotiff/dnbr/175f038daf64c474.tif
MCD64A1.A2020061.h25v07.061.2021309111317_r1278_c1584,2020-03-27,2020,3,87,MCD64A1.A2020061.h25v07.061.2021309111317,79.184479695236,14.67291666531263,45,11.25,224,10,6fe53e33c58a0f26,neg,val,Asia,India,79.08982901604219,14.708931852907662,0,10,tree_cover,forest,tropical,N,tropical_moist,S2A_MSIL2A_20200319T050651_R019_T44PKB_20201012T174037,S2B_MSIL2A_20200403T050649_R019_T44PKB_20200924T205442,2020-03-19T05:06:51.024000Z,2020-04-03T05:06:49.024000Z,2020-03-19,2020-04-03,0.03,-8,7,0.020969,0.019788,1.0,1.0,0.03766726702451706,0.03709295019507408,0.03073377162218094,0.022548668086528778,0.04929807782173157,0.062022507190704346,-0.1268351674079895,0.6207716464996338,1.0,0.029635682397959183,0.00045838647959183676,0.00015943877551020407,1,unburned_or_regrowth,-1,not_applicable,png,images/pre/6fe53e33c58a0f26.png,images/post/6fe53e33c58a0f26.png,images/dnbr/6fe53e33c58a0f26.png,geotiff/pre/6fe53e33c58a0f26.tif,geotiff/post/6fe53e33c58a0f26.tif,geotiff/dnbr/6fe53e33c58a0f26.tif
MCD64A1.A2017182.h25v04.061.2021312132719_r276_c120,2017-07-16,2017,7,197,MCD64A1.A2017182.h25v04.061.2021312132719,107.13625686172132,48.84791666225865,300,75.0,224,10,0ebaf2e7108981dc,burn,train,Asia,Mongolia,107.17567717500218,48.86041666225753,1,10,tree_cover,forest,temperate,N,temperate_forest,S2A_MSIL2A_20170709T034531_R104_T48UXV_20210210T062853,S2A_MSIL2A_20170729T034541_R104_T48UXV_20210210T160610,2017-07-09T03:45:31.026000Z,2017-07-29T03:45:41.026000Z,2017-07-09,2017-07-29,0.17,-7,13,0.436394,8.775889,1.0,1.0,0.29573723673820496,0.12019036710262299,0.29915347695350647,0.035908326506614685,0.5579971671104431,0.7085701823234558,-0.07352204620838165,1.1799498796463013,1.0,0.5100247130102041,0.44349888392857145,0.3556281887755102,3,moderate,1,moderate,png,images/pre/0ebaf2e7108981dc.png,images/post/0ebaf2e7108981dc.png,images/dnbr/0ebaf2e7108981dc.png,geotiff/pre/0ebaf2e7108981dc.tif,geotiff/post/0ebaf2e7108981dc.tif,geotiff/dnbr/0ebaf2e7108981dc.tif
MCD64A1.A2017182.h25v04.061.2021312132719_r276_c120,2017-07-16,2017,7,197,MCD64A1.A2017182.h25v04.061.2021312132719,107.13625686172132,48.84791666225865,300,75.0,224,10,49007a2708a9089a,neg,train,Asia,Mongolia,107.27659708159906,48.88071584594624,0,30,grassland,grassland_savanna,temperate,N,temperate_other,S2A_MSIL2A_20170709T034531_R104_T48UXV_20210210T062853,S2A_MSIL2A_20170729T034541_R104_T48UXV_20210210T160610,2017-07-09T03:45:31.026000Z,2017-07-29T03:45:41.026000Z,2017-07-09,2017-07-29,0.17,-7,13,0.436394,8.775889,1.0,1.0,0.016380315646529198,0.01134374737739563,0.02309896983206272,0.0031749606132507324,0.021200641989707947,0.04341039061546326,-0.03839528560638428,0.18301111459732056,1.0,0.012894610969387755,0.0,0.0,1,unburned_or_regrowth,-1,not_applicable,png,images/pre/49007a2708a9089a.png,images/post/49007a2708a9089a.png,images/dnbr/49007a2708a9089a.png,geotiff/pre/49007a2708a9089a.tif,geotiff/post/49007a2708a9089a.tif,geotiff/dnbr/49007a2708a9089a.tif
MCD64A1.A2020214.h20v04.061.2021309111946_r2345_c971,2020-08-30,2020,8,243,MCD64A1.A2020214.h20v04.061.2021309111946,31.49732178934962,40.22708332969691,41,10.25,224,10,0b38b7b05394595b,burn,train,Asia,Turkey,31.482534120426457,40.21874999636432,1,10,tree_cover,forest,temperate,N,temperate_forest,S2B_MSIL2A_20200807T084559_R107_T36TUK_20200815T091616,S2B_MSIL2A_20200916T084609_R107_T36TUK_20200919T221800,2020-08-07T08:45:59.024000Z,2020-09-16T08:46:09.024000Z,2020-08-07,2020-09-16,0.17,-23,17,0.354269,0.244014,1.0,1.0,0.185239776968956,-0.0020419051870703697,0.3285644054412842,-0.03890911862254143,0.36830368638038635,0.796096920967102,-0.1454169750213623,1.0699814558029175,1.0,0.3540736607142857,0.27770248724489793,0.22781808035714285,2,low,0,low,png,images/pre/0b38b7b05394595b.png,images/post/0b38b7b05394595b.png,images/dnbr/0b38b7b05394595b.png,geotiff/pre/0b38b7b05394595b.tif,geotiff/post/0b38b7b05394595b.tif,geotiff/dnbr/0b38b7b05394595b.tif
MCD64A1.A2020214.h20v04.061.2021309111946_r2345_c971,2020-08-30,2020,8,243,MCD64A1.A2020214.h20v04.061.2021309111946,31.49732178934962,40.22708332969691,41,10.25,224,10,39673a0e63440a5a,neg,train,Asia,Turkey,31.549814160780123,40.155473807595754,0,10,tree_cover,forest,temperate,N,temperate_forest,S2B_MSIL2A_20200807T084559_R107_T36TUK_20200815T091616,S2B_MSIL2A_20200926T084719_R107_T36TUK_20201027T094007,2020-08-07T08:45:59.024000Z,2020-09-26T08:47:19.024000Z,2020-08-07,2020-09-26,1.33,-23,27,0.354269,0.189387,0.9903140943877551,0.9955755739795918,0.011402537114918232,0.011060448363423347,0.023564251139760017,-0.0012240053620189428,0.022548764944076538,0.033562857657670975,-0.08868011832237244,0.3166332244873047,0.9901546556122449,0.005620216836734694,0.0004982461734693878,0.0,1,unburned_or_regrowth,-1,not_applicable,png,images/pre/39673a0e63440a5a.png,images/post/39673a0e63440a5a.png,images/dnbr/39673a0e63440a5a.png,geotiff/pre/39673a0e63440a5a.tif,geotiff/post/39673a0e63440a5a.tif,geotiff/dnbr/39673a0e63440a5a.tif
MCD64A1.A2020032.h27v07.061.2021309111153_r1040_c1335,2020-02-22,2020,2,53,MCD64A1.A2020032.h27v07.061.2021309111153,99.25087694147724,15.664583331891432,65,16.25,224,10,50b1b46c26876726,burn,val,Asia,Thailand,99.26183515510192,15.660416665225132,1,10,tree_cover,forest,tropical,N,tropical_moist,S2B_MSIL2A_20200130T035009_R104_T47PNT_20201002T153504,S2B_MSIL2A_20200310T034549_R104_T47PNT_20201005T060325,2020-01-30T03:50:09.024000Z,2020-03-10T03:45:49.024000Z,2020-01-30,2020-03-10,4.33,-23,17,0.826324,0.022667,1.0,1.0,0.24621155858039856,0.2646876573562622,0.112776018679142,0.17402583360671997,0.3264477849006653,0.37809908390045166,-0.22072230279445648,0.5677761435508728,1.0,0.861686862244898,0.4778380102040816,0.020487882653061226,2,low,0,low,png,images/pre/50b1b46c26876726.png,images/post/50b1b46c26876726.png,images/dnbr/50b1b46c26876726.png,geotiff/pre/50b1b46c26876726.tif,geotiff/post/50b1b46c26876726.tif,geotiff/dnbr/50b1b46c26876726.tif
MCD64A1.A2020032.h27v07.061.2021309111153_r1040_c1335,2020-02-22,2020,2,53,MCD64A1.A2020032.h27v07.061.2021309111153,99.25087694147724,15.664583331891432,65,16.25,224,10,1e4221bddbeaf07e,neg,val,Asia,Thailand,99.18812797854542,15.758028122239471,0,30,grassland,grassland_savanna,tropical,N,tropical_dry,S2B_MSIL2A_20200130T035009_R104_T47PNT_20201002T153504,S2B_MSIL2A_20200310T034549_R104_T47PNT_20201005T060325,2020-01-30T03:50:09.024000Z,2020-03-10T03:45:49.024000Z,2020-01-30,2020-03-10,4.33,-23,17,0.826324,0.022667,1.0,1.0,-0.005257097538560629,-0.004281520843505859,0.034258365631103516,-0.025055676698684692,0.014837399125099182,0.03409123420715332,-0.3007695972919464,0.18004825711250305,1.0,0.0054807079081632655,0.0,0.0,1,unburned_or_regrowth,-1,not_applicable,png,images/pre/1e4221bddbeaf07e.png,images/post/1e4221bddbeaf07e.png,images/dnbr/1e4221bddbeaf07e.png,geotiff/pre/1e4221bddbeaf07e.tif,geotiff/post/1e4221bddbeaf07e.tif,geotiff/dnbr/1e4221bddbeaf07e.tif
MCD64A1.A2019305.h29v09.061.2021309105913_r776_c904,2019-11-05,2019,11,309,MCD64A1.A2019305.h29v09.061.2021309105913,113.95037913732837,-3.235416666422052,5,1.25,224,10,006a40393a4d12e7,burn,test,Asia,Indonesia,113.95502121366063,-3.2395833330883463,1,20,shrubland,shrubland_chaparral,tropical,S,tropical_dry,S2A_MSIL2A_20191023T022741_R046_T49MHS_20201004T051522,S2B_MSIL2A_20191117T022949_R046_T49MHS_20201003T172406,2019-10-23T02:27:41.024000Z,2019-11-17T02:29:49.024000Z,2019-10-23,2019-11-17,2.13,-13,12,2.260686,26.399517,0.9241071428571429,0.9284518494897959,0.2755992114543915,0.2291136533021927,0.3186827600002289,-0.010593019425868988,0.571343183517456,0.7331202626228333,-0.5478070974349976,0.9665367603302002,0.8538345025510204,0.5041454081632653,0.4002710459183674,0.2925302933673469,3,moderate,1,moderate,png,images/pre/006a40393a4d12e7.png,images/post/006a40393a4d12e7.png,images/dnbr/006a40393a4d12e7.png,geotiff/pre/006a40393a4d12e7.tif,geotiff/post/006a40393a4d12e7.tif,geotiff/dnbr/006a40393a4d12e7.tif
MCD64A1.A2019305.h29v09.061.2021309105913_r776_c904,2019-11-05,2019,11,309,MCD64A1.A2019305.h29v09.061.2021309105913,113.95037913732837,-3.235416666422052,5,1.25,224,10,ae09e446484c1fd4,neg,test,Asia,Indonesia,114.01641834790996,-3.217414791846178,0,20,shrubland,shrubland_chaparral,tropical,S,tropical_dry,S2A_MSIL2A_20191023T022741_R046_T49MHS_20201004T051522,S2B_MSIL2A_20191117T022949_R046_T49MHS_20201003T172406,2019-10-23T02:27:41.024000Z,2019-11-17T02:29:49.024000Z,2019-10-23,2019-11-17,2.13,-13,12,2.260686,26.399517,0.9946588010204082,0.9339126275510204,-0.08685985952615738,-0.07961203157901764,0.12071321159601212,-0.15035277605056763,-0.017455417662858963,0.03505165874958038,-0.6477031707763672,0.6735721230506897,0.9285714285714286,0.027503188775510203,0.011937978316326531,0.00235172193877551,1,unburned_or_regrowth,-1,not_applicable,png,images/pre/ae09e446484c1fd4.png,images/post/ae09e446484c1fd4.png,images/dnbr/ae09e446484c1fd4.png,geotiff/pre/ae09e446484c1fd4.tif,geotiff/post/ae09e446484c1fd4.tif,geotiff/dnbr/ae09e446484c1fd4.tif
MCD64A1.A2019305.h29v09.061.2021309105913_r611_c1148,2019-11-09,2019,11,313,MCD64A1.A2019305.h29v09.061.2021309105913,114.8990065995789,-2.547916666483586,12,3.0,224,10,d74786df8557ce5d,burn,test,Asia,Indonesia,114.8948358096412,-2.547916666483586,1,90,herbaceous_wetland,wetland,tropical,S,boreal_other,S2A_MSIL2A_20191023T022741_R046_T50MKC_20201004T051524,S2B_MSIL2A_20191117T022949_R046_T50MKC_20201003T172404,2019-10-23T02:27:41.024000Z,2019-11-17T02:29:49.024000Z,2019-10-23,2019-11-17,2.13,-17,8,13.498439,14.570681,0.9663185586734694,0.9277543048469388,0.3231756091117859,0.3328012228012085,0.2518429458141327,0.0780847817659378,0.5453773736953735,0.6616573929786682,-0.5769358277320862,0.8961600661277771,0.8943917410714286,0.6154735331632653,0.4934630102040816,0.3518016581632653,3,moderate,1,moderate,png,images/pre/d74786df8557ce5d.png,images/post/d74786df8557ce5d.png,images/dnbr/d74786df8557ce5d.png,geotiff/pre/d74786df8557ce5d.tif,geotiff/post/d74786df8557ce5d.tif,geotiff/dnbr/d74786df8557ce5d.tif
MCD64A1.A2019305.h29v09.061.2021309105913_r611_c1148,2019-11-09,2019,11,313,MCD64A1.A2019305.h29v09.061.2021309105913,114.8990065995789,-2.547916666483586,12,3.0,224,10,8c0732b8c8a8bd88,neg,test,Asia,Indonesia,114.84096384345209,-2.557267138309095,0,90,herbaceous_wetland,wetland,tropical,S,boreal_other,S2A_MSIL2A_20191023T022741_R046_T50MKC_20201004T051524,S2B_MSIL2A_20191117T022949_R046_T50MKC_20201003T172404,2019-10-23T02:27:41.024000Z,2019-11-17T02:29:49.024000Z,2019-10-23,2019-11-17,2.13,-17,8,13.498439,14.570681,0.8073580994897959,0.8657924107142857,-0.11320260167121887,-0.09919347614049911,0.15030649304389954,-0.21002569794654846,-0.0044622160494327545,0.05348680540919304,-0.6116455793380737,0.5536749362945557,0.6896125637755102,0.02586894132653061,0.006816007653061225,0.0013153698979591836,1,unburned_or_regrowth,-1,not_applicable,png,images/pre/8c0732b8c8a8bd88.png,images/post/8c0732b8c8a8bd88.png,images/dnbr/8c0732b8c8a8bd88.png,geotiff/pre/8c0732b8c8a8bd88.tif,geotiff/post/8c0732b8c8a8bd88.tif,geotiff/dnbr/8c0732b8c8a8bd88.tif
MCD64A1.A2020032.h27v07.061.2021309111153_r219_c524,2020-02-22,2020,2,53,MCD64A1.A2020032.h27v07.061.2021309111153,97.5473849862598,19.085416664921663,2296,574.0,224,10,df82566b7917ba28,burn,train,Asia,Myanmar,97.50929189640976,19.147916664916128,1,10,tree_cover,forest,tropical,N,tropical_moist,S2B_MSIL2A_20200212T035859_R004_T47QLB_20201001T195241,S2A_MSIL2A_20200308T035611_R004_T47QLB_20200930T101826,2020-02-12T03:58:59.024000Z,2020-03-08T03:56:11.024000Z,2020-02-12,2020-03-08,2.8,-10,15,0.007113,0.321721,1.0,1.0,0.2464444637298584,0.27121150493621826,0.13190044462680817,0.14678004384040833,0.3487951457500458,0.4023367762565613,-0.22112621366977692,0.5803467035293579,1.0,0.8189971301020408,0.5028898278061225,0.037806919642857144,2,low,0,low,png,images/pre/df82566b7917ba28.png,images/post/df82566b7917ba28.png,images/dnbr/df82566b7917ba28.png,geotiff/pre/df82566b7917ba28.tif,geotiff/post/df82566b7917ba28.tif,geotiff/dnbr/df82566b7917ba28.tif
MCD64A1.A2020032.h27v07.061.2021309111153_r219_c524,2020-02-22,2020,2,53,MCD64A1.A2020032.h27v07.061.2021309111153,97.5473849862598,19.085416664921663,2296,574.0,224,10,e8d3e5deefbb44f3,neg,train,Asia,Myanmar,97.01787425693743,18.94020209126637,0,10,tree_cover,forest,tropical,N,tropical_moist,S2A_MSIL2A_20200207T035921_R004_T47QKB_20201001T043254,S2A_MSIL2A_20200318T035531_R004_T47QKB_20201027T100037,2020-02-07T03:59:21.024000Z,2020-03-18T03:55:31.024000Z,2020-02-07,2020-03-18,3.83,-15,25,0.006503,0.012827,1.0,1.0,0.018379274755716324,0.016911476850509644,0.028981251642107964,0.0010433495044708252,0.03448870778083801,0.05347728729248047,-0.17778289318084717,0.19527259469032288,1.0,0.00958625637755102,0.0,0.0,1,unburned_or_regrowth,-1,not_applicable,png,images/pre/e8d3e5deefbb44f3.png,images/post/e8d3e5deefbb44f3.png,images/dnbr/e8d3e5deefbb44f3.png,geotiff/pre/e8d3e5deefbb44f3.tif,geotiff/post/e8d3e5deefbb44f3.tif,geotiff/dnbr/e8d3e5deefbb44f3.tif
MCD64A1.A2017182.h26v04.061.2021312132753_r745_c212,2017-07-04,2017,7,185,MCD64A1.A2017182.h26v04.061.2021312132753,118.36542340580878,46.89374999576689,817,204.25,224,10,0011807025eef115,burn,test,Asia,Mongolia,118.29938238347751,46.97708332909275,1,90,herbaceous_wetland,wetland,temperate,N,temperate_other,S2A_MSIL2A_20170627T030541_R075_T50TNT_20210210T015841,S2B_MSIL2A_20170712T030539_R075_T50TNT_20210210T075500,2017-06-27T03:05:41.026000Z,2017-07-12T03:05:39.027000Z,2017-06-27,2017-07-12,0.03,-7,8,0.723465,0.154532,1.0,1.0,0.1734185516834259,0.19660836458206177,0.10321681946516037,0.05676213651895523,0.25999927520751953,0.29493075609207153,-0.03129381686449051,0.4923555254936218,1.0,0.7013911033163265,0.20163026147959184,0.00025908801020408165,2,low,0,low,png,images/pre/0011807025eef115.png,images/post/0011807025eef115.png,images/dnbr/0011807025eef115.png,geotiff/pre/0011807025eef115.tif,geotiff/post/0011807025eef115.tif,geotiff/dnbr/0011807025eef115.tif
MCD64A1.A2017182.h26v04.061.2021312132753_r745_c212,2017-07-04,2017,7,185,MCD64A1.A2017182.h26v04.061.2021312132753,118.36542340580878,46.89374999576689,817,204.25,224,10,58705ca6892a47d5,neg,test,Asia,Mongolia,118.20676553603583,46.99047583072526,0,30,grassland,grassland_savanna,temperate,N,temperate_other,S2A_MSIL2A_20170627T030541_R075_T50TNT_20210210T015841,S2B_MSIL2A_20170712T030539_R075_T50TNT_20210210T075500,2017-06-27T03:05:41.026000Z,2017-07-12T03:05:39.027000Z,2017-06-27,2017-07-12,0.03,-7,8,0.723465,0.154532,1.0,1.0,0.021268373355269432,0.02421107515692711,0.026987602934241295,0.013830054551362991,0.03578546270728111,0.04515121504664421,-0.2266387641429901,0.11962103098630905,1.0,0.0004185267857142857,0.0,0.0,1,unburned_or_regrowth,-1,not_applicable,png,images/pre/58705ca6892a47d5.png,images/post/58705ca6892a47d5.png,images/dnbr/58705ca6892a47d5.png,geotiff/pre/58705ca6892a47d5.tif,geotiff/post/58705ca6892a47d5.tif,geotiff/dnbr/58705ca6892a47d5.tif
MCD64A1.A2018091.h22v04.061.2021354064432_r1213_c1236,2018-04-05,2018,4,95,MCD64A1.A2018091.h22v04.061.2021354064432,63.792091622182895,44.94374999594141,6,1.5,224,10,ef523f488563d61b,burn,train,Asia,Kazakhstan,63.79334848775483,44.939583329275116,1,20,shrubland,shrubland_chaparral,temperate,N,temperate_other,S2A_MSIL2A_20180327T063621_R120_T41TNK_20201013T145600,S2B_MSIL2A_20180411T063629_R120_T41TNK_20201012T210525,2018-03-27T06:36:21.026000Z,2018-04-11T06:36:29.027000Z,2018-03-27,2018-04-11,0.13,-9,6,1.21841,0.597115,0.9927056760204082,0.9956951530612245,0.165848970413208,0.1198309063911438,0.1568506807088852,0.039224058389663696,0.28036126494407654,0.4058930277824402,-0.3615819215774536,1.3041868209838867,0.9891581632653061,0.5366709183673469,0.26060267857142855,0.0625,2,low,0,low,png,images/pre/ef523f488563d61b.png,images/post/ef523f488563d61b.png,images/dnbr/ef523f488563d61b.png,geotiff/pre/ef523f488563d61b.tif,geotiff/post/ef523f488563d61b.tif,geotiff/dnbr/ef523f488563d61b.tif
MCD64A1.A2018091.h22v04.061.2021354064432_r1213_c1236,2018-04-05,2018,4,95,MCD64A1.A2018091.h22v04.061.2021354064432,63.792091622182895,44.94374999594141,6,1.5,224,10,cf5ff61591ac2d47,neg,train,Asia,Kazakhstan,63.83405610603649,44.92268346240424,0,20,shrubland,shrubland_chaparral,temperate,N,temperate_other,S2A_MSIL2A_20180327T063621_R120_T41TNK_20201013T145600,S2B_MSIL2A_20180411T063629_R120_T41TNK_20201012T210525,2018-03-27T06:36:21.026000Z,2018-04-11T06:36:29.027000Z,2018-03-27,2018-04-11,0.13,-9,6,1.21841,0.597115,0.9780771683673469,0.9990433673469388,0.02628571167588234,0.025143887847661972,0.05524603649973869,0.009236238896846771,0.04155200719833374,0.059914495795965195,-0.8051000237464905,0.591005265712738,0.9778380102040817,0.027184311224489797,0.006995376275510204,0.0013153698979591836,1,unburned_or_regrowth,-1,not_applicable,png,images/pre/cf5ff61591ac2d47.png,images/post/cf5ff61591ac2d47.png,images/dnbr/cf5ff61591ac2d47.png,geotiff/pre/cf5ff61591ac2d47.tif,geotiff/post/cf5ff61591ac2d47.tif,geotiff/dnbr/cf5ff61591ac2d47.tif
MCD64A1.A2017152.h25v03.061.2021312130426_r1916_c1425,2017-06-22,2017,6,173,MCD64A1.A2017152.h25v03.061.2021312130426,123.386530551815,52.01458332864188,6,1.5,224,10,a90720fa9ab0a052,burn,val,Asia,China,123.38857983238954,52.01041666197559,1,10,tree_cover,forest,temperate,N,temperate_forest,S2A_MSIL2A_20170614T025541_R032_T51UWT_20210209T224753,S2A_MSIL2A_20170704T025541_R032_T51UWT_20210210T042716,2017-06-14T02:55:41.026000Z,2017-07-04T02:55:41.026000Z,2017-06-14,2017-07-04,0.0,-8,12,1.163394,1.154333,1.0,0.9783561862244898,0.27759960293769836,0.00674864649772644,0.40693601965904236,-0.015560969710350037,0.5511706471443176,1.0225610733032227,-0.15558013319969177,1.2760652303695679,0.9783561862244898,0.4057716836734694,0.33657525510204084,0.2803332270408163,3,moderate,1,moderate,png,images/pre/a90720fa9ab0a052.png,images/post/a90720fa9ab0a052.png,images/dnbr/a90720fa9ab0a052.png,geotiff/pre/a90720fa9ab0a052.tif,geotiff/post/a90720fa9ab0a052.tif,geotiff/dnbr/a90720fa9ab0a052.tif
MCD64A1.A2017152.h25v03.061.2021312130426_r1916_c1425,2017-06-22,2017,6,173,MCD64A1.A2017152.h25v03.061.2021312130426,123.386530551815,52.01458332864188,6,1.5,224,10,cdd43eb93ac67677,neg,val,Asia,China,123.44178739400579,52.00813954442944,0,10,tree_cover,forest,temperate,N,temperate_forest,S2A_MSIL2A_20170614T025541_R032_T51UWT_20210209T224753,S2A_MSIL2A_20170704T025541_R032_T51UWT_20210210T042716,2017-06-14T02:55:41.026000Z,2017-07-04T02:55:41.026000Z,2017-06-14,2017-07-04,0.0,-8,12,1.163394,1.154333,1.0,1.0,-0.020167075097560883,-0.008907705545425415,0.03190280497074127,-0.03021039068698883,0.0003631860017776489,0.006217360496520996,-0.2942286431789398,0.06581377983093262,1.0,0.0,0.0,0.0,1,unburned_or_regrowth,-1,not_applicable,png,images/pre/cdd43eb93ac67677.png,images/post/cdd43eb93ac67677.png,images/dnbr/cdd43eb93ac67677.png,geotiff/pre/cdd43eb93ac67677.tif,geotiff/post/cdd43eb93ac67677.tif,geotiff/dnbr/cdd43eb93ac67677.tif
MCD64A1.A2017091.h21v04.061.2021312121917_r845_c913,2017-04-11,2017,4,101,MCD64A1.A2017091.h21v04.061.2021312121917,49.09099347062897,46.47708332913751,62,15.5,224,10,a030af5f31e008e0,burn,train,Asia,Kazakhstan,49.096401872612994,46.45624999580603,1,90,herbaceous_wetland,wetland,temperate,N,temperate_other,S2A_MSIL2A_20170402T074931_R135_T39TUM_20210209T035938,S2A_MSIL2A_20170419T073611_R092_T39TUM_20210209T085400,2017-04-02T07:49:31.026000Z,2017-04-19T07:36:11.026000Z,2017-04-02,2017-04-19,13.33,-9,8,3.490376,34.070998,0.9895567602040817,0.99609375,0.22283771634101868,0.3012629449367523,0.1868547946214676,0.04147956520318985,0.3658594787120819,0.4063148498535156,-0.771401584148407,0.563055694103241,0.9875637755102041,0.6709382971938775,0.5545679209183674,0.03276466836734694,2,low,0,low,png,images/pre/a030af5f31e008e0.png,images/post/a030af5f31e008e0.png,images/dnbr/a030af5f31e008e0.png,geotiff/pre/a030af5f31e008e0.tif,geotiff/post/a030af5f31e008e0.tif,geotiff/dnbr/a030af5f31e008e0.tif
MCD64A1.A2017091.h21v04.061.2021312121917_r845_c913,2017-04-11,2017,4,101,MCD64A1.A2017091.h21v04.061.2021312121917,49.09099347062897,46.47708332913751,62,15.5,224,10,2fed55487c9640fa,neg,train,Asia,Kazakhstan,49.08966044723817,46.533752826640935,0,90,herbaceous_wetland,wetland,temperate,N,temperate_other,S2A_MSIL2A_20170310T073721_R092_T39TUM_20210208T211318,S2A_MSIL2A_20170512T074941_R135_T39TUM_20210209T145501,2017-03-10T07:37:21.026000Z,2017-05-12T07:49:41.026000Z,2017-03-10,2017-05-12,12.33,-32,31,0.773554,1.974655,1.0,1.0,-0.2722436189651489,-0.2814686596393585,0.14909911155700684,-0.3638286590576172,-0.19801847636699677,-0.1012459546327591,-0.7705347537994385,0.7745394706726074,1.0,0.023477359693877552,0.005042251275510204,0.0010562818877551021,1,unburned_or_regrowth,-1,not_applicable,png,images/pre/2fed55487c9640fa.png,images/post/2fed55487c9640fa.png,images/dnbr/2fed55487c9640fa.png,geotiff/pre/2fed55487c9640fa.tif,geotiff/post/2fed55487c9640fa.tif,geotiff/dnbr/2fed55487c9640fa.tif
MCD64A1.A2019032.h28v07.061.2021309103818_r1697_c742,2019-02-09,2019,2,40,MCD64A1.A2019032.h28v07.061.2021309103818,105.77454702625072,12.927083332133984,45,11.25,224,10,0ea42794ad876193,burn,val,Asia,Cambodia,105.77807938876383,12.93541666546658,1,10,tree_cover,forest,tropical,N,tropical_moist,S2A_MSIL2A_20190131T031951_R118_T48PWV_20201008T060613,S2B_MSIL2A_20190215T031829_R118_T48PWV_20201007T170524,2019-01-31T03:19:51.024000Z,2019-02-15T03:18:29.024000Z,2019-01-31,2019-02-15,1.37,-9,6,5.8772,0.354777,1.0,1.0,0.22595755755901337,0.2212654948234558,0.13205303251743317,0.10268339514732361,0.3455576002597809,0.4010125994682312,-0.10532575845718384,0.5643235445022583,1.0,0.7568957270408163,0.4242466517857143,0.031230070153061226,2,low,0,low,png,images/pre/0ea42794ad876193.png,images/post/0ea42794ad876193.png,images/dnbr/0ea42794ad876193.png,geotiff/pre/0ea42794ad876193.tif,geotiff/post/0ea42794ad876193.tif,geotiff/dnbr/0ea42794ad876193.tif
MCD64A1.A2019032.h28v07.061.2021309103818_r1697_c742,2019-02-09,2019,2,40,MCD64A1.A2019032.h28v07.061.2021309103818,105.77454702625072,12.927083332133984,45,11.25,224,10,64d0eb829afd6040,neg,val,Asia,Cambodia,105.78328267871835,13.048377337696362,0,10,tree_cover,forest,tropical,N,tropical_moist,S2B_MSIL2A_20190106T032129_R118_T48PWV_20201007T231824,S2B_MSIL2A_20190215T031829_R118_T48PWV_20201007T170524,2019-01-06T03:21:29.024000Z,2019-02-15T03:18:29.024000Z,2019-01-06,2019-02-15,3.0,-34,6,0.370792,0.354777,0.9198421556122449,1.0,0.01796540431678295,0.025317102670669556,0.07244318723678589,0.007435783743858337,0.0436500608921051,0.065274678170681,-0.7793039083480835,0.27235519886016846,0.9198421556122449,0.02782206632653061,1.992984693877551e-05,0.0,1,unburned_or_regrowth,-1,not_applicable,png,images/pre/64d0eb829afd6040.png,images/post/64d0eb829afd6040.png,images/dnbr/64d0eb829afd6040.png,geotiff/pre/64d0eb829afd6040.tif,geotiff/post/64d0eb829afd6040.tif,geotiff/dnbr/64d0eb829afd6040.tif
MCD64A1.A2020061.h25v07.061.2021309111317_r935_c1309,2020-03-27,2020,3,87,MCD64A1.A2020061.h25v07.061.2021309111317,78.53734299203207,16.10208333185267,166,41.5,224,10,f10360055a0846e1,burn,train,Asia,India,78.5270210744241,16.097916665186368,1,20,shrubland,shrubland_chaparral,tropical,N,tropical_dry,S2A_MSIL2A_20200319T050651_R019_T44PKC_20201012T182314,S2B_MSIL2A_20200403T050649_R019_T43PHT_20200924T205439,2020-03-19T05:06:51.024000Z,2020-04-03T05:06:49.024000Z,2020-03-19,2020-04-03,0.03,-8,7,0.021596,0.093208,1.0,1.0,0.18515650928020477,0.19957475364208221,0.07500214874744415,0.14582191407680511,0.2369418442249298,0.26699262857437134,-0.30403971672058105,0.45627403259277344,1.0,0.8530173788265306,0.08934550382653061,9.964923469387755e-05,2,low,0,low,png,images/pre/f10360055a0846e1.png,images/post/f10360055a0846e1.png,images/dnbr/f10360055a0846e1.png,geotiff/pre/f10360055a0846e1.tif,geotiff/post/f10360055a0846e1.tif,geotiff/dnbr/f10360055a0846e1.tif
MCD64A1.A2020061.h25v07.061.2021309111317_r935_c1309,2020-03-27,2020,3,87,MCD64A1.A2020061.h25v07.061.2021309111317,78.53734299203207,16.10208333185267,166,41.5,224,10,c900a688c25605c3,neg,train,Asia,India,78.37590734407841,16.096564772537842,0,20,shrubland,shrubland_chaparral,tropical,N,tropical_dry,S2A_MSIL2A_20200319T050651_R019_T44PKC_20201012T182314,S2A_MSIL2A_20200418T050651_R019_T43PHT_20200923T235709,2020-03-19T05:06:51.024000Z,2020-04-18T05:06:51.024000Z,2020-03-19,2020-04-18,0.0,-8,22,0.021596,0.028182,1.0,1.0,0.020073983818292618,0.0203375443816185,0.03095903992652893,0.001173386350274086,0.03885362297296524,0.05681760609149933,-0.23660703003406525,0.3442580997943878,1.0,0.008290816326530613,0.0001793686224489796,0.0,1,unburned_or_regrowth,-1,not_applicable,png,images/pre/c900a688c25605c3.png,images/post/c900a688c25605c3.png,images/dnbr/c900a688c25605c3.png,geotiff/pre/c900a688c25605c3.tif,geotiff/post/c900a688c25605c3.tif,geotiff/dnbr/c900a688c25605c3.tif
MCD64A1.A2019001.h28v07.061.2022014174313_r1519_c860,2019-01-13,2019,1,13,MCD64A1.A2019001.h28v07.061.2022014174313,106.60465771224189,13.668749998734938,320,80.0,224,10,fc4ecbd8e7dea9c5,burn,train,Asia,Cambodia,106.64376783852309,13.660416665402343,1,10,tree_cover,forest,tropical,N,tropical_moist,S2B_MSIL2A_20181217T032129_R118_T48PXA_20201008T105353,S2A_MSIL2A_20190131T031951_R118_T48PXA_20201008T060611,2018-12-17T03:21:29.024000Z,2019-01-31T03:19:51.024000Z,2018-12-17,2019-01-31,1.63,-27,18,0.919241,1.693757,0.9272161989795918,1.0,0.2551683783531189,0.24902349710464478,0.1495298147201538,0.16735392808914185,0.3403118848800659,0.45416170358657837,-0.4434005618095398,0.9516679048538208,0.9272161989795918,0.8027543048469388,0.39650430484693877,0.10580755739795919,2,low,0,low,png,images/pre/fc4ecbd8e7dea9c5.png,images/post/fc4ecbd8e7dea9c5.png,images/dnbr/fc4ecbd8e7dea9c5.png,geotiff/pre/fc4ecbd8e7dea9c5.tif,geotiff/post/fc4ecbd8e7dea9c5.tif,geotiff/dnbr/fc4ecbd8e7dea9c5.tif
MCD64A1.A2019001.h28v07.061.2022014174313_r1519_c860,2019-01-13,2019,1,13,MCD64A1.A2019001.h28v07.061.2022014174313,106.60465771224189,13.668749998734938,320,80.0,224,10,00c866e74171412a,neg,train,Asia,Cambodia,106.52774679348273,13.768282190581127,0,10,tree_cover,forest,tropical,N,tropical_moist,S2B_MSIL2A_20181217T032129_R118_T48PXA_20201008T105353,S2B_MSIL2A_20190215T031829_R118_T48PXA_20201007T170522,2018-12-17T03:21:29.024000Z,2019-02-15T03:18:29.024000Z,2018-12-17,2019-02-15,3.0,-27,33,0.919241,0.006666,1.0,1.0,0.021756570786237717,0.017202377319335938,0.03854808583855629,0.0025030821561813354,0.03407588601112366,0.053188174962997437,-0.12434038519859314,0.5720633268356323,1.0,0.023238201530612245,0.003946109693877551,0.001295440051020408,1,unburned_or_regrowth,-1,not_applicable,png,images/pre/00c866e74171412a.png,images/post/00c866e74171412a.png,images/dnbr/00c866e74171412a.png,geotiff/pre/00c866e74171412a.tif,geotiff/post/00c866e74171412a.tif,geotiff/dnbr/00c866e74171412a.tif
MCD64A1.A2020032.h29v07.061.2021309111150_r1037_c1366,2020-02-20,2020,2,51,MCD64A1.A2020032.h29v07.061.2021309111150,120.1638572763503,15.677083331890321,6,1.5,224,10,bd4175bd368beeda,burn,val,Asia,Philippines,120.1619824281099,15.681249998556622,1,10,tree_cover,forest,tropical,N,tropical_moist,S2B_MSIL2A_20200205T022859_R046_T50PRC_20200930T230147,S2A_MSIL2A_20200301T022621_R046_T50PRC_20200925T234321,2020-02-05T02:28:59.024000Z,2020-03-01T02:26:21.024000Z,2020-02-05,2020-03-01,2.63,-15,10,5.859574,4.716115,1.0,1.0,0.15952904522418976,0.03633087873458862,0.2682943344116211,-0.0034503191709518433,0.14239707589149475,0.6767452955245972,-0.30485647916793823,0.9242353439331055,1.0,0.26305404974489793,0.23280054209183673,0.20354352678571427,2,low,0,low,png,images/pre/bd4175bd368beeda.png,images/post/bd4175bd368beeda.png,images/dnbr/bd4175bd368beeda.png,geotiff/pre/bd4175bd368beeda.tif,geotiff/post/bd4175bd368beeda.tif,geotiff/dnbr/bd4175bd368beeda.tif
MCD64A1.A2020032.h29v07.061.2021309111150_r1037_c1366,2020-02-20,2020,2,51,MCD64A1.A2020032.h29v07.061.2021309111150,120.1638572763503,15.677083331890321,6,1.5,224,10,a2167efc5f3497e4,neg,val,Asia,Philippines,120.11225466128965,15.739907627902479,0,10,tree_cover,forest,tropical,N,tropical_moist,S2B_MSIL2A_20200116T023029_R046_T50PRC_20201002T192655,S2A_MSIL2A_20200301T022621_R046_T50PRC_20200925T234321,2020-01-16T02:30:29.024000Z,2020-03-01T02:26:21.024000Z,2020-01-16,2020-03-01,4.13,-35,10,0.436741,4.716115,1.0,1.0,-0.0020153666846454144,-0.0011418461799621582,0.014377095736563206,-0.009821653366088867,0.006730169057846069,0.01381981372833252,-0.15454420447349548,0.11865079402923584,1.0,7.971938775510203e-05,0.0,0.0,1,unburned_or_regrowth,-1,not_applicable,png,images/pre/a2167efc5f3497e4.png,images/post/a2167efc5f3497e4.png,images/dnbr/a2167efc5f3497e4.png,geotiff/pre/a2167efc5f3497e4.tif,geotiff/post/a2167efc5f3497e4.tif,geotiff/dnbr/a2167efc5f3497e4.tif
MCD64A1.A2019032.h29v08.061.2021309103820_r1100_c1247,2019-02-22,2019,2,53,MCD64A1.A2019032.h29v08.061.2021309103820,115.71423598055344,5.414583332803745,24,6.0,224,10,fd80ca628bc148dc,burn,train,Asia,Malaysia,115.717623994407,5.4104166661374515,1,20,shrubland,shrubland_chaparral,tropical,N,tropical_dry,S2A_MSIL2A_20190215T022801_R046_T50NLM_20201007T165500,S2B_MSIL2A_20190302T022619_R046_T50NLM_20201030T081518,2019-02-15T02:28:01.024000Z,2019-03-02T02:26:19.024000Z,2019-02-15,2019-03-02,1.7,-7,8,2.456188,1.657258,1.0,1.0,0.2946889102458954,0.12206357717514038,0.31948283314704895,0.01211751252412796,0.6204953193664551,0.7761967182159424,-0.1801929622888565,0.9859300851821899,1.0,0.5164221938775511,0.42835220025510207,0.3654735331632653,3,moderate,1,moderate,png,images/pre/fd80ca628bc148dc.png,images/post/fd80ca628bc148dc.png,images/dnbr/fd80ca628bc148dc.png,geotiff/pre/fd80ca628bc148dc.tif,geotiff/post/fd80ca628bc148dc.tif,geotiff/dnbr/fd80ca628bc148dc.tif
MCD64A1.A2019032.h29v08.061.2021309103820_r1100_c1247,2019-02-22,2019,2,53,MCD64A1.A2019032.h29v08.061.2021309103820,115.71423598055344,5.414583332803745,24,6.0,224,10,16054b2a96ee5976,neg,train,Asia,Malaysia,115.72278998802174,5.5098329695701675,0,20,shrubland,shrubland_chaparral,tropical,N,tropical_dry,S2A_MSIL2A_20190215T022801_R046_T50NLM_20201007T165500,S2B_MSIL2A_20190302T022619_R046_T50NLM_20201030T081518,2019-02-15T02:28:01.024000Z,2019-03-02T02:26:19.024000Z,2019-02-15,2019-03-02,1.7,-7,8,2.456188,1.657258,1.0,1.0,0.009281930513679981,0.006649613380432129,0.025149432942271233,-0.0013608932495117188,0.015558183193206787,0.027748525142669678,-0.20685115456581116,0.3096023499965668,1.0,0.01233657525510204,0.0003587372448979592,0.0,1,unburned_or_regrowth,-1,not_applicable,png,images/pre/16054b2a96ee5976.png,images/post/16054b2a96ee5976.png,images/dnbr/16054b2a96ee5976.png,geotiff/pre/16054b2a96ee5976.tif,geotiff/post/16054b2a96ee5976.tif,geotiff/dnbr/16054b2a96ee5976.tif
MCD64A1.A2020032.h27v07.061.2021309111153_r1140_c1374,2020-02-10,2020,2,41,MCD64A1.A2020032.h27v07.061.2021309111153,99.21993383966758,15.247916665261684,1230,307.5,224,10,cc7ee7d6a87c0309,burn,train,Asia,Thailand,99.22120921776535,15.131249998605352,1,10,tree_cover,forest,tropical,N,tropical_moist,S2B_MSIL2A_20200130T035009_R104_T47PNS_20201002T153501,S2A_MSIL2A_20200224T034731_R104_T47PNS_20200928T020300,2020-01-30T03:50:09.024000Z,2020-02-24T03:47:31.024000Z,2020-01-30,2020-02-24,2.63,-11,14,5.683691,1.020809,1.0,1.0,0.18602561950683594,0.1842862218618393,0.0683923214673996,0.13921397924423218,0.23059847950935364,0.27160120010375977,-0.1903948336839676,0.5277551412582397,1.0,0.9015266262755102,0.1044921875,0.0009167729591836735,2,low,0,low,png,images/pre/cc7ee7d6a87c0309.png,images/post/cc7ee7d6a87c0309.png,images/dnbr/cc7ee7d6a87c0309.png,geotiff/pre/cc7ee7d6a87c0309.tif,geotiff/post/cc7ee7d6a87c0309.tif,geotiff/dnbr/cc7ee7d6a87c0309.tif
MCD64A1.A2020032.h27v07.061.2021309111153_r1140_c1374,2020-02-10,2020,2,41,MCD64A1.A2020032.h27v07.061.2021309111153,99.21993383966758,15.247916665261684,1230,307.5,224,10,c9de326d79e4e39a,neg,train,Asia,Thailand,99.09460539236532,15.586058601020476,0,10,tree_cover,forest,tropical,N,tropical_moist,S2B_MSIL2A_20200130T035009_R104_T47PNT_20201002T153504,S2B_MSIL2A_20200310T034549_R104_T47PNT_20201005T060325,2020-01-30T03:50:09.024000Z,2020-03-10T03:45:49.024000Z,2020-01-30,2020-03-10,4.33,-11,29,0.826324,0.022667,1.0,1.0,-0.005196920596063137,-0.0012818872928619385,0.038846205919981,-0.024348974227905273,0.01754455268383026,0.03611743450164795,-0.30759748816490173,0.21513059735298157,1.0,0.00528140943877551,0.0,0.0,1,unburned_or_regrowth,-1,not_applicable,png,images/pre/c9de326d79e4e39a.png,images/post/c9de326d79e4e39a.png,images/dnbr/c9de326d79e4e39a.png,geotiff/pre/c9de326d79e4e39a.tif,geotiff/post/c9de326d79e4e39a.tif,geotiff/dnbr/c9de326d79e4e39a.tif
MCD64A1.A2019032.h29v08.061.2021309103820_r1204_c1214,2019-02-22,2019,2,53,MCD64A1.A2019032.h29v08.061.2021309103820,115.4966282025785,4.981249999509196,10,2.5,224,10,c2613a147eb0e0ab,burn,train,Asia,Malaysia,115.49317808396079,4.98541666617549,1,10,tree_cover,forest,tropical,N,tropical_moist,S2B_MSIL2A_20190213T023819_R089_T50NLL_20201007T162848,S2B_MSIL2A_20190305T023559_R089_T50NLL_20201030T163735,2019-02-13T02:38:19.024000Z,2019-03-05T02:35:59.024000Z,2019-02-13,2019-03-05,2.33,-9,11,0.48598,11.093555,0.9811065051020408,1.0,0.25273287296295166,0.04218649864196777,0.36712101101875305,0.023644819855690002,0.5377098917961121,0.910429835319519,-1.0375820398330688,1.1985081434249878,0.9811065051020408,0.3196548150510204,0.27993463010204084,0.25980548469387754,2,low,0,low,png,images/pre/c2613a147eb0e0ab.png,images/post/c2613a147eb0e0ab.png,images/dnbr/c2613a147eb0e0ab.png,geotiff/pre/c2613a147eb0e0ab.tif,geotiff/post/c2613a147eb0e0ab.tif,geotiff/dnbr/c2613a147eb0e0ab.tif
MCD64A1.A2019032.h29v08.061.2021309103820_r1204_c1214,2019-02-22,2019,2,53,MCD64A1.A2019032.h29v08.061.2021309103820,115.4966282025785,4.981249999509196,10,2.5,224,10,c9b66beaf8698b35,neg,train,Asia,Malaysia,115.51713413160788,4.9154051781496975,0,10,tree_cover,forest,tropical,N,tropical_moist,S2A_MSIL2A_20190215T022801_R046_T50NLL_20201007T165510,S2B_MSIL2A_20190302T022619_R046_T50NLL_20201030T081527,2019-02-15T02:28:01.024000Z,2019-03-02T02:26:19.024000Z,2019-02-15,2019-03-02,1.7,-7,8,14.385812,13.117152,1.0,1.0,0.006118102464824915,0.006392806768417358,0.02013801969587803,-0.0040692538022994995,0.016435936093330383,0.027201980352401733,-0.17346689105033875,0.18279623985290527,1.0,0.001793686224489796,0.0,0.0,1,unburned_or_regrowth,-1,not_applicable,png,images/pre/c9b66beaf8698b35.png,images/post/c9b66beaf8698b35.png,images/dnbr/c9b66beaf8698b35.png,geotiff/pre/c9b66beaf8698b35.tif,geotiff/post/c9b66beaf8698b35.tif,geotiff/dnbr/c9b66beaf8698b35.tif
MCD64A1.A2017091.h26v06.061.2021312122336_r2128_c1856,2017-04-16,2017,4,106,MCD64A1.A2017091.h26v06.061.2021312122336,94.06030950998066,21.13124999807271,80,20.0,224,10,32da758a8fccd623,burn,test,Asia,Myanmar,94.05867286791755,21.114583331407538,1,10,tree_cover,forest,tropical,N,tropical_moist,S2A_MSIL2A_20170406T040541_R047_T46QFJ_20210209T050748,S2A_MSIL2A_20170426T040551_R047_T46QFJ_20210209T104410,2017-04-06T04:05:41.026000Z,2017-04-26T04:05:51.026000Z,2017-04-06,2017-04-26,0.17,-10,10,8.788163,9.382922,1.0,1.0,0.1655784547328949,0.1516256332397461,0.11280408501625061,0.0777631551027298,0.2513931691646576,0.32572901248931885,-0.17377398908138275,0.5624421834945679,1.0,0.6768773915816326,0.2080875318877551,0.004185267857142857,2,low,0,low,png,images/pre/32da758a8fccd623.png,images/post/32da758a8fccd623.png,images/dnbr/32da758a8fccd623.png,geotiff/pre/32da758a8fccd623.tif,geotiff/post/32da758a8fccd623.tif,geotiff/dnbr/32da758a8fccd623.tif
MCD64A1.A2017091.h26v06.061.2021312122336_r2128_c1856,2017-04-16,2017,4,106,MCD64A1.A2017091.h26v06.061.2021312122336,94.06030950998066,21.13124999807271,80,20.0,224,10,a861311678a7f970,neg,test,Asia,Myanmar,94.18835512922328,21.04993179078111,0,10,tree_cover,forest,tropical,N,tropical_moist,S2A_MSIL2A_20170406T040541_R047_T46QFJ_20210209T050748,S2A_MSIL2A_20170426T040551_R047_T46QFJ_20210209T104410,2017-04-06T04:05:41.026000Z,2017-04-26T04:05:51.026000Z,2017-04-06,2017-04-26,0.17,-10,10,8.788163,9.382922,1.0,1.0,-0.015626361593604088,-0.0182567797601223,0.05453357473015785,-0.05169587582349777,0.0189129076898098,0.04951389133930206,-0.5176975727081299,0.4117494821548462,1.0,0.0224609375,0.0004384566326530612,0.0,1,unburned_or_regrowth,-1,not_applicable,png,images/pre/a861311678a7f970.png,images/post/a861311678a7f970.png,images/dnbr/a861311678a7f970.png,geotiff/pre/a861311678a7f970.tif,geotiff/post/a861311678a7f970.tif,geotiff/dnbr/a861311678a7f970.tif
MCD64A1.A2019032.h25v07.061.2021309103808_r1433_c1603,2019-02-25,2019,2,56,MCD64A1.A2019032.h25v07.061.2021309103808,79.03806527333236,14.02708333203652,229,57.25,224,10,419c919a35677d0f,burn,train,Asia,India,79.06812838398592,14.02708333203652,1,20,shrubland,shrubland_chaparral,tropical,N,tropical_dry,S2A_MSIL2A_20190203T051021_R019_T44PKA_20201007T133440,S2A_MSIL2A_20190315T050651_R019_T44PKA_20201007T065107,2019-02-03T05:10:21.024000Z,2019-03-15T05:06:51.024000Z,2019-02-03,2019-03-15,3.5,-22,18,0.525722,0.009091,1.0,1.0,0.24058540165424347,0.2426527440547943,0.055574946105480194,0.20571324229240417,0.277925580739975,0.30963683128356934,0.02899642288684845,0.42695245146751404,1.0,0.9900550063775511,0.30113998724489793,0.0,2,low,0,low,png,images/pre/419c919a35677d0f.png,images/post/419c919a35677d0f.png,images/dnbr/419c919a35677d0f.png,geotiff/pre/419c919a35677d0f.tif,geotiff/post/419c919a35677d0f.tif,geotiff/dnbr/419c919a35677d0f.tif
MCD64A1.A2019032.h25v07.061.2021309103808_r1433_c1603,2019-02-25,2019,2,56,MCD64A1.A2019032.h25v07.061.2021309103808,79.03806527333236,14.02708333203652,229,57.25,224,10,621b250cc600ee7f,neg,train,Asia,India,78.82547795460327,14.01267126227675,0,20,shrubland,shrubland_chaparral,tropical,N,tropical_dry,S2B_MSIL2A_20190119T051129_R019_T44PKA_20201008T025403,S2A_MSIL2A_20190315T050651_R019_T44PKA_20201007T065107,2019-01-19T05:11:29.024000Z,2019-03-15T05:06:51.024000Z,2019-01-19,2019-03-15,4.63,-37,18,0.449292,0.009091,1.0,1.0,0.004351254086941481,-0.0009986907243728638,0.050769638270139694,-0.019677860662341118,0.02173522859811783,0.04944028705358505,-0.4099339246749878,0.6768772602081299,1.0,0.02564971301020408,0.004264987244897959,0.0015545280612244898,1,unburned_or_regrowth,-1,not_applicable,png,images/pre/621b250cc600ee7f.png,images/post/621b250cc600ee7f.png,images/dnbr/621b250cc600ee7f.png,geotiff/pre/621b250cc600ee7f.tif,geotiff/post/621b250cc600ee7f.tif,geotiff/dnbr/621b250cc600ee7f.tif
MCD64A1.A2020032.h27v07.061.2021309111153_r896_c1160,2020-02-22,2020,2,53,MCD64A1.A2020032.h27v07.061.2021309111153,98.78909460770423,16.26458333183827,658,164.5,224,10,3f3daa2fdf5ff62a,burn,train,Asia,Myanmar,98.79748338570289,16.28124999850346,1,10,tree_cover,forest,tropical,N,tropical_moist,S2B_MSIL2A_20200130T035009_R104_T47QMU_20201002T153507,S2B_MSIL2A_20200310T034549_R104_T47QMU_20201005T060401,2020-01-30T03:50:09.024000Z,2020-03-10T03:45:49.024000Z,2020-01-30,2020-03-10,4.33,-23,17,1.449451,0.283974,1.0,1.0,0.17449341714382172,0.18479853868484497,0.09281826764345169,0.11536677181720734,0.235443577170372,0.2824406027793884,-0.3200175166130066,0.5702051520347595,1.0,0.7868901466836735,0.12920519770408162,0.0020527742346938774,2,low,0,low,png,images/pre/3f3daa2fdf5ff62a.png,images/post/3f3daa2fdf5ff62a.png,images/dnbr/3f3daa2fdf5ff62a.png,geotiff/pre/3f3daa2fdf5ff62a.tif,geotiff/post/3f3daa2fdf5ff62a.tif,geotiff/dnbr/3f3daa2fdf5ff62a.tif
MCD64A1.A2020032.h27v07.061.2021309111153_r896_c1160,2020-02-22,2020,2,53,MCD64A1.A2020032.h27v07.061.2021309111153,98.78909460770423,16.26458333183827,658,164.5,224,10,021337d79e4cd918,neg,train,Asia,Myanmar,98.94655033970392,16.271071629378426,0,10,tree_cover,forest,tropical,N,tropical_moist,S2A_MSIL2A_20200214T034841_R104_T47PMT_20201001T230102,S2B_MSIL2A_20200310T034549_R104_T47PMT_20201027T095050,2020-02-14T03:48:41.024000Z,2020-03-10T03:45:49.024000Z,2020-02-14,2020-03-10,2.87,-8,17,0.874609,0.081606,0.9571508290816326,0.9821428571428571,0.024064652621746063,0.02465718984603882,0.03466695919632912,0.008515357971191406,0.04092204570770264,0.058384209871292114,-0.3936827480792999,0.8710062503814697,0.9571508290816326,0.012376434948979591,0.0004185267857142857,0.0002192283163265306,1,unburned_or_regrowth,-1,not_applicable,png,images/pre/021337d79e4cd918.png,images/post/021337d79e4cd918.png,images/dnbr/021337d79e4cd918.png,geotiff/pre/021337d79e4cd918.tif,geotiff/post/021337d79e4cd918.tif,geotiff/dnbr/021337d79e4cd918.tif
MCD64A1.A2020032.h25v07.061.2021309111138_r1482_c1028,2020-02-15,2020,2,46,MCD64A1.A2020032.h25v07.061.2021309111138,76.50097708636444,13.822916665387945,20,5.0,224,10,4a6839a968b06b01,burn,val,Asia,India,76.50389933459273,13.818749998721646,1,20,shrubland,shrubland_chaparral,tropical,N,tropical_dry,S2B_MSIL2A_20200127T052059_R062_T43PFR_20201002T124627,S2A_MSIL2A_20200221T051831_R062_T43PFR_20200927T125509,2020-01-27T05:20:59.024000Z,2020-02-21T05:18:31.024000Z,2020-01-27,2020-02-21,2.47,-19,6,0.015239,0.017409,1.0,1.0,0.19162338972091675,0.11685723811388016,0.17407239973545074,0.07272200286388397,0.304965615272522,0.49057841300964355,-0.24024441838264465,0.7204157114028931,1.0,0.5860371492346939,0.27182318239795916,0.14955357142857142,2,low,0,low,png,images/pre/4a6839a968b06b01.png,images/post/4a6839a968b06b01.png,images/dnbr/4a6839a968b06b01.png,geotiff/pre/4a6839a968b06b01.tif,geotiff/post/4a6839a968b06b01.tif,geotiff/dnbr/4a6839a968b06b01.tif
MCD64A1.A2020032.h25v07.061.2021309111138_r1482_c1028,2020-02-15,2020,2,46,MCD64A1.A2020032.h25v07.061.2021309111138,76.50097708636444,13.822916665387945,20,5.0,224,10,95d89c28871ddcb3,neg,val,Asia,India,76.57265430469097,13.81650019475979,0,20,shrubland,shrubland_chaparral,tropical,N,tropical_dry,S2B_MSIL2A_20200127T052059_R062_T43PFR_20201002T124627,S2A_MSIL2A_20200221T051831_R062_T43PFR_20200927T125509,2020-01-27T05:20:59.024000Z,2020-02-21T05:18:31.024000Z,2020-01-27,2020-02-21,2.47,-19,6,0.015239,0.017409,1.0,1.0,-0.009879618883132935,-0.010755185037851334,0.052918847650289536,-0.031557004898786545,0.014427021145820618,0.04076582193374634,-0.5653765797615051,0.4077395498752594,1.0,0.016561702806122448,0.0014748086734693877,0.0,1,unburned_or_regrowth,-1,not_applicable,png,images/pre/95d89c28871ddcb3.png,images/post/95d89c28871ddcb3.png,images/dnbr/95d89c28871ddcb3.png,geotiff/pre/95d89c28871ddcb3.tif,geotiff/post/95d89c28871ddcb3.tif,geotiff/dnbr/95d89c28871ddcb3.tif
MCD64A1.A2020061.h28v07.061.2021309111318_r1664_c221,2020-03-02,2020,3,62,MCD64A1.A2020061.h28v07.061.2021309111318,103.60463106451344,13.064583332121803,3,0.75,224,10,ee1c9c7fe430affb,burn,test,Asia,Cambodia,103.60288298056079,13.060416665455504,1,10,tree_cover,forest,tropical,N,tropical_moist,S2B_MSIL2A_20200223T032739_R018_T48PUV_20200927T234409,S2A_MSIL2A_20200309T032551_R018_T48PUV_20201003T024821,2020-02-23T03:27:39.024000Z,2020-03-09T03:25:51.024000Z,2020-02-23,2020-03-09,1.8,-8,7,0.084542,0.07271,1.0,1.0,0.22754409909248352,0.17160989344120026,0.18806248903274536,0.10236240923404694,0.26931464672088623,0.5664639472961426,-0.5761561989784241,0.9274991750717163,1.0,0.7597855548469388,0.2489437181122449,0.15230389030612246,2,low,0,low,png,images/pre/ee1c9c7fe430affb.png,images/post/ee1c9c7fe430affb.png,images/dnbr/ee1c9c7fe430affb.png,geotiff/pre/ee1c9c7fe430affb.tif,geotiff/post/ee1c9c7fe430affb.tif,geotiff/dnbr/ee1c9c7fe430affb.tif
MCD64A1.A2020061.h28v07.061.2021309111318_r1664_c221,2020-03-02,2020,3,62,MCD64A1.A2020061.h28v07.061.2021309111318,103.60463106451344,13.064583332121803,3,0.75,224,10,a37b309e2dc5937c,neg,test,Asia,Cambodia,103.5938472197943,13.156398779539082,0,10,tree_cover,forest,tropical,N,tropical_moist,S2B_MSIL2A_20200223T032739_R018_T48PUV_20200927T234409,S2A_MSIL2A_20200309T032551_R018_T48PUV_20201003T024821,2020-02-23T03:27:39.024000Z,2020-03-09T03:25:51.024000Z,2020-02-23,2020-03-09,1.8,-8,7,0.084542,0.07271,1.0,1.0,-0.16510416567325592,-0.17968523502349854,0.08526460081338882,-0.21515676379203796,-0.13291507959365845,-0.054699309170246124,-0.6179818511009216,0.4747236371040344,1.0,0.006776147959183673,0.0004384566326530612,5.978954081632653e-05,1,unburned_or_regrowth,-1,not_applicable,png,images/pre/a37b309e2dc5937c.png,images/post/a37b309e2dc5937c.png,images/dnbr/a37b309e2dc5937c.png,geotiff/pre/a37b309e2dc5937c.tif,geotiff/post/a37b309e2dc5937c.tif,geotiff/dnbr/a37b309e2dc5937c.tif
MCD64A1.A2019032.h29v09.061.2021309103820_r844_c1284,2019-02-04,2019,2,35,MCD64A1.A2019032.h29v09.061.2021309103820,115.56995963771934,-3.518749999730027,4,1.0,224,10,8ebc6ff8bd1727f5,burn,train,Asia,Indonesia,115.57413417436032,-3.518749999730027,1,10,tree_cover,forest,tropical,S,tropical_moist,S2B_MSIL2A_20190111T023049_R046_T50MLB_20201008T004102,S2A_MSIL2A_20190215T022801_R046_T50MLB_20201007T165503,2019-01-11T02:30:49.024000Z,2019-02-15T02:28:01.024000Z,2019-01-11,2019-02-15,2.8,-24,11,22.338844,12.23472,0.9958545918367347,0.9959343112244898,0.2664268910884857,0.06632202863693237,0.32004642486572266,0.013143658638000488,0.6621594429016113,0.7563060522079468,-0.1788703203201294,0.8734294176101685,0.9949776785714286,0.43221859056122447,0.35024713010204084,0.33201132015306123,2,low,0,low,png,images/pre/8ebc6ff8bd1727f5.png,images/post/8ebc6ff8bd1727f5.png,images/dnbr/8ebc6ff8bd1727f5.png,geotiff/pre/8ebc6ff8bd1727f5.tif,geotiff/post/8ebc6ff8bd1727f5.tif,geotiff/dnbr/8ebc6ff8bd1727f5.tif
MCD64A1.A2019032.h29v09.061.2021309103820_r844_c1284,2019-02-04,2019,2,35,MCD64A1.A2019032.h29v09.061.2021309103820,115.56995963771934,-3.518749999730027,4,1.0,224,10,195fb7e678858877,neg,train,Asia,Indonesia,115.5302021712753,-3.559266122965112,0,10,tree_cover,forest,tropical,S,tropical_moist,S2B_MSIL2A_20190111T023049_R046_T50MLB_20201008T004102,S2A_MSIL2A_20190215T022801_R046_T50MLB_20201007T165503,2019-01-11T02:30:49.024000Z,2019-02-15T02:28:01.024000Z,2019-01-11,2019-02-15,2.8,-24,11,22.338844,12.23472,0.9925860969387755,1.0,-0.022852063179016113,-0.020686209201812744,0.04123338684439659,-0.03989940881729126,-0.003501206636428833,0.014961888082325459,-0.3931933641433716,0.3175950050354004,0.9925860969387755,0.008928571428571428,3.985969387755102e-05,0.0,1,unburned_or_regrowth,-1,not_applicable,png,images/pre/195fb7e678858877.png,images/post/195fb7e678858877.png,images/dnbr/195fb7e678858877.png,geotiff/pre/195fb7e678858877.tif,geotiff/post/195fb7e678858877.tif,geotiff/dnbr/195fb7e678858877.tif
MCD64A1.A2019032.h27v07.061.2021309103811_r440_c863,2019-02-16,2019,2,47,MCD64A1.A2019032.h27v07.061.2021309103811,98.50702032671643,18.16458333166992,1105,276.25,224,10,de90633d3a2ada63,burn,train,Asia,Thailand,98.56246305875723,18.122916665006947,1,10,tree_cover,forest,tropical,N,tropical_moist,S2A_MSIL2A_20190209T034911_R104_T47QMA_20201007T151156,S2B_MSIL2A_20190224T034739_R104_T47QMA_20201007T201128,2019-02-09T03:49:11.024000Z,2019-02-24T03:47:39.024000Z,2019-02-09,2019-02-24,1.53,-7,8,0.047193,0.022039,1.0,1.0,0.23081067204475403,0.23940648138523102,0.09831171482801437,0.16723336279392242,0.29783013463020325,0.3494604527950287,-0.43807464838027954,0.5542389154434204,1.0,0.8887914540816326,0.3640186543367347,0.009028220663265306,2,low,0,low,png,images/pre/de90633d3a2ada63.png,images/post/de90633d3a2ada63.png,images/dnbr/de90633d3a2ada63.png,geotiff/pre/de90633d3a2ada63.tif,geotiff/post/de90633d3a2ada63.tif,geotiff/dnbr/de90633d3a2ada63.tif
MCD64A1.A2019032.h27v07.061.2021309103811_r440_c863,2019-02-16,2019,2,47,MCD64A1.A2019032.h27v07.061.2021309103811,98.50702032671643,18.16458333166992,1105,276.25,224,10,9251784c6e767fea,neg,train,Asia,Thailand,98.0965025022192,18.16548271266026,0,10,tree_cover,forest,tropical,N,tropical_moist,S2B_MSIL2A_20190207T035929_R004_T47QLA_20201007T144849,S2A_MSIL2A_20190222T035751_R004_T47QMA_20201007T192245,2019-02-07T03:59:29.024000Z,2019-02-22T03:57:51.024000Z,2019-02-07,2019-02-22,1.63,-9,6,0.001443,0.001468,1.0,1.0,-0.0025093918666243553,-0.005920380353927612,0.04719876870512962,-0.01877950131893158,0.006861001253128052,0.02327379584312439,-0.4502088725566864,0.5328717827796936,1.0,0.016541772959183673,0.007095025510204082,0.002272002551020408,1,unburned_or_regrowth,-1,not_applicable,png,images/pre/9251784c6e767fea.png,images/post/9251784c6e767fea.png,images/dnbr/9251784c6e767fea.png,geotiff/pre/9251784c6e767fea.tif,geotiff/post/9251784c6e767fea.tif,geotiff/dnbr/9251784c6e767fea.tif
MCD64A1.A2020061.h21v04.061.2021309111249_r838_c858,2020-03-10,2020,3,70,MCD64A1.A2020061.h21v04.061.2021309111249,48.7843690283132,46.50624999580156,6,1.5,224,10,ef8adc29db723f89,burn,test,Asia,Kazakhstan,48.780630131915665,46.50208332913527,1,90,herbaceous_wetland,wetland,temperate,N,temperate_other,S2A_MSIL2A_20200226T074901_R135_T38TQS_20200928T112734,S2A_MSIL2A_20200327T074611_R135_T39TUM_20201027T112702,2020-02-26T07:49:01.024000Z,2020-03-27T07:46:11.024000Z,2020-02-26,2020-03-27,2.83,-13,17,1.363194,0.22832,0.9864477040816326,1.0,0.1688540279865265,0.17557039856910706,0.18729133903980255,0.043136268854141235,0.2891227602958679,0.40088632702827454,-1.1259994506835938,0.9175553321838379,0.9864477040816326,0.6439931441326531,0.2844786352040816,0.06997369260204081,2,low,0,low,png,images/pre/ef8adc29db723f89.png,images/post/ef8adc29db723f89.png,images/dnbr/ef8adc29db723f89.png,geotiff/pre/ef8adc29db723f89.tif,geotiff/post/ef8adc29db723f89.tif,geotiff/dnbr/ef8adc29db723f89.tif
MCD64A1.A2020061.h21v04.061.2021309111249_r838_c858,2020-03-10,2020,3,70,MCD64A1.A2020061.h21v04.061.2021309111249,48.7843690283132,46.50624999580156,6,1.5,224,10,07a634f637ed9a43,neg,test,Asia,Kazakhstan,48.761190113725874,46.560719807632395,0,90,herbaceous_wetland,wetland,temperate,N,temperate_other,S2A_MSIL2A_20200226T074901_R135_T38TQS_20200928T112734,S2B_MSIL2A_20200401T074609_R135_T39TUM_20200924T143412,2020-02-26T07:49:01.024000Z,2020-04-01T07:46:09.024000Z,2020-02-26,2020-04-01,2.87,-13,22,1.363194,0.042904,0.9851721938775511,1.0,-0.027386397123336792,-0.012275319546461105,0.10962686687707901,-0.0520947128534317,0.02538827806711197,0.057315852493047714,-1.3794124126434326,0.34118860960006714,0.9851721938775511,0.02375637755102041,5.978954081632653e-05,0.0,1,unburned_or_regrowth,-1,not_applicable,png,images/pre/07a634f637ed9a43.png,images/post/07a634f637ed9a43.png,images/dnbr/07a634f637ed9a43.png,geotiff/pre/07a634f637ed9a43.tif,geotiff/post/07a634f637ed9a43.tif,geotiff/dnbr/07a634f637ed9a43.tif
MCD64A1.A2019032.h29v08.061.2021309103820_r1087_c1206,2019-02-16,2019,2,47,MCD64A1.A2019032.h29v08.061.2021309103820,115.5530430981172,5.468749999465563,33,8.25,224,10,288f6da11ac985de,burn,train,Asia,Malaysia,115.55883915148657,5.477083332798151,1,20,shrubland,shrubland_chaparral,tropical,N,tropical_dry,S2A_MSIL2A_20190208T023851_R089_T50NLM_20201007T145414,S2B_MSIL2A_20190302T022619_R046_T50NLM_20201030T081518,2019-02-08T02:38:51.024000Z,2019-03-02T02:26:19.024000Z,2019-02-08,2019-03-02,12.53,-8,14,1.733434,1.657258,0.8485331632653061,1.0,0.3609554171562195,0.2577609121799469,0.30173131823539734,0.10335007309913635,0.6415537595748901,0.7934333086013794,-0.5352604389190674,1.0013399124145508,0.8485331632653061,0.6439931441326531,0.4178890306122449,0.3484733737244898,3,moderate,1,moderate,png,images/pre/288f6da11ac985de.png,images/post/288f6da11ac985de.png,images/dnbr/288f6da11ac985de.png,geotiff/pre/288f6da11ac985de.tif,geotiff/post/288f6da11ac985de.tif,geotiff/dnbr/288f6da11ac985de.tif
MCD64A1.A2019032.h29v08.061.2021309103820_r1087_c1206,2019-02-16,2019,2,47,MCD64A1.A2019032.h29v08.061.2021309103820,115.5530430981172,5.468749999465563,33,8.25,224,10,bed8a8a3509935a6,neg,train,Asia,Malaysia,115.62009055326276,5.498118481786692,0,20,shrubland,shrubland_chaparral,tropical,N,tropical_dry,S2B_MSIL2A_20190210T022839_R046_T50NLM_20201007T153743,S2B_MSIL2A_20190302T022619_R046_T50NLM_20201030T081518,2019-02-10T02:28:39.024000Z,2019-03-02T02:26:19.024000Z,2019-02-10,2019-03-02,2.33,-6,14,6.431656,1.657258,0.8865593112244898,1.0,-0.02088521048426628,0.007301554083824158,0.10536779463291168,-0.00847962498664856,0.020260781049728394,0.04403622820973396,-0.785444438457489,0.5118200182914734,0.8865593112244898,0.008709343112244899,0.00047831632653061223,0.00013950892857142856,1,unburned_or_regrowth,-1,not_applicable,png,images/pre/bed8a8a3509935a6.png,images/post/bed8a8a3509935a6.png,images/dnbr/bed8a8a3509935a6.png,geotiff/pre/bed8a8a3509935a6.tif,geotiff/post/bed8a8a3509935a6.tif,geotiff/dnbr/bed8a8a3509935a6.tif
MCD64A1.A2020032.h28v07.061.2021309111157_r1944_c470,2020-02-09,2020,2,40,MCD64A1.A2020032.h28v07.061.2021309111157,104.19897723410261,11.897916665558506,113,28.25,224,10,38667cf028863498,burn,train,Asia,Cambodia,104.18301613602358,11.92291666555629,1,10,tree_cover,forest,tropical,N,tropical_moist,S2B_MSIL2A_20200114T033109_R018_T48PVU_20201002T183423,S2B_MSIL2A_20200223T032739_R018_T48PVU_20200927T234408,2020-01-14T03:31:09.024000Z,2020-02-23T03:27:39.024000Z,2020-01-14,2020-02-23,3.5,-26,14,0.022225,2.826736,1.0,1.0,0.24169516563415527,0.23724520206451416,0.2027071863412857,0.05345568805932999,0.3749043345451355,0.5047608613967896,-0.191941037774086,0.9455974102020264,1.0,0.6798070790816326,0.440250318877551,0.16416214923469388,2,low,0,low,png,images/pre/38667cf028863498.png,images/post/38667cf028863498.png,images/dnbr/38667cf028863498.png,geotiff/pre/38667cf028863498.tif,geotiff/post/38667cf028863498.tif,geotiff/dnbr/38667cf028863498.tif
MCD64A1.A2020032.h28v07.061.2021309111157_r1944_c470,2020-02-09,2020,2,40,MCD64A1.A2020032.h28v07.061.2021309111157,104.19897723410261,11.897916665558506,113,28.25,224,10,0984bc174058b5c2,neg,train,Asia,Cambodia,104.25599037759164,12.007525695549571,0,40,cropland,cropland,tropical,N,boreal_other,S2A_MSIL2A_20191230T033141_R018_T48PVU_20201003T110813,S2B_MSIL2A_20200223T032739_R018_T48PVU_20200927T234408,2019-12-30T03:31:41.024000Z,2020-02-23T03:27:39.024000Z,2019-12-30,2020-02-23,4.03,-41,14,0.021825,2.826736,1.0,1.0,0.0025758843403309584,0.0024206042289733887,0.03746446967124939,-0.020109251141548157,0.02487744390964508,0.04796454310417175,-0.18801665306091309,0.2778368592262268,1.0,0.0087890625,1.992984693877551e-05,0.0,1,unburned_or_regrowth,-1,not_applicable,png,images/pre/0984bc174058b5c2.png,images/post/0984bc174058b5c2.png,images/dnbr/0984bc174058b5c2.png,geotiff/pre/0984bc174058b5c2.tif,geotiff/post/0984bc174058b5c2.tif,geotiff/dnbr/0984bc174058b5c2.tif
MCD64A1.A2019032.h28v08.061.2021309103811_r190_c835,2019-02-23,2019,2,54,MCD64A1.A2019032.h28v08.061.2021309103811,104.83160488143933,9.206249999131046,36,9.0,224,10,b7093017b18d5bf5,burn,train,Asia,Vietnam,104.82913484395122,9.197916665798457,1,10,tree_cover,forest,tropical,N,tropical_moist,S2B_MSIL2A_20190215T031829_R118_T48PVR_20201030T012908,S2A_MSIL2A_20190302T031641_R118_T48PVR_20201105T080653,2019-02-15T03:18:29.024000Z,2019-03-02T03:16:41.024000Z,2019-02-15,2019-03-02,1.8,-8,7,6.979764,12.103344,0.9431202168367347,1.0,0.30586177110671997,0.3491915464401245,0.1915750950574875,0.1694508045911789,0.4307668209075928,0.5135499238967896,-0.6039740443229675,1.1407852172851562,0.9431202168367347,0.7749123086734694,0.6065449617346939,0.21324936224489796,3,moderate,1,moderate,png,images/pre/b7093017b18d5bf5.png,images/post/b7093017b18d5bf5.png,images/dnbr/b7093017b18d5bf5.png,geotiff/pre/b7093017b18d5bf5.tif,geotiff/post/b7093017b18d5bf5.tif,geotiff/dnbr/b7093017b18d5bf5.tif
MCD64A1.A2019032.h28v08.061.2021309103811_r190_c835,2019-02-23,2019,2,54,MCD64A1.A2019032.h28v08.061.2021309103811,104.83160488143933,9.206249999131046,36,9.0,224,10,941327d1e8e8d2a1,neg,train,Asia,Vietnam,104.94961901825309,9.241465649240391,0,10,tree_cover,forest,tropical,N,tropical_moist,S2B_MSIL2A_20190215T031829_R118_T48PVR_20201030T012908,S2A_MSIL2A_20190302T031641_R118_T48PVR_20201105T080653,2019-02-15T03:18:29.024000Z,2019-03-02T03:16:41.024000Z,2019-02-15,2019-03-02,1.8,-8,7,6.979764,12.103344,0.9775191326530612,0.9962531887755102,-0.00028992886655032635,0.005491852760314941,0.0691853016614914,-0.008458033204078674,0.019226595759391785,0.036702532321214676,-0.6017736196517944,0.5613947510719299,0.9737723214285714,0.023138552295918366,0.004384566326530612,0.0003786670918367347,1,unburned_or_regrowth,-1,not_applicable,png,images/pre/941327d1e8e8d2a1.png,images/post/941327d1e8e8d2a1.png,images/dnbr/941327d1e8e8d2a1.png,geotiff/pre/941327d1e8e8d2a1.tif,geotiff/post/941327d1e8e8d2a1.tif,geotiff/dnbr/941327d1e8e8d2a1.tif
MCD64A1.A2017060.h28v07.061.2021312120249_r1433_c771,2017-03-02,2017,3,61,MCD64A1.A2017060.h28v07.061.2021312120249,106.38690650788568,14.02708333203652,26,6.5,224,10,95ddd8287bf85614,burn,val,Asia,Cambodia,106.39549596807241,14.02708333203652,1,10,tree_cover,forest,tropical,N,tropical_moist,S2A_MSIL2A_20170220T031741_R118_T48PXA_20210208T145502,S2A_MSIL2A_20170312T031531_R118_T48PXA_20210208T214323,2017-02-20T03:17:41.026000Z,2017-03-12T03:15:31.026000Z,2017-02-20,2017-03-12,2.17,-10,10,8.208184,40.015062,1.0,0.9073660714285714,0.16149376332759857,0.1853937804698944,0.1379595249891281,0.09628121554851532,0.2625487744808197,0.31041595339775085,-0.3869267702102661,0.5392912030220032,0.9073660714285714,0.6731704400510204,0.20561623086734693,0.0027503188775510204,2,low,0,low,png,images/pre/95ddd8287bf85614.png,images/post/95ddd8287bf85614.png,images/dnbr/95ddd8287bf85614.png,geotiff/pre/95ddd8287bf85614.tif,geotiff/post/95ddd8287bf85614.tif,geotiff/dnbr/95ddd8287bf85614.tif
MCD64A1.A2017060.h28v07.061.2021312120249_r1433_c771,2017-03-02,2017,3,61,MCD64A1.A2017060.h28v07.061.2021312120249,106.38690650788568,14.02708333203652,26,6.5,224,10,2a5d62e3d4d202cb,neg,val,Asia,Cambodia,106.38909688056766,13.91676235452761,0,10,tree_cover,forest,tropical,N,tropical_moist,S2A_MSIL2A_20170220T031741_R118_T48PXA_20210208T145502,S2A_MSIL2A_20170322T033241_R118_T48PXA_20210209T003607,2017-02-20T03:17:41.026000Z,2017-03-22T03:32:41.026000Z,2017-02-20,2017-03-22,15.0,-10,20,8.208184,29.860767,1.0,0.9708227040816326,-0.02698523737490177,-0.022160828113555908,0.03714476898312569,-0.044070035219192505,-0.005737222731113434,0.008736382238566875,-0.26908090710639954,0.3270530700683594,0.9708227040816326,0.0047831632653061226,0.0003587372448979592,0.0,1,unburned_or_regrowth,-1,not_applicable,png,images/pre/2a5d62e3d4d202cb.png,images/post/2a5d62e3d4d202cb.png,images/dnbr/2a5d62e3d4d202cb.png,geotiff/pre/2a5d62e3d4d202cb.tif,geotiff/post/2a5d62e3d4d202cb.tif,geotiff/dnbr/2a5d62e3d4d202cb.tif
MCD64A1.A2020032.h27v07.061.2021309111153_r864_c1747,2020-02-24,2020,2,55,MCD64A1.A2020032.h27v07.061.2021309111153,101.406016778399,16.39791666515979,175,43.75,224,10,c729c84d9fc9633b,burn,train,Asia,Thailand,101.42774202374444,16.431249998490166,1,10,tree_cover,forest,tropical,N,tropical_moist,S2A_MSIL2A_20200211T033851_R061_T47QQU_20201001T163722,S2A_MSIL2A_20200312T033531_R061_T47QQU_20201007T001854,2020-02-11T03:38:51.024000Z,2020-03-12T03:35:31.024000Z,2020-02-11,2020-03-12,3.33,-13,17,0.007346,1.227786,1.0,1.0,0.2258097380399704,0.1907850056886673,0.20002219080924988,0.038550034165382385,0.38131415843963623,0.4939732551574707,-0.1765296459197998,0.9340451955795288,1.0,0.5694156568877551,0.4373804209183674,0.15306122448979592,2,low,0,low,png,images/pre/c729c84d9fc9633b.png,images/post/c729c84d9fc9633b.png,images/dnbr/c729c84d9fc9633b.png,geotiff/pre/c729c84d9fc9633b.tif,geotiff/post/c729c84d9fc9633b.tif,geotiff/dnbr/c729c84d9fc9633b.tif
MCD64A1.A2020032.h27v07.061.2021309111153_r864_c1747,2020-02-24,2020,2,55,MCD64A1.A2020032.h27v07.061.2021309111153,101.406016778399,16.39791666515979,175,43.75,224,10,8a68cd8d1dd91050,neg,train,Asia,Thailand,101.49286113084777,16.375631449355076,0,10,tree_cover,forest,tropical,N,tropical_moist,S2A_MSIL2A_20200211T033851_R061_T47QQU_20201001T163722,S2A_MSIL2A_20200312T033531_R061_T47QQU_20201007T001854,2020-02-11T03:38:51.024000Z,2020-03-12T03:35:31.024000Z,2020-02-11,2020-03-12,3.33,-13,17,0.007346,1.227786,1.0,1.0,0.0060440972447395325,0.009485200047492981,0.04363230988383293,-0.019466422498226166,0.03417714685201645,0.055895447731018066,-0.41454529762268066,0.24166138470172882,1.0,0.01211734693877551,0.0,0.0,1,unburned_or_regrowth,-1,not_applicable,png,images/pre/8a68cd8d1dd91050.png,images/post/8a68cd8d1dd91050.png,images/dnbr/8a68cd8d1dd91050.png,geotiff/pre/8a68cd8d1dd91050.tif,geotiff/post/8a68cd8d1dd91050.tif,geotiff/dnbr/8a68cd8d1dd91050.tif
MCD64A1.A2020032.h26v07.061.2021309111143_r42_c2136,2020-02-02,2020,2,33,MCD64A1.A2020032.h26v07.061.2021309111143,94.5017657748646,19.82291666485632,3,0.75,224,10,5dc1a7a23893a82f,burn,train,Asia,Myanmar,94.5017657748646,19.82291666485632,1,10,tree_cover,forest,tropical,N,tropical_moist,S2A_MSIL2A_20200121T041101_R047_T46QFG_20201002T030429,S2A_MSIL2A_20200210T040911_R047_T46QFG_20201001T135100,2020-01-21T04:11:01.024000Z,2020-02-10T04:09:11.024000Z,2020-01-21,2020-02-10,1.83,-12,8,0.001022,0.000584,1.0,1.0,0.1875191479921341,0.18699118494987488,0.07233598828315735,0.13906988501548767,0.23964828252792358,0.277505487203598,-0.04846426472067833,1.0250509977340698,1.0,0.8878148915816326,0.12521922831632654,0.001833545918367347,2,low,0,low,png,images/pre/5dc1a7a23893a82f.png,images/post/5dc1a7a23893a82f.png,images/dnbr/5dc1a7a23893a82f.png,geotiff/pre/5dc1a7a23893a82f.tif,geotiff/post/5dc1a7a23893a82f.tif,geotiff/dnbr/5dc1a7a23893a82f.tif
MCD64A1.A2020032.h26v07.061.2021309111143_r42_c2136,2020-02-02,2020,2,33,MCD64A1.A2020032.h26v07.061.2021309111143,94.5017657748646,19.82291666485632,3,0.75,224,10,ecdc351b278d97db,neg,train,Asia,Myanmar,94.44395212817446,19.776191803217166,0,10,tree_cover,forest,tropical,N,tropical_moist,S2A_MSIL2A_20200121T041101_R047_T46QFG_20201002T030429,S2A_MSIL2A_20200210T040911_R047_T46QFG_20201001T135100,2020-01-21T04:11:01.024000Z,2020-02-10T04:09:11.024000Z,2020-01-21,2020-02-10,1.83,-12,8,0.001022,0.000584,1.0,1.0,0.017188649624586105,0.017944544553756714,0.03172799199819565,-0.00020350515842437744,0.035306721925735474,0.05396983027458191,-0.23826467990875244,0.4098377525806427,1.0,0.006596779336734694,0.0002192283163265306,0.0,1,unburned_or_regrowth,-1,not_applicable,png,images/pre/ecdc351b278d97db.png,images/post/ecdc351b278d97db.png,images/dnbr/ecdc351b278d97db.png,geotiff/pre/ecdc351b278d97db.tif,geotiff/post/ecdc351b278d97db.tif,geotiff/dnbr/ecdc351b278d97db.tif
MCD64A1.A2017060.h24v06.061.2021312120014_r1027_c2280,2017-03-30,2017,3,89,MCD64A1.A2017060.h24v06.061.2021312120014,77.1443875696499,25.71874999766212,117,29.25,224,10,e2db47f4e554075f,burn,val,Asia,India,77.13513792035047,25.71874999766212,1,10,tree_cover,forest,subtropical,N,subtropical,S2A_MSIL2A_20170321T052641_R105_T43RGJ_20210209T001849,S2A_MSIL2A_20170410T052641_R105_T43RGJ_20210209T062154,2017-03-21T05:26:41.026000Z,2017-04-10T05:26:41.026000Z,2017-03-21,2017-04-10,0.0,-9,11,0.001413,0.174335,1.0,1.0,0.16943132877349854,0.17549428343772888,0.061741843819618225,0.13799716532230377,0.20999924838542938,0.24097153544425964,-0.15495741367340088,0.37598687410354614,1.0,0.8839684311224489,0.03053252551020408,0.0,2,low,0,low,png,images/pre/e2db47f4e554075f.png,images/post/e2db47f4e554075f.png,images/dnbr/e2db47f4e554075f.png,geotiff/pre/e2db47f4e554075f.tif,geotiff/post/e2db47f4e554075f.tif,geotiff/dnbr/e2db47f4e554075f.tif
MCD64A1.A2017060.h24v06.061.2021312120014_r1027_c2280,2017-03-30,2017,3,89,MCD64A1.A2017060.h24v06.061.2021312120014,77.1443875696499,25.71874999766212,117,29.25,224,10,21146566c161d249,neg,val,Asia,India,77.17765191611656,25.8065121681964,0,10,tree_cover,forest,subtropical,N,subtropical,S2A_MSIL2A_20170321T052641_R105_T43RGJ_20210209T001849,S2A_MSIL2A_20170410T052641_R105_T43RGJ_20210209T062154,2017-03-21T05:26:41.026000Z,2017-04-10T05:26:41.026000Z,2017-03-21,2017-04-10,0.0,-9,11,0.001413,0.174335,1.0,0.9995216836734694,-0.008427088148891926,-0.010099684819579124,0.030735500156879425,-0.027357762679457664,0.007351474836468697,0.029592160135507584,-0.1877233386039734,0.13898532092571259,0.9995216836734694,0.0021324936224489796,0.0,0.0,1,unburned_or_regrowth,-1,not_applicable,png,images/pre/21146566c161d249.png,images/post/21146566c161d249.png,images/dnbr/21146566c161d249.png,geotiff/pre/21146566c161d249.tif,geotiff/post/21146566c161d249.tif,geotiff/dnbr/21146566c161d249.tif
MCD64A1.A2019032.h24v05.061.2021309103812_r1714_c46,2019-02-14,2019,2,45,MCD64A1.A2019032.h24v05.061.2021309103812,71.6562935875405,32.85624999702328,16,4.0,224,10,70ed21d789cb4182,burn,train,Asia,Pakistan,71.66284819725604,32.85208333035699,1,20,shrubland,shrubland_chaparral,subtropical,N,mediterranean_or_dry,S2B_MSIL2A_20190124T060139_R091_T42SYB_20201008T041727,S2B_MSIL2A_20190305T055729_R091_T42SYB_20201030T164928,2019-01-24T06:01:39.024000Z,2019-03-05T05:57:29.024000Z,2019-01-24,2019-03-05,4.17,-21,19,0.220669,0.060449,1.0,1.0,0.1844255030155182,0.17601685225963593,0.11687816679477692,0.09098818898200989,0.27186858654022217,0.3452634811401367,-0.2769829034805298,0.7590049505233765,1.0,0.7179129464285714,0.2547233737244898,0.012834821428571428,2,low,0,low,png,images/pre/70ed21d789cb4182.png,images/post/70ed21d789cb4182.png,images/dnbr/70ed21d789cb4182.png,geotiff/pre/70ed21d789cb4182.tif,geotiff/post/70ed21d789cb4182.tif,geotiff/dnbr/70ed21d789cb4182.tif
MCD64A1.A2019032.h24v05.061.2021309103812_r1714_c46,2019-02-14,2019,2,45,MCD64A1.A2019032.h24v05.061.2021309103812,71.6562935875405,32.85624999702328,16,4.0,224,10,4f3601eaa6fd45db,neg,train,Asia,Pakistan,71.71936777206344,32.83954366763312,0,20,shrubland,shrubland_chaparral,subtropical,N,mediterranean_or_dry,S2B_MSIL2A_20190124T060139_R091_T42SYB_20201008T041727,S2B_MSIL2A_20190305T055729_R091_T42SYB_20201030T164928,2019-01-24T06:01:39.024000Z,2019-03-05T05:57:29.024000Z,2019-01-24,2019-03-05,4.17,-21,19,0.220669,0.060449,1.0,1.0,-0.014285643585026264,-0.01050478219985962,0.060120660811662674,-0.041123051196336746,0.018893003463745117,0.04963235557079315,-0.44234564900398254,0.4435253143310547,1.0,0.0194515306122449,0.0007772640306122449,1.992984693877551e-05,1,unburned_or_regrowth,-1,not_applicable,png,images/pre/4f3601eaa6fd45db.png,images/post/4f3601eaa6fd45db.png,images/dnbr/4f3601eaa6fd45db.png,geotiff/pre/4f3601eaa6fd45db.tif,geotiff/post/4f3601eaa6fd45db.tif,geotiff/dnbr/4f3601eaa6fd45db.tif
MCD64A1.A2017060.h25v06.061.2021312120047_r1646_c1836,2017-03-29,2017,3,88,MCD64A1.A2017060.h25v06.061.2021312120047,84.44572244104971,23.139583331226294,47,11.75,224,10,83bd3a1872de4fe3,burn,train,Asia,India,84.45740983174638,23.143749997892588,1,10,tree_cover,forest,tropical,N,tropical_moist,S2A_MSIL2A_20170302T045711_R119_T44QRL_20210208T184627,S2A_MSIL2A_20170411T045701_R119_T45QTF_20210209T063725,2017-03-02T04:57:11.026000Z,2017-04-11T04:57:01.026000Z,2017-03-02,2017-04-11,0.17,-27,13,0.007848,0.583235,1.0,1.0,0.2891850173473358,0.3098219037055969,0.1464102566242218,0.21084412932395935,0.3905555009841919,0.45540040731430054,-0.3093225955963135,0.7165504097938538,1.0,0.8779097576530612,0.6192602040816326,0.1279894770408163,3,moderate,1,moderate,png,images/pre/83bd3a1872de4fe3.png,images/post/83bd3a1872de4fe3.png,images/dnbr/83bd3a1872de4fe3.png,geotiff/pre/83bd3a1872de4fe3.tif,geotiff/post/83bd3a1872de4fe3.tif,geotiff/dnbr/83bd3a1872de4fe3.tif
MCD64A1.A2017060.h25v06.061.2021312120047_r1646_c1836,2017-03-29,2017,3,88,MCD64A1.A2017060.h25v06.061.2021312120047,84.44572244104971,23.139583331226294,47,11.75,224,10,a2cebab272b8a317,neg,train,Asia,India,84.54150305027534,23.062519694542416,0,10,tree_cover,forest,tropical,N,tropical_moist,S2A_MSIL2A_20170302T045711_R119_T44QRL_20210208T184627,S2A_MSIL2A_20170418T044701_R076_T44QRL_20210209T083430,2017-03-02T04:57:11.026000Z,2017-04-18T04:47:01.026000Z,2017-03-02,2017-04-18,10.17,-27,20,0.007848,0.568904,1.0,0.9998405612244898,0.033503737300634384,0.034350305795669556,0.03453946113586426,0.019336402416229248,0.04966919869184494,0.06788729131221771,-0.32014328241348267,0.34011173248291016,0.9998405612244898,0.024473852040816327,0.0001992984693877551,0.0,1,unburned_or_regrowth,-1,not_applicable,png,images/pre/a2cebab272b8a317.png,images/post/a2cebab272b8a317.png,images/dnbr/a2cebab272b8a317.png,geotiff/pre/a2cebab272b8a317.tif,geotiff/post/a2cebab272b8a317.tif,geotiff/dnbr/a2cebab272b8a317.tif
MCD64A1.A2020032.h27v07.061.2021309111153_r1530_c1525,2020-02-23,2020,2,54,MCD64A1.A2020032.h27v07.061.2021309111153,99.14552362417095,13.622916665405663,31,7.75,224,10,3f8a5f35921dd3aa,burn,test,Asia,Thailand,99.13774296287053,13.61458333207307,1,10,tree_cover,forest,tropical,N,tropical_moist,S2A_MSIL2A_20200214T034841_R104_T47PNR_20201001T230059,S2B_MSIL2A_20200310T034549_R104_T47PNR_20201027T095052,2020-02-14T03:48:41.024000Z,2020-03-10T03:45:49.024000Z,2020-02-14,2020-03-10,2.87,-9,16,1.013491,0.149603,1.0,1.0,0.1985338032245636,0.08236655592918396,0.22740209102630615,0.031153514981269836,0.3272302746772766,0.5494500398635864,-0.11938369274139404,1.0331034660339355,1.0,0.47201849489795916,0.2983498086734694,0.16163105867346939,2,low,0,low,png,images/pre/3f8a5f35921dd3aa.png,images/post/3f8a5f35921dd3aa.png,images/dnbr/3f8a5f35921dd3aa.png,geotiff/pre/3f8a5f35921dd3aa.tif,geotiff/post/3f8a5f35921dd3aa.tif,geotiff/dnbr/3f8a5f35921dd3aa.tif
MCD64A1.A2020032.h27v07.061.2021309111153_r1530_c1525,2020-02-23,2020,2,54,MCD64A1.A2020032.h27v07.061.2021309111153,99.14552362417095,13.622916665405663,31,7.75,224,10,d21bd76f018fedbf,neg,test,Asia,Thailand,99.12813120790152,13.52137839272021,0,10,tree_cover,forest,tropical,N,tropical_moist,S2A_MSIL2A_20200214T034841_R104_T47PNR_20201001T230059,S2B_MSIL2A_20200330T034529_R104_T47PNR_20201021T124511,2020-02-14T03:48:41.024000Z,2020-03-30T03:45:29.024000Z,2020-02-14,2020-03-30,3.2,-9,36,1.013491,0.114166,1.0,1.0,0.017668263986706734,0.02035430073738098,0.03973207250237465,-0.005583576858043671,0.04293909668922424,0.06416253745555878,-0.23132559657096863,0.23751863837242126,1.0,0.01634247448979592,0.0,0.0,1,unburned_or_regrowth,-1,not_applicable,png,images/pre/d21bd76f018fedbf.png,images/post/d21bd76f018fedbf.png,images/dnbr/d21bd76f018fedbf.png,geotiff/pre/d21bd76f018fedbf.tif,geotiff/post/d21bd76f018fedbf.tif,geotiff/dnbr/d21bd76f018fedbf.tif
MCD64A1.A2017091.h21v04.061.2021312121917_r832_c989,2017-04-11,2017,4,101,MCD64A1.A2017091.h21v04.061.2021312121917,49.600229736364504,46.53124999579933,177,44.25,224,10,cc87afd6b691d1b0,burn,train,Asia,Kazakhstan,49.64799680875417,46.54374999579821,1,90,herbaceous_wetland,wetland,temperate,N,temperate_other,S2A_MSIL2A_20170330T073611_R092_T39TUM_20210209T030312,S2A_MSIL2A_20170419T073611_R092_T39TUM_20210209T085400,2017-03-30T07:36:11.026000Z,2017-04-19T07:36:11.026000Z,2017-03-30,2017-04-19,0.0,-12,8,21.089685,34.070998,1.0,1.0,0.19586855173110962,0.2312474101781845,0.1795760989189148,-0.009224524721503258,0.34083306789398193,0.4203827381134033,-0.18710297346115112,0.5677775740623474,1.0,0.6805245535714286,0.41856664540816324,0.06483179209183673,2,low,0,low,png,images/pre/cc87afd6b691d1b0.png,images/post/cc87afd6b691d1b0.png,images/dnbr/cc87afd6b691d1b0.png,geotiff/pre/cc87afd6b691d1b0.tif,geotiff/post/cc87afd6b691d1b0.tif,geotiff/dnbr/cc87afd6b691d1b0.tif
MCD64A1.A2017091.h21v04.061.2021312121917_r832_c989,2017-04-11,2017,4,101,MCD64A1.A2017091.h21v04.061.2021312121917,49.600229736364504,46.53124999579933,177,44.25,224,10,5f345bc8fedf8ace,neg,train,Asia,Kazakhstan,49.57614218152968,46.589062503379175,0,90,herbaceous_wetland,wetland,temperate,N,temperate_other,S2A_MSIL2A_20170310T073721_R092_T39TUM_20210208T211318,S2A_MSIL2A_20170509T073621_R092_T39TUM_20210209T141251,2017-03-10T07:37:21.026000Z,2017-05-09T07:36:21.026000Z,2017-03-10,2017-05-09,1.0,-32,28,0.773554,19.83433,0.9999202806122449,0.9999202806122449,-0.1568482369184494,-0.15207865834236145,0.05363217368721962,-0.18374590575695038,-0.12217970937490463,-0.0962987095117569,-0.5451725125312805,0.09112831950187683,0.9998405612244898,0.0,0.0,0.0,1,unburned_or_regrowth,-1,not_applicable,png,images/pre/5f345bc8fedf8ace.png,images/post/5f345bc8fedf8ace.png,images/dnbr/5f345bc8fedf8ace.png,geotiff/pre/5f345bc8fedf8ace.tif,geotiff/post/5f345bc8fedf8ace.tif,geotiff/dnbr/5f345bc8fedf8ace.tif
MCD64A1.A2017091.h27v04.061.2021312122400_r458_c4,2017-04-06,2017,4,96,MCD64A1.A2017091.h27v04.061.2021312122400,134.76509099271985,48.089583328993186,32,8.0,224,10,197c38cdc64d69b0,burn,val,Asia,China,134.75885316768372,48.089583328993186,1,90,herbaceous_wetland,wetland,temperate,N,temperate_other,S2A_MSIL2A_20170328T015651_R060_T53UMP_20210209T022259,S2A_MSIL2A_20170417T015651_R060_T53UMP_20210209T081556,2017-03-28T01:56:51.026000Z,2017-04-17T01:56:51.026000Z,2017-03-28,2017-04-17,0.0,-9,11,13.411265,21.072474,0.8914620535714286,1.0,0.25173795223236084,0.2524743676185608,0.06446615606546402,0.21711301803588867,0.28599655628204346,0.3258392810821533,-0.07079726457595825,0.7134569883346558,0.8914620535714286,0.8776108099489796,0.318180006377551,0.007473692602040816,2,low,0,low,png,images/pre/197c38cdc64d69b0.png,images/post/197c38cdc64d69b0.png,images/dnbr/197c38cdc64d69b0.png,geotiff/pre/197c38cdc64d69b0.tif,geotiff/post/197c38cdc64d69b0.tif,geotiff/dnbr/197c38cdc64d69b0.tif
MCD64A1.A2017091.h27v04.061.2021312122400_r458_c4,2017-04-06,2017,4,96,MCD64A1.A2017091.h27v04.061.2021312122400,134.76509099271985,48.089583328993186,32,8.0,224,10,bbaba6c61600a588,neg,val,Asia,China,134.79763336011038,48.048909634931164,0,90,herbaceous_wetland,wetland,temperate,N,temperate_other,S2A_MSIL2A_20170328T015651_R060_T53UMP_20210209T022259,S2A_MSIL2A_20170520T020701_R103_T53UMP_20210209T164420,2017-03-28T01:56:51.026000Z,2017-05-20T02:07:01.027000Z,2017-03-28,2017-05-20,10.17,-9,44,13.411265,7.76445,0.8641581632653061,1.0,-0.2535925805568695,-0.26327988505363464,0.1395137757062912,-0.3513091504573822,-0.1524207442998886,-0.07053697109222412,-0.9262951016426086,0.2286653369665146,0.8641581632653061,0.0018534757653061226,0.0,0.0,1,unburned_or_regrowth,-1,not_applicable,png,images/pre/bbaba6c61600a588.png,images/post/bbaba6c61600a588.png,images/dnbr/bbaba6c61600a588.png,geotiff/pre/bbaba6c61600a588.tif,geotiff/post/bbaba6c61600a588.tif,geotiff/dnbr/bbaba6c61600a588.tif
MCD64A1.A2019001.h29v07.061.2022014175311_r1119_c1406,2019-01-13,2019,1,13,MCD64A1.A2019001.h29v07.061.2022014175311,120.13803664566416,15.33541666525393,8,2.0,224,10,5c3ba98166ce6dc1,burn,val,Asia,Philippines,120.14235714758442,15.33541666525393,1,10,tree_cover,forest,tropical,N,tropical_moist,S2A_MSIL2A_20190106T023101_R046_T50PRC_20201007T231009,S2A_MSIL2A_20190123T022001_R003_T50PRC_20201008T035109,2019-01-06T02:31:01.024000Z,2019-01-23T02:20:01.024000Z,2019-01-06,2019-01-23,11.0,-7,10,2.147954,5.39377,1.0,0.9157764668367347,0.16207242012023926,0.08560255169868469,0.2544020414352417,-0.058578912168741226,0.3946744501590729,0.5104989409446716,-0.6182988882064819,1.0368021726608276,0.9157764668367347,0.4443359375,0.3503268494897959,0.17414700255102042,2,low,0,low,png,images/pre/5c3ba98166ce6dc1.png,images/post/5c3ba98166ce6dc1.png,images/dnbr/5c3ba98166ce6dc1.png,geotiff/pre/5c3ba98166ce6dc1.tif,geotiff/post/5c3ba98166ce6dc1.tif,geotiff/dnbr/5c3ba98166ce6dc1.tif
MCD64A1.A2019001.h29v07.061.2022014175311_r1119_c1406,2019-01-13,2019,1,13,MCD64A1.A2019001.h29v07.061.2022014175311,120.13803664566416,15.33541666525393,8,2.0,224,10,3f5cb4f824087692,neg,val,Asia,Philippines,120.20291126307967,15.402766126902455,0,10,tree_cover,forest,tropical,N,tropical_moist,S2B_MSIL2A_20181209T022059_R003_T50PRC_20201008T084031,S2A_MSIL2A_20190215T022801_R046_T50PRC_20201007T165512,2018-12-09T02:20:59.024000Z,2019-02-15T02:28:01.024000Z,2018-12-09,2019-02-15,7.03,-35,33,0.444731,0.170363,1.0,1.0,-0.03548949211835861,-0.03464394807815552,0.03894031420350075,-0.05390042066574097,-0.014699012041091919,0.0070566534996032715,-0.4453502893447876,0.25013968348503113,1.0,0.0023915816326530613,0.0,0.0,1,unburned_or_regrowth,-1,not_applicable,png,images/pre/3f5cb4f824087692.png,images/post/3f5cb4f824087692.png,images/dnbr/3f5cb4f824087692.png,geotiff/pre/3f5cb4f824087692.tif,geotiff/post/3f5cb4f824087692.tif,geotiff/dnbr/3f5cb4f824087692.tif
MCD64A1.A2017060.h21v04.061.2021312115700_r1773_c157,2017-03-01,2017,3,60,MCD64A1.A2017060.h21v04.061.2021312115700,41.653984179706484,42.61041666281693,3,0.75,224,10,f62be24a2e36aac0,burn,train,Asia,Georgia,41.653984179706484,42.61041666281693,1,90,herbaceous_wetland,wetland,temperate,N,temperate_other,S2A_MSIL2A_20170207T081111_R078_T37TGH_20210208T080819,S2A_MSIL2A_20170309T080741_R078_T37TGH_20210208T205829,2017-02-07T08:11:11.026000Z,2017-03-09T08:07:41.026000Z,2017-02-07,2017-03-09,3.5,-22,8,31.106862,4.569157,1.0,1.0,0.19218681752681732,0.11172652989625931,0.1640845239162445,0.06219596788287163,0.34452101588249207,0.44577619433403015,-0.1444692313671112,0.6459060907363892,1.0,0.5453603316326531,0.34062101403061223,0.10823899872448979,2,low,0,low,png,images/pre/f62be24a2e36aac0.png,images/post/f62be24a2e36aac0.png,images/dnbr/f62be24a2e36aac0.png,geotiff/pre/f62be24a2e36aac0.tif,geotiff/post/f62be24a2e36aac0.tif,geotiff/dnbr/f62be24a2e36aac0.tif
MCD64A1.A2017060.h21v04.061.2021312115700_r1773_c157,2017-03-01,2017,3,60,MCD64A1.A2017060.h21v04.061.2021312115700,41.653984179706484,42.61041666281693,3,0.75,224,10,94c321a06c6c1d64,neg,train,Asia,Georgia,41.6174024158059,42.546825340971864,0,90,herbaceous_wetland,wetland,temperate,N,temperate_other,S2A_MSIL2A_20170128T081201_R078_T37TGH_20210207T224956,S2A_MSIL2A_20170405T075611_R035_T37TGH_20210209T045331,2017-01-28T08:12:01.026000Z,2017-04-05T07:56:11.026000Z,2017-01-28,2017-04-05,15.83,-32,35,19.289862,3.51323,0.9916493941326531,1.0,-0.09180539101362228,-0.08182114362716675,0.11180054396390915,-0.16756106913089752,-0.016168266534805298,0.040866948664188385,-0.6675947904586792,0.3847346901893616,0.9916493941326531,0.0272640306122449,0.0024513711734693877,0.0,1,unburned_or_regrowth,-1,not_applicable,png,images/pre/94c321a06c6c1d64.png,images/post/94c321a06c6c1d64.png,images/dnbr/94c321a06c6c1d64.png,geotiff/pre/94c321a06c6c1d64.tif,geotiff/post/94c321a06c6c1d64.tif,geotiff/dnbr/94c321a06c6c1d64.tif
MCD64A1.A2019032.h25v07.061.2021309103808_r1367_c1540,2019-02-25,2019,2,56,MCD64A1.A2019032.h25v07.061.2021309103808,78.8629697595894,14.302083332012154,132,33.0,224,10,22324dc540fb3b88,burn,val,Asia,India,78.85445758041575,14.314583332011045,1,10,tree_cover,forest,tropical,N,tropical_moist,S2A_MSIL2A_20190203T051021_R019_T44PKA_20201007T133440,S2A_MSIL2A_20190315T050651_R019_T44PKA_20201007T065107,2019-02-03T05:10:21.024000Z,2019-03-15T05:06:51.024000Z,2019-02-03,2019-03-15,3.5,-22,18,0.525722,0.009091,1.0,1.0,0.19803224503993988,0.21750007569789886,0.098354771733284,0.11867626011371613,0.27389806509017944,0.3152884244918823,-0.030403122305870056,0.45814597606658936,1.0,0.7841398278061225,0.26827566964285715,3.985969387755102e-05,2,low,0,low,png,images/pre/22324dc540fb3b88.png,images/post/22324dc540fb3b88.png,images/dnbr/22324dc540fb3b88.png,geotiff/pre/22324dc540fb3b88.tif,geotiff/post/22324dc540fb3b88.tif,geotiff/dnbr/22324dc540fb3b88.tif
MCD64A1.A2019032.h25v07.061.2021309103808_r1367_c1540,2019-02-25,2019,2,56,MCD64A1.A2019032.h25v07.061.2021309103808,78.8629697595894,14.302083332012154,132,33.0,224,10,efa63c089e3f4b29,neg,val,Asia,India,78.73299084611338,14.1885657185141,0,20,shrubland,shrubland_chaparral,tropical,N,tropical_dry,S2A_MSIL2A_20190124T051111_R019_T43PHR_20201008T040924,S2A_MSIL2A_20190315T050651_R019_T43PHR_20201007T065106,2019-01-24T05:11:11.024000Z,2019-03-15T05:06:51.024000Z,2019-01-24,2019-03-15,4.33,-32,18,0.00789,0.008152,1.0,1.0,0.012197322212159634,0.004820223897695541,0.0460575670003891,-0.006392884999513626,0.02063162997364998,0.04362127557396889,-0.39653733372688293,0.7587019205093384,1.0,0.0234375,0.005660076530612245,0.002291932397959184,1,unburned_or_regrowth,-1,not_applicable,png,images/pre/efa63c089e3f4b29.png,images/post/efa63c089e3f4b29.png,images/dnbr/efa63c089e3f4b29.png,geotiff/pre/efa63c089e3f4b29.tif,geotiff/post/efa63c089e3f4b29.tif,geotiff/dnbr/efa63c089e3f4b29.tif
MCD64A1.A2019032.h29v09.061.2021309103820_r37_c1455,2019-02-21,2019,2,52,MCD64A1.A2019032.h29v09.061.2021309103820,116.06501490756814,-0.1562500000309812,5,1.25,224,10,3fbcbb1973fcab4f,burn,train,Asia,Indonesia,116.06082551522053,-0.1520833333646874,1,10,tree_cover,forest,tropical,S,tropical_moist,S2A_MSIL2A_20190215T022801_R046_T50MLE_20201007T165501,S2B_MSIL2A_20190302T022619_R046_T50MLE_20201030T081456,2019-02-15T02:28:01.024000Z,2019-03-02T02:26:19.024000Z,2019-02-15,2019-03-02,1.7,-6,9,0.892179,29.952024,0.9995216836734694,0.9990433673469388,0.1868453174829483,0.03389459848403931,0.29869186878204346,0.018543094396591187,0.11683164536952972,0.7658305168151855,-0.21047228574752808,1.160659909248352,0.9989636479591837,0.25516183035714285,0.22913345025510204,0.2108577806122449,2,low,0,low,png,images/pre/3fbcbb1973fcab4f.png,images/post/3fbcbb1973fcab4f.png,images/dnbr/3fbcbb1973fcab4f.png,geotiff/pre/3fbcbb1973fcab4f.tif,geotiff/post/3fbcbb1973fcab4f.tif,geotiff/dnbr/3fbcbb1973fcab4f.tif
MCD64A1.A2019032.h29v09.061.2021309103820_r37_c1455,2019-02-21,2019,2,52,MCD64A1.A2019032.h29v09.061.2021309103820,116.06501490756814,-0.1562500000309812,5,1.25,224,10,c272bdbca1c40e68,neg,train,Asia,Indonesia,116.05690964341217,-0.10553410129420082,0,10,tree_cover,forest,tropical,S,tropical_moist,S2A_MSIL2A_20190215T022801_R046_T50MLE_20201007T165501,S2B_MSIL2A_20190302T022619_R046_T50MLE_20201030T081456,2019-02-15T02:28:01.024000Z,2019-03-02T02:26:19.024000Z,2019-02-15,2019-03-02,1.7,-6,9,0.892179,29.952024,0.9982860331632653,0.9983258928571429,0.023500634357333183,0.025159388780593872,0.021310243755578995,0.013483211398124695,0.035885751247406006,0.045994579792022705,-0.1382804811000824,0.1571202576160431,0.9974091198979592,0.0013950892857142857,0.0,0.0,1,unburned_or_regrowth,-1,not_applicable,png,images/pre/c272bdbca1c40e68.png,images/post/c272bdbca1c40e68.png,images/dnbr/c272bdbca1c40e68.png,geotiff/pre/c272bdbca1c40e68.tif,geotiff/post/c272bdbca1c40e68.tif,geotiff/dnbr/c272bdbca1c40e68.tif
MCD64A1.A2020061.h27v06.061.2021309111313_r732_c6,2020-03-30,2020,3,90,MCD64A1.A2020061.h27v06.061.2021309111313,100.99302233442563,26.947916664218766,25,6.25,224,10,6f50ea9569e0d02a,burn,train,Asia,China,100.99675650271399,26.952083330885063,1,10,tree_cover,forest,subtropical,N,subtropical,S2B_MSIL2A_20200320T034529_R104_T47RPK_20201013T173419,S2A_MSIL2A_20200414T034531_R104_T47RPK_20200923T104232,2020-03-20T03:45:29.024000Z,2020-04-14T03:45:31.024000Z,2020-03-20,2020-04-14,0.03,-10,15,0.140108,0.136538,1.0,1.0,0.20452173054218292,0.13288336992263794,0.2590045630931854,0.0034227147698402405,0.3350778818130493,0.5788999795913696,-0.21564216911792755,1.1810579299926758,1.0,0.5382254464285714,0.3185985331632653,0.16774952168367346,2,low,0,low,png,images/pre/6f50ea9569e0d02a.png,images/post/6f50ea9569e0d02a.png,images/dnbr/6f50ea9569e0d02a.png,geotiff/pre/6f50ea9569e0d02a.tif,geotiff/post/6f50ea9569e0d02a.tif,geotiff/dnbr/6f50ea9569e0d02a.tif
MCD64A1.A2020061.h27v06.061.2021309111313_r732_c6,2020-03-30,2020,3,90,MCD64A1.A2020061.h27v06.061.2021309111313,100.99302233442563,26.947916664218766,25,6.25,224,10,65a8560e886baf59,neg,train,Asia,China,100.93270629599851,26.935887625808746,0,10,tree_cover,forest,subtropical,N,subtropical,S2B_MSIL2A_20200320T034529_R104_T47RPK_20201013T173419,S2A_MSIL2A_20200414T034531_R104_T47RPK_20200923T104232,2020-03-20T03:45:29.024000Z,2020-04-14T03:45:31.024000Z,2020-03-20,2020-04-14,0.03,-10,15,0.140108,0.136538,1.0,1.0,-0.019495496526360512,-0.0109977126121521,0.039465904235839844,-0.04121793061494827,0.009011998772621155,0.021924719214439392,-0.2866547703742981,0.1313924491405487,1.0,0.00013950892857142856,0.0,0.0,1,unburned_or_regrowth,-1,not_applicable,png,images/pre/65a8560e886baf59.png,images/post/65a8560e886baf59.png,images/dnbr/65a8560e886baf59.png,geotiff/pre/65a8560e886baf59.tif,geotiff/post/65a8560e886baf59.tif,geotiff/dnbr/65a8560e886baf59.tif
MCD64A1.A2019032.h29v09.061.2021309103820_r78_c1348,2019-02-24,2019,2,55,MCD64A1.A2019032.h29v09.061.2021309103820,115.62063396736704,-0.3270833333490244,4,1.0,224,10,9dd017ec9d1ce1be,burn,val,Asia,Indonesia,115.61651553689624,-0.3312500000153181,1,10,tree_cover,forest,tropical,S,tropical_moist,S2A_MSIL2A_20190215T022801_R046_T50MLE_20201007T165501,S2B_MSIL2A_20190302T022619_R046_T50MLE_20201030T081456,2019-02-15T02:28:01.024000Z,2019-03-02T02:26:19.024000Z,2019-02-15,2019-03-02,1.7,-9,6,0.892179,29.952024,0.9998405612244898,0.9999202806122449,0.1652030497789383,0.033832669258117676,0.2421155571937561,0.019702225923538208,0.23195448517799377,0.6166004538536072,-0.139705091714859,1.0137940645217896,0.9998405612244898,0.29268973214285715,0.24025430484693877,0.19529257015306123,2,low,0,low,png,images/pre/9dd017ec9d1ce1be.png,images/post/9dd017ec9d1ce1be.png,images/dnbr/9dd017ec9d1ce1be.png,geotiff/pre/9dd017ec9d1ce1be.tif,geotiff/post/9dd017ec9d1ce1be.tif,geotiff/dnbr/9dd017ec9d1ce1be.tif
MCD64A1.A2019032.h29v09.061.2021309103820_r78_c1348,2019-02-24,2019,2,55,MCD64A1.A2019032.h29v09.061.2021309103820,115.62063396736704,-0.3270833333490244,4,1.0,224,10,1ed9cfd08757a320,neg,val,Asia,Indonesia,115.5726416998633,-0.35466605118134364,0,10,tree_cover,forest,tropical,S,tropical_moist,S2A_MSIL2A_20190215T022801_R046_T50MLE_20201007T165501,S2B_MSIL2A_20190302T022619_R046_T50MLE_20201030T081456,2019-02-15T02:28:01.024000Z,2019-03-02T02:26:19.024000Z,2019-02-15,2019-03-02,1.7,-9,6,0.892179,29.952024,1.0,1.0,0.028064051643013954,0.025306731462478638,0.03228409215807915,0.017574265599250793,0.034291818737983704,0.04472348093986511,-0.11380213499069214,0.7501688003540039,1.0,0.005420918367346939,0.003567442602040816,0.0027503188775510204,1,unburned_or_regrowth,-1,not_applicable,png,images/pre/1ed9cfd08757a320.png,images/post/1ed9cfd08757a320.png,images/dnbr/1ed9cfd08757a320.png,geotiff/pre/1ed9cfd08757a320.tif,geotiff/post/1ed9cfd08757a320.tif,geotiff/dnbr/1ed9cfd08757a320.tif
MCD64A1.A2018182.h22v03.061.2021359005926_r2327_c107,2018-07-13,2018,7,194,MCD64A1.A2018182.h22v03.061.2021359005926,63.32455573775184,50.302083328795156,4550,1137.5,224,10,8ab0f932982d29cf,burn,test,Asia,Kazakhstan,63.14842769191954,50.302083328795156,1,30,grassland,grassland_savanna,temperate,N,temperate_other,S2B_MSIL2A_20180613T064619_R020_T41UNR_20201027T000429,S2B_MSIL2A_20180726T065619_R063_T41UNR_20201011T202059,2018-06-13T06:46:19.024000Z,2018-07-26T06:56:19.024000Z,2018-06-13,2018-07-26,10.0,-30,13,8.916148,0.308962,0.9996811224489796,0.9984853316326531,0.21578781306743622,0.20585523545742035,0.07973301410675049,0.17783430218696594,0.24118566513061523,0.3148668706417084,-0.06143246591091156,0.7860296368598938,0.9981664540816326,0.931281887755102,0.16711176658163265,0.020467952806122448,2,low,0,low,png,images/pre/8ab0f932982d29cf.png,images/post/8ab0f932982d29cf.png,images/dnbr/8ab0f932982d29cf.png,geotiff/pre/8ab0f932982d29cf.tif,geotiff/post/8ab0f932982d29cf.tif,geotiff/dnbr/8ab0f932982d29cf.tif
MCD64A1.A2018182.h22v03.061.2021359005926_r2327_c107,2018-07-13,2018,7,194,MCD64A1.A2018182.h22v03.061.2021359005926,63.32455573775184,50.302083328795156,4550,1137.5,224,10,c88e296096df5da2,neg,test,Asia,Kazakhstan,62.81242159259441,50.27608196209183,0,30,grassland,grassland_savanna,temperate,N,temperate_other,S2B_MSIL2A_20180613T064619_R020_T41UMR_20201027T000423,S2B_MSIL2A_20180723T064619_R020_T41UMR_20201011T191149,2018-06-13T06:46:19.024000Z,2018-07-23T06:46:19.024000Z,2018-06-13,2018-07-23,0.0,-30,10,0.48244,0.108393,0.9952965561224489,0.9999202806122449,0.013305913656949997,0.01927730068564415,0.046504709869623184,0.011520761996507645,0.026975398883223534,0.03670625761151314,-0.6644671559333801,0.4043545722961426,0.9952168367346939,0.004344706632653061,3.985969387755102e-05,0.0,1,unburned_or_regrowth,-1,not_applicable,png,images/pre/c88e296096df5da2.png,images/post/c88e296096df5da2.png,images/dnbr/c88e296096df5da2.png,geotiff/pre/c88e296096df5da2.tif,geotiff/post/c88e296096df5da2.tif,geotiff/dnbr/c88e296096df5da2.tif
MCD64A1.A2018182.h22v03.061.2021359005926_r2337_c7,2018-07-11,2018,7,192,MCD64A1.A2018182.h22v03.061.2021359005926,62.617392982471515,50.26041666213222,219,54.75,224,10,6078d291c7127acb,burn,train,Asia,Kazakhstan,62.62864138461371,50.29374999546257,1,30,grassland,grassland_savanna,temperate,N,temperate_other,S2B_MSIL2A_20180613T064619_R020_T41UMR_20201027T000423,S2B_MSIL2A_20180723T064619_R020_T41UMR_20201011T191149,2018-06-13T06:46:19.024000Z,2018-07-23T06:46:19.024000Z,2018-06-13,2018-07-23,0.0,-28,12,0.48244,0.108393,1.0,1.0,0.31012341380119324,0.24606101214885712,0.17610351741313934,0.21459928154945374,0.2956616282463074,0.64665687084198,0.05713146924972534,0.983196496963501,1.0,0.9995216836734694,0.3504663584183674,0.13938934948979592,3,moderate,1,moderate,png,images/pre/6078d291c7127acb.png,images/post/6078d291c7127acb.png,images/dnbr/6078d291c7127acb.png,geotiff/pre/6078d291c7127acb.tif,geotiff/post/6078d291c7127acb.tif,geotiff/dnbr/6078d291c7127acb.tif
MCD64A1.A2018182.h22v03.061.2021359005926_r2337_c7,2018-07-11,2018,7,192,MCD64A1.A2018182.h22v03.061.2021359005926,62.617392982471515,50.26041666213222,219,54.75,224,10,9111171bf0f85363,neg,train,Asia,Kazakhstan,62.804439706775135,50.32473534857251,0,30,grassland,grassland_savanna,temperate,N,temperate_other,S2B_MSIL2A_20180613T064619_R020_T41UMR_20201027T000423,S2B_MSIL2A_20180723T064619_R020_T41UMR_20201011T191149,2018-06-13T06:46:19.024000Z,2018-07-23T06:46:19.024000Z,2018-06-13,2018-07-23,0.0,-28,12,0.48244,0.108393,1.0,1.0,-0.005214603617787361,0.015569236129522324,0.10510265082120895,0.007813282310962677,0.022993776947259903,0.03244099020957947,-1.373383641242981,0.3253668546676636,1.0,0.0015545280612244898,5.978954081632653e-05,0.0,1,unburned_or_regrowth,-1,not_applicable,png,images/pre/9111171bf0f85363.png,images/post/9111171bf0f85363.png,images/dnbr/9111171bf0f85363.png,geotiff/pre/9111171bf0f85363.tif,geotiff/post/9111171bf0f85363.tif,geotiff/dnbr/9111171bf0f85363.tif
MCD64A1.A2018213.h22v03.061.2021360150322_r1795_c824,2018-08-09,2018,8,221,MCD64A1.A2018213.h22v03.061.2021360150322,71.38092056036719,52.51874999526343,15,3.75,224,10,5bba7759c2003c74,burn,train,Asia,Kazakhstan,71.38107695243903,52.51041666193084,1,40,cropland,cropland,temperate,N,temperate_other,S2B_MSIL2A_20180803T061629_R034_T42UXD_20201010T203914,S2B_MSIL2A_20180823T061619_R034_T42UXD_20201011T055830,2018-08-03T06:16:29.024000Z,2018-08-23T06:16:19.024000Z,2018-08-03,2018-08-23,0.17,-6,14,4.365512,6.824212,0.8480548469387755,0.9600605867346939,0.283777117729187,0.284717857837677,0.1796923726797104,0.12987717986106873,0.4048726260662079,0.5235908627510071,-0.2697610557079315,1.048018217086792,0.8216677295918368,0.6609335140306123,0.43443080357142855,0.15955835459183673,3,moderate,1,moderate,png,images/pre/5bba7759c2003c74.png,images/post/5bba7759c2003c74.png,images/dnbr/5bba7759c2003c74.png,geotiff/pre/5bba7759c2003c74.tif,geotiff/post/5bba7759c2003c74.tif,geotiff/dnbr/5bba7759c2003c74.tif
MCD64A1.A2018213.h22v03.061.2021360150322_r1795_c824,2018-08-09,2018,8,221,MCD64A1.A2018213.h22v03.061.2021360150322,71.38092056036719,52.51874999526343,15,3.75,224,10,ab5a695ac325007b,neg,train,Asia,Kazakhstan,71.4365220271788,52.485855142105045,0,40,cropland,cropland,temperate,N,temperate_other,S2B_MSIL2A_20180704T061629_R034_T42UXD_20201011T115643,S2B_MSIL2A_20180915T062619_R077_T42UXD_20201009T012749,2018-07-04T06:16:29.024000Z,2018-09-15T06:26:19.024000Z,2018-07-04,2018-09-15,9.83,-36,37,0.039536,3.388824,1.0,1.0,-0.056420162320137024,-0.07150663435459137,0.06169058755040169,-0.09771285951137543,-0.03117739036679268,0.029100190848112106,-0.2748006284236908,0.35457831621170044,1.0,0.027722417091836735,0.0006377551020408163,0.0,1,unburned_or_regrowth,-1,not_applicable,png,images/pre/ab5a695ac325007b.png,images/post/ab5a695ac325007b.png,images/dnbr/ab5a695ac325007b.png,geotiff/pre/ab5a695ac325007b.tif,geotiff/post/ab5a695ac325007b.tif,geotiff/dnbr/ab5a695ac325007b.tif
MCD64A1.A2018213.h21v04.061.2021360132818_r282_c2035,2018-08-22,2018,8,234,MCD64A1.A2018213.h21v04.061.2021360132818,58.447637149140306,48.82291666226089,114,28.5,224,10,b93add3eefb1668f,burn,train,Asia,Kazakhstan,58.46809078952267,48.818749995594594,1,30,grassland,grassland_savanna,temperate,N,temperate_other,S2A_MSIL2A_20180803T070621_R106_T40UEV_20201010T203248,S2A_MSIL2A_20180902T070621_R106_T40UFV_20201011T073010,2018-08-03T07:06:21.024000Z,2018-09-02T07:06:21.024000Z,2018-08-03,2018-09-02,0.0,-19,11,0.248366,2.707804,1.0,0.9561941964285714,0.17295385897159576,0.151565819978714,0.13734032213687897,0.07265149056911469,0.22996661067008972,0.3579239845275879,-0.02650747448205948,0.9325283765792847,0.9561941964285714,0.6348652742346939,0.16996173469387754,0.0538703762755102,2,low,0,low,png,images/pre/b93add3eefb1668f.png,images/post/b93add3eefb1668f.png,images/dnbr/b93add3eefb1668f.png,geotiff/pre/b93add3eefb1668f.tif,geotiff/post/b93add3eefb1668f.tif,geotiff/dnbr/b93add3eefb1668f.tif
MCD64A1.A2018213.h21v04.061.2021360132818_r282_c2035,2018-08-22,2018,8,234,MCD64A1.A2018213.h21v04.061.2021360132818,58.447637149140306,48.82291666226089,114,28.5,224,10,0b0f7ad184376dc8,neg,train,Asia,Kazakhstan,58.34704511700259,48.83089553629293,0,30,grassland,grassland_savanna,temperate,N,temperate_other,S2A_MSIL2A_20180803T070621_R106_T40UEV_20201010T203248,S2A_MSIL2A_20180922T070621_R106_T40UEV_20201009T033947,2018-08-03T07:06:21.024000Z,2018-09-22T07:06:21.024000Z,2018-08-03,2018-09-22,0.0,-19,31,0.248366,0.003437,1.0,1.0,0.027091477066278458,0.026544172316789627,0.010894125327467918,0.01983180269598961,0.03387848660349846,0.041232772171497345,-0.028139466419816017,0.08708728849887848,1.0,0.0,0.0,0.0,1,unburned_or_regrowth,-1,not_applicable,png,images/pre/0b0f7ad184376dc8.png,images/post/0b0f7ad184376dc8.png,images/dnbr/0b0f7ad184376dc8.png,geotiff/pre/0b0f7ad184376dc8.tif,geotiff/post/0b0f7ad184376dc8.tif,geotiff/dnbr/0b0f7ad184376dc8.tif
MCD64A1.A2018182.h22v04.061.2021359010507_r301_c335,2018-07-09,2018,7,190,MCD64A1.A2018182.h22v04.061.2021359010507,62.778540943515594,48.7437499956013,1519,379.75,224,10,a5ac078bbea4c169,burn,train,Asia,Kazakhstan,62.7679045768214,48.61874999561249,1,30,grassland,grassland_savanna,temperate,N,temperate_other,S2B_MSIL2A_20180616T065619_R063_T41UMP_20201011T225426,S2B_MSIL2A_20180723T064619_R020_T41UMP_20201011T191151,2018-06-16T06:56:19.024000Z,2018-07-23T06:46:19.024000Z,2018-06-16,2018-07-23,10.0,-23,14,1.488099,1.790113,1.0,1.0,0.24205869436264038,0.24187932908535004,0.09094154089689255,0.18750408291816711,0.29889482259750366,0.35368403792381287,-0.07637403905391693,0.6819292306900024,1.0,0.9400510204081632,0.36844308035714285,0.017637914540816327,2,low,0,low,png,images/pre/a5ac078bbea4c169.png,images/post/a5ac078bbea4c169.png,images/dnbr/a5ac078bbea4c169.png,geotiff/pre/a5ac078bbea4c169.tif,geotiff/post/a5ac078bbea4c169.tif,geotiff/dnbr/a5ac078bbea4c169.tif
MCD64A1.A2018182.h22v04.061.2021359010507_r301_c335,2018-07-09,2018,7,190,MCD64A1.A2018182.h22v04.061.2021359010507,62.778540943515594,48.7437499956013,1519,379.75,224,10,191539f28703aa14,neg,train,Asia,Kazakhstan,62.98491381571003,48.6872278079797,0,30,grassland,grassland_savanna,temperate,N,temperate_other,S2B_MSIL2A_20180613T064619_R020_T41UMQ_20201027T000427,S2A_MSIL2A_20180807T064621_R020_T41UMQ_20201010T221749,2018-06-13T06:46:19.024000Z,2018-08-07T06:46:21.024000Z,2018-06-13,2018-08-07,0.03,-26,29,0.509776,0.349454,1.0,1.0,0.01587345078587532,0.015265261754393578,0.026866793632507324,0.006183117628097534,0.023909714072942734,0.032896049320697784,-0.11075791716575623,0.5417492985725403,1.0,0.005400988520408163,0.00235172193877551,0.0009566326530612245,1,unburned_or_regrowth,-1,not_applicable,png,images/pre/191539f28703aa14.png,images/post/191539f28703aa14.png,images/dnbr/191539f28703aa14.png,geotiff/pre/191539f28703aa14.tif,geotiff/post/191539f28703aa14.tif,geotiff/dnbr/191539f28703aa14.tif
MCD64A1.A2018213.h21v05.061.2021360133955_r1096_c1672,2018-08-24,2018,8,236,MCD64A1.A2018213.h21v05.061.2021360133955,45.37091064376474,35.431249996792815,28,7.0,224,10,db99f2eec13da395,burn,train,Asia,Iraq,45.366216573891535,35.42291666346023,1,30,grassland,grassland_savanna,temperate,N,temperate_other,S2B_MSIL2A_20180817T073609_R092_T38SNE_20201011T030837,S2B_MSIL2A_20180906T073609_R092_T38SNE_20201011T092419,2018-08-17T07:36:09.024000Z,2018-09-06T07:36:09.024000Z,2018-08-17,2018-09-06,0.0,-7,13,0.02278,0.013802,1.0,1.0,0.17348018288612366,0.16185146570205688,0.1666431725025177,0.006858030334115028,0.3233846426010132,0.4056149125099182,-0.055649444460868835,0.6447597146034241,1.0,0.5540896045918368,0.34299266581632654,0.05584343112244898,2,low,0,low,png,images/pre/db99f2eec13da395.png,images/post/db99f2eec13da395.png,images/dnbr/db99f2eec13da395.png,geotiff/pre/db99f2eec13da395.tif,geotiff/post/db99f2eec13da395.tif,geotiff/dnbr/db99f2eec13da395.tif
MCD64A1.A2018213.h21v05.061.2021360133955_r1096_c1672,2018-08-24,2018,8,236,MCD64A1.A2018213.h21v05.061.2021360133955,45.37091064376474,35.431249996792815,28,7.0,224,10,2d688b470f804246,neg,train,Asia,Iraq,45.318947903955646,35.385553824936395,0,30,grassland,grassland_savanna,temperate,N,temperate_other,S2B_MSIL2A_20180817T073609_R092_T38SNE_20201011T030837,S2B_MSIL2A_20180906T073609_R092_T38SNE_20201011T092419,2018-08-17T07:36:09.024000Z,2018-09-06T07:36:09.024000Z,2018-08-17,2018-09-06,0.0,-7,13,0.02278,0.013802,1.0,1.0,-0.00558551587164402,-0.006303812377154827,0.015177671797573566,-0.015116414055228233,0.003021780401468277,0.012554080225527287,-0.07846777141094208,0.1726103574037552,1.0,0.00047831632653061223,0.0,0.0,1,unburned_or_regrowth,-1,not_applicable,png,images/pre/2d688b470f804246.png,images/post/2d688b470f804246.png,images/dnbr/2d688b470f804246.png,geotiff/pre/2d688b470f804246.tif,geotiff/post/2d688b470f804246.tif,geotiff/dnbr/2d688b470f804246.tif
MCD64A1.A2018182.h21v04.061.2021358232248_r51_c854,2018-07-25,2018,7,206,MCD64A1.A2018182.h21v04.061.2021358232248,51.979104582003494,49.78541666217473,3481,870.25,224,10,9ad4969c548f7f86,burn,train,Asia,Kazakhstan,51.89623856006005,49.75624999551068,1,30,grassland,grassland_savanna,temperate,N,temperate_other,S2B_MSIL2A_20180628T073609_R092_T39UWR_20201012T033036,S2A_MSIL2A_20180802T073611_R092_T39UWR_20201019T182924,2018-06-28T07:36:09.024000Z,2018-08-02T07:36:11.024000Z,2018-06-28,2018-08-02,0.03,-27,8,0.077906,0.230269,1.0,1.0,0.2680259943008423,0.2550749182701111,0.10969828069210052,0.19608178734779358,0.31324219703674316,0.38698697090148926,0.010472610592842102,0.9765170812606812,1.0,0.9862683354591837,0.42958785076530615,0.06604751275510204,2,low,0,low,png,images/pre/9ad4969c548f7f86.png,images/post/9ad4969c548f7f86.png,images/dnbr/9ad4969c548f7f86.png,geotiff/pre/9ad4969c548f7f86.tif,geotiff/post/9ad4969c548f7f86.tif,geotiff/dnbr/9ad4969c548f7f86.tif
MCD64A1.A2018182.h21v04.061.2021358232248_r51_c854,2018-07-25,2018,7,206,MCD64A1.A2018182.h21v04.061.2021358232248,51.979104582003494,49.78541666217473,3481,870.25,224,10,bb6217eac2a08926,neg,train,Asia,Kazakhstan,51.593686411533376,50.157254713545825,0,30,grassland,grassland_savanna,temperate,N,temperate_other,S2B_MSIL2A_20180628T073609_R092_T39UWR_20201012T033036,S2A_MSIL2A_20180822T073611_R092_T39UWR_20201011T051656,2018-06-28T07:36:09.024000Z,2018-08-22T07:36:11.024000Z,2018-06-28,2018-08-22,0.03,-27,28,0.077906,0.075896,1.0,1.0,-0.010773101821541786,-0.014907995238900185,0.031134959310293198,-0.030720500275492668,0.0050086467526853085,0.028414012864232063,-0.14208662509918213,0.25648999214172363,1.0,0.004823022959183673,0.0,0.0,1,unburned_or_regrowth,-1,not_applicable,png,images/pre/bb6217eac2a08926.png,images/post/bb6217eac2a08926.png,images/dnbr/bb6217eac2a08926.png,geotiff/pre/bb6217eac2a08926.tif,geotiff/post/bb6217eac2a08926.tif,geotiff/dnbr/bb6217eac2a08926.tif
MCD64A1.A2018213.h29v09.061.2021361003830_r640_c1105,2018-08-20,2018,8,232,MCD64A1.A2018213.h29v09.061.2021361003830,114.73068471402182,-2.6687499998061046,165,41.25,224,10,8fd97f7ef88033ec,burn,test,Asia,Indonesia,114.75154066732459,-2.6687499998061046,1,90,herbaceous_wetland,wetland,tropical,S,boreal_other,S2B_MSIL2A_20180814T022549_R046_T50MKC_20201011T014233,S2A_MSIL2A_20180908T022551_R046_T50MKC_20201011T095555,2018-08-14T02:25:49.024000Z,2018-09-08T02:25:51.024000Z,2018-08-14,2018-09-08,0.03,-6,19,4.441117,7.86525,0.9996213329081632,0.9743303571428571,0.2973071038722992,0.2874472737312317,0.14902766048908234,0.21080386638641357,0.38124513626098633,0.49566900730133057,-0.5036484599113464,0.8367120027542114,0.9739516900510204,0.8986168686224489,0.5451809630102041,0.15597098214285715,3,moderate,1,moderate,png,images/pre/8fd97f7ef88033ec.png,images/post/8fd97f7ef88033ec.png,images/dnbr/8fd97f7ef88033ec.png,geotiff/pre/8fd97f7ef88033ec.tif,geotiff/post/8fd97f7ef88033ec.tif,geotiff/dnbr/8fd97f7ef88033ec.tif
MCD64A1.A2018213.h29v09.061.2021361003830_r640_c1105,2018-08-20,2018,8,232,MCD64A1.A2018213.h29v09.061.2021361003830,114.73068471402182,-2.6687499998061046,165,41.25,224,10,4cc507544a598755,neg,test,Asia,Indonesia,114.87718989000862,-2.6262323410557586,0,90,herbaceous_wetland,wetland,tropical,S,boreal_other,S2B_MSIL2A_20180814T022549_R046_T50MKC_20201011T014233,S2A_MSIL2A_20180928T022551_R046_T50MKC_20201030T215314,2018-08-14T02:25:49.024000Z,2018-09-28T02:25:51.024000Z,2018-08-14,2018-09-28,0.03,-6,39,4.441117,4.610005,1.0,0.9361447704081632,-0.014885904267430305,-0.0076139867305755615,0.06046655774116516,-0.03752721846103668,0.012747466564178467,0.03351839259266853,-0.4089127779006958,0.5667635202407837,0.9361447704081632,0.022421077806122448,0.0031887755102040817,0.00047831632653061223,1,unburned_or_regrowth,-1,not_applicable,png,images/pre/4cc507544a598755.png,images/post/4cc507544a598755.png,images/dnbr/4cc507544a598755.png,geotiff/pre/4cc507544a598755.tif,geotiff/post/4cc507544a598755.tif,geotiff/dnbr/4cc507544a598755.tif
MCD64A1.A2018213.h28v08.061.2021360230633_r1910_c110,2018-08-09,2018,8,221,MCD64A1.A2018213.h28v08.061.2021360230633,100.52410089985611,2.039583333105818,112,28.0,224,10,ae9caae7893d9656,burn,test,Asia,Indonesia,100.53296130240729,2.0479166664384056,1,10,tree_cover,forest,tropical,N,tropical_moist,S2B_MSIL2A_20180713T032539_R018_T47NPC_20201011T152250,S2A_MSIL2A_20180827T032541_R018_T47NPC_20201103T084420,2018-07-13T03:25:39.024000Z,2018-08-27T03:25:41.024000Z,2018-07-13,2018-08-27,0.03,-27,18,12.638296,41.157231,1.0,1.0,0.26090291142463684,0.26335930824279785,0.23631656169891357,0.025791611522436142,0.4776648283004761,0.5742329359054565,-0.26973628997802734,0.8666736483573914,1.0,0.6288066007653061,0.49378188775510207,0.29830994897959184,2,low,0,low,png,images/pre/ae9caae7893d9656.png,images/post/ae9caae7893d9656.png,images/dnbr/ae9caae7893d9656.png,geotiff/pre/ae9caae7893d9656.tif,geotiff/post/ae9caae7893d9656.tif,geotiff/dnbr/ae9caae7893d9656.tif
MCD64A1.A2018213.h28v08.061.2021360230633_r1910_c110,2018-08-09,2018,8,221,MCD64A1.A2018213.h28v08.061.2021360230633,100.52410089985611,2.039583333105818,112,28.0,224,10,8b5f7d4958545fe0,neg,test,Asia,Indonesia,100.57688298005134,1.9402975464789556,0,10,tree_cover,forest,tropical,N,tropical_moist,S2B_MSIL2A_20180713T032539_R018_T47NPC_20201011T152250,S2A_MSIL2A_20180827T032541_R018_T47NPC_20201103T084420,2018-07-13T03:25:39.024000Z,2018-08-27T03:25:41.024000Z,2018-07-13,2018-08-27,0.03,-27,18,12.638296,41.157231,1.0,0.9036192602040817,0.005863760132342577,-0.004123270511627197,0.033170390874147415,-0.01346704363822937,0.011348113417625427,0.05168089270591736,-0.07755661010742188,0.2463083565235138,0.9036192602040817,0.026486766581632654,0.0,0.0,1,unburned_or_regrowth,-1,not_applicable,png,images/pre/8b5f7d4958545fe0.png,images/post/8b5f7d4958545fe0.png,images/dnbr/8b5f7d4958545fe0.png,geotiff/pre/8b5f7d4958545fe0.tif,geotiff/post/8b5f7d4958545fe0.tif,geotiff/dnbr/8b5f7d4958545fe0.tif
MCD64A1.A2018213.h23v04.061.2021360165206_r617_c960,2018-08-07,2018,8,219,MCD64A1.A2018213.h23v04.061.2021360165206,79.82239854635118,47.427083329052486,47,11.75,224,10,99ef713cc650c330,burn,train,Asia,Kazakhstan,79.80423946009141,47.43541666238507,1,30,grassland,grassland_savanna,temperate,N,temperate_other,S2A_MSIL2A_20180710T054641_R048_T44TMT_20201011T140203,S2B_MSIL2A_20180814T054629_R048_T44TMT_20201011T014434,2018-07-10T05:46:41.024000Z,2018-08-14T05:46:29.024000Z,2018-07-10,2018-08-14,0.2,-28,7,0.271521,0.102412,0.9982461734693877,1.0,0.1593807190656662,0.1350482553243637,0.09990383684635162,0.09086742997169495,0.20082341134548187,0.2910238802433014,-0.06744986027479172,0.8087148666381836,0.9982461734693877,0.6921037946428571,0.12334582270408163,0.021185427295918366,2,low,0,low,png,images/pre/99ef713cc650c330.png,images/post/99ef713cc650c330.png,images/dnbr/99ef713cc650c330.png,geotiff/pre/99ef713cc650c330.tif,geotiff/post/99ef713cc650c330.tif,geotiff/dnbr/99ef713cc650c330.tif
MCD64A1.A2018213.h23v04.061.2021360165206_r617_c960,2018-08-07,2018,8,219,MCD64A1.A2018213.h23v04.061.2021360165206,79.82239854635118,47.427083329052486,47,11.75,224,10,43ce8913306f0d95,neg,train,Asia,Kazakhstan,79.72679913279053,47.45589217181022,0,90,herbaceous_wetland,wetland,temperate,N,temperate_other,S2B_MSIL2A_20180705T054639_R048_T44TLT_20201011T121949,S2B_MSIL2A_20180814T054629_R048_T44TMT_20201011T014434,2018-07-05T05:46:39.024000Z,2018-08-14T05:46:29.024000Z,2018-07-05,2018-08-14,0.17,-33,7,0.142162,0.102412,1.0,1.0,0.04234800860285759,0.04494412988424301,0.0245966836810112,0.025409365072846413,0.060276806354522705,0.07160937041044235,-0.09916569292545319,0.16293419897556305,1.0,0.004324776785714286,0.0,0.0,1,unburned_or_regrowth,-1,not_applicable,png,images/pre/43ce8913306f0d95.png,images/post/43ce8913306f0d95.png,images/dnbr/43ce8913306f0d95.png,geotiff/pre/43ce8913306f0d95.tif,geotiff/post/43ce8913306f0d95.tif,geotiff/dnbr/43ce8913306f0d95.tif
MCD64A1.A2018182.h22v04.061.2021359010507_r298_c333,2018-07-10,2018,7,191,MCD64A1.A2018182.h22v04.061.2021359010507,62.781519993292854,48.756249995600186,1656,414.0,224,10,c261a41148e0021f,burn,val,Asia,Kazakhstan,62.74919557822623,48.806249995595714,1,30,grassland,grassland_savanna,temperate,N,temperate_other,S2B_MSIL2A_20180616T065619_R063_T41UMQ_20201011T225419,S2B_MSIL2A_20180723T064619_R020_T41UMQ_20201011T191150,2018-06-16T06:56:19.024000Z,2018-07-23T06:46:19.024000Z,2018-06-16,2018-07-23,10.0,-24,13,0.323335,0.399152,1.0,1.0,0.18263240158557892,0.19416582584381104,0.08353155106306076,0.1425212025642395,0.23511925339698792,0.2745031714439392,-0.02364823967218399,0.6003100872039795,1.0,0.8344228316326531,0.11220503826530612,0.002810108418367347,2,low,0,low,png,images/pre/c261a41148e0021f.png,images/post/c261a41148e0021f.png,images/dnbr/c261a41148e0021f.png,geotiff/pre/c261a41148e0021f.tif,geotiff/post/c261a41148e0021f.tif,geotiff/dnbr/c261a41148e0021f.tif
MCD64A1.A2018182.h22v04.061.2021359010507_r298_c333,2018-07-10,2018,7,191,MCD64A1.A2018182.h22v04.061.2021359010507,62.781519993292854,48.756249995600186,1656,414.0,224,10,330267bf1b2ac441,neg,val,Asia,Kazakhstan,62.52692689727999,48.84351262918001,0,30,grassland,grassland_savanna,temperate,N,temperate_other,S2B_MSIL2A_20180616T065619_R063_T41UMQ_20201011T225419,S2A_MSIL2A_20180807T064621_R020_T41UMQ_20201010T221749,2018-06-16T06:56:19.024000Z,2018-08-07T06:46:21.024000Z,2018-06-16,2018-08-07,9.97,-24,28,0.323335,0.349454,1.0,1.0,0.011897608637809753,0.011311601847410202,0.019764723256230354,-0.00034084729850292206,0.02277022786438465,0.03420846909284592,-0.15689954161643982,0.23639652132987976,1.0,0.0030293367346938774,0.0,0.0,1,unburned_or_regrowth,-1,not_applicable,png,images/pre/330267bf1b2ac441.png,images/post/330267bf1b2ac441.png,images/dnbr/330267bf1b2ac441.png,geotiff/pre/330267bf1b2ac441.tif,geotiff/post/330267bf1b2ac441.tif,geotiff/dnbr/330267bf1b2ac441.tif
MCD64A1.A2018213.h28v09.061.2021360231600_r129_c2221,2018-08-20,2018,8,232,MCD64A1.A2018213.h28v09.061.2021360231600,109.26109510580451,-0.5395833333300049,11,2.75,224,10,92733f452372cf17,burn,train,Asia,Indonesia,109.26518741256537,-0.5354166666637111,1,10,tree_cover,forest,tropical,S,tropical_moist,S2B_MSIL2A_20180810T024539_R132_T49MCV_20201010T235306,S2B_MSIL2A_20180830T024539_R132_T49MCV_20201103T153043,2018-08-10T02:45:39.024000Z,2018-08-30T02:45:39.024000Z,2018-08-10,2018-08-30,0.0,-10,10,10.167233,6.318065,0.9727758290816326,0.9910315688775511,0.21584591269493103,0.2286262810230255,0.18131455779075623,0.12017235159873962,0.3506968021392822,0.4262028932571411,-0.5768618583679199,0.9445374608039856,0.9638073979591837,0.7525908801020408,0.39194036989795916,0.07782605229591837,2,low,0,low,png,images/pre/92733f452372cf17.png,images/post/92733f452372cf17.png,images/dnbr/92733f452372cf17.png,geotiff/pre/92733f452372cf17.tif,geotiff/post/92733f452372cf17.tif,geotiff/dnbr/92733f452372cf17.tif
MCD64A1.A2018213.h28v09.061.2021360231600_r129_c2221,2018-08-20,2018,8,232,MCD64A1.A2018213.h28v09.061.2021360231600,109.26109510580451,-0.5395833333300049,11,2.75,224,10,86a17e10bd500a8e,neg,train,Asia,Indonesia,109.3433668926147,-0.555462555810821,0,10,tree_cover,forest,tropical,S,tropical_moist,S2A_MSIL2A_20180716T024551_R132_T49MCV_20201011T161947,S2B_MSIL2A_20180830T024539_R132_T49MCV_20201103T153043,2018-07-16T02:45:51.024000Z,2018-08-30T02:45:39.024000Z,2018-07-16,2018-08-30,0.2,-35,10,5.333357,6.318065,0.9759247448979592,1.0,-0.01737811602652073,-0.007796585559844971,0.09666121751070023,-0.02504168450832367,0.008433550596237183,0.029761966317892075,-1.1511600017547607,1.011023759841919,0.9759247448979592,0.029316804846938774,0.008669483418367346,0.002730389030612245,1,unburned_or_regrowth,-1,not_applicable,png,images/pre/86a17e10bd500a8e.png,images/post/86a17e10bd500a8e.png,images/dnbr/86a17e10bd500a8e.png,geotiff/pre/86a17e10bd500a8e.tif,geotiff/post/86a17e10bd500a8e.tif,geotiff/dnbr/86a17e10bd500a8e.tif
MCD64A1.A2018182.h22v04.061.2021359010507_r303_c337,2018-07-10,2018,7,191,MCD64A1.A2018182.h22v04.061.2021359010507,62.780769100964434,48.73541666226871,1429,357.25,224,10,5692a12048c99f00,burn,train,Asia,Kazakhstan,62.76091569589735,48.59791666228102,1,30,grassland,grassland_savanna,temperate,N,temperate_other,S2B_MSIL2A_20180616T065619_R063_T41UMP_20201011T225426,S2B_MSIL2A_20180723T064619_R020_T41UMP_20201011T191151,2018-06-16T06:56:19.024000Z,2018-07-23T06:46:19.024000Z,2018-06-16,2018-07-23,10.0,-24,13,1.488099,1.790113,1.0,1.0,0.25971296429634094,0.2359011322259903,0.11345026642084122,0.18588590621948242,0.31569668650627136,0.4161425828933716,0.004269689321517944,0.8323594331741333,1.0,0.9588847257653061,0.36782525510204084,0.07794563137755102,2,low,0,low,png,images/pre/5692a12048c99f00.png,images/post/5692a12048c99f00.png,images/dnbr/5692a12048c99f00.png,geotiff/pre/5692a12048c99f00.tif,geotiff/post/5692a12048c99f00.tif,geotiff/dnbr/5692a12048c99f00.tif
MCD64A1.A2018182.h22v04.061.2021359010507_r303_c337,2018-07-10,2018,7,191,MCD64A1.A2018182.h22v04.061.2021359010507,62.780769100964434,48.73541666226871,1429,357.25,224,10,b71b2ffbeffebffa,neg,train,Asia,Kazakhstan,62.39917162438051,48.833920577468675,0,30,grassland,grassland_savanna,temperate,N,temperate_other,S2B_MSIL2A_20180616T065619_R063_T41UMQ_20201011T225419,S2A_MSIL2A_20180807T064621_R020_T41UMQ_20201010T221749,2018-06-16T06:56:19.024000Z,2018-08-07T06:46:21.024000Z,2018-06-16,2018-08-07,9.97,-24,28,0.323335,0.349454,0.9935825892857143,0.9975685586734694,0.012552108615636826,0.010445982217788696,0.048194967210292816,0.0010534897446632385,0.018973497673869133,0.02663354016840458,-0.18516726791858673,0.7439204454421997,0.9935825892857143,0.009705835459183673,0.005839445153061225,0.004623724489795918,1,unburned_or_regrowth,-1,not_applicable,png,images/pre/b71b2ffbeffebffa.png,images/post/b71b2ffbeffebffa.png,images/dnbr/b71b2ffbeffebffa.png,geotiff/pre/b71b2ffbeffebffa.tif,geotiff/post/b71b2ffbeffebffa.tif,geotiff/dnbr/b71b2ffbeffebffa.tif
MCD64A1.A2018213.h21v04.061.2021360132818_r557_c1777,2018-08-26,2018,8,238,MCD64A1.A2018213.h21v04.061.2021360132818,55.555902847045274,47.67708332903011,223,55.75,224,10,45dee6b98ea0a8b7,burn,val,Asia,Kazakhstan,55.56746649858656,47.693749995695285,1,30,grassland,grassland_savanna,temperate,N,temperate_other,S2A_MSIL2A_20180727T071621_R006_T40TCT_20201011T203200,S2A_MSIL2A_20180905T071611_R006_T40TCT_20201011T084939,2018-07-27T07:16:21.024000Z,2018-09-05T07:16:11.024000Z,2018-07-27,2018-09-05,0.17,-30,10,0.890549,1.523193,0.9990433673469388,0.9996014030612245,0.18557985126972198,0.21206344664096832,0.10496421903371811,0.11506727337837219,0.2686544358730316,0.3019012212753296,-0.05485597997903824,0.4394845962524414,0.9990433673469388,0.7766860650510204,0.24250637755102042,0.0,2,low,0,low,png,images/pre/45dee6b98ea0a8b7.png,images/post/45dee6b98ea0a8b7.png,images/dnbr/45dee6b98ea0a8b7.png,geotiff/pre/45dee6b98ea0a8b7.tif,geotiff/post/45dee6b98ea0a8b7.tif,geotiff/dnbr/45dee6b98ea0a8b7.tif
MCD64A1.A2018213.h21v04.061.2021360132818_r557_c1777,2018-08-26,2018,8,238,MCD64A1.A2018213.h21v04.061.2021360132818,55.555902847045274,47.67708332903011,223,55.75,224,10,2f89ffe0ef3548e4,neg,val,Asia,Kazakhstan,55.6203173696186,47.571529857843366,0,30,grassland,grassland_savanna,temperate,N,temperate_other,S2B_MSIL2A_20180712T071619_R006_T40TCT_20201011T150215,S2A_MSIL2A_20180905T071611_R006_T40TCT_20201011T084939,2018-07-12T07:16:19.024000Z,2018-09-05T07:16:11.024000Z,2018-07-12,2018-09-05,0.13,-45,10,0.548057,1.523193,1.0,1.0,-0.03184099867939949,-0.032121412456035614,0.010613608174026012,-0.03852434456348419,-0.02542109787464142,-0.018847249448299408,-0.09992948919534683,0.06785895675420761,1.0,0.0,0.0,0.0,1,unburned_or_regrowth,-1,not_applicable,png,images/pre/2f89ffe0ef3548e4.png,images/post/2f89ffe0ef3548e4.png,images/dnbr/2f89ffe0ef3548e4.png,geotiff/pre/2f89ffe0ef3548e4.tif,geotiff/post/2f89ffe0ef3548e4.tif,geotiff/dnbr/2f89ffe0ef3548e4.tif
MCD64A1.A2018182.h23v04.061.2021359024817_r1493_c598,2018-07-04,2018,7,185,MCD64A1.A2018182.h23v04.061.2021359024817,72.70229839767764,43.77708332937917,1349,337.25,224,10,e9abef7cb2d4df21,burn,train,Asia,Kazakhstan,72.66767413364737,43.77708332937917,1,30,grassland,grassland_savanna,temperate,N,temperate_other,S2B_MSIL2A_20180618T055639_R091_T42TYP_20201011T233911,S2B_MSIL2A_20180718T055639_R091_T42TYP_20201011T171551,2018-06-18T05:56:39.024000Z,2018-07-18T05:56:39.024000Z,2018-06-18,2018-07-18,0.0,-16,14,0.005713,0.000404,1.0,1.0,0.15812310576438904,0.15700647234916687,0.05215597525238991,0.12208573520183563,0.19043099880218506,0.22201231122016907,-0.0014795511960983276,0.6281048655509949,1.0,0.868781887755102,0.018534757653061226,0.0010363520408163266,2,low,0,low,png,images/pre/e9abef7cb2d4df21.png,images/post/e9abef7cb2d4df21.png,images/dnbr/e9abef7cb2d4df21.png,geotiff/pre/e9abef7cb2d4df21.tif,geotiff/post/e9abef7cb2d4df21.tif,geotiff/dnbr/e9abef7cb2d4df21.tif
MCD64A1.A2018182.h23v04.061.2021359024817_r1493_c598,2018-07-04,2018,7,185,MCD64A1.A2018182.h23v04.061.2021359024817,72.70229839767764,43.77708332937917,1349,337.25,224,10,49af31d0e303ae1a,neg,train,Asia,Kazakhstan,72.55730331015363,43.463349948452425,0,30,grassland,grassland_savanna,temperate,N,temperate_other,S2B_MSIL2A_20180618T055639_R091_T42TYP_20201011T233911,S2B_MSIL2A_20180817T055629_R091_T42TYP_20201011T030657,2018-06-18T05:56:39.024000Z,2018-08-17T05:56:29.024000Z,2018-06-18,2018-08-17,0.17,-16,44,0.005713,0.000281,1.0,1.0,-0.05796431005001068,-0.05253651738166809,0.0506790429353714,-0.08761647343635559,-0.022034544497728348,0.003053046762943268,-0.3224472999572754,0.09856957197189331,1.0,0.0,0.0,0.0,1,unburned_or_regrowth,-1,not_applicable,png,images/pre/49af31d0e303ae1a.png,images/post/49af31d0e303ae1a.png,images/dnbr/49af31d0e303ae1a.png,geotiff/pre/49af31d0e303ae1a.tif,geotiff/post/49af31d0e303ae1a.tif,geotiff/dnbr/49af31d0e303ae1a.tif
MCD64A1.A2018182.h22v04.061.2021359010507_r472_c160,2018-07-28,2018,7,209,MCD64A1.A2018182.h22v04.061.2021359010507,60.815340818986144,48.03124999566508,111,27.75,224,10,55b515ef63395a10,burn,train,Asia,Kazakhstan,60.822884687627464,48.027083328998785,1,30,grassland,grassland_savanna,temperate,N,temperate_other,S2A_MSIL2A_20180701T065621_R063_T41ULP_20201011T104036,S2B_MSIL2A_20180815T065729_R063_T41ULP_20201011T021252,2018-07-01T06:56:21.024000Z,2018-08-15T06:57:29.024000Z,2018-07-01,2018-08-15,1.13,-27,18,5.29971,0.584942,0.9278938137755102,1.0,0.19116121530532837,0.19528943300247192,0.08845287561416626,0.1510334610939026,0.23911918699741364,0.2897005081176758,-0.16180992126464844,0.6435384750366211,0.9278938137755102,0.7854751275510204,0.1331513073979592,0.009247448979591837,2,low,0,low,png,images/pre/55b515ef63395a10.png,images/post/55b515ef63395a10.png,images/dnbr/55b515ef63395a10.png,geotiff/pre/55b515ef63395a10.tif,geotiff/post/55b515ef63395a10.tif,geotiff/dnbr/55b515ef63395a10.tif
MCD64A1.A2018182.h22v04.061.2021359010507_r472_c160,2018-07-28,2018,7,209,MCD64A1.A2018182.h22v04.061.2021359010507,60.815340818986144,48.03124999566508,111,27.75,224,10,93892b475fb52089,neg,train,Asia,Kazakhstan,60.71571792661097,48.10736636447967,0,30,grassland,grassland_savanna,temperate,N,temperate_other,S2B_MSIL2A_20180616T065619_R063_T40UGU_20201011T225424,S2A_MSIL2A_20180830T065621_R063_T40UGU_20201103T141338,2018-06-16T06:56:19.024000Z,2018-08-30T06:56:21.024000Z,2018-06-16,2018-08-30,0.03,-42,33,0.80453,0.295689,0.9980867346938775,0.9988042091836735,-0.0013586595887318254,-0.001881387084722519,0.021684566512703896,-0.0159178264439106,0.012846138328313828,0.02632792852818966,-0.14915195107460022,0.1105332225561142,0.9980867346938775,5.978954081632653e-05,0.0,0.0,1,unburned_or_regrowth,-1,not_applicable,png,images/pre/93892b475fb52089.png,images/post/93892b475fb52089.png,images/dnbr/93892b475fb52089.png,geotiff/pre/93892b475fb52089.tif,geotiff/post/93892b475fb52089.tif,geotiff/dnbr/93892b475fb52089.tif
MCD64A1.A2018182.h21v03.061.2021358231416_r2383_c2080,2018-07-26,2018,7,207,MCD64A1.A2018182.h21v03.061.2021358231416,60.24408821364657,50.06874999548271,322,80.5,224,10,762000f61777ded5,burn,train,Asia,Kazakhstan,60.263778788981035,50.08958332881418,1,30,grassland,grassland_savanna,temperate,N,temperate_other,S2B_MSIL2A_20180719T070619_R106_T40UGA_20201011T173932,S2A_MSIL2A_20180803T070621_R106_T41ULR_20201010T203114,2018-07-19T07:06:19.024000Z,2018-08-03T07:06:21.024000Z,2018-07-19,2018-08-03,0.03,-7,8,0.155693,19.657619,1.0,0.8873565051020408,0.19744478166103363,0.21951602399349213,0.0925314649939537,0.1728006899356842,0.25146549940109253,0.2779785394668579,-0.5564160943031311,0.5366695523262024,0.8873565051020408,0.7839006696428571,0.12091438137755102,0.0013352997448979591,2,low,0,low,png,images/pre/762000f61777ded5.png,images/post/762000f61777ded5.png,images/dnbr/762000f61777ded5.png,geotiff/pre/762000f61777ded5.tif,geotiff/post/762000f61777ded5.tif,geotiff/dnbr/762000f61777ded5.tif
MCD64A1.A2018182.h21v03.061.2021358231416_r2383_c2080,2018-07-26,2018,7,207,MCD64A1.A2018182.h21v03.061.2021358231416,60.24408821364657,50.06874999548271,322,80.5,224,10,3e13d1d735d677f4,neg,train,Asia,Kazakhstan,60.25964434727985,49.94167819700445,0,30,grassland,grassland_savanna,temperate,N,temperate_other,S2B_MSIL2A_20180719T070619_R106_T40UGA_20201011T173932,S2A_MSIL2A_20180823T070621_R106_T41ULR_20201011T054540,2018-07-19T07:06:19.024000Z,2018-08-23T07:06:21.024000Z,2018-07-19,2018-08-23,0.03,-7,28,0.155693,2.08276,1.0,1.0,-0.02317604422569275,-0.024294927716255188,0.020772144198417664,-0.03464712202548981,-0.013412496075034142,-0.001590915024280548,-0.15262681245803833,0.17166000604629517,1.0,0.0025111607142857145,0.0,0.0,1,unburned_or_regrowth,-1,not_applicable,png,images/pre/3e13d1d735d677f4.png,images/post/3e13d1d735d677f4.png,images/dnbr/3e13d1d735d677f4.png,geotiff/pre/3e13d1d735d677f4.tif,geotiff/post/3e13d1d735d677f4.tif,geotiff/dnbr/3e13d1d735d677f4.tif
MCD64A1.A2018213.h21v03.061.2021360132204_r2213_c2076,2018-08-23,2018,8,235,MCD64A1.A2018213.h21v03.061.2021360132204,61.125552328269144,50.77708332875264,300,75.0,224,10,a79d474ad075d63a,burn,val,Asia,Kazakhstan,61.112657660321176,50.752083328754885,1,30,grassland,grassland_savanna,temperate,N,temperate_other,S2B_MSIL2A_20180726T065619_R063_T41ULS_20201011T202104,S2B_MSIL2A_20180904T065619_R063_T40UGB_20201011T083607,2018-07-26T06:56:19.024000Z,2018-09-04T06:56:19.024000Z,2018-07-26,2018-09-04,0.0,-28,12,0.002737,7.961576,1.0,0.9901147959183674,0.15101094543933868,0.1467588245868683,0.08338433504104614,0.10200609266757965,0.20026719570159912,0.2513216733932495,-0.22414937615394592,0.640727162361145,0.9901147959183674,0.7527503188775511,0.06855867346938775,0.0029894770408163264,2,low,0,low,png,images/pre/a79d474ad075d63a.png,images/post/a79d474ad075d63a.png,images/dnbr/a79d474ad075d63a.png,geotiff/pre/a79d474ad075d63a.tif,geotiff/post/a79d474ad075d63a.tif,geotiff/dnbr/a79d474ad075d63a.tif
MCD64A1.A2018213.h21v03.061.2021360132204_r2213_c2076,2018-08-23,2018,8,235,MCD64A1.A2018213.h21v03.061.2021360132204,61.125552328269144,50.77708332875264,300,75.0,224,10,8ae2162d72d1e342,neg,val,Asia,Kazakhstan,61.20637452846852,50.67526579160557,0,30,grassland,grassland_savanna,temperate,N,temperate_other,S2B_MSIL2A_20180726T065619_R063_T41ULS_20201011T202104,S2A_MSIL2A_20180912T070621_R106_T41ULS_20201009T001910,2018-07-26T06:56:19.024000Z,2018-09-12T07:06:21.024000Z,2018-07-26,2018-09-12,10.03,-28,20,0.002737,0.00477,1.0,1.0,-0.022611213847994804,-0.020606454461812973,0.03426986560225487,-0.053539738059043884,-0.004237236920744181,0.01312603522092104,-0.14871525764465332,0.14692401885986328,1.0,0.0018734056122448979,0.0,0.0,1,unburned_or_regrowth,-1,not_applicable,png,images/pre/8ae2162d72d1e342.png,images/post/8ae2162d72d1e342.png,images/dnbr/8ae2162d72d1e342.png,geotiff/pre/8ae2162d72d1e342.tif,geotiff/post/8ae2162d72d1e342.tif,geotiff/dnbr/8ae2162d72d1e342.tif
MCD64A1.A2018182.h22v03.061.2021359005926_r1837_c1174,2018-07-15,2018,7,196,MCD64A1.A2018182.h22v03.061.2021359005926,73.4851563346514,52.34374999527909,135,33.75,224,10,99ac5f23ee108173,burn,test,Asia,Kazakhstan,73.49218863138839,52.35208332861168,1,30,grassland,grassland_savanna,temperate,N,temperate_other,S2B_MSIL2A_20180704T061629_R034_T42UYD_20201011T115644,S2A_MSIL2A_20180726T060631_R134_T42UYD_20201011T200814,2018-07-04T06:16:29.024000Z,2018-07-26T06:06:31.024000Z,2018-07-04,2018-07-26,9.97,-11,11,0.708306,1.751194,1.0,1.0,0.2373083233833313,0.23631355166435242,0.06681011617183685,0.21033331751823425,0.2667005956172943,0.313715398311615,0.012709857895970345,0.6227219104766846,1.0,0.9495376275510204,0.23134566326530612,0.00506218112244898,2,low,0,low,png,images/pre/99ac5f23ee108173.png,images/post/99ac5f23ee108173.png,images/dnbr/99ac5f23ee108173.png,geotiff/pre/99ac5f23ee108173.tif,geotiff/post/99ac5f23ee108173.tif,geotiff/dnbr/99ac5f23ee108173.tif
MCD64A1.A2018182.h22v03.061.2021359005926_r1837_c1174,2018-07-15,2018,7,196,MCD64A1.A2018182.h22v03.061.2021359005926,73.4851563346514,52.34374999527909,135,33.75,224,10,aa7384c93832a0e1,neg,test,Asia,Kazakhstan,73.55801079428254,52.30011981399282,0,30,grassland,grassland_savanna,temperate,N,temperate_other,S2B_MSIL2A_20180704T061629_R034_T43UCT_20201011T115643,S2A_MSIL2A_20180726T060631_R134_T43UDT_20201011T200826,2018-07-04T06:16:29.024000Z,2018-07-26T06:06:31.024000Z,2018-07-04,2018-07-26,9.97,-11,11,0.009781,0.102653,1.0,1.0,-0.026056447997689247,-0.027027033269405365,0.02383771724998951,-0.04260139912366867,-0.009366113692522049,0.003982590511441231,-0.1502370983362198,0.15904316306114197,1.0,0.00025908801020408165,0.0,0.0,1,unburned_or_regrowth,-1,not_applicable,png,images/pre/aa7384c93832a0e1.png,images/post/aa7384c93832a0e1.png,images/dnbr/aa7384c93832a0e1.png,geotiff/pre/aa7384c93832a0e1.tif,geotiff/post/aa7384c93832a0e1.tif,geotiff/dnbr/aa7384c93832a0e1.tif
MCD64A1.A2018213.h23v04.061.2021360165206_r547_c1007,2018-08-05,2018,8,217,MCD64A1.A2018213.h23v04.061.2021360165206,80.55930215892234,47.718749995693045,9,2.25,224,10,3b855623dedce7b8,burn,train,Asia,Kazakhstan,80.56574546048044,47.72291666235934,1,30,grassland,grassland_savanna,temperate,N,temperate_other,S2A_MSIL2A_20180727T053641_R005_T44TMT_20201011T203054,S2A_MSIL2A_20180816T053641_R005_T44TMT_20201011T022426,2018-07-27T05:36:41.024000Z,2018-08-16T05:36:41.024000Z,2018-07-27,2018-08-16,0.0,-9,11,0.834204,11.16333,1.0,1.0,0.2605532705783844,0.2267177253961563,0.14056245982646942,0.15583252906799316,0.3396764397621155,0.4627267122268677,-0.015445023775100708,0.9469047784805298,1.0,0.9290896045918368,0.3861806441326531,0.12163185586734694,2,low,0,low,png,images/pre/3b855623dedce7b8.png,images/post/3b855623dedce7b8.png,images/dnbr/3b855623dedce7b8.png,geotiff/pre/3b855623dedce7b8.tif,geotiff/post/3b855623dedce7b8.tif,geotiff/dnbr/3b855623dedce7b8.tif
MCD64A1.A2018213.h23v04.061.2021360165206_r547_c1007,2018-08-05,2018,8,217,MCD64A1.A2018213.h23v04.061.2021360165206,80.55930215892234,47.718749995693045,9,2.25,224,10,8b389585af47f3bf,neg,train,Asia,Kazakhstan,80.50767973376584,47.709123933298166,0,30,grassland,grassland_savanna,temperate,N,temperate_other,S2A_MSIL2A_20180727T053641_R005_T44TMT_20201011T203054,S2A_MSIL2A_20180905T053641_R005_T44TMT_20201103T210722,2018-07-27T05:36:41.024000Z,2018-09-05T05:36:41.024000Z,2018-07-27,2018-09-05,0.0,-9,31,0.834204,1.865392,1.0,1.0,-0.01933753304183483,-0.03574315458536148,0.0588669590651989,-0.05884551256895065,0.024886786937713623,0.05782405659556389,-0.25717827677726746,0.500488817691803,1.0,0.02010921556122449,0.0013950892857142857,0.0002192283163265306,1,unburned_or_regrowth,-1,not_applicable,png,images/pre/8b389585af47f3bf.png,images/post/8b389585af47f3bf.png,images/dnbr/8b389585af47f3bf.png,geotiff/pre/8b389585af47f3bf.tif,geotiff/post/8b389585af47f3bf.tif,geotiff/dnbr/8b389585af47f3bf.tif
MCD64A1.A2018213.h23v03.061.2021360164004_r2325_c262,2018-08-02,2018,8,214,MCD64A1.A2018213.h23v03.061.2021360164004,80.00550539154543,50.31041666212774,12,3.0,224,10,b5ac69c2983a7ccb,burn,train,Asia,Kazakhstan,79.99946687177196,50.31458332879404,1,40,cropland,cropland,temperate,N,temperate_other,S2A_MSIL2A_20180710T054641_R048_T44UMA_20201011T140215,S2A_MSIL2A_20180809T054641_R048_T44UMA_20201010T231328,2018-07-10T05:46:41.024000Z,2018-08-09T05:46:41.024000Z,2018-07-10,2018-08-09,0.0,-23,7,0.099862,0.336145,1.0,1.0,0.20264767110347748,0.1393853724002838,0.17949067056179047,0.07530637085437775,0.2372168004512787,0.5099775195121765,-0.13164553046226501,0.9132657647132874,1.0,0.6180245535714286,0.2266222895408163,0.13966836734693877,2,low,0,low,png,images/pre/b5ac69c2983a7ccb.png,images/post/b5ac69c2983a7ccb.png,images/dnbr/b5ac69c2983a7ccb.png,geotiff/pre/b5ac69c2983a7ccb.tif,geotiff/post/b5ac69c2983a7ccb.tif,geotiff/dnbr/b5ac69c2983a7ccb.tif
MCD64A1.A2018213.h23v03.061.2021360164004_r2325_c262,2018-08-02,2018,8,214,MCD64A1.A2018213.h23v03.061.2021360164004,80.00550539154543,50.31041666212774,12,3.0,224,10,5d857824b15c83e0,neg,train,Asia,Kazakhstan,79.94030573237292,50.35268853349788,0,40,cropland,cropland,temperate,N,temperate_other,S2A_MSIL2A_20180710T054641_R048_T44UMA_20201011T140215,S2A_MSIL2A_20180809T054641_R048_T44UMA_20201010T231328,2018-07-10T05:46:41.024000Z,2018-08-09T05:46:41.024000Z,2018-07-10,2018-08-09,0.0,-23,7,0.099862,0.336145,1.0,1.0,-0.01354922540485859,-0.016706647351384163,0.047886963933706284,-0.03889987990260124,0.01200653612613678,0.053742825984954834,-0.2159413993358612,0.3103224039077759,1.0,0.009287308673469387,0.00015943877551020407,0.0,1,unburned_or_regrowth,-1,not_applicable,png,images/pre/5d857824b15c83e0.png,images/post/5d857824b15c83e0.png,images/dnbr/5d857824b15c83e0.png,geotiff/pre/5d857824b15c83e0.tif,geotiff/post/5d857824b15c83e0.tif,geotiff/dnbr/5d857824b15c83e0.tif
MCD64A1.A2018182.h28v08.061.2021359085909_r1987_c289,2018-07-21,2018,7,202,MCD64A1.A2018182.h28v08.061.2021359085909,101.25180334529836,1.7187499998012004,95,23.75,224,10,24f0bd450a1a26a7,burn,test,Asia,Indonesia,101.26342936402365,1.702083333136025,1,30,grassland,grassland_savanna,tropical,N,tropical_dry,S2A_MSIL2A_20180628T032541_R018_T47NQB_20201012T031652,S2A_MSIL2A_20180728T032541_R018_T47NQB_20201011T205234,2018-06-28T03:25:41.024000Z,2018-07-28T03:25:41.024000Z,2018-06-28,2018-07-28,0.0,-23,7,36.452869,57.791896,0.9343112244897959,0.8903858418367347,0.19117635488510132,0.04966209828853607,0.3422718942165375,-0.004895724356174469,0.455863893032074,0.7652623653411865,-0.692294180393219,1.0968042612075806,0.8266900510204082,0.31973453443877553,0.25354751275510207,0.21145567602040816,2,low,0,low,png,images/pre/24f0bd450a1a26a7.png,images/post/24f0bd450a1a26a7.png,images/dnbr/24f0bd450a1a26a7.png,geotiff/pre/24f0bd450a1a26a7.tif,geotiff/post/24f0bd450a1a26a7.tif,geotiff/dnbr/24f0bd450a1a26a7.tif
MCD64A1.A2018182.h28v08.061.2021359085909_r1987_c289,2018-07-21,2018,7,202,MCD64A1.A2018182.h28v08.061.2021359085909,101.25180334529836,1.7187499998012004,95,23.75,224,10,54406f30973a76c9,neg,test,Asia,Indonesia,101.3307599160027,1.8529945849176948,0,30,grassland,grassland_savanna,tropical,N,tropical_dry,S2A_MSIL2A_20180628T032541_R018_T47NQC_20201012T031651,S2A_MSIL2A_20180817T032541_R018_T47NQC_20201011T025041,2018-06-28T03:25:41.024000Z,2018-08-17T03:25:41.024000Z,2018-06-28,2018-08-17,0.0,-23,27,15.896377,36.265454,0.8378507653061225,1.0,-0.0820896252989769,-0.04340681433677673,0.1310259848833084,-0.1173117458820343,-0.015157192945480347,0.016296174377202988,-0.7317182421684265,0.4830247163772583,0.8378507653061225,0.018514827806122448,0.008549904336734694,0.0004982461734693878,1,unburned_or_regrowth,-1,not_applicable,png,images/pre/54406f30973a76c9.png,images/post/54406f30973a76c9.png,images/dnbr/54406f30973a76c9.png,geotiff/pre/54406f30973a76c9.tif,geotiff/post/54406f30973a76c9.tif,geotiff/dnbr/54406f30973a76c9.tif
MCD64A1.A2018213.h29v09.061.2021361003830_r648_c1122,2018-08-30,2018,8,242,MCD64A1.A2018213.h29v09.061.2021361003830,114.8047276436103,-2.702083333136454,8,2.0,224,10,7751bb421f598d98,burn,train,Asia,Indonesia,114.80055633912691,-2.702083333136454,1,90,herbaceous_wetland,wetland,tropical,S,boreal_other,S2B_MSIL2A_20180814T022549_R046_T50MKC_20201011T014233,S2A_MSIL2A_20180908T022551_R046_T50MKC_20201011T095555,2018-08-14T02:25:49.024000Z,2018-09-08T02:25:51.024000Z,2018-08-14,2018-09-08,0.03,-16,9,4.441117,7.86525,0.9992028061224489,0.9630500637755102,0.21568262577056885,0.07044795900583267,0.2856473922729492,-0.013027355074882507,0.45373886823654175,0.6440752744674683,-0.45692723989486694,1.2238357067108154,0.9622528698979592,0.46326929209183676,0.3689811862244898,0.25231186224489793,2,low,0,low,png,images/pre/7751bb421f598d98.png,images/post/7751bb421f598d98.png,images/dnbr/7751bb421f598d98.png,geotiff/pre/7751bb421f598d98.tif,geotiff/post/7751bb421f598d98.tif,geotiff/dnbr/7751bb421f598d98.tif
MCD64A1.A2018213.h29v09.061.2021361003830_r648_c1122,2018-08-30,2018,8,242,MCD64A1.A2018213.h29v09.061.2021361003830,114.8047276436103,-2.702083333136454,8,2.0,224,10,b2e8170c084e65d3,neg,train,Asia,Indonesia,114.89726323098816,-2.7192876428607646,0,90,herbaceous_wetland,wetland,tropical,S,boreal_other,S2B_MSIL2A_20180814T022549_R046_T50MKC_20201011T014233,S2B_MSIL2A_20180923T022539_R046_T50MKB_20201009T040517,2018-08-14T02:25:49.024000Z,2018-09-23T02:25:39.024000Z,2018-08-14,2018-09-23,0.17,-16,24,4.441117,1.27687,1.0,0.84375,0.021329035982489586,0.023226678371429443,0.03242205083370209,0.011840343475341797,0.034384384751319885,0.05088725686073303,-0.4352642297744751,0.28143203258514404,0.84375,0.011220503826530613,1.992984693877551e-05,0.0,1,unburned_or_regrowth,-1,not_applicable,png,images/pre/b2e8170c084e65d3.png,images/post/b2e8170c084e65d3.png,images/dnbr/b2e8170c084e65d3.png,geotiff/pre/b2e8170c084e65d3.tif,geotiff/post/b2e8170c084e65d3.tif,geotiff/dnbr/b2e8170c084e65d3.tif
MCD64A1.A2018182.h23v04.061.2021359024817_r236_c837,2018-07-15,2018,7,196,MCD64A1.A2018182.h23v04.061.2021359024817,81.55554459541696,49.0145833289104,70,17.5,224,10,68573844e986924e,burn,train,Asia,Kazakhstan,81.53695780865363,49.01874999557669,1,30,grassland,grassland_savanna,temperate,N,temperate_other,S2A_MSIL2A_20180617T053641_R005_T44UNV_20201011T230516,S2B_MSIL2A_20180801T053639_R005_T44UNV_20201010T194833,2018-06-17T05:36:41.024000Z,2018-08-01T05:36:39.024000Z,2018-06-17,2018-08-01,0.03,-28,17,0.15907,0.01429,1.0,1.0,0.3845428228378296,0.37577587366104126,0.1470729261636734,0.30175071954727173,0.46479716897010803,0.5766851305961609,-0.31818532943725586,0.9977576732635498,1.0,0.9855707908163265,0.8188177614795918,0.30269451530612246,3,moderate,1,moderate,png,images/pre/68573844e986924e.png,images/post/68573844e986924e.png,images/dnbr/68573844e986924e.png,geotiff/pre/68573844e986924e.tif,geotiff/post/68573844e986924e.tif,geotiff/dnbr/68573844e986924e.tif
MCD64A1.A2018182.h23v04.061.2021359024817_r236_c837,2018-07-15,2018,7,196,MCD64A1.A2018182.h23v04.061.2021359024817,81.55554459541696,49.0145833289104,70,17.5,224,10,81b7467869fd3a95,neg,train,Asia,Kazakhstan,81.60239686525304,49.07619670493491,0,30,grassland,grassland_savanna,temperate,N,temperate_other,S2B_MSIL2A_20180709T052649_R105_T44UNV_20201011T135104,S2B_MSIL2A_20180801T053639_R005_T44UNV_20201010T194833,2018-07-09T05:26:49.024000Z,2018-08-01T05:36:39.024000Z,2018-07-09,2018-08-01,9.83,-6,17,0.005776,0.01429,1.0,0.9996014030612245,0.028690814971923828,0.03183085471391678,0.036812976002693176,0.011678961105644703,0.04828305169939995,0.06848367303609848,-0.37034541368484497,0.3353769779205322,0.9996014030612245,0.023557079081632654,3.985969387755102e-05,0.0,1,unburned_or_regrowth,-1,not_applicable,png,images/pre/81b7467869fd3a95.png,images/post/81b7467869fd3a95.png,images/dnbr/81b7467869fd3a95.png,geotiff/pre/81b7467869fd3a95.tif,geotiff/post/81b7467869fd3a95.tif,geotiff/dnbr/81b7467869fd3a95.tif
MCD64A1.A2018213.h21v04.061.2021360132818_r188_c1065,2018-08-24,2018,8,236,MCD64A1.A2018213.h21v04.061.2021360132818,52.722155556705026,49.214583328892495,7,1.75,224,10,6d80ea0dbb2501fc,burn,train,Asia,Kazakhstan,52.71771197921701,49.2104166622262,1,30,grassland,grassland_savanna,temperate,N,temperate_other,S2B_MSIL2A_20180728T073609_R092_T39UXQ_20201011T210635,S2A_MSIL2A_20180829T072611_R049_T39UXQ_20201103T103737,2018-07-28T07:36:09.024000Z,2018-08-29T07:26:11.024000Z,2018-07-28,2018-08-29,9.97,-27,5,0.857842,0.423127,1.0,1.0,0.2288261502981186,0.28728750348091125,0.16680215299129486,0.13248521089553833,0.3513653874397278,0.39680933952331543,-0.11549493670463562,0.6182906627655029,1.0,0.7588089923469388,0.5558235012755102,0.027802136479591837,2,low,0,low,png,images/pre/6d80ea0dbb2501fc.png,images/post/6d80ea0dbb2501fc.png,images/dnbr/6d80ea0dbb2501fc.png,geotiff/pre/6d80ea0dbb2501fc.tif,geotiff/post/6d80ea0dbb2501fc.tif,geotiff/dnbr/6d80ea0dbb2501fc.tif
MCD64A1.A2018213.h21v04.061.2021360132818_r188_c1065,2018-08-24,2018,8,236,MCD64A1.A2018213.h21v04.061.2021360132818,52.722155556705026,49.214583328892495,7,1.75,224,10,bb0d2f0209313e2b,neg,train,Asia,Kazakhstan,52.787648295549346,49.162109731908565,0,30,grassland,grassland_savanna,temperate,N,temperate_other,S2B_MSIL2A_20180728T073609_R092_T39UXQ_20201011T210635,S2B_MSIL2A_20180923T072619_R049_T39UXQ_20201009T040837,2018-07-28T07:36:09.024000Z,2018-09-23T07:26:19.024000Z,2018-07-28,2018-09-23,9.83,-27,30,0.857842,0.335238,1.0,1.0,-0.020741373300552368,-0.02077745459973812,0.00865696556866169,-0.02615920826792717,-0.015528028830885887,-0.010476697236299515,-0.05593862384557724,0.024823561310768127,1.0,0.0,0.0,0.0,1,unburned_or_regrowth,-1,not_applicable,png,images/pre/bb0d2f0209313e2b.png,images/post/bb0d2f0209313e2b.png,images/dnbr/bb0d2f0209313e2b.png,geotiff/pre/bb0d2f0209313e2b.tif,geotiff/post/bb0d2f0209313e2b.tif,geotiff/dnbr/bb0d2f0209313e2b.tif
MCD64A1.A2018182.h21v03.061.2021358231416_r2279_c898,2018-07-18,2018,7,199,MCD64A1.A2018182.h21v03.061.2021358231416,53.05202634568631,50.50208332877726,1051,262.75,224,10,6394d80b4f1a6ab9,burn,train,Asia,Kazakhstan,52.957424830590746,50.58124999543684,1,30,grassland,grassland_savanna,temperate,N,temperate_other,S2B_MSIL2A_20180625T072619_R049_T39UXS_20201012T022117,S2A_MSIL2A_20180802T073611_R092_T39UXS_20201010T201349,2018-06-25T07:26:19.024000Z,2018-08-02T07:36:11.024000Z,2018-06-25,2018-08-02,9.87,-23,15,0.014516,5.140351,0.9993622448979592,0.9795918367346939,0.2453371286392212,0.243843674659729,0.15497224032878876,0.14950019121170044,0.3530333340167999,0.45492297410964966,-0.3518446087837219,0.7376084923744202,0.9794323979591837,0.7990274234693877,0.41366390306122447,0.11631058673469388,2,low,0,low,png,images/pre/6394d80b4f1a6ab9.png,images/post/6394d80b4f1a6ab9.png,images/dnbr/6394d80b4f1a6ab9.png,geotiff/pre/6394d80b4f1a6ab9.tif,geotiff/post/6394d80b4f1a6ab9.tif,geotiff/dnbr/6394d80b4f1a6ab9.tif
MCD64A1.A2018182.h21v03.061.2021358231416_r2279_c898,2018-07-18,2018,7,199,MCD64A1.A2018182.h21v03.061.2021358231416,53.05202634568631,50.50208332877726,1051,262.75,224,10,602fcb01f74f0d3e,neg,train,Asia,Kazakhstan,52.69382587482582,50.56194563612399,0,30,grassland,grassland_savanna,temperate,N,temperate_other,S2B_MSIL2A_20180625T072619_R049_T39UXS_20201012T022117,S2A_MSIL2A_20180822T073611_R092_T39UXS_20201011T051650,2018-06-25T07:26:19.024000Z,2018-08-22T07:36:11.024000Z,2018-06-25,2018-08-22,9.87,-23,35,0.014516,0.007226,1.0,1.0,0.013940120115876198,0.008944608271121979,0.03290077671408653,-0.008998630568385124,0.032114408910274506,0.05633310228586197,-0.09605401754379272,0.24919205904006958,1.0,0.016063456632653062,0.0,0.0,1,unburned_or_regrowth,-1,not_applicable,png,images/pre/602fcb01f74f0d3e.png,images/post/602fcb01f74f0d3e.png,images/dnbr/602fcb01f74f0d3e.png,geotiff/pre/602fcb01f74f0d3e.tif,geotiff/post/602fcb01f74f0d3e.tif,geotiff/dnbr/602fcb01f74f0d3e.tif
MCD64A1.A2018213.h21v04.061.2021360132818_r252_c1925,2018-08-21,2018,8,233,MCD64A1.A2018213.h21v04.061.2021360132818,57.896029302372376,48.947916662249696,1037,259.25,224,10,87ede45f43268542,burn,train,Asia,Kazakhstan,57.906302751198346,48.90208332892046,1,30,grassland,grassland_savanna,temperate,N,temperate_other,S2B_MSIL2A_20180801T071729_R006_T40UEV_20201010T194737,S2B_MSIL2A_20180831T071609_R006_T40UEV_20201103T192424,2018-08-01T07:17:29.024000Z,2018-08-31T07:16:09.024000Z,2018-08-01,2018-08-31,1.33,-20,10,0.0044,1.806724,1.0,0.9996811224489796,0.21122583746910095,0.20065468549728394,0.08816830813884735,0.14643451571464539,0.26613008975982666,0.3271409571170807,-0.19463206827640533,0.725475013256073,0.9996811224489796,0.9490194515306123,0.2376434948979592,0.013811383928571428,2,low,0,low,png,images/pre/87ede45f43268542.png,images/post/87ede45f43268542.png,images/dnbr/87ede45f43268542.png,geotiff/pre/87ede45f43268542.tif,geotiff/post/87ede45f43268542.tif,geotiff/dnbr/87ede45f43268542.tif
MCD64A1.A2018213.h21v04.061.2021360132818_r252_c1925,2018-08-21,2018,8,233,MCD64A1.A2018213.h21v04.061.2021360132818,57.896029302372376,48.947916662249696,1037,259.25,224,10,435acee901668451,neg,train,Asia,Kazakhstan,58.16577777075099,48.90169307357908,0,30,grassland,grassland_savanna,temperate,N,temperate_other,S2A_MSIL2A_20180803T070621_R106_T40UEV_20201010T203248,S2A_MSIL2A_20180922T070621_R106_T40UEV_20201009T033947,2018-08-03T07:06:21.024000Z,2018-09-22T07:06:21.024000Z,2018-08-03,2018-09-22,0.0,-18,32,0.248366,0.003437,1.0,1.0,-0.012760802172124386,-0.010880570858716965,0.024985287338495255,-0.019176596775650978,-0.0027718394994735718,0.00446801632642746,-0.3481726348400116,0.1482044905424118,1.0,0.00031887755102040814,0.0,0.0,1,unburned_or_regrowth,-1,not_applicable,png,images/pre/435acee901668451.png,images/post/435acee901668451.png,images/dnbr/435acee901668451.png,geotiff/pre/435acee901668451.tif,geotiff/post/435acee901668451.tif,geotiff/dnbr/435acee901668451.tif
MCD64A1.A2018213.h21v03.061.2021360132204_r2220_c2060,2018-08-13,2018,8,225,MCD64A1.A2018213.h21v03.061.2021360132204,60.982099923740954,50.74791666208859,11,2.75,224,10,e73d5512f9d89be2,burn,val,Asia,Kazakhstan,60.976673115884275,50.7437499954223,1,30,grassland,grassland_savanna,temperate,N,temperate_other,S2B_MSIL2A_20180726T065619_R063_T41ULS_20201011T202104,S2A_MSIL2A_20180823T070621_R106_T41ULS_20201011T054543,2018-07-26T06:56:19.024000Z,2018-08-23T07:06:21.024000Z,2018-07-26,2018-08-23,10.03,-18,10,0.002737,1.615308,1.0,1.0,0.22249436378479004,0.18868042528629303,0.24438665807247162,0.022561954334378242,0.3031931519508362,0.596167802810669,-0.407787561416626,1.107344388961792,1.0,0.6555923150510204,0.3042689732142857,0.15080915178571427,2,low,0,low,png,images/pre/e73d5512f9d89be2.png,images/post/e73d5512f9d89be2.png,images/dnbr/e73d5512f9d89be2.png,geotiff/pre/e73d5512f9d89be2.tif,geotiff/post/e73d5512f9d89be2.tif,geotiff/dnbr/e73d5512f9d89be2.tif
MCD64A1.A2018213.h21v03.061.2021360132204_r2220_c2060,2018-08-13,2018,8,225,MCD64A1.A2018213.h21v03.061.2021360132204,60.982099923740954,50.74791666208859,11,2.75,224,10,d62b60639638063b,neg,val,Asia,Kazakhstan,61.02859448191628,50.718285697855826,0,30,grassland,grassland_savanna,temperate,N,temperate_other,S2B_MSIL2A_20180726T065619_R063_T41ULS_20201011T202104,S2A_MSIL2A_20180912T070621_R106_T41ULS_20201009T001910,2018-07-26T06:56:19.024000Z,2018-09-12T07:06:21.024000Z,2018-07-26,2018-09-12,10.03,-18,30,0.002737,0.00477,1.0,1.0,0.03656983748078346,0.038599543273448944,0.025045527145266533,0.026702703908085823,0.04991528391838074,0.061919115483760834,-0.1173657476902008,0.16888268291950226,1.0,0.005141900510204082,0.0,0.0,1,unburned_or_regrowth,-1,not_applicable,png,images/pre/d62b60639638063b.png,images/post/d62b60639638063b.png,images/dnbr/d62b60639638063b.png,geotiff/pre/d62b60639638063b.tif,geotiff/post/d62b60639638063b.tif,geotiff/dnbr/d62b60639638063b.tif
MCD64A1.A2018213.h21v05.061.2021360133955_r582_c896,2018-08-20,2018,8,232,MCD64A1.A2018213.h21v05.061.2021360133955,42.56416162571698,37.5729166632678,45,11.25,224,10,ae1f992ca68b1bde,burn,train,Asia,Turkey,42.560792098685326,37.58541666326668,1,30,grassland,grassland_savanna,temperate,N,temperate_other,S2A_MSIL2A_20180808T075611_R035_T38SKG_20201010T224549,S2B_MSIL2A_20180902T075559_R035_T38SKG_20201011T074341,2018-08-08T07:56:11.024000Z,2018-09-02T07:55:59.024000Z,2018-08-08,2018-09-02,0.2,-12,13,0.019486,0.029768,1.0,1.0,0.19964337348937988,0.16393211483955383,0.17449381947517395,0.04351460188627243,0.3371277153491974,0.4577293395996094,-0.17137815058231354,0.7660307884216309,1.0,0.5557039221938775,0.3583386479591837,0.1194595025510204,2,low,0,low,png,images/pre/ae1f992ca68b1bde.png,images/post/ae1f992ca68b1bde.png,images/dnbr/ae1f992ca68b1bde.png,geotiff/pre/ae1f992ca68b1bde.tif,geotiff/post/ae1f992ca68b1bde.tif,geotiff/dnbr/ae1f992ca68b1bde.tif
MCD64A1.A2018213.h21v05.061.2021360133955_r582_c896,2018-08-20,2018,8,232,MCD64A1.A2018213.h21v05.061.2021360133955,42.56416162571698,37.5729166632678,45,11.25,224,10,6b30b1e7234541f3,neg,train,Asia,Turkey,42.61794947057584,37.608799406209656,0,30,grassland,grassland_savanna,temperate,N,temperate_other,S2B_MSIL2A_20180810T074609_R135_T38SKG_20210516T231352,S2B_MSIL2A_20180912T075959_R035_T38SKG_20201009T003016,2018-08-10T07:46:09.024000Z,2018-09-12T07:59:59.024000Z,2018-08-10,2018-09-12,13.83,-10,23,0.007766,0.011868,1.0,1.0,-0.01244035828858614,-0.013894403353333473,0.0319918617606163,-0.03340240567922592,0.006615716032683849,0.028363239020109177,-0.1843264251947403,0.18239237368106842,1.0,0.0024314413265306123,0.0,0.0,1,unburned_or_regrowth,-1,not_applicable,png,images/pre/6b30b1e7234541f3.png,images/post/6b30b1e7234541f3.png,images/dnbr/6b30b1e7234541f3.png,geotiff/pre/6b30b1e7234541f3.tif,geotiff/post/6b30b1e7234541f3.tif,geotiff/dnbr/6b30b1e7234541f3.tif
MCD64A1.A2018213.h23v04.061.2021360165206_r1497_c891,2018-08-18,2018,8,230,MCD64A1.A2018213.h23v04.061.2021360165206,74.37239006607271,43.760416662714,327,81.75,224,10,57af44f21e2d3c81,burn,train,Asia,Kazakhstan,74.42949557530807,43.76458332938029,1,30,grassland,grassland_savanna,temperate,N,temperate_other,S2B_MSIL2A_20180728T055629_R091_T43TDJ_20201011T210517,S2B_MSIL2A_20180906T055629_R091_T43TDJ_20201011T092258,2018-07-28T05:56:29.024000Z,2018-09-06T05:56:29.024000Z,2018-07-28,2018-09-06,0.0,-21,19,2.686831,0.007561,1.0,1.0,0.16858522593975067,0.15673258900642395,0.11024827510118484,0.09299756586551666,0.2271834909915924,0.3152811527252197,-0.15037694573402405,0.7645385265350342,1.0,0.7309271364795918,0.16338488520408162,0.021902901785714284,2,low,0,low,png,images/pre/57af44f21e2d3c81.png,images/post/57af44f21e2d3c81.png,images/dnbr/57af44f21e2d3c81.png,geotiff/pre/57af44f21e2d3c81.tif,geotiff/post/57af44f21e2d3c81.tif,geotiff/dnbr/57af44f21e2d3c81.tif
MCD64A1.A2018213.h23v04.061.2021360165206_r1497_c891,2018-08-18,2018,8,230,MCD64A1.A2018213.h23v04.061.2021360165206,74.37239006607271,43.760416662714,327,81.75,224,10,3f2df3572dddad5b,neg,train,Asia,Kazakhstan,74.21897403252528,43.78534595821581,0,30,grassland,grassland_savanna,temperate,N,temperate_other,S2B_MSIL2A_20180708T055639_R091_T43TDJ_20201011T132809,S2B_MSIL2A_20180906T055629_R091_T43TDJ_20201011T092258,2018-07-08T05:56:39.024000Z,2018-09-06T05:56:29.024000Z,2018-07-08,2018-09-06,0.17,-41,19,0.00643,0.007561,1.0,1.0,0.015773948282003403,0.012202084995806217,0.022191040217876434,0.0016911408165469766,0.025275886058807373,0.04010540992021561,-0.04737795144319534,0.22712485492229462,1.0,0.009606186224489796,0.0,0.0,1,unburned_or_regrowth,-1,not_applicable,png,images/pre/3f2df3572dddad5b.png,images/post/3f2df3572dddad5b.png,images/dnbr/3f2df3572dddad5b.png,geotiff/pre/3f2df3572dddad5b.tif,geotiff/post/3f2df3572dddad5b.tif,geotiff/dnbr/3f2df3572dddad5b.tif
MCD64A1.A2018213.h21v03.061.2021360132204_r2218_c2110,2018-08-06,2018,8,218,MCD64A1.A2018213.h21v03.061.2021360132204,61.32227524704938,50.75624999542118,16,4.0,224,10,0a367cef0fcb5d65,burn,test,Asia,Kazakhstan,61.328861603877364,50.75624999542118,1,40,cropland,cropland,temperate,N,temperate_other,S2B_MSIL2A_20180726T065619_R063_T41ULS_20201011T202104,S2A_MSIL2A_20180823T070621_R106_T41ULS_20201011T054543,2018-07-26T06:56:19.024000Z,2018-08-23T07:06:21.024000Z,2018-07-26,2018-08-23,10.03,-11,17,0.002737,1.615308,1.0,1.0,0.163570836186409,0.15762042999267578,0.07160916924476624,0.11725378036499023,0.2040848284959793,0.244541198015213,-0.027237828820943832,0.9196457862854004,1.0,0.8369539221938775,0.047931281887755105,0.006596779336734694,2,low,0,low,png,images/pre/0a367cef0fcb5d65.png,images/post/0a367cef0fcb5d65.png,images/dnbr/0a367cef0fcb5d65.png,geotiff/pre/0a367cef0fcb5d65.tif,geotiff/post/0a367cef0fcb5d65.tif,geotiff/dnbr/0a367cef0fcb5d65.tif
MCD64A1.A2018213.h21v03.061.2021360132204_r2218_c2110,2018-08-06,2018,8,218,MCD64A1.A2018213.h21v03.061.2021360132204,61.32227524704938,50.75624999542118,16,4.0,224,10,bece701926a3e281,neg,test,Asia,Kazakhstan,61.32143651102185,50.80131436077853,0,40,cropland,cropland,temperate,N,temperate_other,S2B_MSIL2A_20180726T065619_R063_T41ULS_20201011T202104,S2A_MSIL2A_20180912T070621_R106_T41ULS_20201009T001910,2018-07-26T06:56:19.024000Z,2018-09-12T07:06:21.024000Z,2018-07-26,2018-09-12,10.03,-11,37,0.002737,0.00477,1.0,1.0,0.0019674194045364857,-0.0016592256724834442,0.029185427352786064,-0.01476902887225151,0.011944439262151718,0.026479514315724373,-0.11637044697999954,0.21589034795761108,1.0,0.02112563775510204,0.0,0.0,1,unburned_or_regrowth,-1,not_applicable,png,images/pre/bece701926a3e281.png,images/post/bece701926a3e281.png,images/dnbr/bece701926a3e281.png,geotiff/pre/bece701926a3e281.tif,geotiff/post/bece701926a3e281.tif,geotiff/dnbr/bece701926a3e281.tif
MCD64A1.A2018182.h21v05.061.2021358233328_r96_c1019,2018-07-19,2018,7,200,MCD64A1.A2018182.h21v05.061.2021358233328,44.446849997275564,39.59791666308656,55,13.75,224,10,0e13ba35a37de18a,burn,test,Asia,Turkey,44.45225748556526,39.59791666308656,1,30,grassland,grassland_savanna,temperate,N,temperate_other,S2A_MSIL2A_20180706T074611_R135_T38SMJ_20201011T123210,S2A_MSIL2A_20180726T074611_R135_T38SMJ_20201011T200941,2018-07-06T07:46:11.024000Z,2018-07-26T07:46:11.024000Z,2018-07-06,2018-07-26,0.0,-13,7,0.142322,0.162539,1.0,1.0,0.2260802984237671,0.24394744634628296,0.10996615141630173,0.10749314725399017,0.3078518807888031,0.36107757687568665,-0.07513086497783661,0.5499745011329651,1.0,0.7648278061224489,0.39451132015306123,0.012476084183673469,2,low,0,low,png,images/pre/0e13ba35a37de18a.png,images/post/0e13ba35a37de18a.png,images/dnbr/0e13ba35a37de18a.png,geotiff/pre/0e13ba35a37de18a.tif,geotiff/post/0e13ba35a37de18a.tif,geotiff/dnbr/0e13ba35a37de18a.tif
MCD64A1.A2018182.h21v05.061.2021358233328_r96_c1019,2018-07-19,2018,7,200,MCD64A1.A2018182.h21v05.061.2021358233328,44.446849997275564,39.59791666308656,55,13.75,224,10,ccb808143d096f0e,neg,test,Asia,Turkey,44.57803717247046,39.63129833913731,0,30,grassland,grassland_savanna,temperate,N,temperate_other,S2A_MSIL2A_20180706T074611_R135_T38SMJ_20201011T123210,S2B_MSIL2A_20180830T074559_R135_T38SMJ_20201103T155858,2018-07-06T07:46:11.024000Z,2018-08-30T07:45:59.024000Z,2018-07-06,2018-08-30,0.2,-13,42,0.142322,0.105116,1.0,1.0,0.038751475512981415,0.038073427975177765,0.014022625051438808,0.029430700466036797,0.04732012003660202,0.056551869958639145,-0.06496371328830719,0.14781443774700165,1.0,0.0003786670918367347,0.0,0.0,1,unburned_or_regrowth,-1,not_applicable,png,images/pre/ccb808143d096f0e.png,images/post/ccb808143d096f0e.png,images/dnbr/ccb808143d096f0e.png,geotiff/pre/ccb808143d096f0e.tif,geotiff/post/ccb808143d096f0e.tif,geotiff/dnbr/ccb808143d096f0e.tif
MCD64A1.A2018182.h21v03.061.2021358231416_r2295_c1211,2018-07-05,2018,7,186,MCD64A1.A2018182.h21v03.061.2021358231416,55.02480500796957,50.43541666211656,982,245.5,224,10,bd0675ac9c238841,burn,train,Asia,Kazakhstan,55.147202236904214,50.456249995448026,1,30,grassland,grassland_savanna,temperate,N,temperate_other,S2B_MSIL2A_20180625T072619_R049_T40UCB_20201012T022119,S2A_MSIL2A_20180710T072621_R049_T39UYR_20201011T140327,2018-06-25T07:26:19.024000Z,2018-07-10T07:26:21.024000Z,2018-06-25,2018-07-10,0.03,-10,5,0.007714,3.337351,0.8571428571428571,1.0,0.3124205470085144,0.31113100051879883,0.1236700490117073,0.23925307393074036,0.36893966794013977,0.4401980936527252,-0.07659785449504852,1.1032254695892334,0.8571428571428571,0.8312739158163265,0.5617426658163265,0.08591757015306123,3,moderate,1,moderate,png,images/pre/bd0675ac9c238841.png,images/post/bd0675ac9c238841.png,images/dnbr/bd0675ac9c238841.png,geotiff/pre/bd0675ac9c238841.tif,geotiff/post/bd0675ac9c238841.tif,geotiff/dnbr/bd0675ac9c238841.tif
MCD64A1.A2018182.h21v03.061.2021358231416_r2295_c1211,2018-07-05,2018,7,186,MCD64A1.A2018182.h21v03.061.2021358231416,55.02480500796957,50.43541666211656,982,245.5,224,10,6d53d0df9d73f6cb,neg,train,Asia,Kazakhstan,54.72374957995262,50.270646471260505,0,30,grassland,grassland_savanna,temperate,N,temperate_other,S2B_MSIL2A_20180625T072619_R049_T40UCA_20201012T022119,S2B_MSIL2A_20180801T071729_R006_T40UCA_20201010T194735,2018-06-25T07:26:19.024000Z,2018-08-01T07:17:29.024000Z,2018-06-25,2018-08-01,8.83,-10,27,0.020375,0.016481,0.9997608418367347,0.9998405612244898,0.009081060066819191,0.0027246493846178055,0.02570018172264099,-0.008723239414393902,0.022047586739063263,0.044959887862205505,-0.09276650100946426,0.17084456980228424,0.9997608418367347,0.005879304846938775,0.0,0.0,1,unburned_or_regrowth,-1,not_applicable,png,images/pre/6d53d0df9d73f6cb.png,images/post/6d53d0df9d73f6cb.png,images/dnbr/6d53d0df9d73f6cb.png,geotiff/pre/6d53d0df9d73f6cb.tif,geotiff/post/6d53d0df9d73f6cb.tif,geotiff/dnbr/6d53d0df9d73f6cb.tif
MCD64A1.A2018182.h23v03.061.2021359023710_r2384_c60,2018-07-17,2018,7,198,MCD64A1.A2018182.h23v03.061.2021359023710,78.28357414286289,50.06458332881642,8,2.0,224,10,1925d198f3cb6938,burn,train,Asia,Kazakhstan,78.28975548914998,50.060416662150125,1,30,grassland,grassland_savanna,temperate,N,temperate_other,S2A_MSIL2A_20180710T054641_R048_T44ULA_20201011T140216,S2B_MSIL2A_20180804T054639_R048_T44ULA_20201010T210616,2018-07-10T05:46:41.024000Z,2018-08-04T05:46:39.024000Z,2018-07-10,2018-08-04,0.03,-7,18,0.084724,4.361567,1.0,0.9925860969387755,0.20957216620445251,0.21489478647708893,0.08599719405174255,0.16629497706890106,0.2661186456680298,0.3084056079387665,-0.2291109263896942,0.537355899810791,0.9925860969387755,0.8716916454081632,0.23200334821428573,0.004344706632653061,2,low,0,low,png,images/pre/1925d198f3cb6938.png,images/post/1925d198f3cb6938.png,images/dnbr/1925d198f3cb6938.png,geotiff/pre/1925d198f3cb6938.tif,geotiff/post/1925d198f3cb6938.tif,geotiff/dnbr/1925d198f3cb6938.tif
MCD64A1.A2018182.h23v03.061.2021359023710_r2384_c60,2018-07-17,2018,7,198,MCD64A1.A2018182.h23v03.061.2021359023710,78.28357414286289,50.06458332881642,8,2.0,224,10,c8ea32f65c29421b,neg,train,Asia,Kazakhstan,78.30194819130541,50.11868116692683,0,30,grassland,grassland_savanna,temperate,N,temperate_other,S2A_MSIL2A_20180710T054641_R048_T44ULA_20201011T140216,S2A_MSIL2A_20180809T054641_R048_T43UGR_20201010T231209,2018-07-10T05:46:41.024000Z,2018-08-09T05:46:41.024000Z,2018-07-10,2018-08-09,0.0,-7,23,0.084724,0.075121,1.0,1.0,0.01123348530381918,0.012722950428724289,0.03033013641834259,-0.0066570136696100235,0.030424540862441063,0.046410225331783295,-0.1532810926437378,0.1550811529159546,1.0,0.0037468112244897957,0.0,0.0,1,unburned_or_regrowth,-1,not_applicable,png,images/pre/c8ea32f65c29421b.png,images/post/c8ea32f65c29421b.png,images/dnbr/c8ea32f65c29421b.png,geotiff/pre/c8ea32f65c29421b.tif,geotiff/post/c8ea32f65c29421b.tif,geotiff/dnbr/c8ea32f65c29421b.tif
MCD64A1.A2018213.h31v09.061.2021361025535_r1950_c1544,2018-08-27,2018,8,239,MCD64A1.A2018213.h31v09.061.2021361025535,137.81954606783216,-8.1270833326509,4,1.0,224,10,7467f06a5878e94f,burn,train,Asia,Indonesia,137.82375500509087,-8.1270833326509,1,10,tree_cover,forest,tropical,S,tropical_moist,S2A_MSIL2A_20180730T010731_R045_T53MRM_20201011T213434,S2A_MSIL2A_20180908T010721_R045_T53MRM_20201011T095545,2018-07-30T01:07:31.024000Z,2018-09-08T01:07:21.024000Z,2018-07-30,2018-09-08,0.17,-28,12,6.811452,0.289968,0.9609773596938775,1.0,0.29222819209098816,0.21573901176452637,0.21907642483711243,0.12471829354763031,0.46886637806892395,0.5991927981376648,-0.4103546440601349,1.1864593029022217,0.9609773596938775,0.7948421556122449,0.41623485331632654,0.2736965880102041,3,moderate,1,moderate,png,images/pre/7467f06a5878e94f.png,images/post/7467f06a5878e94f.png,images/dnbr/7467f06a5878e94f.png,geotiff/pre/7467f06a5878e94f.tif,geotiff/post/7467f06a5878e94f.tif,geotiff/dnbr/7467f06a5878e94f.tif
MCD64A1.A2018213.h31v09.061.2021361025535_r1950_c1544,2018-08-27,2018,8,239,MCD64A1.A2018213.h31v09.061.2021361025535,137.81954606783216,-8.1270833326509,4,1.0,224,10,92b0e5a6394b2a7b,neg,train,Asia,Indonesia,137.836855445487,-8.078150395341268,0,10,tree_cover,forest,tropical,S,tropical_moist,S2A_MSIL2A_20180730T010731_R045_T53MRM_20201011T213434,S2A_MSIL2A_20180908T010721_R045_T53MRM_20201011T095545,2018-07-30T01:07:31.024000Z,2018-09-08T01:07:21.024000Z,2018-07-30,2018-09-08,0.17,-28,12,6.811452,0.289968,0.9723373724489796,1.0,-0.020065341144800186,0.004792988300323486,0.11331892013549805,-0.03184907138347626,0.019938141107559204,0.037033189088106155,-0.7294192910194397,1.608694314956665,0.9723373724489796,0.011479591836734694,0.006337691326530612,0.0048828125,1,unburned_or_regrowth,-1,not_applicable,png,images/pre/92b0e5a6394b2a7b.png,images/post/92b0e5a6394b2a7b.png,images/dnbr/92b0e5a6394b2a7b.png,geotiff/pre/92b0e5a6394b2a7b.tif,geotiff/post/92b0e5a6394b2a7b.tif,geotiff/dnbr/92b0e5a6394b2a7b.tif
MCD64A1.A2018213.h28v09.061.2021360231600_r64_c2261,2018-08-15,2018,8,227,MCD64A1.A2018213.h28v09.061.2021360231600,109.42412040047643,-0.26875000002091204,29,7.25,224,10,3066bb231f1e729d,burn,test,Asia,Indonesia,109.42408336411168,-0.2645833333546183,1,10,tree_cover,forest,tropical,S,tropical_moist,S2A_MSIL2A_20180716T024551_R132_T49MCV_20201011T161947,S2B_MSIL2A_20180820T024539_R132_T49MCV_20201011T043134,2018-07-16T02:45:51.024000Z,2018-08-20T02:45:39.024000Z,2018-07-16,2018-08-20,0.2,-30,5,5.333357,3.890375,0.9954559948979592,0.9591836734693877,0.17174306511878967,0.04273945093154907,0.2651725113391876,0.007898107171058655,0.2602370083332062,0.6784911751747131,-0.7495557069778442,1.2525665760040283,0.9546396683673469,0.32338169642857145,0.2352917729591837,0.18470982142857142,2,low,0,low,png,images/pre/3066bb231f1e729d.png,images/post/3066bb231f1e729d.png,images/dnbr/3066bb231f1e729d.png,geotiff/pre/3066bb231f1e729d.tif,geotiff/post/3066bb231f1e729d.tif,geotiff/dnbr/3066bb231f1e729d.tif
MCD64A1.A2018213.h28v09.061.2021360231600_r64_c2261,2018-08-15,2018,8,227,MCD64A1.A2018213.h28v09.061.2021360231600,109.42412040047643,-0.26875000002091204,29,7.25,224,10,e10f840782051eb9,neg,test,Asia,Indonesia,109.3784551416184,-0.33321033419899726,0,10,tree_cover,forest,tropical,S,tropical_moist,S2A_MSIL2A_20180716T024551_R132_T49MCV_20201011T161947,S2B_MSIL2A_20180820T024539_R132_T49MCV_20201011T043134,2018-07-16T02:45:51.024000Z,2018-08-20T02:45:39.024000Z,2018-07-16,2018-08-20,0.2,-30,5,5.333357,3.890375,0.9438775510204082,1.0,0.010006862692534924,0.020862668752670288,0.06577184796333313,0.008268475532531738,0.03117091953754425,0.04653666913509369,-0.6637835502624512,0.4306611120700836,0.9438775510204082,0.011120854591836735,0.0010363520408163266,0.0,1,unburned_or_regrowth,-1,not_applicable,png,images/pre/e10f840782051eb9.png,images/post/e10f840782051eb9.png,images/dnbr/e10f840782051eb9.png,geotiff/pre/e10f840782051eb9.tif,geotiff/post/e10f840782051eb9.tif,geotiff/dnbr/e10f840782051eb9.tif
MCD64A1.A2018182.h21v05.061.2021358233328_r901_c1454,2018-07-08,2018,7,189,MCD64A1.A2018182.h21v05.061.2021358233328,44.71172935535819,36.2437499967201,16,4.0,224,10,dad3bac943e7b560,burn,train,Asia,Iraq,44.71729468342206,36.23541666338751,1,30,grassland,grassland_savanna,temperate,N,temperate_other,S2A_MSIL2A_20180626T074731_R135_T38SMF_20201012T023233,S2B_MSIL2A_20180718T073729_R092_T38SMF_20201011T171657,2018-06-26T07:47:31.024000Z,2018-07-18T07:37:29.024000Z,2018-06-26,2018-07-18,10.03,-12,10,0.510121,0.3692,1.0,1.0,0.16925647854804993,0.06725885719060898,0.179355651140213,0.02702750265598297,0.29506564140319824,0.454433798789978,-0.1314941793680191,0.7550331354141235,1.0,0.4629504145408163,0.27895806760204084,0.10859773596938775,2,low,0,low,png,images/pre/dad3bac943e7b560.png,images/post/dad3bac943e7b560.png,images/dnbr/dad3bac943e7b560.png,geotiff/pre/dad3bac943e7b560.tif,geotiff/post/dad3bac943e7b560.tif,geotiff/dnbr/dad3bac943e7b560.tif
MCD64A1.A2018182.h21v05.061.2021358233328_r901_c1454,2018-07-08,2018,7,189,MCD64A1.A2018182.h21v05.061.2021358233328,44.71172935535819,36.2437499967201,16,4.0,224,10,c5bcc13e1e977be3,neg,train,Asia,Iraq,44.706374613428856,36.199845266660745,0,30,grassland,grassland_savanna,temperate,N,temperate_other,S2A_MSIL2A_20180626T074731_R135_T38SMF_20201012T023233,S2B_MSIL2A_20180810T074609_R135_T38SMF_20201010T235602,2018-06-26T07:47:31.024000Z,2018-08-10T07:46:09.024000Z,2018-06-26,2018-08-10,1.37,-12,33,0.510121,0.05812,1.0,1.0,0.022484054788947105,0.022735582664608955,0.021065203472971916,0.014506141655147076,0.030230307951569557,0.03816220164299011,-0.15324215590953827,0.27470946311950684,1.0,0.008669483418367346,1.992984693877551e-05,0.0,1,unburned_or_regrowth,-1,not_applicable,png,images/pre/c5bcc13e1e977be3.png,images/post/c5bcc13e1e977be3.png,images/dnbr/c5bcc13e1e977be3.png,geotiff/pre/c5bcc13e1e977be3.tif,geotiff/post/c5bcc13e1e977be3.tif,geotiff/dnbr/c5bcc13e1e977be3.tif
MCD64A1.A2018213.h29v08.061.2021361002042_r1742_c423,2018-08-14,2018,8,226,MCD64A1.A2018213.h29v08.061.2021361002042,111.89246604556662,2.7395833330431656,6,1.5,224,10,0a61f5bfe9b6773a,burn,train,Asia,Malaysia,111.89246604556662,2.7395833330431656,1,10,tree_cover,forest,tropical,N,tropical_moist,S2A_MSIL2A_20180805T024551_R132_T49NED_20201010T211944,S2A_MSIL2A_20180825T024551_R132_T49NED_20201011T063751,2018-08-05T02:45:51.024000Z,2018-08-25T02:45:51.024000Z,2018-08-05,2018-08-25,0.0,-9,11,31.281034,19.80298,1.0,0.950813137755102,0.16859431564807892,0.004329562187194824,0.30953800678253174,-0.020053207874298096,0.2193884700536728,0.7673974633216858,-0.16452044248580933,1.1555930376052856,0.950813137755102,0.3016780931122449,0.2206234056122449,0.1757214604591837,2,low,0,low,png,images/pre/0a61f5bfe9b6773a.png,images/post/0a61f5bfe9b6773a.png,images/dnbr/0a61f5bfe9b6773a.png,geotiff/pre/0a61f5bfe9b6773a.tif,geotiff/post/0a61f5bfe9b6773a.tif,geotiff/dnbr/0a61f5bfe9b6773a.tif
MCD64A1.A2018213.h29v08.061.2021361002042_r1742_c423,2018-08-14,2018,8,226,MCD64A1.A2018213.h29v08.061.2021361002042,111.89246604556662,2.7395833330431656,6,1.5,224,10,4bc5016ccd9e0066,neg,train,Asia,Malaysia,111.78570437222707,2.741037603034886,0,10,tree_cover,forest,tropical,N,tropical_moist,S2A_MSIL2A_20180805T024551_R132_T49NED_20201010T211944,S2A_MSIL2A_20180825T024551_R132_T49NED_20201011T063751,2018-08-05T02:45:51.024000Z,2018-08-25T02:45:51.024000Z,2018-08-05,2018-08-25,0.0,-9,11,31.281034,19.80298,0.9992426658163265,1.0,0.0054655070416629314,0.00014925003051757812,0.02398327924311161,-0.00829748809337616,0.013662979006767273,0.029840610921382904,-0.16298574209213257,0.31258583068847656,0.9992426658163265,0.009964923469387755,0.0001793686224489796,0.0,1,unburned_or_regrowth,-1,not_applicable,png,images/pre/4bc5016ccd9e0066.png,images/post/4bc5016ccd9e0066.png,images/dnbr/4bc5016ccd9e0066.png,geotiff/pre/4bc5016ccd9e0066.tif,geotiff/post/4bc5016ccd9e0066.tif,geotiff/dnbr/4bc5016ccd9e0066.tif
MCD64A1.A2018213.h23v04.061.2021360165206_r1596_c1037,2018-08-25,2018,8,237,MCD64A1.A2018213.h23v04.061.2021360165206,74.70158832589041,43.34791666275092,161,40.25,224,10,3ed93e5ccfd02796,burn,train,Asia,Kazakhstan,74.68832223864597,43.3604166627498,1,30,grassland,grassland_savanna,temperate,N,temperate_other,S2A_MSIL2A_20180730T054641_R048_T43TDJ_20201011T213620,S2B_MSIL2A_20180906T055629_R091_T43TDJ_20201011T092258,2018-07-30T05:46:41.024000Z,2018-09-06T05:56:29.024000Z,2018-07-30,2018-09-06,9.8,-26,12,0.005784,0.007561,1.0,1.0,0.20997148752212524,0.22444233298301697,0.16189751029014587,0.0445743165910244,0.3551822304725647,0.41770046949386597,-0.14624151587486267,0.7355326414108276,1.0,0.5954440369897959,0.4383569834183674,0.0643734056122449,2,low,0,low,png,images/pre/3ed93e5ccfd02796.png,images/post/3ed93e5ccfd02796.png,images/dnbr/3ed93e5ccfd02796.png,geotiff/pre/3ed93e5ccfd02796.tif,geotiff/post/3ed93e5ccfd02796.tif,geotiff/dnbr/3ed93e5ccfd02796.tif
MCD64A1.A2018213.h23v04.061.2021360165206_r1596_c1037,2018-08-25,2018,8,237,MCD64A1.A2018213.h23v04.061.2021360165206,74.70158832589041,43.34791666275092,161,40.25,224,10,efff6cf33e095918,neg,train,Asia,Kazakhstan,74.70413605328773,43.226882284422146,0,40,cropland,cropland,temperate,N,temperate_other,S2B_MSIL2A_20180814T054629_R048_T43TDH_20201011T014430,S2A_MSIL2A_20180908T054641_R048_T43TDH_20201011T095755,2018-08-14T05:46:29.024000Z,2018-09-08T05:46:41.024000Z,2018-08-14,2018-09-08,0.2,-11,14,0.535853,0.311632,1.0,1.0,-0.016449978575110435,-0.018600018694996834,0.027398739010095596,-0.029736444354057312,-0.008402938954532146,0.0005949661135673523,-0.08862768113613129,0.5139338374137878,1.0,0.003926179846938775,0.001913265306122449,0.0008370535714285714,1,unburned_or_regrowth,-1,not_applicable,png,images/pre/efff6cf33e095918.png,images/post/efff6cf33e095918.png,images/dnbr/efff6cf33e095918.png,geotiff/pre/efff6cf33e095918.tif,geotiff/post/efff6cf33e095918.tif,geotiff/dnbr/efff6cf33e095918.tif
MCD64A1.A2018182.h21v04.061.2021358232248_r53_c857,2018-07-25,2018,7,206,MCD64A1.A2018182.h21v04.061.2021358232248,51.98952211343637,49.777083328842146,3364,841.0,224,10,845200cb83481a30,burn,test,Asia,Kazakhstan,52.09169868489237,49.752083328844385,1,30,grassland,grassland_savanna,temperate,N,temperate_other,S2B_MSIL2A_20180628T073609_R092_T39UWR_20201012T033036,S2A_MSIL2A_20180802T073611_R092_T39UWR_20201019T182924,2018-06-28T07:36:09.024000Z,2018-08-02T07:36:11.024000Z,2018-06-28,2018-08-02,0.03,-27,8,0.077906,0.230269,1.0,1.0,0.2950511872768402,0.29596251249313354,0.13979199528694153,0.18912716209888458,0.4036194384098053,0.47803622484207153,-0.08929824829101562,0.8917742967605591,1.0,0.9237284757653061,0.5509805484693877,0.16611527423469388,3,moderate,1,moderate,png,images/pre/845200cb83481a30.png,images/post/845200cb83481a30.png,images/dnbr/845200cb83481a30.png,geotiff/pre/845200cb83481a30.tif,geotiff/post/845200cb83481a30.tif,geotiff/dnbr/845200cb83481a30.tif
MCD64A1.A2018182.h21v04.061.2021358232248_r53_c857,2018-07-25,2018,7,206,MCD64A1.A2018182.h21v04.061.2021358232248,51.98952211343637,49.777083328842146,3364,841.0,224,10,672b8310fe708ee2,neg,test,Asia,Kazakhstan,52.32474122227265,49.91680171219612,0,90,herbaceous_wetland,wetland,temperate,N,temperate_other,S2B_MSIL2A_20180628T073609_R092_T39UWR_20201012T033036,S2A_MSIL2A_20180822T073611_R092_T39UWR_20201011T051656,2018-06-28T07:36:09.024000Z,2018-08-22T07:36:11.024000Z,2018-06-28,2018-08-22,0.03,-27,28,0.077906,0.075896,1.0,1.0,-0.027512749657034874,-0.029598847031593323,0.0189078226685524,-0.03952421620488167,-0.01794903725385666,-0.0038576796650886536,-0.1195848360657692,0.07238617539405823,1.0,0.0,0.0,0.0,1,unburned_or_regrowth,-1,not_applicable,png,images/pre/672b8310fe708ee2.png,images/post/672b8310fe708ee2.png,images/dnbr/672b8310fe708ee2.png,geotiff/pre/672b8310fe708ee2.tif,geotiff/post/672b8310fe708ee2.tif,geotiff/dnbr/672b8310fe708ee2.tif
MCD64A1.A2018182.h22v05.061.2021359010755_r2150_c61,2018-07-25,2018,7,206,MCD64A1.A2018182.h22v05.061.2021359010755,46.98380035976551,31.039583330519218,7,1.75,224,10,cd7a9c9e8aec99ef,burn,train,Asia,Iraq,46.97893736743929,31.039583330519218,1,90,herbaceous_wetland,wetland,subtropical,N,subtropical,S2B_MSIL2A_20180625T072619_R049_T38RPV_20201012T022104,S2B_MSIL2A_20180804T072609_R049_T38RPV_20201010T210721,2018-06-25T07:26:19.024000Z,2018-08-04T07:26:09.024000Z,2018-06-25,2018-08-04,0.17,-30,10,1.505887,1.107978,1.0,1.0,0.17537015676498413,0.08104356378316879,0.21040132641792297,0.04994034767150879,0.1919516623020172,0.6024727821350098,-0.3815852105617523,1.3105334043502808,1.0,0.4336535395408163,0.19031010841836735,0.1455078125,2,low,0,low,png,images/pre/cd7a9c9e8aec99ef.png,images/post/cd7a9c9e8aec99ef.png,images/dnbr/cd7a9c9e8aec99ef.png,geotiff/pre/cd7a9c9e8aec99ef.tif,geotiff/post/cd7a9c9e8aec99ef.tif,geotiff/dnbr/cd7a9c9e8aec99ef.tif
MCD64A1.A2018182.h22v05.061.2021359010755_r2150_c61,2018-07-25,2018,7,206,MCD64A1.A2018182.h22v05.061.2021359010755,46.98380035976551,31.039583330519218,7,1.75,224,10,60bb8a21ba374c0d,neg,train,Asia,Iraq,46.92996874068884,31.089851853948712,0,90,herbaceous_wetland,wetland,subtropical,N,subtropical,S2B_MSIL2A_20180615T072619_R049_T38RPV_20201027T015802,S2B_MSIL2A_20180804T072609_R049_T38RPV_20201010T210721,2018-06-15T07:26:19.024000Z,2018-08-04T07:26:09.024000Z,2018-06-15,2018-08-04,0.17,-40,10,0.987916,1.107978,1.0,1.0,-0.022828886285424232,-0.022044792771339417,0.02258828654885292,-0.03066978231072426,-0.01340525969862938,-0.0036978498101234436,-0.25251615047454834,0.1058797612786293,1.0,1.992984693877551e-05,0.0,0.0,1,unburned_or_regrowth,-1,not_applicable,png,images/pre/60bb8a21ba374c0d.png,images/post/60bb8a21ba374c0d.png,images/dnbr/60bb8a21ba374c0d.png,geotiff/pre/60bb8a21ba374c0d.tif,geotiff/post/60bb8a21ba374c0d.tif,geotiff/dnbr/60bb8a21ba374c0d.tif
MCD64A1.A2018213.h28v09.061.2021360231600_r269_c2324,2018-08-16,2018,8,228,MCD64A1.A2018213.h28v09.061.2021360231600,109.70648537910823,-1.1229166666111279,24,6.0,224,10,56b98187ec59889a,burn,train,Asia,Indonesia,109.70247457563927,-1.1270833332774217,1,20,shrubland,shrubland_chaparral,tropical,S,tropical_dry,S2A_MSIL2A_20180805T024551_R132_T49MCU_20201010T211932,S2A_MSIL2A_20180825T024551_R132_T49MCU_20201011T063745,2018-08-05T02:45:51.024000Z,2018-08-25T02:45:51.024000Z,2018-08-05,2018-08-25,0.0,-11,9,15.388148,23.224644,1.0,0.8991948341836735,0.18176119029521942,0.10227501392364502,0.2631506621837616,-0.03419870138168335,0.398555725812912,0.570267915725708,-0.6711557507514954,1.013374924659729,0.8991948341836735,0.4512515943877551,0.35435267857142855,0.17723612882653061,2,low,0,low,png,images/pre/56b98187ec59889a.png,images/post/56b98187ec59889a.png,images/dnbr/56b98187ec59889a.png,geotiff/pre/56b98187ec59889a.tif,geotiff/post/56b98187ec59889a.tif,geotiff/dnbr/56b98187ec59889a.tif
MCD64A1.A2018213.h28v09.061.2021360231600_r269_c2324,2018-08-16,2018,8,228,MCD64A1.A2018213.h28v09.061.2021360231600,109.70648537910823,-1.1229166666111279,24,6.0,224,10,327cbab9c21b2813,neg,train,Asia,Indonesia,109.62451783030228,-1.1384543434701888,0,20,shrubland,shrubland_chaparral,tropical,S,tropical_dry,S2A_MSIL2A_20180716T024551_R132_T49MCU_20201011T161945,S2A_MSIL2A_20180825T024551_R132_T49MCU_20201011T063745,2018-07-16T02:45:51.024000Z,2018-08-25T02:45:51.024000Z,2018-07-16,2018-08-25,0.0,-31,9,7.189976,23.224644,0.9514110331632653,1.0,-0.08498628437519073,-0.01825079321861267,0.15956580638885498,-0.08417223393917084,-0.001439511775970459,0.012287047691643238,-0.973267674446106,0.4022098481655121,0.9514110331632653,0.0054807079081632655,0.001953125,0.0,1,unburned_or_regrowth,-1,not_applicable,png,images/pre/327cbab9c21b2813.png,images/post/327cbab9c21b2813.png,images/dnbr/327cbab9c21b2813.png,geotiff/pre/327cbab9c21b2813.tif,geotiff/post/327cbab9c21b2813.tif,geotiff/dnbr/327cbab9c21b2813.tif
MCD64A1.A2018213.h28v09.061.2021360231600_r219_c2358,2018-08-04,2018,8,216,MCD64A1.A2018213.h28v09.061.2021360231600,109.84107684015416,-0.9145833332964414,3,0.75,224,10,57593b71b36778ff,burn,train,Asia,Indonesia,109.8412046478555,-0.918749999962735,1,30,grassland,grassland_savanna,tropical,S,tropical_dry,S2A_MSIL2A_20180716T024551_R132_T49MCV_20201011T161947,S2A_MSIL2A_20180815T024551_R132_T49MCV_20201011T015549,2018-07-16T02:45:51.024000Z,2018-08-15T02:45:51.024000Z,2018-07-16,2018-08-15,0.0,-19,11,5.333357,0.417792,0.9311623086734694,1.0,0.2082979679107666,0.16509585082530975,0.2019820362329483,0.04109148681163788,0.3639679253101349,0.5043261051177979,-0.5028679370880127,0.9720253944396973,0.9311623086734694,0.5747369260204082,0.33133370535714285,0.15583147321428573,2,low,0,low,png,images/pre/57593b71b36778ff.png,images/post/57593b71b36778ff.png,images/dnbr/57593b71b36778ff.png,geotiff/pre/57593b71b36778ff.tif,geotiff/post/57593b71b36778ff.tif,geotiff/dnbr/57593b71b36778ff.tif
MCD64A1.A2018213.h28v09.061.2021360231600_r219_c2358,2018-08-04,2018,8,216,MCD64A1.A2018213.h28v09.061.2021360231600,109.84107684015416,-0.9145833332964414,3,0.75,224,10,66cad58c532276ed,neg,train,Asia,Indonesia,109.81716086603225,-0.9556399170094624,0,30,grassland,grassland_savanna,tropical,S,tropical_dry,S2A_MSIL2A_20180716T024551_R132_T49MCV_20201011T161947,S2A_MSIL2A_20180815T024551_R132_T49MCV_20201011T015549,2018-07-16T02:45:51.024000Z,2018-08-15T02:45:51.024000Z,2018-07-16,2018-08-15,0.0,-19,11,5.333357,0.417792,0.8419363839285714,1.0,-0.10787785053253174,-0.03358262777328491,0.15400926768779755,-0.16283190250396729,-0.012839913368225098,0.005083737429231405,-0.8206942081451416,0.31225985288619995,0.8419363839285714,0.0034877232142857145,0.00015943877551020407,0.0,1,unburned_or_regrowth,-1,not_applicable,png,images/pre/66cad58c532276ed.png,images/post/66cad58c532276ed.png,images/dnbr/66cad58c532276ed.png,geotiff/pre/66cad58c532276ed.tif,geotiff/post/66cad58c532276ed.tif,geotiff/dnbr/66cad58c532276ed.tif
MCD64A1.A2018182.h22v03.061.2021359005926_r2359_c165,2018-07-12,2018,7,193,MCD64A1.A2018182.h22v03.061.2021359005926,63.52500250179469,50.16874999547376,3558,889.5,224,10,898513133e0fae93,burn,val,Asia,Kazakhstan,63.47719384913677,50.03958332881865,1,30,grassland,grassland_savanna,temperate,N,temperate_other,S2B_MSIL2A_20180613T064619_R020_T41UNR_20201027T000429,S2B_MSIL2A_20180726T065619_R063_T41UNR_20201011T202059,2018-06-13T06:46:19.024000Z,2018-07-26T06:56:19.024000Z,2018-06-13,2018-07-26,10.0,-29,14,8.916148,0.308962,0.9987244897959183,0.9783960459183674,0.1529296487569809,0.14736589789390564,0.08895251154899597,0.09198062866926193,0.18521220982074738,0.23582138121128082,-0.15971966087818146,0.9503931403160095,0.9775191326530612,0.7088847257653061,0.06489158163265306,0.015605070153061224,2,low,0,low,png,images/pre/898513133e0fae93.png,images/post/898513133e0fae93.png,images/dnbr/898513133e0fae93.png,geotiff/pre/898513133e0fae93.tif,geotiff/post/898513133e0fae93.tif,geotiff/dnbr/898513133e0fae93.tif
MCD64A1.A2018182.h22v03.061.2021359005926_r2359_c165,2018-07-12,2018,7,193,MCD64A1.A2018182.h22v03.061.2021359005926,63.52500250179469,50.16874999547376,3558,889.5,224,10,8bad0f6fe0407692,neg,val,Asia,Kazakhstan,62.879065909069716,50.147248252233084,0,30,grassland,grassland_savanna,temperate,N,temperate_other,S2B_MSIL2A_20180613T064619_R020_T41UMR_20201027T000423,S2B_MSIL2A_20180723T064619_R020_T41UMR_20201011T191149,2018-06-13T06:46:19.024000Z,2018-07-23T06:46:19.024000Z,2018-06-13,2018-07-23,0.0,-29,11,0.48244,0.108393,0.9977279974489796,0.9999202806122449,0.046423766762018204,0.04658832401037216,0.01983983814716339,0.03586491197347641,0.05807080864906311,0.06759340316057205,-0.2755831480026245,0.2340834140777588,0.9977279974489796,0.004803093112244898,0.0,0.0,1,unburned_or_regrowth,-1,not_applicable,png,images/pre/8bad0f6fe0407692.png,images/post/8bad0f6fe0407692.png,images/dnbr/8bad0f6fe0407692.png,geotiff/pre/8bad0f6fe0407692.tif,geotiff/post/8bad0f6fe0407692.tif,geotiff/dnbr/8bad0f6fe0407692.tif
MCD64A1.A2018213.h23v04.061.2021360165206_r1604_c863,2018-08-12,2018,8,224,MCD64A1.A2018213.h23v04.061.2021360165206,73.6641714125871,43.314583329420564,233,58.25,224,10,6c9cf5e69a5d6f86,burn,test,Asia,Kazakhstan,73.70796749211826,43.327083329419445,1,30,grassland,grassland_savanna,temperate,N,temperate_other,S2B_MSIL2A_20180718T055639_R091_T43TCJ_20201011T171557,S2B_MSIL2A_20180817T055629_R091_T43TCJ_20201011T030707,2018-07-18T05:56:39.024000Z,2018-08-17T05:56:29.024000Z,2018-07-18,2018-08-17,0.17,-25,5,0.00708,0.006082,1.0,1.0,0.18640047311782837,0.1843978315591812,0.04870280995965004,0.1501052975654602,0.21959540247917175,0.24907353520393372,0.05731002986431122,0.4432407021522522,1.0,0.9769810267857143,0.04727359693877551,3.985969387755102e-05,2,low,0,low,png,images/pre/6c9cf5e69a5d6f86.png,images/post/6c9cf5e69a5d6f86.png,images/dnbr/6c9cf5e69a5d6f86.png,geotiff/pre/6c9cf5e69a5d6f86.tif,geotiff/post/6c9cf5e69a5d6f86.tif,geotiff/dnbr/6c9cf5e69a5d6f86.tif
MCD64A1.A2018213.h23v04.061.2021360165206_r1604_c863,2018-08-12,2018,8,224,MCD64A1.A2018213.h23v04.061.2021360165206,73.6641714125871,43.314583329420564,233,58.25,224,10,0704c1032cf86b40,neg,test,Asia,Kazakhstan,73.83396042600688,43.33748479034231,0,30,grassland,grassland_savanna,temperate,N,temperate_other,S2B_MSIL2A_20180708T055639_R091_T43TCJ_20201011T132813,S2B_MSIL2A_20180817T055629_R091_T43TCJ_20201011T030707,2018-07-08T05:56:39.024000Z,2018-08-17T05:56:29.024000Z,2018-07-08,2018-08-17,0.17,-35,5,0.005717,0.006082,1.0,1.0,0.038795799016952515,0.03998255729675293,0.019228031858801842,0.028092797845602036,0.05085080862045288,0.061148617416620255,-0.05691254511475563,0.1237805187702179,1.0,0.001295440051020408,0.0,0.0,1,unburned_or_regrowth,-1,not_applicable,png,images/pre/0704c1032cf86b40.png,images/post/0704c1032cf86b40.png,images/dnbr/0704c1032cf86b40.png,geotiff/pre/0704c1032cf86b40.tif,geotiff/post/0704c1032cf86b40.tif,geotiff/dnbr/0704c1032cf86b40.tif
MCD64A1.A2018213.h20v05.061.2021360115922_r99_c1417,2018-08-01,2018,8,213,MCD64A1.A2018213.h20v05.061.2021360115922,33.61499276444489,39.58541666308768,18,4.5,224,10,1700ac409d844020,burn,train,Asia,Turkey,33.62242107358722,39.58958332975397,1,40,cropland,cropland,temperate,N,temperate_other,S2B_MSIL2A_20180703T082559_R021_T36SWJ_20201011T113753,S2A_MSIL2A_20180817T082601_R021_T36SWJ_20201011T025516,2018-07-03T08:25:59.024000Z,2018-08-17T08:26:01.024000Z,2018-07-03,2018-08-17,0.03,-29,16,1.874286,3.667636,0.9967514349489796,0.9986049107142857,0.15560130774974823,0.11836251616477966,0.14947481453418732,0.03887338191270828,0.25908589363098145,0.3920746445655823,-0.12835289537906647,0.5686838030815125,0.9965919961734694,0.5580556441326531,0.23798230229591838,0.056162308673469385,2,low,0,low,png,images/pre/1700ac409d844020.png,images/post/1700ac409d844020.png,images/dnbr/1700ac409d844020.png,geotiff/pre/1700ac409d844020.tif,geotiff/post/1700ac409d844020.tif,geotiff/dnbr/1700ac409d844020.tif
MCD64A1.A2018213.h20v05.061.2021360115922_r99_c1417,2018-08-01,2018,8,213,MCD64A1.A2018213.h20v05.061.2021360115922,33.61499276444489,39.58541666308768,18,4.5,224,10,65fe4bb6acb20d89,neg,train,Asia,Turkey,33.6121890164723,39.512220565089045,0,40,cropland,cropland,temperate,N,temperate_other,S2A_MSIL2A_20180628T082601_R021_T36SWJ_20201012T032010,S2B_MSIL2A_20180822T082559_R021_T36SWJ_20201011T053219,2018-06-28T08:26:01.024000Z,2018-08-22T08:25:59.024000Z,2018-06-28,2018-08-22,0.03,-34,21,1.339342,2.295904,1.0,1.0,-0.035393550992012024,-0.04484875500202179,0.06543828547000885,-0.07714460045099258,-0.007132808677852154,0.037778157740831375,-0.26272979378700256,0.4054717421531677,1.0,0.02431441326530612,0.009665975765306123,0.0,1,unburned_or_regrowth,-1,not_applicable,png,images/pre/65fe4bb6acb20d89.png,images/post/65fe4bb6acb20d89.png,images/dnbr/65fe4bb6acb20d89.png,geotiff/pre/65fe4bb6acb20d89.tif,geotiff/post/65fe4bb6acb20d89.tif,geotiff/dnbr/65fe4bb6acb20d89.tif
MCD64A1.A2018213.h20v05.061.2021360115922_r157_c1428,2018-08-26,2018,8,238,MCD64A1.A2018213.h20v05.061.2021360115922,33.55772983087188,39.34374999644263,18,4.5,224,10,db5edda0c66dd582,burn,train,Asia,Turkey,33.56450382495437,39.33541666311005,1,40,cropland,cropland,temperate,N,temperate_other,S2A_MSIL2A_20180731T083601_R064_T36SWJ_20201011T220200,S2B_MSIL2A_20180901T082549_R021_T36SWJ_20201011T071734,2018-07-31T08:36:01.024000Z,2018-09-01T08:25:49.024000Z,2018-07-31,2018-09-01,10.2,-26,6,2.776152,2.399884,1.0,1.0,0.15081295371055603,0.0373958945274353,0.18179647624492645,-0.000628715381026268,0.33472731709480286,0.41951537132263184,-0.14004729688167572,0.7078306674957275,1.0,0.4300063775510204,0.3356385522959184,0.07055165816326531,2,low,0,low,png,images/pre/db5edda0c66dd582.png,images/post/db5edda0c66dd582.png,images/dnbr/db5edda0c66dd582.png,geotiff/pre/db5edda0c66dd582.tif,geotiff/post/db5edda0c66dd582.tif,geotiff/dnbr/db5edda0c66dd582.tif
MCD64A1.A2018213.h20v05.061.2021360115922_r157_c1428,2018-08-26,2018,8,238,MCD64A1.A2018213.h20v05.061.2021360115922,33.55772983087188,39.34374999644263,18,4.5,224,10,935bd4bea348b131,neg,train,Asia,Turkey,33.48969512976273,39.34051635011516,0,40,cropland,cropland,temperate,N,temperate_other,S2A_MSIL2A_20180731T083601_R064_T36SWJ_20201011T220200,S2B_MSIL2A_20180901T082549_R021_T36SWJ_20201011T071734,2018-07-31T08:36:01.024000Z,2018-09-01T08:25:49.024000Z,2018-07-31,2018-09-01,10.2,-26,6,2.776152,2.399884,1.0,1.0,-0.0031698651146143675,-0.0037709870375692844,0.021674830466508865,-0.01539925578981638,0.007226123940199614,0.018939658999443054,-0.14402684569358826,0.2480854094028473,1.0,0.003009406887755102,0.0,0.0,1,unburned_or_regrowth,-1,not_applicable,png,images/pre/935bd4bea348b131.png,images/post/935bd4bea348b131.png,images/dnbr/935bd4bea348b131.png,geotiff/pre/935bd4bea348b131.tif,geotiff/post/935bd4bea348b131.tif,geotiff/dnbr/935bd4bea348b131.tif
MCD64A1.A2018213.h28v09.061.2021360231600_r3_c2332,2018-08-15,2018,8,227,MCD64A1.A2018213.h28v09.061.2021360231600,109.71875354430236,-0.01458333337699411,8,2.0,224,10,59166cbf7e02fcf6,burn,train,Asia,Indonesia,109.71875586529158,-0.01875000004328784,1,10,tree_cover,forest,tropical,S,tropical_moist,S2A_MSIL2A_20180716T024551_R132_T49MCV_20201011T161947,S2B_MSIL2A_20180830T024539_R132_T49MCV_20201103T153032,2018-07-16T02:45:51.024000Z,2018-08-30T02:45:39.024000Z,2018-07-16,2018-08-30,0.2,-30,15,5.333357,0.293685,0.9845344387755102,1.0,0.322007954120636,0.16959860920906067,0.34438613057136536,0.016672879457473755,0.5947346091270447,0.8681707382202148,-0.20625543594360352,1.2413045167922974,0.9845344387755102,0.5299944196428571,0.45260682397959184,0.36684869260204084,3,moderate,1,moderate,png,images/pre/59166cbf7e02fcf6.png,images/post/59166cbf7e02fcf6.png,images/dnbr/59166cbf7e02fcf6.png,geotiff/pre/59166cbf7e02fcf6.tif,geotiff/post/59166cbf7e02fcf6.tif,geotiff/dnbr/59166cbf7e02fcf6.tif
MCD64A1.A2018213.h28v09.061.2021360231600_r3_c2332,2018-08-15,2018,8,227,MCD64A1.A2018213.h28v09.061.2021360231600,109.71875354430236,-0.01458333337699411,8,2.0,224,10,b3a894ea3be2fa00,neg,train,Asia,Indonesia,109.76730072104307,-0.0732794235669923,0,10,tree_cover,forest,tropical,S,tropical_moist,S2A_MSIL2A_20180716T024551_R132_T49MCV_20201011T161947,S2B_MSIL2A_20180830T024539_R132_T49MCV_20201103T153032,2018-07-16T02:45:51.024000Z,2018-08-30T02:45:39.024000Z,2018-07-16,2018-08-30,0.2,-30,15,5.333357,0.293685,0.9854113520408163,1.0,-0.02031794749200344,-0.023192860186100006,0.05143900588154793,-0.0449083149433136,-0.0031746551394462585,0.020353520289063454,-0.6098864674568176,0.5825033783912659,0.9854113520408163,0.024752869897959183,0.00332828443877551,0.0004384566326530612,1,unburned_or_regrowth,-1,not_applicable,png,images/pre/b3a894ea3be2fa00.png,images/post/b3a894ea3be2fa00.png,images/dnbr/b3a894ea3be2fa00.png,geotiff/pre/b3a894ea3be2fa00.tif,geotiff/post/b3a894ea3be2fa00.tif,geotiff/dnbr/b3a894ea3be2fa00.tif
MCD64A1.A2018182.h23v04.061.2021359024817_r1248_c450,2018-07-10,2018,7,191,MCD64A1.A2018182.h23v04.061.2021359024817,73.10787716449101,44.797916662621134,374,93.5,224,10,026ec0e743537bda,burn,train,Asia,Kazakhstan,73.13077384306403,44.80208332928743,1,30,grassland,grassland_savanna,temperate,N,temperate_other,S2A_MSIL2A_20180616T060631_R134_T43TCK_20201027T022324,S2B_MSIL2A_20180718T055639_R091_T43TCK_20201027T030259,2018-06-16T06:06:31.024000Z,2018-07-18T05:56:39.024000Z,2018-06-16,2018-07-18,9.87,-24,8,0.03922,0.028098,1.0,1.0,0.3222534656524658,0.32751020789146423,0.0542403981089592,0.296684205532074,0.3559466600418091,0.3802753686904907,0.091949962079525,0.6377025842666626,1.0,0.9999003507653061,0.8623046875,0.010283801020408163,3,moderate,1,moderate,png,images/pre/026ec0e743537bda.png,images/post/026ec0e743537bda.png,images/dnbr/026ec0e743537bda.png,geotiff/pre/026ec0e743537bda.tif,geotiff/post/026ec0e743537bda.tif,geotiff/dnbr/026ec0e743537bda.tif
MCD64A1.A2018182.h23v04.061.2021359024817_r1248_c450,2018-07-10,2018,7,191,MCD64A1.A2018182.h23v04.061.2021359024817,73.10787716449101,44.797916662621134,374,93.5,224,10,9eb5d104f412b565,neg,train,Asia,Kazakhstan,73.01587770819587,44.663585318566305,0,30,grassland,grassland_savanna,temperate,N,temperate_other,S2A_MSIL2A_20180616T060631_R134_T43TCK_20201027T022324,S2A_MSIL2A_20180822T055631_R091_T43TCK_20201011T051516,2018-06-16T06:06:31.024000Z,2018-08-22T05:56:31.024000Z,2018-06-16,2018-08-22,10.0,-24,43,0.03922,0.019679,1.0,1.0,0.021574148908257484,0.021530315279960632,0.0076482645235955715,0.016585279256105423,0.026460153982043266,0.031062399968504906,-0.022790782153606415,0.06138003244996071,1.0,0.0,0.0,0.0,1,unburned_or_regrowth,-1,not_applicable,png,images/pre/9eb5d104f412b565.png,images/post/9eb5d104f412b565.png,images/dnbr/9eb5d104f412b565.png,geotiff/pre/9eb5d104f412b565.tif,geotiff/post/9eb5d104f412b565.tif,geotiff/dnbr/9eb5d104f412b565.tif
MCD64A1.A2018182.h21v03.061.2021358231416_r2294_c1591,2018-07-26,2018,7,207,MCD64A1.A2018182.h21v03.061.2021358231416,57.51568166499304,50.43958332878285,269,67.25,224,10,27c4d14ead7f9d75,burn,test,Asia,Kazakhstan,57.53678564436095,50.43541666211656,1,30,grassland,grassland_savanna,temperate,N,temperate_other,S2B_MSIL2A_20180719T070619_R106_T40UEA_20201011T173931,S2B_MSIL2A_20180801T071729_R006_T40UEA_20201010T194830,2018-07-19T07:06:19.024000Z,2018-08-01T07:17:29.024000Z,2018-07-19,2018-08-01,11.17,-7,6,0.210056,0.137535,1.0,1.0,0.476335734128952,0.4430556297302246,0.2050282061100006,0.34836578369140625,0.5823765993118286,0.779671311378479,-0.02130035310983658,1.1659431457519531,1.0,0.9758250956632653,0.8773317920918368,0.5088289221938775,4,high,2,high,png,images/pre/27c4d14ead7f9d75.png,images/post/27c4d14ead7f9d75.png,images/dnbr/27c4d14ead7f9d75.png,geotiff/pre/27c4d14ead7f9d75.tif,geotiff/post/27c4d14ead7f9d75.tif,geotiff/dnbr/27c4d14ead7f9d75.tif
MCD64A1.A2018182.h21v03.061.2021358231416_r2294_c1591,2018-07-26,2018,7,207,MCD64A1.A2018182.h21v03.061.2021358231416,57.51568166499304,50.43958332878285,269,67.25,224,10,1786df9a53d3f1e0,neg,test,Asia,Kazakhstan,57.655288988624264,50.56164975855403,0,30,grassland,grassland_savanna,temperate,N,temperate_other,S2B_MSIL2A_20180719T070619_R106_T40UEB_20201011T173928,S2A_MSIL2A_20180905T071611_R006_T40UEB_20201011T084937,2018-07-19T07:06:19.024000Z,2018-09-05T07:16:11.024000Z,2018-07-19,2018-09-05,9.87,-7,41,0.241664,1.007296,1.0,0.9905333227040817,-0.01690543442964554,-0.016613023355603218,0.05640491843223572,-0.033635880798101425,8.195638656616211e-06,0.02921149879693985,-0.5384832620620728,0.24381396174430847,0.9905333227040817,0.02570950255102041,0.0,0.0,1,unburned_or_regrowth,-1,not_applicable,png,images/pre/1786df9a53d3f1e0.png,images/post/1786df9a53d3f1e0.png,images/dnbr/1786df9a53d3f1e0.png,geotiff/pre/1786df9a53d3f1e0.tif,geotiff/post/1786df9a53d3f1e0.tif,geotiff/dnbr/1786df9a53d3f1e0.tif
MCD64A1.A2018213.h22v03.061.2021360150322_r2384_c96,2018-08-12,2018,8,224,MCD64A1.A2018213.h22v03.061.2021360150322,62.939071902199096,50.06458332881642,137,34.25,224,10,6c7a02829827a93f,burn,train,Asia,Kazakhstan,62.93975447500124,50.03541666215236,1,30,grassland,grassland_savanna,temperate,N,temperate_other,S2B_MSIL2A_20180723T064619_R020_T41UMR_20201011T191149,S2A_MSIL2A_20180817T064621_R020_T41UMR_20201011T025308,2018-07-23T06:46:19.024000Z,2018-08-17T06:46:21.024000Z,2018-07-23,2018-08-17,0.03,-20,5,0.108393,0.126852,1.0,0.9988839285714286,0.16142460703849792,0.16026678681373596,0.11095830053091049,0.052090324461460114,0.24317842721939087,0.3048612177371979,-0.10166364908218384,0.7428830862045288,0.9988839285714286,0.6662348533163265,0.17725605867346939,0.009606186224489796,2,low,0,low,png,images/pre/6c7a02829827a93f.png,images/post/6c7a02829827a93f.png,images/dnbr/6c7a02829827a93f.png,geotiff/pre/6c7a02829827a93f.tif,geotiff/post/6c7a02829827a93f.tif,geotiff/dnbr/6c7a02829827a93f.tif
MCD64A1.A2018213.h22v03.061.2021360150322_r2384_c96,2018-08-12,2018,8,224,MCD64A1.A2018213.h22v03.061.2021360150322,62.939071902199096,50.06458332881642,137,34.25,224,10,d2d2b7a995ba0034,neg,train,Asia,Kazakhstan,63.0959177517371,50.12937443602237,0,30,grassland,grassland_savanna,temperate,N,temperate_other,S2B_MSIL2A_20180723T064619_R020_T41UMR_20201011T191149,S2A_MSIL2A_20180817T064621_R020_T41UMR_20201011T025308,2018-07-23T06:46:19.024000Z,2018-08-17T06:46:21.024000Z,2018-07-23,2018-08-17,0.03,-20,5,0.108393,0.126852,0.9256218112244898,0.9609375,0.0412815622985363,0.039947569370269775,0.031061574816703796,0.024645032361149788,0.059322915971279144,0.07762683928012848,-0.20404574275016785,0.26445284485816956,0.9212372448979592,0.023557079081632654,0.0,0.0,1,unburned_or_regrowth,-1,not_applicable,png,images/pre/d2d2b7a995ba0034.png,images/post/d2d2b7a995ba0034.png,images/dnbr/d2d2b7a995ba0034.png,geotiff/pre/d2d2b7a995ba0034.tif,geotiff/post/d2d2b7a995ba0034.tif,geotiff/dnbr/d2d2b7a995ba0034.tif
MCD64A1.A2018182.h20v05.061.2021358215042_r801_c2281,2018-07-22,2018,7,203,MCD64A1.A2018182.h20v05.061.2021358215042,36.782198108211084,36.660416663349466,7,1.75,224,10,953f8b03ccd9eabe,burn,train,Asia,Syria,36.783410654037894,36.65208333001688,1,40,cropland,cropland,temperate,N,temperate_other,S2A_MSIL2A_20180625T081601_R121_T37SCA_20201012T021032,S2B_MSIL2A_20180809T081559_R121_T37SBA_20201027T031845,2018-06-25T08:16:01.024000Z,2018-08-09T08:15:59.024000Z,2018-06-25,2018-08-09,0.03,-27,18,0.531448,0.53422,1.0,1.0,0.2006281018257141,0.054702453315258026,0.22898806631565094,0.020122293382883072,0.396764874458313,0.5577356219291687,-0.27319371700286865,0.9846709370613098,1.0,0.44321986607142855,0.3499083227040816,0.20968191964285715,2,low,0,low,png,images/pre/953f8b03ccd9eabe.png,images/post/953f8b03ccd9eabe.png,images/dnbr/953f8b03ccd9eabe.png,geotiff/pre/953f8b03ccd9eabe.tif,geotiff/post/953f8b03ccd9eabe.tif,geotiff/dnbr/953f8b03ccd9eabe.tif
MCD64A1.A2018182.h20v05.061.2021358215042_r801_c2281,2018-07-22,2018,7,203,MCD64A1.A2018182.h20v05.061.2021358215042,36.782198108211084,36.660416663349466,7,1.75,224,10,13249a1ea8072bab,neg,train,Asia,Syria,36.85143211259183,36.68564203701022,0,40,cropland,cropland,temperate,N,temperate_other,S2B_MSIL2A_20180610T081559_R121_T37SCA_20201026T211907,S2A_MSIL2A_20180824T081601_R121_T37SCA_20201011T061520,2018-06-10T08:15:59.024000Z,2018-08-24T08:16:01.024000Z,2018-06-10,2018-08-24,0.03,-42,33,0.498731,0.23407,0.9997608418367347,0.9994419642857143,-0.04564834386110306,-0.046316102147102356,0.026322146877646446,-0.061349764466285706,-0.030132494866847992,-0.01431313157081604,-0.23124930262565613,0.11958285421133041,0.9993622448979592,7.971938775510203e-05,0.0,0.0,1,unburned_or_regrowth,-1,not_applicable,png,images/pre/13249a1ea8072bab.png,images/post/13249a1ea8072bab.png,images/dnbr/13249a1ea8072bab.png,geotiff/pre/13249a1ea8072bab.tif,geotiff/post/13249a1ea8072bab.tif,geotiff/dnbr/13249a1ea8072bab.tif
MCD64A1.A2018182.h21v04.061.2021358232248_r453_c1197,2018-07-30,2018,7,211,MCD64A1.A2018182.h21v04.061.2021358232248,52.403367917271964,48.11041666232465,2066,516.5,224,10,ab96a8724c17e84f,burn,train,Asia,Kazakhstan,52.34903412408389,48.19791666231683,1,30,grassland,grassland_savanna,temperate,N,temperate_other,S2A_MSIL2A_20180630T072621_R049_T39UWP_20201012T040556,S2A_MSIL2A_20180812T073611_R092_T39UWP_20201011T003534,2018-06-30T07:26:21.024000Z,2018-08-12T07:36:11.024000Z,2018-06-30,2018-08-12,9.83,-30,13,1.164043,2.018369,0.9968909438775511,0.9965720663265306,0.17599782347679138,0.17919984459877014,0.09230121970176697,0.11799558997154236,0.2387528121471405,0.2906190752983093,-0.19667714834213257,0.606998085975647,0.9934630102040817,0.7959183673469388,0.14660395408163265,0.002192283163265306,2,low,0,low,png,images/pre/ab96a8724c17e84f.png,images/post/ab96a8724c17e84f.png,images/dnbr/ab96a8724c17e84f.png,geotiff/pre/ab96a8724c17e84f.tif,geotiff/post/ab96a8724c17e84f.tif,geotiff/dnbr/ab96a8724c17e84f.tif
MCD64A1.A2018182.h21v04.061.2021358232248_r453_c1197,2018-07-30,2018,7,211,MCD64A1.A2018182.h21v04.061.2021358232248,52.403367917271964,48.11041666232465,2066,516.5,224,10,2703acc54a35931a,neg,train,Asia,Kazakhstan,52.22872359297713,48.418454640127806,0,30,grassland,grassland_savanna,temperate,N,temperate_other,S2B_MSIL2A_20180618T073609_R092_T39UWP_20201011T234043,S2A_MSIL2A_20180822T073611_R092_T39UWP_20201011T051654,2018-06-18T07:36:09.024000Z,2018-08-22T07:36:11.024000Z,2018-06-18,2018-08-22,0.03,-42,23,0.429745,0.428997,1.0,1.0,0.002338947029784322,0.004399774596095085,0.031568095088005066,-0.01706264540553093,0.024013018235564232,0.03952856361865997,-0.14990907907485962,0.13583162426948547,1.0,0.001096141581632653,0.0,0.0,1,unburned_or_regrowth,-1,not_applicable,png,images/pre/2703acc54a35931a.png,images/post/2703acc54a35931a.png,images/dnbr/2703acc54a35931a.png,geotiff/pre/2703acc54a35931a.tif,geotiff/post/2703acc54a35931a.tif,geotiff/dnbr/2703acc54a35931a.tif
MCD64A1.A2018182.h21v04.061.2021358232248_r50_c849,2018-07-27,2018,7,208,MCD64A1.A2018182.h21v04.061.2021358232248,51.951305957203104,49.789583328841026,3134,783.5,224,10,cd1649d474f0a19a,burn,train,Asia,Kazakhstan,51.82962066629159,49.81458332883879,1,30,grassland,grassland_savanna,temperate,N,temperate_other,S2B_MSIL2A_20180628T073609_R092_T39UWR_20201012T033036,S2A_MSIL2A_20180802T073611_R092_T39UWR_20201019T182924,2018-06-28T07:36:09.024000Z,2018-08-02T07:36:11.024000Z,2018-06-28,2018-08-02,0.03,-29,6,0.077906,0.230269,1.0,1.0,0.2267063856124878,0.23380108177661896,0.09646964818239212,0.1845807433128357,0.2846676707267761,0.3334057629108429,-0.06133079528808594,0.7706955075263977,1.0,0.9083625637755102,0.3162866709183674,0.00860969387755102,2,low,0,low,png,images/pre/cd1649d474f0a19a.png,images/post/cd1649d474f0a19a.png,images/dnbr/cd1649d474f0a19a.png,geotiff/pre/cd1649d474f0a19a.tif,geotiff/post/cd1649d474f0a19a.tif,geotiff/dnbr/cd1649d474f0a19a.tif
MCD64A1.A2018182.h21v04.061.2021358232248_r50_c849,2018-07-27,2018,7,208,MCD64A1.A2018182.h21v04.061.2021358232248,51.951305957203104,49.789583328841026,3134,783.5,224,10,1146b3967a2fb7c0,neg,train,Asia,Kazakhstan,51.59902461483394,50.11398020078396,0,30,grassland,grassland_savanna,temperate,N,temperate_other,S2B_MSIL2A_20180628T073609_R092_T39UWR_20201012T033036,S2A_MSIL2A_20180822T073611_R092_T39UWR_20201011T051656,2018-06-28T07:36:09.024000Z,2018-08-22T07:36:11.024000Z,2018-06-28,2018-08-22,0.03,-29,26,0.077906,0.075896,1.0,1.0,-0.00478566437959671,-0.012241415679454803,0.041705675423145294,-0.03168518841266632,0.012709178030490875,0.047095902264118195,-0.16559801995754242,0.2618081271648407,1.0,0.02325813137755102,0.0,0.0,1,unburned_or_regrowth,-1,not_applicable,png,images/pre/1146b3967a2fb7c0.png,images/post/1146b3967a2fb7c0.png,images/dnbr/1146b3967a2fb7c0.png,geotiff/pre/1146b3967a2fb7c0.tif,geotiff/post/1146b3967a2fb7c0.tif,geotiff/dnbr/1146b3967a2fb7c0.tif
MCD64A1.A2018213.h28v07.061.2021360224806_r1769_c1528,2018-08-21,2018,8,233,MCD64A1.A2018213.h28v07.061.2021360224806,109.00520011430966,12.627083332160565,21,5.25,224,10,0b2a31a7d8a30280,burn,test,Asia,Vietnam,108.99666023142471,12.627083332160565,1,40,cropland,cropland,tropical,N,boreal_other,S2A_MSIL2A_20180801T030541_R075_T49PBP_20201010T185400,S2B_MSIL2A_20180905T030539_R075_T49PBP_20201011T085612,2018-08-01T03:05:41.024000Z,2018-09-05T03:05:39.024000Z,2018-08-01,2018-09-05,0.03,-20,15,11.134999,36.472297,1.0,0.9998405612244898,0.1542365550994873,0.026417940855026245,0.23866312205791473,-0.00750984251499176,0.2885161340236664,0.5625657439231873,-0.24913951754570007,1.0576798915863037,0.9998405612244898,0.35811941964285715,0.2593470982142857,0.16571667729591838,2,low,0,low,png,images/pre/0b2a31a7d8a30280.png,images/post/0b2a31a7d8a30280.png,images/dnbr/0b2a31a7d8a30280.png,geotiff/pre/0b2a31a7d8a30280.tif,geotiff/post/0b2a31a7d8a30280.tif,geotiff/dnbr/0b2a31a7d8a30280.tif
MCD64A1.A2018213.h28v07.061.2021360224806_r1769_c1528,2018-08-21,2018,8,233,MCD64A1.A2018213.h28v07.061.2021360224806,109.00520011430966,12.627083332160565,21,5.25,224,10,058bcabc18487c44,neg,test,Asia,Vietnam,109.03088413102314,12.568536964321977,0,40,cropland,cropland,tropical,N,boreal_other,S2A_MSIL2A_20180801T030541_R075_T49PBP_20201010T185400,S2B_MSIL2A_20180925T030539_R075_T49PBP_20201009T044719,2018-08-01T03:05:41.024000Z,2018-09-25T03:05:39.024000Z,2018-08-01,2018-09-25,0.03,-20,35,11.134999,13.075032,0.9860889668367347,0.9997608418367347,-0.2505631148815155,-0.2511700987815857,0.15073266625404358,-0.34886065125465393,-0.16309797763824463,-0.07629452645778656,-0.7537515759468079,0.8779725432395935,0.9858498086734694,0.017996651785714284,0.00390625,0.001833545918367347,1,unburned_or_regrowth,-1,not_applicable,png,images/pre/058bcabc18487c44.png,images/post/058bcabc18487c44.png,images/dnbr/058bcabc18487c44.png,geotiff/pre/058bcabc18487c44.tif,geotiff/post/058bcabc18487c44.tif,geotiff/dnbr/058bcabc18487c44.tif
MCD64A1.A2018213.h20v05.061.2021360115922_r517_c1192,2018-08-30,2018,8,242,MCD64A1.A2018213.h20v05.061.2021360115922,31.618548906316143,37.84374999657689,28,7.0,224,10,fd98bfabca67f055,burn,val,Asia,Turkey,31.61684546409987,37.852083329909476,1,40,cropland,cropland,temperate,N,temperate_other,S2B_MSIL2A_20180815T084009_R064_T36SUG_20201011T021423,S2B_MSIL2A_20180904T083549_R064_T36SUG_20201103T210531,2018-08-15T08:40:09.024000Z,2018-09-04T08:35:49.024000Z,2018-08-15,2018-09-04,4.33,-15,5,0.033325,0.580758,1.0,1.0,0.1834786832332611,0.20237460732460022,0.1536710411310196,0.036520734429359436,0.3102002739906311,0.377086877822876,-0.3589075803756714,0.6455647349357605,1.0,0.6493542729591837,0.35166214923469385,0.027722417091836735,2,low,0,low,png,images/pre/fd98bfabca67f055.png,images/post/fd98bfabca67f055.png,images/dnbr/fd98bfabca67f055.png,geotiff/pre/fd98bfabca67f055.tif,geotiff/post/fd98bfabca67f055.tif,geotiff/dnbr/fd98bfabca67f055.tif
MCD64A1.A2018213.h20v05.061.2021360115922_r517_c1192,2018-08-30,2018,8,242,MCD64A1.A2018213.h20v05.061.2021360115922,31.618548906316143,37.84374999657689,28,7.0,224,10,c4e92c1d7cd20a06,neg,val,Asia,Turkey,31.69170395986836,37.90622643514954,0,40,cropland,cropland,temperate,N,temperate_other,S2B_MSIL2A_20180815T084009_R064_T36SUG_20201011T021423,S2B_MSIL2A_20180924T083649_R064_T36SUG_20201009T042934,2018-08-15T08:40:09.024000Z,2018-09-24T08:36:49.024000Z,2018-08-15,2018-09-24,3.33,-15,25,0.033325,0.035243,1.0,1.0,-0.004641548730432987,-0.0017749392427504063,0.02628353051841259,-0.016214940696954727,0.010273702442646027,0.02172303944826126,-0.1866196244955063,0.29628798365592957,1.0,0.0008569834183673469,1.992984693877551e-05,0.0,1,unburned_or_regrowth,-1,not_applicable,png,images/pre/c4e92c1d7cd20a06.png,images/post/c4e92c1d7cd20a06.png,images/dnbr/c4e92c1d7cd20a06.png,geotiff/pre/c4e92c1d7cd20a06.tif,geotiff/post/c4e92c1d7cd20a06.tif,geotiff/dnbr/c4e92c1d7cd20a06.tif
MCD64A1.A2018182.h21v04.061.2021358232248_r56_c868,2018-07-25,2018,7,206,MCD64A1.A2018182.h21v04.061.2021358232248,52.04707298378944,49.764583328843266,2470,617.5,224,10,2b886db1ed04ea11,burn,val,Asia,Kazakhstan,52.20612075222761,49.714583328847745,1,30,grassland,grassland_savanna,temperate,N,temperate_other,S2B_MSIL2A_20180628T073609_R092_T39UWR_20201012T033036,S2A_MSIL2A_20180802T073611_R092_T39UWR_20201019T182924,2018-06-28T07:36:09.024000Z,2018-08-02T07:36:11.024000Z,2018-06-28,2018-08-02,0.03,-27,8,0.077906,0.230269,1.0,1.0,0.15843990445137024,0.14337888360023499,0.1348065435886383,0.05489218980073929,0.25701671838760376,0.3522653579711914,-0.0917087271809578,0.6917849183082581,1.0,0.6303212691326531,0.22993064413265307,0.01935188137755102,2,low,0,low,png,images/pre/2b886db1ed04ea11.png,images/post/2b886db1ed04ea11.png,images/dnbr/2b886db1ed04ea11.png,geotiff/pre/2b886db1ed04ea11.tif,geotiff/post/2b886db1ed04ea11.tif,geotiff/dnbr/2b886db1ed04ea11.tif
MCD64A1.A2018182.h21v04.061.2021358232248_r56_c868,2018-07-25,2018,7,206,MCD64A1.A2018182.h21v04.061.2021358232248,52.04707298378944,49.764583328843266,2470,617.5,224,10,a532f58f8b0d126d,neg,val,Asia,Kazakhstan,51.74365051256883,49.83587447866252,0,30,grassland,grassland_savanna,temperate,N,temperate_other,S2B_MSIL2A_20180628T073609_R092_T39UWR_20201012T033036,S2A_MSIL2A_20180822T073611_R092_T39UWR_20201011T051656,2018-06-28T07:36:09.024000Z,2018-08-22T07:36:11.024000Z,2018-06-28,2018-08-22,0.03,-27,28,0.077906,0.075896,1.0,1.0,-0.010383489541709423,-0.011136971414089203,0.01657918468117714,-0.021079745143651962,-0.0008848253637552261,0.009914912283420563,-0.08227407932281494,0.08864520490169525,1.0,0.0,0.0,0.0,1,unburned_or_regrowth,-1,not_applicable,png,images/pre/a532f58f8b0d126d.png,images/post/a532f58f8b0d126d.png,images/dnbr/a532f58f8b0d126d.png,geotiff/pre/a532f58f8b0d126d.tif,geotiff/post/a532f58f8b0d126d.tif,geotiff/dnbr/a532f58f8b0d126d.tif
MCD64A1.A2018182.h22v04.061.2021359010507_r17_c65,2018-07-14,2018,7,195,MCD64A1.A2018182.h22v04.061.2021359010507,62.558705896178246,49.92708332882872,1133,283.25,224,10,39ce78ebb2ad8b65,burn,train,Asia,Kazakhstan,62.484356299209544,49.96458332882537,1,30,grassland,grassland_savanna,temperate,N,temperate_other,S2A_MSIL2A_20180708T064631_R020_T41UMR_20201011T131722,S2B_MSIL2A_20180723T064619_R020_T41UMR_20201011T191149,2018-07-08T06:46:31.024000Z,2018-07-23T06:46:19.024000Z,2018-07-08,2018-07-23,0.2,-6,9,25.372529,0.108393,1.0,1.0,0.19535551965236664,0.1855674535036087,0.08488187938928604,0.14808693528175354,0.2260517179965973,0.28224262595176697,-0.024279959499835968,0.9360023736953735,1.0,0.9278140943877551,0.12083466198979592,0.020946269132653062,2,low,0,low,png,images/pre/39ce78ebb2ad8b65.png,images/post/39ce78ebb2ad8b65.png,images/dnbr/39ce78ebb2ad8b65.png,geotiff/pre/39ce78ebb2ad8b65.tif,geotiff/post/39ce78ebb2ad8b65.tif,geotiff/dnbr/39ce78ebb2ad8b65.tif
MCD64A1.A2018182.h22v04.061.2021359010507_r17_c65,2018-07-14,2018,7,195,MCD64A1.A2018182.h22v04.061.2021359010507,62.558705896178246,49.92708332882872,1133,283.25,224,10,6aaa125cc6b984b0,neg,train,Asia,Kazakhstan,62.28593206198815,50.01623410361783,0,30,grassland,grassland_savanna,temperate,N,temperate_other,S2B_MSIL2A_20180613T064619_R020_T41UMR_20201027T000423,S2B_MSIL2A_20180723T064619_R020_T41UMR_20201011T191149,2018-06-13T06:46:19.024000Z,2018-07-23T06:46:19.024000Z,2018-06-13,2018-07-23,0.0,-31,9,0.48244,0.108393,0.9890784438775511,0.9988042091836735,0.019006572663784027,0.020304441452026367,0.026497848331928253,0.012225180864334106,0.02913367748260498,0.039328109472990036,-0.43011969327926636,0.19015908241271973,0.9889987244897959,0.0005381058673469387,0.0,0.0,1,unburned_or_regrowth,-1,not_applicable,png,images/pre/6aaa125cc6b984b0.png,images/post/6aaa125cc6b984b0.png,images/dnbr/6aaa125cc6b984b0.png,geotiff/pre/6aaa125cc6b984b0.tif,geotiff/post/6aaa125cc6b984b0.tif,geotiff/dnbr/6aaa125cc6b984b0.tif
MCD64A1.A2018182.h21v04.061.2021358232248_r723_c1229,2018-07-19,2018,7,200,MCD64A1.A2018182.h21v04.061.2021358232248,51.48595037161307,46.98541666242535,76,19.0,224,10,395c5ec62b51137a,burn,train,Asia,Kazakhstan,51.48996389653208,46.989583329091644,1,90,herbaceous_wetland,wetland,temperate,N,temperate_other,S2A_MSIL2A_20180623T073611_R092_T39TWN_20201012T012239,S2B_MSIL2A_20180728T073609_R092_T39TWN_20201011T210637,2018-06-23T07:36:11.024000Z,2018-07-28T07:36:09.024000Z,2018-06-23,2018-07-28,0.03,-26,9,3.097971,4.658376,1.0,0.9993622448979592,0.40781038999557495,0.49862009286880493,0.3008977770805359,0.28571417927742004,0.6178304553031921,0.69029301404953,-1.3173085451126099,0.9757235646247864,0.9993622448979592,0.8328284438775511,0.7590282206632653,0.5895248724489796,3,moderate,1,moderate,png,images/pre/395c5ec62b51137a.png,images/post/395c5ec62b51137a.png,images/dnbr/395c5ec62b51137a.png,geotiff/pre/395c5ec62b51137a.tif,geotiff/post/395c5ec62b51137a.tif,geotiff/dnbr/395c5ec62b51137a.tif
MCD64A1.A2018182.h21v04.061.2021358232248_r723_c1229,2018-07-19,2018,7,200,MCD64A1.A2018182.h21v04.061.2021358232248,51.48595037161307,46.98541666242535,76,19.0,224,10,59e87c03bf982148,neg,train,Asia,Kazakhstan,51.4117666339373,46.99689506209044,0,90,herbaceous_wetland,wetland,temperate,N,temperate_other,S2A_MSIL2A_20180613T073611_R092_T39TWN_20201026T233656,S2B_MSIL2A_20180827T073719_R092_T39TWN_20201027T051632,2018-06-13T07:36:11.024000Z,2018-08-27T07:37:19.024000Z,2018-06-13,2018-08-27,1.13,-36,39,2.496826,2.452892,0.9845344387755102,0.990234375,-0.3073151707649231,-0.3329527974128723,0.1615247279405594,-0.4273836612701416,-0.1822582483291626,-0.08307070285081863,-1.0521667003631592,0.4167504906654358,0.9757254464285714,0.004404496173469388,0.0008769132653061224,0.0,1,unburned_or_regrowth,-1,not_applicable,png,images/pre/59e87c03bf982148.png,images/post/59e87c03bf982148.png,images/dnbr/59e87c03bf982148.png,geotiff/pre/59e87c03bf982148.tif,geotiff/post/59e87c03bf982148.tif,geotiff/dnbr/59e87c03bf982148.tif
MCD64A1.A2018182.h21v04.061.2021358232248_r144_c809,2018-07-19,2018,7,200,MCD64A1.A2018182.h21v04.061.2021358232248,51.27969128717051,49.39791666220942,531,132.75,224,10,42ddbf3b26d919d0,burn,train,Asia,Kazakhstan,51.24538707436222,49.38958332887683,1,30,grassland,grassland_savanna,temperate,N,temperate_other,S2A_MSIL2A_20180623T073611_R092_T39UWQ_20201012T012244,S2B_MSIL2A_20180728T073609_R092_T39UWQ_20201011T210639,2018-06-23T07:36:11.024000Z,2018-07-28T07:36:09.024000Z,2018-06-23,2018-07-28,0.03,-26,9,0.512626,0.398341,1.0,1.0,0.32026660442352295,0.3162708580493927,0.044200241565704346,0.2901127338409424,0.34568822383880615,0.37680402398109436,0.016604021191596985,0.5833494663238525,1.0,0.9998007015306123,0.897819674744898,0.013651945153061224,3,moderate,1,moderate,png,images/pre/42ddbf3b26d919d0.png,images/post/42ddbf3b26d919d0.png,images/dnbr/42ddbf3b26d919d0.png,geotiff/pre/42ddbf3b26d919d0.tif,geotiff/post/42ddbf3b26d919d0.tif,geotiff/dnbr/42ddbf3b26d919d0.tif
MCD64A1.A2018182.h21v04.061.2021358232248_r144_c809,2018-07-19,2018,7,200,MCD64A1.A2018182.h21v04.061.2021358232248,51.27969128717051,49.39791666220942,531,132.75,224,10,a3ac6874d9639ecd,neg,train,Asia,Kazakhstan,51.068575448116064,49.31168939145743,0,30,grassland,grassland_savanna,temperate,N,temperate_other,S2B_MSIL2A_20180618T073609_R092_T39UVQ_20201011T234044,S2A_MSIL2A_20180822T073611_R092_T39UVQ_20201011T051653,2018-06-18T07:36:09.024000Z,2018-08-22T07:36:11.024000Z,2018-06-18,2018-08-22,0.03,-31,34,0.166317,0.082594,1.0,1.0,-0.022525137290358543,-0.020952951163053513,0.01714048720896244,-0.03267313539981842,-0.011236026883125305,-0.0028650499880313873,-0.10601294040679932,0.12779530882835388,1.0,0.00013950892857142856,0.0,0.0,1,unburned_or_regrowth,-1,not_applicable,png,images/pre/a3ac6874d9639ecd.png,images/post/a3ac6874d9639ecd.png,images/dnbr/a3ac6874d9639ecd.png,geotiff/pre/a3ac6874d9639ecd.tif,geotiff/post/a3ac6874d9639ecd.tif,geotiff/dnbr/a3ac6874d9639ecd.tif
MCD64A1.A2018213.h21v03.061.2021360132204_r2179_c335,2018-08-22,2018,8,234,MCD64A1.A2018213.h21v03.061.2021360132204,49.80461654365635,50.91874999540663,74,18.5,224,10,6949135cdc05a426,burn,val,Asia,Kazakhstan,49.81998357290435,50.914583328740335,1,30,grassland,grassland_savanna,temperate,N,temperate_other,S2B_MSIL2A_20180731T074609_R135_T39UVS_20201011T221241,S2B_MSIL2A_20180909T074559_R135_T39UVS_20201008T232158,2018-07-31T07:46:09.024000Z,2018-09-09T07:45:59.024000Z,2018-07-31,2018-09-09,0.17,-22,18,0.134409,0.015126,1.0,1.0,0.4188390374183655,0.4521867036819458,0.17723548412322998,0.34006112813949585,0.535578191280365,0.6065318584442139,-0.12954238057136536,0.9892197847366333,1.0,0.9167729591836735,0.8338249362244898,0.535774075255102,3,moderate,1,moderate,png,images/pre/6949135cdc05a426.png,images/post/6949135cdc05a426.png,images/dnbr/6949135cdc05a426.png,geotiff/pre/6949135cdc05a426.tif,geotiff/post/6949135cdc05a426.tif,geotiff/dnbr/6949135cdc05a426.tif
MCD64A1.A2018213.h21v03.061.2021360132204_r2179_c335,2018-08-22,2018,8,234,MCD64A1.A2018213.h21v03.061.2021360132204,49.80461654365635,50.91874999540663,74,18.5,224,10,34a230c609768cb2,neg,val,Asia,Kazakhstan,49.70990841564107,50.94067459767175,0,30,grassland,grassland_savanna,temperate,N,temperate_other,S2B_MSIL2A_20180731T074609_R135_T39UVS_20201011T221241,S2A_MSIL2A_20181001T073721_R092_T39UVS_20201009T065031,2018-07-31T07:46:09.024000Z,2018-10-01T07:37:21.024000Z,2018-07-31,2018-10-01,8.8,-22,40,0.134409,0.009431,1.0,1.0,-0.0267463531345129,-0.03831583634018898,0.03898906335234642,-0.05354323983192444,-0.007904328405857086,0.028074946254491806,-0.1298367828130722,0.35032907128334045,1.0,0.008769132653061224,0.00029894770408163266,0.0,1,unburned_or_regrowth,-1,not_applicable,png,images/pre/34a230c609768cb2.png,images/post/34a230c609768cb2.png,images/dnbr/34a230c609768cb2.png,geotiff/pre/34a230c609768cb2.tif,geotiff/post/34a230c609768cb2.tif,geotiff/dnbr/34a230c609768cb2.tif
MCD64A1.A2018213.h23v04.061.2021360165206_r556_c935,2018-08-05,2018,8,217,MCD64A1.A2018213.h23v04.061.2021360165206,80.0557812269556,47.681249995696405,2503,625.75,224,10,24348da5fcb6feed,burn,train,Asia,Kazakhstan,79.99469686228174,47.69791666236158,1,30,grassland,grassland_savanna,temperate,N,temperate_other,S2A_MSIL2A_20180710T054641_R048_T44TMT_20201011T140203,S2B_MSIL2A_20180814T054629_R048_T44TMT_20201011T014434,2018-07-10T05:46:41.024000Z,2018-08-14T05:46:29.024000Z,2018-07-10,2018-08-14,0.2,-26,9,0.271521,0.102412,1.0,1.0,0.17997056245803833,0.16409888863563538,0.09959763288497925,0.11426980793476105,0.22525566816329956,0.3031705617904663,-0.06581029295921326,0.6970708966255188,1.0,0.8158681441326531,0.14211973852040816,0.024274553571428572,2,low,0,low,png,images/pre/24348da5fcb6feed.png,images/post/24348da5fcb6feed.png,images/dnbr/24348da5fcb6feed.png,geotiff/pre/24348da5fcb6feed.tif,geotiff/post/24348da5fcb6feed.tif,geotiff/dnbr/24348da5fcb6feed.tif
MCD64A1.A2018213.h23v04.061.2021360165206_r556_c935,2018-08-05,2018,8,217,MCD64A1.A2018213.h23v04.061.2021360165206,80.0557812269556,47.681249995696405,2503,625.75,224,10,b750aab48d40896f,neg,train,Asia,Kazakhstan,79.63015424556812,47.588501529658195,0,90,herbaceous_wetland,wetland,temperate,N,temperate_other,S2B_MSIL2A_20180705T054639_R048_T44TLT_20201011T121949,S2A_MSIL2A_20180908T054641_R048_T44TLT_20201011T095803,2018-07-05T05:46:39.024000Z,2018-09-08T05:46:41.024000Z,2018-07-05,2018-09-08,0.03,-31,34,0.142162,0.153781,1.0,1.0,0.03572172299027443,0.03243480250239372,0.025946320965886116,0.019622933119535446,0.04772961139678955,0.07012484967708588,-0.13046178221702576,0.2058926671743393,1.0,0.02166374362244898,0.0,0.0,1,unburned_or_regrowth,-1,not_applicable,png,images/pre/b750aab48d40896f.png,images/post/b750aab48d40896f.png,images/dnbr/b750aab48d40896f.png,geotiff/pre/b750aab48d40896f.tif,geotiff/post/b750aab48d40896f.tif,geotiff/dnbr/b750aab48d40896f.tif
MCD64A1.A2018213.h23v04.061.2021360165206_r628_c980,2018-08-03,2018,8,215,MCD64A1.A2018213.h23v04.061.2021360165206,79.87604946247374,47.38124999572325,73,18.25,224,10,ac8af30582531eca,burn,test,Asia,Kazakhstan,79.88220300428355,47.38124999572325,1,30,grassland,grassland_savanna,temperate,N,temperate_other,S2B_MSIL2A_20180705T054639_R048_T44TMT_20201011T121939,S2B_MSIL2A_20180814T054629_R048_T44TMT_20201011T014434,2018-07-05T05:46:39.024000Z,2018-08-14T05:46:29.024000Z,2018-07-05,2018-08-14,0.17,-29,11,0.182367,0.102412,1.0,1.0,0.15845000743865967,0.1412646621465683,0.07497818022966385,0.1100059226155281,0.19262290000915527,0.2716416120529175,-0.021836698055267334,0.5132350325584412,1.0,0.8137157206632653,0.10313695790816327,0.0011160714285714285,2,low,0,low,png,images/pre/ac8af30582531eca.png,images/post/ac8af30582531eca.png,images/dnbr/ac8af30582531eca.png,geotiff/pre/ac8af30582531eca.tif,geotiff/post/ac8af30582531eca.tif,geotiff/dnbr/ac8af30582531eca.tif
MCD64A1.A2018213.h23v04.061.2021360165206_r628_c980,2018-08-03,2018,8,215,MCD64A1.A2018213.h23v04.061.2021360165206,79.87604946247374,47.38124999572325,73,18.25,224,10,e23809659c55c0ab,neg,test,Asia,Kazakhstan,79.86249686570551,47.294329430319934,0,30,grassland,grassland_savanna,temperate,N,temperate_other,S2B_MSIL2A_20180705T054639_R048_T44TMT_20201011T121939,S2B_MSIL2A_20180814T054629_R048_T44TMT_20201011T014434,2018-07-05T05:46:39.024000Z,2018-08-14T05:46:29.024000Z,2018-07-05,2018-08-14,0.17,-29,11,0.182367,0.102412,1.0,1.0,0.03452132269740105,0.03437858447432518,0.009761692956089973,0.028290262445807457,0.04053456708788872,0.046525876969099045,-0.025244906544685364,0.09129904955625534,1.0,0.0,0.0,0.0,1,unburned_or_regrowth,-1,not_applicable,png,images/pre/e23809659c55c0ab.png,images/post/e23809659c55c0ab.png,images/dnbr/e23809659c55c0ab.png,geotiff/pre/e23809659c55c0ab.tif,geotiff/post/e23809659c55c0ab.tif,geotiff/dnbr/e23809659c55c0ab.tif
MCD64A1.A2018182.h21v05.061.2021358233328_r595_c838,2018-07-05,2018,7,186,MCD64A1.A2018182.h21v05.061.2021358233328,42.228554064841205,37.51874999660598,24,6.0,224,10,80e4a52426f177bf,burn,test,Asia,Turkey,42.22330077703071,37.51874999660598,1,20,shrubland,shrubland_chaparral,temperate,N,temperate_other,S2A_MSIL2A_20180629T075611_R035_T38SKG_20201012T034236,S2B_MSIL2A_20180714T075609_R035_T38SKG_20201011T154821,2018-06-29T07:56:11.024000Z,2018-07-14T07:56:09.024000Z,2018-06-29,2018-07-14,0.03,-6,9,0.084761,0.039632,1.0,1.0,0.22591471672058105,0.24117478728294373,0.14717204868793488,0.06625893712043762,0.3432254195213318,0.4144771099090576,-0.02669328823685646,0.7132270336151123,1.0,0.6959901147959183,0.43435108418367346,0.06660554846938775,2,low,0,low,png,images/pre/80e4a52426f177bf.png,images/post/80e4a52426f177bf.png,images/dnbr/80e4a52426f177bf.png,geotiff/pre/80e4a52426f177bf.tif,geotiff/post/80e4a52426f177bf.tif,geotiff/dnbr/80e4a52426f177bf.tif
MCD64A1.A2018182.h21v05.061.2021358233328_r595_c838,2018-07-05,2018,7,186,MCD64A1.A2018182.h21v05.061.2021358233328,42.228554064841205,37.51874999660598,24,6.0,224,10,64d2280398afc7bf,neg,test,Asia,Turkey,42.24548093154899,37.47027015599893,0,20,shrubland,shrubland_chaparral,temperate,N,temperate_other,S2A_MSIL2A_20180629T075611_R035_T38SKG_20201012T034236,S2A_MSIL2A_20180808T075611_R035_T38SKG_20201010T224549,2018-06-29T07:56:11.024000Z,2018-08-08T07:56:11.024000Z,2018-06-29,2018-08-08,0.0,-6,34,0.084761,0.019486,1.0,1.0,-0.00537535548210144,-0.0059060584753751755,0.02498597465455532,-0.016899604350328445,0.005098499357700348,0.01827962137758732,-0.2416101098060608,0.14818012714385986,1.0,0.002570950255102041,0.0,0.0,1,unburned_or_regrowth,-1,not_applicable,png,images/pre/64d2280398afc7bf.png,images/post/64d2280398afc7bf.png,images/dnbr/64d2280398afc7bf.png,geotiff/pre/64d2280398afc7bf.tif,geotiff/post/64d2280398afc7bf.tif,geotiff/dnbr/64d2280398afc7bf.tif
MCD64A1.A2018182.h21v05.061.2021358233328_r971_c1612,2018-07-03,2018,7,184,MCD64A1.A2018182.h21v05.061.2021358233328,45.359326122334934,35.95208333007953,43,10.75,224,10,8372b9c7e13001ef,burn,val,Asia,Iraq,45.37237464900737,35.94791666341324,1,10,tree_cover,forest,temperate,N,temperate_forest,S2A_MSIL2A_20180606T075011_R135_T38SNE_20201026T170736,S2B_MSIL2A_20180711T074609_R135_T38SNE_20201011T143944,2018-06-06T07:50:11.024000Z,2018-07-11T07:46:09.024000Z,2018-06-06,2018-07-11,4.03,-27,8,0.04996,0.033861,0.9996014030612245,1.0,0.22483381628990173,0.206925630569458,0.12246935814619064,0.13615265488624573,0.3039439022541046,0.39421218633651733,-0.3077755570411682,0.7240514755249023,0.9996014030612245,0.8557676977040817,0.33011798469387754,0.056521045918367346,2,low,0,low,png,images/pre/8372b9c7e13001ef.png,images/post/8372b9c7e13001ef.png,images/dnbr/8372b9c7e13001ef.png,geotiff/pre/8372b9c7e13001ef.tif,geotiff/post/8372b9c7e13001ef.tif,geotiff/dnbr/8372b9c7e13001ef.tif
MCD64A1.A2018182.h21v05.061.2021358233328_r971_c1612,2018-07-03,2018,7,184,MCD64A1.A2018182.h21v05.061.2021358233328,45.359326122334934,35.95208333007953,43,10.75,224,10,add3c53b032ee6c4,neg,val,Asia,Iraq,45.45179673347157,35.89171023320335,0,10,tree_cover,forest,temperate,N,temperate_forest,S2B_MSIL2A_20180608T073609_R092_T38SNE_20201026T192440,S2B_MSIL2A_20180708T073609_R092_T38SNE_20201011T132929,2018-06-08T07:36:09.024000Z,2018-07-08T07:36:09.024000Z,2018-06-08,2018-07-08,0.0,-25,5,0.056851,0.036632,1.0,1.0,0.0157599076628685,0.015112195163965225,0.015404394827783108,0.008085320703685284,0.022886240854859352,0.03233339637517929,-0.14000162482261658,0.16771334409713745,1.0,0.0004384566326530612,0.0,0.0,1,unburned_or_regrowth,-1,not_applicable,png,images/pre/add3c53b032ee6c4.png,images/post/add3c53b032ee6c4.png,images/dnbr/add3c53b032ee6c4.png,geotiff/pre/add3c53b032ee6c4.tif,geotiff/post/add3c53b032ee6c4.tif,geotiff/dnbr/add3c53b032ee6c4.tif
MCD64A1.A2018182.h21v05.061.2021358233328_r712_c1264,2018-07-19,2018,7,200,MCD64A1.A2018182.h21v05.061.2021358233328,44.17942380027964,37.03124999664961,42,10.5,224,10,2343b6349622190f,burn,train,Asia,Iraq,44.17700026927366,37.02708332998331,1,30,grassland,grassland_savanna,temperate,N,temperate_other,S2A_MSIL2A_20180706T074611_R135_T38SMF_20201011T123207,S2B_MSIL2A_20180731T074609_R135_T38SMF_20201011T221234,2018-07-06T07:46:11.024000Z,2018-07-31T07:46:09.024000Z,2018-07-06,2018-07-31,0.03,-13,12,0.323765,0.138417,1.0,1.0,0.17434635758399963,0.1861201375722885,0.10792036354541779,0.06128343567252159,0.26304417848587036,0.31590735912323,-0.0249691903591156,0.5286427140235901,1.0,0.6515066964285714,0.22688137755102042,0.0005978954081632653,2,low,0,low,png,images/pre/2343b6349622190f.png,images/post/2343b6349622190f.png,images/dnbr/2343b6349622190f.png,geotiff/pre/2343b6349622190f.tif,geotiff/post/2343b6349622190f.tif,geotiff/dnbr/2343b6349622190f.tif
MCD64A1.A2018182.h21v05.061.2021358233328_r712_c1264,2018-07-19,2018,7,200,MCD64A1.A2018182.h21v05.061.2021358233328,44.17942380027964,37.03124999664961,42,10.5,224,10,dd405d3a4ca62635,neg,train,Asia,Iraq,44.248562163757356,37.03245157479402,0,30,grassland,grassland_savanna,temperate,N,temperate_other,S2A_MSIL2A_20180706T074611_R135_T38SMF_20201011T123207,S2B_MSIL2A_20180810T074609_R135_T38SMF_20201010T235602,2018-07-06T07:46:11.024000Z,2018-08-10T07:46:09.024000Z,2018-07-06,2018-08-10,0.03,-13,22,0.323765,0.05812,1.0,1.0,0.03590783849358559,0.034434136003255844,0.028202636167407036,0.020784979686141014,0.04871150851249695,0.06443724036216736,-0.18123255670070648,0.4068930745124817,1.0,0.01735889668367347,0.0009765625,0.0,1,unburned_or_regrowth,-1,not_applicable,png,images/pre/dd405d3a4ca62635.png,images/post/dd405d3a4ca62635.png,images/dnbr/dd405d3a4ca62635.png,geotiff/pre/dd405d3a4ca62635.tif,geotiff/post/dd405d3a4ca62635.tif,geotiff/dnbr/dd405d3a4ca62635.tif
MCD64A1.A2018182.h26v04.061.2021359061754_r1392_c1694,2018-07-25,2018,7,206,MCD64A1.A2018182.h26v04.061.2021359061754,121.43402186136314,44.197916662674835,6,1.5,224,10,8863362f278aecfe,burn,val,Asia,China,121.43124706769711,44.19374999600854,1,30,grassland,grassland_savanna,temperate,N,temperate_other,S2B_MSIL2A_20180701T024549_R132_T51TUJ_20201011T104901,S2B_MSIL2A_20180810T024539_R132_T51TUJ_20201010T235251,2018-07-01T02:45:49.024000Z,2018-08-10T02:45:39.024000Z,2018-07-01,2018-08-10,0.17,-24,16,0.035551,0.066735,1.0,1.0,0.17926907539367676,0.03179521858692169,0.31382516026496887,-0.07387834787368774,0.4787938594818115,0.6569148898124695,-0.5796748995780945,0.9325495958328247,1.0,0.43552694515306123,0.3649154974489796,0.2760682397959184,2,low,0,low,png,images/pre/8863362f278aecfe.png,images/post/8863362f278aecfe.png,images/dnbr/8863362f278aecfe.png,geotiff/pre/8863362f278aecfe.tif,geotiff/post/8863362f278aecfe.tif,geotiff/dnbr/8863362f278aecfe.tif
MCD64A1.A2018182.h26v04.061.2021359061754_r1392_c1694,2018-07-25,2018,7,206,MCD64A1.A2018182.h26v04.061.2021359061754,121.43402186136314,44.197916662674835,6,1.5,224,10,e00b9ff5f0d417c7,neg,val,Asia,China,121.3605232465869,44.19794510514948,0,30,grassland,grassland_savanna,temperate,N,temperate_other,S2B_MSIL2A_20180701T024549_R132_T51TUJ_20201011T104901,S2B_MSIL2A_20180803T025539_R032_T51TUJ_20201010T203728,2018-07-01T02:45:49.024000Z,2018-08-03T02:55:39.024000Z,2018-07-01,2018-08-03,9.83,-24,9,0.035551,0.050967,0.9994419642857143,1.0,-0.13401052355766296,-0.13277052342891693,0.09639488160610199,-0.179048091173172,-0.08666051179170609,-0.02832150086760521,-0.6935650110244751,0.3303688168525696,0.9994419642857143,0.014309630102040817,0.00011957908163265306,0.0,1,unburned_or_regrowth,-1,not_applicable,png,images/pre/e00b9ff5f0d417c7.png,images/post/e00b9ff5f0d417c7.png,images/dnbr/e00b9ff5f0d417c7.png,geotiff/pre/e00b9ff5f0d417c7.tif,geotiff/post/e00b9ff5f0d417c7.tif,geotiff/dnbr/e00b9ff5f0d417c7.tif
MCD64A1.A2018213.h22v04.061.2021360151011_r398_c719,2018-08-12,2018,8,224,MCD64A1.A2018213.h22v04.061.2021360151011,64.68630490002394,48.33958332897082,1635,408.75,224,10,abb994ca679b2e5e,burn,test,Asia,Kazakhstan,64.7352920137066,48.26458332897752,1,30,grassland,grassland_savanna,temperate,N,temperate_other,S2B_MSIL2A_20180723T064619_R020_T41UPP_20201011T191147,S2A_MSIL2A_20180817T064621_R020_T41UPP_20201011T025305,2018-07-23T06:46:19.024000Z,2018-08-17T06:46:21.024000Z,2018-07-23,2018-08-17,0.03,-20,5,0.033243,0.174731,1.0,1.0,0.3250497281551361,0.30495285987854004,0.19024130702018738,0.21746955811977386,0.40398934483528137,0.5435399413108826,-0.07871414721012115,1.2055330276489258,1.0,0.9112324617346939,0.6076610331632653,0.2046795280612245,3,moderate,1,moderate,png,images/pre/abb994ca679b2e5e.png,images/post/abb994ca679b2e5e.png,images/dnbr/abb994ca679b2e5e.png,geotiff/pre/abb994ca679b2e5e.tif,geotiff/post/abb994ca679b2e5e.tif,geotiff/dnbr/abb994ca679b2e5e.tif
MCD64A1.A2018213.h22v04.061.2021360151011_r398_c719,2018-08-12,2018,8,224,MCD64A1.A2018213.h22v04.061.2021360151011,64.68630490002394,48.33958332897082,1635,408.75,224,10,8fdfebe6d298b98e,neg,test,Asia,Kazakhstan,65.08250807553127,48.4856940691761,0,30,grassland,grassland_savanna,temperate,N,temperate_other,S2B_MSIL2A_20180723T064619_R020_T41UPP_20201011T191147,S2A_MSIL2A_20180906T064621_R020_T41UPP_20201011T091106,2018-07-23T06:46:19.024000Z,2018-09-06T06:46:21.024000Z,2018-07-23,2018-09-06,0.03,-20,25,0.033243,0.061107,1.0,1.0,-0.001803303835913539,-0.00030665844678878784,0.021674970164895058,-0.013221404515206814,0.012209512293338776,0.02296452224254608,-0.17912380397319794,0.08834032714366913,1.0,0.0,0.0,0.0,1,unburned_or_regrowth,-1,not_applicable,png,images/pre/8fdfebe6d298b98e.png,images/post/8fdfebe6d298b98e.png,images/dnbr/8fdfebe6d298b98e.png,geotiff/pre/8fdfebe6d298b98e.tif,geotiff/post/8fdfebe6d298b98e.tif,geotiff/dnbr/8fdfebe6d298b98e.tif
MCD64A1.A2018213.h22v05.061.2021360151357_r288_c1006,2018-08-21,2018,8,233,MCD64A1.A2018213.h22v05.061.2021360151357,56.70512671593482,38.797916663158155,8,2.0,224,10,771d950ee74064c1,burn,train,Asia,Turkmenistan,56.70512671593482,38.797916663158155,1,40,cropland,cropland,temperate,N,temperate_other,S2B_MSIL2A_20180726T065619_R063_T40SDH_20201011T202100,S2A_MSIL2A_20180830T065621_R063_T40SDH_20201103T141242,2018-07-26T06:56:19.024000Z,2018-08-30T06:56:21.024000Z,2018-07-26,2018-08-30,0.03,-26,9,0.687615,0.478731,0.9951371173469388,1.0,0.16332489252090454,0.0403011180460453,0.2768082916736603,-0.029706045985221863,0.3420434892177582,0.6255065202713013,-0.496124267578125,0.9161938428878784,0.9951371173469388,0.45388233418367346,0.28673070790816324,0.18849649234693877,2,low,0,low,png,images/pre/771d950ee74064c1.png,images/post/771d950ee74064c1.png,images/dnbr/771d950ee74064c1.png,geotiff/pre/771d950ee74064c1.tif,geotiff/post/771d950ee74064c1.tif,geotiff/dnbr/771d950ee74064c1.tif
MCD64A1.A2018213.h22v05.061.2021360151357_r288_c1006,2018-08-21,2018,8,233,MCD64A1.A2018213.h22v05.061.2021360151357,56.70512671593482,38.797916663158155,8,2.0,224,10,d40569085de16a6d,neg,train,Asia,Turkmenistan,56.670175794759594,38.73030301356074,0,30,grassland,grassland_savanna,temperate,N,temperate_other,S2B_MSIL2A_20180726T065619_R063_T40SDH_20201011T202100,S2A_MSIL2A_20180929T065651_R063_T40SDH_20201009T060722,2018-07-26T06:56:19.024000Z,2018-09-29T06:56:51.024000Z,2018-07-26,2018-09-29,0.53,-26,39,0.687615,0.450347,0.9987244897959183,1.0,-0.00295221246778965,-0.004368133842945099,0.01695837639272213,-0.013510998338460922,0.005828758701682091,0.01760270819067955,-0.07725618034601212,0.15293386578559875,0.9987244897959183,0.0001992984693877551,0.0,0.0,1,unburned_or_regrowth,-1,not_applicable,png,images/pre/d40569085de16a6d.png,images/post/d40569085de16a6d.png,images/dnbr/d40569085de16a6d.png,geotiff/pre/d40569085de16a6d.tif,geotiff/post/d40569085de16a6d.tif,geotiff/dnbr/d40569085de16a6d.tif
MCD64A1.A2018213.h29v08.061.2021361002042_r960_c1450,2018-08-14,2018,8,226,MCD64A1.A2018213.h29v08.061.2021361002042,116.68250555799435,5.997916666084868,10,2.5,224,10,8245c1c29da04c43,burn,train,Asia,Malaysia,116.68580390454817,5.993749999418574,1,10,tree_cover,forest,tropical,N,tropical_moist,S2A_MSIL2A_20180720T022551_R046_T50NMM_20201011T174813,S2A_MSIL2A_20180829T022551_R046_T50NMM_20201103T100833,2018-07-20T02:25:51.024000Z,2018-08-29T02:25:51.024000Z,2018-07-20,2018-08-29,0.0,-25,15,11.798467,5.171668,0.9991230867346939,0.9999202806122449,0.2490292191505432,0.06368541717529297,0.346123605966568,0.02171640843153,0.4625597298145294,0.8819823861122131,-0.36328253149986267,1.1301189661026,0.9990433673469388,0.3491709183673469,0.2825454400510204,0.2536471619897959,2,low,0,low,png,images/pre/8245c1c29da04c43.png,images/post/8245c1c29da04c43.png,images/dnbr/8245c1c29da04c43.png,geotiff/pre/8245c1c29da04c43.tif,geotiff/post/8245c1c29da04c43.tif,geotiff/dnbr/8245c1c29da04c43.tif
MCD64A1.A2018213.h29v08.061.2021361002042_r960_c1450,2018-08-14,2018,8,226,MCD64A1.A2018213.h29v08.061.2021361002042,116.68250555799435,5.997916666084868,10,2.5,224,10,2d8dfe22f704ef23,neg,train,Asia,Malaysia,116.71893951107131,6.078389896179825,0,10,tree_cover,forest,tropical,N,tropical_moist,S2A_MSIL2A_20180720T022551_R046_T50NMM_20201011T174813,S2A_MSIL2A_20180829T022551_R046_T50NMM_20201103T100833,2018-07-20T02:25:51.024000Z,2018-08-29T02:25:51.024000Z,2018-07-20,2018-08-29,0.0,-25,15,11.798467,5.171668,0.9980070153061225,1.0,-0.022114727646112442,-0.013084381818771362,0.06312528997659683,-0.028641417622566223,-0.0002935677766799927,0.01181080937385559,-0.45070376992225647,0.687839686870575,0.9980070153061225,0.01323341836734694,0.003049266581632653,0.0010363520408163266,1,unburned_or_regrowth,-1,not_applicable,png,images/pre/2d8dfe22f704ef23.png,images/post/2d8dfe22f704ef23.png,images/dnbr/2d8dfe22f704ef23.png,geotiff/pre/2d8dfe22f704ef23.tif,geotiff/post/2d8dfe22f704ef23.tif,geotiff/dnbr/2d8dfe22f704ef23.tif
MCD64A1.A2018213.h28v07.061.2021360224806_r1838_c1504,2018-08-21,2018,8,233,MCD64A1.A2018213.h28v07.061.2021360224806,108.78180915514412,12.33958333218604,19,4.75,224,10,d2749eee553cf2ed,burn,train,Asia,Vietnam,108.78860916863636,12.335416665519743,1,40,cropland,cropland,tropical,N,boreal_other,S2A_MSIL2A_20180801T030541_R075_T49PBP_20201010T185400,S2B_MSIL2A_20180905T030539_R075_T49PBP_20201011T085612,2018-08-01T03:05:41.024000Z,2018-09-05T03:05:39.024000Z,2018-08-01,2018-09-05,0.03,-20,15,11.134999,36.472297,1.0,0.8269292091836735,0.318528950214386,0.33280491828918457,0.275370329618454,0.03744054585695267,0.5613449811935425,0.674156904220581,-0.4712293744087219,0.997050404548645,0.8269292091836735,0.5456792091836735,0.44834183673469385,0.3440090880102041,3,moderate,1,moderate,png,images/pre/d2749eee553cf2ed.png,images/post/d2749eee553cf2ed.png,images/dnbr/d2749eee553cf2ed.png,geotiff/pre/d2749eee553cf2ed.tif,geotiff/post/d2749eee553cf2ed.tif,geotiff/dnbr/d2749eee553cf2ed.tif
MCD64A1.A2018213.h28v07.061.2021360224806_r1838_c1504,2018-08-21,2018,8,233,MCD64A1.A2018213.h28v07.061.2021360224806,108.78180915514412,12.33958333218604,19,4.75,224,10,2f0f89387c9311cc,neg,train,Asia,Vietnam,108.7617657221801,12.414012996292973,0,40,cropland,cropland,tropical,N,boreal_other,S2A_MSIL2A_20180801T030541_R075_T49PBP_20201010T185400,S2B_MSIL2A_20180925T030539_R075_T49PBP_20201009T044719,2018-08-01T03:05:41.024000Z,2018-09-25T03:05:39.024000Z,2018-08-01,2018-09-25,0.03,-20,35,11.134999,13.075032,1.0,1.0,0.016320187598466873,0.013102889060974121,0.05138077214360237,-0.004449471831321716,0.031385064125061035,0.05292588472366333,-0.4127647280693054,0.6574671268463135,1.0,0.0284000318877551,0.00741390306122449,0.001175860969387755,1,unburned_or_regrowth,-1,not_applicable,png,images/pre/2f0f89387c9311cc.png,images/post/2f0f89387c9311cc.png,images/dnbr/2f0f89387c9311cc.png,geotiff/pre/2f0f89387c9311cc.tif,geotiff/post/2f0f89387c9311cc.tif,geotiff/dnbr/2f0f89387c9311cc.tif
MCD64A1.A2018213.h28v09.061.2021360231600_r47_c2251,2018-08-17,2018,8,229,MCD64A1.A2018213.h28v09.061.2021360231600,109.38190257145573,-0.19791666669391852,49,12.25,224,10,4b20fe00b9cc9050,burn,train,Asia,Indonesia,109.39868389180211,-0.21458333335909346,1,10,tree_cover,forest,tropical,S,tropical_moist,S2B_MSIL2A_20180810T024539_R132_T49MCV_20201010T235306,S2B_MSIL2A_20180830T024539_R132_T49MCV_20201103T153043,2018-08-10T02:45:39.024000Z,2018-08-30T02:45:39.024000Z,2018-08-10,2018-08-30,0.0,-7,13,10.167233,6.318065,0.8812380420918368,0.9999202806122449,0.16838021576404572,0.03742384910583496,0.36292386054992676,-0.03296029567718506,0.3730243444442749,0.7766178250312805,-0.7781267166137695,1.1991026401519775,0.8811583227040817,0.3362364477040816,0.2530094068877551,0.20021524234693877,2,low,0,low,png,images/pre/4b20fe00b9cc9050.png,images/post/4b20fe00b9cc9050.png,images/dnbr/4b20fe00b9cc9050.png,geotiff/pre/4b20fe00b9cc9050.tif,geotiff/post/4b20fe00b9cc9050.tif,geotiff/dnbr/4b20fe00b9cc9050.tif
MCD64A1.A2018213.h28v09.061.2021360231600_r47_c2251,2018-08-17,2018,8,229,MCD64A1.A2018213.h28v09.061.2021360231600,109.38190257145573,-0.19791666669391852,49,12.25,224,10,c83682e8c88a0ab8,neg,train,Asia,Indonesia,109.3113412874137,-0.29025489688663303,0,10,tree_cover,forest,tropical,S,tropical_moist,S2A_MSIL2A_20180716T024551_R132_T49MCV_20201011T161947,S2B_MSIL2A_20180830T024539_R132_T49MCV_20201103T153043,2018-07-16T02:45:51.024000Z,2018-08-30T02:45:39.024000Z,2018-07-16,2018-08-30,0.2,-32,13,5.333357,6.318065,0.9474250637755102,0.9999202806122449,-0.025026388466358185,-0.011414200067520142,0.06928607821464539,-0.04049652814865112,0.0021987110376358032,0.019839966669678688,-0.6869136095046997,0.6332334876060486,0.9473453443877551,0.01229671556122449,0.0042251275510204085,0.001016422193877551,1,unburned_or_regrowth,-1,not_applicable,png,images/pre/c83682e8c88a0ab8.png,images/post/c83682e8c88a0ab8.png,images/dnbr/c83682e8c88a0ab8.png,geotiff/pre/c83682e8c88a0ab8.tif,geotiff/post/c83682e8c88a0ab8.tif,geotiff/dnbr/c83682e8c88a0ab8.tif
MCD64A1.A2018213.h29v09.061.2021361003830_r687_c59,2018-08-29,2018,8,241,MCD64A1.A2018213.h29v09.061.2021361003830,110.3858504254726,-2.8645833331219097,30,7.5,224,10,2573e3d44ee074ad,burn,val,Asia,Indonesia,110.3900223051538,-2.8645833331219097,1,10,tree_cover,forest,tropical,S,tropical_moist,S2B_MSIL2A_20180820T024539_R132_T49MDS_20201011T043136,S2B_MSIL2A_20180909T024539_R132_T49MDS_20201008T231900,2018-08-20T02:45:39.024000Z,2018-09-09T02:45:39.024000Z,2018-08-20,2018-09-09,0.0,-9,11,9.183699,29.00409,0.9983657525510204,1.0,0.2301388829946518,0.2210928201675415,0.18781216442584991,0.06051378697156906,0.3686787188053131,0.48482829332351685,-0.2238484025001526,0.911564290523529,0.9983657525510204,0.6606744260204082,0.42167570153061223,0.14772002551020408,2,low,0,low,png,images/pre/2573e3d44ee074ad.png,images/post/2573e3d44ee074ad.png,images/dnbr/2573e3d44ee074ad.png,geotiff/pre/2573e3d44ee074ad.tif,geotiff/post/2573e3d44ee074ad.tif,geotiff/dnbr/2573e3d44ee074ad.tif
MCD64A1.A2018213.h29v09.061.2021361003830_r687_c59,2018-08-29,2018,8,241,MCD64A1.A2018213.h29v09.061.2021361003830,110.3858504254726,-2.8645833331219097,30,7.5,224,10,d7d7614109b4ce51,neg,val,Asia,Indonesia,110.44676526955395,-2.850888602734901,0,10,tree_cover,forest,tropical,S,tropical_moist,S2B_MSIL2A_20180820T024539_R132_T49MDS_20201011T043136,S2B_MSIL2A_20180909T024539_R132_T49MDS_20201008T231900,2018-08-20T02:45:39.024000Z,2018-09-09T02:45:39.024000Z,2018-08-20,2018-09-09,0.0,-9,11,9.183699,29.00409,1.0,1.0,-0.03448224440217018,-0.02515251561999321,0.06719612330198288,-0.0593397282063961,0.0024603186175227165,0.025599651038646698,-0.34905529022216797,0.45160457491874695,1.0,0.01739875637755102,0.0020129145408163264,5.978954081632653e-05,1,unburned_or_regrowth,-1,not_applicable,png,images/pre/d7d7614109b4ce51.png,images/post/d7d7614109b4ce51.png,images/dnbr/d7d7614109b4ce51.png,geotiff/pre/d7d7614109b4ce51.tif,geotiff/post/d7d7614109b4ce51.tif,geotiff/dnbr/d7d7614109b4ce51.tif
MCD64A1.A2018182.h22v06.061.2021359012014_r146_c1326,2018-07-05,2018,7,186,MCD64A1.A2018182.h22v06.061.2021359012014,52.251720639647615,29.3895833306669,14,3.5,224,10,06d589a979aab135,burn,train,Asia,Iran,52.24693853003892,29.3895833306669,1,30,grassland,grassland_savanna,subtropical,N,subtropical,S2B_MSIL2A_20180619T070619_R106_T39RXN_20201012T000331,S2B_MSIL2A_20180719T070619_R106_T39RXN_20201011T173920,2018-06-19T07:06:19.024000Z,2018-07-19T07:06:19.024000Z,2018-06-19,2018-07-19,0.0,-16,14,1.558416,1.593554,0.9740114795918368,0.9989636479591837,0.16684336960315704,0.06685549765825272,0.15913033485412598,0.03330889716744423,0.3147035539150238,0.40523773431777954,-0.2290264070034027,0.6400033235549927,0.9740114795918368,0.4381776147959184,0.3129185267857143,0.05837452168367347,2,low,0,low,png,images/pre/06d589a979aab135.png,images/post/06d589a979aab135.png,images/dnbr/06d589a979aab135.png,geotiff/pre/06d589a979aab135.tif,geotiff/post/06d589a979aab135.tif,geotiff/dnbr/06d589a979aab135.tif
MCD64A1.A2018182.h22v06.061.2021359012014_r146_c1326,2018-07-05,2018,7,186,MCD64A1.A2018182.h22v06.061.2021359012014,52.251720639647615,29.3895833306669,14,3.5,224,10,263318f72c4aa78a,neg,train,Asia,Iran,52.246586036370324,29.305597942028704,0,30,grassland,grassland_savanna,subtropical,N,subtropical,S2B_MSIL2A_20180530T070619_R106_T39RXN_20201012T155755,S2B_MSIL2A_20180818T070619_R106_T39RXN_20201011T033748,2018-05-30T07:06:19.024000Z,2018-08-18T07:06:19.024000Z,2018-05-30,2018-08-18,0.0,-36,44,1.558011,1.506601,1.0,1.0,0.018585173413157463,0.014864142052829266,0.023001778870821,0.0032839160412549973,0.03037222847342491,0.05011051893234253,-0.0986994057893753,0.20553210377693176,1.0,0.0033880739795918366,0.0,0.0,1,unburned_or_regrowth,-1,not_applicable,png,images/pre/263318f72c4aa78a.png,images/post/263318f72c4aa78a.png,images/dnbr/263318f72c4aa78a.png,geotiff/pre/263318f72c4aa78a.tif,geotiff/post/263318f72c4aa78a.tif,geotiff/dnbr/263318f72c4aa78a.tif
MCD64A1.A2018182.h22v03.061.2021359005926_r2379_c30,2018-07-14,2018,7,195,MCD64A1.A2018182.h22v03.061.2021359005926,62.537838107374434,50.085416662147885,1303,325.75,224,10,208967488b809f9b,burn,train,Asia,Kazakhstan,62.448881820449856,50.02708332881977,1,30,grassland,grassland_savanna,temperate,N,temperate_other,S2A_MSIL2A_20180708T064631_R020_T41UMR_20201011T131722,S2B_MSIL2A_20180723T064619_R020_T41UMR_20201011T191149,2018-07-08T06:46:31.024000Z,2018-07-23T06:46:19.024000Z,2018-07-08,2018-07-23,0.2,-6,9,25.372529,0.108393,1.0,1.0,0.17020727694034576,0.15852856636047363,0.10780578851699829,0.11727844178676605,0.20585399866104126,0.2950819730758667,-0.040211789309978485,0.8730547428131104,1.0,0.8215880102040817,0.12332589285714286,0.030253507653061226,2,low,0,low,png,images/pre/208967488b809f9b.png,images/post/208967488b809f9b.png,images/dnbr/208967488b809f9b.png,geotiff/pre/208967488b809f9b.tif,geotiff/post/208967488b809f9b.tif,geotiff/dnbr/208967488b809f9b.tif
MCD64A1.A2018182.h22v03.061.2021359005926_r2379_c30,2018-07-14,2018,7,195,MCD64A1.A2018182.h22v03.061.2021359005926,62.537838107374434,50.085416662147885,1303,325.75,224,10,0f916e74ac932d2a,neg,train,Asia,Kazakhstan,62.297960725071334,50.06444929750267,0,30,grassland,grassland_savanna,temperate,N,temperate_other,S2B_MSIL2A_20180613T064619_R020_T41UMR_20201027T000423,S2B_MSIL2A_20180723T064619_R020_T41UMR_20201011T191149,2018-06-13T06:46:19.024000Z,2018-07-23T06:46:19.024000Z,2018-06-13,2018-07-23,0.0,-31,9,0.48244,0.108393,0.9944196428571429,0.9972098214285714,0.02678070031106472,0.03322821483016014,0.029235128313302994,0.024569248780608177,0.04095841571688652,0.04974501579999924,-0.1929398477077484,0.11067190766334534,0.9934630102040817,0.00015943877551020407,0.0,0.0,1,unburned_or_regrowth,-1,not_applicable,png,images/pre/0f916e74ac932d2a.png,images/post/0f916e74ac932d2a.png,images/dnbr/0f916e74ac932d2a.png,geotiff/pre/0f916e74ac932d2a.tif,geotiff/post/0f916e74ac932d2a.tif,geotiff/dnbr/0f916e74ac932d2a.tif
MCD64A1.A2018213.h21v05.061.2021360133955_r1870_c2016,2018-08-08,2018,8,220,MCD64A1.A2018213.h21v05.061.2021360133955,45.38528936520744,32.206249997081464,14,3.5,224,10,2ca5d89d1b8c508f,burn,test,Asia,Iraq,45.38244394874183,32.21041666374776,1,10,tree_cover,forest,subtropical,N,subtropical,S2B_MSIL2A_20180718T073729_R092_T38SNA_20201011T171707,S2B_MSIL2A_20180827T073719_R092_T38SNA_20201027T051611,2018-07-18T07:37:29.024000Z,2018-08-27T07:37:19.024000Z,2018-07-18,2018-08-27,0.17,-21,19,0.894506,0.849947,0.9755261479591837,0.9811862244897959,0.23648278415203094,0.12376053631305695,0.23967629671096802,0.01699306257069111,0.5031657218933105,0.5930967926979065,-0.10119026154279709,0.7477529048919678,0.9720184948979592,0.5224808673469388,0.3764748086734694,0.2946827168367347,2,low,0,low,png,images/pre/2ca5d89d1b8c508f.png,images/post/2ca5d89d1b8c508f.png,images/dnbr/2ca5d89d1b8c508f.png,geotiff/pre/2ca5d89d1b8c508f.tif,geotiff/post/2ca5d89d1b8c508f.tif,geotiff/dnbr/2ca5d89d1b8c508f.tif
MCD64A1.A2018213.h21v05.061.2021360133955_r1870_c2016,2018-08-08,2018,8,220,MCD64A1.A2018213.h21v05.061.2021360133955,45.38528936520744,32.206249997081464,14,3.5,224,10,ecb0100052115f40,neg,test,Asia,Iraq,45.35842169398972,32.137280849926974,0,10,tree_cover,forest,subtropical,N,subtropical,S2B_MSIL2A_20180708T073609_R092_T38SNA_20201011T132928,S2A_MSIL2A_20180901T073611_R092_T38SNA_20201011T070226,2018-07-08T07:36:09.024000Z,2018-09-01T07:36:11.024000Z,2018-07-08,2018-09-01,0.03,-31,24,0.639006,0.668014,0.9983258928571429,0.9937021683673469,-0.005907513666898012,-0.01164812222123146,0.03937698155641556,-0.024129588156938553,0.00592891126871109,0.02907431125640869,-0.3458678722381592,0.47670912742614746,0.9928252551020408,0.0126953125,0.003866390306122449,0.0001992984693877551,1,unburned_or_regrowth,-1,not_applicable,png,images/pre/ecb0100052115f40.png,images/post/ecb0100052115f40.png,images/dnbr/ecb0100052115f40.png,geotiff/pre/ecb0100052115f40.tif,geotiff/post/ecb0100052115f40.tif,geotiff/dnbr/ecb0100052115f40.tif
MCD64A1.A2018182.h21v03.061.2021358231416_r2222_c1770,2018-07-24,2018,7,205,MCD64A1.A2018182.h21v03.061.2021358231416,59.061883976240175,50.739583328756005,14,3.5,224,10,d5050e4e7b8e880a,burn,train,Asia,Kazakhstan,59.059226085644646,50.74791666208859,1,30,grassland,grassland_savanna,temperate,N,temperate_other,S2B_MSIL2A_20180709T070619_R106_T40UFB_20201011T135211,S2A_MSIL2A_20180803T070621_R106_T40UFB_20201010T203731,2018-07-09T07:06:19.024000Z,2018-08-03T07:06:21.024000Z,2018-07-09,2018-08-03,0.03,-15,10,1.166161,1.950324,1.0,1.0,0.18666692078113556,0.13548588752746582,0.13887754082679749,0.0679263174533844,0.3110341429710388,0.38208889961242676,-0.05583129823207855,0.555111289024353,1.0,0.5936503507653061,0.34669961734693877,0.02321827168367347,2,low,0,low,png,images/pre/d5050e4e7b8e880a.png,images/post/d5050e4e7b8e880a.png,images/dnbr/d5050e4e7b8e880a.png,geotiff/pre/d5050e4e7b8e880a.tif,geotiff/post/d5050e4e7b8e880a.tif,geotiff/dnbr/d5050e4e7b8e880a.tif
MCD64A1.A2018182.h21v03.061.2021358231416_r2222_c1770,2018-07-24,2018,7,205,MCD64A1.A2018182.h21v03.061.2021358231416,59.061883976240175,50.739583328756005,14,3.5,224,10,62f73550f4e2528e,neg,train,Asia,Kazakhstan,59.11123042048988,50.76865977738323,0,30,grassland,grassland_savanna,temperate,N,temperate_other,S2B_MSIL2A_20180709T070619_R106_T40UFB_20201011T135211,S2A_MSIL2A_20180803T070621_R106_T40UFB_20201010T203731,2018-07-09T07:06:19.024000Z,2018-08-03T07:06:21.024000Z,2018-07-09,2018-08-03,0.03,-15,10,1.166161,1.950324,1.0,1.0,0.04203281179070473,0.039958056062459946,0.02790595404803753,0.021799148991703987,0.058096691966056824,0.07479431480169296,-0.08063438534736633,0.22325125336647034,1.0,0.02814094387755102,0.0,0.0,1,unburned_or_regrowth,-1,not_applicable,png,images/pre/62f73550f4e2528e.png,images/post/62f73550f4e2528e.png,images/dnbr/62f73550f4e2528e.png,geotiff/pre/62f73550f4e2528e.tif,geotiff/post/62f73550f4e2528e.tif,geotiff/dnbr/62f73550f4e2528e.tif
MCD64A1.A2018213.h29v09.061.2021361003830_r122_c527,2018-08-11,2018,8,223,MCD64A1.A2018213.h29v09.061.2021361003830,112.20236884568119,-0.5104166666659489,12,3.0,224,10,fd4d58ed5f4c3e47,burn,val,Asia,Indonesia,112.19812962189842,-0.506249999999655,1,10,tree_cover,forest,tropical,S,tropical_moist,S2B_MSIL2A_20180718T023549_R089_T49MFV_20201011T171415,S2A_MSIL2A_20180822T023551_R089_T49MFV_20201011T051304,2018-07-18T02:35:49.024000Z,2018-08-22T02:35:51.024000Z,2018-07-18,2018-08-22,0.03,-24,11,17.206609,22.287729,0.9405891262755102,1.0,0.23259294033050537,0.07899123430252075,0.2720855176448822,0.03579056262969971,0.5238041877746582,0.6626173853874207,-0.3890242576599121,0.8549607992172241,0.9405891262755102,0.4232700892857143,0.32481664540816324,0.2747130102040816,2,low,0,low,png,images/pre/fd4d58ed5f4c3e47.png,images/post/fd4d58ed5f4c3e47.png,images/dnbr/fd4d58ed5f4c3e47.png,geotiff/pre/fd4d58ed5f4c3e47.tif,geotiff/post/fd4d58ed5f4c3e47.tif,geotiff/dnbr/fd4d58ed5f4c3e47.tif
MCD64A1.A2018213.h29v09.061.2021361003830_r122_c527,2018-08-11,2018,8,223,MCD64A1.A2018213.h29v09.061.2021361003830,112.20236884568119,-0.5104166666659489,12,3.0,224,10,9867e736b5582dea,neg,val,Asia,Indonesia,112.14996343220241,-0.5116900908497142,0,10,tree_cover,forest,tropical,S,tropical_moist,S2B_MSIL2A_20180718T023549_R089_T49MFV_20201011T171415,S2A_MSIL2A_20180822T023551_R089_T49MFV_20201011T051304,2018-07-18T02:35:49.024000Z,2018-08-22T02:35:51.024000Z,2018-07-18,2018-08-22,0.03,-24,11,17.206609,22.287729,0.9657804528061225,0.9847935267857143,0.012976203113794327,0.018632948398590088,0.07340428978204727,0.004885226488113403,0.03183375298976898,0.050141990184783936,-0.6744017601013184,0.6430290341377258,0.9505739795918368,0.026905293367346938,0.007792570153061225,0.0029296875,1,unburned_or_regrowth,-1,not_applicable,png,images/pre/9867e736b5582dea.png,images/post/9867e736b5582dea.png,images/dnbr/9867e736b5582dea.png,geotiff/pre/9867e736b5582dea.tif,geotiff/post/9867e736b5582dea.tif,geotiff/dnbr/9867e736b5582dea.tif
MCD64A1.A2018182.h21v03.061.2021358231416_r2285_c1885,2018-07-27,2018,7,208,MCD64A1.A2018182.h21v03.061.2021358231416,59.486227821594404,50.4770833287795,1977,494.25,224,10,b216b82508a75dc5,burn,train,Asia,Kazakhstan,59.38669442942304,50.50208332877726,1,30,grassland,grassland_savanna,temperate,N,temperate_other,S2B_MSIL2A_20180719T070619_R106_T40UFA_20201011T173930,S2A_MSIL2A_20180803T070621_R106_T40UFB_20201010T203731,2018-07-19T07:06:19.024000Z,2018-08-03T07:06:21.024000Z,2018-07-19,2018-08-03,0.03,-8,7,0.003825,1.950324,1.0,0.9551179846938775,0.25483545660972595,0.22037935256958008,0.1802106499671936,0.12026974558830261,0.3513316512107849,0.4900803864002228,-0.26503705978393555,1.059882402420044,0.9551179846938775,0.774772799744898,0.3834901147959184,0.13193558673469388,2,low,0,low,png,images/pre/b216b82508a75dc5.png,images/post/b216b82508a75dc5.png,images/dnbr/b216b82508a75dc5.png,geotiff/pre/b216b82508a75dc5.tif,geotiff/post/b216b82508a75dc5.tif,geotiff/dnbr/b216b82508a75dc5.tif
MCD64A1.A2018182.h21v03.061.2021358231416_r2285_c1885,2018-07-27,2018,7,208,MCD64A1.A2018182.h21v03.061.2021358231416,59.486227821594404,50.4770833287795,1977,494.25,224,10,28f05be6f6585f68,neg,train,Asia,Kazakhstan,59.57031830154494,50.67910719026526,0,30,grassland,grassland_savanna,temperate,N,temperate_other,S2B_MSIL2A_20180719T070619_R106_T40UFB_20201011T173929,S2A_MSIL2A_20180803T070621_R106_T40UFB_20201010T203731,2018-07-19T07:06:19.024000Z,2018-08-03T07:06:21.024000Z,2018-07-19,2018-08-03,0.03,-8,7,0.033026,1.950324,1.0,1.0,-0.003625450422987342,-0.006892995908856392,0.021196654066443443,-0.016415076330304146,0.0050405412912368774,0.018879691138863564,-0.08779285848140717,0.16968666017055511,1.0,0.004424426020408163,0.0,0.0,1,unburned_or_regrowth,-1,not_applicable,png,images/pre/28f05be6f6585f68.png,images/post/28f05be6f6585f68.png,images/dnbr/28f05be6f6585f68.png,geotiff/pre/28f05be6f6585f68.tif,geotiff/post/28f05be6f6585f68.tif,geotiff/dnbr/28f05be6f6585f68.tif
MCD64A1.A2018213.h21v05.061.2021360133955_r61_c1493,2018-08-02,2018,8,214,MCD64A1.A2018213.h21v05.061.2021360133955,47.10933952434089,39.74374999640684,184,46.0,224,10,1120c6da8dda4dc0,burn,train,Asia,Azerbaijan,47.085924932420355,39.77291666307089,1,30,grassland,grassland_savanna,temperate,N,temperate_other,S2A_MSIL2A_20180703T073611_R092_T38TPK_20201011T112434,S2B_MSIL2A_20180817T073609_R092_T38TPK_20201011T030837,2018-07-03T07:36:11.024000Z,2018-08-17T07:36:09.024000Z,2018-07-03,2018-08-17,0.03,-30,15,0.034111,2.123599,1.0,1.0,0.4953077733516693,0.4998267590999603,0.18526583909988403,0.3729196786880493,0.634573221206665,0.7351710200309753,0.015235451981425285,0.9906059503555298,1.0,0.9848333864795918,0.8721699617346939,0.6279695471938775,4,high,2,high,png,images/pre/1120c6da8dda4dc0.png,images/post/1120c6da8dda4dc0.png,images/dnbr/1120c6da8dda4dc0.png,geotiff/pre/1120c6da8dda4dc0.tif,geotiff/post/1120c6da8dda4dc0.tif,geotiff/dnbr/1120c6da8dda4dc0.tif
MCD64A1.A2018213.h21v05.061.2021360133955_r61_c1493,2018-08-02,2018,8,214,MCD64A1.A2018213.h21v05.061.2021360133955,47.10933952434089,39.74374999640684,184,46.0,224,10,94ac188cb9dc65ee,neg,train,Asia,Azerbaijan,47.08025321173399,39.86981544785163,0,30,grassland,grassland_savanna,temperate,N,temperate_other,S2A_MSIL2A_20180703T073611_R092_T38TPK_20201011T112434,S2A_MSIL2A_20180911T073611_R092_T38TPK_20201008T235641,2018-07-03T07:36:11.024000Z,2018-09-11T07:36:11.024000Z,2018-07-03,2018-09-11,0.0,-30,40,0.034111,1.362205,0.9998405612244898,1.0,-0.0010684746084734797,9.553460404276848e-05,0.021476930007338524,-0.014018086716532707,0.0131000354886055,0.023679934442043304,-0.11492694169282913,0.18253231048583984,0.9998405612244898,0.0007573341836734694,0.0,0.0,1,unburned_or_regrowth,-1,not_applicable,png,images/pre/94ac188cb9dc65ee.png,images/post/94ac188cb9dc65ee.png,images/dnbr/94ac188cb9dc65ee.png,geotiff/pre/94ac188cb9dc65ee.tif,geotiff/post/94ac188cb9dc65ee.tif,geotiff/dnbr/94ac188cb9dc65ee.tif
MCD64A1.A2018182.h21v03.061.2021358231416_r2284_c1887,2018-07-30,2018,7,211,MCD64A1.A2018182.h21v03.061.2021358231416,59.5045678924144,50.48124999544579,1844,461.0,224,10,d9aac5c81ee6c901,burn,train,Asia,Kazakhstan,59.631396063823445,50.431249995450266,1,30,grassland,grassland_savanna,temperate,N,temperate_other,S2B_MSIL2A_20180719T070619_R106_T40UFA_20201011T173930,S2B_MSIL2A_20180808T070619_R106_T40UFA_20201010T225923,2018-07-19T07:06:19.024000Z,2018-08-08T07:06:19.024000Z,2018-07-19,2018-08-08,0.0,-11,9,0.003825,5.401544,1.0,1.0,0.15291093289852142,0.08903202414512634,0.19637073576450348,0.01610259711742401,0.19634519517421722,0.4524003565311432,-0.057242631912231445,1.027452826499939,1.0,0.4651426977040816,0.18630420918367346,0.10596699617346939,2,low,0,low,png,images/pre/d9aac5c81ee6c901.png,images/post/d9aac5c81ee6c901.png,images/dnbr/d9aac5c81ee6c901.png,geotiff/pre/d9aac5c81ee6c901.tif,geotiff/post/d9aac5c81ee6c901.tif,geotiff/dnbr/d9aac5c81ee6c901.tif
MCD64A1.A2018182.h21v03.061.2021358231416_r2284_c1887,2018-07-30,2018,7,211,MCD64A1.A2018182.h21v03.061.2021358231416,59.5045678924144,50.48124999544579,1844,461.0,224,10,5a4a9c518812f0a1,neg,train,Asia,Kazakhstan,59.684993301659986,50.2497911182377,0,40,cropland,cropland,temperate,N,temperate_other,S2B_MSIL2A_20180719T070619_R106_T40UFA_20201011T173930,S2A_MSIL2A_20180912T070621_R106_T40UFA_20201009T001908,2018-07-19T07:06:19.024000Z,2018-09-12T07:06:21.024000Z,2018-07-19,2018-09-12,0.03,-11,44,0.003825,0.015123,1.0,1.0,0.024621933698654175,0.0227445587515831,0.024010945111513138,0.008828293532133102,0.037457145750522614,0.05409444868564606,-0.07635653018951416,0.23211824893951416,1.0,0.009267378826530613,0.0,0.0,1,unburned_or_regrowth,-1,not_applicable,png,images/pre/5a4a9c518812f0a1.png,images/post/5a4a9c518812f0a1.png,images/dnbr/5a4a9c518812f0a1.png,geotiff/pre/5a4a9c518812f0a1.tif,geotiff/post/5a4a9c518812f0a1.tif,geotiff/dnbr/5a4a9c518812f0a1.tif
MCD64A1.A2018182.h22v03.061.2021359005926_r2335_c124,2018-07-11,2018,7,192,MCD64A1.A2018182.h22v03.061.2021359005926,63.39103715303328,50.26874999546481,6163,1540.75,224,10,d3cb77b2260bf9d8,burn,train,Asia,Kazakhstan,63.43279663265157,50.28541666212998,1,30,grassland,grassland_savanna,temperate,N,temperate_other,S2B_MSIL2A_20180613T064619_R020_T41UNR_20201027T000429,S2B_MSIL2A_20180726T065619_R063_T41UNR_20201011T202059,2018-06-13T06:46:19.024000Z,2018-07-26T06:56:19.024000Z,2018-06-13,2018-07-26,10.0,-28,15,8.916148,0.308962,0.8925183354591837,1.0,0.26625412702560425,0.2422505021095276,0.10465830564498901,0.2036912441253662,0.29885444045066833,0.3767745792865753,0.05481860041618347,1.0253853797912598,0.8925183354591837,0.8894690688775511,0.31863839285714285,0.040935905612244895,2,low,0,low,png,images/pre/d3cb77b2260bf9d8.png,images/post/d3cb77b2260bf9d8.png,images/dnbr/d3cb77b2260bf9d8.png,geotiff/pre/d3cb77b2260bf9d8.tif,geotiff/post/d3cb77b2260bf9d8.tif,geotiff/dnbr/d3cb77b2260bf9d8.tif
MCD64A1.A2018182.h22v03.061.2021359005926_r2335_c124,2018-07-11,2018,7,192,MCD64A1.A2018182.h22v03.061.2021359005926,63.39103715303328,50.26874999546481,6163,1540.75,224,10,de09fd2ba4776260,neg,train,Asia,Kazakhstan,62.83878448545548,50.40048252993993,0,30,grassland,grassland_savanna,temperate,N,temperate_other,S2B_MSIL2A_20180613T064619_R020_T41UMR_20201027T000423,S2B_MSIL2A_20180723T064619_R020_T41UMR_20201011T191149,2018-06-13T06:46:19.024000Z,2018-07-23T06:46:19.024000Z,2018-06-13,2018-07-23,0.0,-28,12,0.48244,0.108393,1.0,1.0,0.021568989381194115,0.02131429687142372,0.012578214518725872,0.012939555570483208,0.029343562200665474,0.03706932067871094,-0.025009121745824814,0.1355644166469574,1.0,0.0001793686224489796,0.0,0.0,1,unburned_or_regrowth,-1,not_applicable,png,images/pre/de09fd2ba4776260.png,images/post/de09fd2ba4776260.png,images/dnbr/de09fd2ba4776260.png,geotiff/pre/de09fd2ba4776260.tif,geotiff/post/de09fd2ba4776260.tif,geotiff/dnbr/de09fd2ba4776260.tif
MCD64A1.A2018213.h22v03.061.2021360150322_r1558_c926,2018-08-07,2018,8,219,MCD64A1.A2018213.h22v03.061.2021360150322,73.74781974443957,53.50624999517504,6,1.5,224,10,133ebb636d88d2d0,burn,train,Asia,Kazakhstan,73.74057119431566,53.50208332850875,1,40,cropland,cropland,temperate,N,temperate_other,S2A_MSIL2A_20180709T061631_R034_T43UDV_20201011T134006,S2B_MSIL2A_20180813T061629_R034_T43UDV_20201011T011726,2018-07-09T06:16:31.024000Z,2018-08-13T06:16:29.024000Z,2018-07-09,2018-08-13,0.03,-29,6,0.262162,3.616949,1.0,1.0,0.30075210332870483,0.2657862901687622,0.21017694473266602,0.12038876861333847,0.42178046703338623,0.5830050706863403,-0.09473510086536407,1.0955562591552734,1.0,0.8648955676020408,0.49637276785714285,0.22158003826530612,3,moderate,1,moderate,png,images/pre/133ebb636d88d2d0.png,images/post/133ebb636d88d2d0.png,images/dnbr/133ebb636d88d2d0.png,geotiff/pre/133ebb636d88d2d0.tif,geotiff/post/133ebb636d88d2d0.tif,geotiff/dnbr/133ebb636d88d2d0.tif
MCD64A1.A2018213.h22v03.061.2021360150322_r1558_c926,2018-08-07,2018,8,219,MCD64A1.A2018213.h22v03.061.2021360150322,73.74781974443957,53.50624999517504,6,1.5,224,10,fe68ad237e27de55,neg,train,Asia,Kazakhstan,73.79163391064311,53.55685332696116,0,30,grassland,grassland_savanna,temperate,N,temperate_other,S2B_MSIL2A_20180704T061629_R034_T43UDV_20201011T115643,S2B_MSIL2A_20180813T061629_R034_T43UDV_20201011T011726,2018-07-04T06:16:29.024000Z,2018-08-13T06:16:29.024000Z,2018-07-04,2018-08-13,0.0,-34,6,0.126503,3.616949,1.0,1.0,-0.2651951313018799,-0.2952233552932739,0.2040170431137085,-0.43448278307914734,-0.07733319699764252,0.028692428022623062,-0.7037345170974731,0.2482970654964447,1.0,0.018574617346938774,0.0,0.0,1,unburned_or_regrowth,-1,not_applicable,png,images/pre/fe68ad237e27de55.png,images/post/fe68ad237e27de55.png,images/dnbr/fe68ad237e27de55.png,geotiff/pre/fe68ad237e27de55.tif,geotiff/post/fe68ad237e27de55.tif,geotiff/dnbr/fe68ad237e27de55.tif
MCD64A1.A2018182.h29v09.061.2021359103210_r2055_c2314,2018-07-03,2018,7,184,MCD64A1.A2018182.h29v09.061.2021359103210,120.9929881069343,-8.564583332611743,9,2.25,224,10,9bb9b0e0192f5670,burn,test,Asia,Indonesia,120.99563972364841,-8.57291666594433,1,30,grassland,grassland_savanna,tropical,S,tropical_dry,S2B_MSIL2A_20180616T021349_R060_T51LTL_20201011T225149,S2B_MSIL2A_20180716T021339_R060_T51LTL_20201027T030106,2018-06-16T02:13:49.024000Z,2018-07-16T02:13:39.024000Z,2018-06-16,2018-07-16,0.17,-17,13,4.134688,3.846693,0.9378188775510204,1.0,0.3380126655101776,0.36654984951019287,0.17972306907176971,0.16054463386535645,0.48262926936149597,0.5581188201904297,-0.23632673919200897,1.043761968612671,0.9378188775510204,0.8432118941326531,0.5833067602040817,0.3313137755102041,3,moderate,1,moderate,png,images/pre/9bb9b0e0192f5670.png,images/post/9bb9b0e0192f5670.png,images/dnbr/9bb9b0e0192f5670.png,geotiff/pre/9bb9b0e0192f5670.tif,geotiff/post/9bb9b0e0192f5670.tif,geotiff/dnbr/9bb9b0e0192f5670.tif
MCD64A1.A2018182.h29v09.061.2021359103210_r2055_c2314,2018-07-03,2018,7,184,MCD64A1.A2018182.h29v09.061.2021359103210,120.9929881069343,-8.564583332611743,9,2.25,224,10,175e9debd6587df0,neg,test,Asia,Indonesia,120.9356750942326,-8.625147696449714,0,30,grassland,grassland_savanna,tropical,S,tropical_dry,S2B_MSIL2A_20180616T021349_R060_T51LTL_20201011T225149,S2B_MSIL2A_20180726T021339_R060_T51LTL_20201011T201829,2018-06-16T02:13:49.024000Z,2018-07-26T02:13:39.024000Z,2018-06-16,2018-07-26,0.17,-17,23,4.134688,0.904231,0.8826530612244898,1.0,-0.053631193935871124,0.006721705198287964,0.15721699595451355,-0.08034199476242065,0.030563950538635254,0.0627032220363617,-0.9548156261444092,0.6210592985153198,0.8826530612244898,0.029536033163265307,0.005321269132653061,0.0006975446428571429,1,unburned_or_regrowth,-1,not_applicable,png,images/pre/175e9debd6587df0.png,images/post/175e9debd6587df0.png,images/dnbr/175e9debd6587df0.png,geotiff/pre/175e9debd6587df0.tif,geotiff/post/175e9debd6587df0.tif,geotiff/dnbr/175e9debd6587df0.tif
MCD64A1.A2018213.h22v04.061.2021360151011_r1134_c1353,2018-08-06,2018,8,218,MCD64A1.A2018213.h22v04.061.2021360151011,64.85376988394782,45.27291666257862,4,1.0,224,10,913812f637852b5e,burn,train,Asia,Kazakhstan,64.85261058896995,45.27708332924492,1,30,grassland,grassland_savanna,temperate,N,temperate_other,S2A_MSIL2A_20180725T063631_R120_T41TPL_20201011T194545,S2A_MSIL2A_20180814T063631_R120_T41TPL_20201011T013125,2018-07-25T06:36:31.024000Z,2018-08-14T06:36:31.024000Z,2018-07-25,2018-08-14,0.0,-12,8,1.65652,1.34976,0.9978475765306123,0.9659598214285714,0.3509543538093567,0.21394841372966766,0.4080323278903961,0.0019217729568481445,0.7221164107322693,0.9680870771408081,-0.817585825920105,1.2916758060455322,0.9654017857142857,0.5528140943877551,0.45607461734693877,0.3812779017857143,3,moderate,1,moderate,png,images/pre/913812f637852b5e.png,images/post/913812f637852b5e.png,images/dnbr/913812f637852b5e.png,geotiff/pre/913812f637852b5e.tif,geotiff/post/913812f637852b5e.tif,geotiff/dnbr/913812f637852b5e.tif
MCD64A1.A2018213.h22v04.061.2021360151011_r1134_c1353,2018-08-06,2018,8,218,MCD64A1.A2018213.h22v04.061.2021360151011,64.85376988394782,45.27291666257862,4,1.0,224,10,a410cce913f0a7f2,neg,train,Asia,Kazakhstan,64.86079469683978,45.24036182871705,0,40,cropland,cropland,temperate,N,temperate_other,S2A_MSIL2A_20180725T063631_R120_T41TPL_20201011T194545,S2A_MSIL2A_20180903T063621_R120_T41TPL_20201011T075624,2018-07-25T06:36:31.024000Z,2018-09-03T06:36:21.024000Z,2018-07-25,2018-09-03,0.17,-12,28,1.65652,1.13351,0.9977678571428571,0.9999202806122449,-0.006307798903435469,-0.016572684049606323,0.08097381144762039,-0.0414886474609375,0.012821294367313385,0.03765308856964111,-0.22625474631786346,0.8284640908241272,0.997688137755102,0.020567602040816327,0.01588408801020408,0.01211734693877551,1,unburned_or_regrowth,-1,not_applicable,png,images/pre/a410cce913f0a7f2.png,images/post/a410cce913f0a7f2.png,images/dnbr/a410cce913f0a7f2.png,geotiff/pre/a410cce913f0a7f2.tif,geotiff/post/a410cce913f0a7f2.tif,geotiff/dnbr/a410cce913f0a7f2.tif
MCD64A1.A2018182.h22v04.061.2021359010507_r294_c330,2018-07-09,2018,7,190,MCD64A1.A2018182.h22v04.061.2021359010507,62.783391590015235,48.77291666226536,1475,368.75,224,10,409853fef9c5e42d,burn,train,Asia,Kazakhstan,62.796676664662485,48.88958332892158,1,30,grassland,grassland_savanna,temperate,N,temperate_other,S2B_MSIL2A_20180616T065619_R063_T41UMQ_20201011T225429,S2B_MSIL2A_20180723T064619_R020_T41UMQ_20201011T191150,2018-06-16T06:56:19.024000Z,2018-07-23T06:46:19.024000Z,2018-06-16,2018-07-23,10.0,-23,14,0.44302,0.399152,1.0,1.0,0.23851437866687775,0.24341119825839996,0.10067446529865265,0.18787360191345215,0.297057181596756,0.35486680269241333,-0.08518657088279724,0.8926899433135986,1.0,0.9076450892857143,0.36680883290816324,0.021763392857142856,2,low,0,low,png,images/pre/409853fef9c5e42d.png,images/post/409853fef9c5e42d.png,images/dnbr/409853fef9c5e42d.png,geotiff/pre/409853fef9c5e42d.tif,geotiff/post/409853fef9c5e42d.tif,geotiff/dnbr/409853fef9c5e42d.tif
MCD64A1.A2018182.h22v04.061.2021359010507_r294_c330,2018-07-09,2018,7,190,MCD64A1.A2018182.h22v04.061.2021359010507,62.783391590015235,48.77291666226536,1475,368.75,224,10,7adb355fc502b387,neg,train,Asia,Kazakhstan,62.75469208862629,48.97736633333016,0,30,grassland,grassland_savanna,temperate,N,temperate_other,S2B_MSIL2A_20180616T065619_R063_T41UMQ_20201011T225429,S2A_MSIL2A_20180807T064621_R020_T41UMQ_20201010T221749,2018-06-16T06:56:19.024000Z,2018-08-07T06:46:21.024000Z,2018-06-16,2018-08-07,9.97,-23,29,0.44302,0.349454,1.0,1.0,-0.013844200409948826,-0.01743381842970848,0.08773839473724365,-0.026938609778881073,-0.0007531996816396713,0.020890414714813232,-0.9367653131484985,0.9719423651695251,1.0,0.013253348214285714,0.006875797193877551,0.005620216836734694,1,unburned_or_regrowth,-1,not_applicable,png,images/pre/7adb355fc502b387.png,images/post/7adb355fc502b387.png,images/dnbr/7adb355fc502b387.png,geotiff/pre/7adb355fc502b387.tif,geotiff/post/7adb355fc502b387.tif,geotiff/dnbr/7adb355fc502b387.tif
MCD64A1.A2018182.h21v04.061.2021358232248_r454_c1201,2018-07-30,2018,7,211,MCD64A1.A2018182.h21v04.061.2021358232248,52.42407894093408,48.10624999565836,2262,565.5,224,10,19c3bacc934f4009,burn,val,Asia,Kazakhstan,52.41353255552826,48.193749995650535,1,30,grassland,grassland_savanna,temperate,N,temperate_other,S2A_MSIL2A_20180630T072621_R049_T39UWP_20201012T040556,S2A_MSIL2A_20180812T073611_R092_T39UWP_20201011T003534,2018-06-30T07:26:21.024000Z,2018-08-12T07:36:11.024000Z,2018-06-30,2018-08-12,9.83,-30,13,1.164043,2.018369,0.9790338010204082,0.9442761479591837,0.20767943561077118,0.21834078431129456,0.09967909008264542,0.15309661626815796,0.26999562978744507,0.3111991882324219,-0.25348928570747375,0.9025218486785889,0.9360251913265306,0.8056042729591837,0.23395647321428573,0.009247448979591837,2,low,0,low,png,images/pre/19c3bacc934f4009.png,images/post/19c3bacc934f4009.png,images/dnbr/19c3bacc934f4009.png,geotiff/pre/19c3bacc934f4009.tif,geotiff/post/19c3bacc934f4009.tif,geotiff/dnbr/19c3bacc934f4009.tif
MCD64A1.A2018182.h21v04.061.2021358232248_r454_c1201,2018-07-30,2018,7,211,MCD64A1.A2018182.h21v04.061.2021358232248,52.42407894093408,48.10624999565836,2262,565.5,224,10,0039d59ef69d4e68,neg,val,Asia,Kazakhstan,52.222472131234305,47.96284333933818,0,30,grassland,grassland_savanna,temperate,N,temperate_other,S2B_MSIL2A_20180618T073609_R092_T39UWP_20201011T234043,S2A_MSIL2A_20180822T073611_R092_T39UWP_20201011T051654,2018-06-18T07:36:09.024000Z,2018-08-22T07:36:11.024000Z,2018-06-18,2018-08-22,0.03,-42,23,0.429745,0.428997,1.0,0.9995216836734694,-0.027459878474473953,-0.02494845539331436,0.023390714079141617,-0.043363019824028015,-0.010323673486709595,-0.0008598486892879009,-0.12383061647415161,0.06426817178726196,0.9995216836734694,0.0,0.0,0.0,1,unburned_or_regrowth,-1,not_applicable,png,images/pre/0039d59ef69d4e68.png,images/post/0039d59ef69d4e68.png,images/dnbr/0039d59ef69d4e68.png,geotiff/pre/0039d59ef69d4e68.tif,geotiff/post/0039d59ef69d4e68.tif,geotiff/dnbr/0039d59ef69d4e68.tif
MCD64A1.A2018213.h22v04.061.2021360151011_r381_c686,2018-08-13,2018,8,225,MCD64A1.A2018213.h22v04.061.2021360151011,64.56921712636714,48.410416662297806,2463,615.75,224,10,7c93b6b445e054b3,burn,test,Asia,Kazakhstan,64.64969017234061,48.46874999562592,1,30,grassland,grassland_savanna,temperate,N,temperate_other,S2B_MSIL2A_20180723T064619_R020_T41UPP_20201011T191147,S2B_MSIL2A_20180901T064619_R020_T41UPP_20201011T071554,2018-07-23T06:46:19.024000Z,2018-09-01T06:46:19.024000Z,2018-07-23,2018-09-01,0.0,-21,19,0.033243,0.174984,1.0,1.0,0.17601121962070465,0.15476197004318237,0.1325337141752243,0.11774888634681702,0.20167815685272217,0.2716096043586731,-0.028235740959644318,1.0937762260437012,1.0,0.8328483737244898,0.10190130739795919,0.035056600765306124,2,low,0,low,png,images/pre/7c93b6b445e054b3.png,images/post/7c93b6b445e054b3.png,images/dnbr/7c93b6b445e054b3.png,geotiff/pre/7c93b6b445e054b3.tif,geotiff/post/7c93b6b445e054b3.tif,geotiff/dnbr/7c93b6b445e054b3.tif
MCD64A1.A2018213.h22v04.061.2021360151011_r381_c686,2018-08-13,2018,8,225,MCD64A1.A2018213.h22v04.061.2021360151011,64.56921712636714,48.410416662297806,2463,615.75,224,10,3926680a9b8cd4a2,neg,test,Asia,Kazakhstan,64.27191767717977,48.28390378408197,0,30,grassland,grassland_savanna,temperate,N,temperate_other,S2B_MSIL2A_20180710T063629_R120_T41UNP_20201011T141426,S2B_MSIL2A_20180908T063619_R120_T41UNP_20201011T101112,2018-07-10T06:36:29.024000Z,2018-09-08T06:36:19.024000Z,2018-07-10,2018-09-08,0.17,-34,26,0.441894,0.405262,1.0,1.0,-0.02366185188293457,-0.02338879182934761,0.01690417341887951,-0.03610503301024437,-0.012246392667293549,-0.002837762236595154,-0.08362193405628204,0.09761613607406616,1.0,0.0,0.0,0.0,1,unburned_or_regrowth,-1,not_applicable,png,images/pre/3926680a9b8cd4a2.png,images/post/3926680a9b8cd4a2.png,images/dnbr/3926680a9b8cd4a2.png,geotiff/pre/3926680a9b8cd4a2.tif,geotiff/post/3926680a9b8cd4a2.tif,geotiff/dnbr/3926680a9b8cd4a2.tif
MCD64A1.A2018182.h22v03.061.2021359005926_r2330_c114,2018-07-14,2018,7,195,MCD64A1.A2018182.h22v03.061.2021359005926,63.353570636826085,50.289583328796276,5297,1324.25,224,10,d0f899fe67da9ae8,burn,train,Asia,Kazakhstan,63.17436137950162,50.24791666213334,1,30,grassland,grassland_savanna,temperate,N,temperate_other,S2A_MSIL2A_20180701T065621_R063_T41UNR_20201011T104026,S2B_MSIL2A_20180726T065619_R063_T41UNR_20201011T202059,2018-07-01T06:56:21.024000Z,2018-07-26T06:56:19.024000Z,2018-07-01,2018-07-26,0.03,-13,12,10.218872,0.308962,1.0,1.0,0.20406664907932281,0.18891042470932007,0.10242155939340591,0.15481624007225037,0.23018571734428406,0.29623204469680786,-0.2200758457183838,1.3140265941619873,1.0,0.9392936862244898,0.1434948979591837,0.020966198979591837,2,low,0,low,png,images/pre/d0f899fe67da9ae8.png,images/post/d0f899fe67da9ae8.png,images/dnbr/d0f899fe67da9ae8.png,geotiff/pre/d0f899fe67da9ae8.tif,geotiff/post/d0f899fe67da9ae8.tif,geotiff/dnbr/d0f899fe67da9ae8.tif
MCD64A1.A2018182.h22v03.061.2021359005926_r2330_c114,2018-07-14,2018,7,195,MCD64A1.A2018182.h22v03.061.2021359005926,63.353570636826085,50.289583328796276,5297,1324.25,224,10,bbb4faf88e2af6b0,neg,train,Asia,Kazakhstan,62.67996885262838,50.49708447663595,0,30,grassland,grassland_savanna,temperate,N,temperate_other,S2B_MSIL2A_20180613T064619_R020_T41UMR_20201027T000423,S2B_MSIL2A_20180723T064619_R020_T41UMR_20201011T191149,2018-06-13T06:46:19.024000Z,2018-07-23T06:46:19.024000Z,2018-06-13,2018-07-23,0.0,-31,9,0.48244,0.108393,0.9990433673469388,1.0,0.04329449683427811,0.039850205183029175,0.031149474903941154,0.026940207928419113,0.05431852489709854,0.07094798982143402,-0.1561351716518402,0.664028525352478,0.9990433673469388,0.026785714285714284,0.0017139668367346938,0.0008769132653061224,1,unburned_or_regrowth,-1,not_applicable,png,images/pre/bbb4faf88e2af6b0.png,images/post/bbb4faf88e2af6b0.png,images/dnbr/bbb4faf88e2af6b0.png,geotiff/pre/bbb4faf88e2af6b0.tif,geotiff/post/bbb4faf88e2af6b0.tif,geotiff/dnbr/bbb4faf88e2af6b0.tif
MCD64A1.A2018182.h21v04.061.2021358232248_r55_c863,2018-07-24,2018,7,205,MCD64A1.A2018182.h21v04.061.2021358232248,52.01929077679453,49.76874999550956,2811,702.75,224,10,915ba5a47501cdf5,burn,train,Asia,Kazakhstan,52.15653806432024,49.71041666218145,1,30,grassland,grassland_savanna,temperate,N,temperate_other,S2B_MSIL2A_20180628T073609_R092_T39UWR_20201012T033036,S2A_MSIL2A_20180802T073611_R092_T39UWR_20201019T182924,2018-06-28T07:36:09.024000Z,2018-08-02T07:36:11.024000Z,2018-06-28,2018-08-02,0.03,-26,9,0.077906,0.230269,1.0,1.0,0.1503363698720932,0.15815171599388123,0.09406465291976929,0.09140023589134216,0.21507933735847473,0.2647795081138611,-0.0686565414071083,0.5815483331680298,1.0,0.725944674744898,0.08942522321428571,0.0007573341836734694,2,low,0,low,png,images/pre/915ba5a47501cdf5.png,images/post/915ba5a47501cdf5.png,images/dnbr/915ba5a47501cdf5.png,geotiff/pre/915ba5a47501cdf5.tif,geotiff/post/915ba5a47501cdf5.tif,geotiff/dnbr/915ba5a47501cdf5.tif
MCD64A1.A2018182.h21v04.061.2021358232248_r55_c863,2018-07-24,2018,7,205,MCD64A1.A2018182.h21v04.061.2021358232248,52.01929077679453,49.76874999550956,2811,702.75,224,10,05455459d5d409cf,neg,train,Asia,Kazakhstan,51.746733937602194,49.57372405606607,0,30,grassland,grassland_savanna,temperate,N,temperate_other,S2B_MSIL2A_20180628T073609_R092_T39UWR_20201012T033036,S2A_MSIL2A_20180822T073611_R092_T39UWR_20201011T051656,2018-06-28T07:36:09.024000Z,2018-08-22T07:36:11.024000Z,2018-06-28,2018-08-22,0.03,-26,29,0.077906,0.075896,1.0,1.0,-0.03328804299235344,-0.036676064133644104,0.02530311606824398,-0.04955649375915527,-0.02126030996441841,-0.0038155242800712585,-0.19228452444076538,0.18357419967651367,1.0,0.002152423469387755,0.0,0.0,1,unburned_or_regrowth,-1,not_applicable,png,images/pre/05455459d5d409cf.png,images/post/05455459d5d409cf.png,images/dnbr/05455459d5d409cf.png,geotiff/pre/05455459d5d409cf.tif,geotiff/post/05455459d5d409cf.tif,geotiff/dnbr/05455459d5d409cf.tif
MCD64A1.A2018213.h22v04.061.2021360151011_r393_c709,2018-08-12,2018,8,224,MCD64A1.A2018213.h22v04.061.2021360151011,64.65004648549636,48.36041666230228,2040,510.0,224,10,855136f52239fbe8,burn,val,Asia,Kazakhstan,64.72195911702957,48.3479166623034,1,30,grassland,grassland_savanna,temperate,N,temperate_other,S2B_MSIL2A_20180723T064619_R020_T41UPP_20201011T191147,S2A_MSIL2A_20180817T064621_R020_T41UPP_20201011T025305,2018-07-23T06:46:19.024000Z,2018-08-17T06:46:21.024000Z,2018-07-23,2018-08-17,0.03,-20,5,0.033243,0.174731,1.0,1.0,0.20907743275165558,0.2175232470035553,0.10903508961200714,0.14897027611732483,0.27919116616249084,0.3342139422893524,-0.061385683715343475,0.8695424199104309,1.0,0.8435905612244898,0.2821069834183674,0.014907525510204082,2,low,0,low,png,images/pre/855136f52239fbe8.png,images/post/855136f52239fbe8.png,images/dnbr/855136f52239fbe8.png,geotiff/pre/855136f52239fbe8.tif,geotiff/post/855136f52239fbe8.tif,geotiff/dnbr/855136f52239fbe8.tif
MCD64A1.A2018213.h22v04.061.2021360151011_r393_c709,2018-08-12,2018,8,224,MCD64A1.A2018213.h22v04.061.2021360151011,64.65004648549636,48.36041666230228,2040,510.0,224,10,f1d2fe280437c08e,neg,val,Asia,Kazakhstan,64.89894734383138,48.62676780944912,0,30,grassland,grassland_savanna,temperate,N,temperate_other,S2B_MSIL2A_20180723T064619_R020_T41UPP_20201011T191147,S2A_MSIL2A_20180906T064621_R020_T41UPP_20201011T091106,2018-07-23T06:46:19.024000Z,2018-09-06T06:46:21.024000Z,2018-07-23,2018-09-06,0.03,-20,25,0.033243,0.061107,1.0,1.0,6.36305267107673e-05,-0.00025237491354346275,0.011008967645466328,-0.0062455181032419205,0.00562693178653717,0.011718155816197395,-0.04532180726528168,0.06440457701683044,1.0,0.0,0.0,0.0,1,unburned_or_regrowth,-1,not_applicable,png,images/pre/f1d2fe280437c08e.png,images/post/f1d2fe280437c08e.png,images/dnbr/f1d2fe280437c08e.png,geotiff/pre/f1d2fe280437c08e.tif,geotiff/post/f1d2fe280437c08e.tif,geotiff/dnbr/f1d2fe280437c08e.tif
MCD64A1.A2018213.h22v04.061.2021360151011_r397_c717,2018-08-12,2018,8,224,MCD64A1.A2018213.h22v04.061.2021360151011,64.67905490450865,48.343749995637104,1709,427.25,224,10,b78d21c4e89c4a86,burn,train,Asia,Kazakhstan,64.75249530917866,48.29791666230788,1,30,grassland,grassland_savanna,temperate,N,temperate_other,S2B_MSIL2A_20180723T064619_R020_T41UPP_20201011T191147,S2A_MSIL2A_20180817T064621_R020_T41UPP_20201011T025305,2018-07-23T06:46:19.024000Z,2018-08-17T06:46:21.024000Z,2018-07-23,2018-08-17,0.03,-20,5,0.033243,0.174731,1.0,1.0,0.19713720679283142,0.19785639643669128,0.17079398036003113,0.05554170161485672,0.28611671924591064,0.4029349684715271,-0.07057664543390274,1.0822727680206299,1.0,0.7106983418367347,0.28585379464285715,0.07750717474489796,2,low,0,low,png,images/pre/b78d21c4e89c4a86.png,images/post/b78d21c4e89c4a86.png,images/dnbr/b78d21c4e89c4a86.png,geotiff/pre/b78d21c4e89c4a86.tif,geotiff/post/b78d21c4e89c4a86.tif,geotiff/dnbr/b78d21c4e89c4a86.tif
MCD64A1.A2018213.h22v04.061.2021360151011_r397_c717,2018-08-12,2018,8,224,MCD64A1.A2018213.h22v04.061.2021360151011,64.67905490450865,48.343749995637104,1709,427.25,224,10,b21e372944d7588f,neg,train,Asia,Kazakhstan,64.7897842277666,48.13529337181667,0,30,grassland,grassland_savanna,temperate,N,temperate_other,S2B_MSIL2A_20180723T064619_R020_T41UPP_20201011T191147,S2A_MSIL2A_20180906T064621_R020_T41UPP_20201011T091106,2018-07-23T06:46:19.024000Z,2018-09-06T06:46:21.024000Z,2018-07-23,2018-09-06,0.03,-20,25,0.033243,0.061107,1.0,1.0,-0.002329453593119979,-0.004326723515987396,0.017781490460038185,-0.012517652474343777,0.0051273563876748085,0.016824932768940926,-0.07909317314624786,0.23287108540534973,1.0,0.002690529336734694,0.0,0.0,1,unburned_or_regrowth,-1,not_applicable,png,images/pre/b21e372944d7588f.png,images/post/b21e372944d7588f.png,images/dnbr/b21e372944d7588f.png,geotiff/pre/b21e372944d7588f.tif,geotiff/post/b21e372944d7588f.tif,geotiff/dnbr/b21e372944d7588f.tif
MCD64A1.A2018182.h21v04.061.2021358232248_r55_c860,2018-07-24,2018,7,205,MCD64A1.A2018182.h21v04.061.2021358232248,51.99993716207016,49.76874999550956,3076,769.0,224,10,1151506da0000d4c,burn,val,Asia,Kazakhstan,52.18954385535537,49.777083328842146,1,30,grassland,grassland_savanna,temperate,N,temperate_other,S2B_MSIL2A_20180628T073609_R092_T39UWR_20201012T033036,S2A_MSIL2A_20180802T073611_R092_T39UWR_20201019T182924,2018-06-28T07:36:09.024000Z,2018-08-02T07:36:11.024000Z,2018-06-28,2018-08-02,0.03,-26,9,0.077906,0.230269,1.0,1.0,0.2511823773384094,0.2394387125968933,0.1364383101463318,0.15938788652420044,0.36062902212142944,0.4388681948184967,-0.2879859209060669,0.7997403144836426,1.0,0.8749402104591837,0.41892538265306123,0.09753667091836735,2,low,0,low,png,images/pre/1151506da0000d4c.png,images/post/1151506da0000d4c.png,images/dnbr/1151506da0000d4c.png,geotiff/pre/1151506da0000d4c.tif,geotiff/post/1151506da0000d4c.tif,geotiff/dnbr/1151506da0000d4c.tif
MCD64A1.A2018182.h21v04.061.2021358232248_r55_c860,2018-07-24,2018,7,205,MCD64A1.A2018182.h21v04.061.2021358232248,51.99993716207016,49.76874999550956,3076,769.0,224,10,b731f6352675d34c,neg,val,Asia,Kazakhstan,52.454092839606915,49.63950524527906,0,30,grassland,grassland_savanna,temperate,N,temperate_other,S2B_MSIL2A_20180628T073609_R092_T39UWR_20201012T033036,S2A_MSIL2A_20180822T073611_R092_T39UWR_20201011T051656,2018-06-28T07:36:09.024000Z,2018-08-22T07:36:11.024000Z,2018-06-28,2018-08-22,0.03,-26,29,0.077906,0.075896,1.0,1.0,-0.037692487239837646,-0.03825058788061142,0.01897396706044674,-0.050803378224372864,-0.025469565764069557,-0.014005258679389954,-0.11472348868846893,0.10572851449251175,1.0,3.985969387755102e-05,0.0,0.0,1,unburned_or_regrowth,-1,not_applicable,png,images/pre/b731f6352675d34c.png,images/post/b731f6352675d34c.png,images/dnbr/b731f6352675d34c.png,geotiff/pre/b731f6352675d34c.tif,geotiff/post/b731f6352675d34c.tif,geotiff/dnbr/b731f6352675d34c.tif
MCD64A1.A2018182.h22v03.061.2021359005926_r2351_c156,2018-07-12,2018,7,193,MCD64A1.A2018182.h22v03.061.2021359005926,63.510766350568126,50.20208332880411,4492,1123.0,224,10,67be26dd471b399b,burn,train,Asia,Kazakhstan,63.62621171321292,50.18124999547264,1,30,grassland,grassland_savanna,temperate,N,temperate_other,S2B_MSIL2A_20180613T064619_R020_T41UNR_20201027T000429,S2B_MSIL2A_20180726T065619_R063_T41UNR_20201011T202059,2018-06-13T06:46:19.024000Z,2018-07-26T06:56:19.024000Z,2018-06-13,2018-07-26,10.0,-29,14,8.916148,0.308962,1.0,1.0,0.2536868751049042,0.24962446093559265,0.13992595672607422,0.1285225749015808,0.3360551595687866,0.42877763509750366,-0.3012688159942627,0.9588632583618164,1.0,0.8711734693877551,0.4352877869897959,0.08806999362244898,2,low,0,low,png,images/pre/67be26dd471b399b.png,images/post/67be26dd471b399b.png,images/dnbr/67be26dd471b399b.png,geotiff/pre/67be26dd471b399b.tif,geotiff/post/67be26dd471b399b.tif,geotiff/dnbr/67be26dd471b399b.tif
MCD64A1.A2018182.h22v03.061.2021359005926_r2351_c156,2018-07-12,2018,7,193,MCD64A1.A2018182.h22v03.061.2021359005926,63.510766350568126,50.20208332880411,4492,1123.0,224,10,016366268fccd5a3,neg,train,Asia,Kazakhstan,64.17569252773521,50.38334874912854,0,30,grassland,grassland_savanna,temperate,N,temperate_other,S2B_MSIL2A_20180613T064619_R020_T41UNR_20201027T000429,S2A_MSIL2A_20180817T064621_R020_T41UNR_20201011T025309,2018-06-13T06:46:19.024000Z,2018-08-17T06:46:21.024000Z,2018-06-13,2018-08-17,0.03,-29,36,8.916148,0.238496,1.0,1.0,-0.327639639377594,-0.34123390913009644,0.11073548346757889,-0.40031546354293823,-0.2657066285610199,-0.17412710189819336,-0.9497438073158264,0.28903335332870483,1.0,0.0021324936224489796,9.964923469387755e-05,0.0,1,unburned_or_regrowth,-1,not_applicable,png,images/pre/016366268fccd5a3.png,images/post/016366268fccd5a3.png,images/dnbr/016366268fccd5a3.png,geotiff/pre/016366268fccd5a3.tif,geotiff/post/016366268fccd5a3.tif,geotiff/dnbr/016366268fccd5a3.tif
MCD64A1.A2018213.h22v03.061.2021360150322_r2064_c1732,2018-08-05,2018,8,217,MCD64A1.A2018213.h22v03.061.2021360150322,75.68223038227963,51.39791666203041,6,1.5,224,10,48ee2a9a9d4c7497,burn,train,Asia,Kazakhstan,75.68223038227963,51.39791666203041,1,40,cropland,cropland,temperate,N,temperate_other,S2A_MSIL2A_20180726T060631_R134_T43UES_20201011T200824,S2A_MSIL2A_20180815T060631_R134_T43UES_20201011T015805,2018-07-26T06:06:31.024000Z,2018-08-15T06:06:31.024000Z,2018-07-26,2018-08-15,0.0,-10,10,0.650283,0.28663,1.0,0.9993622448979592,0.19756774604320526,0.19881853461265564,0.15271520614624023,0.042108189314603806,0.32046955823898315,0.38895872235298157,-0.07795195281505585,0.8056522011756897,0.9993622448979592,0.5901426977040817,0.3956273915816326,0.05404974489795918,2,low,0,low,png,images/pre/48ee2a9a9d4c7497.png,images/post/48ee2a9a9d4c7497.png,images/dnbr/48ee2a9a9d4c7497.png,geotiff/pre/48ee2a9a9d4c7497.tif,geotiff/post/48ee2a9a9d4c7497.tif,geotiff/dnbr/48ee2a9a9d4c7497.tif
MCD64A1.A2018213.h22v03.061.2021360150322_r2064_c1732,2018-08-05,2018,8,217,MCD64A1.A2018213.h22v03.061.2021360150322,75.68223038227963,51.39791666203041,6,1.5,224,10,4dc3a9948706da24,neg,train,Asia,Kazakhstan,75.63512729145201,51.37473894088815,0,40,cropland,cropland,temperate,N,temperate_other,S2A_MSIL2A_20180726T060631_R134_T43UES_20201011T200824,S2A_MSIL2A_20180914T060631_R134_T43UES_20201009T010213,2018-07-26T06:06:31.024000Z,2018-09-14T06:06:31.024000Z,2018-07-26,2018-09-14,0.0,-10,40,0.650283,0.05586,0.9993622448979592,0.9984853316326531,0.031331516802310944,0.027684886008501053,0.027662895619869232,0.015552723780274391,0.04213166609406471,0.06327718496322632,-0.13042476773262024,0.29781806468963623,0.9978475765306123,0.02451371173469388,5.978954081632653e-05,0.0,1,unburned_or_regrowth,-1,not_applicable,png,images/pre/4dc3a9948706da24.png,images/post/4dc3a9948706da24.png,images/dnbr/4dc3a9948706da24.png,geotiff/pre/4dc3a9948706da24.tif,geotiff/post/4dc3a9948706da24.tif,geotiff/dnbr/4dc3a9948706da24.tif
MCD64A1.A2018182.h22v05.061.2021359010755_r2187_c67,2018-07-21,2018,7,202,MCD64A1.A2018182.h22v05.061.2021359010755,46.93714411047984,30.885416663866348,153,38.25,224,10,51796dd9d07a6b2e,burn,val,Asia,Iraq,46.971130147073886,30.885416663866348,1,90,herbaceous_wetland,wetland,subtropical,N,subtropical,S2B_MSIL2A_20180625T072619_R049_T38RPV_20201012T022104,S2B_MSIL2A_20180804T072609_R049_T38RPV_20201010T210721,2018-06-25T07:26:19.024000Z,2018-08-04T07:26:09.024000Z,2018-06-25,2018-08-04,0.17,-26,14,1.505887,1.107978,1.0,1.0,0.2444080263376236,0.13410739600658417,0.21795889735221863,0.10134048014879227,0.3433317244052887,0.6526868939399719,-0.03654283285140991,0.8189797401428223,1.0,0.7609215561224489,0.27451371173469385,0.21982621173469388,2,low,0,low,png,images/pre/51796dd9d07a6b2e.png,images/post/51796dd9d07a6b2e.png,images/dnbr/51796dd9d07a6b2e.png,geotiff/pre/51796dd9d07a6b2e.tif,geotiff/post/51796dd9d07a6b2e.tif,geotiff/dnbr/51796dd9d07a6b2e.tif
MCD64A1.A2018182.h22v05.061.2021359010755_r2187_c67,2018-07-21,2018,7,202,MCD64A1.A2018182.h22v05.061.2021359010755,46.93714411047984,30.885416663866348,153,38.25,224,10,0e82cf3c2a88d514,neg,val,Asia,Iraq,46.8548515645995,31.027501144081928,0,90,herbaceous_wetland,wetland,subtropical,N,subtropical,S2B_MSIL2A_20180615T072619_R049_T38RPV_20201027T015802,S2B_MSIL2A_20180804T072609_R049_T38RPV_20201010T210721,2018-06-15T07:26:19.024000Z,2018-08-04T07:26:09.024000Z,2018-06-15,2018-08-04,0.17,-36,14,0.987916,1.107978,0.998405612244898,0.9907525510204082,-0.001336767803877592,-0.006054550409317017,0.019758103415369987,-0.014505009166896343,0.007209941744804382,0.026719238609075546,-0.10260096937417984,0.11944982409477234,0.9904336734693877,9.964923469387755e-05,0.0,0.0,1,unburned_or_regrowth,-1,not_applicable,png,images/pre/0e82cf3c2a88d514.png,images/post/0e82cf3c2a88d514.png,images/dnbr/0e82cf3c2a88d514.png,geotiff/pre/0e82cf3c2a88d514.tif,geotiff/post/0e82cf3c2a88d514.tif,geotiff/dnbr/0e82cf3c2a88d514.tif
MCD64A1.A2018182.h21v03.061.2021358231416_r2284_c1881,2018-07-31,2018,7,212,MCD64A1.A2018182.h21v03.061.2021358231416,59.46528014470012,50.48124999544579,1808,452.0,224,10,6ccee42a21a8ea0a,burn,train,Asia,Kazakhstan,59.16191323226636,50.4062499954525,1,30,grassland,grassland_savanna,temperate,N,temperate_other,S2B_MSIL2A_20180719T070619_R106_T40UFA_20201011T173930,S2B_MSIL2A_20180808T070619_R106_T40UFA_20201010T225923,2018-07-19T07:06:19.024000Z,2018-08-08T07:06:19.024000Z,2018-07-19,2018-08-08,0.0,-12,8,0.003825,5.401544,1.0,1.0,0.29941534996032715,0.2962135672569275,0.19501015543937683,0.15069589018821716,0.41058775782585144,0.5304749011993408,-0.03363324701786041,1.1616567373275757,1.0,0.8004025829081632,0.560188137755102,0.1983219068877551,3,moderate,1,moderate,png,images/pre/6ccee42a21a8ea0a.png,images/post/6ccee42a21a8ea0a.png,images/dnbr/6ccee42a21a8ea0a.png,geotiff/pre/6ccee42a21a8ea0a.tif,geotiff/post/6ccee42a21a8ea0a.tif,geotiff/dnbr/6ccee42a21a8ea0a.tif
MCD64A1.A2018182.h21v03.061.2021358231416_r2284_c1881,2018-07-31,2018,7,212,MCD64A1.A2018182.h21v03.061.2021358231416,59.46528014470012,50.48124999544579,1808,452.0,224,10,436d3eac48c2a54b,neg,train,Asia,Kazakhstan,59.79585428533737,50.71279089150736,0,30,grassland,grassland_savanna,temperate,N,temperate_other,S2B_MSIL2A_20180719T070619_R106_T40UFB_20201011T173929,S2A_MSIL2A_20180912T070621_R106_T40UFB_20201009T001908,2018-07-19T07:06:19.024000Z,2018-09-12T07:06:21.024000Z,2018-07-19,2018-09-12,0.03,-12,43,0.033026,0.03847,1.0,1.0,-0.06605960428714752,-0.07019372284412384,0.06253057718276978,-0.1002877801656723,-0.033500395715236664,0.008285637944936752,-0.5298935770988464,0.2939598560333252,1.0,0.01251594387755102,1.992984693877551e-05,0.0,1,unburned_or_regrowth,-1,not_applicable,png,images/pre/436d3eac48c2a54b.png,images/post/436d3eac48c2a54b.png,images/dnbr/436d3eac48c2a54b.png,geotiff/pre/436d3eac48c2a54b.tif,geotiff/post/436d3eac48c2a54b.tif,geotiff/dnbr/436d3eac48c2a54b.tif
MCD64A1.A2018213.h28v09.061.2021360231600_r54_c2239,2018-08-21,2018,8,233,MCD64A1.A2018213.h28v09.061.2021360231600,109.33210869220827,-0.22708333335797468,3,0.75,224,10,c5e75d565bafd57f,burn,train,Asia,Indonesia,109.32794199281642,-0.22708333335797468,1,10,tree_cover,forest,tropical,S,tropical_moist,S2A_MSIL2A_20180815T024551_R132_T49MCV_20201011T015549,S2B_MSIL2A_20180830T024539_R132_T49MCV_20201103T153043,2018-08-15T02:45:51.024000Z,2018-08-30T02:45:39.024000Z,2018-08-15,2018-08-30,0.2,-6,9,0.417792,6.318065,1.0,1.0,0.20876777172088623,0.03706076741218567,0.3471624553203583,0.013734139502048492,0.35321083664894104,0.8583531379699707,-0.6250149011611938,1.1815420389175415,1.0,0.32364078443877553,0.2702487244897959,0.22861527423469388,2,low,0,low,png,images/pre/c5e75d565bafd57f.png,images/post/c5e75d565bafd57f.png,images/dnbr/c5e75d565bafd57f.png,geotiff/pre/c5e75d565bafd57f.tif,geotiff/post/c5e75d565bafd57f.tif,geotiff/dnbr/c5e75d565bafd57f.tif
MCD64A1.A2018213.h28v09.061.2021360231600_r54_c2239,2018-08-21,2018,8,233,MCD64A1.A2018213.h28v09.061.2021360231600,109.33210869220827,-0.22708333335797468,3,0.75,224,10,54034006a7231d42,neg,train,Asia,Indonesia,109.32303396446773,-0.30431276251925443,0,10,tree_cover,forest,tropical,S,tropical_moist,S2A_MSIL2A_20180815T024551_R132_T49MCV_20201011T015549,S2B_MSIL2A_20180830T024539_R132_T49MCV_20201103T153043,2018-08-15T02:45:51.024000Z,2018-08-30T02:45:39.024000Z,2018-08-15,2018-08-30,0.2,-6,9,0.417792,6.318065,0.9978874362244898,1.0,0.018139274790883064,0.019627511501312256,0.05263359472155571,-0.001346789300441742,0.03261691331863403,0.04142794385552406,-0.3744204640388489,0.536129355430603,0.9978874362244898,0.026088169642857144,0.010722257653061224,0.002590880102040816,1,unburned_or_regrowth,-1,not_applicable,png,images/pre/54034006a7231d42.png,images/post/54034006a7231d42.png,images/dnbr/54034006a7231d42.png,geotiff/pre/54034006a7231d42.tif,geotiff/post/54034006a7231d42.tif,geotiff/dnbr/54034006a7231d42.tif
MCD64A1.A2018213.h28v09.061.2021360231600_r39_c2277,2018-08-23,2018,8,235,MCD64A1.A2018213.h28v09.061.2021360231600,109.49003504512291,-0.16458333336356865,19,4.75,224,10,422549786990f556,burn,train,Asia,Indonesia,109.49001246259408,-0.1604166666972749,1,10,tree_cover,forest,tropical,S,tropical_moist,S2A_MSIL2A_20180815T024551_R132_T49MCV_20201011T015549,S2B_MSIL2A_20180830T024539_R132_T49MCV_20201103T153043,2018-08-15T02:45:51.024000Z,2018-08-30T02:45:39.024000Z,2018-08-15,2018-08-30,0.2,-8,7,0.417792,6.318065,1.0,1.0,0.25731638073921204,0.03435972332954407,0.35233908891677856,0.010650202631950378,0.597618818283081,0.8335795402526855,-0.4390619993209839,1.184995412826538,1.0,0.4119499362244898,0.3580994897959184,0.31564891581632654,2,low,0,low,png,images/pre/422549786990f556.png,images/post/422549786990f556.png,images/dnbr/422549786990f556.png,geotiff/pre/422549786990f556.tif,geotiff/post/422549786990f556.tif,geotiff/dnbr/422549786990f556.tif
MCD64A1.A2018213.h28v09.061.2021360231600_r39_c2277,2018-08-23,2018,8,235,MCD64A1.A2018213.h28v09.061.2021360231600,109.49003504512291,-0.16458333336356865,19,4.75,224,10,f88a05b4dcdf4357,neg,train,Asia,Indonesia,109.53768232401038,-0.1798677459611475,0,10,tree_cover,forest,tropical,S,tropical_moist,S2A_MSIL2A_20180815T024551_R132_T49MCV_20201011T015549,S2B_MSIL2A_20180830T024539_R132_T49MCV_20201103T153043,2018-08-15T02:45:51.024000Z,2018-08-30T02:45:39.024000Z,2018-08-15,2018-08-30,0.2,-8,7,0.417792,6.318065,1.0,1.0,-0.008179201744496822,-0.008672982454299927,0.02871769107878208,-0.02509205788373947,0.0075638629496097565,0.02589745819568634,-0.33800169825553894,0.22554171085357666,1.0,0.002590880102040816,0.0,0.0,1,unburned_or_regrowth,-1,not_applicable,png,images/pre/f88a05b4dcdf4357.png,images/post/f88a05b4dcdf4357.png,images/dnbr/f88a05b4dcdf4357.png,geotiff/pre/f88a05b4dcdf4357.tif,geotiff/post/f88a05b4dcdf4357.tif,geotiff/dnbr/f88a05b4dcdf4357.tif
MCD64A1.A2018213.h21v03.061.2021360132204_r2111_c781,2018-08-20,2018,8,232,MCD64A1.A2018213.h21v03.061.2021360132204,53.076207742609064,51.20208332871461,35,8.75,224,10,fba74d45f13f8742,burn,train,Asia,Kazakhstan,53.078056625748154,51.19791666204831,1,30,grassland,grassland_savanna,temperate,N,temperate_other,S2A_MSIL2A_20180802T073611_R092_T39UXS_20201010T201349,S2A_MSIL2A_20180908T072611_R049_T39UXS_20201011T095915,2018-08-02T07:36:11.024000Z,2018-09-08T07:26:11.024000Z,2018-08-02,2018-09-08,10.0,-18,19,5.140351,0.012545,1.0,1.0,0.23739734292030334,0.2460140585899353,0.12184806913137436,0.13791829347610474,0.33301353454589844,0.3979724943637848,-0.014403939247131348,0.6691479086875916,1.0,0.8059231505102041,0.4296077806122449,0.031907684948979595,2,low,0,low,png,images/pre/fba74d45f13f8742.png,images/post/fba74d45f13f8742.png,images/dnbr/fba74d45f13f8742.png,geotiff/pre/fba74d45f13f8742.tif,geotiff/post/fba74d45f13f8742.tif,geotiff/dnbr/fba74d45f13f8742.tif
MCD64A1.A2018213.h21v03.061.2021360132204_r2111_c781,2018-08-20,2018,8,232,MCD64A1.A2018213.h21v03.061.2021360132204,53.076207742609064,51.20208332871461,35,8.75,224,10,b147566dbd59878f,neg,train,Asia,Kazakhstan,53.138463981357184,51.142718037662874,0,30,grassland,grassland_savanna,temperate,N,temperate_other,S2A_MSIL2A_20180802T073611_R092_T39UXS_20201010T201349,S2A_MSIL2A_20180908T072611_R049_T39UXS_20201011T095915,2018-08-02T07:36:11.024000Z,2018-09-08T07:26:11.024000Z,2018-08-02,2018-09-08,10.0,-18,19,5.140351,0.012545,1.0,1.0,0.005589530803263187,0.026157669723033905,0.06921422481536865,0.009594440460205078,0.0404013954102993,0.06199629232287407,-0.31977424025535583,0.2054671347141266,1.0,0.022161989795918366,0.0,0.0,1,unburned_or_regrowth,-1,not_applicable,png,images/pre/b147566dbd59878f.png,images/post/b147566dbd59878f.png,images/dnbr/b147566dbd59878f.png,geotiff/pre/b147566dbd59878f.tif,geotiff/post/b147566dbd59878f.tif,geotiff/dnbr/b147566dbd59878f.tif
MCD64A1.A2018182.h20v05.061.2021358215042_r1071_c2294,2018-07-05,2018,7,186,MCD64A1.A2018182.h20v05.061.2021358215042,36.32587878923059,35.53541666345016,15,3.75,224,10,e9a4a85df2e969c6,burn,test,Asia,Syria,36.32965309703585,35.54374999678275,1,40,cropland,cropland,temperate,N,temperate_other,S2B_MSIL2A_20180610T081559_R121_T37SBV_20201026T211904,S2B_MSIL2A_20180710T081559_R121_T37SBV_20201011T141555,2018-06-10T08:15:59.024000Z,2018-07-10T08:15:59.024000Z,2018-06-10,2018-07-10,0.0,-25,5,5.267,2.433605,1.0,1.0,0.23019912838935852,0.24254998564720154,0.18936973810195923,0.14376412332057953,0.36963245272636414,0.44913503527641296,-0.5858839154243469,0.8404829502105713,1.0,0.7978914221938775,0.4318997130102041,0.11603156887755102,2,low,0,low,png,images/pre/e9a4a85df2e969c6.png,images/post/e9a4a85df2e969c6.png,images/dnbr/e9a4a85df2e969c6.png,geotiff/pre/e9a4a85df2e969c6.tif,geotiff/post/e9a4a85df2e969c6.tif,geotiff/dnbr/e9a4a85df2e969c6.tif
MCD64A1.A2018182.h20v05.061.2021358215042_r1071_c2294,2018-07-05,2018,7,186,MCD64A1.A2018182.h20v05.061.2021358215042,36.32587878923059,35.53541666345016,15,3.75,224,10,f650cf4e4adc19fd,neg,test,Asia,Syria,36.41497144823012,35.56652992091668,0,40,cropland,cropland,temperate,N,temperate_other,S2A_MSIL2A_20180526T081601_R121_T37SBV_20201012T142557,S2B_MSIL2A_20180710T081559_R121_T37SBV_20201011T141555,2018-05-26T08:16:01.024000Z,2018-07-10T08:15:59.024000Z,2018-05-26,2018-07-10,0.03,-40,5,0.277225,2.433605,1.0,1.0,0.009736749343574047,0.008846424520015717,0.03947317600250244,-0.009295458905398846,0.027872398495674133,0.051202528178691864,-0.23694781959056854,0.4072362780570984,1.0,0.022221779336734693,0.0005779655612244898,0.0,1,unburned_or_regrowth,-1,not_applicable,png,images/pre/f650cf4e4adc19fd.png,images/post/f650cf4e4adc19fd.png,images/dnbr/f650cf4e4adc19fd.png,geotiff/pre/f650cf4e4adc19fd.tif,geotiff/post/f650cf4e4adc19fd.tif,geotiff/dnbr/f650cf4e4adc19fd.tif
MCD64A1.A2018182.h23v04.061.2021359024817_r362_c1395,2018-07-18,2018,7,199,MCD64A1.A2018182.h23v04.061.2021359024817,84.2158597954871,48.48958332895738,102,25.5,224,10,24c540548471fb25,burn,train,Asia,Kazakhstan,84.2202488761595,48.47708332895851,1,30,grassland,grassland_savanna,temperate,N,temperate_other,S2B_MSIL2A_20180709T052649_R105_T44UQU_20201011T135109,S2A_MSIL2A_20180724T052651_R105_T44UQU_20201011T192225,2018-07-09T05:26:49.024000Z,2018-07-24T05:26:51.024000Z,2018-07-09,2018-07-24,0.03,-9,6,0.102707,0.562567,1.0,1.0,0.2614806294441223,0.26316171884536743,0.1526964008808136,0.1649746298789978,0.35422998666763306,0.4596228301525116,-0.05401773378252983,0.8491010665893555,1.0,0.8265704719387755,0.47482860331632654,0.119140625,2,low,0,low,png,images/pre/24c540548471fb25.png,images/post/24c540548471fb25.png,images/dnbr/24c540548471fb25.png,geotiff/pre/24c540548471fb25.tif,geotiff/post/24c540548471fb25.tif,geotiff/dnbr/24c540548471fb25.tif
MCD64A1.A2018182.h23v04.061.2021359024817_r362_c1395,2018-07-18,2018,7,199,MCD64A1.A2018182.h23v04.061.2021359024817,84.2158597954871,48.48958332895738,102,25.5,224,10,9132531a3044e6ff,neg,train,Asia,Kazakhstan,84.12666951557574,48.40141257321184,0,30,grassland,grassland_savanna,temperate,N,temperate_other,S2B_MSIL2A_20180709T052649_R105_T44UQU_20201011T135109,S2B_MSIL2A_20180818T052639_R105_T44UQU_20201011T033650,2018-07-09T05:26:49.024000Z,2018-08-18T05:26:39.024000Z,2018-07-09,2018-08-18,0.17,-9,31,0.102707,0.10773,0.9999202806122449,1.0,0.029129907488822937,0.02722826600074768,0.03019784390926361,0.016969963908195496,0.03655259311199188,0.051468875259160995,-0.14049729704856873,0.516573429107666,0.9999202806122449,0.018096301020408163,0.0024513711734693877,0.00045838647959183676,1,unburned_or_regrowth,-1,not_applicable,png,images/pre/9132531a3044e6ff.png,images/post/9132531a3044e6ff.png,images/dnbr/9132531a3044e6ff.png,geotiff/pre/9132531a3044e6ff.tif,geotiff/post/9132531a3044e6ff.tif,geotiff/dnbr/9132531a3044e6ff.tif
MCD64A1.A2018182.h21v04.061.2021358232248_r654_c838,2018-07-03,2018,7,184,MCD64A1.A2018182.h21v04.061.2021358232248,49.36389870335132,47.272916662399616,3206,801.5,224,10,8cbf8671378e8cbf,burn,train,Asia,Kazakhstan,49.26760124805178,47.31458332906256,1,30,grassland,grassland_savanna,temperate,N,temperate_other,S2B_MSIL2A_20180608T073609_R092_T39TUN_20201026T192459,S2B_MSIL2A_20180708T073609_R092_T39TUN_20201011T132931,2018-06-08T07:36:09.024000Z,2018-07-08T07:36:09.024000Z,2018-06-08,2018-07-08,0.0,-25,5,0.073024,2.394142,1.0,0.9998405612244898,0.1551656872034073,0.15397988259792328,0.039965175092220306,0.1278505027294159,0.17975659668445587,0.20486073195934296,0.039426133036613464,0.46561840176582336,0.9998405612244898,0.9245455994897959,0.006018813775510204,0.00013950892857142856,2,low,0,low,png,images/pre/8cbf8671378e8cbf.png,images/post/8cbf8671378e8cbf.png,images/dnbr/8cbf8671378e8cbf.png,geotiff/pre/8cbf8671378e8cbf.tif,geotiff/post/8cbf8671378e8cbf.tif,geotiff/dnbr/8cbf8671378e8cbf.tif
MCD64A1.A2018182.h21v04.061.2021358232248_r654_c838,2018-07-03,2018,7,184,MCD64A1.A2018182.h21v04.061.2021358232248,49.36389870335132,47.272916662399616,3206,801.5,224,10,549b22889f7fcac9,neg,train,Asia,Kazakhstan,49.03611868865863,47.44894422068162,0,30,grassland,grassland_savanna,temperate,N,temperate_other,S2B_MSIL2A_20180608T073609_R092_T39TUN_20201026T192459,S2A_MSIL2A_20180815T074721_R135_T39TUN_20201011T015931,2018-06-08T07:36:09.024000Z,2018-08-15T07:47:21.024000Z,2018-06-08,2018-08-15,11.2,-25,43,0.073024,0.128582,1.0,1.0,-0.027594294399023056,-0.02967752143740654,0.021424362435936928,-0.04157865419983864,-0.016334233805537224,-0.002066347748041153,-0.11070477217435837,0.15243491530418396,1.0,0.0008569834183673469,0.0,0.0,1,unburned_or_regrowth,-1,not_applicable,png,images/pre/549b22889f7fcac9.png,images/post/549b22889f7fcac9.png,images/dnbr/549b22889f7fcac9.png,geotiff/pre/549b22889f7fcac9.tif,geotiff/post/549b22889f7fcac9.tif,geotiff/dnbr/549b22889f7fcac9.tif
MCD64A1.A2018213.h21v05.061.2021360133955_r312_c359,2018-08-15,2018,8,227,MCD64A1.A2018213.h21v05.061.2021360133955,40.358498154619504,38.6979166631671,141,35.25,224,10,a1adc0b455e9f9a2,burn,test,Asia,Turkey,40.345470297342864,38.693749996500806,1,30,grassland,grassland_savanna,temperate,N,temperate_other,S2B_MSIL2A_20180727T080609_R078_T37SFC_20201011T204323,S2B_MSIL2A_20180826T080559_R078_T37SFC_20201027T042626,2018-07-27T08:06:09.024000Z,2018-08-26T08:05:59.024000Z,2018-07-27,2018-08-26,0.17,-19,11,0.072071,0.024915,1.0,1.0,0.4417512118816376,0.46355709433555603,0.18701891601085663,0.3269447684288025,0.5792798399925232,0.6665941476821899,-0.08777642250061035,0.9556702971458435,1.0,0.9333944515306123,0.8264309630102041,0.5494060905612245,4,high,2,high,png,images/pre/a1adc0b455e9f9a2.png,images/post/a1adc0b455e9f9a2.png,images/dnbr/a1adc0b455e9f9a2.png,geotiff/pre/a1adc0b455e9f9a2.tif,geotiff/post/a1adc0b455e9f9a2.tif,geotiff/dnbr/a1adc0b455e9f9a2.tif
MCD64A1.A2018213.h21v05.061.2021360133955_r312_c359,2018-08-15,2018,8,227,MCD64A1.A2018213.h21v05.061.2021360133955,40.358498154619504,38.6979166631671,141,35.25,224,10,8f9b168e0f6c5da9,neg,test,Asia,Turkey,40.48345249857476,38.748528149975165,0,30,grassland,grassland_savanna,temperate,N,temperate_other,S2B_MSIL2A_20180724T075609_R035_T37SFC_20201011T193507,S2B_MSIL2A_20180905T080559_R078_T37SFC_20201011T085908,2018-07-24T07:56:09.024000Z,2018-09-05T08:05:59.024000Z,2018-07-24,2018-09-05,9.83,-22,21,0.040063,0.013334,1.0,1.0,-0.02071857452392578,-0.02907707542181015,0.04773027077317238,-0.04703780263662338,-0.003622230142354965,0.028632506728172302,-0.42488428950309753,0.665324330329895,1.0,0.01935188137755102,0.0024314413265306123,0.000817123724489796,1,unburned_or_regrowth,-1,not_applicable,png,images/pre/8f9b168e0f6c5da9.png,images/post/8f9b168e0f6c5da9.png,images/dnbr/8f9b168e0f6c5da9.png,geotiff/pre/8f9b168e0f6c5da9.tif,geotiff/post/8f9b168e0f6c5da9.tif,geotiff/dnbr/8f9b168e0f6c5da9.tif
MCD64A1.A2018213.h23v04.061.2021360165206_r556_c936,2018-08-04,2018,8,216,MCD64A1.A2018213.h23v04.061.2021360165206,80.06197007015663,47.681249995696405,2513,628.25,224,10,343f7a62eba8a1e0,burn,train,Asia,Kazakhstan,79.9573532032069,47.693749995695285,1,30,grassland,grassland_savanna,temperate,N,temperate_other,S2B_MSIL2A_20180705T054639_R048_T44TMT_20201011T121939,S2B_MSIL2A_20180814T054629_R048_T44TMT_20201011T014434,2018-07-05T05:46:39.024000Z,2018-08-14T05:46:29.024000Z,2018-07-05,2018-08-14,0.17,-30,10,0.182367,0.102412,1.0,1.0,0.1506756693124771,0.13383179903030396,0.09607499837875366,0.07598350197076797,0.20530065894126892,0.27861666679382324,-0.05981314182281494,0.6649432182312012,1.0,0.6416414221938775,0.11210538903061225,0.01153938137755102,2,low,0,low,png,images/pre/343f7a62eba8a1e0.png,images/post/343f7a62eba8a1e0.png,images/dnbr/343f7a62eba8a1e0.png,geotiff/pre/343f7a62eba8a1e0.tif,geotiff/post/343f7a62eba8a1e0.tif,geotiff/dnbr/343f7a62eba8a1e0.tif
MCD64A1.A2018213.h23v04.061.2021360165206_r556_c936,2018-08-04,2018,8,216,MCD64A1.A2018213.h23v04.061.2021360165206,80.06197007015663,47.681249995696405,2513,628.25,224,10,09285536a6de3ff1,neg,train,Asia,Kazakhstan,79.66918458770684,47.50728684446829,0,90,herbaceous_wetland,wetland,temperate,N,temperate_other,S2B_MSIL2A_20180705T054639_R048_T44TLT_20201011T121949,S2A_MSIL2A_20180908T054641_R048_T44TLT_20201011T095803,2018-07-05T05:46:39.024000Z,2018-09-08T05:46:41.024000Z,2018-07-05,2018-09-08,0.03,-30,35,0.142162,0.153781,0.9796316964285714,0.9823820153061225,0.012683460488915443,0.014718908816576004,0.02417694218456745,-0.0007619485259056091,0.026645127683877945,0.03794146701693535,-0.30822816491127014,0.1384895145893097,0.9740114795918368,0.0017338966836734694,0.0,0.0,1,unburned_or_regrowth,-1,not_applicable,png,images/pre/09285536a6de3ff1.png,images/post/09285536a6de3ff1.png,images/dnbr/09285536a6de3ff1.png,geotiff/pre/09285536a6de3ff1.tif,geotiff/post/09285536a6de3ff1.tif,geotiff/dnbr/09285536a6de3ff1.tif
MCD64A1.A2018182.h23v04.061.2021359024817_r1453_c434,2018-07-13,2018,7,194,MCD64A1.A2018182.h23v04.061.2021359024817,71.95677002984732,43.94374999603092,427,106.75,224,10,ba860499d5e9eafc,burn,train,Asia,Kazakhstan,71.96685896508812,43.952083329363504,1,30,grassland,grassland_savanna,temperate,N,temperate_other,S2A_MSIL2A_20180706T060631_R134_T42TYP_20201011T123052,S2B_MSIL2A_20180721T060629_R134_T42TYP_20201011T182536,2018-07-06T06:06:31.024000Z,2018-07-21T06:06:29.024000Z,2018-07-06,2018-07-21,0.03,-7,8,0.040345,0.002963,1.0,1.0,0.15889576077461243,0.14768970012664795,0.08893393725156784,0.10313346982002258,0.20681428909301758,0.2787975072860718,-0.033795543015003204,0.657879650592804,1.0,0.7637914540816326,0.1116470025510204,0.005998883928571429,2,low,0,low,png,images/pre/ba860499d5e9eafc.png,images/post/ba860499d5e9eafc.png,images/dnbr/ba860499d5e9eafc.png,geotiff/pre/ba860499d5e9eafc.tif,geotiff/post/ba860499d5e9eafc.tif,geotiff/dnbr/ba860499d5e9eafc.tif
MCD64A1.A2018182.h23v04.061.2021359024817_r1453_c434,2018-07-13,2018,7,194,MCD64A1.A2018182.h23v04.061.2021359024817,71.95677002984732,43.94374999603092,427,106.75,224,10,3f13bca57ce652b3,neg,train,Asia,Kazakhstan,71.84484900774022,44.0131541073436,0,30,grassland,grassland_savanna,temperate,N,temperate_other,S2A_MSIL2A_20180706T060631_R134_T42TYP_20201011T123052,S2B_MSIL2A_20180721T060629_R134_T42TYP_20201011T182536,2018-07-06T06:06:31.024000Z,2018-07-21T06:06:29.024000Z,2018-07-06,2018-07-21,0.03,-7,8,0.040345,0.002963,1.0,1.0,0.013578089885413647,0.01356566697359085,0.012649502605199814,0.005466613918542862,0.02163691073656082,0.029248341917991638,-0.05927513539791107,0.08319763094186783,1.0,0.0,0.0,0.0,1,unburned_or_regrowth,-1,not_applicable,png,images/pre/3f13bca57ce652b3.png,images/post/3f13bca57ce652b3.png,images/dnbr/3f13bca57ce652b3.png,geotiff/pre/3f13bca57ce652b3.tif,geotiff/post/3f13bca57ce652b3.tif,geotiff/dnbr/3f13bca57ce652b3.tif
MCD64A1.A2018213.h28v09.061.2021360231600_r183_c2375,2018-08-13,2018,8,225,MCD64A1.A2018213.h28v09.061.2021360231600,109.9077024511313,-0.7645833333098667,29,7.25,224,10,a9d90334993ae453,burn,train,Asia,Indonesia,109.90342904313434,-0.760416666643573,1,30,grassland,grassland_savanna,tropical,S,tropical_dry,S2A_MSIL2A_20180716T024551_R132_T49MCV_20201011T161947,S2B_MSIL2A_20180820T024539_R132_T49MCV_20201011T043134,2018-07-16T02:45:51.024000Z,2018-08-20T02:45:39.024000Z,2018-07-16,2018-08-20,0.2,-28,7,5.333357,3.890375,0.9803093112244898,0.8953284438775511,0.2871929407119751,0.11770279705524445,0.3236607015132904,0.017010167241096497,0.6182305812835693,0.7596221566200256,-0.5357709527015686,1.0503668785095215,0.8773915816326531,0.45400191326530615,0.37595663265306123,0.31947544642857145,3,moderate,1,moderate,png,images/pre/a9d90334993ae453.png,images/post/a9d90334993ae453.png,images/dnbr/a9d90334993ae453.png,geotiff/pre/a9d90334993ae453.tif,geotiff/post/a9d90334993ae453.tif,geotiff/dnbr/a9d90334993ae453.tif
MCD64A1.A2018213.h28v09.061.2021360231600_r183_c2375,2018-08-13,2018,8,225,MCD64A1.A2018213.h28v09.061.2021360231600,109.9077024511313,-0.7645833333098667,29,7.25,224,10,0780c520b060033f,neg,train,Asia,Indonesia,109.98507199337888,-0.6890034579890814,0,10,tree_cover,forest,tropical,S,tropical_moist,S2A_MSIL2A_20180716T024551_R132_T49MCV_20201011T161947,S2B_MSIL2A_20180820T024539_R132_T49MCV_20201011T043134,2018-07-16T02:45:51.024000Z,2018-08-20T02:45:39.024000Z,2018-07-16,2018-08-20,0.2,-28,7,5.333357,3.890375,1.0,0.997688137755102,-0.008124453946948051,-0.009912669658660889,0.026673657819628716,-0.017345339059829712,-0.0026154518127441406,0.005227814428508282,-0.1945313811302185,0.3560933768749237,0.997688137755102,0.010443239795918368,0.0009765625,0.0,1,unburned_or_regrowth,-1,not_applicable,png,images/pre/0780c520b060033f.png,images/post/0780c520b060033f.png,images/dnbr/0780c520b060033f.png,geotiff/pre/0780c520b060033f.tif,geotiff/post/0780c520b060033f.tif,geotiff/dnbr/0780c520b060033f.tif
MCD64A1.A2018182.h21v04.061.2021358232248_r51_c852,2018-07-24,2018,7,205,MCD64A1.A2018182.h21v04.061.2021358232248,51.96619773376167,49.78541666217473,3388,847.0,224,10,d4d3955020cd5eb2,burn,train,Asia,Kazakhstan,51.926979608178044,49.82708332883767,1,30,grassland,grassland_savanna,temperate,N,temperate_other,S2B_MSIL2A_20180628T073609_R092_T39UWR_20201012T033036,S2A_MSIL2A_20180802T073611_R092_T39UWR_20201019T182924,2018-06-28T07:36:09.024000Z,2018-08-02T07:36:11.024000Z,2018-06-28,2018-08-02,0.03,-26,9,0.077906,0.230269,1.0,1.0,0.31030771136283875,0.31183838844299316,0.14760325849056244,0.21610195934772491,0.4107339084148407,0.49798280000686646,-0.05336630344390869,0.8560668230056763,1.0,0.9140027104591837,0.6128228635204082,0.1924426020408163,3,moderate,1,moderate,png,images/pre/d4d3955020cd5eb2.png,images/post/d4d3955020cd5eb2.png,images/dnbr/d4d3955020cd5eb2.png,geotiff/pre/d4d3955020cd5eb2.tif,geotiff/post/d4d3955020cd5eb2.tif,geotiff/dnbr/d4d3955020cd5eb2.tif
MCD64A1.A2018182.h21v04.061.2021358232248_r51_c852,2018-07-24,2018,7,205,MCD64A1.A2018182.h21v04.061.2021358232248,51.96619773376167,49.78541666217473,3388,847.0,224,10,e529a6a8d5412b76,neg,train,Asia,Kazakhstan,52.65516914421408,49.885039568200774,0,90,herbaceous_wetland,wetland,temperate,N,temperate_other,S2B_MSIL2A_20180625T072619_R049_T39UXR_20201027T023448,S2A_MSIL2A_20180822T073611_R092_T39UXR_20201011T051651,2018-06-25T07:26:19.024000Z,2018-08-22T07:36:11.024000Z,2018-06-25,2018-08-22,9.87,-29,29,0.204074,0.220891,1.0,1.0,-0.002284687478095293,-0.006144523620605469,0.02210051938891411,-0.01653188280761242,0.0071504730731248856,0.026398025453090668,-0.1853526532649994,0.12216676771640778,1.0,0.0005580357142857143,0.0,0.0,1,unburned_or_regrowth,-1,not_applicable,png,images/pre/e529a6a8d5412b76.png,images/post/e529a6a8d5412b76.png,images/dnbr/e529a6a8d5412b76.png,geotiff/pre/e529a6a8d5412b76.tif,geotiff/post/e529a6a8d5412b76.tif,geotiff/dnbr/e529a6a8d5412b76.tif
MCD64A1.A2018213.h21v05.061.2021360133955_r443_c808,2018-08-05,2018,8,217,MCD64A1.A2018213.h21v05.061.2021360133955,42.433700344398794,38.15208332988263,5,1.25,224,10,cc818c5c9f797322,burn,train,Asia,Turkey,42.433700344398794,38.15208332988263,1,10,tree_cover,forest,temperate,N,temperate_forest,S2A_MSIL2A_20180719T075611_R035_T38SKH_20201011T172803,S2A_MSIL2A_20180818T075611_R035_T38SKH_20201011T032501,2018-07-19T07:56:11.024000Z,2018-08-18T07:56:11.024000Z,2018-07-19,2018-08-18,0.0,-17,13,0.027917,0.082077,1.0,1.0,0.15919984877109528,0.055119387805461884,0.18146809935569763,0.009676706045866013,0.2966150641441345,0.43506211042404175,-0.08100426197052002,0.774731457233429,1.0,0.4625717474489796,0.288883131377551,0.09606186224489796,2,low,0,low,png,images/pre/cc818c5c9f797322.png,images/post/cc818c5c9f797322.png,images/dnbr/cc818c5c9f797322.png,geotiff/pre/cc818c5c9f797322.tif,geotiff/post/cc818c5c9f797322.tif,geotiff/dnbr/cc818c5c9f797322.tif
MCD64A1.A2018213.h21v05.061.2021360133955_r443_c808,2018-08-05,2018,8,217,MCD64A1.A2018213.h21v05.061.2021360133955,42.433700344398794,38.15208332988263,5,1.25,224,10,b8be465c7371eb19,neg,train,Asia,Turkey,42.40864728884081,38.191986360426355,0,10,tree_cover,forest,temperate,N,temperate_forest,S2A_MSIL2A_20180719T075611_R035_T38SKH_20201011T172803,S2B_MSIL2A_20180902T075559_R035_T38SKH_20201011T074339,2018-07-19T07:56:11.024000Z,2018-09-02T07:55:59.024000Z,2018-07-19,2018-09-02,0.2,-17,28,0.027917,0.021646,1.0,1.0,0.020663628354668617,0.018783200532197952,0.03846759349107742,0.003142382949590683,0.035157620906829834,0.05509268119931221,-0.3757951259613037,0.48927828669548035,1.0,0.02507174744897959,0.0019331951530612245,0.00011957908163265306,1,unburned_or_regrowth,-1,not_applicable,png,images/pre/b8be465c7371eb19.png,images/post/b8be465c7371eb19.png,images/dnbr/b8be465c7371eb19.png,geotiff/pre/b8be465c7371eb19.tif,geotiff/post/b8be465c7371eb19.tif,geotiff/dnbr/b8be465c7371eb19.tif
MCD64A1.A2018182.h22v03.061.2021359005926_r2363_c171,2018-07-12,2018,7,193,MCD64A1.A2018182.h22v03.061.2021359005926,63.541875354903375,50.15208332880858,2894,723.5,224,10,86ca022a68cfa732,burn,val,Asia,Kazakhstan,63.478543630973384,50.006249995488304,1,30,grassland,grassland_savanna,temperate,N,temperate_other,S2B_MSIL2A_20180613T064619_R020_T41UNR_20201027T000429,S2B_MSIL2A_20180726T065619_R063_T41UNR_20201011T202059,2018-06-13T06:46:19.024000Z,2018-07-26T06:56:19.024000Z,2018-06-13,2018-07-26,10.0,-29,14,8.916148,0.308962,0.8752391581632653,0.9985650510204082,0.17942100763320923,0.17765989899635315,0.061060406267642975,0.14784419536590576,0.2143213301897049,0.2560553252696991,-0.005092240869998932,0.445002943277359,0.8748405612244898,0.7881855867346939,0.06194196428571429,5.978954081632653e-05,2,low,0,low,png,images/pre/86ca022a68cfa732.png,images/post/86ca022a68cfa732.png,images/dnbr/86ca022a68cfa732.png,geotiff/pre/86ca022a68cfa732.tif,geotiff/post/86ca022a68cfa732.tif,geotiff/dnbr/86ca022a68cfa732.tif
MCD64A1.A2018182.h22v03.061.2021359005926_r2363_c171,2018-07-12,2018,7,193,MCD64A1.A2018182.h22v03.061.2021359005926,63.541875354903375,50.15208332880858,2894,723.5,224,10,e5160cc373afdc51,neg,val,Asia,Kazakhstan,63.02080720211819,50.298087963735135,0,30,grassland,grassland_savanna,temperate,N,temperate_other,S2B_MSIL2A_20180613T064619_R020_T41UMR_20201027T000423,S2B_MSIL2A_20180723T064619_R020_T41UMR_20201011T191149,2018-06-13T06:46:19.024000Z,2018-07-23T06:46:19.024000Z,2018-06-13,2018-07-23,0.0,-29,11,0.48244,0.108393,1.0,1.0,0.018596429377794266,0.0345970094203949,0.08699704706668854,0.02374410629272461,0.04601474106311798,0.05693913251161575,-0.8844005465507507,0.3659830093383789,1.0,0.013213488520408163,0.0004185267857142857,0.0,1,unburned_or_regrowth,-1,not_applicable,png,images/pre/e5160cc373afdc51.png,images/post/e5160cc373afdc51.png,images/dnbr/e5160cc373afdc51.png,geotiff/pre/e5160cc373afdc51.tif,geotiff/post/e5160cc373afdc51.tif,geotiff/dnbr/e5160cc373afdc51.tif
MCD64A1.A2018182.h22v03.061.2021359005926_r2354_c163,2018-07-13,2018,7,194,MCD64A1.A2018182.h22v03.061.2021359005926,63.53969578518116,50.18958332880523,3876,969.0,224,10,133feeab54db2bc0,burn,train,Asia,Kazakhstan,63.70144314050478,50.19374999547152,1,30,grassland,grassland_savanna,temperate,N,temperate_other,S2B_MSIL2A_20180613T064619_R020_T41UNR_20201027T000429,S2B_MSIL2A_20180723T064619_R020_T41UNR_20201011T191149,2018-06-13T06:46:19.024000Z,2018-07-23T06:46:19.024000Z,2018-06-13,2018-07-23,0.0,-30,10,8.916148,1.404308,1.0,1.0,0.26934006810188293,0.26507407426834106,0.09674951434135437,0.21786576509475708,0.3135976195335388,0.36806994676589966,-0.3639942705631256,0.9189997315406799,1.0,0.9592633928571429,0.47219786352040816,0.04518096301020408,2,low,0,low,png,images/pre/133feeab54db2bc0.png,images/post/133feeab54db2bc0.png,images/dnbr/133feeab54db2bc0.png,geotiff/pre/133feeab54db2bc0.tif,geotiff/post/133feeab54db2bc0.tif,geotiff/dnbr/133feeab54db2bc0.tif
MCD64A1.A2018182.h22v03.061.2021359005926_r2354_c163,2018-07-13,2018,7,194,MCD64A1.A2018182.h22v03.061.2021359005926,63.53969578518116,50.18958332880523,3876,969.0,224,10,4c99ec75a3fecec0,neg,train,Asia,Kazakhstan,63.12401508079397,50.09623646452524,0,30,grassland,grassland_savanna,temperate,N,temperate_other,S2B_MSIL2A_20180613T064619_R020_T41UMR_20201027T000423,S2B_MSIL2A_20180723T064619_R020_T41UMR_20201011T191149,2018-06-13T06:46:19.024000Z,2018-07-23T06:46:19.024000Z,2018-06-13,2018-07-23,0.0,-30,10,0.48244,0.108393,0.8971619897959183,0.8973214285714286,0.047717250883579254,0.047184646129608154,0.028337055817246437,0.037324607372283936,0.05789351463317871,0.0698155015707016,-0.47212907671928406,0.2827714681625366,0.8971619897959183,0.018395248724489797,3.985969387755102e-05,0.0,1,unburned_or_regrowth,-1,not_applicable,png,images/pre/4c99ec75a3fecec0.png,images/post/4c99ec75a3fecec0.png,images/dnbr/4c99ec75a3fecec0.png,geotiff/pre/4c99ec75a3fecec0.tif,geotiff/post/4c99ec75a3fecec0.tif,geotiff/dnbr/4c99ec75a3fecec0.tif
MCD64A1.A2018182.h20v05.061.2021358215042_r1023_c2265,2018-07-25,2018,7,206,MCD64A1.A2018182.h20v05.061.2021358215042,36.26803176506122,35.73541666343226,5,1.25,224,10,8a2962eabecc808a,burn,train,Asia,Syria,36.26803176506122,35.73541666343226,1,40,cropland,cropland,temperate,N,temperate_other,S2B_MSIL2A_20180710T081559_R121_T37SBV_20201011T141555,S2A_MSIL2A_20180804T081601_R121_T37SBV_20201010T205457,2018-07-10T08:15:59.024000Z,2018-08-04T08:16:01.024000Z,2018-07-10,2018-08-04,0.03,-15,10,2.433605,7.758648,0.9025829081632653,1.0,0.20978933572769165,0.030458558350801468,0.3153795003890991,0.004666745662689209,0.4448172450065613,0.7678502202033997,-0.10495328903198242,1.0692224502563477,0.9025829081632653,0.28575414540816324,0.25502232142857145,0.22674186862244897,2,low,0,low,png,images/pre/8a2962eabecc808a.png,images/post/8a2962eabecc808a.png,images/dnbr/8a2962eabecc808a.png,geotiff/pre/8a2962eabecc808a.tif,geotiff/post/8a2962eabecc808a.tif,geotiff/dnbr/8a2962eabecc808a.tif
MCD64A1.A2018182.h20v05.061.2021358215042_r1023_c2265,2018-07-25,2018,7,206,MCD64A1.A2018182.h20v05.061.2021358215042,36.26803176506122,35.73541666343226,5,1.25,224,10,7135f2f68706582a,neg,train,Asia,Syria,36.270904732836456,35.778888845620926,0,20,shrubland,shrubland_chaparral,temperate,N,temperate_other,S2B_MSIL2A_20180710T081559_R121_T37SBV_20201011T141555,S2A_MSIL2A_20180824T081601_R121_T37SBV_20201011T061526,2018-07-10T08:15:59.024000Z,2018-08-24T08:16:01.024000Z,2018-07-10,2018-08-24,0.03,-15,30,2.433605,0.917412,0.9989636479591837,0.9992825255102041,0.020137516781687737,0.01856277883052826,0.029975099489092827,0.0002474784851074219,0.03818318992853165,0.05815291032195091,-0.12145454436540604,0.24033786356449127,0.9987244897959183,0.00972576530612245,0.0,0.0,1,unburned_or_regrowth,-1,not_applicable,png,images/pre/7135f2f68706582a.png,images/post/7135f2f68706582a.png,images/dnbr/7135f2f68706582a.png,geotiff/pre/7135f2f68706582a.tif,geotiff/post/7135f2f68706582a.tif,geotiff/dnbr/7135f2f68706582a.tif
MCD64A1.A2018213.h23v04.061.2021360165206_r1497_c1254,2018-08-12,2018,8,224,MCD64A1.A2018213.h23v04.061.2021360165206,76.46657441963396,43.760416662714,371,92.75,224,10,d9a691b96ac2fb03,burn,train,Asia,Kazakhstan,76.46124974097961,43.75624999604771,1,30,grassland,grassland_savanna,temperate,N,temperate_other,S2A_MSIL2A_20180720T054641_R048_T43TFJ_20201011T175004,S2A_MSIL2A_20180819T054641_R048_T43TFJ_20201011T035111,2018-07-20T05:46:41.024000Z,2018-08-19T05:46:41.024000Z,2018-07-20,2018-08-19,0.0,-23,7,0.075276,3.341937,1.0,0.9661989795918368,0.16055358946323395,0.16006255149841309,0.06745792925357819,0.12492826581001282,0.1941397339105606,0.2357713133096695,-0.08430437743663788,0.5822650790214539,0.9661989795918368,0.8267299107142857,0.04902742346938776,0.00235172193877551,2,low,0,low,png,images/pre/d9a691b96ac2fb03.png,images/post/d9a691b96ac2fb03.png,images/dnbr/d9a691b96ac2fb03.png,geotiff/pre/d9a691b96ac2fb03.tif,geotiff/post/d9a691b96ac2fb03.tif,geotiff/dnbr/d9a691b96ac2fb03.tif
MCD64A1.A2018213.h23v04.061.2021360165206_r1497_c1254,2018-08-12,2018,8,224,MCD64A1.A2018213.h23v04.061.2021360165206,76.46657441963396,43.760416662714,371,92.75,224,10,5a242f10d20e2c02,neg,train,Asia,Kazakhstan,76.46669698881665,43.87582552775365,0,30,grassland,grassland_savanna,temperate,N,temperate_other,S2A_MSIL2A_20180720T054641_R048_T43TFJ_20201011T175004,S2A_MSIL2A_20180918T054631_R048_T43TFJ_20201009T021732,2018-07-20T05:46:41.024000Z,2018-09-18T05:46:31.024000Z,2018-07-20,2018-09-18,0.17,-23,37,0.075276,0.032631,1.0,1.0,-0.022733068093657494,-0.023680083453655243,0.018065573647618294,-0.03461999073624611,-0.011502690613269806,0.0005624331533908844,-0.08776501566171646,0.07870655506849289,1.0,0.0,0.0,0.0,1,unburned_or_regrowth,-1,not_applicable,png,images/pre/5a242f10d20e2c02.png,images/post/5a242f10d20e2c02.png,images/dnbr/5a242f10d20e2c02.png,geotiff/pre/5a242f10d20e2c02.tif,geotiff/post/5a242f10d20e2c02.tif,geotiff/dnbr/5a242f10d20e2c02.tif
MCD64A1.A2018213.h30v09.061.2021361015948_r762_c1604,2018-08-24,2018,8,236,MCD64A1.A2018213.h30v09.061.2021361015948,126.88043044111626,-3.17708333309394,32,8.0,224,10,d013a599ac465615,burn,train,Asia,Indonesia,126.8814561268044,-3.1854166664265278,1,30,grassland,grassland_savanna,tropical,S,tropical_dry,S2A_MSIL2A_20180725T015621_R117_T52MBB_20201011T194333,S2A_MSIL2A_20180903T015621_R117_T52MBB_20201011T075343,2018-07-25T01:56:21.024000Z,2018-09-03T01:56:21.024000Z,2018-07-25,2018-09-03,0.0,-30,10,15.172167,9.283374,0.9919882015306123,1.0,0.3462899625301361,0.3895447850227356,0.2492888867855072,0.12050327658653259,0.5514097213745117,0.6466652154922485,-0.6039673686027527,0.8852158784866333,0.9919882015306123,0.7725805165816326,0.6220902423469388,0.42283163265306123,3,moderate,1,moderate,png,images/pre/d013a599ac465615.png,images/post/d013a599ac465615.png,images/dnbr/d013a599ac465615.png,geotiff/pre/d013a599ac465615.tif,geotiff/post/d013a599ac465615.tif,geotiff/dnbr/d013a599ac465615.tif
MCD64A1.A2018213.h30v09.061.2021361015948_r762_c1604,2018-08-24,2018,8,236,MCD64A1.A2018213.h30v09.061.2021361015948,126.88043044111626,-3.17708333309394,32,8.0,224,10,d70e53307b9942b3,neg,train,Asia,Indonesia,126.911895859735,-3.2187051434820164,0,30,grassland,grassland_savanna,tropical,S,tropical_dry,S2A_MSIL2A_20180725T015621_R117_T52MBB_20201011T194333,S2A_MSIL2A_20180903T015621_R117_T52MBB_20201011T075343,2018-07-25T01:56:21.024000Z,2018-09-03T01:56:21.024000Z,2018-07-25,2018-09-03,0.0,-30,10,15.172167,9.283374,0.9998405612244898,1.0,-0.014605767093598843,-0.0023751258850097656,0.09165188670158386,-0.03614678978919983,0.04082725942134857,0.06432218849658966,-0.5848252773284912,0.2853090763092041,0.9998405612244898,0.017299107142857144,3.985969387755102e-05,0.0,1,unburned_or_regrowth,-1,not_applicable,png,images/pre/d70e53307b9942b3.png,images/post/d70e53307b9942b3.png,images/dnbr/d70e53307b9942b3.png,geotiff/pre/d70e53307b9942b3.tif,geotiff/post/d70e53307b9942b3.tif,geotiff/dnbr/d70e53307b9942b3.tif
MCD64A1.A2018213.h21v04.061.2021360132818_r346_c1804,2018-08-14,2018,8,226,MCD64A1.A2018213.h21v04.061.2021360132818,56.684743635933515,48.55624999561809,1297,324.25,224,10,850e31df43c5d3c7,burn,test,Asia,Kazakhstan,56.600371532383505,48.51458332895515,1,30,grassland,grassland_savanna,temperate,N,temperate_other,S2B_MSIL2A_20180801T071729_R006_T40UDU_20201010T194726,S2B_MSIL2A_20180821T071609_R006_T40UDU_20201011T050324,2018-08-01T07:17:29.024000Z,2018-08-21T07:16:09.024000Z,2018-08-01,2018-08-21,1.33,-13,7,0.101417,0.087515,1.0,1.0,0.21220460534095764,0.20613566040992737,0.06576690822839737,0.17892269790172577,0.23725765943527222,0.2866995930671692,0.01987520232796669,0.660646915435791,1.0,0.9624322385204082,0.1316764987244898,0.009068080357142858,2,low,0,low,png,images/pre/850e31df43c5d3c7.png,images/post/850e31df43c5d3c7.png,images/dnbr/850e31df43c5d3c7.png,geotiff/pre/850e31df43c5d3c7.tif,geotiff/post/850e31df43c5d3c7.tif,geotiff/dnbr/850e31df43c5d3c7.tif
MCD64A1.A2018213.h21v04.061.2021360132818_r346_c1804,2018-08-14,2018,8,226,MCD64A1.A2018213.h21v04.061.2021360132818,56.684743635933515,48.55624999561809,1297,324.25,224,10,72a01319ef798cc0,neg,test,Asia,Kazakhstan,56.72670763720978,48.35022490152715,0,30,grassland,grassland_savanna,temperate,N,temperate_other,S2B_MSIL2A_20180801T071729_R006_T40UDU_20201010T194726,S2A_MSIL2A_20180922T070621_R106_T40UDU_20201009T033942,2018-08-01T07:17:29.024000Z,2018-09-22T07:06:21.024000Z,2018-08-01,2018-09-22,11.13,-13,39,0.101417,0.074613,1.0,1.0,-0.00012352167686913162,-0.004025161266326904,0.026864217594265938,-0.016521787270903587,0.011929744854569435,0.026809491217136383,-0.11951152980327606,0.31127557158470154,1.0,0.00922751913265306,9.964923469387755e-05,0.0,1,unburned_or_regrowth,-1,not_applicable,png,images/pre/72a01319ef798cc0.png,images/post/72a01319ef798cc0.png,images/dnbr/72a01319ef798cc0.png,geotiff/pre/72a01319ef798cc0.tif,geotiff/post/72a01319ef798cc0.tif,geotiff/dnbr/72a01319ef798cc0.tif
MCD64A1.A2018213.h23v04.061.2021360165206_r1523_c955,2018-08-05,2018,8,217,MCD64A1.A2018213.h23v04.061.2021360165206,74.60665726531006,43.65208332939036,515,128.75,224,10,81778cfac8462871,burn,train,Asia,Kazakhstan,74.64302496625612,43.59791666272854,1,30,grassland,grassland_savanna,temperate,N,temperate_other,S2A_MSIL2A_20180720T054641_R048_T43TDJ_20201011T174954,S2B_MSIL2A_20180817T055629_R091_T43TDJ_20201011T030708,2018-07-20T05:46:41.024000Z,2018-08-17T05:56:29.024000Z,2018-07-20,2018-08-17,9.8,-16,12,0.002826,0.008072,1.0,1.0,0.2580006420612335,0.2345293164253235,0.10892415791749954,0.18584135174751282,0.3090687692165375,0.3972281217575073,-0.03435005992650986,1.0242950916290283,1.0,0.9780173788265306,0.36039142219387754,0.06337691326530612,2,low,0,low,png,images/pre/81778cfac8462871.png,images/post/81778cfac8462871.png,images/dnbr/81778cfac8462871.png,geotiff/pre/81778cfac8462871.tif,geotiff/post/81778cfac8462871.tif,geotiff/dnbr/81778cfac8462871.tif
MCD64A1.A2018213.h23v04.061.2021360165206_r1523_c955,2018-08-05,2018,8,217,MCD64A1.A2018213.h23v04.061.2021360165206,74.60665726531006,43.65208332939036,515,128.75,224,10,a8f027864a74d62d,neg,train,Asia,Kazakhstan,74.70533012943328,43.785932683878315,0,30,grassland,grassland_savanna,temperate,N,temperate_other,S2A_MSIL2A_20180720T054641_R048_T43TDJ_20201011T174954,S2A_MSIL2A_20180918T054631_R048_T43TDJ_20201009T021720,2018-07-20T05:46:41.024000Z,2018-09-18T05:46:31.024000Z,2018-07-20,2018-09-18,0.17,-16,44,0.002826,0.007175,1.0,1.0,-0.013614321127533913,-0.018580906093120575,0.02666359208524227,-0.026859179139137268,-0.008297571912407875,0.006643862463533878,-0.10675239562988281,0.3791314959526062,1.0,0.009546396683673469,0.0005779655612244898,0.0,1,unburned_or_regrowth,-1,not_applicable,png,images/pre/a8f027864a74d62d.png,images/post/a8f027864a74d62d.png,images/dnbr/a8f027864a74d62d.png,geotiff/pre/a8f027864a74d62d.tif,geotiff/post/a8f027864a74d62d.tif,geotiff/dnbr/a8f027864a74d62d.tif
MCD64A1.A2018213.h28v09.061.2021360231600_r244_c2398,2018-08-10,2018,8,222,MCD64A1.A2018213.h28v09.061.2021360231600,110.01113941454875,-1.0187499999537846,20,5.0,224,10,b5e7996efdb60c2b,burn,train,Asia,Indonesia,110.01544929994368,-1.0229166666200784,1,30,grassland,grassland_savanna,tropical,S,tropical_dry,S2A_MSIL2A_20180716T024551_R132_T49MCU_20201011T161945,S2B_MSIL2A_20180820T024539_R132_T49MCU_20201011T043131,2018-07-16T02:45:51.024000Z,2018-08-20T02:45:39.024000Z,2018-07-16,2018-08-20,0.2,-25,10,7.189976,0.575854,0.9796715561224489,1.0,0.1780845671892166,0.03253397345542908,0.28547656536102295,0.006221219897270203,0.27305638790130615,0.6983562707901001,-0.5089933276176453,1.2351605892181396,0.9796715561224489,0.32435825892857145,0.24555564413265307,0.19503348214285715,2,low,0,low,png,images/pre/b5e7996efdb60c2b.png,images/post/b5e7996efdb60c2b.png,images/dnbr/b5e7996efdb60c2b.png,geotiff/pre/b5e7996efdb60c2b.tif,geotiff/post/b5e7996efdb60c2b.tif,geotiff/dnbr/b5e7996efdb60c2b.tif
MCD64A1.A2018213.h28v09.061.2021360231600_r244_c2398,2018-08-10,2018,8,222,MCD64A1.A2018213.h28v09.061.2021360231600,110.01113941454875,-1.0187499999537846,20,5.0,224,10,e2ec41187d340aa3,neg,train,Asia,Indonesia,109.95739058269389,-1.046453067954354,0,30,grassland,grassland_savanna,tropical,S,tropical_dry,S2A_MSIL2A_20180716T024551_R132_T49MCU_20201011T161945,S2B_MSIL2A_20180820T024539_R132_T49MCU_20201011T043131,2018-07-16T02:45:51.024000Z,2018-08-20T02:45:39.024000Z,2018-07-16,2018-08-20,0.2,-25,10,7.189976,0.575854,0.9394132653061225,1.0,-0.04093139246106148,-0.016368746757507324,0.0933707058429718,-0.03942480683326721,-0.0030210018157958984,0.008945047855377197,-0.9325366020202637,0.7501726150512695,0.9394132653061225,0.0036870216836734694,0.0023915816326530613,0.0015345982142857143,1,unburned_or_regrowth,-1,not_applicable,png,images/pre/e2ec41187d340aa3.png,images/post/e2ec41187d340aa3.png,images/dnbr/e2ec41187d340aa3.png,geotiff/pre/e2ec41187d340aa3.tif,geotiff/post/e2ec41187d340aa3.tif,geotiff/dnbr/e2ec41187d340aa3.tif
MCD64A1.A2018182.h22v04.061.2021359010507_r295_c331,2018-07-09,2018,7,190,MCD64A1.A2018182.h22v04.061.2021359010507,62.78450351488925,48.768749995599066,1521,380.25,224,10,21f2cb2bbb5670d2,burn,train,Asia,Kazakhstan,62.79365398223418,48.8770833289227,1,30,grassland,grassland_savanna,temperate,N,temperate_other,S2B_MSIL2A_20180616T065619_R063_T41UMQ_20201011T225429,S2B_MSIL2A_20180723T064619_R020_T41UMQ_20201011T191150,2018-06-16T06:56:19.024000Z,2018-07-23T06:46:19.024000Z,2018-06-16,2018-07-23,10.0,-23,14,0.44302,0.399152,1.0,1.0,0.26459941267967224,0.2533347010612488,0.1341826319694519,0.18710815906524658,0.3293285071849823,0.439242422580719,-0.0850381851196289,1.027275562286377,1.0,0.9037388392857143,0.4356265943877551,0.09946986607142858,2,low,0,low,png,images/pre/21f2cb2bbb5670d2.png,images/post/21f2cb2bbb5670d2.png,images/dnbr/21f2cb2bbb5670d2.png,geotiff/pre/21f2cb2bbb5670d2.tif,geotiff/post/21f2cb2bbb5670d2.tif,geotiff/dnbr/21f2cb2bbb5670d2.tif
MCD64A1.A2018182.h22v04.061.2021359010507_r295_c331,2018-07-09,2018,7,190,MCD64A1.A2018182.h22v04.061.2021359010507,62.78450351488925,48.768749995599066,1521,380.25,224,10,f538ef3ccde85671,neg,train,Asia,Kazakhstan,63.018252537798965,49.010326382309884,0,30,grassland,grassland_savanna,temperate,N,temperate_other,S2B_MSIL2A_20180616T065619_R063_T41UNQ_20201011T225419,S2B_MSIL2A_20180815T065729_R063_T41UNQ_20201011T021246,2018-06-16T06:56:19.024000Z,2018-08-15T06:57:29.024000Z,2018-06-16,2018-08-15,1.17,-23,37,0.359882,0.166001,1.0,1.0,0.005206067115068436,0.0019578076899051666,0.021400438621640205,-0.007483907043933868,0.015025492757558823,0.03510833904147148,-0.09020579606294632,0.21374376118183136,1.0,0.0015545280612244898,0.0,0.0,1,unburned_or_regrowth,-1,not_applicable,png,images/pre/f538ef3ccde85671.png,images/post/f538ef3ccde85671.png,images/dnbr/f538ef3ccde85671.png,geotiff/pre/f538ef3ccde85671.tif,geotiff/post/f538ef3ccde85671.tif,geotiff/dnbr/f538ef3ccde85671.tif
MCD64A1.A2018213.h22v05.061.2021360151357_r2372_c518,2018-08-26,2018,8,238,MCD64A1.A2018213.h22v05.061.2021360151357,48.73902818644403,30.11458333060201,6,1.5,224,10,ff0de9d7d5935acb,burn,train,Asia,Iran,48.741084225583364,30.1187499972683,1,90,herbaceous_wetland,wetland,subtropical,N,subtropical,S2B_MSIL2A_20180811T071609_R006_T39RTP_20201011T002258,S2B_MSIL2A_20180910T071609_R006_T39RTP_20201008T234507,2018-08-11T07:16:09.024000Z,2018-09-10T07:16:09.024000Z,2018-08-11,2018-09-10,0.0,-15,15,16.197737,5.360239,0.8442283163265306,0.9279336734693877,0.2580925524234772,0.2096526324748993,0.22812345623970032,0.13843032717704773,0.37485527992248535,0.6130450367927551,-0.22026783227920532,0.7308897972106934,0.7740752551020408,0.6310188137755102,0.29432397959183676,0.17125717474489796,2,low,0,low,png,images/pre/ff0de9d7d5935acb.png,images/post/ff0de9d7d5935acb.png,images/dnbr/ff0de9d7d5935acb.png,geotiff/pre/ff0de9d7d5935acb.tif,geotiff/post/ff0de9d7d5935acb.tif,geotiff/dnbr/ff0de9d7d5935acb.tif
MCD64A1.A2018213.h22v05.061.2021360151357_r2372_c518,2018-08-26,2018,8,238,MCD64A1.A2018213.h22v05.061.2021360151357,48.73902818644403,30.11458333060201,6,1.5,224,10,023860dcc2a9fdbe,neg,train,Asia,Iran,48.666544068473755,30.11476200974669,0,90,herbaceous_wetland,wetland,subtropical,N,subtropical,S2B_MSIL2A_20180811T071609_R006_T39RTP_20201011T002258,S2B_MSIL2A_20181003T072729_R049_T39RTP_20201009T074520,2018-08-11T07:16:09.024000Z,2018-10-03T07:27:29.024000Z,2018-08-11,2018-10-03,11.33,-15,38,16.197737,3.054395,1.0,1.0,-0.0012873528758063912,-0.0004661679267883301,0.01344788447022438,-0.011276811361312866,0.008959216065704823,0.01567758433520794,-0.07047736644744873,0.03969311714172363,1.0,0.0,0.0,0.0,1,unburned_or_regrowth,-1,not_applicable,png,images/pre/023860dcc2a9fdbe.png,images/post/023860dcc2a9fdbe.png,images/dnbr/023860dcc2a9fdbe.png,geotiff/pre/023860dcc2a9fdbe.tif,geotiff/post/023860dcc2a9fdbe.tif,geotiff/dnbr/023860dcc2a9fdbe.tif
MCD64A1.A2018182.h22v03.061.2021359005926_r2341_c129,2018-07-16,2018,7,197,MCD64A1.A2018182.h22v03.061.2021359005926,63.39035786407472,50.24374999546705,5555,1388.75,224,10,f79bb8e5711ff5c4,burn,train,Asia,Kazakhstan,63.24021680854429,50.135416662143406,1,30,grassland,grassland_savanna,temperate,N,temperate_other,S2A_MSIL2A_20180701T065621_R063_T41UNR_20201011T104026,S2B_MSIL2A_20180726T065619_R063_T41UNR_20201011T202059,2018-07-01T06:56:21.024000Z,2018-07-26T06:56:19.024000Z,2018-07-01,2018-07-26,0.03,-15,10,10.218872,0.308962,1.0,1.0,0.21433435380458832,0.20292215049266815,0.06619951874017715,0.17029708623886108,0.24644523859024048,0.3004744052886963,-0.11408618092536926,0.6736753582954407,1.0,0.9880819515306123,0.1682079081632653,0.0074338329081632655,2,low,0,low,png,images/pre/f79bb8e5711ff5c4.png,images/post/f79bb8e5711ff5c4.png,images/dnbr/f79bb8e5711ff5c4.png,geotiff/pre/f79bb8e5711ff5c4.tif,geotiff/post/f79bb8e5711ff5c4.tif,geotiff/dnbr/f79bb8e5711ff5c4.tif
MCD64A1.A2018182.h22v03.061.2021359005926_r2341_c129,2018-07-16,2018,7,197,MCD64A1.A2018182.h22v03.061.2021359005926,63.39035786407472,50.24374999546705,5555,1388.75,224,10,f85a1a82a348818b,neg,train,Asia,Kazakhstan,62.89285244517734,50.172171221305156,0,30,grassland,grassland_savanna,temperate,N,temperate_other,S2B_MSIL2A_20180613T064619_R020_T41UMR_20201027T000423,S2B_MSIL2A_20180723T064619_R020_T41UMR_20201011T191149,2018-06-13T06:46:19.024000Z,2018-07-23T06:46:19.024000Z,2018-06-13,2018-07-23,0.0,-33,7,0.48244,0.108393,0.9842952806122449,0.9977678571428571,0.005420539062470198,0.014854531735181808,0.04833931103348732,-0.0007998431101441383,0.025009285658597946,0.03432270139455795,-0.5374906659126282,0.3237854838371277,0.9840561224489796,0.006058673469387755,0.0004185267857142857,0.0,1,unburned_or_regrowth,-1,not_applicable,png,images/pre/f85a1a82a348818b.png,images/post/f85a1a82a348818b.png,images/dnbr/f85a1a82a348818b.png,geotiff/pre/f85a1a82a348818b.tif,geotiff/post/f85a1a82a348818b.tif,geotiff/dnbr/f85a1a82a348818b.tif
MCD64A1.A2018182.h22v04.061.2021359010507_r296_c332,2018-07-09,2018,7,190,MCD64A1.A2018182.h22v04.061.2021359010507,62.78561558725528,48.76458332893277,1579,394.75,224,10,c779b2b798bae514,burn,test,Asia,Kazakhstan,62.829741788474614,48.86041666225753,1,30,grassland,grassland_savanna,temperate,N,temperate_other,S2B_MSIL2A_20180616T065619_R063_T41UMQ_20201011T225429,S2B_MSIL2A_20180723T064619_R020_T41UMQ_20201011T191150,2018-06-16T06:56:19.024000Z,2018-07-23T06:46:19.024000Z,2018-06-16,2018-07-23,10.0,-23,14,0.44302,0.399152,1.0,1.0,0.26294437050819397,0.2573894262313843,0.1068824827671051,0.19736510515213013,0.32393014430999756,0.4051205515861511,-0.03975166380405426,0.8038809895515442,1.0,0.9376594387755102,0.44517299107142855,0.06273915816326531,2,low,0,low,png,images/pre/c779b2b798bae514.png,images/post/c779b2b798bae514.png,images/dnbr/c779b2b798bae514.png,geotiff/pre/c779b2b798bae514.tif,geotiff/post/c779b2b798bae514.tif,geotiff/dnbr/c779b2b798bae514.tif
MCD64A1.A2018182.h22v04.061.2021359010507_r296_c332,2018-07-09,2018,7,190,MCD64A1.A2018182.h22v04.061.2021359010507,62.78561558725528,48.76458332893277,1579,394.75,224,10,f9077f5fa55dcd50,neg,test,Asia,Kazakhstan,62.579871603088804,49.018679407719894,0,30,grassland,grassland_savanna,temperate,N,temperate_other,S2B_MSIL2A_20180616T065619_R063_T41UMQ_20201011T225429,S2A_MSIL2A_20180807T064621_R020_T41UMQ_20201010T221749,2018-06-16T06:56:19.024000Z,2018-08-07T06:46:21.024000Z,2018-06-16,2018-08-07,9.97,-23,29,0.44302,0.349454,1.0,1.0,-0.0378701351583004,-0.03843395411968231,0.027191495522856712,-0.055071890354156494,-0.01985977590084076,-0.0031691878102719784,-0.22815614938735962,0.16050560772418976,1.0,0.0003587372448979592,0.0,0.0,1,unburned_or_regrowth,-1,not_applicable,png,images/pre/f9077f5fa55dcd50.png,images/post/f9077f5fa55dcd50.png,images/dnbr/f9077f5fa55dcd50.png,geotiff/pre/f9077f5fa55dcd50.tif,geotiff/post/f9077f5fa55dcd50.tif,geotiff/dnbr/f9077f5fa55dcd50.tif
MCD64A1.A2018182.h22v03.061.2021359005926_r2376_c66,2018-07-14,2018,7,195,MCD64A1.A2018182.h22v03.061.2021359005926,62.78798818343446,50.097916662146766,388,97.0,224,10,d4a21cfcd2937a12,burn,train,Asia,Kazakhstan,62.82637211503162,50.04791666215124,1,30,grassland,grassland_savanna,temperate,N,temperate_other,S2A_MSIL2A_20180708T064631_R020_T41UMR_20201011T131722,S2B_MSIL2A_20180723T064619_R020_T41UMR_20201011T191149,2018-07-08T06:46:31.024000Z,2018-07-23T06:46:19.024000Z,2018-07-08,2018-07-23,0.2,-6,9,25.372529,0.108393,1.0,1.0,0.21036353707313538,0.1833564043045044,0.11483202874660492,0.15285123884677887,0.23343290388584137,0.34530574083328247,-0.017407406121492386,0.9444855451583862,1.0,0.9299465880102041,0.1824577487244898,0.04683514030612245,2,low,0,low,png,images/pre/d4a21cfcd2937a12.png,images/post/d4a21cfcd2937a12.png,images/dnbr/d4a21cfcd2937a12.png,geotiff/pre/d4a21cfcd2937a12.tif,geotiff/post/d4a21cfcd2937a12.tif,geotiff/dnbr/d4a21cfcd2937a12.tif
MCD64A1.A2018182.h22v03.061.2021359005926_r2376_c66,2018-07-14,2018,7,195,MCD64A1.A2018182.h22v03.061.2021359005926,62.78798818343446,50.097916662146766,388,97.0,224,10,cec2cb3d1b68f864,neg,train,Asia,Kazakhstan,62.92731132652936,50.11907072971043,0,30,grassland,grassland_savanna,temperate,N,temperate_other,S2B_MSIL2A_20180613T064619_R020_T41UMR_20201027T000423,S2B_MSIL2A_20180723T064619_R020_T41UMR_20201011T191149,2018-06-13T06:46:19.024000Z,2018-07-23T06:46:19.024000Z,2018-06-13,2018-07-23,0.0,-31,9,0.48244,0.108393,1.0,1.0,0.03298121690750122,0.03208237141370773,0.01426765602082014,0.02434244006872177,0.040251486003398895,0.04906296730041504,-0.12385402619838715,0.15078207850456238,1.0,0.00235172193877551,0.0,0.0,1,unburned_or_regrowth,-1,not_applicable,png,images/pre/cec2cb3d1b68f864.png,images/post/cec2cb3d1b68f864.png,images/dnbr/cec2cb3d1b68f864.png,geotiff/pre/cec2cb3d1b68f864.tif,geotiff/post/cec2cb3d1b68f864.tif,geotiff/dnbr/cec2cb3d1b68f864.tif
MCD64A1.A2018182.h22v04.061.2021359010507_r167_c6,2018-07-16,2018,7,197,MCD64A1.A2018182.h22v04.061.2021359010507,61.38456293975995,49.30208332888466,45,11.25,224,10,2122d10e513a340f,burn,train,Asia,Kazakhstan,61.38336337558788,49.30624999555096,1,30,grassland,grassland_savanna,temperate,N,temperate_other,S2B_MSIL2A_20180616T065619_R063_T41ULQ_20201011T225420,S2B_MSIL2A_20180726T065619_R063_T41ULQ_20201011T202103,2018-06-16T06:56:19.024000Z,2018-07-26T06:56:19.024000Z,2018-06-16,2018-07-26,0.0,-30,10,0.416755,0.78135,1.0,1.0,0.22324077785015106,0.17841002345085144,0.16444352269172668,0.14657405018806458,0.2167796641588211,0.3815581202507019,-0.21414364874362946,1.1275575160980225,1.0,0.9440768494897959,0.14421237244897958,0.08884725765306123,2,low,0,low,png,images/pre/2122d10e513a340f.png,images/post/2122d10e513a340f.png,images/dnbr/2122d10e513a340f.png,geotiff/pre/2122d10e513a340f.tif,geotiff/post/2122d10e513a340f.tif,geotiff/dnbr/2122d10e513a340f.tif
MCD64A1.A2018182.h22v04.061.2021359010507_r167_c6,2018-07-16,2018,7,197,MCD64A1.A2018182.h22v04.061.2021359010507,61.38456293975995,49.30208332888466,45,11.25,224,10,e91251315bb5f0da,neg,train,Asia,Kazakhstan,61.504854287212446,49.29407196527194,0,30,grassland,grassland_savanna,temperate,N,temperate_other,S2B_MSIL2A_20180616T065619_R063_T41ULQ_20201011T225420,S2B_MSIL2A_20180726T065619_R063_T41ULQ_20201011T202103,2018-06-16T06:56:19.024000Z,2018-07-26T06:56:19.024000Z,2018-06-16,2018-07-26,0.0,-30,10,0.416755,0.78135,1.0,1.0,0.01734050177037716,0.016486600041389465,0.021815331652760506,0.008002618327736855,0.023546693846583366,0.029767204076051712,-0.030123688280582428,0.3954938054084778,1.0,0.008191167091836735,0.001953125,0.0,1,unburned_or_regrowth,-1,not_applicable,png,images/pre/e91251315bb5f0da.png,images/post/e91251315bb5f0da.png,images/dnbr/e91251315bb5f0da.png,geotiff/pre/e91251315bb5f0da.tif,geotiff/post/e91251315bb5f0da.tif,geotiff/dnbr/e91251315bb5f0da.tif
MCD64A1.A2018182.h22v03.061.2021359005926_r2331_c116,2018-07-11,2018,7,192,MCD64A1.A2018182.h22v03.061.2021359005926,63.36106589371986,50.28541666212998,5522,1380.5,224,10,76ba7ce1f70401cf,burn,train,Asia,Kazakhstan,63.274331100528144,50.29374999546257,1,30,grassland,grassland_savanna,temperate,N,temperate_other,S2B_MSIL2A_20180613T064619_R020_T41UNR_20201027T000429,S2B_MSIL2A_20180726T065619_R063_T41UNR_20201011T202059,2018-06-13T06:46:19.024000Z,2018-07-26T06:56:19.024000Z,2018-06-13,2018-07-26,10.0,-28,15,8.916148,0.308962,0.9500159438775511,1.0,0.2846295237541199,0.2559751868247986,0.11621864885091782,0.2140192836523056,0.3225904107093811,0.41011786460876465,0.017520129680633545,1.0715097188949585,0.9500159438775511,0.9418447066326531,0.4133450255102041,0.07766661352040816,3,moderate,1,moderate,png,images/pre/76ba7ce1f70401cf.png,images/post/76ba7ce1f70401cf.png,images/dnbr/76ba7ce1f70401cf.png,geotiff/pre/76ba7ce1f70401cf.tif,geotiff/post/76ba7ce1f70401cf.tif,geotiff/dnbr/76ba7ce1f70401cf.tif
MCD64A1.A2018182.h22v03.061.2021359005926_r2331_c116,2018-07-11,2018,7,192,MCD64A1.A2018182.h22v03.061.2021359005926,63.36106589371986,50.28541666212998,5522,1380.5,224,10,925f8b154adea79b,neg,train,Asia,Kazakhstan,63.703155031957124,49.97035794782916,0,30,grassland,grassland_savanna,temperate,N,temperate_other,S2B_MSIL2A_20180613T064619_R020_T41UNR_20201027T000429,S2A_MSIL2A_20180817T064621_R020_T41UNR_20201011T025309,2018-06-13T06:46:19.024000Z,2018-08-17T06:46:21.024000Z,2018-06-13,2018-08-17,0.03,-28,37,8.916148,0.238496,0.9994021045918368,0.9995615433673469,0.0410747230052948,0.04072072356939316,0.034926895052194595,0.029065193608403206,0.05398886650800705,0.07162008434534073,-0.44939959049224854,0.310396283864975,0.9992426658163265,0.028160873724489797,0.0002192283163265306,0.0,1,unburned_or_regrowth,-1,not_applicable,png,images/pre/925f8b154adea79b.png,images/post/925f8b154adea79b.png,images/dnbr/925f8b154adea79b.png,geotiff/pre/925f8b154adea79b.tif,geotiff/post/925f8b154adea79b.tif,geotiff/dnbr/925f8b154adea79b.tif
MCD64A1.A2018213.h21v05.061.2021360133955_r141_c1441,2018-08-16,2018,8,228,MCD64A1.A2018213.h21v05.061.2021360133955,46.602903863419215,39.410416663103334,111,27.75,224,10,3969f9325396e946,burn,train,Asia,Azerbaijan,46.613335670332,39.39374999643817,1,30,grassland,grassland_savanna,temperate,N,temperate_other,S2A_MSIL2A_20180802T073611_R092_T38SPJ_20201020T023012,S2B_MSIL2A_20180827T073719_R092_T38SPJ_20201027T051618,2018-08-02T07:36:11.024000Z,2018-08-27T07:37:19.024000Z,2018-08-02,2018-08-27,1.13,-14,11,2.451473,0.018537,1.0,1.0,0.15621814131736755,0.12085236608982086,0.12165545672178268,0.051319021731615067,0.23716384172439575,0.34514209628105164,-0.02797655761241913,0.5951811671257019,1.0,0.5368502869897959,0.1993781887755102,0.02138472576530612,2,low,0,low,png,images/pre/3969f9325396e946.png,images/post/3969f9325396e946.png,images/dnbr/3969f9325396e946.png,geotiff/pre/3969f9325396e946.tif,geotiff/post/3969f9325396e946.tif,geotiff/dnbr/3969f9325396e946.tif
MCD64A1.A2018213.h21v05.061.2021360133955_r141_c1441,2018-08-16,2018,8,228,MCD64A1.A2018213.h21v05.061.2021360133955,46.602903863419215,39.410416663103334,111,27.75,224,10,3a3921e38fd372ae,neg,train,Asia,Azerbaijan,46.724129330298766,39.36196413160887,0,30,grassland,grassland_savanna,temperate,N,temperate_other,S2A_MSIL2A_20180703T073611_R092_T38SPJ_20201011T112431,S2B_MSIL2A_20180827T073719_R092_T38SPJ_20201027T051618,2018-07-03T07:36:11.024000Z,2018-08-27T07:37:19.024000Z,2018-07-03,2018-08-27,1.13,-44,11,0.038918,0.018537,1.0,1.0,0.026727739721536636,0.023936858400702477,0.022387670353055,0.013898354023694992,0.03409437835216522,0.04584592580795288,-0.043321169912815094,0.18107998371124268,1.0,0.018395248724489797,0.0,0.0,1,unburned_or_regrowth,-1,not_applicable,png,images/pre/3a3921e38fd372ae.png,images/post/3a3921e38fd372ae.png,images/dnbr/3a3921e38fd372ae.png,geotiff/pre/3a3921e38fd372ae.tif,geotiff/post/3a3921e38fd372ae.tif,geotiff/dnbr/3a3921e38fd372ae.tif
MCD64A1.A2018213.h27v08.061.2021360213940_r1791_c2056,2018-08-21,2018,8,233,MCD64A1.A2018213.h27v08.061.2021360213940,98.66533665233823,2.535416666394773,11,2.75,224,10,81d936de81b4f639,burn,val,Asia,Indonesia,98.66533665233823,2.535416666394773,1,30,grassland,grassland_savanna,tropical,N,tropical_dry,S2B_MSIL2A_20180726T033529_R061_T47NMC_20201011T201854,S2A_MSIL2A_20180830T033531_R061_T47NMC_20201103T135431,2018-07-26T03:35:29.024000Z,2018-08-30T03:35:31.025000Z,2018-07-26,2018-08-30,0.03,-26,9,12.87669,46.20194,0.9779575892857143,1.0,0.4029189944267273,0.47209101915359497,0.27108657360076904,0.14817091822624207,0.6282698512077332,0.7149596214294434,-0.7341436147689819,0.9260849952697754,0.9779575892857143,0.7956991390306123,0.6399872448979592,0.5252311862244898,3,moderate,1,moderate,png,images/pre/81d936de81b4f639.png,images/post/81d936de81b4f639.png,images/dnbr/81d936de81b4f639.png,geotiff/pre/81d936de81b4f639.tif,geotiff/post/81d936de81b4f639.tif,geotiff/dnbr/81d936de81b4f639.tif
MCD64A1.A2018213.h27v08.061.2021360213940_r1791_c2056,2018-08-21,2018,8,233,MCD64A1.A2018213.h27v08.061.2021360213940,98.66533665233823,2.535416666394773,11,2.75,224,10,f8ae6b4e50caff4f,neg,val,Asia,Indonesia,98.63617356829134,2.4653872681537274,0,30,grassland,grassland_savanna,tropical,N,tropical_dry,S2B_MSIL2A_20180726T033529_R061_T47NMC_20201011T201854,S2A_MSIL2A_20180919T033531_R061_T47NMC_20201009T023914,2018-07-26T03:35:29.024000Z,2018-09-19T03:35:31.024000Z,2018-07-26,2018-09-19,0.03,-26,29,12.87669,16.751072,0.9561144770408163,1.0,-0.0621405728161335,-0.03716740012168884,0.08960409462451935,-0.07139655947685242,-0.016966402530670166,0.0012399149127304554,-0.6380578875541687,0.17347632348537445,0.9561144770408163,0.0013153698979591836,0.0,0.0,1,unburned_or_regrowth,-1,not_applicable,png,images/pre/f8ae6b4e50caff4f.png,images/post/f8ae6b4e50caff4f.png,images/dnbr/f8ae6b4e50caff4f.png,geotiff/pre/f8ae6b4e50caff4f.tif,geotiff/post/f8ae6b4e50caff4f.tif,geotiff/dnbr/f8ae6b4e50caff4f.tif
MCD64A1.A2018213.h31v09.061.2021361025535_r1925_c2006,2018-08-12,2018,8,224,MCD64A1.A2018213.h31v09.061.2021361025535,139.72802929265902,-8.022916665993556,11,2.75,224,10,6cca363f3221c465,burn,train,Asia,Indonesia,139.7294619004154,-8.027083332659851,1,10,tree_cover,forest,tropical,S,tropical_moist,S2A_MSIL2A_20180730T010731_R045_T54MUS_20201011T213437,S2A_MSIL2A_20180819T010731_R045_T54MUS_20201011T034832,2018-07-30T01:07:31.024000Z,2018-08-19T01:07:31.024000Z,2018-07-30,2018-08-19,0.0,-13,7,1.498857,23.465457,1.0,0.9377790178571429,0.19206704199314117,0.17442475259304047,0.1554335206747055,0.04872803017497063,0.32001838088035583,0.4232962429523468,-0.22889354825019836,0.6048192977905273,0.9377790178571429,0.5788823341836735,0.3047472895408163,0.07077088647959184,2,low,0,low,png,images/pre/6cca363f3221c465.png,images/post/6cca363f3221c465.png,images/dnbr/6cca363f3221c465.png,geotiff/pre/6cca363f3221c465.tif,geotiff/post/6cca363f3221c465.tif,geotiff/dnbr/6cca363f3221c465.tif
MCD64A1.A2018213.h31v09.061.2021361025535_r1925_c2006,2018-08-12,2018,8,224,MCD64A1.A2018213.h31v09.061.2021361025535,139.72802929265902,-8.022916665993556,11,2.75,224,10,665c9010e62bdb96,neg,train,Asia,Indonesia,139.75086191898237,-7.929718961978443,0,10,tree_cover,forest,tropical,S,tropical_moist,S2A_MSIL2A_20180730T010731_R045_T54MUS_20201011T213437,S2A_MSIL2A_20180918T010721_R045_T54MUS_20201009T021536,2018-07-30T01:07:31.024000Z,2018-09-18T01:07:21.024000Z,2018-07-30,2018-09-18,0.17,-13,37,1.498857,10.173818,1.0,0.9999202806122449,0.03368793800473213,0.03462161123752594,0.032001569867134094,0.013702094554901123,0.05420724302530289,0.07115261256694794,-0.10439473390579224,0.3334506154060364,0.9999202806122449,0.015505420918367346,0.00029894770408163266,0.0,1,unburned_or_regrowth,-1,not_applicable,png,images/pre/665c9010e62bdb96.png,images/post/665c9010e62bdb96.png,images/dnbr/665c9010e62bdb96.png,geotiff/pre/665c9010e62bdb96.tif,geotiff/post/665c9010e62bdb96.tif,geotiff/dnbr/665c9010e62bdb96.tif
MCD64A1.A2018213.h21v04.061.2021360132818_r334_c1427,2018-08-09,2018,8,221,MCD64A1.A2018213.h21v04.061.2021360132818,54.36522034816567,48.60624999561361,10,2.5,224,10,76370aa009be69fa,burn,test,Asia,Kazakhstan,54.35625158525505,48.59791666228102,1,30,grassland,grassland_savanna,temperate,N,temperate_other,S2B_MSIL2A_20180801T071729_R006_T39UYP_20201010T194757,S2B_MSIL2A_20180824T072609_R049_T40UCU_20201011T062805,2018-08-01T07:17:29.024000Z,2018-08-24T07:26:09.024000Z,2018-08-01,2018-08-24,8.67,-8,15,0.104134,0.018768,1.0,1.0,0.20042112469673157,0.18743571639060974,0.05613766610622406,0.16557341814041138,0.22190755605697632,0.28237253427505493,-0.03157046437263489,0.4473193883895874,1.0,0.9887994260204082,0.12228954081632654,3.985969387755102e-05,2,low,0,low,png,images/pre/76370aa009be69fa.png,images/post/76370aa009be69fa.png,images/dnbr/76370aa009be69fa.png,geotiff/pre/76370aa009be69fa.tif,geotiff/post/76370aa009be69fa.tif,geotiff/dnbr/76370aa009be69fa.tif
MCD64A1.A2018213.h21v04.061.2021360132818_r334_c1427,2018-08-09,2018,8,221,MCD64A1.A2018213.h21v04.061.2021360132818,54.36522034816567,48.60624999561361,10,2.5,224,10,db20a6d1824eb4ad,neg,test,Asia,Kazakhstan,54.283723767064025,48.61200466910123,0,30,grassland,grassland_savanna,temperate,N,temperate_other,S2B_MSIL2A_20180801T071729_R006_T39UYP_20201010T194757,S2B_MSIL2A_20180821T071609_R006_T39UYP_20201011T050314,2018-08-01T07:17:29.024000Z,2018-08-21T07:16:09.024000Z,2018-08-01,2018-08-21,1.33,-8,12,0.104134,0.053905,1.0,1.0,0.030558209866285324,0.030152149498462677,0.006548252422362566,0.026180680841207504,0.03448064625263214,0.0391254797577858,-0.02266174554824829,0.06450193375349045,1.0,0.0,0.0,0.0,1,unburned_or_regrowth,-1,not_applicable,png,images/pre/db20a6d1824eb4ad.png,images/post/db20a6d1824eb4ad.png,images/dnbr/db20a6d1824eb4ad.png,geotiff/pre/db20a6d1824eb4ad.tif,geotiff/post/db20a6d1824eb4ad.tif,geotiff/dnbr/db20a6d1824eb4ad.tif
MCD64A1.A2018182.h23v04.061.2021359024817_r1555_c785,2018-07-03,2018,7,184,MCD64A1.A2018182.h23v04.061.2021359024817,73.46477980925533,43.518749996068955,1818,454.5,224,10,796a9f791c1bcc78,burn,val,Asia,Kazakhstan,73.45059603283796,43.53541666273413,1,30,grassland,grassland_savanna,temperate,N,temperate_other,S2B_MSIL2A_20180618T055639_R091_T43TCJ_20201011T233925,S2B_MSIL2A_20180708T055639_R091_T43TCJ_20201011T132813,2018-06-18T05:56:39.024000Z,2018-07-08T05:56:39.024000Z,2018-06-18,2018-07-08,0.0,-15,5,3.906898,0.005717,1.0,1.0,0.1660011261701584,0.15516407787799835,0.0888151079416275,0.10872942954301834,0.21126052737236023,0.2917216420173645,-0.02569439262151718,0.4983076751232147,1.0,0.7865114795918368,0.12990274234693877,0.002311862244897959,2,low,0,low,png,images/pre/796a9f791c1bcc78.png,images/post/796a9f791c1bcc78.png,images/dnbr/796a9f791c1bcc78.png,geotiff/pre/796a9f791c1bcc78.tif,geotiff/post/796a9f791c1bcc78.tif,geotiff/dnbr/796a9f791c1bcc78.tif
MCD64A1.A2018182.h23v04.061.2021359024817_r1555_c785,2018-07-03,2018,7,184,MCD64A1.A2018182.h23v04.061.2021359024817,73.46477980925533,43.518749996068955,1818,454.5,224,10,53a020a2a2bda6bf,neg,val,Asia,Kazakhstan,73.21316986828424,43.32519826604604,0,30,grassland,grassland_savanna,temperate,N,temperate_other,S2B_MSIL2A_20180601T060629_R134_T43TCJ_20201026T112841,S2B_MSIL2A_20180721T060629_R134_T43TCJ_20201011T182534,2018-06-01T06:06:29.024000Z,2018-07-21T06:06:29.024000Z,2018-06-01,2018-07-21,0.0,-32,18,0.080107,0.002745,1.0,1.0,0.018534233793616295,0.016260266304016113,0.030903305858373642,-0.0012592151761054993,0.03385204076766968,0.05367157608270645,-0.0968073159456253,0.2239389568567276,1.0,0.01988998724489796,0.0,0.0,1,unburned_or_regrowth,-1,not_applicable,png,images/pre/53a020a2a2bda6bf.png,images/post/53a020a2a2bda6bf.png,images/dnbr/53a020a2a2bda6bf.png,geotiff/pre/53a020a2a2bda6bf.tif,geotiff/post/53a020a2a2bda6bf.tif,geotiff/dnbr/53a020a2a2bda6bf.tif
MCD64A1.A2018213.h22v04.061.2021360151011_r293_c372,2018-08-11,2018,8,223,MCD64A1.A2018213.h22v04.061.2021360151011,63.054160373774764,48.77708332893165,751,187.75,224,10,992da4ef34ea70d2,burn,train,Asia,Kazakhstan,63.00929677314664,48.73124999560242,1,30,grassland,grassland_savanna,temperate,N,temperate_other,S2B_MSIL2A_20180723T064619_R020_T41UMQ_20201011T191150,S2A_MSIL2A_20180817T064621_R020_T41UNQ_20201011T025312,2018-07-23T06:46:19.024000Z,2018-08-17T06:46:21.024000Z,2018-07-23,2018-08-17,0.03,-19,6,0.399152,0.44399,1.0,0.8125,0.163875013589859,0.17447338998317719,0.08344376087188721,0.11286158859729767,0.21775101125240326,0.25730976462364197,-0.03758180886507034,0.5630163550376892,0.8125,0.6341278698979592,0.060267857142857144,0.0006975446428571429,2,low,0,low,png,images/pre/992da4ef34ea70d2.png,images/post/992da4ef34ea70d2.png,images/dnbr/992da4ef34ea70d2.png,geotiff/pre/992da4ef34ea70d2.tif,geotiff/post/992da4ef34ea70d2.tif,geotiff/dnbr/992da4ef34ea70d2.tif
MCD64A1.A2018213.h22v04.061.2021360151011_r293_c372,2018-08-11,2018,8,223,MCD64A1.A2018213.h22v04.061.2021360151011,63.054160373774764,48.77708332893165,751,187.75,224,10,34ad262875dc92fe,neg,train,Asia,Kazakhstan,62.95723019255606,48.992654430219346,0,30,grassland,grassland_savanna,temperate,N,temperate_other,S2B_MSIL2A_20180723T064619_R020_T41UMQ_20201011T191150,S2A_MSIL2A_20180817T064621_R020_T41UMQ_20201011T025309,2018-07-23T06:46:19.024000Z,2018-08-17T06:46:21.024000Z,2018-07-23,2018-08-17,0.03,-19,6,0.399152,0.469805,1.0,1.0,0.011590681970119476,0.010184578597545624,0.017054202035069466,-0.0007025804370641708,0.023501217365264893,0.03462207317352295,-0.05722358077764511,0.08337822556495667,1.0,0.0,0.0,0.0,1,unburned_or_regrowth,-1,not_applicable,png,images/pre/34ad262875dc92fe.png,images/post/34ad262875dc92fe.png,images/dnbr/34ad262875dc92fe.png,geotiff/pre/34ad262875dc92fe.tif,geotiff/post/34ad262875dc92fe.tif,geotiff/dnbr/34ad262875dc92fe.tif
MCD64A1.A2018213.h23v04.061.2021360165206_r1506_c887,2018-08-30,2018,8,242,MCD64A1.A2018213.h23v04.061.2021360165206,74.30275853097365,43.72291666271735,98,24.5,224,10,8a583a1552a97f12,burn,train,Asia,Kazakhstan,74.32462890932835,43.73124999604994,1,30,grassland,grassland_savanna,temperate,N,temperate_other,S2B_MSIL2A_20180817T055629_R091_T43TDJ_20201011T030708,S2B_MSIL2A_20180906T055629_R091_T43TDJ_20201011T092258,2018-08-17T05:56:29.024000Z,2018-09-06T05:56:29.024000Z,2018-08-17,2018-09-06,0.0,-13,7,0.008072,0.007561,1.0,1.0,0.26472631096839905,0.26632440090179443,0.10981876403093338,0.18620045483112335,0.3447674810886383,0.4105728268623352,-0.017357155680656433,0.646947979927063,1.0,0.9243463010204082,0.4868662308673469,0.05131935586734694,2,low,0,low,png,images/pre/8a583a1552a97f12.png,images/post/8a583a1552a97f12.png,images/dnbr/8a583a1552a97f12.png,geotiff/pre/8a583a1552a97f12.tif,geotiff/post/8a583a1552a97f12.tif,geotiff/dnbr/8a583a1552a97f12.tif
MCD64A1.A2018213.h23v04.061.2021360165206_r1506_c887,2018-08-30,2018,8,242,MCD64A1.A2018213.h23v04.061.2021360165206,74.30275853097365,43.72291666271735,98,24.5,224,10,eb0cfc87b3ba11aa,neg,train,Asia,Kazakhstan,74.32086503981286,43.63398352760919,0,30,grassland,grassland_savanna,temperate,N,temperate_other,S2B_MSIL2A_20180817T055629_R091_T43TDJ_20201011T030708,S2B_MSIL2A_20180906T055629_R091_T43TDJ_20201011T092258,2018-08-17T05:56:29.024000Z,2018-09-06T05:56:29.024000Z,2018-08-17,2018-09-06,0.0,-13,7,0.008072,0.007561,1.0,0.9991230867346939,-0.006910815369337797,-0.011137105524539948,0.019092656672000885,-0.01674967259168625,-0.004082400351762772,0.02046174183487892,-0.08999447524547577,0.21996232867240906,0.9991230867346939,0.0013552295918367347,0.0,0.0,1,unburned_or_regrowth,-1,not_applicable,png,images/pre/eb0cfc87b3ba11aa.png,images/post/eb0cfc87b3ba11aa.png,images/dnbr/eb0cfc87b3ba11aa.png,geotiff/pre/eb0cfc87b3ba11aa.tif,geotiff/post/eb0cfc87b3ba11aa.tif,geotiff/dnbr/eb0cfc87b3ba11aa.tif
MCD64A1.A2018182.h21v03.061.2021358231416_r2284_c1884,2018-07-28,2018,7,209,MCD64A1.A2018182.h21v03.061.2021358231416,59.48492401855726,50.48124999544579,1955,488.75,224,10,b5db8669559a4032,burn,train,Asia,Kazakhstan,59.24690189153126,50.4062499954525,1,30,grassland,grassland_savanna,temperate,N,temperate_other,S2B_MSIL2A_20180719T070619_R106_T40UFA_20201011T173930,S2B_MSIL2A_20180808T070619_R106_T40UFA_20201010T225923,2018-07-19T07:06:19.024000Z,2018-08-08T07:06:19.024000Z,2018-07-19,2018-08-08,0.0,-9,11,0.003825,5.401544,1.0,1.0,0.2643856704235077,0.2532326579093933,0.21508698165416718,0.047236256301403046,0.383249968290329,0.5238184332847595,-0.016378670930862427,1.108968734741211,1.0,0.6957509566326531,0.4709622130102041,0.16782924107142858,2,low,0,low,png,images/pre/b5db8669559a4032.png,images/post/b5db8669559a4032.png,images/dnbr/b5db8669559a4032.png,geotiff/pre/b5db8669559a4032.tif,geotiff/post/b5db8669559a4032.tif,geotiff/dnbr/b5db8669559a4032.tif
MCD64A1.A2018182.h21v03.061.2021358231416_r2284_c1884,2018-07-28,2018,7,209,MCD64A1.A2018182.h21v03.061.2021358231416,59.48492401855726,50.48124999544579,1955,488.75,224,10,1c7fafb021c41f7b,neg,train,Asia,Kazakhstan,58.99702562545675,50.4089707794087,0,30,grassland,grassland_savanna,temperate,N,temperate_other,S2B_MSIL2A_20180719T070619_R106_T40UFA_20201011T173930,S2A_MSIL2A_20180902T070621_R106_T40UFA_20201011T073007,2018-07-19T07:06:19.024000Z,2018-09-02T07:06:21.024000Z,2018-07-19,2018-09-02,0.03,-9,36,0.003825,4.209754,1.0,1.0,0.020936092361807823,0.022486502304673195,0.03424278646707535,-0.0037336815148591995,0.04618581384420395,0.06282065808773041,-0.19811058044433594,0.24466882646083832,1.0,0.006596779336734694,0.0,0.0,1,unburned_or_regrowth,-1,not_applicable,png,images/pre/1c7fafb021c41f7b.png,images/post/1c7fafb021c41f7b.png,images/dnbr/1c7fafb021c41f7b.png,geotiff/pre/1c7fafb021c41f7b.tif,geotiff/post/1c7fafb021c41f7b.tif,geotiff/dnbr/1c7fafb021c41f7b.tif
MCD64A1.A2018213.h21v04.061.2021360132818_r103_c2337,2018-08-10,2018,8,222,MCD64A1.A2018213.h21v04.061.2021360132818,61.27591195780205,49.56874999552746,566,141.5,224,10,e4562da119ed6127,burn,train,Asia,Kazakhstan,61.32611968116427,49.572916662193755,1,30,grassland,grassland_savanna,temperate,N,temperate_other,S2B_MSIL2A_20180726T065619_R063_T41ULR_20201011T202104,S2B_MSIL2A_20180815T065729_R063_T41ULQ_20201011T021251,2018-07-26T06:56:19.024000Z,2018-08-15T06:57:29.024000Z,2018-07-26,2018-08-15,1.17,-15,5,0.379024,6.486292,1.0,0.8341438137755102,0.15331286191940308,0.1767336130142212,0.0991925299167633,0.10060562193393707,0.2078360915184021,0.23926059901714325,-0.565525233745575,0.7509571313858032,0.8341438137755102,0.6266741071428571,0.047751913265306124,0.005002391581632653,2,low,0,low,png,images/pre/e4562da119ed6127.png,images/post/e4562da119ed6127.png,images/dnbr/e4562da119ed6127.png,geotiff/pre/e4562da119ed6127.tif,geotiff/post/e4562da119ed6127.tif,geotiff/dnbr/e4562da119ed6127.tif
MCD64A1.A2018213.h21v04.061.2021360132818_r103_c2337,2018-08-10,2018,8,222,MCD64A1.A2018213.h21v04.061.2021360132818,61.27591195780205,49.56874999552746,566,141.5,224,10,51a7b78ccde190ea,neg,train,Asia,Kazakhstan,61.353433443444345,49.45050002568837,0,30,grassland,grassland_savanna,temperate,N,temperate_other,S2B_MSIL2A_20180726T065619_R063_T41ULQ_20201011T202103,S2B_MSIL2A_20180914T065619_R063_T41ULQ_20201009T011452,2018-07-26T06:56:19.024000Z,2018-09-14T06:56:19.024000Z,2018-07-26,2018-09-14,0.0,-15,35,0.78135,0.805658,0.9993622448979592,0.9998405612244898,0.020696774125099182,0.016392894089221954,0.026579756289720535,0.009367775171995163,0.02421499416232109,0.040948010981082916,-0.1116814985871315,0.38155442476272583,0.9992028061224489,0.01793686224489796,0.001753826530612245,0.0,1,unburned_or_regrowth,-1,not_applicable,png,images/pre/51a7b78ccde190ea.png,images/post/51a7b78ccde190ea.png,images/dnbr/51a7b78ccde190ea.png,geotiff/pre/51a7b78ccde190ea.tif,geotiff/post/51a7b78ccde190ea.tif,geotiff/dnbr/51a7b78ccde190ea.tif
MCD64A1.A2018213.h29v08.061.2021361002042_r1755_c496,2018-08-17,2018,8,229,MCD64A1.A2018213.h29v08.061.2021361002042,112.19195555187503,2.6854166663813475,41,10.25,224,10,35287e82b3d2ddb4,burn,train,Asia,Malaysia,112.19157317045931,2.681249999715053,1,10,tree_cover,forest,tropical,N,tropical_moist,S2B_MSIL2A_20180810T024539_R132_T49NFC_20201010T235215,S2B_MSIL2A_20180830T024539_R132_T49NFC_20201103T153144,2018-08-10T02:45:39.024000Z,2018-08-30T02:45:39.024000Z,2018-08-10,2018-08-30,0.0,-7,13,12.586062,19.004242,1.0,1.0,0.557344913482666,0.7437133193016052,0.38344985246658325,0.10084349662065506,0.8935654163360596,0.9531095027923584,-0.0391467809677124,1.0635106563568115,1.0,0.7511957908163265,0.6545360331632653,0.6240433673469388,4,high,2,high,png,images/pre/35287e82b3d2ddb4.png,images/post/35287e82b3d2ddb4.png,images/dnbr/35287e82b3d2ddb4.png,geotiff/pre/35287e82b3d2ddb4.tif,geotiff/post/35287e82b3d2ddb4.tif,geotiff/dnbr/35287e82b3d2ddb4.tif
MCD64A1.A2018213.h29v08.061.2021361002042_r1755_c496,2018-08-17,2018,8,229,MCD64A1.A2018213.h29v08.061.2021361002042,112.19195555187503,2.6854166663813475,41,10.25,224,10,ede3091e3d87426f,neg,train,Asia,Malaysia,112.12147285542028,2.6834825986073,0,10,tree_cover,forest,tropical,N,tropical_moist,S2B_MSIL2A_20180810T024539_R132_T49NFC_20201010T235215,S2B_MSIL2A_20180830T024539_R132_T49NFC_20201103T153144,2018-08-10T02:45:39.024000Z,2018-08-30T02:45:39.024000Z,2018-08-10,2018-08-30,0.0,-7,13,12.586062,19.004242,0.9999202806122449,0.9998405612244898,0.00265036360360682,0.0021524578332901,0.022974476218223572,-0.009517408907413483,0.013788528740406036,0.0263106357306242,-0.19417542219161987,0.24750085175037384,0.9998405612244898,0.004623724489795918,0.0,0.0,1,unburned_or_regrowth,-1,not_applicable,png,images/pre/ede3091e3d87426f.png,images/post/ede3091e3d87426f.png,images/dnbr/ede3091e3d87426f.png,geotiff/pre/ede3091e3d87426f.tif,geotiff/post/ede3091e3d87426f.tif,geotiff/dnbr/ede3091e3d87426f.tif
MCD64A1.A2018213.h21v03.061.2021360132204_r2263_c941,2018-08-05,2018,8,217,MCD64A1.A2018213.h21v03.061.2021360132204,53.409141580626674,50.56874999543796,257,64.25,224,10,1c233a4c4e77ae0d,burn,val,Asia,Kazakhstan,53.35481915266017,50.57291666210425,1,30,grassland,grassland_savanna,temperate,N,temperate_other,S2B_MSIL2A_20180728T073609_R092_T39UXS_20201011T210642,S2A_MSIL2A_20180822T073611_R092_T39UXS_20201011T051650,2018-07-28T07:36:09.024000Z,2018-08-22T07:36:11.024000Z,2018-07-28,2018-08-22,0.03,-8,17,5.354891,0.007226,0.9897161989795918,1.0,0.26076769828796387,0.25818100571632385,0.10480803996324539,0.1981036514043808,0.3120846748352051,0.36672911047935486,-0.0035759955644607544,0.984539270401001,0.9897161989795918,0.9383171237244898,0.437320631377551,0.04029815051020408,2,low,0,low,png,images/pre/1c233a4c4e77ae0d.png,images/post/1c233a4c4e77ae0d.png,images/dnbr/1c233a4c4e77ae0d.png,geotiff/pre/1c233a4c4e77ae0d.tif,geotiff/post/1c233a4c4e77ae0d.tif,geotiff/dnbr/1c233a4c4e77ae0d.tif
MCD64A1.A2018213.h21v03.061.2021360132204_r2263_c941,2018-08-05,2018,8,217,MCD64A1.A2018213.h21v03.061.2021360132204,53.409141580626674,50.56874999543796,257,64.25,224,10,87bebe251b53c296,neg,val,Asia,Kazakhstan,53.41960641872524,50.499662845708734,0,30,grassland,grassland_savanna,temperate,N,temperate_other,S2B_MSIL2A_20180625T072619_R049_T39UXS_20201012T022117,S2A_MSIL2A_20180822T073611_R092_T39UXS_20201011T051650,2018-06-25T07:26:19.024000Z,2018-08-22T07:36:11.024000Z,2018-06-25,2018-08-22,9.87,-41,17,0.014516,0.007226,1.0,1.0,0.033796440809965134,0.03067324310541153,0.028220802545547485,0.015943866223096848,0.04643673449754715,0.0654107928276062,-0.08010952174663544,0.2432425618171692,1.0,0.02734375,0.0,0.0,1,unburned_or_regrowth,-1,not_applicable,png,images/pre/87bebe251b53c296.png,images/post/87bebe251b53c296.png,images/dnbr/87bebe251b53c296.png,geotiff/pre/87bebe251b53c296.tif,geotiff/post/87bebe251b53c296.tif,geotiff/dnbr/87bebe251b53c296.tif
MCD64A1.A2018182.h22v03.061.2021359005926_r2336_c126,2018-07-11,2018,7,192,MCD64A1.A2018182.h22v03.061.2021359005926,63.39852752781917,50.264583328798516,6213,1553.25,224,10,b6d56ad2c76862e5,burn,test,Asia,Kazakhstan,63.362666432962826,50.22291666213558,1,30,grassland,grassland_savanna,temperate,N,temperate_other,S2B_MSIL2A_20180613T064619_R020_T41UNR_20201027T000429,S2B_MSIL2A_20180726T065619_R063_T41UNR_20201011T202059,2018-06-13T06:46:19.024000Z,2018-07-26T06:56:19.024000Z,2018-06-13,2018-07-26,10.0,-28,15,8.916148,0.308962,0.9999601403061225,1.0,0.23187868297100067,0.2222394049167633,0.05943819135427475,0.1975381076335907,0.25162965059280396,0.28813737630844116,0.054397791624069214,0.8925016522407532,0.9999601403061225,0.9989437181122449,0.15563217474489796,0.013432716836734694,2,low,0,low,png,images/pre/b6d56ad2c76862e5.png,images/post/b6d56ad2c76862e5.png,images/dnbr/b6d56ad2c76862e5.png,geotiff/pre/b6d56ad2c76862e5.tif,geotiff/post/b6d56ad2c76862e5.tif,geotiff/dnbr/b6d56ad2c76862e5.tif
MCD64A1.A2018182.h22v03.061.2021359005926_r2336_c126,2018-07-11,2018,7,192,MCD64A1.A2018182.h22v03.061.2021359005926,63.39852752781917,50.264583328798516,6213,1553.25,224,10,4aadd5d4d1edf185,neg,test,Asia,Kazakhstan,62.615597996653406,50.48064787956034,0,30,grassland,grassland_savanna,temperate,N,temperate_other,S2B_MSIL2A_20180613T064619_R020_T41UMR_20201027T000423,S2B_MSIL2A_20180723T064619_R020_T41UMR_20201011T191149,2018-06-13T06:46:19.024000Z,2018-07-23T06:46:19.024000Z,2018-06-13,2018-07-23,0.0,-28,12,0.48244,0.108393,0.9948182397959183,1.0,0.04074804484844208,0.04058828577399254,0.041547298431396484,0.02989262528717518,0.05263841152191162,0.06568384170532227,-0.5901811122894287,0.5589637756347656,0.9948182397959183,0.015664859693877552,0.0027901785714285715,0.0015345982142857143,1,unburned_or_regrowth,-1,not_applicable,png,images/pre/4aadd5d4d1edf185.png,images/post/4aadd5d4d1edf185.png,images/dnbr/4aadd5d4d1edf185.png,geotiff/pre/4aadd5d4d1edf185.tif,geotiff/post/4aadd5d4d1edf185.tif,geotiff/dnbr/4aadd5d4d1edf185.tif
MCD64A1.A2018213.h22v05.061.2021360151357_r2129_c51,2018-08-18,2018,8,230,MCD64A1.A2018213.h22v05.061.2021360151357,46.978400641055245,31.12708333051139,30,7.5,224,10,0503d18aa298a3d8,burn,train,Asia,Iraq,46.98533162784235,31.131249997177683,1,90,herbaceous_wetland,wetland,subtropical,N,subtropical,S2B_MSIL2A_20180804T072609_R049_T38RPV_20201010T210721,S2B_MSIL2A_20180824T072609_R049_T38RPV_20201011T062751,2018-08-04T07:26:09.024000Z,2018-08-24T07:26:09.024000Z,2018-08-04,2018-08-24,0.0,-14,6,1.107978,1.730236,0.9999202806122449,0.9992825255102041,0.15498754382133484,0.11633593589067459,0.16054277122020721,0.06323293596506119,0.1805964559316635,0.41949793696403503,-0.2595834732055664,0.7766488194465637,0.9992825255102041,0.576171875,0.12063536352040816,0.09703842474489796,2,low,0,low,png,images/pre/0503d18aa298a3d8.png,images/post/0503d18aa298a3d8.png,images/dnbr/0503d18aa298a3d8.png,geotiff/pre/0503d18aa298a3d8.tif,geotiff/post/0503d18aa298a3d8.tif,geotiff/dnbr/0503d18aa298a3d8.tif
MCD64A1.A2018213.h22v05.061.2021360151357_r2129_c51,2018-08-18,2018,8,230,MCD64A1.A2018213.h22v05.061.2021360151357,46.978400641055245,31.12708333051139,30,7.5,224,10,c0117e668a0c9de4,neg,train,Asia,Iraq,46.966654105847084,31.21423531696512,0,90,herbaceous_wetland,wetland,subtropical,N,subtropical,S2B_MSIL2A_20180804T072609_R049_T38RPV_20201010T210721,S2B_MSIL2A_20180824T072609_R049_T38RPV_20201011T062751,2018-08-04T07:26:09.024000Z,2018-08-24T07:26:09.024000Z,2018-08-04,2018-08-24,0.0,-14,6,1.107978,1.730236,1.0,1.0,-0.019818710163235664,-0.01973726972937584,0.004295435268431902,-0.022480657324194908,-0.017075935378670692,-0.014617737382650375,-0.04830233007669449,0.005915649235248566,1.0,0.0,0.0,0.0,1,unburned_or_regrowth,-1,not_applicable,png,images/pre/c0117e668a0c9de4.png,images/post/c0117e668a0c9de4.png,images/dnbr/c0117e668a0c9de4.png,geotiff/pre/c0117e668a0c9de4.tif,geotiff/post/c0117e668a0c9de4.tif,geotiff/dnbr/c0117e668a0c9de4.tif
MCD64A1.A2018213.h21v03.061.2021360132204_r2269_c1502,2018-08-26,2018,8,238,MCD64A1.A2018213.h21v03.061.2021360132204,57.05909304974534,50.543749995440194,26,6.5,224,10,87bcaa87a328f9cc,burn,test,Asia,Kazakhstan,57.0525364173926,50.543749995440194,1,30,grassland,grassland_savanna,temperate,N,temperate_other,S2A_MSIL2A_20180727T071621_R006_T40UDA_20201011T203203,S2B_MSIL2A_20180831T071609_R006_T40UDA_20201103T192409,2018-07-27T07:16:21.024000Z,2018-08-31T07:16:09.024000Z,2018-07-27,2018-08-31,0.2,-30,5,0.014871,0.009346,0.9241071428571429,0.9241071428571429,0.27921852469444275,0.2722276449203491,0.18300622701644897,0.09576311707496643,0.41808709502220154,0.5186632871627808,-0.06480488181114197,0.9115992784500122,0.9241071428571429,0.6871213329081632,0.46542171556122447,0.1927216198979592,3,moderate,1,moderate,png,images/pre/87bcaa87a328f9cc.png,images/post/87bcaa87a328f9cc.png,images/dnbr/87bcaa87a328f9cc.png,geotiff/pre/87bcaa87a328f9cc.tif,geotiff/post/87bcaa87a328f9cc.tif,geotiff/dnbr/87bcaa87a328f9cc.tif
MCD64A1.A2018213.h21v03.061.2021360132204_r2269_c1502,2018-08-26,2018,8,238,MCD64A1.A2018213.h21v03.061.2021360132204,57.05909304974534,50.543749995440194,26,6.5,224,10,72e1579c03af3517,neg,test,Asia,Kazakhstan,57.12729510911606,50.50177574231014,0,30,grassland,grassland_savanna,temperate,N,temperate_other,S2B_MSIL2A_20180719T070619_R106_T40UDB_20201011T173918,S2B_MSIL2A_20180831T071609_R006_T40UDA_20201103T192409,2018-07-19T07:06:19.024000Z,2018-08-31T07:16:09.024000Z,2018-07-19,2018-08-31,9.83,-38,5,0.01115,0.009346,0.8258928571428571,0.8258928571428571,0.03244304284453392,0.027922891080379486,0.03059769794344902,0.014805328100919724,0.044079165905714035,0.06537328660488129,-0.25307580828666687,0.3027516305446625,0.8258928571428571,0.026068239795918366,0.0001992984693877551,0.0,1,unburned_or_regrowth,-1,not_applicable,png,images/pre/72e1579c03af3517.png,images/post/72e1579c03af3517.png,images/dnbr/72e1579c03af3517.png,geotiff/pre/72e1579c03af3517.tif,geotiff/post/72e1579c03af3517.tif,geotiff/dnbr/72e1579c03af3517.tif
MCD64A1.A2018213.h22v04.061.2021360151011_r553_c2032,2018-08-06,2018,8,218,MCD64A1.A2018213.h22v04.061.2021360151011,72.00897388119589,47.693749995695285,583,145.75,224,10,0bb159246ed02652,burn,train,Asia,Kazakhstan,72.04136480871205,47.73958332902451,1,30,grassland,grassland_savanna,temperate,N,temperate_other,S2A_MSIL2A_20180709T061631_R034_T42UYU_20201011T134002,S2B_MSIL2A_20180813T061629_R034_T42UYU_20201011T011721,2018-07-09T06:16:31.024000Z,2018-08-13T06:16:29.024000Z,2018-07-09,2018-08-13,0.03,-28,7,0.01149,0.002591,1.0,1.0,0.2208821177482605,0.2043055295944214,0.14850711822509766,0.11281339079141617,0.3038131594657898,0.3970967233181,-0.12316414713859558,0.9550025463104248,1.0,0.778679049744898,0.33101482780612246,0.0696548150510204,2,low,0,low,png,images/pre/0bb159246ed02652.png,images/post/0bb159246ed02652.png,images/dnbr/0bb159246ed02652.png,geotiff/pre/0bb159246ed02652.tif,geotiff/post/0bb159246ed02652.tif,geotiff/dnbr/0bb159246ed02652.tif
MCD64A1.A2018213.h22v04.061.2021360151011_r553_c2032,2018-08-06,2018,8,218,MCD64A1.A2018213.h22v04.061.2021360151011,72.00897388119589,47.693749995695285,583,145.75,224,10,57328bb041c268fa,neg,train,Asia,Kazakhstan,72.01201665711474,47.812424998838125,0,30,grassland,grassland_savanna,temperate,N,temperate_other,S2A_MSIL2A_20180709T061631_R034_T42UYU_20201011T134002,S2B_MSIL2A_20180813T061629_R034_T42UYU_20201011T011721,2018-07-09T06:16:31.024000Z,2018-08-13T06:16:29.024000Z,2018-07-09,2018-08-13,0.03,-28,7,0.01149,0.002591,1.0,1.0,0.01716078631579876,0.014606554061174393,0.030842330306768417,0.00033904146403074265,0.0303509421646595,0.04879884421825409,-0.3160403370857239,0.33059173822402954,1.0,0.018793845663265307,9.964923469387755e-05,0.0,1,unburned_or_regrowth,-1,not_applicable,png,images/pre/57328bb041c268fa.png,images/post/57328bb041c268fa.png,images/dnbr/57328bb041c268fa.png,geotiff/pre/57328bb041c268fa.tif,geotiff/post/57328bb041c268fa.tif,geotiff/dnbr/57328bb041c268fa.tif
MCD64A1.A2018182.h22v05.061.2021359010755_r2157_c77,2018-07-29,2018,7,210,MCD64A1.A2018182.h22v05.061.2021359010755,47.047201443265706,31.010416663855164,27,6.75,224,10,f68421d10f921f0a,burn,train,Asia,Iraq,47.05131552580383,31.01874999718775,1,90,herbaceous_wetland,wetland,subtropical,N,subtropical,S2B_MSIL2A_20180705T072729_R049_T38RPV_20201011T122048,S2B_MSIL2A_20180804T072609_R049_T38RPV_20201010T210721,2018-07-05T07:27:29.024000Z,2018-08-04T07:26:09.024000Z,2018-07-05,2018-08-04,1.33,-24,6,1.572417,1.107978,1.0,1.0,0.26171308755874634,0.16037489473819733,0.26914188265800476,0.0019093900918960571,0.5600147247314453,0.6145049333572388,-0.16783921420574188,0.7249160408973694,1.0,0.5376873405612245,0.45790816326530615,0.38099888392857145,2,low,0,low,png,images/pre/f68421d10f921f0a.png,images/post/f68421d10f921f0a.png,images/dnbr/f68421d10f921f0a.png,geotiff/pre/f68421d10f921f0a.tif,geotiff/post/f68421d10f921f0a.tif,geotiff/dnbr/f68421d10f921f0a.tif
MCD64A1.A2018182.h22v05.061.2021359010755_r2157_c77,2018-07-29,2018,7,210,MCD64A1.A2018182.h22v05.061.2021359010755,47.047201443265706,31.010416663855164,27,6.75,224,10,ee851c33cabaa7ce,neg,train,Asia,Iraq,47.10458099371256,30.932671459881927,0,90,herbaceous_wetland,wetland,subtropical,N,subtropical,S2B_MSIL2A_20180615T072619_R049_T38RPV_20201027T015802,S2B_MSIL2A_20180804T072609_R049_T38RPV_20201010T210721,2018-06-15T07:26:19.024000Z,2018-08-04T07:26:09.024000Z,2018-06-15,2018-08-04,0.17,-44,6,0.987916,1.107978,1.0,1.0,-0.038633882999420166,-0.03353477641940117,0.0544503852725029,-0.06863898038864136,-0.004905747249722481,0.01908615417778492,-0.3610871732234955,0.3012903332710266,1.0,0.0071548150510204085,0.00013950892857142856,0.0,1,unburned_or_regrowth,-1,not_applicable,png,images/pre/ee851c33cabaa7ce.png,images/post/ee851c33cabaa7ce.png,images/dnbr/ee851c33cabaa7ce.png,geotiff/pre/ee851c33cabaa7ce.tif,geotiff/post/ee851c33cabaa7ce.tif,geotiff/dnbr/ee851c33cabaa7ce.tif
MCD64A1.A2018182.h28v08.061.2021359085909_r1962_c373,2018-07-29,2018,7,210,MCD64A1.A2018182.h28v08.061.2021359085909,101.60767190487357,1.8229166664585434,3,0.75,224,10,50a2c679512b8c27,burn,train,Asia,Indonesia,101.60790734488735,1.8270833331248368,1,30,grassland,grassland_savanna,tropical,N,tropical_dry,S2B_MSIL2A_20180713T032539_R018_T47NQC_20201011T152251,S2A_MSIL2A_20180817T032541_R018_T47NQC_20201011T025041,2018-07-13T03:25:39.024000Z,2018-08-17T03:25:41.024000Z,2018-07-13,2018-08-17,0.03,-16,19,29.633727,36.265454,0.8110650510204082,1.0,0.17731165885925293,0.005189746618270874,0.2984393835067749,-0.05551275610923767,0.5068538784980774,0.5887194275856018,-0.6954110264778137,0.7222872376441956,0.8110650510204082,0.36818399234693877,0.3269889987244898,0.268734056122449,2,low,0,low,png,images/pre/50a2c679512b8c27.png,images/post/50a2c679512b8c27.png,images/dnbr/50a2c679512b8c27.png,geotiff/pre/50a2c679512b8c27.tif,geotiff/post/50a2c679512b8c27.tif,geotiff/dnbr/50a2c679512b8c27.tif
MCD64A1.A2018182.h28v08.061.2021359085909_r1962_c373,2018-07-29,2018,7,210,MCD64A1.A2018182.h28v08.061.2021359085909,101.60767190487357,1.8229166664585434,3,0.75,224,10,21add78e1f54f60c,neg,train,Asia,Indonesia,101.52519394535092,1.7686049454879604,0,30,grassland,grassland_savanna,tropical,N,tropical_dry,S2A_MSIL2A_20180628T032541_R018_T47NQC_20201012T031651,S2A_MSIL2A_20180817T032541_R018_T47NQC_20201011T025041,2018-06-28T03:25:41.024000Z,2018-08-17T03:25:41.024000Z,2018-06-28,2018-08-17,0.0,-31,19,15.896377,36.265454,0.8399234693877551,1.0,-0.03348903730511665,0.0030747652053833008,0.11607198417186737,-0.031167149543762207,0.020651519298553467,0.04248959943652153,-0.764555811882019,0.2074042558670044,0.8399234693877551,0.014130261479591837,0.0,0.0,1,unburned_or_regrowth,-1,not_applicable,png,images/pre/21add78e1f54f60c.png,images/post/21add78e1f54f60c.png,images/dnbr/21add78e1f54f60c.png,geotiff/pre/21add78e1f54f60c.tif,geotiff/post/21add78e1f54f60c.tif,geotiff/dnbr/21add78e1f54f60c.tif
MCD64A1.A2018213.h22v04.061.2021360151011_r12_c404,2018-08-09,2018,8,221,MCD64A1.A2018213.h22v04.061.2021360151011,64.78084337579185,49.94791666216019,231,57.75,224,10,dbe42d201e329ad5,burn,train,Asia,Kazakhstan,64.79466387025894,49.943749995493896,1,30,grassland,grassland_savanna,temperate,N,temperate_other,S2A_MSIL2A_20180718T064631_R020_T41UPR_20201011T170644,S2A_MSIL2A_20180817T064621_R020_T41UPR_20201011T025308,2018-07-18T06:46:31.024000Z,2018-08-17T06:46:21.024000Z,2018-07-18,2018-08-17,0.17,-22,8,2.838681,0.08331,1.0,1.0,0.4224022328853607,0.31334149837493896,0.3294999301433563,0.1865919679403305,0.5793514251708984,1.0220633745193481,-0.18988975882530212,1.2747536897659302,1.0,0.880500637755102,0.5821906887755102,0.33238998724489793,3,moderate,1,moderate,png,images/pre/dbe42d201e329ad5.png,images/post/dbe42d201e329ad5.png,images/dnbr/dbe42d201e329ad5.png,geotiff/pre/dbe42d201e329ad5.tif,geotiff/post/dbe42d201e329ad5.tif,geotiff/dnbr/dbe42d201e329ad5.tif
MCD64A1.A2018213.h22v04.061.2021360151011_r12_c404,2018-08-09,2018,8,221,MCD64A1.A2018213.h22v04.061.2021360151011,64.78084337579185,49.94791666216019,231,57.75,224,10,d2c015e4646ecbb8,neg,train,Asia,Kazakhstan,64.8959065995504,50.0024231017763,0,30,grassland,grassland_savanna,temperate,N,temperate_other,S2A_MSIL2A_20180708T064631_R020_T41UPR_20201011T131724,S2A_MSIL2A_20180817T064621_R020_T41UPR_20201011T025308,2018-07-08T06:46:31.024000Z,2018-08-17T06:46:21.024000Z,2018-07-08,2018-08-17,0.17,-32,8,0.273842,0.08331,1.0,1.0,0.016863426193594933,0.016450751572847366,0.02899865433573723,0.0028727762401103973,0.031380463391542435,0.04303678125143051,-0.3110054135322571,0.6787192225456238,1.0,0.0052614795918367345,0.0013153698979591836,0.00033880739795918367,1,unburned_or_regrowth,-1,not_applicable,png,images/pre/d2c015e4646ecbb8.png,images/post/d2c015e4646ecbb8.png,images/dnbr/d2c015e4646ecbb8.png,geotiff/pre/d2c015e4646ecbb8.tif,geotiff/post/d2c015e4646ecbb8.tif,geotiff/dnbr/d2c015e4646ecbb8.tif
MCD64A1.A2018213.h29v09.061.2021361003830_r257_c33,2018-08-25,2018,8,237,MCD64A1.A2018213.h29v09.061.2021361003830,110.15889694038894,-1.0729166666156031,3,0.75,224,10,5d127dac256b3789,burn,val,Asia,Indonesia,110.15889694038894,-1.0729166666156031,1,30,grassland,grassland_savanna,tropical,S,tropical_dry,S2A_MSIL2A_20180815T024551_R132_T49MCU_20201011T015551,S2A_MSIL2A_20180904T024541_R132_T49MDU_20201011T082012,2018-08-15T02:45:51.024000Z,2018-09-04T02:45:41.024000Z,2018-08-15,2018-09-04,0.17,-10,10,0.697002,12.96304,1.0,0.8986766581632653,0.17810769379138947,0.0379510223865509,0.2382010817527771,0.01965947449207306,0.31455111503601074,0.5840595364570618,-0.2207840234041214,0.9872260689735413,0.8986766581632653,0.3303970025510204,0.25587930484693877,0.14253826530612246,2,low,0,low,png,images/pre/5d127dac256b3789.png,images/post/5d127dac256b3789.png,images/dnbr/5d127dac256b3789.png,geotiff/pre/5d127dac256b3789.tif,geotiff/post/5d127dac256b3789.tif,geotiff/dnbr/5d127dac256b3789.tif
MCD64A1.A2018213.h29v09.061.2021361003830_r257_c33,2018-08-25,2018,8,237,MCD64A1.A2018213.h29v09.061.2021361003830,110.15889694038894,-1.0729166666156031,3,0.75,224,10,98852228db50fdef,neg,val,Asia,Indonesia,110.1983642273037,-0.9973886015006239,0,30,grassland,grassland_savanna,tropical,S,tropical_dry,S2A_MSIL2A_20180815T024551_R132_T49MDU_20201011T015553,S2A_MSIL2A_20181004T024541_R132_T49MDU_20201009T075316,2018-08-15T02:45:51.024000Z,2018-10-04T02:45:41.024000Z,2018-08-15,2018-10-04,0.17,-10,40,20.037846,10.724543,1.0,0.9999402104591837,-0.03964227810502052,-0.01260298490524292,0.09015113860368729,-0.08062850683927536,0.016982614994049072,0.03652069345116615,-0.5052887797355652,0.5254305601119995,0.9999402104591837,0.015963807397959183,0.002232142857142857,0.0002192283163265306,1,unburned_or_regrowth,-1,not_applicable,png,images/pre/98852228db50fdef.png,images/post/98852228db50fdef.png,images/dnbr/98852228db50fdef.png,geotiff/pre/98852228db50fdef.tif,geotiff/post/98852228db50fdef.tif,geotiff/dnbr/98852228db50fdef.tif
MCD64A1.A2018182.h28v08.061.2021359085909_r2066_c2184,2018-07-27,2018,7,208,MCD64A1.A2018182.h28v08.061.2021359085909,109.1341780315127,1.3895833331639948,5,1.25,224,10,ea1fc3f19d648474,burn,train,Asia,Indonesia,109.13815368627468,1.3854166664977008,1,30,grassland,grassland_savanna,tropical,N,tropical_dry,S2A_MSIL2A_20180719T025551_R032_T49NBB_20201011T172518,S2B_MSIL2A_20180813T025539_R032_T49NBB_20201011T011517,2018-07-19T02:55:51.024000Z,2018-08-13T02:55:39.024000Z,2018-07-19,2018-08-13,0.2,-8,17,27.659765,3.801255,1.0,0.9426419005102041,0.3036295175552368,0.14691708981990814,0.3049295246601105,0.03466174006462097,0.6222148537635803,0.726862370967865,-0.5589649081230164,0.9940565824508667,0.9426419005102041,0.5085299744897959,0.4243064413265306,0.3711535395408163,3,moderate,1,moderate,png,images/pre/ea1fc3f19d648474.png,images/post/ea1fc3f19d648474.png,images/dnbr/ea1fc3f19d648474.png,geotiff/pre/ea1fc3f19d648474.tif,geotiff/post/ea1fc3f19d648474.tif,geotiff/dnbr/ea1fc3f19d648474.tif
MCD64A1.A2018182.h28v08.061.2021359085909_r2066_c2184,2018-07-27,2018,7,208,MCD64A1.A2018182.h28v08.061.2021359085909,109.1341780315127,1.3895833331639948,5,1.25,224,10,75ea051b65e2e58a,neg,train,Asia,Indonesia,109.16216000728124,1.3401995371131468,0,30,grassland,grassland_savanna,tropical,N,tropical_dry,S2B_MSIL2A_20180614T025539_R032_T49NBB_20201027T005500,S2A_MSIL2A_20180818T025541_R032_T49NBB_20201011T032112,2018-06-14T02:55:39.024000Z,2018-08-18T02:55:41.024000Z,2018-06-14,2018-08-18,0.03,-43,22,7.742801,0.546213,0.9045360331632653,1.0,-0.04087817668914795,-0.02386242151260376,0.09333433955907822,-0.050939396023750305,-0.0037568211555480957,0.027175039052963257,-0.7612958550453186,0.45300787687301636,0.9045360331632653,0.02090640943877551,0.0016143176020408164,3.985969387755102e-05,1,unburned_or_regrowth,-1,not_applicable,png,images/pre/75ea051b65e2e58a.png,images/post/75ea051b65e2e58a.png,images/dnbr/75ea051b65e2e58a.png,geotiff/pre/75ea051b65e2e58a.tif,geotiff/post/75ea051b65e2e58a.tif,geotiff/dnbr/75ea051b65e2e58a.tif
MCD64A1.A2018213.h23v04.061.2021360165206_r290_c1206,2018-08-18,2018,8,230,MCD64A1.A2018213.h23v04.061.2021360165206,83.52290756722856,48.78958332893053,261,65.25,224,10,92f52338b1ec7995,burn,train,Asia,Kazakhstan,83.53311126154162,48.77291666226536,1,30,grassland,grassland_savanna,temperate,N,temperate_other,S2A_MSIL2A_20180803T052651_R105_T44UPV_20201010T203208,S2B_MSIL2A_20180828T052639_R105_T44UPV_20201027T060015,2018-08-03T05:26:51.024000Z,2018-08-28T05:26:39.024000Z,2018-08-03,2018-08-28,0.2,-15,10,3.552019,4.224638,0.9998405612244898,1.0,0.3988877832889557,0.3598506450653076,0.1456916779279709,0.2958794832229614,0.46550077199935913,0.6070123910903931,0.030258022248744965,1.1659493446350098,0.9998405612244898,0.9985451211734694,0.8602120535714286,0.29384566326530615,3,moderate,1,moderate,png,images/pre/92f52338b1ec7995.png,images/post/92f52338b1ec7995.png,images/dnbr/92f52338b1ec7995.png,geotiff/pre/92f52338b1ec7995.tif,geotiff/post/92f52338b1ec7995.tif,geotiff/dnbr/92f52338b1ec7995.tif
MCD64A1.A2018213.h23v04.061.2021360165206_r290_c1206,2018-08-18,2018,8,230,MCD64A1.A2018213.h23v04.061.2021360165206,83.52290756722856,48.78958332893053,261,65.25,224,10,847211719a8651c8,neg,train,Asia,Kazakhstan,83.39198136741793,48.85009768561825,0,30,grassland,grassland_savanna,temperate,N,temperate_other,S2B_MSIL2A_20180709T052649_R105_T44UPV_20201011T135107,S2B_MSIL2A_20180927T052639_R105_T44UPV_20201009T053329,2018-07-09T05:26:49.024000Z,2018-09-27T05:26:39.024000Z,2018-07-09,2018-09-27,0.17,-40,40,0.002561,0.054778,1.0,1.0,0.01378630381077528,0.01008395105600357,0.04111616685986519,-0.003505915403366089,0.02436259388923645,0.04119431972503662,-0.7677518129348755,1.2058658599853516,1.0,0.02010921556122449,0.003128985969387755,0.0008370535714285714,1,unburned_or_regrowth,-1,not_applicable,png,images/pre/847211719a8651c8.png,images/post/847211719a8651c8.png,images/dnbr/847211719a8651c8.png,geotiff/pre/847211719a8651c8.tif,geotiff/post/847211719a8651c8.tif,geotiff/dnbr/847211719a8651c8.tif
MCD64A1.A2018213.h22v03.061.2021360150322_r2078_c1457,2018-08-01,2018,8,213,MCD64A1.A2018213.h22v03.061.2021360150322,73.75167339656451,51.3395833287023,4,1.0,224,10,f64f2c068300d0f2,burn,val,Asia,Kazakhstan,73.75170783251829,51.34374999536859,1,30,grassland,grassland_savanna,temperate,N,temperate_other,S2A_MSIL2A_20180709T061631_R034_T43UDS_20201011T133955,S2A_MSIL2A_20180818T061631_R034_T43UDS_20201011T032318,2018-07-09T06:16:31.024000Z,2018-08-18T06:16:31.024000Z,2018-07-09,2018-08-18,0.0,-23,17,0.004738,0.43192,1.0,1.0,0.2593251168727875,0.2568555474281311,0.06378811597824097,0.22191675007343292,0.29312750697135925,0.3346157670021057,-0.07728338241577148,0.5588695406913757,1.0,0.9845942283163265,0.39865672831632654,0.008510044642857142,2,low,0,low,png,images/pre/f64f2c068300d0f2.png,images/post/f64f2c068300d0f2.png,images/dnbr/f64f2c068300d0f2.png,geotiff/pre/f64f2c068300d0f2.tif,geotiff/post/f64f2c068300d0f2.tif,geotiff/dnbr/f64f2c068300d0f2.tif
MCD64A1.A2018213.h22v03.061.2021360150322_r2078_c1457,2018-08-01,2018,8,213,MCD64A1.A2018213.h22v03.061.2021360150322,73.75167339656451,51.3395833287023,4,1.0,224,10,f9eef29e6fc55b21,neg,val,Asia,Kazakhstan,73.67306753884456,51.352290542455485,0,30,grassland,grassland_savanna,temperate,N,temperate_other,S2A_MSIL2A_20180709T061631_R034_T43UDS_20201011T133955,S2A_MSIL2A_20180914T060631_R134_T43UDS_20201009T010212,2018-07-09T06:16:31.024000Z,2018-09-14T06:06:31.024000Z,2018-07-09,2018-09-14,10.0,-23,44,0.004738,0.05498,1.0,1.0,-0.02838166058063507,-0.029287585988640785,0.033199504017829895,-0.04845346882939339,-0.008487273007631302,0.010978816077113152,-0.1861361414194107,0.2643239200115204,1.0,0.0021324936224489796,0.0,0.0,1,unburned_or_regrowth,-1,not_applicable,png,images/pre/f9eef29e6fc55b21.png,images/post/f9eef29e6fc55b21.png,images/dnbr/f9eef29e6fc55b21.png,geotiff/pre/f9eef29e6fc55b21.tif,geotiff/post/f9eef29e6fc55b21.tif,geotiff/dnbr/f9eef29e6fc55b21.tif
MCD64A1.A2018182.h20v05.061.2021358215042_r457_c360,2018-07-15,2018,7,196,MCD64A1.A2018182.h20v05.061.2021358215042,27.321499105021694,38.093749996554514,13,3.25,224,10,6926b07ff50d2bed,burn,train,Asia,Turkey,27.312467519489775,38.09791666322081,1,10,tree_cover,forest,temperate,N,temperate_forest,S2A_MSIL2A_20180707T085601_R007_T35SNC_20201011T125618,S2B_MSIL2A_20180722T085559_R007_T35SNC_20201011T185039,2018-07-07T08:56:01.024000Z,2018-07-22T08:55:59.024000Z,2018-07-07,2018-07-22,0.03,-8,7,0.686537,0.757156,1.0,1.0,0.18352137506008148,0.03728480637073517,0.2758174538612366,0.02068004012107849,0.2460426390171051,0.6924558877944946,-0.0693693608045578,1.0795027017593384,1.0,0.28475765306122447,0.24459901147959184,0.20115194515306123,2,low,0,low,png,images/pre/6926b07ff50d2bed.png,images/post/6926b07ff50d2bed.png,images/dnbr/6926b07ff50d2bed.png,geotiff/pre/6926b07ff50d2bed.tif,geotiff/post/6926b07ff50d2bed.tif,geotiff/dnbr/6926b07ff50d2bed.tif
MCD64A1.A2018182.h20v05.061.2021358215042_r457_c360,2018-07-15,2018,7,196,MCD64A1.A2018182.h20v05.061.2021358215042,27.321499105021694,38.093749996554514,13,3.25,224,10,486fe2732d9f291e,neg,train,Asia,Turkey,27.323214340963162,38.04104122218634,0,10,tree_cover,forest,temperate,N,temperate_forest,S2A_MSIL2A_20180707T085601_R007_T35SNC_20201011T125618,S2A_MSIL2A_20180816T085551_R007_T35SNC_20201011T022715,2018-07-07T08:56:01.024000Z,2018-08-16T08:55:51.024000Z,2018-07-07,2018-08-16,0.17,-8,32,0.686537,0.636733,1.0,1.0,-0.004025638103485107,-0.0023187249898910522,0.0215544942766428,-0.015196392312645912,0.00929000973701477,0.01923726499080658,-0.13093352317810059,0.1935253143310547,1.0,0.0012157206632653062,0.0,0.0,1,unburned_or_regrowth,-1,not_applicable,png,images/pre/486fe2732d9f291e.png,images/post/486fe2732d9f291e.png,images/dnbr/486fe2732d9f291e.png,geotiff/pre/486fe2732d9f291e.tif,geotiff/post/486fe2732d9f291e.tif,geotiff/dnbr/486fe2732d9f291e.tif
MCD64A1.A2018182.h22v03.061.2021359005926_r2333_c119,2018-07-11,2018,7,192,MCD64A1.A2018182.h22v03.061.2021359005926,63.369533641491216,50.277083328797396,5905,1476.25,224,10,4eed9ffd8734f2dc,burn,val,Asia,Kazakhstan,63.270507161743524,50.227083328801875,1,30,grassland,grassland_savanna,temperate,N,temperate_other,S2B_MSIL2A_20180613T064619_R020_T41UNR_20201027T000429,S2B_MSIL2A_20180726T065619_R063_T41UNR_20201011T202059,2018-06-13T06:46:19.024000Z,2018-07-26T06:56:19.024000Z,2018-06-13,2018-07-26,10.0,-28,15,8.916148,0.308962,0.9249840561224489,1.0,0.26171666383743286,0.23844927549362183,0.10140325874090195,0.2041701227426529,0.29557886719703674,0.38701415061950684,-0.298281729221344,0.9557461738586426,0.9249840561224489,0.9047751913265306,0.30831473214285715,0.05606265943877551,2,low,0,low,png,images/pre/4eed9ffd8734f2dc.png,images/post/4eed9ffd8734f2dc.png,images/dnbr/4eed9ffd8734f2dc.png,geotiff/pre/4eed9ffd8734f2dc.tif,geotiff/post/4eed9ffd8734f2dc.tif,geotiff/dnbr/4eed9ffd8734f2dc.tif
MCD64A1.A2018182.h22v03.061.2021359005926_r2333_c119,2018-07-11,2018,7,192,MCD64A1.A2018182.h22v03.061.2021359005926,63.369533641491216,50.277083328797396,5905,1476.25,224,10,893df3fe4c10c1d5,neg,val,Asia,Kazakhstan,62.939747346431,50.632414216799965,0,30,grassland,grassland_savanna,temperate,N,temperate_other,S2B_MSIL2A_20180613T064619_R020_T41UMS_20201027T000417,S2B_MSIL2A_20180723T064619_R020_T41UMS_20201011T191144,2018-06-13T06:46:19.024000Z,2018-07-23T06:46:19.024000Z,2018-06-13,2018-07-23,0.0,-28,12,13.455796,0.12893,1.0,1.0,0.023710688576102257,0.020266465842723846,0.026075007393956184,0.012746119871735573,0.030021002516150475,0.04479844868183136,-0.248825803399086,0.2987789809703827,1.0,0.019331951530612245,3.985969387755102e-05,0.0,1,unburned_or_regrowth,-1,not_applicable,png,images/pre/893df3fe4c10c1d5.png,images/post/893df3fe4c10c1d5.png,images/dnbr/893df3fe4c10c1d5.png,geotiff/pre/893df3fe4c10c1d5.tif,geotiff/post/893df3fe4c10c1d5.tif,geotiff/dnbr/893df3fe4c10c1d5.tif
MCD64A1.A2018213.h22v04.061.2021360151011_r294_c580,2018-08-10,2018,8,222,MCD64A1.A2018213.h22v04.061.2021360151011,64.36396133952265,48.77291666226536,1392,348.0,224,10,af7512bbba8d9cbd,burn,train,Asia,Kazakhstan,64.41890293169385,48.83541666225977,1,30,grassland,grassland_savanna,temperate,N,temperate_other,S2B_MSIL2A_20180802T064619_R020_T41UPQ_20201010T202634,S2A_MSIL2A_20180817T064621_R020_T41UPQ_20201011T025308,2018-08-02T06:46:19.024000Z,2018-08-17T06:46:21.024000Z,2018-08-02,2018-08-17,0.03,-8,7,0.036565,0.030442,1.0,1.0,0.16747860610485077,0.15997174382209778,0.14417144656181335,0.10604685544967651,0.2144603431224823,0.2990684509277344,-0.10072706639766693,0.925676703453064,1.0,0.7631337691326531,0.12498007015306123,0.0535514987244898,2,low,0,low,png,images/pre/af7512bbba8d9cbd.png,images/post/af7512bbba8d9cbd.png,images/dnbr/af7512bbba8d9cbd.png,geotiff/pre/af7512bbba8d9cbd.tif,geotiff/post/af7512bbba8d9cbd.tif,geotiff/dnbr/af7512bbba8d9cbd.tif
MCD64A1.A2018213.h22v04.061.2021360151011_r294_c580,2018-08-10,2018,8,222,MCD64A1.A2018213.h22v04.061.2021360151011,64.36396133952265,48.77291666226536,1392,348.0,224,10,026fc0004b8e5b6a,neg,train,Asia,Kazakhstan,64.33439528180705,48.971384520842165,0,30,grassland,grassland_savanna,temperate,N,temperate_other,S2B_MSIL2A_20180723T064619_R020_T41UNQ_20201011T191150,S2A_MSIL2A_20180817T064621_R020_T41UNQ_20201011T025312,2018-07-23T06:46:19.024000Z,2018-08-17T06:46:21.024000Z,2018-07-23,2018-08-17,0.03,-18,7,0.916994,0.44399,1.0,1.0,-0.002562353853136301,0.0015303990803658962,0.022064827382564545,-0.006907748989760876,0.009476977400481701,0.016804665327072144,-0.16636762022972107,0.07522743940353394,1.0,0.0,0.0,0.0,1,unburned_or_regrowth,-1,not_applicable,png,images/pre/026fc0004b8e5b6a.png,images/post/026fc0004b8e5b6a.png,images/dnbr/026fc0004b8e5b6a.png,geotiff/pre/026fc0004b8e5b6a.tif,geotiff/post/026fc0004b8e5b6a.tif,geotiff/dnbr/026fc0004b8e5b6a.tif
MCD64A1.A2018213.h23v04.061.2021360165206_r1276_c302,2018-08-21,2018,8,233,MCD64A1.A2018213.h23v04.061.2021360165206,72.09322246386954,44.681249995964905,88,22.0,224,10,fcd12712bcefa1c2,burn,train,Asia,Kazakhstan,72.05806218467566,44.681249995964905,1,30,grassland,grassland_savanna,temperate,N,temperate_other,S2A_MSIL2A_20180726T060631_R134_T42TYQ_20201011T200824,S2B_MSIL2A_20180909T060619_R134_T42TYQ_20201008T232045,2018-07-26T06:06:31.024000Z,2018-09-09T06:06:19.024000Z,2018-07-26,2018-09-09,0.2,-26,19,0.985937,0.516282,0.9985650510204082,0.9992825255102041,0.4900277554988861,0.4727289080619812,0.28049907088279724,0.27373006939888,0.7001599073410034,0.8891666531562805,-0.5244744420051575,1.2358295917510986,0.9983258928571429,0.9130460778061225,0.7533083545918368,0.5406369579081632,4,high,2,high,png,images/pre/fcd12712bcefa1c2.png,images/post/fcd12712bcefa1c2.png,images/dnbr/fcd12712bcefa1c2.png,geotiff/pre/fcd12712bcefa1c2.tif,geotiff/post/fcd12712bcefa1c2.tif,geotiff/dnbr/fcd12712bcefa1c2.tif
MCD64A1.A2018213.h23v04.061.2021360165206_r1276_c302,2018-08-21,2018,8,233,MCD64A1.A2018213.h23v04.061.2021360165206,72.09322246386954,44.681249995964905,88,22.0,224,10,05261953f9d00e80,neg,train,Asia,Kazakhstan,71.96452007254086,44.751325697842034,0,30,grassland,grassland_savanna,temperate,N,temperate_other,S2B_MSIL2A_20180721T060629_R134_T42TYQ_20201011T182537,S2B_MSIL2A_20180929T060629_R134_T42TYQ_20201009T061659,2018-07-21T06:06:29.024000Z,2018-09-29T06:06:29.024000Z,2018-07-21,2018-09-29,0.0,-31,39,0.400461,0.231997,1.0,1.0,-0.0003728697483893484,6.989389657974243e-05,0.012853396125137806,-0.008698608726263046,0.008181530982255936,0.01541108638048172,-0.07029931992292404,0.07969938218593597,1.0,0.0,0.0,0.0,1,unburned_or_regrowth,-1,not_applicable,png,images/pre/05261953f9d00e80.png,images/post/05261953f9d00e80.png,images/dnbr/05261953f9d00e80.png,geotiff/pre/05261953f9d00e80.tif,geotiff/post/05261953f9d00e80.tif,geotiff/dnbr/05261953f9d00e80.tif
MCD64A1.A2018182.h21v05.061.2021358233328_r56_c1105,2018-07-03,2018,7,184,MCD64A1.A2018182.h21v05.061.2021358233328,45.02041506111955,39.76458332973831,17,4.25,224,10,83594246e3a5e930,burn,test,Asia,Armenia,45.0122707705939,39.760416663072014,1,30,grassland,grassland_savanna,temperate,N,temperate_other,S2A_MSIL2A_20180606T075011_R135_T38TNK_20201026T170744,S2B_MSIL2A_20180711T074609_R135_T38TMK_20201011T143953,2018-06-06T07:50:11.024000Z,2018-07-11T07:46:09.024000Z,2018-06-06,2018-07-11,4.03,-27,8,7.321932,0.265258,0.8773915816326531,1.0,0.2992268204689026,0.26499444246292114,0.16133801639080048,0.18428976833820343,0.38464832305908203,0.5151897072792053,-0.1560686230659485,1.1807682514190674,0.8773915816326531,0.8356584821428571,0.42580117984693877,0.15154655612244897,3,moderate,1,moderate,png,images/pre/83594246e3a5e930.png,images/post/83594246e3a5e930.png,images/dnbr/83594246e3a5e930.png,geotiff/pre/83594246e3a5e930.tif,geotiff/post/83594246e3a5e930.tif,geotiff/dnbr/83594246e3a5e930.tif
MCD64A1.A2018182.h21v05.061.2021358233328_r56_c1105,2018-07-03,2018,7,184,MCD64A1.A2018182.h21v05.061.2021358233328,45.02041506111955,39.76458332973831,17,4.25,224,10,0928fecc60d0c4c1,neg,test,Asia,Armenia,45.027643137818394,39.72248319331077,0,30,grassland,grassland_savanna,temperate,N,temperate_other,S2A_MSIL2A_20180626T074731_R135_T38SNJ_20201012T023236,S2B_MSIL2A_20180711T074609_R135_T38SNJ_20201011T143954,2018-06-26T07:47:31.024000Z,2018-07-11T07:46:09.024000Z,2018-06-26,2018-07-11,1.37,-7,8,0.992571,0.134787,1.0,1.0,0.023620618507266045,0.022859416902065277,0.014374835416674614,0.015861529856920242,0.030325405299663544,0.038205962628126144,-0.14402756094932556,0.38693803548812866,1.0,0.0013153698979591836,0.00045838647959183676,0.0,1,unburned_or_regrowth,-1,not_applicable,png,images/pre/0928fecc60d0c4c1.png,images/post/0928fecc60d0c4c1.png,images/dnbr/0928fecc60d0c4c1.png,geotiff/pre/0928fecc60d0c4c1.tif,geotiff/post/0928fecc60d0c4c1.tif,geotiff/dnbr/0928fecc60d0c4c1.tif
MCD64A1.A2018213.h22v04.061.2021360151011_r389_c698,2018-08-12,2018,8,224,MCD64A1.A2018213.h22v04.061.2021360151011,64.60220563353666,48.37708332896745,2482,620.5,224,10,56739c3d061938aa,burn,train,Asia,Kazakhstan,64.64045715853484,48.3479166623034,1,30,grassland,grassland_savanna,temperate,N,temperate_other,S2B_MSIL2A_20180723T064619_R020_T41UPP_20201011T191147,S2A_MSIL2A_20180817T064621_R020_T41UPP_20201011T025305,2018-07-23T06:46:19.024000Z,2018-08-17T06:46:21.024000Z,2018-07-23,2018-08-17,0.03,-20,5,0.033243,0.174731,1.0,1.0,0.18829937279224396,0.19521766901016235,0.10562228411436081,0.11807990819215775,0.2577478289604187,0.3214067816734314,-0.05831035599112511,0.5915638208389282,1.0,0.7905771683673469,0.21159518494897958,0.008071588010204082,2,low,0,low,png,images/pre/56739c3d061938aa.png,images/post/56739c3d061938aa.png,images/dnbr/56739c3d061938aa.png,geotiff/pre/56739c3d061938aa.tif,geotiff/post/56739c3d061938aa.tif,geotiff/dnbr/56739c3d061938aa.tif
MCD64A1.A2018213.h22v04.061.2021360151011_r389_c698,2018-08-12,2018,8,224,MCD64A1.A2018213.h22v04.061.2021360151011,64.60220563353666,48.37708332896745,2482,620.5,224,10,4ada1901a29ee3e2,neg,train,Asia,Kazakhstan,64.88932350339763,48.37160275973735,0,30,grassland,grassland_savanna,temperate,N,temperate_other,S2B_MSIL2A_20180723T064619_R020_T41UPP_20201011T191147,S2A_MSIL2A_20180906T064621_R020_T41UPP_20201011T091106,2018-07-23T06:46:19.024000Z,2018-09-06T06:46:21.024000Z,2018-07-23,2018-09-06,0.03,-20,25,0.033243,0.061107,1.0,1.0,-0.004582590889185667,-0.002314932644367218,0.019509557634592056,-0.01830253005027771,0.007388221099972725,0.01554977148771286,-0.11498972773551941,0.152381032705307,1.0,0.001175860969387755,0.0,0.0,1,unburned_or_regrowth,-1,not_applicable,png,images/pre/4ada1901a29ee3e2.png,images/post/4ada1901a29ee3e2.png,images/dnbr/4ada1901a29ee3e2.png,geotiff/pre/4ada1901a29ee3e2.tif,geotiff/post/4ada1901a29ee3e2.tif,geotiff/dnbr/4ada1901a29ee3e2.tif
MCD64A1.A2018182.h23v04.061.2021359024817_r1552_c779,2018-07-03,2018,7,184,MCD64A1.A2018182.h23v04.061.2021359024817,73.44552142545456,43.531249996067835,1988,497.0,224,10,9a54945787688348,burn,train,Asia,Kazakhstan,73.42730324747615,43.572916662730776,1,30,grassland,grassland_savanna,temperate,N,temperate_other,S2B_MSIL2A_20180618T055639_R091_T43TCJ_20201011T233925,S2B_MSIL2A_20180708T055639_R091_T43TCJ_20201011T132813,2018-06-18T05:56:39.024000Z,2018-07-08T05:56:39.024000Z,2018-06-18,2018-07-08,0.0,-15,5,3.906898,0.005717,1.0,1.0,0.2483515590429306,0.24821165204048157,0.08753019571304321,0.18595442175865173,0.3134288787841797,0.36381787061691284,-0.004176296293735504,0.5091444849967957,1.0,0.9515106823979592,0.41246811224489793,0.00701530612244898,2,low,0,low,png,images/pre/9a54945787688348.png,images/post/9a54945787688348.png,images/dnbr/9a54945787688348.png,geotiff/pre/9a54945787688348.tif,geotiff/post/9a54945787688348.tif,geotiff/dnbr/9a54945787688348.tif
MCD64A1.A2018182.h23v04.061.2021359024817_r1552_c779,2018-07-03,2018,7,184,MCD64A1.A2018182.h23v04.061.2021359024817,73.44552142545456,43.531249996067835,1988,497.0,224,10,2011ae635fdb14d6,neg,train,Asia,Kazakhstan,72.96769451809472,43.62704268231982,0,30,grassland,grassland_savanna,temperate,N,temperate_other,S2B_MSIL2A_20180601T060629_R134_T43TCJ_20201026T112841,S2B_MSIL2A_20180721T060629_R134_T43TCJ_20201011T182534,2018-06-01T06:06:29.024000Z,2018-07-21T06:06:29.024000Z,2018-06-01,2018-07-21,0.0,-32,18,0.080107,0.002745,1.0,1.0,-0.010129721835255623,-0.008940383791923523,0.018383437767624855,-0.021293140947818756,0.001814473420381546,0.01144091784954071,-0.11106457561254501,0.1334666907787323,1.0,0.00025908801020408165,0.0,0.0,1,unburned_or_regrowth,-1,not_applicable,png,images/pre/2011ae635fdb14d6.png,images/post/2011ae635fdb14d6.png,images/dnbr/2011ae635fdb14d6.png,geotiff/pre/2011ae635fdb14d6.tif,geotiff/post/2011ae635fdb14d6.tif,geotiff/dnbr/2011ae635fdb14d6.tif
MCD64A1.A2018182.h22v03.061.2021359005926_r2342_c140,2018-07-14,2018,7,195,MCD64A1.A2018182.h22v03.061.2021359005926,63.45647872019934,50.239583328800755,5481,1370.25,224,10,23f99be5fa722839,burn,train,Asia,Kazakhstan,63.63304760936949,50.29374999546257,1,30,grassland,grassland_savanna,temperate,N,temperate_other,S2A_MSIL2A_20180701T065621_R063_T41UNR_20201011T104026,S2B_MSIL2A_20180726T065619_R063_T41UNR_20201011T202059,2018-07-01T06:56:21.024000Z,2018-07-26T06:56:19.024000Z,2018-07-01,2018-07-26,0.03,-13,12,10.218872,0.308962,0.9786352040816326,1.0,0.26169708371162415,0.2624743580818176,0.10133232176303864,0.20471011102199554,0.32720863819122314,0.3874850869178772,-0.08803588151931763,0.8695856928825378,0.9786352040816326,0.9044563137755102,0.4545200892857143,0.03085140306122449,2,low,0,low,png,images/pre/23f99be5fa722839.png,images/post/23f99be5fa722839.png,images/dnbr/23f99be5fa722839.png,geotiff/pre/23f99be5fa722839.tif,geotiff/post/23f99be5fa722839.tif,geotiff/dnbr/23f99be5fa722839.tif
MCD64A1.A2018182.h22v03.061.2021359005926_r2342_c140,2018-07-14,2018,7,195,MCD64A1.A2018182.h22v03.061.2021359005926,63.45647872019934,50.239583328800755,5481,1370.25,224,10,7a842dfeeec2134d,neg,train,Asia,Kazakhstan,63.03643810718053,50.51714394779576,0,30,grassland,grassland_savanna,temperate,N,temperate_other,S2B_MSIL2A_20180613T064619_R020_T41UMR_20201027T000423,S2A_MSIL2A_20180817T064621_R020_T41UNS_20201011T025310,2018-06-13T06:46:19.024000Z,2018-08-17T06:46:21.024000Z,2018-06-13,2018-08-17,0.03,-31,34,0.48244,0.037923,1.0,1.0,0.02935848757624626,0.029150817543268204,0.019159365445375443,0.018002554774284363,0.03992867469787598,0.05003950744867325,-0.060090016573667526,0.3543717861175537,1.0,0.004025829081632653,0.0003587372448979592,0.0,1,unburned_or_regrowth,-1,not_applicable,png,images/pre/7a842dfeeec2134d.png,images/post/7a842dfeeec2134d.png,images/dnbr/7a842dfeeec2134d.png,geotiff/pre/7a842dfeeec2134d.tif,geotiff/post/7a842dfeeec2134d.tif,geotiff/dnbr/7a842dfeeec2134d.tif
MCD64A1.A2018213.h31v09.061.2021361025535_r1852_c2106,2018-08-30,2018,8,242,MCD64A1.A2018213.h31v09.061.2021361025535,140.04599812744587,-7.718749999354114,26,6.5,224,10,b3adb1c5249051ea,burn,train,Asia,Indonesia,140.05158370081688,-7.722916666020407,1,90,herbaceous_wetland,wetland,tropical,S,boreal_other,S2B_MSIL2A_20180814T010719_R045_T54MUS_20201011T014229,S2A_MSIL2A_20180918T010721_R045_T54MUS_20201009T021536,2018-08-14T01:07:19.024000Z,2018-09-18T01:07:21.024000Z,2018-08-14,2018-09-18,0.03,-16,19,13.575957,10.173818,0.9891581632653061,0.9891980229591837,0.16306118667125702,0.20254990458488464,0.19820202887058258,0.049147721379995346,0.3065266013145447,0.37417536973953247,-0.6930241584777832,0.8764066696166992,0.9784359056122449,0.6488360969387755,0.3399035395408163,0.028858418367346938,2,low,0,low,png,images/pre/b3adb1c5249051ea.png,images/post/b3adb1c5249051ea.png,images/dnbr/b3adb1c5249051ea.png,geotiff/pre/b3adb1c5249051ea.tif,geotiff/post/b3adb1c5249051ea.tif,geotiff/dnbr/b3adb1c5249051ea.tif
MCD64A1.A2018213.h31v09.061.2021361025535_r1852_c2106,2018-08-30,2018,8,242,MCD64A1.A2018213.h31v09.061.2021361025535,140.04599812744587,-7.718749999354114,26,6.5,224,10,b26d07a1f17a8e20,neg,train,Asia,Indonesia,140.1033309181446,-7.648321979924922,0,90,herbaceous_wetland,wetland,tropical,S,boreal_other,S2A_MSIL2A_20180730T010731_R045_T54MUS_20201011T213437,S2A_MSIL2A_20181008T010721_R045_T54MVS_20201009T091835,2018-07-30T01:07:31.024000Z,2018-10-08T01:07:21.024000Z,2018-07-30,2018-10-08,0.17,-31,39,1.498857,0.850034,1.0,1.0,-0.004223727621138096,-0.004736363887786865,0.02344605326652527,-0.01908162236213684,0.009666576981544495,0.023992687463760376,-0.17300087213516235,0.1364750862121582,1.0,0.00029894770408163266,0.0,0.0,1,unburned_or_regrowth,-1,not_applicable,png,images/pre/b26d07a1f17a8e20.png,images/post/b26d07a1f17a8e20.png,images/dnbr/b26d07a1f17a8e20.png,geotiff/pre/b26d07a1f17a8e20.tif,geotiff/post/b26d07a1f17a8e20.tif,geotiff/dnbr/b26d07a1f17a8e20.tif
MCD64A1.A2018182.h22v04.061.2021359010507_r1202_c2312,2018-07-26,2018,7,207,MCD64A1.A2018182.h22v04.061.2021359010507,70.18232106682844,44.989583329270644,138,34.5,224,10,1845b74c64a4e58a,burn,test,Asia,Kazakhstan,70.16113003177789,44.977083329271764,1,30,grassland,grassland_savanna,temperate,N,temperate_other,S2A_MSIL2A_20180706T060631_R134_T42TWQ_20201011T123045,S2B_MSIL2A_20180810T060629_R134_T42TWQ_20201010T235420,2018-07-06T06:06:31.024000Z,2018-08-10T06:06:29.024000Z,2018-07-06,2018-08-10,0.03,-20,15,0.202155,0.328711,1.0,1.0,0.4674690365791321,0.47771286964416504,0.28278905153274536,0.2514246702194214,0.6722235083580017,0.8433198928833008,-0.02636057510972023,1.2095332145690918,1.0,0.8406010841836735,0.7366669323979592,0.5560626594387755,4,high,2,high,png,images/pre/1845b74c64a4e58a.png,images/post/1845b74c64a4e58a.png,images/dnbr/1845b74c64a4e58a.png,geotiff/pre/1845b74c64a4e58a.tif,geotiff/post/1845b74c64a4e58a.tif,geotiff/dnbr/1845b74c64a4e58a.tif
MCD64A1.A2018182.h22v04.061.2021359010507_r1202_c2312,2018-07-26,2018,7,207,MCD64A1.A2018182.h22v04.061.2021359010507,70.18232106682844,44.989583329270644,138,34.5,224,10,39293054af6f6234,neg,test,Asia,Kazakhstan,70.20998232345713,45.09798698350602,0,30,grassland,grassland_savanna,temperate,N,temperate_other,S2A_MSIL2A_20180719T061631_R034_T42TWR_20201011T172653,S2A_MSIL2A_20180808T061631_R034_T42TWR_20201010T224419,2018-07-19T06:16:31.024000Z,2018-08-08T06:16:31.024000Z,2018-07-19,2018-08-08,0.0,-7,13,0.035508,0.026679,1.0,1.0,0.022635912522673607,0.02247042953968048,0.007163234520703554,0.01806449331343174,0.02697412297129631,0.03140076994895935,-0.05284876748919487,0.06881947070360184,1.0,0.0,0.0,0.0,1,unburned_or_regrowth,-1,not_applicable,png,images/pre/39293054af6f6234.png,images/post/39293054af6f6234.png,images/dnbr/39293054af6f6234.png,geotiff/pre/39293054af6f6234.tif,geotiff/post/39293054af6f6234.tif,geotiff/dnbr/39293054af6f6234.tif
MCD64A1.A2018182.h21v04.061.2021358232248_r52_c854,2018-07-25,2018,7,206,MCD64A1.A2018182.h21v04.061.2021358232248,51.97463435451793,49.78124999550844,3511,877.75,224,10,70918886813cf792,burn,val,Asia,Kazakhstan,51.926498481013105,49.76041666217697,1,30,grassland,grassland_savanna,temperate,N,temperate_other,S2B_MSIL2A_20180628T073609_R092_T39UWR_20201012T033036,S2A_MSIL2A_20180802T073611_R092_T39UWR_20201019T182924,2018-06-28T07:36:09.024000Z,2018-08-02T07:36:11.024000Z,2018-06-28,2018-08-02,0.03,-27,8,0.077906,0.230269,1.0,1.0,0.22552485764026642,0.21301938593387604,0.07981975376605988,0.16955871880054474,0.2699550986289978,0.33032679557800293,-0.02787548303604126,0.7368438243865967,1.0,0.9769810267857143,0.2498405612244898,0.016043526785714284,2,low,0,low,png,images/pre/70918886813cf792.png,images/post/70918886813cf792.png,images/dnbr/70918886813cf792.png,geotiff/pre/70918886813cf792.tif,geotiff/post/70918886813cf792.tif,geotiff/dnbr/70918886813cf792.tif
MCD64A1.A2018182.h21v04.061.2021358232248_r52_c854,2018-07-25,2018,7,206,MCD64A1.A2018182.h21v04.061.2021358232248,51.97463435451793,49.78124999550844,3511,877.75,224,10,f86a925599586e70,neg,val,Asia,Kazakhstan,51.58389164771578,49.68318430740972,0,30,grassland,grassland_savanna,temperate,N,temperate_other,S2B_MSIL2A_20180628T073609_R092_T39UWR_20201012T033036,S2A_MSIL2A_20180822T073611_R092_T39UWR_20201011T051656,2018-06-28T07:36:09.024000Z,2018-08-22T07:36:11.024000Z,2018-06-28,2018-08-22,0.03,-27,28,0.077906,0.075896,1.0,1.0,-0.023618895560503006,-0.0273725725710392,0.040650807321071625,-0.044909391552209854,-0.011379847303032875,0.005433140322566032,-0.14554889500141144,0.3049975633621216,1.0,0.021863042091836735,0.0005779655612244898,0.0,1,unburned_or_regrowth,-1,not_applicable,png,images/pre/f86a925599586e70.png,images/post/f86a925599586e70.png,images/dnbr/f86a925599586e70.png,geotiff/pre/f86a925599586e70.tif,geotiff/post/f86a925599586e70.tif,geotiff/dnbr/f86a925599586e70.tif
MCD64A1.A2018213.h28v09.061.2021360231600_r265_c2316,2018-08-11,2018,8,223,MCD64A1.A2018213.h28v09.061.2021360231600,109.67252495994776,-1.106249999945953,6,1.5,224,10,ff97b7cb607a471d,burn,train,Asia,Indonesia,109.672679260049,-1.1104166666122468,1,20,shrubland,shrubland_chaparral,tropical,S,tropical_dry,S2A_MSIL2A_20180716T024551_R132_T49MCU_20201011T161945,S2B_MSIL2A_20180820T024539_R132_T49MCU_20201011T043131,2018-07-16T02:45:51.024000Z,2018-08-20T02:45:39.024000Z,2018-07-16,2018-08-20,0.2,-26,9,7.189976,0.575854,0.99609375,1.0,0.2247723489999771,-0.012276709079742432,0.4151036739349365,-0.028268620371818542,0.4870108366012573,0.9957011938095093,-0.716683566570282,1.1831638813018799,0.99609375,0.3015186543367347,0.27307876275510207,0.25426498724489793,2,low,0,low,png,images/pre/ff97b7cb607a471d.png,images/post/ff97b7cb607a471d.png,images/dnbr/ff97b7cb607a471d.png,geotiff/pre/ff97b7cb607a471d.tif,geotiff/post/ff97b7cb607a471d.tif,geotiff/dnbr/ff97b7cb607a471d.tif
MCD64A1.A2018213.h28v09.061.2021360231600_r265_c2316,2018-08-11,2018,8,223,MCD64A1.A2018213.h28v09.061.2021360231600,109.67252495994776,-1.106249999945953,6,1.5,224,10,2ba2081476c41d98,neg,train,Asia,Indonesia,109.60749528635205,-1.0522992341689035,0,20,shrubland,shrubland_chaparral,tropical,S,tropical_dry,S2A_MSIL2A_20180716T024551_R132_T49MCU_20201011T161945,S2B_MSIL2A_20180820T024539_R132_T49MCU_20201011T043131,2018-07-16T02:45:51.024000Z,2018-08-20T02:45:39.024000Z,2018-07-16,2018-08-20,0.2,-26,9,7.189976,0.575854,0.9975286989795918,1.0,-0.027515629306435585,-0.021801918745040894,0.041274454444646835,-0.030269846320152283,-0.013814777135848999,-0.005472981836646795,-0.5316393971443176,0.1493651270866394,0.9975286989795918,0.0004384566326530612,0.0,0.0,1,unburned_or_regrowth,-1,not_applicable,png,images/pre/2ba2081476c41d98.png,images/post/2ba2081476c41d98.png,images/dnbr/2ba2081476c41d98.png,geotiff/pre/2ba2081476c41d98.tif,geotiff/post/2ba2081476c41d98.tif,geotiff/dnbr/2ba2081476c41d98.tif
MCD64A1.A2018213.h21v03.061.2021360132204_r2294_c757,2018-08-08,2018,8,220,MCD64A1.A2018213.h21v03.061.2021360132204,52.05949347088663,50.43958332878285,572,143.0,224,10,dc4c8cc353413f6f,burn,train,Asia,Kazakhstan,52.08633451443889,50.45208332878173,1,30,grassland,grassland_savanna,temperate,N,temperate_other,S2B_MSIL2A_20180728T073609_R092_T39UWR_20201011T210639,S2A_MSIL2A_20180822T073611_R092_T39UWR_20201011T051656,2018-07-28T07:36:09.024000Z,2018-08-22T07:36:11.024000Z,2018-07-28,2018-08-22,0.03,-11,14,0.081851,0.075896,1.0,1.0,0.26806849241256714,0.27664846181869507,0.12081434577703476,0.2016487717628479,0.33875247836112976,0.4162943363189697,-0.07024568319320679,0.7004362940788269,1.0,0.9102758290816326,0.5271444515306123,0.0742984693877551,2,low,0,low,png,images/pre/dc4c8cc353413f6f.png,images/post/dc4c8cc353413f6f.png,images/dnbr/dc4c8cc353413f6f.png,geotiff/pre/dc4c8cc353413f6f.tif,geotiff/post/dc4c8cc353413f6f.tif,geotiff/dnbr/dc4c8cc353413f6f.tif
MCD64A1.A2018213.h21v03.061.2021360132204_r2294_c757,2018-08-08,2018,8,220,MCD64A1.A2018213.h21v03.061.2021360132204,52.05949347088663,50.43958332878285,572,143.0,224,10,cae4f6610e1809c1,neg,train,Asia,Kazakhstan,51.9363703417256,50.58966086717812,0,30,grassland,grassland_savanna,temperate,N,temperate_other,S2B_MSIL2A_20180728T073609_R092_T39UWS_20201011T210639,S2A_MSIL2A_20180822T073611_R092_T39UWS_20201011T051651,2018-07-28T07:36:09.024000Z,2018-08-22T07:36:11.024000Z,2018-07-28,2018-08-22,0.03,-11,14,1.092805,0.019914,1.0,1.0,-0.018700283020734787,-0.021201249212026596,0.01574869453907013,-0.028839295729994774,-0.01144707016646862,-0.0007215589284896851,-0.07160846889019012,0.09682872891426086,1.0,0.0,0.0,0.0,1,unburned_or_regrowth,-1,not_applicable,png,images/pre/cae4f6610e1809c1.png,images/post/cae4f6610e1809c1.png,images/dnbr/cae4f6610e1809c1.png,geotiff/pre/cae4f6610e1809c1.tif,geotiff/post/cae4f6610e1809c1.tif,geotiff/dnbr/cae4f6610e1809c1.tif
MCD64A1.A2018182.h21v04.061.2021358232248_r51_c853,2018-07-24,2018,7,205,MCD64A1.A2018182.h21v04.061.2021358232248,51.97265115788259,49.78541666217473,3458,864.5,224,10,5969dc7142b45625,burn,train,Asia,Kazakhstan,51.93690937454692,49.80624999550621,1,30,grassland,grassland_savanna,temperate,N,temperate_other,S2B_MSIL2A_20180628T073609_R092_T39UWR_20201012T033036,S2A_MSIL2A_20180802T073611_R092_T39UWR_20201019T182924,2018-06-28T07:36:09.024000Z,2018-08-02T07:36:11.024000Z,2018-06-28,2018-08-02,0.03,-26,9,0.077906,0.230269,1.0,1.0,0.35915133357048035,0.3629952371120453,0.12868568301200867,0.2798893451690674,0.4376613199710846,0.5201345682144165,-0.03954078257083893,0.9315230846405029,1.0,0.9688297193877551,0.7733179209183674,0.2429249043367347,3,moderate,1,moderate,png,images/pre/5969dc7142b45625.png,images/post/5969dc7142b45625.png,images/dnbr/5969dc7142b45625.png,geotiff/pre/5969dc7142b45625.tif,geotiff/post/5969dc7142b45625.tif,geotiff/dnbr/5969dc7142b45625.tif
MCD64A1.A2018182.h21v04.061.2021358232248_r51_c853,2018-07-24,2018,7,205,MCD64A1.A2018182.h21v04.061.2021358232248,51.97265115788259,49.78541666217473,3458,864.5,224,10,02ff73301b2ed88f,neg,train,Asia,Kazakhstan,51.67085993116438,49.930732450862926,0,30,grassland,grassland_savanna,temperate,N,temperate_other,S2B_MSIL2A_20180628T073609_R092_T39UWR_20201012T033036,S2A_MSIL2A_20180822T073611_R092_T39UWR_20201011T051656,2018-06-28T07:36:09.024000Z,2018-08-22T07:36:11.024000Z,2018-06-28,2018-08-22,0.03,-26,29,0.077906,0.075896,1.0,1.0,0.012105199508368969,0.008398786187171936,0.026932325214147568,-0.0049407146871089935,0.024066396057605743,0.040325477719306946,-0.06491892784833908,0.2112933099269867,1.0,0.01610331632653061,0.0,0.0,1,unburned_or_regrowth,-1,not_applicable,png,images/pre/02ff73301b2ed88f.png,images/post/02ff73301b2ed88f.png,images/dnbr/02ff73301b2ed88f.png,geotiff/pre/02ff73301b2ed88f.tif,geotiff/post/02ff73301b2ed88f.tif,geotiff/dnbr/02ff73301b2ed88f.tif
MCD64A1.A2018182.h21v04.061.2021358232248_r52_c855,2018-07-25,2018,7,206,MCD64A1.A2018182.h21v04.061.2021358232248,51.98108722364133,49.78124999550844,3456,864.0,224,10,20fe68e5075c3257,burn,val,Asia,Kazakhstan,52.13169865757498,49.83124999550397,1,30,grassland,grassland_savanna,temperate,N,temperate_other,S2B_MSIL2A_20180628T073609_R092_T39UWR_20201012T033036,S2A_MSIL2A_20180802T073611_R092_T39UWR_20201019T182924,2018-06-28T07:36:09.024000Z,2018-08-02T07:36:11.024000Z,2018-06-28,2018-08-02,0.03,-27,8,0.077906,0.230269,1.0,1.0,0.26229754090309143,0.24680086970329285,0.10413036495447159,0.19508501887321472,0.3100263774394989,0.38480067253112793,-0.16562271118164062,0.8823155164718628,1.0,0.9788544323979592,0.39341517857142855,0.056341677295918366,2,low,0,low,png,images/pre/20fe68e5075c3257.png,images/post/20fe68e5075c3257.png,images/dnbr/20fe68e5075c3257.png,geotiff/pre/20fe68e5075c3257.tif,geotiff/post/20fe68e5075c3257.tif,geotiff/dnbr/20fe68e5075c3257.tif
MCD64A1.A2018182.h21v04.061.2021358232248_r52_c855,2018-07-25,2018,7,206,MCD64A1.A2018182.h21v04.061.2021358232248,51.98108722364133,49.78124999550844,3456,864.0,224,10,bafbeadebb24cd96,neg,val,Asia,Kazakhstan,52.17015687085258,49.54345616715446,0,30,grassland,grassland_savanna,temperate,N,temperate_other,S2A_MSIL2A_20180623T073611_R092_T39UWQ_20201012T012244,S2B_MSIL2A_20180906T073609_R092_T39UWQ_20201011T092429,2018-06-23T07:36:11.024000Z,2018-09-06T07:36:09.024000Z,2018-06-23,2018-09-06,0.03,-32,43,0.512626,0.343758,1.0,1.0,0.03567860648036003,0.034924231469631195,0.019536519423127174,0.022533228620886803,0.04820951819419861,0.060472272336483,-0.09875009208917618,0.17734017968177795,1.0,0.0024713010204081634,0.0,0.0,1,unburned_or_regrowth,-1,not_applicable,png,images/pre/bafbeadebb24cd96.png,images/post/bafbeadebb24cd96.png,images/dnbr/bafbeadebb24cd96.png,geotiff/pre/bafbeadebb24cd96.tif,geotiff/post/bafbeadebb24cd96.tif,geotiff/dnbr/bafbeadebb24cd96.tif
MCD64A1.A2018213.h21v03.061.2021360132204_r2212_c949,2018-08-08,2018,8,220,MCD64A1.A2018213.h21v03.061.2021360132204,53.70420688086826,50.78124999541893,66,16.5,224,10,25f78277cd303a10,burn,train,Asia,Kazakhstan,53.69942205566643,50.77708332875264,1,30,grassland,grassland_savanna,temperate,N,temperate_other,S2A_MSIL2A_20180802T073611_R092_T39UXS_20201010T201349,S2A_MSIL2A_20180822T073611_R092_T39UXS_20201011T051650,2018-08-02T07:36:11.024000Z,2018-08-22T07:36:11.024000Z,2018-08-02,2018-08-22,0.0,-6,14,5.140351,0.007226,0.8178013392857143,1.0,0.3806436061859131,0.37286177277565,0.10430620610713959,0.3182538151741028,0.4313088655471802,0.49894091486930847,0.018993616104125977,1.0336499214172363,0.8178013392857143,0.8172034438775511,0.7225167410714286,0.18377311862244897,3,moderate,1,moderate,png,images/pre/25f78277cd303a10.png,images/post/25f78277cd303a10.png,images/dnbr/25f78277cd303a10.png,geotiff/pre/25f78277cd303a10.tif,geotiff/post/25f78277cd303a10.tif,geotiff/dnbr/25f78277cd303a10.tif
MCD64A1.A2018213.h21v03.061.2021360132204_r2212_c949,2018-08-08,2018,8,220,MCD64A1.A2018213.h21v03.061.2021360132204,53.70420688086826,50.78124999541893,66,16.5,224,10,ca8d5b6f35ed7a19,neg,train,Asia,Kazakhstan,53.63991833625332,50.752891091778814,0,30,grassland,grassland_savanna,temperate,N,temperate_other,S2B_MSIL2A_20180625T072619_R049_T39UXS_20201012T022117,S2A_MSIL2A_20180822T073611_R092_T39UXS_20201011T051650,2018-06-25T07:26:19.024000Z,2018-08-22T07:36:11.024000Z,2018-06-25,2018-08-22,9.87,-44,14,0.014516,0.007226,1.0,1.0,0.0022264651488512754,-0.005325350910425186,0.034250982105731964,-0.020699448883533478,0.017278367653489113,0.046158161014318466,-0.13602009415626526,0.26293817162513733,1.0,0.017817283163265307,0.0,0.0,1,unburned_or_regrowth,-1,not_applicable,png,images/pre/ca8d5b6f35ed7a19.png,images/post/ca8d5b6f35ed7a19.png,images/dnbr/ca8d5b6f35ed7a19.png,geotiff/pre/ca8d5b6f35ed7a19.tif,geotiff/post/ca8d5b6f35ed7a19.tif,geotiff/dnbr/ca8d5b6f35ed7a19.tif
MCD64A1.A2018182.h21v03.061.2021358231416_r1397_c1846,2018-07-23,2018,7,204,MCD64A1.A2018182.h21v03.061.2021358231416,64.40271191085735,54.17708332844834,11,2.75,224,10,5a6e0f7c2bac0869,burn,val,Asia,Kazakhstan,64.41046109273645,54.17291666178205,1,30,grassland,grassland_savanna,temperate,N,temperate_other,S2B_MSIL2A_20180716T065619_R063_T41UNA_20201027T030118,S2A_MSIL2A_20180731T065621_R063_T41UNA_20201011T220044,2018-07-16T06:56:19.024000Z,2018-07-31T06:56:21.024000Z,2018-07-16,2018-07-31,0.03,-7,8,0.66096,5.147572,1.0,0.966438137755102,0.2596432864665985,0.20626917481422424,0.2785992920398712,-0.0012948065996170044,0.4991403818130493,0.6421653628349304,-0.3203432559967041,1.091788649559021,0.966438137755102,0.5580955038265306,0.43887515943877553,0.3045280612244898,2,low,0,low,png,images/pre/5a6e0f7c2bac0869.png,images/post/5a6e0f7c2bac0869.png,images/dnbr/5a6e0f7c2bac0869.png,geotiff/pre/5a6e0f7c2bac0869.tif,geotiff/post/5a6e0f7c2bac0869.tif,geotiff/dnbr/5a6e0f7c2bac0869.tif
MCD64A1.A2018182.h21v03.061.2021358231416_r1397_c1846,2018-07-23,2018,7,204,MCD64A1.A2018182.h21v03.061.2021358231416,64.40271191085735,54.17708332844834,11,2.75,224,10,5ca105a6517964cc,neg,val,Asia,Kazakhstan,64.48831090245706,54.17210198402249,0,30,grassland,grassland_savanna,temperate,N,temperate_other,S2B_MSIL2A_20180716T065619_R063_T41UNA_20201027T030118,S2A_MSIL2A_20180731T065621_R063_T41UNA_20201011T220044,2018-07-16T06:56:19.024000Z,2018-07-31T06:56:21.024000Z,2018-07-16,2018-07-31,0.03,-7,8,0.66096,5.147572,1.0,0.9802295918367347,-0.03819005936384201,-0.03407648205757141,0.03888096287846565,-0.05462854355573654,-0.015527971088886261,0.0011294131400063634,-0.38193920254707336,0.1502331793308258,0.9802295918367347,0.00015943877551020407,0.0,0.0,1,unburned_or_regrowth,-1,not_applicable,png,images/pre/5ca105a6517964cc.png,images/post/5ca105a6517964cc.png,images/dnbr/5ca105a6517964cc.png,geotiff/pre/5ca105a6517964cc.tif,geotiff/post/5ca105a6517964cc.tif,geotiff/dnbr/5ca105a6517964cc.tif
MCD64A1.A2018213.h22v04.061.2021360151011_r394_c711,2018-08-11,2018,8,223,MCD64A1.A2018213.h22v04.061.2021360151011,64.65729985649213,48.356249995635984,1953,488.25,224,10,56784adf8233ca1c,burn,val,Asia,Kazakhstan,64.72391503902288,48.33958332897082,1,30,grassland,grassland_savanna,temperate,N,temperate_other,S2B_MSIL2A_20180723T064619_R020_T41UPP_20201011T191147,S2A_MSIL2A_20180817T064621_R020_T41UPP_20201011T025305,2018-07-23T06:46:19.024000Z,2018-08-17T06:46:21.024000Z,2018-07-23,2018-08-17,0.03,-19,6,0.033243,0.174731,1.0,1.0,0.1933513581752777,0.2035226672887802,0.12745502591133118,0.11178552359342575,0.27458271384239197,0.34615787863731384,-0.08483029156923294,0.8752188682556152,1.0,0.7690529336734694,0.2645687181122449,0.023875956632653062,2,low,0,low,png,images/pre/56784adf8233ca1c.png,images/post/56784adf8233ca1c.png,images/dnbr/56784adf8233ca1c.png,geotiff/pre/56784adf8233ca1c.tif,geotiff/post/56784adf8233ca1c.tif,geotiff/dnbr/56784adf8233ca1c.tif
MCD64A1.A2018213.h22v04.061.2021360151011_r394_c711,2018-08-11,2018,8,223,MCD64A1.A2018213.h22v04.061.2021360151011,64.65729985649213,48.356249995635984,1953,488.25,224,10,317a887b9fb3c14e,neg,val,Asia,Kazakhstan,64.2399103005644,48.19003185453899,0,60,bare_sparse_vegetation,grassland_savanna,temperate,N,temperate_other,S2B_MSIL2A_20180710T063629_R120_T41UNP_20201011T141426,S2B_MSIL2A_20180908T063619_R120_T41UNP_20201011T101112,2018-07-10T06:36:29.024000Z,2018-09-08T06:36:19.024000Z,2018-07-10,2018-09-08,0.17,-32,28,0.441894,0.405262,1.0,1.0,-0.01163462083786726,-0.01155756413936615,0.009759270586073399,-0.017775317654013634,-0.005328423343598843,0.0005481243133544922,-0.05941354110836983,0.042478159070014954,1.0,0.0,0.0,0.0,1,unburned_or_regrowth,-1,not_applicable,png,images/pre/317a887b9fb3c14e.png,images/post/317a887b9fb3c14e.png,images/dnbr/317a887b9fb3c14e.png,geotiff/pre/317a887b9fb3c14e.tif,geotiff/post/317a887b9fb3c14e.tif,geotiff/dnbr/317a887b9fb3c14e.tif
MCD64A1.A2018213.h28v09.061.2021360231600_r66_c2275,2018-08-18,2018,8,230,MCD64A1.A2018213.h28v09.061.2021360231600,109.48253022480787,-0.2770833333534995,13,3.25,224,10,4f13b2264fbbb1d6,burn,test,Asia,Indonesia,109.49086365558748,-0.2770833333534995,1,10,tree_cover,forest,tropical,S,tropical_moist,S2B_MSIL2A_20180810T024539_R132_T49MCV_20201010T235306,S2B_MSIL2A_20180830T024539_R132_T49MCV_20201103T153043,2018-08-10T02:45:39.024000Z,2018-08-30T02:45:39.024000Z,2018-08-10,2018-08-30,0.0,-8,12,10.167233,6.318065,0.9514907525510204,1.0,0.27068543434143066,0.1221417784690857,0.3608536124229431,0.01435801386833191,0.5724292993545532,0.8169511556625366,-0.7231053113937378,1.148073434829712,0.9514907525510204,0.48897879464285715,0.40682796556122447,0.31650589923469385,3,moderate,1,moderate,png,images/pre/4f13b2264fbbb1d6.png,images/post/4f13b2264fbbb1d6.png,images/dnbr/4f13b2264fbbb1d6.png,geotiff/pre/4f13b2264fbbb1d6.tif,geotiff/post/4f13b2264fbbb1d6.tif,geotiff/dnbr/4f13b2264fbbb1d6.tif
MCD64A1.A2018213.h28v09.061.2021360231600_r66_c2275,2018-08-18,2018,8,230,MCD64A1.A2018213.h28v09.061.2021360231600,109.48253022480787,-0.2770833333534995,13,3.25,224,10,72f7008c0aad3a2e,neg,test,Asia,Indonesia,109.54273943403328,-0.37050512457052115,0,10,tree_cover,forest,tropical,S,tropical_moist,S2A_MSIL2A_20180716T024551_R132_T49MCV_20201011T161947,S2B_MSIL2A_20180830T024539_R132_T49MCV_20201103T153043,2018-07-16T02:45:51.024000Z,2018-08-30T02:45:39.024000Z,2018-07-16,2018-08-30,0.2,-33,12,5.333357,6.318065,1.0,1.0,-0.010012264363467693,0.008044809103012085,0.07047702372074127,-0.02178099751472473,0.022996753454208374,0.0337986946105957,-0.6859983205795288,0.5692070126533508,1.0,0.017538265306122448,0.004264987244897959,0.0011559311224489796,1,unburned_or_regrowth,-1,not_applicable,png,images/pre/72f7008c0aad3a2e.png,images/post/72f7008c0aad3a2e.png,images/dnbr/72f7008c0aad3a2e.png,geotiff/pre/72f7008c0aad3a2e.tif,geotiff/post/72f7008c0aad3a2e.tif,geotiff/dnbr/72f7008c0aad3a2e.tif
MCD64A1.A2018182.h21v04.061.2021358232248_r282_c2064,2018-07-29,2018,7,210,MCD64A1.A2018182.h21v04.061.2021358232248,58.631166083937686,48.82291666226089,758,189.5,224,10,d575928268a4c771,burn,train,Asia,Kazakhstan,58.63998533026295,48.85208332892494,1,30,grassland,grassland_savanna,temperate,N,temperate_other,S2B_MSIL2A_20180719T070619_R106_T40UFV_20201011T173931,S2A_MSIL2A_20180803T070621_R106_T40UFV_20201010T203159,2018-07-19T07:06:19.024000Z,2018-08-03T07:06:21.024000Z,2018-07-19,2018-08-03,0.03,-10,5,0.007495,14.449197,1.0,1.0,0.1826379895210266,0.16689878702163696,0.13428786396980286,0.10883419960737228,0.22487148642539978,0.3174044191837311,-0.05652543902397156,0.9900445938110352,1.0,0.7773636798469388,0.1482780612244898,0.04960538903061224,2,low,0,low,png,images/pre/d575928268a4c771.png,images/post/d575928268a4c771.png,images/dnbr/d575928268a4c771.png,geotiff/pre/d575928268a4c771.tif,geotiff/post/d575928268a4c771.tif,geotiff/dnbr/d575928268a4c771.tif
MCD64A1.A2018182.h21v04.061.2021358232248_r282_c2064,2018-07-29,2018,7,210,MCD64A1.A2018182.h21v04.061.2021358232248,58.631166083937686,48.82291666226089,758,189.5,224,10,dd5f5fafccded474,neg,train,Asia,Kazakhstan,58.42457897044349,48.6419997392618,0,30,grassland,grassland_savanna,temperate,N,temperate_other,S2B_MSIL2A_20180719T070619_R106_T40UFU_20201011T173934,S2A_MSIL2A_20180803T070621_R106_T40UEU_20201010T203314,2018-07-19T07:06:19.024000Z,2018-08-03T07:06:21.024000Z,2018-07-19,2018-08-03,0.03,-10,5,0.061599,1.686496,1.0,1.0,-0.020898954942822456,-0.029576539993286133,0.04473603889346123,-0.03765537589788437,-0.02055640146136284,-0.00022109504789113998,-0.1541500687599182,0.411111980676651,1.0,0.026028380102040817,0.006377551020408163,0.0,1,unburned_or_regrowth,-1,not_applicable,png,images/pre/dd5f5fafccded474.png,images/post/dd5f5fafccded474.png,images/dnbr/dd5f5fafccded474.png,geotiff/pre/dd5f5fafccded474.tif,geotiff/post/dd5f5fafccded474.tif,geotiff/dnbr/dd5f5fafccded474.tif
MCD64A1.A2018213.h23v04.061.2021360165206_r1477_c271,2018-08-12,2018,8,224,MCD64A1.A2018213.h23v04.061.2021360165206,70.89436510273153,43.84374999603987,60,15.0,224,10,64ca14abad445e71,burn,train,Asia,Kazakhstan,70.87042942981714,43.84791666270616,1,30,grassland,grassland_savanna,temperate,N,temperate_other,S2A_MSIL2A_20180719T061631_R034_T42TXP_20201011T172646,S2A_MSIL2A_20180818T061631_R034_T42TXP_20201011T032314,2018-07-19T06:16:31.024000Z,2018-08-18T06:16:31.024000Z,2018-07-19,2018-08-18,0.0,-24,6,0.17066,0.130456,1.0,1.0,0.32299572229385376,0.3419571816921234,0.27503663301467896,0.03192673623561859,0.5485533475875854,0.6779080033302307,-0.21265870332717896,1.1602270603179932,1.0,0.6623286033163265,0.5527144451530612,0.3960658482142857,3,moderate,1,moderate,png,images/pre/64ca14abad445e71.png,images/post/64ca14abad445e71.png,images/dnbr/64ca14abad445e71.png,geotiff/pre/64ca14abad445e71.tif,geotiff/post/64ca14abad445e71.tif,geotiff/dnbr/64ca14abad445e71.tif
MCD64A1.A2018213.h23v04.061.2021360165206_r1477_c271,2018-08-12,2018,8,224,MCD64A1.A2018213.h23v04.061.2021360165206,70.89436510273153,43.84374999603987,60,15.0,224,10,22d4a5bb5eb78687,neg,train,Asia,Kazakhstan,71.00654197151341,43.83488545004623,0,30,grassland,grassland_savanna,temperate,N,temperate_other,S2A_MSIL2A_20180726T060631_R134_T42TXP_20201011T200819,S2A_MSIL2A_20180825T060631_R134_T42TXP_20201011T064002,2018-07-26T06:06:31.024000Z,2018-08-25T06:06:31.024000Z,2018-07-26,2018-08-25,0.0,-17,13,0.202474,0.168068,1.0,1.0,0.009774229489266872,0.007242679595947266,0.023742495104670525,0.0017521288245916367,0.013034434989094734,0.018767859786748886,-0.0892404243350029,0.45196279883384705,1.0,0.00972576530612245,0.002311862244897959,7.971938775510203e-05,1,unburned_or_regrowth,-1,not_applicable,png,images/pre/22d4a5bb5eb78687.png,images/post/22d4a5bb5eb78687.png,images/dnbr/22d4a5bb5eb78687.png,geotiff/pre/22d4a5bb5eb78687.tif,geotiff/post/22d4a5bb5eb78687.tif,geotiff/dnbr/22d4a5bb5eb78687.tif
MCD64A1.A2018182.h21v04.061.2021358232248_r50_c846,2018-07-24,2018,7,205,MCD64A1.A2018182.h21v04.061.2021358232248,51.931944019458996,49.789583328841026,2946,736.5,224,10,86ee332c6a90a9a1,burn,train,Asia,Kazakhstan,51.809194048611765,49.843749995502854,1,30,grassland,grassland_savanna,temperate,N,temperate_other,S2B_MSIL2A_20180628T073609_R092_T39UWR_20201012T033036,S2A_MSIL2A_20180802T073611_R092_T39UWR_20201019T182924,2018-06-28T07:36:09.024000Z,2018-08-02T07:36:11.024000Z,2018-06-28,2018-08-02,0.03,-26,9,0.077906,0.230269,1.0,1.0,0.2720535695552826,0.2693741023540497,0.08165843784809113,0.23017437756061554,0.3115200996398926,0.35867148637771606,-0.04867130517959595,0.7000096440315247,1.0,0.9792928890306123,0.49569515306122447,0.030432876275510203,3,moderate,1,moderate,png,images/pre/86ee332c6a90a9a1.png,images/post/86ee332c6a90a9a1.png,images/dnbr/86ee332c6a90a9a1.png,geotiff/pre/86ee332c6a90a9a1.tif,geotiff/post/86ee332c6a90a9a1.tif,geotiff/dnbr/86ee332c6a90a9a1.tif
MCD64A1.A2018182.h21v04.061.2021358232248_r50_c846,2018-07-24,2018,7,205,MCD64A1.A2018182.h21v04.061.2021358232248,51.931944019458996,49.789583328841026,2946,736.5,224,10,4ebc6da7b4afe4bd,neg,train,Asia,Kazakhstan,52.06451741955281,50.02362842448767,0,30,grassland,grassland_savanna,temperate,N,temperate_other,S2B_MSIL2A_20180628T073609_R092_T39UWR_20201012T033036,S2A_MSIL2A_20180822T073611_R092_T39UWR_20201011T051656,2018-06-28T07:36:09.024000Z,2018-08-22T07:36:11.024000Z,2018-06-28,2018-08-22,0.03,-26,29,0.077906,0.075896,1.0,1.0,-0.013169655576348305,-0.01710360497236252,0.03354617953300476,-0.03437976911664009,0.00448763370513916,0.028524763882160187,-0.20822766423225403,0.3457438051700592,1.0,0.006138392857142857,0.00023915816326530612,0.0,1,unburned_or_regrowth,-1,not_applicable,png,images/pre/4ebc6da7b4afe4bd.png,images/post/4ebc6da7b4afe4bd.png,images/dnbr/4ebc6da7b4afe4bd.png,geotiff/pre/4ebc6da7b4afe4bd.tif,geotiff/post/4ebc6da7b4afe4bd.tif,geotiff/dnbr/4ebc6da7b4afe4bd.tif
MCD64A1.A2018182.h21v04.061.2021358232248_r455_c1203,2018-07-30,2018,7,211,MCD64A1.A2018182.h21v04.061.2021358232248,52.43230820064114,48.102083328992066,2329,582.25,224,10,1cad2ad63d9d0977,burn,train,Asia,Kazakhstan,52.5531363995597,48.11041666232465,1,30,grassland,grassland_savanna,temperate,N,temperate_other,S2A_MSIL2A_20180723T073611_R092_T39UXP_20210516T221012,S2B_MSIL2A_20180814T072609_R049_T39UXP_20201011T014555,2018-07-23T07:36:11.024000Z,2018-08-14T07:26:09.024000Z,2018-07-23,2018-08-14,10.03,-7,15,2.011705,4.598492,0.9998804209183674,1.0,0.17572259902954102,0.1720479130744934,0.053494084626436234,0.14459295570850372,0.20262981951236725,0.2345740646123886,-0.0869326964020729,0.4357560873031616,0.9998804209183674,0.9545400191326531,0.04490194515306122,0.0,2,low,0,low,png,images/pre/1cad2ad63d9d0977.png,images/post/1cad2ad63d9d0977.png,images/dnbr/1cad2ad63d9d0977.png,geotiff/pre/1cad2ad63d9d0977.tif,geotiff/post/1cad2ad63d9d0977.tif,geotiff/dnbr/1cad2ad63d9d0977.tif
MCD64A1.A2018182.h21v04.061.2021358232248_r455_c1203,2018-07-30,2018,7,211,MCD64A1.A2018182.h21v04.061.2021358232248,52.43230820064114,48.102083328992066,2329,582.25,224,10,6bf5b7aade4f5958,neg,train,Asia,Kazakhstan,52.372786448046924,48.341104859000126,0,30,grassland,grassland_savanna,temperate,N,temperate_other,S2B_MSIL2A_20180618T073609_R092_T39UWP_20201011T234043,S2A_MSIL2A_20180822T073611_R092_T39UWP_20201011T051654,2018-06-18T07:36:09.024000Z,2018-08-22T07:36:11.024000Z,2018-06-18,2018-08-22,0.03,-42,23,0.429745,0.428997,0.9933035714285714,0.9938217474489796,-0.007244867738336325,-0.005331940948963165,0.02746005542576313,-0.025886274874210358,0.012930456548929214,0.02494162507355213,-0.15146955847740173,0.13963669538497925,0.9884008290816326,0.00031887755102040814,0.0,0.0,1,unburned_or_regrowth,-1,not_applicable,png,images/pre/6bf5b7aade4f5958.png,images/post/6bf5b7aade4f5958.png,images/dnbr/6bf5b7aade4f5958.png,geotiff/pre/6bf5b7aade4f5958.tif,geotiff/post/6bf5b7aade4f5958.tif,geotiff/dnbr/6bf5b7aade4f5958.tif
MCD64A1.A2018213.h22v04.061.2021360151011_r391_c703,2018-08-12,2018,8,224,MCD64A1.A2018213.h22v04.061.2021360151011,64.6229933173632,48.368749995634865,2280,570.0,224,10,d57bb6fa0aef84fd,burn,train,Asia,Kazakhstan,64.69923516380574,48.36458332896857,1,30,grassland,grassland_savanna,temperate,N,temperate_other,S2B_MSIL2A_20180723T064619_R020_T41UPP_20201011T191147,S2A_MSIL2A_20180817T064621_R020_T41UPP_20201011T025305,2018-07-23T06:46:19.024000Z,2018-08-17T06:46:21.024000Z,2018-07-23,2018-08-17,0.03,-20,5,0.033243,0.174731,1.0,1.0,0.1538783758878708,0.18814966082572937,0.12817688286304474,-0.0006993953138589859,0.2566249966621399,0.3052777051925659,-0.08368093520402908,0.5596711039543152,1.0,0.6371970663265306,0.20290577168367346,0.003308354591836735,2,low,0,low,png,images/pre/d57bb6fa0aef84fd.png,images/post/d57bb6fa0aef84fd.png,images/dnbr/d57bb6fa0aef84fd.png,geotiff/pre/d57bb6fa0aef84fd.tif,geotiff/post/d57bb6fa0aef84fd.tif,geotiff/dnbr/d57bb6fa0aef84fd.tif
MCD64A1.A2018213.h22v04.061.2021360151011_r391_c703,2018-08-12,2018,8,224,MCD64A1.A2018213.h22v04.061.2021360151011,64.6229933173632,48.368749995634865,2280,570.0,224,10,e42a5859151283aa,neg,train,Asia,Kazakhstan,65.07652653183949,48.512881606922306,0,30,grassland,grassland_savanna,temperate,N,temperate_other,S2B_MSIL2A_20180723T064619_R020_T41UPP_20201011T191147,S2A_MSIL2A_20180906T064621_R020_T41UPP_20201011T091106,2018-07-23T06:46:19.024000Z,2018-09-06T06:46:21.024000Z,2018-07-23,2018-09-06,0.03,-20,25,0.033243,0.061107,1.0,1.0,-0.00863591581583023,-0.010134011507034302,0.017298489809036255,-0.020411163568496704,0.002460818737745285,0.014051886275410652,-0.12426388263702393,0.17577478289604187,1.0,0.00011957908163265306,0.0,0.0,1,unburned_or_regrowth,-1,not_applicable,png,images/pre/e42a5859151283aa.png,images/post/e42a5859151283aa.png,images/dnbr/e42a5859151283aa.png,geotiff/pre/e42a5859151283aa.tif,geotiff/post/e42a5859151283aa.tif,geotiff/dnbr/e42a5859151283aa.tif
MCD64A1.A2018213.h23v04.061.2021360165206_r1561_c1015,2018-08-30,2018,8,242,MCD64A1.A2018213.h23v04.061.2021360165206,74.75538047880015,43.4937499960712,316,79.0,224,10,50d97f3f41b3501a,burn,test,Asia,Kazakhstan,74.77202674712262,43.497916662737495,1,30,grassland,grassland_savanna,temperate,N,temperate_other,S2B_MSIL2A_20180817T055629_R091_T43TDJ_20201011T030708,S2A_MSIL2A_20180918T054631_R048_T43TDJ_20201009T021720,2018-08-17T05:56:29.024000Z,2018-09-18T05:46:31.024000Z,2018-08-17,2018-09-18,9.97,-13,19,0.008072,0.007175,1.0,1.0,0.21877706050872803,0.20232635736465454,0.13067622482776642,0.12615393102169037,0.2983255386352539,0.3982934057712555,-0.2825109660625458,0.8006981015205383,1.0,0.8288424744897959,0.31186224489795916,0.06351642219387756,2,low,0,low,png,images/pre/50d97f3f41b3501a.png,images/post/50d97f3f41b3501a.png,images/dnbr/50d97f3f41b3501a.png,geotiff/pre/50d97f3f41b3501a.tif,geotiff/post/50d97f3f41b3501a.tif,geotiff/dnbr/50d97f3f41b3501a.tif
MCD64A1.A2018213.h23v04.061.2021360165206_r1561_c1015,2018-08-30,2018,8,242,MCD64A1.A2018213.h23v04.061.2021360165206,74.75538047880015,43.4937499960712,316,79.0,224,10,1ac85c28030ab9e9,neg,test,Asia,Kazakhstan,74.9227886739273,43.54092230722216,0,30,grassland,grassland_savanna,temperate,N,temperate_other,S2A_MSIL2A_20180720T054641_R048_T43TDJ_20201011T174954,S2A_MSIL2A_20180918T054631_R048_T43TDJ_20201009T021720,2018-07-20T05:46:41.024000Z,2018-09-18T05:46:31.024000Z,2018-07-20,2018-09-18,0.17,-41,19,0.002826,0.007175,1.0,1.0,-0.03285765275359154,-0.03233720734715462,0.011690582148730755,-0.040650732815265656,-0.0251271054148674,-0.01898466795682907,-0.10205870866775513,0.05347990617156029,1.0,0.0,0.0,0.0,1,unburned_or_regrowth,-1,not_applicable,png,images/pre/1ac85c28030ab9e9.png,images/post/1ac85c28030ab9e9.png,images/dnbr/1ac85c28030ab9e9.png,geotiff/pre/1ac85c28030ab9e9.tif,geotiff/post/1ac85c28030ab9e9.tif,geotiff/dnbr/1ac85c28030ab9e9.tif
MCD64A1.A2018182.h21v03.061.2021358231416_r2284_c1883,2018-07-30,2018,7,211,MCD64A1.A2018182.h21v03.061.2021358231416,59.47837606060488,50.48124999544579,1886,471.5,224,10,c19fcde4bd9e4aeb,burn,train,Asia,Kazakhstan,59.24282037391879,50.43958332878285,1,30,grassland,grassland_savanna,temperate,N,temperate_other,S2B_MSIL2A_20180719T070619_R106_T40UFA_20201011T173930,S2B_MSIL2A_20180808T070619_R106_T40UFA_20201010T225923,2018-07-19T07:06:19.024000Z,2018-08-08T07:06:19.024000Z,2018-07-19,2018-08-08,0.0,-11,9,0.003825,5.401544,1.0,1.0,0.2043391615152359,0.17742404341697693,0.15026165544986725,0.1154947429895401,0.23314429819583893,0.3717241883277893,-0.029825806617736816,1.1203675270080566,1.0,0.8022759885204082,0.16990194515306123,0.07419882015306123,2,low,0,low,png,images/pre/c19fcde4bd9e4aeb.png,images/post/c19fcde4bd9e4aeb.png,images/dnbr/c19fcde4bd9e4aeb.png,geotiff/pre/c19fcde4bd9e4aeb.tif,geotiff/post/c19fcde4bd9e4aeb.tif,geotiff/dnbr/c19fcde4bd9e4aeb.tif
MCD64A1.A2018182.h21v03.061.2021358231416_r2284_c1883,2018-07-30,2018,7,211,MCD64A1.A2018182.h21v03.061.2021358231416,59.47837606060488,50.48124999544579,1886,471.5,224,10,65ee3ca4e21f1398,neg,train,Asia,Kazakhstan,59.576088178091084,50.355882888992525,0,30,grassland,grassland_savanna,temperate,N,temperate_other,S2B_MSIL2A_20180719T070619_R106_T40UFA_20201011T173930,S2A_MSIL2A_20180912T070621_R106_T40UFA_20201009T001908,2018-07-19T07:06:19.024000Z,2018-09-12T07:06:21.024000Z,2018-07-19,2018-09-12,0.03,-11,44,0.003825,0.015123,1.0,0.9999202806122449,-0.008893731981515884,-0.015320412814617157,0.03770202770829201,-0.02728063240647316,-0.0001524016261100769,0.020380858331918716,-0.15556101500988007,0.30537426471710205,0.9999202806122449,0.026167889030612245,0.00011957908163265306,0.0,1,unburned_or_regrowth,-1,not_applicable,png,images/pre/65ee3ca4e21f1398.png,images/post/65ee3ca4e21f1398.png,images/dnbr/65ee3ca4e21f1398.png,geotiff/pre/65ee3ca4e21f1398.tif,geotiff/post/65ee3ca4e21f1398.tif,geotiff/dnbr/65ee3ca4e21f1398.tif
MCD64A1.A2018213.h21v05.061.2021360133955_r640_c810,2018-08-28,2018,8,240,MCD64A1.A2018213.h21v05.061.2021360133955,41.976210247559564,37.33124999662276,94,23.5,224,10,af6e89e4423c4b21,burn,train,Asia,Turkey,41.99309829180286,37.35208332995423,1,20,shrubland,shrubland_chaparral,temperate,N,temperate_other,S2A_MSIL2A_20180808T075611_R035_T38SKG_20201010T224549,S2B_MSIL2A_20180912T075959_R035_T38SKG_20201009T003016,2018-08-08T07:56:11.024000Z,2018-09-12T07:59:59.024000Z,2018-08-08,2018-09-12,3.8,-20,15,0.019486,0.011868,1.0,1.0,0.19196677207946777,0.2106807976961136,0.14689671993255615,0.029658008366823196,0.3164612054824829,0.3792977035045624,-0.1156684085726738,0.584052562713623,1.0,0.6293247767857143,0.3739636479591837,0.03049266581632653,2,low,0,low,png,images/pre/af6e89e4423c4b21.png,images/post/af6e89e4423c4b21.png,images/dnbr/af6e89e4423c4b21.png,geotiff/pre/af6e89e4423c4b21.tif,geotiff/post/af6e89e4423c4b21.tif,geotiff/dnbr/af6e89e4423c4b21.tif
MCD64A1.A2018213.h21v05.061.2021360133955_r640_c810,2018-08-28,2018,8,240,MCD64A1.A2018213.h21v05.061.2021360133955,41.976210247559564,37.33124999662276,94,23.5,224,10,fa6ed83cac7db475,neg,train,Asia,Turkey,42.06160005777178,37.232786613706466,0,40,cropland,cropland,temperate,N,temperate_other,S2A_MSIL2A_20180808T075611_R035_T38SKG_20201010T224549,S2B_MSIL2A_20180912T075959_R035_T38SKG_20201009T003016,2018-08-08T07:56:11.024000Z,2018-09-12T07:59:59.024000Z,2018-08-08,2018-09-12,3.8,-20,15,0.019486,0.011868,1.0,1.0,0.020746149122714996,0.01724269613623619,0.03124416433274746,0.0047710128128528595,0.031362079083919525,0.05194467306137085,-0.1840410679578781,0.27295589447021484,1.0,0.026088169642857144,1.992984693877551e-05,0.0,1,unburned_or_regrowth,-1,not_applicable,png,images/pre/fa6ed83cac7db475.png,images/post/fa6ed83cac7db475.png,images/dnbr/fa6ed83cac7db475.png,geotiff/pre/fa6ed83cac7db475.tif,geotiff/post/fa6ed83cac7db475.tif,geotiff/dnbr/fa6ed83cac7db475.tif
MCD64A1.A2018182.h29v08.061.2021359101600_r2190_c474,2018-07-29,2018,7,210,MCD64A1.A2018182.h29v08.061.2021359101600,111.9900802739533,0.872916666543572,3,0.75,224,10,f7ab5db9781aaf18,burn,test,Asia,Indonesia,111.9900802739533,0.872916666543572,1,10,tree_cover,forest,tropical,N,tropical_moist,S2B_MSIL2A_20180718T023549_R089_T49NFA_20201011T171415,S2A_MSIL2A_20180815T024551_R132_T49NFA_20201011T015546,2018-07-18T02:35:49.024000Z,2018-08-15T02:45:51.024000Z,2018-07-18,2018-08-15,10.03,-11,17,5.446617,9.88297,1.0,0.8176817602040817,0.3609012961387634,0.3716607689857483,0.1526096761226654,0.24930128455162048,0.47403857111930847,0.5525575876235962,-0.18229398131370544,0.9253410696983337,0.8176817602040817,0.7753507653061225,0.5827287946428571,0.26990991709183676,3,moderate,1,moderate,png,images/pre/f7ab5db9781aaf18.png,images/post/f7ab5db9781aaf18.png,images/dnbr/f7ab5db9781aaf18.png,geotiff/pre/f7ab5db9781aaf18.tif,geotiff/post/f7ab5db9781aaf18.tif,geotiff/dnbr/f7ab5db9781aaf18.tif
MCD64A1.A2018182.h29v08.061.2021359101600_r2190_c474,2018-07-29,2018,7,210,MCD64A1.A2018182.h29v08.061.2021359101600,111.9900802739533,0.872916666543572,3,0.75,224,10,0358318f3f23c981,neg,test,Asia,Indonesia,111.90808218027829,0.8568013005532813,0,10,tree_cover,forest,tropical,N,tropical_moist,S2A_MSIL2A_20180713T023551_R089_T49NEA_20201011T151017,S2B_MSIL2A_20180830T024539_R132_T49NFA_20201103T153136,2018-07-13T02:35:51.024000Z,2018-08-30T02:45:39.024000Z,2018-07-13,2018-08-30,9.8,-16,32,0.546512,1.678075,0.9333944515306123,0.9642857142857143,-0.06406118720769882,-0.042715758085250854,0.08361545950174332,-0.06479960680007935,-0.025997787714004517,-0.010317769832909107,-0.7609534859657288,0.09368342161178589,0.8982382015306123,0.0,0.0,0.0,1,unburned_or_regrowth,-1,not_applicable,png,images/pre/0358318f3f23c981.png,images/post/0358318f3f23c981.png,images/dnbr/0358318f3f23c981.png,geotiff/pre/0358318f3f23c981.tif,geotiff/post/0358318f3f23c981.tif,geotiff/dnbr/0358318f3f23c981.tif
MCD64A1.A2018213.h23v04.061.2021360165206_r412_c204,2018-08-12,2018,8,224,MCD64A1.A2018213.h23v04.061.2021360165206,76.4147558153901,48.281249995642696,717,179.25,224,10,7dff7d9d7a9928e1,burn,val,Asia,Kazakhstan,76.48965393829263,48.331249995638224,1,30,grassland,grassland_savanna,temperate,N,temperate_other,S2B_MSIL2A_20180728T055629_R091_T43UFP_20201011T210523,S2B_MSIL2A_20180817T055629_R091_T43UFP_20201011T030712,2018-07-28T05:56:29.024000Z,2018-08-17T05:56:29.024000Z,2018-07-28,2018-08-17,0.0,-15,5,0.364183,4.573312,1.0,0.9170121173469388,0.16074177622795105,0.16487866640090942,0.06065943092107773,0.13341856002807617,0.19926169514656067,0.22776776552200317,-0.28988948464393616,0.41155922412872314,0.9170121173469388,0.8095105229591837,0.015525350765306123,0.0,2,low,0,low,png,images/pre/7dff7d9d7a9928e1.png,images/post/7dff7d9d7a9928e1.png,images/dnbr/7dff7d9d7a9928e1.png,geotiff/pre/7dff7d9d7a9928e1.tif,geotiff/post/7dff7d9d7a9928e1.tif,geotiff/dnbr/7dff7d9d7a9928e1.tif
MCD64A1.A2018213.h23v04.061.2021360165206_r412_c204,2018-08-12,2018,8,224,MCD64A1.A2018213.h23v04.061.2021360165206,76.4147558153901,48.281249995642696,717,179.25,224,10,9d4f0088434e02e1,neg,val,Asia,Kazakhstan,76.26576960097213,48.170521188830925,0,30,grassland,grassland_savanna,temperate,N,temperate_other,S2B_MSIL2A_20180705T054639_R048_T43UEP_20201027T025133,S2A_MSIL2A_20180819T054641_R048_T43UEP_20201011T035104,2018-07-05T05:46:39.024000Z,2018-08-19T05:46:41.024000Z,2018-07-05,2018-08-19,0.03,-38,7,0.264194,0.319771,0.9998405612244898,0.9995216836734694,0.04376031458377838,0.043574750423431396,0.01919914223253727,0.03265709429979324,0.05409570038318634,0.06585265696048737,-0.09067893028259277,0.17870213091373444,0.9993622448979592,0.00835060586734694,0.0,0.0,1,unburned_or_regrowth,-1,not_applicable,png,images/pre/9d4f0088434e02e1.png,images/post/9d4f0088434e02e1.png,images/dnbr/9d4f0088434e02e1.png,geotiff/pre/9d4f0088434e02e1.tif,geotiff/post/9d4f0088434e02e1.tif,geotiff/dnbr/9d4f0088434e02e1.tif
MCD64A1.A2018213.h22v04.061.2021360151011_r397_c716,2018-08-14,2018,8,226,MCD64A1.A2018213.h22v04.061.2021360151011,64.67278603560587,48.343749995637104,1744,436.0,224,10,67c52d1e8c2c07af,burn,train,Asia,Kazakhstan,64.74525321666482,48.30208332897417,1,30,grassland,grassland_savanna,temperate,N,temperate_other,S2B_MSIL2A_20180723T064619_R020_T41UPP_20201011T191147,S2B_MSIL2A_20180901T064619_R020_T41UPP_20201011T071554,2018-07-23T06:46:19.024000Z,2018-09-01T06:46:19.024000Z,2018-07-23,2018-09-01,0.0,-22,18,0.033243,0.174984,1.0,1.0,0.15678663551807404,0.13553430140018463,0.15234680473804474,0.013566144742071629,0.23360323905944824,0.3606019616127014,-0.14173762500286102,0.9663800001144409,1.0,0.5967793367346939,0.1907684948979592,0.053591358418367346,2,low,0,low,png,images/pre/67c52d1e8c2c07af.png,images/post/67c52d1e8c2c07af.png,images/dnbr/67c52d1e8c2c07af.png,geotiff/pre/67c52d1e8c2c07af.tif,geotiff/post/67c52d1e8c2c07af.tif,geotiff/dnbr/67c52d1e8c2c07af.tif
MCD64A1.A2018213.h22v04.061.2021360151011_r397_c716,2018-08-14,2018,8,226,MCD64A1.A2018213.h22v04.061.2021360151011,64.67278603560587,48.343749995637104,1744,436.0,224,10,feb99391e356b117,neg,train,Asia,Kazakhstan,64.86272849994579,48.50440878623011,0,30,grassland,grassland_savanna,temperate,N,temperate_other,S2B_MSIL2A_20180723T064619_R020_T41UPP_20201011T191147,S2A_MSIL2A_20180906T064621_R020_T41UPP_20201011T091106,2018-07-23T06:46:19.024000Z,2018-09-06T06:46:21.024000Z,2018-07-23,2018-09-06,0.03,-22,23,0.033243,0.061107,1.0,1.0,-0.0024992204271256924,-0.001983214169740677,0.018004046753048897,-0.013632278889417648,0.009163577109575272,0.01936297118663788,-0.20537570118904114,0.11762455850839615,1.0,1.992984693877551e-05,0.0,0.0,1,unburned_or_regrowth,-1,not_applicable,png,images/pre/feb99391e356b117.png,images/post/feb99391e356b117.png,images/dnbr/feb99391e356b117.png,geotiff/pre/feb99391e356b117.tif,geotiff/post/feb99391e356b117.tif,geotiff/dnbr/feb99391e356b117.tif
MCD64A1.A2018213.h21v05.061.2021360133955_r600_c821,2018-08-18,2018,8,230,MCD64A1.A2018213.h21v05.061.2021360133955,42.127489085870096,37.497916663274516,28,7.0,224,10,2bb631a51e9d9abe,burn,test,Asia,Turkey,42.140344162337,37.50208332994081,1,20,shrubland,shrubland_chaparral,temperate,N,temperate_other,S2A_MSIL2A_20180808T075611_R035_T38SKG_20201010T224549,S2B_MSIL2A_20180902T075559_R035_T37SGB_20201011T074337,2018-08-08T07:56:11.024000Z,2018-09-02T07:55:59.024000Z,2018-08-08,2018-09-02,0.2,-10,15,0.019486,0.028046,1.0,1.0,0.1577894687652588,0.1536026895046234,0.13150368630886078,0.046428948640823364,0.2558867037296295,0.3357936143875122,-0.26181575655937195,0.5982766151428223,1.0,0.6120854591836735,0.21667729591836735,0.015644929846938774,2,low,0,low,png,images/pre/2bb631a51e9d9abe.png,images/post/2bb631a51e9d9abe.png,images/dnbr/2bb631a51e9d9abe.png,geotiff/pre/2bb631a51e9d9abe.tif,geotiff/post/2bb631a51e9d9abe.tif,geotiff/dnbr/2bb631a51e9d9abe.tif
MCD64A1.A2018213.h21v05.061.2021360133955_r600_c821,2018-08-18,2018,8,230,MCD64A1.A2018213.h21v05.061.2021360133955,42.127489085870096,37.497916663274516,28,7.0,224,10,e89817f6b8285fda,neg,test,Asia,Turkey,42.08774735167313,37.53378589412252,0,20,shrubland,shrubland_chaparral,temperate,N,temperate_other,S2A_MSIL2A_20180808T075611_R035_T38SKG_20201010T224549,S2B_MSIL2A_20180912T075959_R035_T38SKG_20201009T003016,2018-08-08T07:56:11.024000Z,2018-09-12T07:59:59.024000Z,2018-08-08,2018-09-12,3.8,-10,25,0.019486,0.011868,1.0,1.0,0.004114305134862661,0.006265323609113693,0.03193502873182297,-0.01488521695137024,0.0253855399787426,0.04175866022706032,-0.21293365955352783,0.15363937616348267,1.0,0.0017737563775510204,0.0,0.0,1,unburned_or_regrowth,-1,not_applicable,png,images/pre/e89817f6b8285fda.png,images/post/e89817f6b8285fda.png,images/dnbr/e89817f6b8285fda.png,geotiff/pre/e89817f6b8285fda.tif,geotiff/post/e89817f6b8285fda.tif,geotiff/dnbr/e89817f6b8285fda.tif
MCD64A1.A2018182.h21v04.061.2021358232248_r55_c864,2018-07-25,2018,7,206,MCD64A1.A2018182.h21v04.061.2021358232248,52.02574198170265,49.76874999550956,2762,690.5,224,10,2478aa40be28c4ac,burn,train,Asia,Kazakhstan,52.239201988577086,49.78124999550844,1,30,grassland,grassland_savanna,temperate,N,temperate_other,S2B_MSIL2A_20180628T073609_R092_T39UWR_20201012T033036,S2A_MSIL2A_20180802T073611_R092_T39UWR_20201019T182924,2018-06-28T07:36:09.024000Z,2018-08-02T07:36:11.024000Z,2018-06-28,2018-08-02,0.03,-27,8,0.077906,0.230269,1.0,1.0,0.19268864393234253,0.22719639539718628,0.15794090926647186,-0.0022978559136390686,0.32166188955307007,0.389191210269928,-0.06938406080007553,0.5868033170700073,1.0,0.6701809630102041,0.3960060586734694,0.0274234693877551,2,low,0,low,png,images/pre/2478aa40be28c4ac.png,images/post/2478aa40be28c4ac.png,images/dnbr/2478aa40be28c4ac.png,geotiff/pre/2478aa40be28c4ac.tif,geotiff/post/2478aa40be28c4ac.tif,geotiff/dnbr/2478aa40be28c4ac.tif
MCD64A1.A2018182.h21v04.061.2021358232248_r55_c864,2018-07-25,2018,7,206,MCD64A1.A2018182.h21v04.061.2021358232248,52.02574198170265,49.76874999550956,2762,690.5,224,10,f7b9131c2e296c0a,neg,train,Asia,Kazakhstan,52.45914836003129,49.62425216485321,0,30,grassland,grassland_savanna,temperate,N,temperate_other,S2B_MSIL2A_20180628T073609_R092_T39UWR_20201012T033036,S2A_MSIL2A_20180822T073611_R092_T39UWR_20201011T051656,2018-06-28T07:36:09.024000Z,2018-08-22T07:36:11.024000Z,2018-06-28,2018-08-22,0.03,-27,28,0.077906,0.075896,1.0,1.0,-0.03991562873125076,-0.039716992527246475,0.017229201272130013,-0.051212944090366364,-0.028714489191770554,-0.018719103187322617,-0.11958781629800797,0.05790499597787857,1.0,0.0,0.0,0.0,1,unburned_or_regrowth,-1,not_applicable,png,images/pre/f7b9131c2e296c0a.png,images/post/f7b9131c2e296c0a.png,images/dnbr/f7b9131c2e296c0a.png,geotiff/pre/f7b9131c2e296c0a.tif,geotiff/post/f7b9131c2e296c0a.tif,geotiff/dnbr/f7b9131c2e296c0a.tif
MCD64A1.A2018182.h21v03.061.2021358231416_r2296_c889,2018-07-22,2018,7,203,MCD64A1.A2018182.h21v03.061.2021358231416,52.913747431409504,50.431249995450266,4,1.0,224,10,b6de984644740e09,burn,test,Asia,Kazakhstan,52.91186296225495,50.43541666211656,1,30,grassland,grassland_savanna,temperate,N,temperate_other,S2B_MSIL2A_20180625T072619_R049_T39UXR_20201027T023448,S2B_MSIL2A_20180728T073609_R092_T39UXR_20201011T210638,2018-06-25T07:26:19.024000Z,2018-07-28T07:36:09.024000Z,2018-06-25,2018-07-28,9.83,-27,6,0.204074,0.856642,1.0,1.0,0.20929668843746185,0.27337396144866943,0.17059509456157684,0.01593761518597603,0.352705180644989,0.4080473780632019,-0.027003571391105652,0.706779956817627,1.0,0.5969985650510204,0.5072743941326531,0.05141900510204082,2,low,0,low,png,images/pre/b6de984644740e09.png,images/post/b6de984644740e09.png,images/dnbr/b6de984644740e09.png,geotiff/pre/b6de984644740e09.tif,geotiff/post/b6de984644740e09.tif,geotiff/dnbr/b6de984644740e09.tif
MCD64A1.A2018182.h21v03.061.2021358231416_r2296_c889,2018-07-22,2018,7,203,MCD64A1.A2018182.h21v03.061.2021358231416,52.913747431409504,50.431249995450266,4,1.0,224,10,85607b00e0cf6bb9,neg,test,Asia,Kazakhstan,52.86591278767254,50.43928255264656,0,30,grassland,grassland_savanna,temperate,N,temperate_other,S2B_MSIL2A_20180625T072619_R049_T39UXR_20201027T023448,S2A_MSIL2A_20180822T073611_R092_T39UXR_20201011T051651,2018-06-25T07:26:19.024000Z,2018-08-22T07:36:11.024000Z,2018-06-25,2018-08-22,9.87,-27,31,0.204074,0.220891,1.0,1.0,-0.027269000187516212,-0.03948904573917389,0.050649914890527725,-0.06511999666690826,0.006836831569671631,0.04377634450793266,-0.14348848164081573,0.31118547916412354,1.0,0.01420998086734694,0.00025908801020408165,0.0,1,unburned_or_regrowth,-1,not_applicable,png,images/pre/85607b00e0cf6bb9.png,images/post/85607b00e0cf6bb9.png,images/dnbr/85607b00e0cf6bb9.png,geotiff/pre/85607b00e0cf6bb9.tif,geotiff/post/85607b00e0cf6bb9.tif,geotiff/dnbr/85607b00e0cf6bb9.tif
MCD64A1.A2018213.h29v08.061.2021361002042_r1862_c1901,2018-08-19,2018,8,231,MCD64A1.A2018213.h29v08.061.2021361002042,118.0130600632235,2.239583333087917,9,2.25,224,10,07b5098451661da7,burn,train,Asia,Indonesia,118.00922614357843,2.2437499997542116,1,10,tree_cover,forest,tropical,N,tropical_moist,S2B_MSIL2A_20180811T021559_R003_T50NPH_20201011T001910,S2A_MSIL2A_20180826T021601_R003_T50NPH_20201027T035700,2018-08-11T02:15:59.024000Z,2018-08-26T02:16:01.024000Z,2018-08-11,2018-08-26,0.03,-8,7,8.79925,5.279903,0.9813456632653061,0.9921077806122449,0.15724705159664154,0.05041956901550293,0.2527250051498413,0.004543676972389221,0.2416115403175354,0.6023097038269043,-0.5134228467941284,1.1060950756072998,0.9734534438775511,0.35098453443877553,0.22919323979591838,0.15381855867346939,2,low,0,low,png,images/pre/07b5098451661da7.png,images/post/07b5098451661da7.png,images/dnbr/07b5098451661da7.png,geotiff/pre/07b5098451661da7.tif,geotiff/post/07b5098451661da7.tif,geotiff/dnbr/07b5098451661da7.tif
MCD64A1.A2018213.h29v08.061.2021361002042_r1862_c1901,2018-08-19,2018,8,231,MCD64A1.A2018213.h29v08.061.2021361002042,118.0130600632235,2.239583333087917,9,2.25,224,10,b5119340e30440ae,neg,train,Asia,Indonesia,117.93973979679888,2.2112034229634174,0,10,tree_cover,forest,tropical,N,tropical_moist,S2B_MSIL2A_20180811T021559_R003_T50NPH_20201011T001910,S2A_MSIL2A_20180826T021601_R003_T50NPH_20201027T035700,2018-08-11T02:15:59.024000Z,2018-08-26T02:16:01.024000Z,2018-08-11,2018-08-26,0.03,-8,7,8.79925,5.279903,1.0,0.9994419642857143,-0.0034190735314041376,-0.00592687726020813,0.03059602528810501,-0.017035558819770813,0.00592784583568573,0.021634798496961594,-0.20346298813819885,0.48704925179481506,0.9994419642857143,0.010821906887755101,0.001175860969387755,0.00013950892857142856,1,unburned_or_regrowth,-1,not_applicable,png,images/pre/b5119340e30440ae.png,images/post/b5119340e30440ae.png,images/dnbr/b5119340e30440ae.png,geotiff/pre/b5119340e30440ae.tif,geotiff/post/b5119340e30440ae.tif,geotiff/dnbr/b5119340e30440ae.tif
MCD64A1.A2018213.h20v05.061.2021360115922_r133_c1546,2018-08-27,2018,8,239,MCD64A1.A2018213.h20v05.061.2021360115922,34.24253182858673,39.44374999643369,20,5.0,224,10,d013353b85354aaf,burn,test,Asia,Turkey,34.245878568294415,39.439583329767395,1,40,cropland,cropland,temperate,N,temperate_other,S2A_MSIL2A_20180817T082601_R021_T36SXJ_20201011T025519,S2B_MSIL2A_20180901T082549_R021_T36SXJ_20201011T071737,2018-08-17T08:26:01.024000Z,2018-09-01T08:25:49.024000Z,2018-08-17,2018-09-01,0.2,-10,5,0.914957,2.083215,1.0,1.0,0.15606439113616943,0.18209749460220337,0.127102330327034,0.011631778441369534,0.25780433416366577,0.31005382537841797,-0.13207611441612244,0.5629574656486511,1.0,0.6257573341836735,0.20902423469387754,0.005381058673469388,2,low,0,low,png,images/pre/d013353b85354aaf.png,images/post/d013353b85354aaf.png,images/dnbr/d013353b85354aaf.png,geotiff/pre/d013353b85354aaf.tif,geotiff/post/d013353b85354aaf.tif,geotiff/dnbr/d013353b85354aaf.tif
MCD64A1.A2018213.h20v05.061.2021360115922_r133_c1546,2018-08-27,2018,8,239,MCD64A1.A2018213.h20v05.061.2021360115922,34.24253182858673,39.44374999643369,20,5.0,224,10,210997974c9aab1a,neg,test,Asia,Turkey,34.277179433854904,39.473161129417,0,40,cropland,cropland,temperate,N,temperate_other,S2A_MSIL2A_20180817T082601_R021_T36SXJ_20201011T025519,S2A_MSIL2A_20181006T082811_R021_T36SXJ_20201009T084037,2018-08-17T08:26:01.024000Z,2018-10-06T08:28:11.024000Z,2018-08-17,2018-10-06,2.17,-10,40,0.914957,1.190119,1.0,0.9996014030612245,-0.03923525661230087,-0.03985466808080673,0.015485215000808239,-0.045503370463848114,-0.034517332911491394,-0.029231367632746696,-0.0855092853307724,0.5166097283363342,0.9996014030612245,0.001913265306122449,0.0004185267857142857,5.978954081632653e-05,1,unburned_or_regrowth,-1,not_applicable,png,images/pre/210997974c9aab1a.png,images/post/210997974c9aab1a.png,images/dnbr/210997974c9aab1a.png,geotiff/pre/210997974c9aab1a.tif,geotiff/post/210997974c9aab1a.tif,geotiff/dnbr/210997974c9aab1a.tif
MCD64A1.A2018182.h22v04.061.2021359010507_r292_c329,2018-07-13,2018,7,194,MCD64A1.A2018182.h22v04.061.2021359010507,62.787491511327104,48.781249995597946,1430,357.5,224,10,7cfa0bfad1748640,burn,train,Asia,Kazakhstan,62.87576707792911,48.90208332892046,1,30,grassland,grassland_savanna,temperate,N,temperate_other,S2B_MSIL2A_20180616T065619_R063_T41UMQ_20201011T225429,S2B_MSIL2A_20180723T064619_R020_T41UMQ_20201011T191150,2018-06-16T06:56:19.024000Z,2018-07-23T06:46:19.024000Z,2018-06-16,2018-07-23,10.0,-27,10,0.44302,0.399152,1.0,1.0,0.18741843104362488,0.18780258297920227,0.130874365568161,0.06776605546474457,0.2809530794620514,0.3606099486351013,-0.15943950414657593,0.8486452102661133,1.0,0.7010124362244898,0.277164381377551,0.02774234693877551,2,low,0,low,png,images/pre/7cfa0bfad1748640.png,images/post/7cfa0bfad1748640.png,images/dnbr/7cfa0bfad1748640.png,geotiff/pre/7cfa0bfad1748640.tif,geotiff/post/7cfa0bfad1748640.tif,geotiff/dnbr/7cfa0bfad1748640.tif
MCD64A1.A2018182.h22v04.061.2021359010507_r292_c329,2018-07-13,2018,7,194,MCD64A1.A2018182.h22v04.061.2021359010507,62.787491511327104,48.781249995597946,1430,357.5,224,10,282156f8d2d61a64,neg,train,Asia,Kazakhstan,63.14440278508329,48.66019693571781,0,30,grassland,grassland_savanna,temperate,N,temperate_other,S2B_MSIL2A_20180703T064619_R020_T41UNP_20201011T113639,S2B_MSIL2A_20180723T064619_R020_T41UNP_20201011T191152,2018-07-03T06:46:19.024000Z,2018-07-23T06:46:19.024000Z,2018-07-03,2018-07-23,0.0,-10,10,1.427371,1.102086,1.0,1.0,-0.00830000825226307,-0.014987923204898834,0.028445851057767868,-0.024030053988099098,-0.00322599895298481,0.016226429492235184,-0.09671977162361145,0.20750313997268677,1.0,0.01642219387755102,0.0,0.0,1,unburned_or_regrowth,-1,not_applicable,png,images/pre/282156f8d2d61a64.png,images/post/282156f8d2d61a64.png,images/dnbr/282156f8d2d61a64.png,geotiff/pre/282156f8d2d61a64.tif,geotiff/post/282156f8d2d61a64.tif,geotiff/dnbr/282156f8d2d61a64.tif
MCD64A1.A2018213.h23v04.061.2021360165206_r1626_c907,2018-08-12,2018,8,224,MCD64A1.A2018213.h23v04.061.2021360165206,73.80490736445007,43.2229166627621,273,68.25,224,10,7d72e3bd7807c384,burn,val,Asia,Kazakhstan,73.82912431408214,43.214583329429516,1,30,grassland,grassland_savanna,temperate,N,temperate_other,S2B_MSIL2A_20180718T055639_R091_T43TCH_20201011T171603,S2B_MSIL2A_20180817T055629_R091_T43TCH_20201011T030706,2018-07-18T05:56:39.024000Z,2018-08-17T05:56:29.024000Z,2018-07-18,2018-08-17,0.17,-25,5,3.429412,0.194634,1.0,1.0,0.1504964381456375,0.2040705382823944,0.13212649524211884,-0.020161321386694908,0.2509574592113495,0.28594017028808594,-0.13404671847820282,0.6364973187446594,1.0,0.6693239795918368,0.15557238520408162,0.0033482142857142855,2,low,0,low,png,images/pre/7d72e3bd7807c384.png,images/post/7d72e3bd7807c384.png,images/dnbr/7d72e3bd7807c384.png,geotiff/pre/7d72e3bd7807c384.tif,geotiff/post/7d72e3bd7807c384.tif,geotiff/dnbr/7d72e3bd7807c384.tif
MCD64A1.A2018213.h23v04.061.2021360165206_r1626_c907,2018-08-12,2018,8,224,MCD64A1.A2018213.h23v04.061.2021360165206,73.80490736445007,43.2229166627621,273,68.25,224,10,df76d6460aaa79b6,neg,val,Asia,Kazakhstan,73.79681269188555,43.31602939523702,0,30,grassland,grassland_savanna,temperate,N,temperate_other,S2B_MSIL2A_20180708T055639_R091_T43TCJ_20201011T132813,S2B_MSIL2A_20180817T055629_R091_T43TCJ_20201011T030707,2018-07-08T05:56:39.024000Z,2018-08-17T05:56:29.024000Z,2018-07-08,2018-08-17,0.17,-35,5,0.005717,0.006082,1.0,1.0,0.011415278539061546,0.01214127242565155,0.022034961730241776,0.001946091651916504,0.022273512557148933,0.034402668476104736,-0.1283283233642578,0.169033482670784,1.0,0.0029894770408163264,0.0,0.0,1,unburned_or_regrowth,-1,not_applicable,png,images/pre/df76d6460aaa79b6.png,images/post/df76d6460aaa79b6.png,images/dnbr/df76d6460aaa79b6.png,geotiff/pre/df76d6460aaa79b6.tif,geotiff/post/df76d6460aaa79b6.tif,geotiff/dnbr/df76d6460aaa79b6.tif
MCD64A1.A2018182.h22v03.061.2021359005926_r2345_c137,2018-07-13,2018,7,194,MCD64A1.A2018182.h22v03.061.2021359005926,63.42030608754703,50.227083328801875,5195,1298.75,224,10,4c6757ed2263ebe9,burn,train,Asia,Kazakhstan,63.25565850352976,50.097916662146766,1,30,grassland,grassland_savanna,temperate,N,temperate_other,S2B_MSIL2A_20180613T064619_R020_T41UNR_20201027T000429,S2B_MSIL2A_20180726T065619_R063_T41UNR_20201011T202059,2018-06-13T06:46:19.024000Z,2018-07-26T06:56:19.024000Z,2018-06-13,2018-07-26,10.0,-30,13,8.916148,0.308962,1.0,1.0,0.24796338379383087,0.24162980914115906,0.04668107628822327,0.21781350672245026,0.26876169443130493,0.3034731149673462,0.1114107221364975,0.5791951417922974,1.0,1.0,0.24198820153061223,0.005301339285714286,2,low,0,low,png,images/pre/4c6757ed2263ebe9.png,images/post/4c6757ed2263ebe9.png,images/dnbr/4c6757ed2263ebe9.png,geotiff/pre/4c6757ed2263ebe9.tif,geotiff/post/4c6757ed2263ebe9.tif,geotiff/dnbr/4c6757ed2263ebe9.tif
MCD64A1.A2018182.h22v03.061.2021359005926_r2345_c137,2018-07-13,2018,7,194,MCD64A1.A2018182.h22v03.061.2021359005926,63.42030608754703,50.227083328801875,5195,1298.75,224,10,7105d15e37d5ef0e,neg,train,Asia,Kazakhstan,62.86488622078678,49.99900389550846,0,30,grassland,grassland_savanna,temperate,N,temperate_other,S2B_MSIL2A_20180613T064619_R020_T41UMR_20201027T000423,S2B_MSIL2A_20180723T064619_R020_T41UMR_20201011T191149,2018-06-13T06:46:19.024000Z,2018-07-23T06:46:19.024000Z,2018-06-13,2018-07-23,0.0,-30,10,0.48244,0.108393,1.0,0.9996811224489796,0.043207526206970215,0.04854901134967804,0.04463931918144226,0.04164673388004303,0.055794261395931244,0.06397980451583862,-0.6242578029632568,0.3119409680366516,0.9996811224489796,0.015286192602040817,7.971938775510203e-05,0.0,1,unburned_or_regrowth,-1,not_applicable,png,images/pre/7105d15e37d5ef0e.png,images/post/7105d15e37d5ef0e.png,images/dnbr/7105d15e37d5ef0e.png,geotiff/pre/7105d15e37d5ef0e.tif,geotiff/post/7105d15e37d5ef0e.tif,geotiff/dnbr/7105d15e37d5ef0e.tif
MCD64A1.A2018182.h22v03.061.2021359005926_r2328_c110,2018-07-15,2018,7,196,MCD64A1.A2018182.h22v03.061.2021359005926,63.3385771897257,50.29791666212886,4882,1220.5,224,10,b896554091894102,burn,train,Asia,Kazakhstan,63.28478282940588,50.36041666212328,1,30,grassland,grassland_savanna,temperate,N,temperate_other,S2A_MSIL2A_20180701T065621_R063_T41UNR_20201011T104026,S2B_MSIL2A_20180726T065619_R063_T41UNR_20201011T202059,2018-07-01T06:56:21.024000Z,2018-07-26T06:56:19.024000Z,2018-07-01,2018-07-26,0.03,-14,11,10.218872,0.308962,0.9450733418367347,1.0,0.27434638142585754,0.25999006628990173,0.07759026437997818,0.22048677504062653,0.32405734062194824,0.3772276043891907,-0.0664534866809845,0.8284544348716736,0.9450733418367347,0.9410076530612245,0.42588089923469385,0.02264030612244898,3,moderate,1,moderate,png,images/pre/b896554091894102.png,images/post/b896554091894102.png,images/dnbr/b896554091894102.png,geotiff/pre/b896554091894102.tif,geotiff/post/b896554091894102.tif,geotiff/dnbr/b896554091894102.tif
MCD64A1.A2018182.h22v03.061.2021359005926_r2328_c110,2018-07-15,2018,7,196,MCD64A1.A2018182.h22v03.061.2021359005926,63.3385771897257,50.29791666212886,4882,1220.5,224,10,cc07f73fc42c5b5f,neg,train,Asia,Kazakhstan,63.04606408968941,50.63573330121902,0,30,grassland,grassland_savanna,temperate,N,temperate_other,S2A_MSIL2A_20180708T064631_R020_T41UMS_20201011T131720,S2A_MSIL2A_20180817T064621_R020_T41UNS_20201011T025310,2018-07-08T06:46:31.024000Z,2018-08-17T06:46:21.024000Z,2018-07-08,2018-08-17,0.17,-7,33,12.337287,0.037923,0.9852519132653061,1.0,0.0006090864771977067,-0.0038667991757392883,0.020358584821224213,-0.011481840163469315,0.007668871432542801,0.021875128149986267,-0.0997781977057457,0.17863738536834717,0.9852519132653061,0.006317761479591837,0.0,0.0,1,unburned_or_regrowth,-1,not_applicable,png,images/pre/cc07f73fc42c5b5f.png,images/post/cc07f73fc42c5b5f.png,images/dnbr/cc07f73fc42c5b5f.png,geotiff/pre/cc07f73fc42c5b5f.tif,geotiff/post/cc07f73fc42c5b5f.tif,geotiff/dnbr/cc07f73fc42c5b5f.tif
MCD64A1.A2018182.h22v03.061.2021359005926_r2092_c586,2018-07-23,2018,7,204,MCD64A1.A2018182.h22v03.061.2021359005926,67.85593041617399,51.28124999537419,1024,256.0,224,10,1c217a3368265285,burn,test,Asia,Kazakhstan,67.7924041273147,51.31041666203824,1,30,grassland,grassland_savanna,temperate,N,temperate_other,S2B_MSIL2A_20180707T062629_R077_T42UVB_20201011T130528,S2A_MSIL2A_20180811T062631_R077_T42UVB_20201011T000914,2018-07-07T06:26:29.024000Z,2018-08-11T06:26:31.025000Z,2018-07-07,2018-08-11,0.03,-16,19,3.673359,16.218943,0.8048070790816326,0.9334741709183674,0.237953320145607,0.23518674075603485,0.15445156395435333,0.13089102506637573,0.34511706233024597,0.43744760751724243,-0.45222705602645874,0.8311120867729187,0.7430644132653061,0.6017817283163265,0.30727838010204084,0.07178730867346939,2,low,0,low,png,images/pre/1c217a3368265285.png,images/post/1c217a3368265285.png,images/dnbr/1c217a3368265285.png,geotiff/pre/1c217a3368265285.tif,geotiff/post/1c217a3368265285.tif,geotiff/dnbr/1c217a3368265285.tif
MCD64A1.A2018182.h22v03.061.2021359005926_r2092_c586,2018-07-23,2018,7,204,MCD64A1.A2018182.h22v03.061.2021359005926,67.85593041617399,51.28124999537419,1024,256.0,224,10,09cfeb7ad29d963e,neg,test,Asia,Kazakhstan,68.16155385732941,51.27509663465712,0,30,grassland,grassland_savanna,temperate,N,temperate_other,S2B_MSIL2A_20180707T062629_R077_T42UVB_20201011T130528,S2A_MSIL2A_20180814T063631_R120_T42UVB_20201011T013124,2018-07-07T06:26:29.024000Z,2018-08-14T06:36:31.024000Z,2018-07-07,2018-08-14,10.03,-16,22,3.673359,0.002461,1.0,1.0,-0.009349429048597813,-0.016399729996919632,0.03637727349996567,-0.02935064770281315,0.00209820456802845,0.02949022687971592,-0.304507851600647,0.43878084421157837,1.0,0.018514827806122448,0.000896843112244898,0.0,1,unburned_or_regrowth,-1,not_applicable,png,images/pre/09cfeb7ad29d963e.png,images/post/09cfeb7ad29d963e.png,images/dnbr/09cfeb7ad29d963e.png,geotiff/pre/09cfeb7ad29d963e.tif,geotiff/post/09cfeb7ad29d963e.tif,geotiff/dnbr/09cfeb7ad29d963e.tif
MCD64A1.A2018182.h21v04.061.2021358232248_r453_c1199,2018-07-30,2018,7,211,MCD64A1.A2018182.h21v04.061.2021358232248,52.415848624129275,48.11041666232465,2153,538.25,224,10,1c29500cd158271e,burn,val,Asia,Kazakhstan,52.36325670543497,48.181249995651655,1,30,grassland,grassland_savanna,temperate,N,temperate_other,S2A_MSIL2A_20180630T072621_R049_T39UWP_20201012T040556,S2A_MSIL2A_20180812T073611_R092_T39UWP_20201011T003534,2018-06-30T07:26:21.024000Z,2018-08-12T07:36:11.024000Z,2018-06-30,2018-08-12,9.83,-30,13,1.164043,2.018369,0.9908322704081632,0.9998405612244898,0.18309594690799713,0.1839124858379364,0.09063088148832321,0.13639399409294128,0.23396864533424377,0.29225584864616394,-0.13415023684501648,0.5697070956230164,0.9907525510204082,0.8482541454081632,0.13920998086734693,0.005739795918367347,2,low,0,low,png,images/pre/1c29500cd158271e.png,images/post/1c29500cd158271e.png,images/dnbr/1c29500cd158271e.png,geotiff/pre/1c29500cd158271e.tif,geotiff/post/1c29500cd158271e.tif,geotiff/dnbr/1c29500cd158271e.tif
MCD64A1.A2018182.h21v04.061.2021358232248_r453_c1199,2018-07-30,2018,7,211,MCD64A1.A2018182.h21v04.061.2021358232248,52.415848624129275,48.11041666232465,2153,538.25,224,10,8f24c374a5a1bb4d,neg,val,Asia,Kazakhstan,52.81817880152537,48.05537168432216,0,30,grassland,grassland_savanna,temperate,N,temperate_other,S2B_MSIL2A_20180615T072619_R049_T39UXP_20201027T015835,S2B_MSIL2A_20180824T072609_R049_T39UXP_20201011T062810,2018-06-15T07:26:19.024000Z,2018-08-24T07:26:09.024000Z,2018-06-15,2018-08-24,0.17,-45,25,2.14554,1.152412,0.9314811862244898,0.9746492346938775,0.011494185775518417,0.012507151812314987,0.017585987225174904,0.000612165778875351,0.02274543046951294,0.031067021191120148,-0.12646283209323883,0.21584899723529816,0.9298070790816326,0.001016422193877551,0.0,0.0,1,unburned_or_regrowth,-1,not_applicable,png,images/pre/8f24c374a5a1bb4d.png,images/post/8f24c374a5a1bb4d.png,images/dnbr/8f24c374a5a1bb4d.png,geotiff/pre/8f24c374a5a1bb4d.tif,geotiff/post/8f24c374a5a1bb4d.tif,geotiff/dnbr/8f24c374a5a1bb4d.tif
MCD64A1.A2018182.h21v05.061.2021358233328_r83_c1522,2018-07-30,2018,7,211,MCD64A1.A2018182.h21v05.061.2021358233328,47.20375263424063,39.65208332974838,441,110.25,224,10,65e0fd3d64841fe6,burn,test,Asia,Azerbaijan,47.28663096320111,39.62291666308431,1,20,shrubland,shrubland_chaparral,temperate,N,temperate_other,S2A_MSIL2A_20180703T073611_R092_T38SPJ_20201011T112431,S2B_MSIL2A_20180817T073609_R092_T38SPJ_20201011T030834,2018-07-03T07:36:11.024000Z,2018-08-17T07:36:09.024000Z,2018-07-03,2018-08-17,0.03,-27,18,0.038918,0.240603,1.0,1.0,0.15115854144096375,0.18534593284130096,0.1067165806889534,0.034941188991069794,0.23371201753616333,0.26975226402282715,-0.11226841807365417,0.45734870433807373,1.0,0.6746651785714286,0.09931042729591837,7.971938775510203e-05,2,low,0,low,png,images/pre/65e0fd3d64841fe6.png,images/post/65e0fd3d64841fe6.png,images/dnbr/65e0fd3d64841fe6.png,geotiff/pre/65e0fd3d64841fe6.tif,geotiff/post/65e0fd3d64841fe6.tif,geotiff/dnbr/65e0fd3d64841fe6.tif
MCD64A1.A2018182.h21v05.061.2021358233328_r83_c1522,2018-07-30,2018,7,211,MCD64A1.A2018182.h21v05.061.2021358233328,47.20375263424063,39.65208332974838,441,110.25,224,10,cfc24a8a4fe5ee70,neg,test,Asia,Azerbaijan,47.200972386319904,39.842565367647076,0,30,grassland,grassland_savanna,temperate,N,temperate_other,S2A_MSIL2A_20180703T073611_R092_T38TPK_20201011T112434,S2A_MSIL2A_20180911T073611_R092_T38TPK_20201008T235641,2018-07-03T07:36:11.024000Z,2018-09-11T07:36:11.024000Z,2018-07-03,2018-09-11,0.0,-27,43,0.034111,1.362205,1.0,1.0,-0.015970993787050247,-0.026675188913941383,0.03687133267521858,-0.037736132740974426,-0.011098889634013176,0.045306090265512466,-0.1418977677822113,0.2537379860877991,1.0,0.00759327168367347,0.0,0.0,1,unburned_or_regrowth,-1,not_applicable,png,images/pre/cfc24a8a4fe5ee70.png,images/post/cfc24a8a4fe5ee70.png,images/dnbr/cfc24a8a4fe5ee70.png,geotiff/pre/cfc24a8a4fe5ee70.tif,geotiff/post/cfc24a8a4fe5ee70.tif,geotiff/dnbr/cfc24a8a4fe5ee70.tif
MCD64A1.A2018182.h22v03.061.2021359005926_r2333_c120,2018-07-14,2018,7,195,MCD64A1.A2018182.h22v03.061.2021359005926,63.37605347621947,50.277083328797396,5964,1491.0,224,10,62b0e972fb72dd71,burn,train,Asia,Kazakhstan,63.41297816512747,50.31458332879404,1,30,grassland,grassland_savanna,temperate,N,temperate_other,S2A_MSIL2A_20180701T065621_R063_T41UNR_20201011T104026,S2B_MSIL2A_20180726T065619_R063_T41UNR_20201011T202059,2018-07-01T06:56:21.024000Z,2018-07-26T06:56:19.024000Z,2018-07-01,2018-07-26,0.03,-13,12,10.218872,0.308962,0.9946189413265306,1.0,0.23833754658699036,0.2293425351381302,0.07216513901948929,0.18837760388851166,0.2823706269264221,0.33107441663742065,-0.13273251056671143,0.6735817193984985,0.9946189413265306,0.983757174744898,0.2986686862244898,0.01034359056122449,2,low,0,low,png,images/pre/62b0e972fb72dd71.png,images/post/62b0e972fb72dd71.png,images/dnbr/62b0e972fb72dd71.png,geotiff/pre/62b0e972fb72dd71.tif,geotiff/post/62b0e972fb72dd71.tif,geotiff/dnbr/62b0e972fb72dd71.tif
MCD64A1.A2018182.h22v03.061.2021359005926_r2333_c120,2018-07-14,2018,7,195,MCD64A1.A2018182.h22v03.061.2021359005926,63.37605347621947,50.277083328797396,5964,1491.0,224,10,ef4756b581b0c729,neg,train,Asia,Kazakhstan,62.77056294310901,50.42310036921024,0,30,grassland,grassland_savanna,temperate,N,temperate_other,S2B_MSIL2A_20180613T064619_R020_T41UMR_20201027T000423,S2B_MSIL2A_20180723T064619_R020_T41UMR_20201011T191149,2018-06-13T06:46:19.024000Z,2018-07-23T06:46:19.024000Z,2018-06-13,2018-07-23,0.0,-31,9,0.48244,0.108393,0.8443877551020408,1.0,0.014879425056278706,0.013607997447252274,0.02577258087694645,0.003724183887243271,0.021999530494213104,0.031641531735658646,-0.33613520860671997,0.3770778775215149,0.8443877551020408,0.009347098214285714,0.0006776147959183673,0.0,1,unburned_or_regrowth,-1,not_applicable,png,images/pre/ef4756b581b0c729.png,images/post/ef4756b581b0c729.png,images/dnbr/ef4756b581b0c729.png,geotiff/pre/ef4756b581b0c729.tif,geotiff/post/ef4756b581b0c729.tif,geotiff/dnbr/ef4756b581b0c729.tif
MCD64A1.A2018182.h23v04.061.2021359024817_r593_c1023,2018-07-31,2018,7,212,MCD64A1.A2018182.h23v04.061.2021359024817,80.36320811602832,47.527083329043535,1676,419.0,224,10,6b374bc62d2c3252,burn,train,Asia,Kazakhstan,80.24414941513525,47.48958332904688,1,30,grassland,grassland_savanna,temperate,N,temperate_other,S2A_MSIL2A_20180707T053641_R005_T44TMT_20201011T125411,S2A_MSIL2A_20180816T053641_R005_T44TMT_20201011T022426,2018-07-07T05:36:41.024000Z,2018-08-16T05:36:41.024000Z,2018-07-07,2018-08-16,0.0,-24,16,3.51828,11.16333,1.0,1.0,0.22346152365207672,0.17466767132282257,0.15106824040412903,0.13162973523139954,0.25030815601348877,0.4316790699958801,0.01575290411710739,0.9534848928451538,1.0,0.9077447385204082,0.21827168367346939,0.09661989795918367,2,low,0,low,png,images/pre/6b374bc62d2c3252.png,images/post/6b374bc62d2c3252.png,images/dnbr/6b374bc62d2c3252.png,geotiff/pre/6b374bc62d2c3252.tif,geotiff/post/6b374bc62d2c3252.tif,geotiff/dnbr/6b374bc62d2c3252.tif
MCD64A1.A2018182.h23v04.061.2021359024817_r593_c1023,2018-07-31,2018,7,212,MCD64A1.A2018182.h23v04.061.2021359024817,80.36320811602832,47.527083329043535,1676,419.0,224,10,87e3554755a0848a,neg,train,Asia,Kazakhstan,80.47126534614972,47.35224214412661,0,30,grassland,grassland_savanna,temperate,N,temperate_other,S2A_MSIL2A_20180627T053641_R005_T44TMT_20201012T025450,S2A_MSIL2A_20180905T053641_R005_T44TMT_20201103T210722,2018-06-27T05:36:41.024000Z,2018-09-05T05:36:41.024000Z,2018-06-27,2018-09-05,0.0,-34,36,2.414902,1.865392,1.0,0.9992825255102041,0.02175801992416382,0.017911478877067566,0.04516792297363281,0.005993008613586426,0.028125543147325516,0.043671950697898865,-0.1485586017370224,0.5790546536445618,0.9992825255102041,0.02451371173469388,0.008928571428571428,0.0022122130102040817,1,unburned_or_regrowth,-1,not_applicable,png,images/pre/87e3554755a0848a.png,images/post/87e3554755a0848a.png,images/dnbr/87e3554755a0848a.png,geotiff/pre/87e3554755a0848a.tif,geotiff/post/87e3554755a0848a.tif,geotiff/dnbr/87e3554755a0848a.tif
MCD64A1.A2018213.h22v03.061.2021360150322_r1888_c1502,2018-08-15,2018,8,227,MCD64A1.A2018213.h22v03.061.2021360150322,75.36052812795141,52.13124999529811,6,1.5,224,10,43a2a14074e01e39,burn,train,Asia,Kazakhstan,75.36705535780995,52.12708332863182,1,30,grassland,grassland_savanna,temperate,N,temperate_other,S2A_MSIL2A_20180726T060631_R134_T43UET_20201011T200828,S2A_MSIL2A_20180825T060631_R134_T43UET_20201011T064008,2018-07-26T06:06:31.024000Z,2018-08-25T06:06:31.024000Z,2018-07-26,2018-08-25,0.0,-20,10,1.851829,27.086761,1.0,1.0,0.27879151701927185,0.2986920475959778,0.14936767518520355,0.14939722418785095,0.38530248403549194,0.4587011933326721,-0.011449288576841354,0.7692056894302368,1.0,0.8156289859693877,0.5795001594387755,0.1298828125,3,moderate,1,moderate,png,images/pre/43a2a14074e01e39.png,images/post/43a2a14074e01e39.png,images/dnbr/43a2a14074e01e39.png,geotiff/pre/43a2a14074e01e39.tif,geotiff/post/43a2a14074e01e39.tif,geotiff/dnbr/43a2a14074e01e39.tif
MCD64A1.A2018213.h22v03.061.2021360150322_r1888_c1502,2018-08-15,2018,8,227,MCD64A1.A2018213.h22v03.061.2021360150322,75.36052812795141,52.13124999529811,6,1.5,224,10,f1d4014d12057a56,neg,train,Asia,Kazakhstan,75.28414388228005,52.096893806180326,0,30,grassland,grassland_savanna,temperate,N,temperate_other,S2A_MSIL2A_20180703T055641_R091_T43UET_20201011T112307,S2A_MSIL2A_20180914T060631_R134_T43UET_20201009T010213,2018-07-03T05:56:41.024000Z,2018-09-14T06:06:31.024000Z,2018-07-03,2018-09-14,9.83,-43,30,0.783137,0.369156,1.0,1.0,0.00534506980329752,0.000820579007267952,0.03316466137766838,-0.018296346068382263,0.023577049374580383,0.048002876341342926,-0.07679101824760437,0.20403382182121277,1.0,0.013771524234693877,0.0,0.0,1,unburned_or_regrowth,-1,not_applicable,png,images/pre/f1d4014d12057a56.png,images/post/f1d4014d12057a56.png,images/dnbr/f1d4014d12057a56.png,geotiff/pre/f1d4014d12057a56.tif,geotiff/post/f1d4014d12057a56.tif,geotiff/dnbr/f1d4014d12057a56.tif
MCD64A1.A2018213.h23v04.061.2021360165206_r1595_c190,2018-08-27,2018,8,239,MCD64A1.A2018213.h23v04.061.2021360165206,69.85328709285795,43.35208332941721,175,43.75,224,10,d6285b943a2e186f,burn,val,Asia,Kazakhstan,69.85995134523748,43.34791666275092,1,30,grassland,grassland_savanna,temperate,N,temperate_other,S2B_MSIL2A_20180813T061629_R034_T42TWP_20201011T011722,S2B_MSIL2A_20180909T060619_R134_T42TWP_20201008T232036,2018-08-13T06:16:29.024000Z,2018-09-09T06:06:19.024000Z,2018-08-13,2018-09-09,10.17,-14,13,0.060982,0.711999,1.0,1.0,0.22343744337558746,0.23015201091766357,0.18186359107494354,0.030592510476708412,0.3599511682987213,0.4652774930000305,-0.08554068207740784,0.9031405448913574,1.0,0.6711176658163265,0.42861128826530615,0.12577726403061223,2,low,0,low,png,images/pre/d6285b943a2e186f.png,images/post/d6285b943a2e186f.png,images/dnbr/d6285b943a2e186f.png,geotiff/pre/d6285b943a2e186f.tif,geotiff/post/d6285b943a2e186f.tif,geotiff/dnbr/d6285b943a2e186f.tif
MCD64A1.A2018213.h23v04.061.2021360165206_r1595_c190,2018-08-27,2018,8,239,MCD64A1.A2018213.h23v04.061.2021360165206,69.85328709285795,43.35208332941721,175,43.75,224,10,ef56ac2f37edf55f,neg,val,Asia,Kazakhstan,70.01741403369039,43.26995285461478,0,30,grassland,grassland_savanna,temperate,N,temperate_other,S2B_MSIL2A_20180813T061629_R034_T42TWN_20201011T011722,S2A_MSIL2A_20180907T061631_R034_T42TWN_20201011T093519,2018-08-13T06:16:29.024000Z,2018-09-07T06:16:31.024000Z,2018-08-13,2018-09-07,0.03,-14,11,0.044174,0.02422,1.0,1.0,-0.023594003170728683,-0.0249952245503664,0.019798513501882553,-0.03501317277550697,-0.01335347443819046,-0.0002428535372018814,-0.14594782888889313,0.15403780341148376,1.0,0.00031887755102040814,0.0,0.0,1,unburned_or_regrowth,-1,not_applicable,png,images/pre/ef56ac2f37edf55f.png,images/post/ef56ac2f37edf55f.png,images/dnbr/ef56ac2f37edf55f.png,geotiff/pre/ef56ac2f37edf55f.tif,geotiff/post/ef56ac2f37edf55f.tif,geotiff/dnbr/ef56ac2f37edf55f.tif
MCD64A1.A2018182.h21v03.061.2021358231416_r2087_c2324,2018-07-31,2018,7,212,MCD64A1.A2018182.h21v03.061.2021358231416,63.474904545524375,51.302083328705656,36,9.0,224,10,7c5255509d1fe1dd,burn,train,Asia,Kazakhstan,63.503361999835306,51.29374999537306,1,30,grassland,grassland_savanna,temperate,N,temperate_other,S2B_MSIL2A_20180723T064619_R020_T41UNS_20201011T191150,S2A_MSIL2A_20180817T064621_R020_T41UNS_20201011T025310,2018-07-23T06:46:19.024000Z,2018-08-17T06:46:21.024000Z,2018-07-23,2018-08-17,0.03,-8,17,0.172475,0.037923,1.0,1.0,0.22896632552146912,0.2113955318927765,0.08085281401872635,0.17813998460769653,0.2588004469871521,0.3382408916950226,0.011534914374351501,0.6409850716590881,1.0,0.9817243303571429,0.21310985331632654,0.03148915816326531,2,low,0,low,png,images/pre/7c5255509d1fe1dd.png,images/post/7c5255509d1fe1dd.png,images/dnbr/7c5255509d1fe1dd.png,geotiff/pre/7c5255509d1fe1dd.tif,geotiff/post/7c5255509d1fe1dd.tif,geotiff/dnbr/7c5255509d1fe1dd.tif
MCD64A1.A2018182.h21v03.061.2021358231416_r2087_c2324,2018-07-31,2018,7,212,MCD64A1.A2018182.h21v03.061.2021358231416,63.474904545524375,51.302083328705656,36,9.0,224,10,12077541c5bb7827,neg,train,Asia,Kazakhstan,63.379583610055676,51.342843553348196,0,30,grassland,grassland_savanna,temperate,N,temperate_other,S2B_MSIL2A_20180723T064619_R020_T41UNS_20201011T191150,S2A_MSIL2A_20180817T064621_R020_T41UNS_20201011T025310,2018-07-23T06:46:19.024000Z,2018-08-17T06:46:21.024000Z,2018-07-23,2018-08-17,0.03,-8,17,0.172475,0.037923,0.9992028061224489,1.0,0.019798118621110916,0.019653722643852234,0.023633083328604698,0.010231798514723778,0.029284697026014328,0.04069669917225838,-0.5056160092353821,0.30129384994506836,0.9992028061224489,0.0069355867346938774,9.964923469387755e-05,0.0,1,unburned_or_regrowth,-1,not_applicable,png,images/pre/12077541c5bb7827.png,images/post/12077541c5bb7827.png,images/dnbr/12077541c5bb7827.png,geotiff/pre/12077541c5bb7827.tif,geotiff/post/12077541c5bb7827.tif,geotiff/dnbr/12077541c5bb7827.tif
MCD64A1.A2018182.h22v03.061.2021359005926_r2331_c115,2018-07-13,2018,7,194,MCD64A1.A2018182.h22v03.061.2021359005926,63.35454491745333,50.28541666212998,5432,1358.0,224,10,770c0c9c087bc7e9,burn,train,Asia,Kazakhstan,63.13972000382723,50.20208332880411,1,30,grassland,grassland_savanna,temperate,N,temperate_other,S2B_MSIL2A_20180613T064619_R020_T41UNR_20201027T000429,S2B_MSIL2A_20180726T065619_R063_T41UNR_20201011T202059,2018-06-13T06:46:19.024000Z,2018-07-26T06:56:19.024000Z,2018-06-13,2018-07-26,10.0,-30,13,8.916148,0.308962,1.0,1.0,0.17620626091957092,0.17653614282608032,0.06414125114679337,0.1356634646654129,0.20912300050258636,0.25580134987831116,-0.013376250863075256,0.4855961501598358,1.0,0.8913624043367347,0.07407924107142858,0.00015943877551020407,2,low,0,low,png,images/pre/770c0c9c087bc7e9.png,images/post/770c0c9c087bc7e9.png,images/dnbr/770c0c9c087bc7e9.png,geotiff/pre/770c0c9c087bc7e9.tif,geotiff/post/770c0c9c087bc7e9.tif,geotiff/dnbr/770c0c9c087bc7e9.tif
MCD64A1.A2018182.h22v03.061.2021359005926_r2331_c115,2018-07-13,2018,7,194,MCD64A1.A2018182.h22v03.061.2021359005926,63.35454491745333,50.28541666212998,5432,1358.0,224,10,60a3118b1de8526f,neg,train,Asia,Kazakhstan,62.7285785694134,50.301523691081464,0,30,grassland,grassland_savanna,temperate,N,temperate_other,S2B_MSIL2A_20180613T064619_R020_T41UMR_20201027T000423,S2B_MSIL2A_20180723T064619_R020_T41UMR_20201011T191149,2018-06-13T06:46:19.024000Z,2018-07-23T06:46:19.024000Z,2018-06-13,2018-07-23,0.0,-30,10,0.48244,0.108393,1.0,1.0,0.03316190466284752,0.03258900344371796,0.02123373933136463,0.022060709074139595,0.043401286005973816,0.05421122908592224,-0.07766623795032501,0.4324512481689453,1.0,0.007254464285714286,0.00033880739795918367,0.0,1,unburned_or_regrowth,-1,not_applicable,png,images/pre/60a3118b1de8526f.png,images/post/60a3118b1de8526f.png,images/dnbr/60a3118b1de8526f.png,geotiff/pre/60a3118b1de8526f.tif,geotiff/post/60a3118b1de8526f.tif,geotiff/dnbr/60a3118b1de8526f.tif
MCD64A1.A2018182.h21v04.061.2021358232248_r2073_c1133,2018-07-17,2018,7,198,MCD64A1.A2018182.h21v04.061.2021358232248,46.26220085564483,41.360416662928806,62,15.5,224,10,f5dd4e91b474adcf,burn,train,Asia,Georgia,46.245177047576654,41.35208332959621,1,40,cropland,cropland,temperate,N,temperate_other,S2B_MSIL2A_20180701T074609_R135_T38TNL_20201011T105146,S2B_MSIL2A_20180728T073609_R092_T38TNL_20201011T210623,2018-07-01T07:46:09.024000Z,2018-07-28T07:36:09.024000Z,2018-07-01,2018-07-28,10.0,-16,11,0.031884,2.332087,1.0,1.0,0.2212015986442566,0.21552243828773499,0.15969358384609222,0.09678876399993896,0.34112489223480225,0.4113389253616333,-0.22993791103363037,0.8383349180221558,1.0,0.7422273596938775,0.38847257653061223,0.07178730867346939,2,low,0,low,png,images/pre/f5dd4e91b474adcf.png,images/post/f5dd4e91b474adcf.png,images/dnbr/f5dd4e91b474adcf.png,geotiff/pre/f5dd4e91b474adcf.tif,geotiff/post/f5dd4e91b474adcf.tif,geotiff/dnbr/f5dd4e91b474adcf.tif
MCD64A1.A2018182.h21v04.061.2021358232248_r2073_c1133,2018-07-17,2018,7,198,MCD64A1.A2018182.h21v04.061.2021358232248,46.26220085564483,41.360416662928806,62,15.5,224,10,177cf23ea35a5271,neg,train,Asia,Georgia,46.2159120068555,41.26014066722994,0,40,cropland,cropland,temperate,N,temperate_other,S2B_MSIL2A_20180701T074609_R135_T38TNL_20201011T105146,S2B_MSIL2A_20180830T074559_R135_T38TPL_20201103T155933,2018-07-01T07:46:09.024000Z,2018-08-30T07:45:59.024000Z,2018-07-01,2018-08-30,0.17,-16,44,0.031884,0.388433,1.0,1.0,0.029251251369714737,0.038261741399765015,0.04195113107562065,0.013365312479436398,0.05604599043726921,0.07008763402700424,-0.382743775844574,0.16743633151054382,1.0,0.003946109693877551,0.0,0.0,1,unburned_or_regrowth,-1,not_applicable,png,images/pre/177cf23ea35a5271.png,images/post/177cf23ea35a5271.png,images/dnbr/177cf23ea35a5271.png,geotiff/pre/177cf23ea35a5271.tif,geotiff/post/177cf23ea35a5271.tif,geotiff/dnbr/177cf23ea35a5271.tif
MCD64A1.A2018182.h22v04.061.2021359010507_r1194_c2292,2018-07-28,2018,7,209,MCD64A1.A2018182.h22v04.061.2021359010507,70.10527398625729,45.022916662601,65,16.25,224,10,0f40e61050baf1ee,burn,train,Asia,Kazakhstan,70.1178557210106,45.018749995934705,1,30,grassland,grassland_savanna,temperate,N,temperate_other,S2A_MSIL2A_20180706T060631_R134_T42TWQ_20201011T123045,S2B_MSIL2A_20180810T060629_R134_T42TWQ_20201010T235420,2018-07-06T06:06:31.024000Z,2018-08-10T06:06:29.024000Z,2018-07-06,2018-08-10,0.03,-22,13,0.202155,0.328711,1.0,1.0,0.4228351414203644,0.484573096036911,0.27831441164016724,0.12551327049732208,0.6460403800010681,0.7592538595199585,-0.041866302490234375,1.1484941244125366,1.0,0.7656648596938775,0.6651387117346939,0.5462970344387755,3,moderate,1,moderate,png,images/pre/0f40e61050baf1ee.png,images/post/0f40e61050baf1ee.png,images/dnbr/0f40e61050baf1ee.png,geotiff/pre/0f40e61050baf1ee.tif,geotiff/post/0f40e61050baf1ee.tif,geotiff/dnbr/0f40e61050baf1ee.tif
MCD64A1.A2018182.h22v04.061.2021359010507_r1194_c2292,2018-07-28,2018,7,209,MCD64A1.A2018182.h22v04.061.2021359010507,70.10527398625729,45.022916662601,65,16.25,224,10,05348038cf9cbba8,neg,train,Asia,Kazakhstan,70.165416426735,45.04943819454518,0,30,grassland,grassland_savanna,temperate,N,temperate_other,S2A_MSIL2A_20180706T060631_R134_T42TWQ_20201011T123045,S2A_MSIL2A_20180904T060631_R134_T42TWQ_20201011T082202,2018-07-06T06:06:31.024000Z,2018-09-04T06:06:31.024000Z,2018-07-06,2018-09-04,0.0,-22,38,0.202155,0.297396,1.0,1.0,-0.006637458223849535,-0.006358012557029724,0.006075716111809015,-0.010576756671071053,-0.00246390700340271,0.0008950866758823395,-0.03874921053647995,0.02071424573659897,1.0,0.0,0.0,0.0,1,unburned_or_regrowth,-1,not_applicable,png,images/pre/05348038cf9cbba8.png,images/post/05348038cf9cbba8.png,images/dnbr/05348038cf9cbba8.png,geotiff/pre/05348038cf9cbba8.tif,geotiff/post/05348038cf9cbba8.tif,geotiff/dnbr/05348038cf9cbba8.tif
MCD64A1.A2018213.h28v09.061.2021360231600_r8_c2322,2018-08-05,2018,8,217,MCD64A1.A2018213.h28v09.061.2021360231600,109.67710427710038,-0.03541666670846279,6,1.5,224,10,8e2b77c1f179c499,burn,val,Asia,Indonesia,109.67293296959772,-0.03125000004216905,1,10,tree_cover,forest,tropical,S,tropical_moist,S2A_MSIL2A_20180716T024551_R132_T49MCV_20201011T161947,S2A_MSIL2A_20180815T024551_R132_T49MCV_20201011T015549,2018-07-16T02:45:51.024000Z,2018-08-15T02:45:51.024000Z,2018-07-16,2018-08-15,0.0,-20,10,5.333357,0.417792,0.9872448979591837,0.9849330357142857,0.2328162044286728,0.06356781721115112,0.3297755718231201,-0.012174606323242188,0.5373837351799011,0.7805777192115784,-0.5890653729438782,1.3044685125350952,0.9723373724489796,0.43875558035714285,0.33516023596938777,0.2788584183673469,2,low,0,low,png,images/pre/8e2b77c1f179c499.png,images/post/8e2b77c1f179c499.png,images/dnbr/8e2b77c1f179c499.png,geotiff/pre/8e2b77c1f179c499.tif,geotiff/post/8e2b77c1f179c499.tif,geotiff/dnbr/8e2b77c1f179c499.tif
MCD64A1.A2018213.h28v09.061.2021360231600_r8_c2322,2018-08-05,2018,8,217,MCD64A1.A2018213.h28v09.061.2021360231600,109.67710427710038,-0.03541666670846279,6,1.5,224,10,41504ea7898d055d,neg,val,Asia,Indonesia,109.76235809145814,-0.03043136840816559,0,10,tree_cover,forest,tropical,S,tropical_moist,S2A_MSIL2A_20180716T024551_R132_T49MCV_20201011T161947,S2B_MSIL2A_20180830T024539_R132_T49MCV_20201103T153032,2018-07-16T02:45:51.024000Z,2018-08-30T02:45:39.024000Z,2018-07-16,2018-08-30,0.2,-20,25,5.333357,0.293685,0.9791533801020408,1.0,-0.02313443459570408,-0.011330395936965942,0.07164124399423599,-0.053784631192684174,0.007284916937351227,0.03955468535423279,-0.5717371106147766,0.6346815824508667,0.9791533801020408,0.029336734693877552,0.0016940369897959183,0.0008569834183673469,1,unburned_or_regrowth,-1,not_applicable,png,images/pre/41504ea7898d055d.png,images/post/41504ea7898d055d.png,images/dnbr/41504ea7898d055d.png,geotiff/pre/41504ea7898d055d.tif,geotiff/post/41504ea7898d055d.tif,geotiff/dnbr/41504ea7898d055d.tif
MCD64A1.A2018213.h21v05.061.2021360133955_r1323_c2148,2018-08-15,2018,8,227,MCD64A1.A2018213.h21v05.061.2021360133955,47.256442478941096,34.485416663544136,69,17.25,224,10,8d3947fd536bae10,burn,train,Asia,Iran,47.261497454870806,34.485416663544136,1,40,cropland,cropland,subtropical,N,subtropical,S2A_MSIL2A_20180723T073611_R092_T38SQD_20201011T190022,S2A_MSIL2A_20180822T073611_R092_T38SPD_20201011T051645,2018-07-23T07:36:11.024000Z,2018-08-22T07:36:11.024000Z,2018-07-23,2018-08-22,0.0,-23,7,0.024534,0.008348,1.0,1.0,0.2059393674135208,0.20676735043525696,0.12284782528877258,0.13087275624275208,0.2780509889125824,0.35403603315353394,-0.04823475331068039,0.7809555530548096,1.0,0.8164461096938775,0.2740951849489796,0.03744818239795918,2,low,0,low,png,images/pre/8d3947fd536bae10.png,images/post/8d3947fd536bae10.png,images/dnbr/8d3947fd536bae10.png,geotiff/pre/8d3947fd536bae10.tif,geotiff/post/8d3947fd536bae10.tif,geotiff/dnbr/8d3947fd536bae10.tif
MCD64A1.A2018213.h21v05.061.2021360133955_r1323_c2148,2018-08-15,2018,8,227,MCD64A1.A2018213.h21v05.061.2021360133955,47.256442478941096,34.485416663544136,69,17.25,224,10,b6afeebbf39b38ff,neg,train,Asia,Iran,47.13826608355341,34.48645461723854,0,30,grassland,grassland_savanna,subtropical,N,subtropical,S2B_MSIL2A_20180708T073609_R092_T38SPD_20201011T132926,S2A_MSIL2A_20180921T073611_R092_T38SPD_20201009T032005,2018-07-08T07:36:09.024000Z,2018-09-21T07:36:11.024000Z,2018-07-08,2018-09-21,0.03,-38,37,0.006944,0.003374,1.0,1.0,-0.007684256415814161,-0.013991029933094978,0.03427886590361595,-0.02717769891023636,0.0022582095116376877,0.027915194630622864,-0.34280118346214294,0.4160008728504181,1.0,0.020348373724489797,7.971938775510203e-05,0.0,1,unburned_or_regrowth,-1,not_applicable,png,images/pre/b6afeebbf39b38ff.png,images/post/b6afeebbf39b38ff.png,images/dnbr/b6afeebbf39b38ff.png,geotiff/pre/b6afeebbf39b38ff.tif,geotiff/post/b6afeebbf39b38ff.tif,geotiff/dnbr/b6afeebbf39b38ff.tif
MCD64A1.A2018182.h21v05.061.2021358233328_r1225_c1814,2018-07-15,2018,7,196,MCD64A1.A2018182.h21v05.061.2021358233328,45.79341943522507,34.893749996840924,278,69.5,224,10,c402d7f71cf9b0a4,burn,train,Asia,Iraq,45.79240721251098,34.86458333017686,1,30,grassland,grassland_savanna,subtropical,N,subtropical,S2B_MSIL2A_20180628T073609_R092_T38SND_20201012T033027,S2A_MSIL2A_20180802T073611_R092_T38SND_20201020T020348,2018-06-28T07:36:09.024000Z,2018-08-02T07:36:11.024000Z,2018-06-28,2018-08-02,0.03,-17,18,0.03078,0.036676,1.0,1.0,0.20870134234428406,0.21456298232078552,0.09644528478384018,0.162538081407547,0.2654527425765991,0.3168436884880066,-0.07015392929315567,0.5858643054962158,1.0,0.8808992346938775,0.2322624362244898,0.01207748724489796,2,low,0,low,png,images/pre/c402d7f71cf9b0a4.png,images/post/c402d7f71cf9b0a4.png,images/dnbr/c402d7f71cf9b0a4.png,geotiff/pre/c402d7f71cf9b0a4.tif,geotiff/post/c402d7f71cf9b0a4.tif,geotiff/dnbr/c402d7f71cf9b0a4.tif
MCD64A1.A2018182.h21v05.061.2021358233328_r1225_c1814,2018-07-15,2018,7,196,MCD64A1.A2018182.h21v05.061.2021358233328,45.79341943522507,34.893749996840924,278,69.5,224,10,c17fa5f59ad0b00c,neg,train,Asia,Iraq,45.794134005798554,35.042148906851814,0,30,grassland,grassland_savanna,temperate,N,temperate_other,S2B_MSIL2A_20180628T073609_R092_T38SND_20201012T033027,S2B_MSIL2A_20180817T073609_R092_T38SND_20201011T030838,2018-06-28T07:36:09.024000Z,2018-08-17T07:36:09.024000Z,2018-06-28,2018-08-17,0.0,-17,33,0.03078,0.01925,1.0,1.0,-0.0010001403279602528,-0.0017063617706298828,0.019109809771180153,-0.013622252270579338,0.010887276381254196,0.023175615817308426,-0.08110278844833374,0.11915360391139984,1.0,9.964923469387755e-05,0.0,0.0,1,unburned_or_regrowth,-1,not_applicable,png,images/pre/c17fa5f59ad0b00c.png,images/post/c17fa5f59ad0b00c.png,images/dnbr/c17fa5f59ad0b00c.png,geotiff/pre/c17fa5f59ad0b00c.tif,geotiff/post/c17fa5f59ad0b00c.tif,geotiff/dnbr/c17fa5f59ad0b00c.tif
MCD64A1.A2018213.h23v04.061.2021360165206_r522_c1147,2018-08-04,2018,8,216,MCD64A1.A2018213.h23v04.061.2021360165206,81.5896226741499,47.822916662350394,190,47.5,224,10,e8c215f7e5e402a9,burn,test,Asia,Kazakhstan,81.58410321264425,47.83124999568298,1,30,grassland,grassland_savanna,temperate,N,temperate_other,S2B_MSIL2A_20180709T052649_R105_T44UNU_20201011T135106,S2B_MSIL2A_20180818T052639_R105_T44TNT_20201011T033647,2018-07-09T05:26:49.024000Z,2018-08-18T05:26:39.024000Z,2018-07-09,2018-08-18,0.17,-26,14,0.054379,0.004505,0.9999202806122449,1.0,0.24892032146453857,0.23470965027809143,0.12953990697860718,0.16881290078163147,0.31608378887176514,0.4111686646938324,-0.014854848384857178,0.8772293329238892,0.9999202806122449,0.8847257653061225,0.3721500318877551,0.07728794642857142,2,low,0,low,png,images/pre/e8c215f7e5e402a9.png,images/post/e8c215f7e5e402a9.png,images/dnbr/e8c215f7e5e402a9.png,geotiff/pre/e8c215f7e5e402a9.tif,geotiff/post/e8c215f7e5e402a9.tif,geotiff/dnbr/e8c215f7e5e402a9.tif
MCD64A1.A2018213.h23v04.061.2021360165206_r522_c1147,2018-08-04,2018,8,216,MCD64A1.A2018213.h23v04.061.2021360165206,81.5896226741499,47.822916662350394,190,47.5,224,10,3cd3592c91ea852f,neg,test,Asia,Kazakhstan,81.63967653933732,47.91530172284737,0,30,grassland,grassland_savanna,temperate,N,temperate_other,S2B_MSIL2A_20180709T052649_R105_T44UNU_20201011T135106,S2B_MSIL2A_20180818T052639_R105_T44UNU_20201011T033646,2018-07-09T05:26:49.024000Z,2018-08-18T05:26:39.024000Z,2018-07-09,2018-08-18,0.17,-26,14,0.054379,0.00579,1.0,1.0,0.02075466327369213,0.017224658280611038,0.031493786722421646,-0.0004757553688250482,0.03862190991640091,0.06098555028438568,-0.13123300671577454,0.2070409506559372,1.0,0.018176020408163265,0.0,0.0,1,unburned_or_regrowth,-1,not_applicable,png,images/pre/3cd3592c91ea852f.png,images/post/3cd3592c91ea852f.png,images/dnbr/3cd3592c91ea852f.png,geotiff/pre/3cd3592c91ea852f.tif,geotiff/post/3cd3592c91ea852f.tif,geotiff/dnbr/3cd3592c91ea852f.tif
MCD64A1.A2018213.h23v04.061.2021360165206_r554_c935,2018-08-05,2018,8,217,MCD64A1.A2018213.h23v04.061.2021360165206,80.06857190233782,47.68958332902899,2441,610.25,224,10,1c37835a1607485d,burn,train,Asia,Kazakhstan,80.12620154352076,47.72708332902563,1,30,grassland,grassland_savanna,temperate,N,temperate_other,S2A_MSIL2A_20180727T053641_R005_T44TMT_20201011T203054,S2A_MSIL2A_20180816T053641_R005_T44TMT_20201011T022426,2018-07-27T05:36:41.024000Z,2018-08-16T05:36:41.024000Z,2018-07-27,2018-08-16,0.0,-9,11,0.834204,11.16333,0.9914700255102041,0.9575095663265306,0.1604067087173462,0.14981921017169952,0.10074610263109207,0.09647069871425629,0.20091953873634338,0.2888226807117462,-0.33085039258003235,0.7520798444747925,0.9496173469387755,0.6975845025510204,0.115234375,0.01833545918367347,2,low,0,low,png,images/pre/1c37835a1607485d.png,images/post/1c37835a1607485d.png,images/dnbr/1c37835a1607485d.png,geotiff/pre/1c37835a1607485d.tif,geotiff/post/1c37835a1607485d.tif,geotiff/dnbr/1c37835a1607485d.tif
MCD64A1.A2018213.h23v04.061.2021360165206_r554_c935,2018-08-05,2018,8,217,MCD64A1.A2018213.h23v04.061.2021360165206,80.06857190233782,47.68958332902899,2441,610.25,224,10,8681592f8a500525,neg,train,Asia,Kazakhstan,80.61423403386601,47.66926530174493,0,30,grassland,grassland_savanna,temperate,N,temperate_other,S2A_MSIL2A_20180727T053641_R005_T44TMT_20201011T203054,S2A_MSIL2A_20180905T053641_R005_T44TMT_20201103T210722,2018-07-27T05:36:41.024000Z,2018-09-05T05:36:41.024000Z,2018-07-27,2018-09-05,0.0,-9,31,0.834204,1.865392,1.0,1.0,0.004371716175228357,-0.0035948660224676132,0.030472246930003166,-0.015170864760875702,0.014626123011112213,0.04034209996461868,-0.06247461214661598,0.21141639351844788,1.0,0.01988998724489796,0.0,0.0,1,unburned_or_regrowth,-1,not_applicable,png,images/pre/8681592f8a500525.png,images/post/8681592f8a500525.png,images/dnbr/8681592f8a500525.png,geotiff/pre/8681592f8a500525.tif,geotiff/post/8681592f8a500525.tif,geotiff/dnbr/8681592f8a500525.tif
MCD64A1.A2018182.h22v03.061.2021359005926_r2330_c118,2018-07-13,2018,7,194,MCD64A1.A2018182.h22v03.061.2021359005926,63.37965682577529,50.289583328796276,5631,1407.75,224,10,9519af4d07496e55,burn,train,Asia,Kazakhstan,63.468618531352234,50.35624999545698,1,30,grassland,grassland_savanna,temperate,N,temperate_other,S2B_MSIL2A_20180613T064619_R020_T41UNR_20201027T000429,S2B_MSIL2A_20180726T065619_R063_T41UNR_20201011T202059,2018-06-13T06:46:19.024000Z,2018-07-26T06:56:19.024000Z,2018-06-13,2018-07-26,10.0,-30,13,8.916148,0.308962,0.9777582908163265,1.0,0.33539944887161255,0.3137434720993042,0.14016351103782654,0.23484930396080017,0.39013582468032837,0.5285816192626953,0.08765453845262527,0.9991334676742554,0.9777582908163265,0.9772600446428571,0.6336694834183674,0.17071906887755103,3,moderate,1,moderate,png,images/pre/9519af4d07496e55.png,images/post/9519af4d07496e55.png,images/dnbr/9519af4d07496e55.png,geotiff/pre/9519af4d07496e55.tif,geotiff/post/9519af4d07496e55.tif,geotiff/dnbr/9519af4d07496e55.tif
MCD64A1.A2018182.h22v03.061.2021359005926_r2330_c118,2018-07-13,2018,7,194,MCD64A1.A2018182.h22v03.061.2021359005926,63.37965682577529,50.289583328796276,5631,1407.75,224,10,87d508957b4eb419,neg,train,Asia,Kazakhstan,62.864633133894436,50.3186048200182,0,30,grassland,grassland_savanna,temperate,N,temperate_other,S2B_MSIL2A_20180613T064619_R020_T41UMR_20201027T000423,S2B_MSIL2A_20180723T064619_R020_T41UMR_20201011T191149,2018-06-13T06:46:19.024000Z,2018-07-23T06:46:19.024000Z,2018-06-13,2018-07-23,0.0,-30,10,0.48244,0.108393,1.0,1.0,0.01954811066389084,0.018414583057165146,0.011456973850727081,0.012113461270928383,0.025357458740472794,0.033404912799596786,-0.09815366566181183,0.08673390001058578,1.0,0.0,0.0,0.0,1,unburned_or_regrowth,-1,not_applicable,png,images/pre/87d508957b4eb419.png,images/post/87d508957b4eb419.png,images/dnbr/87d508957b4eb419.png,geotiff/pre/87d508957b4eb419.tif,geotiff/post/87d508957b4eb419.tif,geotiff/dnbr/87d508957b4eb419.tif
MCD64A1.A2018182.h22v03.061.2021359005926_r2332_c116,2018-07-13,2018,7,194,MCD64A1.A2018182.h22v03.061.2021359005926,63.35551936252233,50.28124999546369,5572,1393.0,224,10,dd71105efbfadd6d,burn,train,Asia,Kazakhstan,63.17127274222956,50.20624999547041,1,30,grassland,grassland_savanna,temperate,N,temperate_other,S2B_MSIL2A_20180613T064619_R020_T41UNR_20201027T000429,S2B_MSIL2A_20180726T065619_R063_T41UNR_20201011T202059,2018-06-13T06:46:19.024000Z,2018-07-26T06:56:19.024000Z,2018-06-13,2018-07-26,10.0,-30,13,8.916148,0.308962,1.0,1.0,0.19645936787128448,0.1848875880241394,0.063607357442379,0.1613588035106659,0.21217146515846252,0.2700868546962738,0.06860515475273132,0.887092113494873,1.0,0.9964923469387755,0.10004783163265306,0.006277901785714286,2,low,0,low,png,images/pre/dd71105efbfadd6d.png,images/post/dd71105efbfadd6d.png,images/dnbr/dd71105efbfadd6d.png,geotiff/pre/dd71105efbfadd6d.tif,geotiff/post/dd71105efbfadd6d.tif,geotiff/dnbr/dd71105efbfadd6d.tif
MCD64A1.A2018182.h22v03.061.2021359005926_r2332_c116,2018-07-13,2018,7,194,MCD64A1.A2018182.h22v03.061.2021359005926,63.35551936252233,50.28124999546369,5572,1393.0,224,10,d94c606d2d291f12,neg,train,Asia,Kazakhstan,62.971081239335376,50.40334464064419,0,30,grassland,grassland_savanna,temperate,N,temperate_other,S2B_MSIL2A_20180613T064619_R020_T41UMR_20201027T000423,S2B_MSIL2A_20180723T064619_R020_T41UMR_20201011T191149,2018-06-13T06:46:19.024000Z,2018-07-23T06:46:19.024000Z,2018-06-13,2018-07-23,0.0,-30,10,0.48244,0.108393,0.9998405612244898,0.9999202806122449,0.017669381573796272,0.014793261885643005,0.023000100627541542,0.005176212638616562,0.025705335661768913,0.03814094141125679,-0.12006600201129913,0.25116851925849915,0.9997608418367347,0.013173628826530613,0.0,0.0,1,unburned_or_regrowth,-1,not_applicable,png,images/pre/d94c606d2d291f12.png,images/post/d94c606d2d291f12.png,images/dnbr/d94c606d2d291f12.png,geotiff/pre/d94c606d2d291f12.tif,geotiff/post/d94c606d2d291f12.tif,geotiff/dnbr/d94c606d2d291f12.tif
MCD64A1.A2018182.h21v03.061.2021358231416_r2155_c1461,2018-07-25,2018,7,206,MCD64A1.A2018182.h21v03.061.2021358231416,57.37010299016654,51.018749995397684,169,42.25,224,10,9514292618273247,burn,train,Asia,Kazakhstan,57.37525913336711,51.02291666206398,1,30,grassland,grassland_savanna,temperate,N,temperate_other,S2B_MSIL2A_20180719T070619_R106_T40UEB_20201011T173928,S2A_MSIL2A_20180806T071621_R006_T40UEB_20201010T215037,2018-07-19T07:06:19.024000Z,2018-08-06T07:16:21.024000Z,2018-07-19,2018-08-06,10.03,-6,12,0.241664,2.720894,0.9643654336734694,1.0,0.322038471698761,0.30855792760849,0.18036063015460968,0.227596253156662,0.4118558168411255,0.5395544171333313,-0.04393376410007477,1.017101764678955,0.9643654336734694,0.8570432079081632,0.5891860650510204,0.1960499043367347,3,moderate,1,moderate,png,images/pre/9514292618273247.png,images/post/9514292618273247.png,images/dnbr/9514292618273247.png,geotiff/pre/9514292618273247.tif,geotiff/post/9514292618273247.tif,geotiff/dnbr/9514292618273247.tif
MCD64A1.A2018182.h21v03.061.2021358231416_r2155_c1461,2018-07-25,2018,7,206,MCD64A1.A2018182.h21v03.061.2021358231416,57.37010299016654,51.018749995397684,169,42.25,224,10,4c53dd127b579d8f,neg,train,Asia,Kazakhstan,57.38804301165406,51.11160264694717,0,30,grassland,grassland_savanna,temperate,N,temperate_other,S2B_MSIL2A_20180719T070619_R106_T40UEB_20201011T173928,S2A_MSIL2A_20180905T071611_R006_T40UEB_20201011T084937,2018-07-19T07:06:19.024000Z,2018-09-05T07:16:11.024000Z,2018-07-19,2018-09-05,9.87,-6,42,0.241664,1.007296,1.0,1.0,0.0056060380302369595,-0.0009095817804336548,0.02983235754072666,-0.015629643574357033,0.021747980266809464,0.04497051239013672,-0.06689579784870148,0.21002081036567688,1.0,0.010582748724489796,0.0,0.0,1,unburned_or_regrowth,-1,not_applicable,png,images/pre/4c53dd127b579d8f.png,images/post/4c53dd127b579d8f.png,images/dnbr/4c53dd127b579d8f.png,geotiff/pre/4c53dd127b579d8f.tif,geotiff/post/4c53dd127b579d8f.tif,geotiff/dnbr/4c53dd127b579d8f.tif
MCD64A1.A2018213.h21v05.061.2021360133955_r126_c1517,2018-08-17,2018,8,229,MCD64A1.A2018213.h21v05.061.2021360133955,47.05497140051033,39.472916663097735,57,14.25,224,10,87128dda466dbae1,burn,train,Asia,Azerbaijan,47.063187886027194,39.47708332976403,1,20,shrubland,shrubland_chaparral,temperate,N,temperate_other,S2A_MSIL2A_20180802T073611_R092_T38SPJ_20201020T023012,S2B_MSIL2A_20180827T073719_R092_T38SPJ_20201027T051618,2018-08-02T07:36:11.024000Z,2018-08-27T07:37:19.024000Z,2018-08-02,2018-08-27,1.13,-15,10,2.451473,0.018537,1.0,1.0,0.2939959466457367,0.3282129764556885,0.17501498758792877,0.10458426922559738,0.4415818750858307,0.5075782537460327,-0.08768174052238464,0.7156918048858643,1.0,0.7558992346938775,0.5851403061224489,0.25468351403061223,3,moderate,1,moderate,png,images/pre/87128dda466dbae1.png,images/post/87128dda466dbae1.png,images/dnbr/87128dda466dbae1.png,geotiff/pre/87128dda466dbae1.tif,geotiff/post/87128dda466dbae1.tif,geotiff/dnbr/87128dda466dbae1.tif
MCD64A1.A2018213.h21v05.061.2021360133955_r126_c1517,2018-08-17,2018,8,229,MCD64A1.A2018213.h21v05.061.2021360133955,47.05497140051033,39.472916663097735,57,14.25,224,10,61ed955fe630ce58,neg,train,Asia,Azerbaijan,47.16344716866308,39.438682524691664,0,20,shrubland,shrubland_chaparral,temperate,N,temperate_other,S2A_MSIL2A_20180703T073611_R092_T38SPJ_20201011T112431,S2B_MSIL2A_20180827T073719_R092_T38SPJ_20201027T051618,2018-07-03T07:36:11.024000Z,2018-08-27T07:37:19.024000Z,2018-07-03,2018-08-27,1.13,-45,10,0.038918,0.018537,1.0,1.0,0.0028249311726540327,-0.0005269739776849747,0.028960801661014557,-0.011347992345690727,0.010702509433031082,0.020578978583216667,-0.09133675694465637,0.2503161132335663,1.0,0.0235172193877551,0.0,0.0,1,unburned_or_regrowth,-1,not_applicable,png,images/pre/61ed955fe630ce58.png,images/post/61ed955fe630ce58.png,images/dnbr/61ed955fe630ce58.png,geotiff/pre/61ed955fe630ce58.tif,geotiff/post/61ed955fe630ce58.tif,geotiff/dnbr/61ed955fe630ce58.tif
MCD64A1.A2018213.h21v05.061.2021360133955_r605_c1076,2018-08-04,2018,8,216,MCD64A1.A2018213.h21v05.061.2021360133955,43.45458327206421,37.47708332994304,3,0.75,224,10,799aa2b1e44a5d2f,burn,train,Asia,Turkey,43.45700634951392,37.481249996609336,1,30,grassland,grassland_savanna,temperate,N,temperate_other,S2B_MSIL2A_20180711T074609_R135_T38SLG_20201011T143956,S2B_MSIL2A_20180810T074609_R135_T38SLG_20201010T235557,2018-07-11T07:46:09.024000Z,2018-08-10T07:46:09.024000Z,2018-07-11,2018-08-10,0.0,-24,6,0.140567,0.036705,1.0,1.0,0.1625066101551056,0.05226616561412811,0.19882738590240479,0.013722486793994904,0.32294318079948425,0.47267013788223267,-0.09315992891788483,0.9179501533508301,1.0,0.40547273596938777,0.29356664540816324,0.1278499681122449,2,low,0,low,png,images/pre/799aa2b1e44a5d2f.png,images/post/799aa2b1e44a5d2f.png,images/dnbr/799aa2b1e44a5d2f.png,geotiff/pre/799aa2b1e44a5d2f.tif,geotiff/post/799aa2b1e44a5d2f.tif,geotiff/dnbr/799aa2b1e44a5d2f.tif
MCD64A1.A2018213.h21v05.061.2021360133955_r605_c1076,2018-08-04,2018,8,216,MCD64A1.A2018213.h21v05.061.2021360133955,43.45458327206421,37.47708332994304,3,0.75,224,10,a9e330c5b5e689b3,neg,train,Asia,Turkey,43.553817855404475,37.48510127812339,0,30,grassland,grassland_savanna,temperate,N,temperate_other,S2B_MSIL2A_20180711T074609_R135_T38SLG_20201011T143956,S2B_MSIL2A_20180830T074559_R135_T38SLG_20201103T155846,2018-07-11T07:46:09.024000Z,2018-08-30T07:45:59.024000Z,2018-07-11,2018-08-30,0.17,-24,26,0.140567,0.01508,1.0,1.0,-0.0011325099039822817,-0.0017102211713790894,0.04029224067926407,-0.01874222420156002,0.015494422987103462,0.03741014003753662,-0.3129473030567169,0.40901684761047363,1.0,0.017139668367346938,0.0005580357142857143,0.0,1,unburned_or_regrowth,-1,not_applicable,png,images/pre/a9e330c5b5e689b3.png,images/post/a9e330c5b5e689b3.png,images/dnbr/a9e330c5b5e689b3.png,geotiff/pre/a9e330c5b5e689b3.tif,geotiff/post/a9e330c5b5e689b3.tif,geotiff/dnbr/a9e330c5b5e689b3.tif
MCD64A1.A2018182.h21v05.061.2021358233328_r111_c1535,2018-07-31,2018,7,212,MCD64A1.A2018182.h21v05.061.2021358233328,47.194556180545376,39.53541666309216,17,4.25,224,10,8b95048b0c70e2e2,burn,train,Asia,Azerbaijan,47.20846069659599,39.54791666309104,1,20,shrubland,shrubland_chaparral,temperate,N,temperate_other,S2A_MSIL2A_20180703T073611_R092_T38SPJ_20201011T112431,S2B_MSIL2A_20180817T073609_R092_T38SPJ_20201011T030834,2018-07-03T07:36:11.024000Z,2018-08-17T07:36:09.024000Z,2018-07-03,2018-08-17,0.03,-28,17,0.038918,0.240603,1.0,1.0,0.198714017868042,0.2071889340877533,0.0915687158703804,0.1423325389623642,0.26014095544815063,0.2996333837509155,-0.09699496626853943,0.6982659101486206,1.0,0.8516820790816326,0.2082469706632653,0.009127869897959183,2,low,0,low,png,images/pre/8b95048b0c70e2e2.png,images/post/8b95048b0c70e2e2.png,images/dnbr/8b95048b0c70e2e2.png,geotiff/pre/8b95048b0c70e2e2.tif,geotiff/post/8b95048b0c70e2e2.tif,geotiff/dnbr/8b95048b0c70e2e2.tif
MCD64A1.A2018182.h21v05.061.2021358233328_r111_c1535,2018-07-31,2018,7,212,MCD64A1.A2018182.h21v05.061.2021358233328,47.194556180545376,39.53541666309216,17,4.25,224,10,51237ba3f02990ee,neg,train,Asia,Azerbaijan,47.240692982925744,39.52336799135057,0,20,shrubland,shrubland_chaparral,temperate,N,temperate_other,S2A_MSIL2A_20180703T073611_R092_T38SPJ_20201011T112431,S2B_MSIL2A_20180827T073719_R092_T38SPJ_20201027T051618,2018-07-03T07:36:11.024000Z,2018-08-27T07:37:19.024000Z,2018-07-03,2018-08-27,1.13,-28,27,0.038918,0.018537,1.0,1.0,-0.03634403273463249,-0.030640900135040283,0.04461828991770744,-0.05029110610485077,-0.012706908397376537,0.0021101702004671097,-0.4938223659992218,0.5754151344299316,1.0,0.0023716517857142855,0.0012356505102040817,0.0005381058673469387,1,unburned_or_regrowth,-1,not_applicable,png,images/pre/51237ba3f02990ee.png,images/post/51237ba3f02990ee.png,images/dnbr/51237ba3f02990ee.png,geotiff/pre/51237ba3f02990ee.tif,geotiff/post/51237ba3f02990ee.tif,geotiff/dnbr/51237ba3f02990ee.tif
MCD64A1.A2018182.h20v05.061.2021358215042_r861_c2194,2018-07-16,2018,7,197,MCD64A1.A2018182.h20v05.061.2021358215042,36.21304757993383,36.41041666337185,9,2.25,224,10,2b98d32389f9006d,burn,train,Asia,Turkey,36.21110546656149,36.406249996705554,1,30,grassland,grassland_savanna,temperate,N,temperate_other,S2A_MSIL2A_20180705T081601_R121_T37SBA_20201011T120939,S2A_MSIL2A_20180725T081601_R121_T37SBA_20201011T194707,2018-07-05T08:16:01.024000Z,2018-07-25T08:16:01.024000Z,2018-07-05,2018-07-25,0.0,-11,9,4.808226,3.894386,0.9992028061224489,0.9992028061224489,0.21570876240730286,0.06427252292633057,0.26379162073135376,0.030130509287118912,0.41639626026153564,0.6590741872787476,-0.4286424517631531,0.9838926792144775,0.9988839285714286,0.39839764030612246,0.32485650510204084,0.23580994897959184,2,low,0,low,png,images/pre/2b98d32389f9006d.png,images/post/2b98d32389f9006d.png,images/dnbr/2b98d32389f9006d.png,geotiff/pre/2b98d32389f9006d.tif,geotiff/post/2b98d32389f9006d.tif,geotiff/dnbr/2b98d32389f9006d.tif
MCD64A1.A2018182.h20v05.061.2021358215042_r861_c2194,2018-07-16,2018,7,197,MCD64A1.A2018182.h20v05.061.2021358215042,36.21304757993383,36.41041666337185,9,2.25,224,10,62c405b150e502a9,neg,train,Asia,Turkey,36.283406258449155,36.472387275811684,0,40,cropland,cropland,temperate,N,temperate_other,S2A_MSIL2A_20180705T081601_R121_T37SBA_20201011T120939,S2B_MSIL2A_20180809T081559_R121_T37SBA_20201027T031845,2018-07-05T08:16:01.024000Z,2018-08-09T08:15:59.024000Z,2018-07-05,2018-08-09,0.03,-11,24,4.808226,0.53422,0.9971301020408163,0.9980070153061225,0.025438060984015465,0.025968443602323532,0.02569771744310856,0.010337794199585915,0.03993797302246094,0.05452585592865944,-0.09924440085887909,0.1940748244524002,0.9966517857142857,0.008629623724489796,0.0,0.0,1,unburned_or_regrowth,-1,not_applicable,png,images/pre/62c405b150e502a9.png,images/post/62c405b150e502a9.png,images/dnbr/62c405b150e502a9.png,geotiff/pre/62c405b150e502a9.tif,geotiff/post/62c405b150e502a9.tif,geotiff/dnbr/62c405b150e502a9.tif
